1.000000000 0.000000000 0.000000000 0.000000000 0.000000000 1.000000000 0.000000000 0.000000000 0.000000000 0.000000000 1.000000000 0.000000000
0.999991536 -0.002356232 -0.003378429 -0.003953317 0.002348623 0.999994695 -0.002254475 -0.003411037 0.003383723 0.002246521 0.999991775 0.666553199
0.999972045 -0.001046179 -0.007399912 -0.015641833 0.001020014 0.999993205 -0.003538746 -0.010877783 0.007403564 0.003531099 0.999966383 1.356092215
0.999932468 -0.001781292 -0.011482397 -0.022829244 0.001723566 0.999985814 -0.005035310 -0.009750663 0.011491204 0.005015179 0.999921381 2.073522091
0.999865174 -0.000380924 -0.016415827 -0.039728768 0.000285527 0.999983072 -0.005813258 -0.011276630 0.016417764 0.005807787 0.999848366 2.803079844
0.999787033 -0.001070375 -0.020609902 -0.061622038 0.000947029 0.999981582 -0.005993663 -0.021461980 0.020615939 0.005972868 0.999769628 3.541030169
0.999684572 0.000408897 -0.025110824 -0.086055763 -0.000594780 0.999972463 -0.007395473 -0.026034452 0.025107108 0.007408076 0.999657333 4.298948288
0.999545395 0.002987001 -0.030001577 -0.118215196 -0.003232947 0.999961555 -0.008152586 -0.031660728 0.029976072 0.008245873 0.999516606 5.066141129
0.999397159 0.003340834 -0.034557261 -0.148829401 -0.003559524 0.999974012 -0.006268759 -0.044559535 0.034535423 0.006387987 0.999383032 5.865499496
0.999234736 0.002638329 -0.039025277 -0.183495924 -0.002782090 0.999989569 -0.003629943 -0.050499845 0.039015289 0.003735737 0.999231637 6.664050579
0.999111891 0.002167845 -0.042079829 -0.229039058 -0.002195466 0.999997377 -0.000610191 -0.063795529 0.042078398 0.000702034 0.999114037 7.473265648
0.998986423 0.003631933 -0.044865668 -0.267769784 -0.003720008 0.999991298 -0.001879755 -0.067520693 0.044858452 0.002044750 0.998991251 8.286514282
0.998892963 0.003231129 -0.046930041 -0.314490557 -0.003330455 0.999992371 -0.002038427 -0.074176997 0.046923097 0.002192469 0.998896122 9.103694916
0.998806000 0.000795700 -0.048846461 -0.355612874 -0.000933188 0.999995649 -0.002791946 -0.079476185 0.048844028 0.002834196 0.998802423 9.934355736
0.998698115 0.000183577 -0.051010631 -0.393625528 -0.000284091 0.999998033 -0.001963213 -0.086181797 0.051010169 0.001975149 0.998696208 10.782222748
0.998619318 -0.001209220 -0.052516155 -0.439769477 0.001082708 0.999996424 -0.002437392 -0.092729479 0.052518915 0.002377167 0.998617113 11.628511429
0.998527586 0.001185606 -0.054233104 -0.495699972 -0.001433983 0.999988675 -0.004541126 -0.104963571 0.054227106 0.004612209 0.998517990 12.485818863
0.998445988 0.001308832 -0.055712592 -0.545072138 -0.001710078 0.999972939 -0.007154997 -0.116390713 0.055701721 0.007239151 0.998421192 13.353775978
0.998335958 0.005179659 -0.057432588 -0.606100142 -0.005693538 0.999945164 -0.008787507 -0.128459364 0.057383925 0.009099879 0.998310685 14.224918365
0.998264015 0.006506402 -0.058537666 -0.662308216 -0.007021738 0.999938369 -0.008602123 -0.139827147 0.058478087 0.008998225 0.998248160 15.118108749
0.998189688 0.005673654 -0.059875894 -0.715339541 -0.006094218 0.999958038 -0.006843651 -0.156970859 0.059834551 0.007196159 0.998182356 16.004850388
0.998129010 0.006383604 -0.060808826 -0.780986726 -0.006739013 0.999961376 -0.005641392 -0.166575596 0.060770463 0.006040629 0.998133481 16.897104263
0.998047709 0.005880862 -0.062178679 -0.835181415 -0.006236442 0.999965310 -0.005526149 -0.181566611 0.062144022 0.005903134 0.998049736 17.806289673
0.997939050 0.005880186 -0.063899145 -0.893447638 -0.006301950 0.999959648 -0.006400921 -0.193260700 0.063858926 0.006790418 0.997935832 18.714380264
0.997890294 0.004417165 -0.064772524 -0.956731379 -0.004878810 0.999963820 -0.006970732 -0.208523571 0.064739391 0.007272038 0.997875690 19.625133514
0.997844696 0.004182520 -0.065486833 -1.012264013 -0.004533776 0.999976099 -0.005216068 -0.222149849 0.065463454 0.005501729 0.997839808 20.541770935
0.997832954 0.005704559 -0.065550551 -1.077957869 -0.005854416 0.999980688 -0.002094256 -0.229812011 0.065537333 0.002473477 0.997847080 21.472661972
0.997897446 0.006788696 -0.064455777 -1.143500090 -0.006700017 0.999976277 0.001591875 -0.239128754 0.064465053 -0.001156673 0.997919321 22.403455734
0.997988522 0.005897822 -0.063120298 -1.201440811 -0.005619343 0.999973655 0.004588504 -0.249106973 0.063145705 -0.004224580 0.997995377 23.338951111
0.998090446 0.005470164 -0.061526693 -1.263622284 -0.005128692 0.999970555 0.005706537 -0.259572089 0.061556101 -0.005380088 0.998089135 24.287958145
0.998186469 0.005698277 -0.059927110 -1.327431202 -0.005543896 0.999980867 0.002742091 -0.263764769 0.059941590 -0.002404888 0.998198986 25.226896286
0.998232961 0.006366196 -0.059079733 -1.386568785 -0.006498394 0.999976814 -0.002045758 -0.271966517 0.059065338 0.002426066 0.998251200 26.164749146
0.998291671 0.005948248 -0.058123570 -1.438939810 -0.006239128 0.999968886 -0.004824312 -0.282377958 0.058093064 0.005178711 0.998297751 27.129844666
0.998337924 0.003056425 -0.057550546 -1.493502617 -0.003287393 0.999986947 -0.003919054 -0.291543484 0.057537813 0.004101731 0.998334885 28.089378357
0.998343825 0.001851746 -0.057499871 -1.556239128 -0.001787994 0.999997735 0.001160172 -0.305676252 0.057501890 -0.001055441 0.998344839 29.063764572
0.998306394 -0.001823174 -0.058146965 -1.611624360 0.002087017 0.999987781 0.004477123 -0.315368205 0.058138095 -0.004590894 0.998297989 30.040645599
0.998216152 -0.008738141 -0.059060995 -1.665472627 0.008958840 0.999953866 0.003473027 -0.320010900 0.059027921 -0.003995949 0.998248339 31.011035919
0.998095691 -0.011217263 -0.060656253 -1.720092058 0.011232006 0.999936938 -0.000097898 -0.329066724 0.060653526 -0.000583580 0.998158693 31.984325409
0.998017669 -0.010827651 -0.061996154 -1.785309196 0.010588578 0.999935210 -0.004183515 -0.335859239 0.062037434 0.003518770 0.998067617 32.964767456
0.997878790 -0.009445857 -0.064410403 -1.848269939 0.009133759 0.999945104 -0.005138210 -0.343745917 0.064455397 0.004539002 0.997910261 33.955245972
0.997848094 -0.009746373 -0.064839281 -1.916058064 0.009549891 0.999948800 -0.003339532 -0.364296764 0.064868510 0.002713138 0.997890115 34.933940887
0.997803032 -0.006792454 -0.065901212 -1.993775487 0.006771251 0.999976933 -0.000545094 -0.376184523 0.065903395 0.000097663 0.997825980 35.924907684
0.997705102 -0.006486691 -0.067397289 -2.060014725 0.006541148 0.999978423 0.000587352 -0.386467606 0.067392029 -0.001026860 0.997726023 36.923484802
0.997647643 -0.005592448 -0.068322264 -2.132198572 0.005836848 0.999977231 0.003378053 -0.397480577 0.068301819 -0.003768893 0.997657597 37.900611877
0.997654617 -0.004941690 -0.068270333 -2.198538780 0.005384475 0.999965608 0.006303259 -0.410474002 0.068236835 -0.006656075 0.997646928 38.906700134
0.997631729 0.001070828 -0.068773307 -2.277622461 -0.000483087 0.999963224 0.008562121 -0.416646749 0.068779945 -0.008508620 0.997595549 39.891239166
0.997616351 0.001658463 -0.068984933 -2.350449085 -0.001115406 0.999968112 0.007909891 -0.426293522 0.068995848 -0.007814091 0.997586370 40.872318268
0.997607887 0.001248920 -0.069115847 -2.414847612 -0.000824437 0.999980628 0.006169801 -0.426362425 0.069122218 -0.006098060 0.997589588 41.883491516
0.997588873 0.003535115 -0.069310516 -2.491072893 -0.003271574 0.999987006 0.003915465 -0.433210671 0.069323458 -0.003679269 0.997587442 42.872493744
0.997554600 0.003310638 -0.069813028 -2.571406603 -0.003028442 0.999986827 0.004147622 -0.445452541 0.069825836 -0.003926055 0.997551501 43.856208801
0.997456729 0.001329382 -0.071262106 -2.634250402 -0.000978585 0.999987245 0.004957326 -0.450150251 0.071267784 -0.004874982 0.997445285 44.851596832
0.997391939 0.001838359 -0.072152510 -2.708266020 -0.001412167 0.999981284 0.005957395 -0.459550768 0.072162114 -0.005839966 0.997375846 45.841472626
0.997384369 0.004585220 -0.072134666 -2.795731544 -0.004417207 0.999987125 0.002488526 -0.473965734 0.072145149 -0.002163383 0.997391820 46.816844940
0.997308612 0.005538195 -0.073108368 -2.879225969 -0.005690028 0.999982059 -0.001868709 -0.481356919 0.073096707 0.002279668 0.997322261 47.793975830
0.997250676 0.005202475 -0.073919334 -2.929958344 -0.005431951 0.999981046 -0.002903722 -0.487972349 0.073902823 0.003297264 0.997259974 48.744285583
0.997253358 0.004109052 -0.073951565 -3.006713390 -0.004072078 0.999991477 0.000650747 -0.502157390 0.073953614 -0.000347823 0.997261643 49.724960327
0.997272551 0.002113525 -0.073776543 -3.085057020 -0.001859764 0.999992132 0.003508121 -0.511218190 0.073783375 -0.003361346 0.997268617 50.689395905
0.997226894 0.000253124 -0.074420854 -3.147128344 0.000087359 0.999989569 0.004571814 -0.525876403 0.074421234 -0.004565637 0.997216463 51.648857117
0.997223079 -0.002943171 -0.074413791 -3.222302914 0.003204526 0.999989092 0.003393027 -0.536814034 0.074402995 -0.003622066 0.997221649 52.598571777
0.997168303 -0.005559975 -0.074996062 -3.288393736 0.005743251 0.999981046 0.002228367 -0.549469471 0.074982248 -0.002652778 0.997181356 53.542201996
0.997071087 -0.006894454 -0.076168843 -3.355262756 0.007176314 0.999968350 0.003427368 -0.561874330 0.076142803 -0.003963941 0.997089028 54.513366699
0.996952236 -0.009714019 -0.077407531 -3.426932812 0.010282197 0.999922991 0.006944919 -0.563544750 0.077334106 -0.007719672 0.996975362 55.470039368
0.996906638 -0.010358726 -0.077909566 -3.502034187 0.011331834 0.999863088 0.012058510 -0.569055140 0.077773988 -0.012904068 0.996887505 56.417495728
0.996847212 -0.009747641 -0.078743860 -3.580726624 0.010920942 0.999835491 0.014483328 -0.575560987 0.078589723 -0.015297622 0.996789694 57.366523743
0.996747792 -0.008363342 -0.080149375 -3.652476311 0.009249151 0.999900103 0.010687089 -0.580970764 0.080051988 -0.011393646 0.996725559 58.297386169
0.996672511 -0.006670966 -0.081236690 -3.737590075 0.006931801 0.999971688 0.002929196 -0.586112022 0.081214845 -0.003482566 0.996690512 59.212181091
0.996593297 -0.004787250 -0.082334034 -3.816949606 0.004630802 0.999987066 -0.002091022 -0.593984663 0.082342982 0.001702626 0.996602595 60.130477905
0.996494412 0.000005621 -0.083659090 -3.896031618 -0.000116254 0.999999106 -0.001317550 -0.602803171 0.083659008 0.001322657 0.996493578 61.031940460
0.996438682 0.002669977 -0.084278032 -3.986263037 -0.002597198 0.999996126 0.000973180 -0.618099332 0.084280305 -0.000750828 0.996441782 61.928062439
0.996355176 0.005226193 -0.085141286 -4.067167282 -0.005021535 0.999983966 0.002617734 -0.633306205 0.085153602 -0.002180653 0.996365428 62.815467834
0.996231139 0.006818991 -0.086470053 -4.148629189 -0.006644479 0.999975264 0.002305829 -0.648308098 0.086483642 -0.001722590 0.996251762 63.696006775
0.996110439 0.007673301 -0.087778710 -4.229341030 -0.007417917 0.999967277 0.003235236 -0.655037105 0.087800659 -0.002571517 0.996134758 64.527404785
0.995993137 0.008552605 -0.089019522 -4.309897423 -0.008233783 0.999958336 0.003948084 -0.669522762 0.089049570 -0.003199297 0.996022046 65.361862183
0.995853722 0.008377397 -0.090582572 -4.383381844 -0.008007693 0.999958038 0.004444060 -0.681759834 0.090616003 -0.003700276 0.995879054 66.183929443
0.995760858 0.008003388 -0.091631010 -4.460426807 -0.007530547 0.999956489 0.005504862 -0.688268363 0.091671079 -0.004791495 0.995777786 66.988151550
0.995579362 0.010898609 -0.093289718 -4.536667824 -0.010182705 0.999914944 0.008146571 -0.697428107 0.093370572 -0.007160617 0.995605648 67.789054871
0.995442927 0.012342227 -0.094557382 -4.616770744 -0.011238005 0.999862432 0.012201441 -0.702211142 0.094694965 -0.011083201 0.995444655 68.576751709
0.995263100 0.015568390 -0.095963456 -4.707209110 -0.014296809 0.999800861 0.013924084 -0.707809091 0.096161120 -0.012486155 0.995287478 69.361663818
0.995085537 0.018371584 -0.097299598 -4.787525654 -0.017496308 0.999798477 0.009841331 -0.716669858 0.097460791 -0.008090583 0.995206475 70.101638794
0.994946837 0.018592494 -0.098666377 -4.864016533 -0.018418549 0.999826789 0.002673611 -0.726540864 0.098698996 -0.000842810 0.995116949 70.824661255
0.994807422 0.017489471 -0.100261271 -4.934544563 -0.017892569 0.999835014 -0.003122596 -0.736124158 0.100190118 0.004900313 0.994956255 71.535011292
0.994763076 0.018068470 -0.100598201 -5.008607388 -0.018593287 0.999817967 -0.004281730 -0.742344916 0.100502521 0.006129758 0.994917929 72.224037170
0.994638503 0.020843877 -0.101290345 -5.090737820 -0.021018634 0.999778867 -0.000658251 -0.756417036 0.101254225 0.002783707 0.994856715 72.907028198
0.994522035 0.021315143 -0.102330625 -5.169237137 -0.021272065 0.999772608 0.001512321 -0.771070480 0.102339588 0.000672747 0.994749308 73.561691284
0.994491577 0.017990319 -0.103260830 -5.231283665 -0.018269384 0.999831557 -0.001757303 -0.784750104 0.103211828 0.003634134 0.994652748 74.188186646
0.994552314 0.009629467 -0.103792682 -5.278539181 -0.010388127 0.999923110 -0.006771279 -0.801110625 0.103719495 0.007812602 0.994575918 74.803565979
0.994699240 0.005849748 -0.102660730 -5.336797714 -0.007075075 0.999907970 -0.011575622 -0.811010301 0.102583565 0.012240594 0.994649053 75.398063660
0.994996727 0.007988771 -0.099587858 -5.397740364 -0.009215680 0.999887109 -0.011865919 -0.823198318 0.099481821 0.012724319 0.994958043 75.979125977
0.995345712 0.013124225 -0.095471077 -5.459259033 -0.014007468 0.999864995 -0.008587100 -0.842034280 0.095345490 0.009884440 0.995395184 76.548004150
0.995775580 0.011561533 -0.091089472 -5.506614208 -0.012104233 0.999912143 -0.005407678 -0.853382587 0.091018945 0.006487402 0.995828032 77.106651306
0.996322334 0.008130467 -0.085297935 -5.542212486 -0.008281433 0.999964714 -0.001416173 -0.862858713 0.085283414 0.002117354 0.996354461 77.646423340
0.997036040 0.003456351 -0.076858185 -5.578778744 -0.003322608 0.999992728 0.001867942 -0.873833895 0.076864086 -0.001607036 0.997040272 78.183692932
0.997786045 0.007282592 -0.066105448 -5.611493587 -0.007177263 0.999972582 0.001830707 -0.886559427 0.066116966 -0.001352197 0.997810960 78.694648743
0.998616576 0.012362994 -0.051108152 -5.636989117 -0.012324183 0.999923468 0.001074461 -0.891123176 0.051117525 -0.000443109 0.998692572 79.197006226
0.999307930 0.017324673 -0.032915916 -5.654453278 -0.017285770 0.999849498 0.001466134 -0.896522582 0.032936364 -0.000896142 0.999457061 79.690620422
0.999816000 0.015935401 -0.010678524 -5.648211479 -0.015914200 0.999871194 0.002067453 -0.902596056 0.010710095 -0.001897133 0.999940872 80.174171448
0.999797583 0.012445359 0.015808163 -5.622236729 -0.012497067 0.999916852 0.003176394 -0.913838625 -0.015767319 -0.003373307 0.999870002 80.634956360
0.998928547 0.011473294 0.044833727 -5.570405483 -0.011696081 0.999920487 0.004710012 -0.923308671 -0.044776123 -0.005229344 0.998983383 81.079177856
0.996875167 0.010920057 0.078234896 -5.518990517 -0.011446112 0.999914765 0.006278759 -0.932426214 -0.078159668 -0.007154624 0.996915162 81.529403687
0.993236840 0.010937058 0.115589835 -5.440098286 -0.011732547 0.999911904 0.006203858 -0.932549000 -0.115511797 -0.007518063 0.993277669 81.968673706
0.987457454 0.010817043 0.157514215 -5.351081848 -0.011901976 0.999911487 0.005946186 -0.936196804 -0.157435954 -0.007746336 0.987498820 82.394035339
0.979248524 0.010623321 0.202384517 -5.231714725 -0.012043963 0.999910712 0.005789282 -0.942586184 -0.202304944 -0.008106657 0.979289055 82.809104919
0.967813969 0.012823356 0.251339704 -5.110985756 -0.014408351 0.999886215 0.004466890 -0.959887743 -0.251253814 -0.007944509 0.967888653 83.185462952
0.952421665 0.013723358 0.304474384 -4.954599857 -0.014850607 0.999888778 0.001386680 -0.967972040 -0.304421484 -0.005842333 0.952519536 83.571243286
0.932698309 0.013899021 0.360389620 -4.775759697 -0.014711452 0.999891639 -0.000488827 -0.976382613 -0.360357374 -0.004845925 0.932801723 83.941688538
0.908489585 0.014430894 0.417658269 -4.579192638 -0.014551152 0.999889910 -0.002896471 -0.978130162 -0.417654097 -0.003445996 0.908599555 84.286087036
0.879792392 0.014191039 0.475146264 -4.366753578 -0.013558780 0.999896765 -0.004757824 -0.987173676 -0.475164711 -0.002256506 0.879893959 84.598487854
0.846106529 0.013458948 0.532843888 -4.125469685 -0.011682797 0.999909282 -0.006705220 -0.995839834 -0.532885730 -0.000551776 0.846187055 84.913909912
0.809450626 0.013347690 0.587036192 -3.872054100 -0.010120443 0.999910235 -0.008780537 -0.998517931 -0.587100744 0.001166345 0.809513092 85.183380127
0.769096971 0.011854331 0.639022171 -3.600312233 -0.009202371 0.999929726 -0.007473892 -1.012646198 -0.639065862 -0.000132371 0.769152045 85.458511353
0.726692796 0.011211269 0.686871052 -3.307312012 -0.010621800 0.999930680 -0.005083495 -1.025280476 -0.686880410 -0.003601667 0.726761520 85.703552246
0.681391716 0.010557260 0.731842816 -3.000835419 -0.009527431 0.999939203 -0.005554070 -1.024440050 -0.731856942 -0.003188083 0.681450903 85.933723450
0.635025859 0.009267586 0.772435308 -2.675355911 -0.006323191 0.999956906 -0.006799011 -1.033540726 -0.772464991 -0.000566707 0.635057092 86.139213562
0.588781059 0.006686213 0.808264911 -2.336076736 -0.000457293 0.999968410 -0.007938928 -1.039553165 -0.808292449 0.004304676 0.588765502 86.317886353
0.542978644 0.008660147 0.839701831 -1.995292664 -0.002322515 0.999958456 -0.008811118 -1.051909685 -0.839743316 0.002834030 0.542976260 86.479743958
0.494521379 0.012158905 0.869080424 -1.684185028 -0.005803906 0.999926031 -0.010686986 -1.057203531 -0.869146109 0.000240883 0.494555414 86.636787415
0.449150205 0.014326011 0.893341482 -1.338912964 -0.006248301 0.999897361 -0.012893296 -1.065277338 -0.893434465 0.000209161 0.449193597 86.771247864
0.406766593 0.011868604 0.913455069 -0.983654022 0.000925594 0.999909759 -0.013404090 -1.071179986 -0.913531721 0.006297825 0.406718910 86.882766724
0.367714942 0.003910976 0.929930329 -0.612724304 0.016357549 0.999809265 -0.010672999 -1.078410149 -0.929794669 0.019136002 0.367580831 86.968528748
0.331445098 0.000682118 0.943474412 -0.248855591 0.020702891 0.999753714 -0.007995792 -1.079436064 -0.943247497 0.022182811 0.331349373 87.071853638
0.299177110 0.004692877 0.954186082 0.113452911 0.018387003 0.999773860 -0.010682181 -1.087582946 -0.954020441 0.020740485 0.299023211 87.150611877
0.266927242 0.012573836 0.963634729 0.477245331 0.007738546 0.999854684 -0.015190029 -1.099961042 -0.963685691 0.011511764 0.266791105 87.269454956
0.238618135 0.016969407 0.970965326 0.858448029 0.003014214 0.999829531 -0.018214621 -1.117295623 -0.971108913 0.007273038 0.238526344 87.350646973
0.213173270 0.018606659 0.976837337 1.246543884 0.004343859 0.999790728 -0.019991826 -1.133089781 -0.977004886 0.008504968 0.213047802 87.410797119
0.189153254 0.020007737 0.981743813 1.654838562 0.011559982 0.999677718 -0.022600502 -1.145385027 -0.981879592 0.015623901 0.188861012 87.471038818
0.169687569 0.025842991 0.985159099 2.067657471 0.018732045 0.999390960 -0.029442810 -1.148424625 -0.985319972 0.023450125 0.169100106 87.505676270
0.149706542 0.033047039 0.988178074 2.493202209 0.020660218 0.999118507 -0.036542885 -1.146389723 -0.988514602 0.025886683 0.148891807 87.565055847
0.132001460 0.033788797 0.990673423 2.931121826 0.018421739 0.999162614 -0.036532924 -1.160295248 -0.991078317 0.023072328 0.131268501 87.619522095
0.116497278 0.029571205 0.992750764 3.392623901 0.016698867 0.999357045 -0.031727567 -1.183123112 -0.993050694 0.020273989 0.115928590 87.671440125
0.102299750 0.026290255 0.994406223 3.859924316 0.016667949 0.999465048 -0.028138723 -1.205674887 -0.994614065 0.019453295 0.101806819 87.709075928
0.089172423 0.023749216 0.995733202 4.341171265 0.018964494 0.999493957 -0.025537279 -1.223363161 -0.995835781 0.021160796 0.088676870 87.737678528
0.077606082 0.023019612 0.996718407 4.836532593 0.022586573 0.999436200 -0.024841014 -1.238743305 -0.996728361 0.024440268 0.077042401 87.762756348
0.067264080 0.023857523 0.997449994 5.354209900 0.026159529 0.999328256 -0.025666546 -1.253680706 -0.997392237 0.027819257 0.066594779 87.792655945
0.059473336 0.024224071 0.997935891 5.892967224 0.028441684 0.999258518 -0.025951196 -1.269168139 -0.997824609 0.029926380 0.058740258 87.819686890
0.054138362 0.024541926 0.998231888 6.440444946 0.030169114 0.999201298 -0.026201962 -1.285760283 -0.998077631 0.031534303 0.053354681 87.842369080
0.048150957 0.025401268 0.998517096 7.004692078 0.031194020 0.999150693 -0.026921641 -1.306845069 -0.998352885 0.032444064 0.047317684 87.870658875
0.042372942 0.026302682 0.998755693 7.594856262 0.031781819 0.999112010 -0.027660441 -1.319488525 -0.998596370 0.032914329 0.041499376 87.891906738
0.038052022 0.026299302 0.998929739 8.196945190 0.034253407 0.999031842 -0.027606804 -1.337084770 -0.998688638 0.035267241 0.037114322 87.908943176
0.035118699 0.026442487 0.999033213 8.815765381 0.035651986 0.998980463 -0.027694352 -1.355236650 -0.998746991 0.036590107 0.034140170 87.927192688
0.032162249 0.025887052 0.999147475 9.456298828 0.036643509 0.998961926 -0.027061792 -1.375749946 -0.998810828 0.037482638 0.031180263 87.945419312
0.029709697 0.025225226 0.999240339 10.109352112 0.038888585 0.998895466 -0.026372770 -1.397162914 -0.998801887 0.039642565 0.028695881 87.958526611
0.029209793 0.024894921 0.999263287 10.784866333 0.043486856 0.998711646 -0.026152359 -1.418241024 -0.998626888 0.044218723 0.028089523 87.971038818
0.030082285 0.024365937 0.999250472 11.471603394 0.047022510 0.998561502 -0.025764748 -1.440812707 -0.998440862 0.047762327 0.028893292 87.990058899
0.032497406 0.024371305 0.999174774 12.178962708 0.048226099 0.998499990 -0.025923377 -1.463079810 -0.998307765 0.049028743 0.031273365 88.007553101
0.036335289 0.024315892 0.999043941 12.902023315 0.050918892 0.998360336 -0.026151188 -1.485156417 -0.998041749 0.051820416 0.035037577 88.034309387
0.040937006 0.023793750 0.998878539 13.641242981 0.051495872 0.998337507 -0.025891330 -1.507193327 -0.997833967 0.052498031 0.039643705 88.064071655
0.044799805 0.022141527 0.998750508 14.396163940 0.052833091 0.998302758 -0.024501467 -1.529192448 -0.997597873 0.053864740 0.043553948 88.095855713
0.048609614 0.020616654 0.998605132 15.161170959 0.052441273 0.998355329 -0.023164216 -1.550943732 -0.997440338 0.053494126 0.047448516 88.139564514
0.052844703 0.018316377 0.998434722 15.942207336 0.049652856 0.998546839 -0.020946437 -1.577358484 -0.997367561 0.050682046 0.051858485 88.188919067
0.056613803 0.017486470 0.998243093 16.746910095 0.048495095 0.998618245 -0.020243373 -1.596531630 -0.997217774 0.049555946 0.055687547 88.243782043
0.060619950 0.018534075 0.997988939 17.547180176 0.045668591 0.998729050 -0.021321833 -1.618611097 -0.997115731 0.046869274 0.059696496 88.303085327
0.063594818 0.022469040 0.997722805 18.346794128 0.043242913 0.998745501 -0.025248375 -1.650592089 -0.997038484 0.044750106 0.062543452 88.361618042
0.064968705 0.027710663 0.997502565 19.164588928 0.037490673 0.998840868 -0.030189665 -1.679661632 -0.997182846 0.039358426 0.063854516 88.425888062
0.064710319 0.031037781 0.997421324 19.970844269 0.034626316 0.998844445 -0.033328544 -1.705893159 -0.997303247 0.036693729 0.063560843 88.481811523
0.065114439 0.030529786 0.997410834 20.788951874 0.032333378 0.998942494 -0.032687515 -1.740682840 -0.997353971 0.034378093 0.064058483 88.538192749
0.064968228 0.028734887 0.997473538 21.616840363 0.029442603 0.999094963 -0.030699275 -1.775819063 -0.997452855 0.031362694 0.064063370 88.604537964
0.064686894 0.027459841 0.997527778 22.435649872 0.030379727 0.999103785 -0.029473271 -1.809249163 -0.997443140 0.032211158 0.063794732 88.662361145
0.064900458 0.026592713 0.997537434 23.250564575 0.027927961 0.999204874 -0.028454181 -1.849522114 -0.997500896 0.029705875 0.064106166 88.726585388
0.064822137 0.026919592 0.997533798 24.067974091 0.026099786 0.999248385 -0.028661896 -1.885064840 -0.997555554 0.027893346 0.064070821 88.788337708
0.065082788 0.027312011 0.997506082 24.881084442 0.023232453 0.999312937 -0.028877299 -1.922276855 -0.997609437 0.025053928 0.064403594 88.846191406
0.063629270 0.028626028 0.997563064 25.686100006 0.020490211 0.999340355 -0.029983995 -1.955923796 -0.997763336 0.022348138 0.063000739 88.906906128
0.061110139 0.028500551 0.997724056 26.512798309 0.017180299 0.999414146 -0.029601116 -1.990478396 -0.997983158 0.018950127 0.060584724 88.957412720
0.057226479 0.027258104 0.997989118 27.322124481 0.014681166 0.999496162 -0.028141115 -2.023449659 -0.998253345 0.016262062 0.056797504 89.010482788
0.051800549 0.024788789 0.998349905 28.130046844 0.012742133 0.999594092 -0.025480827 -2.057646751 -0.998576283 0.014041030 0.051463664 89.063423157
0.046547830 0.022878647 0.998654187 28.961681366 0.010368314 0.999672771 -0.023385260 -2.085466862 -0.998862386 0.011442895 0.046295345 89.096549988
0.039017200 0.023119325 0.998971105 29.765468597 0.010219565 0.999670804 -0.023534669 -2.115283966 -0.999186337 0.011127309 0.038768113 89.130775452
0.030340314 0.024037639 0.999250650 30.567607880 0.010074510 0.999652624 -0.024353206 -2.145590782 -0.999488950 0.010805846 0.030087590 89.155303955
0.020267725 0.024404310 0.999496698 31.370452881 0.010997063 0.999636114 -0.024630712 -2.174699783 -0.999734104 0.011490739 0.019991934 89.170471191
0.010216892 0.023588018 0.999669671 32.168651581 0.012247159 0.999643803 -0.023712581 -2.202669859 -0.999872923 0.012485383 0.009924352 89.175765991
-0.000718117 0.022672616 0.999742866 32.964603424 0.010919695 0.999683499 -0.022663431 -2.232131004 -0.999940276 0.010900614 -0.000965476 89.178329468
-0.011877656 0.021722540 0.999693513 33.754112244 0.012674899 0.999686956 -0.021571804 -2.261715889 -0.999849200 0.012414792 -0.012149215 89.167327881
-0.022907019 0.022212515 0.999490917 34.541671753 0.012694255 0.999679029 -0.021925764 -2.289631844 -0.999657094 0.012185541 -0.023181558 89.151306152
-0.034113050 0.022811402 0.999157727 35.315628052 0.012887265 0.999666393 -0.022383025 -2.318034410 -0.999335051 0.012112859 -0.034395695 89.126449585
-0.044227600 0.023650818 0.998741567 36.093376160 0.012340710 0.999656379 -0.023125997 -2.349573135 -0.998945296 0.011302373 -0.044504285 89.080596924
-0.054725289 0.024844283 0.998192310 36.859748840 0.012892118 0.999624670 -0.024173129 -2.373786688 -0.998418212 0.011545931 -0.055025101 89.039810181
-0.064204335 0.025359772 0.997614563 37.611694336 0.014317512 0.999597549 -0.024488738 -2.408913851 -0.997834086 0.012711073 -0.064541578 88.988784790
-0.074166894 0.026102457 0.996904135 38.391742706 0.014600057 0.999578655 -0.025086282 -2.433249712 -0.997138917 0.012694286 -0.074516773 88.939788818
-0.083554387 0.026463229 0.996151805 39.133850098 0.015246414 0.999564290 -0.025275057 -2.463110924 -0.996386588 0.013075900 -0.083921432 88.877517700
-0.092143893 0.025869751 0.995409727 39.866954803 0.016334092 0.999567211 -0.024465779 -2.491044998 -0.995611846 0.014004743 -0.092526555 88.807563782
-0.099756479 0.024852496 0.994701445 40.600925446 0.018454574 0.999562263 -0.023123171 -2.519612789 -0.994840682 0.016050104 -0.100171447 88.736404419
-0.104384661 0.023285622 0.994264364 41.345184326 0.021398244 0.999547005 -0.021162808 -2.549818993 -0.994306803 0.019066440 -0.104835749 88.642547607
-0.107747197 0.021744242 0.993940711 42.052047729 0.024862783 0.999507070 -0.019170798 -2.575853348 -0.993867576 0.022646531 -0.108234644 88.552627563
-0.110762596 0.020437576 0.993636668 42.756286621 0.026015297 0.999505579 -0.017658312 -2.600959778 -0.993506312 0.023893872 -0.111239552 88.477592468
-0.112639546 0.019747499 0.993439674 43.439434052 0.026104178 0.999516249 -0.016908510 -2.622194290 -0.993292987 0.024028359 -0.113100529 88.404342651
-0.113636255 0.019809999 0.993324935 44.110523224 0.026898287 0.999496043 -0.016855912 -2.653198719 -0.993158281 0.024803298 -0.114111781 88.332908630
-0.112287998 0.020736882 0.993459404 44.758743286 0.027782513 0.999456882 -0.017721891 -2.675407410 -0.993287325 0.025610842 -0.112803221 88.254425049
-0.109495878 0.022789398 0.993726075 45.389247894 0.029230447 0.999378562 -0.019698214 -2.690586805 -0.993557453 0.026890185 -0.110093951 88.189575195
-0.104501963 0.022991085 0.994258940 46.003204346 0.028418669 0.999393523 -0.020122865 -2.720793486 -0.994118571 0.026152637 -0.105091929 88.128181458
-0.096479058 0.023617243 0.995054960 46.596218109 0.027884984 0.999390185 -0.021016460 -2.745261908 -0.994944513 0.025719443 -0.097078800 88.076057434
-0.085507154 0.023491029 0.996060610 47.174247742 0.026125014 0.999431133 -0.021327810 -2.769652843 -0.995994985 0.024198417 -0.086072206 88.036705017
-0.071953416 0.023563519 0.997129798 47.740879059 0.025304552 0.999442220 -0.021792185 -2.796560526 -0.997087121 0.023663901 -0.072509527 88.008422852
-0.055437326 0.024678405 0.998157203 48.285839081 0.024407018 0.999429286 -0.023354303 -2.826798201 -0.998163879 0.023067342 -0.056007981 88.005752563
-0.033257008 0.027656512 0.999064207 48.815422058 0.022679871 0.999380529 -0.026910303 -2.843287468 -0.999189615 0.021763694 -0.033863664 87.985641479
-0.008694172 0.030715410 0.999490380 49.338588715 0.020791046 0.999317586 -0.030529251 -2.867597818 -0.999746084 0.020515028 -0.009326816 88.002304077
0.019199729 0.032235969 0.999296010 49.856487274 0.018849181 0.999290764 -0.032597963 -2.891119957 -0.999638081 0.019461785 0.018578470 88.042129517
0.052342415 0.031537645 0.998131216 50.366439819 0.016011393 0.999346197 -0.032415688 -2.918276787 -0.998501003 0.017678188 0.051803231 88.089828491
0.091532946 0.029124105 0.995376229 50.828498840 0.015015995 0.999418199 -0.030623222 -2.939166307 -0.995688975 0.017749602 0.091042340 88.127716064
0.133490860 0.025802655 0.990714073 51.366088867 0.013297440 0.999524415 -0.027823837 -2.956439495 -0.990960836 0.016888188 0.133084297 88.226547241
0.178621709 0.021273483 0.983687937 51.847358704 0.010291168 0.999671161 -0.023487851 -2.982051849 -0.983864129 0.014318739 0.178344011 88.344146729
0.227411568 0.018572386 0.973621607 52.333751678 0.005801729 0.999774516 -0.020426394 -2.994111061 -0.973781466 0.010293887 0.227252543 88.483749390
0.278921127 0.016629098 0.960170150 52.801940918 0.001376080 0.999842107 -0.017715914 -3.019570827 -0.960313141 0.006262616 0.278854191 88.652297974
0.333560884 0.016242821 0.942588687 53.248023987 -0.000146535 0.999852419 -0.017177744 -3.036828995 -0.942728639 0.005591702 0.333514035 88.847671509
0.389455378 0.016452873 0.920898438 53.662445068 0.002144727 0.999821544 -0.018769946 -3.062631845 -0.921042919 0.009285133 0.389350593 89.085372925
0.450139880 0.019330347 0.892748952 54.082244873 0.003008407 0.999727190 -0.023163602 -3.082398415 -0.892953098 0.013112616 0.449958920 89.322906494
0.510501862 0.022498451 0.859582365 54.479934692 0.003900943 0.999586761 -0.028479641 -3.101480007 -0.859867871 0.017892092 0.510203123 89.587257385
0.568584442 0.028006155 0.822148144 54.845321655 -0.000207073 0.999425173 -0.033901822 -3.100280285 -0.822624981 0.019105805 0.568263352 89.885971069
0.622872472 0.030050786 0.781746030 55.150623322 -0.003411190 0.999356806 -0.035697937 -3.120333195 -0.782315969 0.019568576 0.622574329 90.214401245
0.676640749 0.031150041 0.735654175 55.477142334 -0.005483007 0.999290168 -0.037270103 -3.136912346 -0.736292958 0.021184877 0.676331282 90.550354004
0.725096762 0.028963998 0.688037574 55.760372162 -0.005972086 0.999342024 -0.035775077 -3.159759283 -0.688621104 0.021831373 0.724792659 90.909034729
0.769939721 0.026728490 0.637556612 56.019763947 -0.009215022 0.999483883 -0.030773245 -3.171344280 -0.638050079 0.017818445 0.769788682 91.296684265
0.811029136 0.022626463 0.584568024 56.252265930 -0.010209355 0.999647021 -0.024528185 -3.175175667 -0.584916711 0.013925012 0.810973883 91.699302673
0.848011136 0.020521326 0.529581070 56.475624084 -0.012890668 0.999753118 -0.018098893 -3.185795784 -0.529821694 0.008521410 0.848066270 92.120704651
0.879129231 0.017054822 0.476278186 56.662578583 -0.013827152 0.999851525 -0.010280625 -3.198833704 -0.476382822 0.002452428 0.879234552 92.551361084
0.904631257 0.018939439 0.425774038 56.825553894 -0.018604368 0.999814689 -0.004945899 -3.205765009 -0.425788820 -0.003447042 0.904816031 92.998825073
0.924620926 0.019454379 0.380391508 56.931976318 -0.020874098 0.999782026 -0.000393044 -3.230989933 -0.380316257 -0.007576911 0.924825490 93.380500793
0.939693868 0.025672419 0.341051877 57.050567627 -0.027958313 0.999607503 0.001788330 -3.232977152 -0.340872109 -0.011215718 0.940042794 93.839080811
0.951584041 0.030088540 0.305912524 57.160667419 -0.031902686 0.999490559 0.000931234 -3.234272242 -0.305728644 -0.010645576 0.952059150 94.297729492
0.960782409 0.032462932 0.275396645 57.265686035 -0.034132779 0.999416471 0.001271551 -3.235946894 -0.275194675 -0.010621736 0.961329877 94.761383057
0.966944337 0.027103718 0.253543079 57.380165100 -0.028417595 0.999594986 0.001520408 -3.241346598 -0.253399163 -0.008675234 0.967322886 95.232055664
0.971042931 0.023652183 0.237731457 57.490226746 -0.024977284 0.999684751 0.002562927 -3.254854441 -0.237595886 -0.008426597 0.971327543 95.716575623
0.973834276 0.029115308 0.225386664 57.585044861 -0.030475203 0.999532282 0.002556080 -3.262275457 -0.225206822 -0.009357902 0.974266052 96.218902588
0.975901544 0.033404086 0.215639427 57.678329468 -0.034851722 0.999388278 0.002913197 -3.254817247 -0.215410203 -0.010358399 0.976468742 96.741821289
0.976990759 0.040285010 0.209442660 57.773899078 -0.041399557 0.999142230 0.000938356 -3.243608952 -0.209225208 -0.009587599 0.977820456 97.220252991
0.977276087 0.046235509 0.206866533 57.864437103 -0.046726998 0.998904526 -0.002512159 -3.250297785 -0.206756070 -0.007211178 0.978365958 97.738548279
0.977391601 0.047784116 0.205966815 57.972053528 -0.047753729 0.998845994 -0.005121608 -3.257009983 -0.205973864 -0.004829867 0.978545547 98.277275085
0.976875007 0.046359986 0.208724633 58.081726074 -0.045532335 0.998924375 -0.008770982 -3.266616344 -0.208906755 -0.000935566 0.977935135 98.818534851
0.976127565 0.045029793 0.212478876 58.208560944 -0.042780831 0.998969257 -0.015172479 -3.274398327 -0.212943077 0.005720253 0.977047861 99.371856689
0.975391746 0.044896420 0.215859249 58.348468781 -0.041564945 0.998936594 -0.019950833 -3.280786276 -0.216525435 0.010487702 0.976220667 99.905456543
0.974183083 0.049532577 0.220258713 58.470726013 -0.046325974 0.998732030 -0.019703163 -3.289931774 -0.220955387 0.008990788 0.975242496 100.480072021
0.972653270 0.052864458 0.226165906 58.594261169 -0.050597176 0.998593926 -0.015814137 -3.301429272 -0.226683915 0.003938316 0.973960400 101.072944641
0.971675336 0.049314968 0.231117114 58.738929749 -0.048048824 0.998783231 -0.011107376 -3.319513321 -0.231383651 -0.000312142 0.972862542 101.678642273
0.970916390 0.045559864 0.235043854 58.891780853 -0.045550060 0.998947084 -0.005473836 -3.330999374 -0.235045761 -0.005391622 0.971969366 102.311660767
0.970262229 0.042842265 0.238234758 59.055854797 -0.043983705 0.999032140 -0.000524994 -3.345670938 -0.238026679 -0.009969065 0.971207440 102.919692993
0.969727755 0.038092449 0.241199270 59.215476990 -0.039266180 0.999228776 0.000059849 -3.352424383 -0.241010979 -0.009529010 0.970475614 103.554992676
0.969749749 0.034724113 0.241618887 59.375141144 -0.034985531 0.999382675 -0.003209451 -3.359117746 -0.241581172 -0.005340802 0.970365942 104.195457458
0.969894111 0.033995479 0.241142556 59.538265228 -0.032557644 0.999420345 -0.009945610 -3.371468067 -0.241340891 0.001795156 0.970438719 104.842544556
0.969970167 0.036685165 0.240441501 59.694404602 -0.033638760 0.999293447 -0.016763551 -3.379866362 -0.240886599 0.008171991 0.970518887 105.499298096
0.970592678 0.039532389 0.237459570 59.854370117 -0.035729241 0.999155283 -0.020300124 -3.393336296 -0.238061503 0.011218904 0.971185267 106.165184021
0.971227288 0.037959721 0.235109866 60.019878387 -0.035156541 0.999252021 -0.016104553 -3.402118921 -0.235545352 0.007375533 0.971835375 106.862869263
0.971611619 0.033777133 0.234157935 60.185241699 -0.032745961 0.999429286 -0.008291407 -3.420038223 -0.234304354 0.000388301 0.972163200 107.572853088
0.972238541 0.034046225 0.231501758 60.353260040 -0.034435444 0.999404132 -0.002360551 -3.436617374 -0.231444180 -0.005676847 0.972831607 108.286018372
0.972449780 0.038014647 0.229992032 60.510772705 -0.038345721 0.999259949 -0.003031521 -3.447637081 -0.229937062 -0.005871208 0.973187804 109.017768860
0.972853482 0.043037668 0.227384850 60.676055908 -0.042349108 0.999071598 -0.007908337 -3.448681831 -0.227514088 -0.001935891 0.973772883 109.729919434
0.973747790 0.044004489 0.223335698 60.842807770 -0.042058870 0.999024391 -0.013463255 -3.455854177 -0.223710254 0.003716568 0.974648595 110.472503662
0.974668145 0.042548899 0.219571441 61.007774353 -0.039972056 0.999069989 -0.016167119 -3.470611095 -0.220055133 0.006980854 0.975462437 111.230705261
0.975592852 0.040536333 0.215813324 61.175334930 -0.038317736 0.999161005 -0.014456078 -3.488013268 -0.216218263 0.005833769 0.976327658 112.001930237
0.976463139 0.036754858 0.212529555 61.342002869 -0.034915630 0.999313295 -0.012402005 -3.502651453 -0.212839454 0.004689499 0.977075934 112.778144836
0.976905644 0.035373028 0.210722908 61.508949280 -0.034140714 0.999372005 -0.009484304 -3.521019459 -0.210926071 0.002071040 0.977499843 113.561096191
0.977253318 0.032299764 0.209601223 61.677490234 -0.031460278 0.999478042 -0.007338903 -3.530282974 -0.209728867 0.000577855 0.977759421 114.358551025
0.977418721 0.027628960 0.209497645 61.846961975 -0.026935346 0.999618173 -0.006163784 -3.544384003 -0.209587947 0.000381707 0.977789760 115.153900146
0.977635741 0.027946077 0.208440349 62.024040222 -0.027629660 0.999608397 -0.004429999 -3.555320740 -0.208482519 -0.001428211 0.978025079 115.961822510
0.977374732 0.033293542 0.208878323 62.185989380 -0.032689761 0.999445438 -0.006343067 -3.566884756 -0.208973676 -0.000628629 0.977921069 116.771606445
0.977050781 0.039258111 0.209357634 62.349937439 -0.038017616 0.999227524 -0.009947785 -3.574877501 -0.209586456 0.001760214 0.977788568 117.588348389
0.976478398 0.047637817 0.210286841 62.512607574 -0.046307366 0.998863876 -0.011249165 -3.591021538 -0.210583806 0.001246739 0.977575004 118.425437927
0.975568116 0.053158779 0.213168859 62.681121826 -0.052053023 0.998585939 -0.010800546 -3.608494520 -0.213441566 -0.000559414 0.976955652 119.255279541
0.974699974 0.055849671 0.216427296 62.847393036 -0.055218019 0.998434007 -0.008969335 -3.623817921 -0.216589317 -0.003208276 0.976257563 120.094245911
0.974144578 0.056560766 0.218730927 63.032222748 -0.055773489 0.998395562 -0.009777199 -3.643050194 -0.218933001 -0.002674979 0.975736260 120.926155090
0.973853171 0.054862186 0.220454395 63.216083527 -0.053386770 0.998493791 -0.012649686 -3.656105280 -0.220816329 0.000549590 0.975315273 121.752609253
0.973870635 0.049140774 0.221723258 63.414340973 -0.047804229 0.998791754 -0.011393758 -3.676249266 -0.222015247 0.000496737 0.975043058 122.586502075
0.974123538 0.042162124 0.222048953 63.612007141 -0.040361959 0.999105155 -0.012640749 -3.700391054 -0.222383216 0.003351322 0.974953592 123.430572510
0.973843575 0.041485433 0.223400220 63.798545837 -0.039654627 0.999133050 -0.012677078 -3.721367598 -0.223732457 0.003486639 0.974644363 124.266159058
0.973238945 0.044138506 0.225516632 63.982624054 -0.043038838 0.999025404 -0.009792706 -3.739735126 -0.225729078 -0.000175330 0.974190116 125.101112366
0.972822666 0.045979381 0.226940557 64.165649414 -0.046251565 0.998921335 -0.004120968 -3.755636930 -0.226885244 -0.006487384 0.973899901 125.951271057
0.972464502 0.049511373 0.227730945 64.351844788 -0.050865680 0.998705506 0.000078119 -3.774687767 -0.227432281 -0.011659657 0.973724067 126.785285950
0.972341835 0.048498146 0.228471652 64.550605774 -0.048347961 0.998810947 -0.006257820 -3.793089628 -0.228503481 -0.004961397 0.973530471 127.609107971
0.972649157 0.044382449 0.227999598 64.745613098 -0.040735621 0.998955965 -0.020678304 -3.812319279 -0.228679314 0.010825030 0.973441601 128.417892456
0.972864926 0.042036980 0.227523029 64.938835144 -0.036234684 0.998904228 -0.029621020 -3.834832430 -0.228518888 0.020573026 0.973322093 129.234649658
0.973082781 0.039643202 0.227020532 65.125427246 -0.035915650 0.999143958 -0.020528376 -3.858199358 -0.227640003 0.011822220 0.973673582 130.067413330
0.973625958 0.032300074 0.225852117 65.327598572 -0.033205342 0.999448538 0.000209528 -3.874789715 -0.225720808 -0.007703498 0.974161565 130.900268555
0.973981261 0.028848911 0.224784926 65.521400452 -0.033213232 0.999325633 0.015657676 -3.897742987 -0.224181637 -0.022716118 0.974282622 131.726776123
0.973953307 0.033426739 0.224271357 65.694076538 -0.036558595 0.999283195 0.009825526 -3.906903744 -0.223782167 -0.017768649 0.974477232 132.535186768
0.974076033 0.041918822 0.222303092 65.863723755 -0.041628920 0.999115169 -0.005991820 -3.916356564 -0.222357571 -0.003417748 0.974959195 133.324645996
0.974344492 0.041950788 0.221117586 66.040733337 -0.039837174 0.999107957 -0.014011710 -3.920857430 -0.221508130 0.004843533 0.975146472 134.135681152
0.974946856 0.037930347 0.219180226 66.221900940 -0.035615269 0.999260306 -0.014505410 -3.944518089 -0.219568297 0.006335841 0.975576580 134.944000244
0.975605071 0.037338816 0.216334462 66.397773743 -0.035422772 0.999291360 -0.012728998 -3.971928835 -0.216656446 0.004755308 0.976236343 135.753250122
0.976411521 0.037153859 0.212697208 66.570457458 -0.034938332 0.999289036 -0.014166881 -3.989272594 -0.213072345 0.006401421 0.977015436 136.553604126
0.977362394 0.038364060 0.208064735 66.731147766 -0.035880663 0.999232769 -0.015698083 -4.006624222 -0.208507344 0.007877216 0.977989078 137.373947144
0.977746010 0.043805830 0.205167651 66.891166687 -0.041436840 0.999015689 -0.015830997 -4.029166698 -0.205659196 0.006977196 0.978598773 138.170578003
0.977941871 0.049575523 0.202908665 67.045097351 -0.047291551 0.998751521 -0.016092157 -4.047614098 -0.203453109 0.006141330 0.979065418 138.968475342
0.978251100 0.051142409 0.201020449 67.197700500 -0.049294602 0.998683453 -0.014190501 -4.069358826 -0.201481536 0.003972650 0.979484260 139.768310547
0.978585362 0.048980381 0.199929103 67.356697083 -0.048135150 0.998799503 -0.009089363 -4.091821671 -0.200134292 -0.000728900 0.979768217 140.567733765
0.978888035 0.047926269 0.198698908 67.512245178 -0.047003791 0.998850882 -0.009359621 -4.111403465 -0.198919147 -0.000177579 0.980015874 141.364776611
0.979538202 0.045947645 0.195943221 67.671241760 -0.044435136 0.998938859 -0.012110520 -4.131301880 -0.196291745 0.003155953 0.980540454 142.157913208
0.980674744 0.041626792 0.191165477 67.827072144 -0.039312847 0.999100685 -0.015882811 -4.152903557 -0.191654712 0.008060614 0.981429338 142.938888550
0.982055485 0.038690332 0.184580743 67.975929260 -0.036164582 0.999200702 -0.017031990 -4.167984486 -0.185092181 0.010051073 0.982669771 143.723800659
0.983250558 0.037003022 0.178463310 68.118370056 -0.035447184 0.999300718 -0.011899831 -4.179223537 -0.178778842 0.005374494 0.983874619 144.525817871
0.984469593 0.034514714 0.172129065 68.258476257 -0.034436196 0.999400973 -0.003443070 -4.195127487 -0.172144786 -0.002537872 0.985068381 145.317474365
0.985010982 0.031493984 0.169592261 68.374862671 -0.032980554 0.999438226 0.005954942 -4.205775261 -0.169309437 -0.011458929 0.985496342 146.119232178
0.985506356 0.038215950 0.165277764 68.504577637 -0.040157158 0.999157906 0.008418342 -4.213537216 -0.164816871 -0.014933415 0.986211121 146.924163818
0.986186922 0.041129056 0.160448641 68.624412537 -0.042335525 0.999095023 0.004106632 -4.226422787 -0.160134524 -0.010842582 0.987035632 147.711074829
0.987367034 0.041865703 0.152819023 68.739753723 -0.041437704 0.999123156 -0.005985981 -4.236496925 -0.152935624 -0.000422108 0.988236070 148.487457275
0.988509536 0.038352430 0.146212026 68.860099792 -0.037073839 0.999246836 -0.011460731 -4.241038799 -0.146541446 0.005908401 0.989186883 149.286453247
0.989453495 0.037874606 0.139811784 68.968086243 -0.036830362 0.999270976 -0.010049697 -4.258162498 -0.140090495 0.004794389 0.990127087 150.087585449
0.990228295 0.044381682 0.132205084 69.059066772 -0.043892633 0.999014378 -0.006612528 -4.273962498 -0.132368252 0.000745084 0.991200328 150.903610229
0.990981221 0.050047640 0.124304056 69.139396667 -0.049443010 0.998745322 -0.007946259 -4.291057110 -0.124545783 0.001728627 0.992212355 151.717834473
0.992128134 0.052406363 0.113733828 69.226036072 -0.051127598 0.998592138 -0.014133480 -4.299864769 -0.114314385 0.008207287 0.993410707 152.527465820
0.993104398 0.051167320 0.105477661 69.315238953 -0.049733676 0.998631477 -0.016179357 -4.318235874 -0.106161162 0.010821999 0.994290054 153.338760376
0.993942201 0.051133953 0.097284421 69.387512207 -0.050074957 0.998656929 -0.013297746 -4.333485126 -0.097833730 0.008345678 0.995167792 154.161758423
0.994501531 0.053864457 0.089806914 69.445022583 -0.053527400 0.998547375 -0.006159104 -4.349759579 -0.090008214 0.001318108 0.995940149 154.991653442
0.994998634 0.057439484 0.081721574 69.495803833 -0.057604354 0.998339415 -0.000340766 -4.362329483 -0.081605442 -0.004368457 0.996655166 155.822021484
0.995633125 0.056212232 0.074530654 69.555404663 -0.056619629 0.998390138 0.003362927 -4.377537727 -0.074221633 -0.007568139 0.997213066 156.644790649
0.996030569 0.057055600 0.068320818 69.603576660 -0.057541519 0.998329759 0.005164014 -4.380478859 -0.067912072 -0.009074799 0.997650027 157.466262817
0.996332884 0.056729253 0.064051822 69.649093628 -0.057063155 0.998364806 0.003394210 -4.388648033 -0.063754529 -0.007036762 0.997940779 158.279769897
0.996322691 0.061774075 0.059372235 69.690002441 -0.061782368 0.998088181 -0.001697797 -4.402824879 -0.059363607 -0.001976603 0.998234451 159.079528809
0.996164322 0.067546390 0.055624854 69.714759827 -0.067189924 0.997706056 -0.008256035 -4.416011810 -0.056054920 0.004486938 0.998417616 159.928939819
0.996243536 0.068845510 0.052527584 69.747314453 -0.068384938 0.997603595 -0.010517872 -4.425162315 -0.053125814 0.006886267 0.998564065 160.744705200
0.996251225 0.070767194 0.049754757 69.776031494 -0.070640132 0.997492552 -0.004309915 -4.438806534 -0.049935002 0.000779077 0.998752177 161.569625854
0.996144354 0.073239207 0.048295114 69.798088074 -0.073592447 0.997272789 0.005574681 -4.444638252 -0.047755118 -0.009107343 0.998817563 162.412429810
0.996275842 0.073607184 0.044904273 69.836616516 -0.074276201 0.997147501 0.013414509 -4.455213070 -0.043788776 -0.016699869 0.998901248 163.241500854
0.996754348 0.070114195 0.039556824 69.869155884 -0.070567198 0.997455180 0.010172592 -4.458325386 -0.038742911 -0.012930990 0.999165535 164.052917480
0.997762322 0.057835352 0.033548106 69.908042908 -0.057893347 0.998322487 0.000759087 -4.469852448 -0.033447925 -0.002699600 0.999436796 164.858856201
0.998106539 0.055578832 0.026351059 69.923896790 -0.055491008 0.998450935 -0.004052924 -4.467576027 -0.026535496 0.002583003 0.999644518 165.681655884
0.997983873 0.060209382 0.020075232 69.921737671 -0.060170040 0.998184860 -0.002558604 -4.477803707 -0.020192845 0.001345518 0.999795198 166.509628296
0.998215258 0.058247816 0.013169426 69.921638489 -0.058301903 0.998291910 0.003760962 -4.486784458 -0.012927864 -0.004522052 0.999906182 167.340881348
0.998619139 0.052273475 0.005226331 69.935714722 -0.052313205 0.998600423 0.007778506 -4.494223595 -0.004812407 -0.008041170 0.999956071 168.177017212
0.999046683 0.043652162 -0.000430904 69.937438965 -0.043643929 0.998975933 0.011927648 -4.492178917 0.000951130 -0.011897472 0.999928772 169.019668579
0.999179184 0.039942060 -0.006748626 69.939163208 -0.039858807 0.999132633 0.012050753 -4.502137184 0.007224104 -0.011771869 0.999904633 169.849243164
0.999234557 0.036757592 -0.013385312 69.928916931 -0.036687482 0.999311924 0.005446397 -4.509968758 0.013576298 -0.004951155 0.999895573 170.673171997
0.999393344 0.027798634 -0.020980407 69.915908813 -0.027899569 0.999600470 -0.004533556 -4.516372681 0.020845996 0.005116150 0.999769628 171.497787476
0.999465108 0.017032031 -0.027918529 69.906517029 -0.017283769 0.999811888 -0.008800495 -4.517915249 0.027763387 0.009278325 0.999571443 172.340972900
0.999196708 0.021284577 -0.033954136 69.873199463 -0.021331262 0.999771953 -0.001013259 -4.531365871 0.033924825 0.001736729 0.999422908 173.172805786
0.998754799 0.031473935 -0.038706660 69.821647644 -0.031018464 0.999442995 0.012312212 -4.535310268 0.039072614 -0.011096260 0.999174774 174.024826050
0.998406410 0.036099371 -0.043376055 69.775939941 -0.035254706 0.999176562 0.020082958 -4.539887428 0.044065319 -0.018521745 0.998856962 174.867370605
0.998254895 0.035630051 -0.047092255 69.728370667 -0.034851041 0.999243438 0.017261311 -4.538569450 0.047671650 -0.015589974 0.998741388 175.704696655
0.998096228 0.037577786 -0.048906066 69.670204163 -0.037312493 0.999283612 0.006326525 -4.535730839 0.049108770 -0.004489673 0.998783350 176.540084839
0.997488737 0.047757596 -0.052301422 69.608436584 -0.047967583 0.998845041 -0.002766365 -4.540915966 0.052108902 0.005268191 0.998627484 177.385604858
0.997427464 0.046286374 -0.054735649 69.553848267 -0.046710405 0.998887360 -0.006492428 -4.546947956 0.054374237 0.009032451 0.998479784 178.230651855
0.997542441 0.041000467 -0.056815937 69.510734558 -0.041143857 0.999152303 -0.001355772 -4.559312820 0.056712188 0.003690067 0.998383760 179.079528809
0.997573555 0.041088391 -0.056202710 69.455207825 -0.040749017 0.999143660 0.007171568 -4.564092636 0.056449249 -0.004863962 0.998393595 179.942123413
0.997494578 0.042919215 -0.056236196 69.404624939 -0.042268977 0.999025524 0.012702055 -4.567781925 0.056726556 -0.010293184 0.998336673 180.778976440
0.997401059 0.042953264 -0.057845805 69.351615906 -0.042321216 0.999030709 0.012108061 -4.571985722 0.058309816 -0.009628489 0.998252094 181.642623901
0.997399032 0.039674982 -0.060175635 69.297470093 -0.039556980 0.999212325 0.003151400 -4.577403069 0.060253266 -0.000762837 0.998182833 182.485305786
0.997588575 0.028982706 -0.063063562 69.257499695 -0.029583406 0.999525189 -0.008612316 -4.587549686 0.062784016 0.010457183 0.997972369 183.332611084
0.997723162 0.018444678 -0.064871438 69.212242126 -0.019311009 0.999732196 -0.012752931 -4.596362114 0.064618841 0.013976627 0.997812152 184.180465698
0.997575939 0.020890540 -0.066376425 69.161888123 -0.021456901 0.999739110 -0.007831078 -4.614011765 0.066195510 0.009236327 0.997763932 185.032653809
0.997399569 0.026779901 -0.066909827 69.079322815 -0.026630098 0.999640465 0.003129945 -4.629383564 0.066969588 -0.001339991 0.997754097 185.911804199
0.997280717 0.028379411 -0.068013377 69.021247864 -0.027990635 0.999585986 0.006662521 -4.641879559 0.068174295 -0.004740666 0.997662187 186.752609253
0.997228205 0.027023893 -0.069322221 68.964736938 -0.026896438 0.999634385 0.002771471 -4.648107529 0.069371767 -0.000899269 0.997590482 187.598144531
0.997254312 0.027456831 -0.068774864 68.895896912 -0.027769586 0.999607861 -0.003595405 -4.654333115 0.068649180 0.005495383 0.997625709 188.438995361
0.997031033 0.033791564 -0.069190189 68.822853088 -0.034133658 0.999410152 -0.003767638 -4.665781975 0.069022067 0.006118166 0.997596383 189.278869629
0.996894836 0.036614828 -0.069714293 68.761787415 -0.036746394 0.999324441 -0.000605316 -4.678434372 0.069645032 0.003165185 0.997566819 190.118270874
0.996700704 0.040626038 -0.070265129 68.691757202 -0.040533796 0.999174416 0.002738698 -4.691173077 0.070318379 0.000118449 0.997524619 190.956848145
0.996544361 0.044323284 -0.070248313 68.624763489 -0.044045303 0.999014378 0.005501928 -4.697351933 0.070422940 -0.002388807 0.997514367 191.785385132
0.996398926 0.047466490 -0.070257731 68.542861938 -0.047218867 0.998871148 0.005182081 -4.705727577 0.070424393 -0.001845930 0.997515440 192.596542358
0.996468842 0.044407643 -0.071258895 68.489837646 -0.044391867 0.999012589 0.001805863 -4.726712227 0.071268730 0.001363829 0.997456193 193.422454834
0.996284783 0.046665989 -0.072380170 68.424980164 -0.047048662 0.998886168 -0.003590128 -4.735651016 0.072132014 0.006982179 0.997370660 194.223876953
0.996120512 0.047967747 -0.073777154 68.359237671 -0.048339728 0.998825610 -0.003263588 -4.740249634 0.073533960 0.006817294 0.997269392 195.035400391
0.996015191 0.047783811 -0.075302072 68.289955139 -0.047429208 0.998853505 0.006491418 -4.750718117 0.075525925 -0.002894033 0.997139633 195.844955444
0.996005177 0.046271797 -0.076371863 68.227508545 -0.045223080 0.998858094 0.015405411 -4.757264614 0.076997489 -0.011890098 0.996960402 196.641265869
0.996209264 0.040386919 -0.077045582 68.169616699 -0.039162185 0.999082386 0.017342038 -4.767768383 0.077675276 -0.014259025 0.996876717 197.416336060
0.996192634 0.038498383 -0.078218438 68.110618591 -0.037783463 0.999229729 0.010600073 -4.769272804 0.078566276 -0.007604352 0.996879876 198.181838989
0.996170759 0.039587472 -0.077952705 68.051612854 -0.039303102 0.999213934 0.005179468 -4.762444973 0.078096472 -0.002095852 0.996943593 198.912399292
0.996247649 0.038954560 -0.077286497 67.993057251 -0.039129887 0.999233842 -0.000754873 -4.773462296 0.077197880 0.003776252 0.997008622 199.624252319
0.996409237 0.035476949 -0.076876640 67.935150146 -0.035881866 0.999348462 -0.003891808 -4.789660931 0.076688483 0.006636310 0.997033000 200.320861816
0.996678472 0.032392625 -0.074717887 67.900062561 -0.033125974 0.999414206 -0.008596267 -4.810051441 0.074395664 0.011042817 0.997167647 200.992630005
0.997058153 0.030369518 -0.070375763 67.853843689 -0.031154942 0.999463618 -0.010089563 -4.817256451 0.070031598 0.012252434 0.997469544 201.673645020
0.997388244 0.031347454 -0.065069400 67.806076050 -0.031768508 0.999480426 -0.005446028 -4.823610306 0.064864874 0.007498962 0.997865856 202.344100952
0.997649908 0.036205634 -0.058170330 67.757095337 -0.036038265 0.999342680 0.003924067 -4.842168331 0.058274165 -0.001818488 0.998298943 203.022598267
0.997681916 0.043441415 -0.052380204 67.714569092 -0.043079261 0.999039412 0.008023789 -4.856868744 0.052678455 -0.005748688 0.998594999 203.689453125
0.997951686 0.043885760 -0.046545990 67.683097839 -0.043629576 0.999026597 0.006506102 -4.866342068 0.046786208 -0.004461994 0.998894989 204.356201172
0.998320222 0.041821811 -0.040096249 67.662872314 -0.041919295 0.999119759 -0.001593215 -4.875268459 0.039994322 0.003271345 0.999194562 205.008285522
0.998559475 0.042382386 -0.032905214 67.642448425 -0.042761929 0.999025643 -0.010917412 -4.882528782 0.032410447 0.012308775 0.999398828 205.656448364
0.998630822 0.045476697 -0.025852226 67.624717712 -0.045905214 0.998813927 -0.016230848 -4.898630619 0.025083438 0.017395377 0.999534011 206.291656494
0.998831511 0.044667728 -0.018450500 67.607200623 -0.044951025 0.998872995 -0.015235913 -4.908769608 0.017749153 0.016047480 0.999713659 206.951095581
0.999082029 0.041032154 -0.012305067 67.608665466 -0.041155871 0.999102950 -0.009975177 -4.924819946 0.011884726 0.010472447 0.999874532 207.601379395
0.999416947 0.033598654 -0.006072873 67.619361877 -0.033623666 0.999426305 -0.004064796 -4.944893837 0.005932817 0.004266618 0.999973297 208.250015259
0.999605179 0.028094564 -0.000411106 67.625198364 -0.028095564 0.999601662 -0.002670737 -4.962517262 0.000335909 0.002681233 0.999996364 208.885604858
0.999560714 0.029423548 0.003552222 67.619476318 -0.029416334 0.999565125 -0.002066293 -4.969387531 -0.003611475 0.001960892 0.999991536 209.531188965
0.999440551 0.033172097 0.004267719 67.619911194 -0.033170998 0.999449611 -0.000327844 -4.977350712 -0.004276245 0.000186096 0.999990821 210.193328857
0.999440014 0.033209983 0.004093939 67.629653931 -0.033215530 0.999447346 0.001293723 -4.980034828 -0.004048713 -0.001428981 0.999990761 210.832763672
0.999454021 0.032869175 0.003365809 67.629043579 -0.032882668 0.999451101 0.004035105 -4.986774921 -0.003231331 -0.004143578 0.999986172 211.482955933
0.999401510 0.034433749 0.003300412 67.629554749 -0.034452949 0.999388635 0.005948447 -4.994202137 -0.003093567 -0.006058596 0.999976873 212.136627197
0.999065816 0.043103978 0.003092064 67.611297607 -0.043107532 0.999069870 0.001092692 -5.002242088 -0.003042088 -0.001224963 0.999994636 212.790420532
0.998852909 0.047827337 0.002315146 67.594635010 -0.047808431 0.998827398 -0.007629986 -5.011351109 -0.002677354 0.007510550 0.999968231 213.436233521
0.998962045 0.045550313 -0.000060746 67.593849182 -0.045545265 0.998829603 -0.016281871 -5.020704269 -0.000680969 0.016267737 0.999867439 214.093750000
0.999202132 0.039727259 -0.004110831 67.597732544 -0.039803285 0.998998284 -0.020449167 -5.031430721 0.003294324 0.020596474 0.999782443 214.748672485
0.999103606 0.041625470 -0.007698346 67.584083557 -0.041735861 0.999019325 -0.014782657 -5.038473606 0.007075462 0.015090703 0.999861121 215.415283203
0.998741686 0.048939764 -0.010950995 67.555625916 -0.048970591 0.998796940 -0.002564726 -5.045456409 0.010812303 0.003097775 0.999936759 216.092590332
0.998920202 0.044071194 -0.014701354 67.544181824 -0.043894585 0.998962581 0.012126978 -5.058820248 0.015220553 -0.011468573 0.999818385 216.774536133
0.999129176 0.037432365 -0.018430006 67.540397644 -0.037027031 0.999075055 0.021864006 -5.065134048 0.019231379 -0.021162558 0.999591053 217.478713989
0.999137282 0.035781391 -0.021079259 67.523765564 -0.035357725 0.999171793 0.020139882 -5.063038349 0.021782434 -0.019377192 0.999574959 218.159469604
0.998900294 0.040471673 -0.023668405 67.488349915 -0.040155433 0.999099672 0.013687592 -5.058147430 0.024201056 -0.012722125 0.999626160 218.845718384
0.998851895 0.038998738 -0.027820630 67.466644287 -0.038874414 0.999231637 0.004995911 -5.055169582 0.027994087 -0.003908664 0.999600470 219.529113770
0.999060869 0.030369218 -0.030903958 67.461799622 -0.030380031 0.999538422 0.000119665 -5.047710419 0.030893328 0.000819311 0.999522328 220.220748901
0.999243677 0.022725102 -0.031554651 67.446861267 -0.022569362 0.999731302 0.005283058 -5.051516056 0.031666230 -0.004566894 0.999488056 220.930145264
0.999331534 0.015982319 -0.032879341 67.427330017 -0.015691787 0.999835670 0.009075463 -5.052766323 0.033018984 -0.008553460 0.999418139 221.635025024
0.999330461 0.012719050 -0.034305729 67.403907776 -0.012307021 0.999849916 0.012195053 -5.062965393 0.034455687 -0.011764687 0.999336958 222.339584351
0.999316871 0.009958219 -0.035589643 67.403823853 -0.009617439 0.999906361 0.009733680 -5.081874371 0.035683241 -0.009384749 0.999319077 223.036453247
0.999319673 0.003722639 -0.036691926 67.385360718 -0.003551023 0.999982476 0.004741266 -5.080972672 0.036708932 -0.004607747 0.999315381 223.730270386
0.999286950 -0.004220804 -0.037520047 67.366661072 0.004358828 0.999984026 0.003597634 -5.082596779 0.037504263 -0.003758613 0.999289393 224.431686401
0.999256551 -0.005489156 -0.038160566 67.337509155 0.005756195 0.999959707 0.006891451 -5.089456081 0.038121197 -0.007105987 0.999247849 225.129531860
0.999216497 -0.006607026 -0.039022565 67.307510376 0.007044577 0.999913752 0.011085919 -5.089970112 0.038945954 -0.011352131 0.999176860 225.835235596
0.999167323 -0.008283354 -0.039950877 67.291183472 0.008858471 0.999859393 0.014240116 -5.097926617 0.039827302 -0.014582162 0.999100149 226.506942749
0.999140382 -0.009792150 -0.040280994 67.259452820 0.010282919 0.999875188 0.011994551 -5.102641582 0.040158514 -0.012398447 0.999116421 227.200027466
0.999123752 -0.012533903 -0.039933041 67.235076904 0.012730367 0.999908090 0.004669359 -5.109254360 0.039870843 -0.005173630 0.999191463 227.869934082
0.999092638 -0.014328190 -0.040107500 67.209716797 0.014141168 0.999887764 -0.004942875 -5.114299774 0.040173821 0.004371223 0.999183118 228.532882690
0.999108016 -0.012937300 -0.040196404 67.180000305 0.012534291 0.999868810 -0.010261920 -5.118459225 0.040323891 0.009748934 0.999139130 229.223464966
0.999155641 -0.009494296 -0.039973162 67.145782471 0.009137109 0.999916792 -0.009108917 -5.126896858 0.040056318 0.008735986 0.999159217 229.883789062
0.999126732 -0.011553661 -0.040152941 67.123466492 0.011451799 0.999930620 -0.002765923 -5.140167713 0.040182110 0.002303685 0.999189734 230.552658081
0.999072671 -0.013791339 -0.040787842 67.100280762 0.014012037 0.999888659 0.005129947 -5.152306557 0.040712550 -0.005696711 0.999154687 231.204635620
0.999052763 -0.013436308 -0.041388981 67.079612732 0.013850105 0.999856770 0.009727283 -5.159716129 0.041252352 -0.010291311 0.999095738 231.838607788
0.999050736 -0.012259156 -0.041801214 67.047233582 0.012815611 0.999832451 0.013070021 -5.169930935 0.041633986 -0.013593322 0.999040484 232.446060181
0.998907864 -0.014242345 -0.044499226 67.020675659 0.014956690 0.999763906 0.015761467 -5.169611454 0.044264238 -0.016409814 0.998885095 233.047714233
0.998558581 -0.020602673 -0.049561411 66.996269226 0.021390032 0.999652445 0.015408911 -5.176091671 0.049226720 -0.016446820 0.998652220 233.625503540
0.998035192 -0.025061127 -0.057425570 66.959434509 0.025857979 0.999578774 0.013175358 -5.177995205 0.057071194 -0.014634380 0.998262823 234.175201416
0.997283399 -0.027698321 -0.068254232 66.924186707 0.028393989 0.999554098 0.009243153 -5.187171936 0.067967780 -0.011156053 0.997625113 234.708908081
0.996203184 -0.029033845 -0.082074635 66.855606079 0.029597320 0.999545872 0.005656844 -5.188292980 0.081873119 -0.008064555 0.996610105 235.240219116
0.994400084 -0.030072501 -0.101312071 66.814765930 0.030560009 0.999527633 0.003263001 -5.195931911 0.101166084 -0.006340827 0.994849324 235.707366943
0.991808355 -0.033540003 -0.123252608 66.740272522 0.034254666 0.999406338 0.003683265 -5.196347237 0.123055898 -0.007875070 0.992368519 236.213684082
0.988500953 -0.031021012 -0.147998720 66.645713806 0.032259654 0.999461651 0.005975631 -5.203235626 0.147733688 -0.010681303 0.988969505 236.712249756
0.983913124 -0.031102331 -0.175919190 66.537048340 0.033174776 0.999410391 0.008851253 -5.214283466 0.175540179 -0.014544944 0.984364808 237.188415527
0.977665067 -0.032469817 -0.207645610 66.413772583 0.034877975 0.999359965 0.007945944 -5.221169472 0.207254723 -0.015010729 0.978171825 237.660522461
0.969310164 -0.031135526 -0.243861437 66.297233582 0.033303984 0.999433875 0.004773160 -5.228217125 0.243574768 -0.012748229 0.969798326 238.088287354
0.958619297 -0.027176250 -0.283391058 66.129562378 0.028422348 0.999595940 0.000285617 -5.233385086 0.283268809 -0.008328437 0.959004402 238.528976440
0.945222020 -0.023048941 -0.325613320 65.935447693 0.023340072 0.999723017 -0.003012796 -5.243302822 0.325592577 -0.004752076 0.945498228 238.952178955
0.928789854 -0.016925037 -0.370220155 65.763763428 0.016603736 0.999853909 -0.004054836 -5.250909805 0.370234698 -0.002380946 0.928935170 239.322647095
0.908769369 -0.008478850 -0.417212546 65.557250977 0.006528718 0.999960065 -0.006100998 -5.241266727 0.417247623 0.002820537 0.908788443 239.709564209
0.885852098 0.004356757 -0.463947237 65.303588867 -0.008115144 0.999948442 -0.006104757 -5.252017021 0.463896722 0.009172910 0.885841787 240.058746338
0.858759463 0.016748853 -0.512105107 65.031646729 -0.021719405 0.999757171 -0.003723764 -5.264987946 0.511918426 0.014320437 0.858914733 240.415908813
0.827438235 0.025698714 -0.560968459 64.756881714 -0.031687729 0.999497354 -0.000951644 -5.265254974 0.560662031 0.018563243 0.827836633 240.741928101
0.792701960 0.032394528 -0.608748019 64.461303711 -0.038290922 0.999261141 0.003313859 -5.263099670 0.608405590 0.020682620 0.793356717 241.050994873
0.755400717 0.040378954 -0.654017806 64.148216248 -0.042544093 0.999015868 0.012539991 -5.260831356 0.653880537 0.018351873 0.756375194 241.346054077
0.716031551 0.052169692 -0.696115792 63.817684174 -0.047128346 0.998540998 0.026357962 -5.251688957 0.696475208 0.013933650 0.717445552 241.627517700
0.675082088 0.064034186 -0.734958410 63.470748901 -0.051744748 0.997882307 0.039412621 -5.243933678 0.735925734 0.011423484 0.676965892 241.892166138
0.631867111 0.073109150 -0.771621048 63.118904114 -0.055571709 0.997252584 0.048980460 -5.232924938 0.773082018 0.011931158 0.634193897 242.124221802
0.587526500 0.076822542 -0.805550098 62.755699158 -0.055023365 0.996972084 0.054946601 -5.216834545 0.807332039 0.012041486 0.589974523 242.334716797
0.542446971 0.079151139 -0.836353064 62.392425537 -0.054682229 0.996767104 0.058866337 -5.188870907 0.838308513 0.013801778 0.545021474 242.494430542
0.495541573 0.076984048 -0.865165949 62.019081116 -0.048222996 0.996966600 0.061091200 -5.171038151 0.867244601 0.011447661 0.497750759 242.632324219
0.442737341 0.071097255 -0.893828273 61.689956665 -0.039227337 0.997432828 0.059907854 -5.157766342 0.895792961 0.008539043 0.444389701 242.793426514
0.390378296 0.063307948 -0.918475389 61.298141479 -0.030416157 0.997975230 0.055859920 -5.125904083 0.920152009 0.006129985 0.391513407 242.920532227
0.337158501 0.058067046 -0.939655542 60.885009766 -0.026400391 0.998286724 0.052217484 -5.094984055 0.941077709 0.007201699 0.338113844 243.027069092
0.285445213 0.055667702 -0.956777036 60.446762085 -0.025483277 0.998399556 0.050486721 -5.063251495 0.958056211 0.009970616 0.286406934 243.125717163
0.236088276 0.056451071 -0.970090568 59.997604370 -0.025829496 0.998322964 0.051807906 -5.042076588 0.971388340 0.012825707 0.237150431 243.196319580
0.188787878 0.057163261 -0.980352879 59.561157227 -0.022459920 0.998294592 0.053884290 -5.026486874 0.981761098 0.011845941 0.189749777 243.256134033
0.145390928 0.056351304 -0.987768352 59.087600708 -0.020059228 0.998339355 0.054001831 -5.002841949 0.989171088 0.011962486 0.146279812 243.297256470
0.105046868 0.055393875 -0.992923379 58.601745605 -0.018931894 0.998377860 0.053695269 -4.977894783 0.994287133 0.013157391 0.105925202 243.320190430
0.070050359 0.054107018 -0.996075153 58.130538940 -0.017186536 0.998445153 0.053027093 -4.959974289 0.997395515 0.013404502 0.070871353 243.325256348
0.040781140 0.051306676 -0.997850060 57.626739502 -0.017827744 0.998559117 0.050614540 -4.932700157 0.999009192 0.015725289 0.041637063 243.319320679
0.015724838 0.049185760 -0.998666048 57.109008789 -0.017956868 0.998642147 0.048901845 -4.908114433 0.999715269 0.017163929 0.016586661 243.305450439
-0.006627083 0.048137020 -0.998818874 56.612579346 -0.018900208 0.998656213 0.048254587 -4.888475895 0.999799550 0.019197665 -0.005708456 243.278808594
-0.025373220 0.046309046 -0.998605072 56.074356079 -0.021123741 0.998678625 0.046849187 -4.865476131 0.999455035 0.022282979 -0.024361491 243.248886108
-0.039871335 0.045423456 -0.998171926 55.522277832 -0.024045015 0.998633265 0.046404913 -4.843406677 0.998915553 0.025851279 -0.038724661 243.208908081
-0.050193429 0.043728918 -0.997781873 54.949829102 -0.025608771 0.998656213 0.045055486 -4.822403908 0.998411238 0.027813450 -0.049006104 243.168853760
-0.056614995 0.041743744 -0.997523069 54.365737915 -0.025665637 0.998734534 0.043251108 -4.794654846 0.998066187 0.028050724 -0.055472016 243.128906250
-0.060166359 0.041306928 -0.997333407 53.771484375 -0.026280092 0.998731494 0.042950239 -4.772748947 0.997842431 0.028794166 -0.059004426 243.089096069
-0.062197804 0.041457236 -0.997202516 53.148895264 -0.025557805 0.998743117 0.043115385 -4.742434502 0.997736633 0.028167980 -0.061060071 243.049468994
-0.063001752 0.042034112 -0.997127891 52.513504028 -0.025418011 0.998721004 0.043707263 -4.722173214 0.997689784 0.028098637 -0.061852694 242.995117188
-0.062849760 0.042278171 -0.997127175 51.848510742 -0.024915084 0.998724461 0.043916319 -4.688951492 0.997712016 0.027603636 -0.061716318 242.951782227
-0.062252045 0.042687740 -0.997147262 51.172622681 -0.024226738 0.998725891 0.044267800 -4.664312363 0.997766495 0.026913378 -0.061138630 242.910797119
-0.061696172 0.040344425 -0.997279346 50.473327637 -0.022632232 0.998869240 0.041808877 -4.632510185 0.997838438 0.025150102 -0.060713291 242.868103027
-0.060821891 0.037993785 -0.997425377 49.763931274 -0.020310633 0.999021292 0.039293099 -4.610296249 0.997942090 0.022648217 -0.059990764 242.829986572
-0.059169054 0.036939457 -0.997564316 49.010925293 -0.019467665 0.999082386 0.038150366 -4.580096722 0.998058200 0.021677567 -0.058395624 242.778442383
-0.057896852 0.036013622 -0.997672915 48.249664307 -0.020171147 0.999102890 0.037235815 -4.546242237 0.998118877 0.022280039 -0.057118535 242.726593018
-0.056550026 0.035681184 -0.997762084 47.461776733 -0.020293018 0.999113679 0.036879666 -4.516696453 0.998193622 0.022333145 -0.055775762 242.679046631
-0.054907680 0.036442209 -0.997826397 46.655792236 -0.018554149 0.999123991 0.037510589 -4.487964153 0.998319268 0.020573428 -0.054183483 242.627731323
-0.053624749 0.037122741 -0.997871041 45.826766968 -0.015691552 0.999154031 0.038013726 -4.461258888 0.998438060 0.017696613 -0.052996874 242.585235596
-0.051838994 0.036973301 -0.997970879 44.965148926 -0.012960733 0.999205351 0.037692279 -4.429801464 0.998571455 0.014888359 -0.051318526 242.548736572
-0.050629258 0.037564315 -0.998010874 44.103027344 -0.011609422 0.999202728 0.038198125 -4.409160614 0.998650074 0.013520270 -0.050152779 242.506759644
-0.049408078 0.039931055 -0.997980297 43.227615356 -0.010443432 0.999125183 0.040493902 -4.375517845 0.998724222 0.012423056 -0.048947811 242.461563110
-0.048150063 0.044336300 -0.997855604 42.335006714 -0.009118536 0.998953223 0.044825066 -4.340323448 0.998798490 0.011257311 -0.047695279 242.415222168
-0.047424316 0.049156543 -0.997664630 41.435241699 -0.007248487 0.998745143 0.049554344 -4.312753201 0.998848617 0.009581640 -0.047008514 242.375122070
-0.046909928 0.049947742 -0.997649610 40.546005249 -0.007604670 0.998702288 0.050358020 -4.277859211 0.998870194 0.009949083 -0.046469212 242.327423096
-0.047965646 0.047074459 -0.997739196 39.669326782 -0.008075858 0.998837888 0.047514543 -4.247148991 0.998816431 0.010336658 -0.047529697 242.283157349
-0.049156785 0.042812493 -0.997873247 38.775238037 -0.006590688 0.999045253 0.043187451 -4.219433784 0.998769462 0.008699622 -0.048827648 242.235076904
-0.050855279 0.041784618 -0.997831583 37.889205933 -0.004605720 0.999103963 0.042072631 -4.185579300 0.998695433 0.006735345 -0.050617218 242.189483643
-0.053677559 0.046565793 -0.997472048 37.004623413 -0.002042263 0.998904884 0.046742585 -4.152713299 0.998556316 0.004546123 -0.053523660 242.144683838
-0.056302905 0.052998543 -0.997006238 36.103775024 -0.000284591 0.998589218 0.053098772 -4.124208450 0.998413801 0.003273345 -0.056208372 242.082000732
-0.059501171 0.057109445 -0.996593356 35.215667725 0.002043262 0.998367012 0.057089098 -4.089198589 0.998226225 0.001360566 -0.059520721 242.038482666
-0.062341094 0.056947824 -0.996428907 34.339340210 0.004516003 0.998376667 0.056776602 -4.050688267 0.998044670 -0.000960361 -0.062497139 241.982910156
-0.065261364 0.055291831 -0.996335268 33.455963135 0.004400854 0.998469949 0.055122040 -4.012223721 0.997858584 -0.000787394 -0.065404773 241.921478271
-0.067830801 0.052223325 -0.996329129 32.578018188 0.002373321 0.998634756 0.052182600 -3.974451065 0.997694016 0.001174976 -0.067862153 241.854263306
-0.070215106 0.050275981 -0.996264160 31.700134277 0.000830163 0.998731673 0.050341997 -3.935259819 0.997531593 0.002707709 -0.070167780 241.789276123
-0.071738720 0.049735032 -0.996182799 30.840393066 0.000946386 0.998758972 0.049795505 -3.905571938 0.997423112 0.002629487 -0.071696758 241.716049194
-0.073392034 0.048611101 -0.996117949 29.960632324 -0.002966608 0.998796344 0.048960388 -3.881670475 0.997298956 0.006548383 -0.073159456 241.645339966
-0.074027896 0.044905011 -0.996244729 29.098968506 -0.007509107 0.998932302 0.045584131 -3.849330664 0.997228026 0.010855403 -0.073611736 241.565063477
-0.074698329 0.042067964 -0.996318638 28.237762451 -0.009355280 0.999036252 0.042884123 -3.826356649 0.997162461 0.012524200 -0.074232817 241.493637085
-0.073912740 0.040898383 -0.996425748 27.383361816 -0.011461683 0.999057889 0.041856620 -3.796817541 0.997198880 0.014514453 -0.073374271 241.425506592
-0.072405457 0.041121472 -0.996527195 26.525177002 -0.012288597 0.999037087 0.042117905 -3.773169994 0.997299552 0.015295490 -0.071830392 241.361160278
-0.070492625 0.040930085 -0.996672213 25.679183960 -0.011102217 0.999063730 0.041813537 -3.750470638 0.997450531 0.014012819 -0.069972157 241.297042847
-0.068322778 0.041885316 -0.996783793 24.826232910 -0.009757714 0.999042451 0.042649057 -3.722976923 0.997615695 0.012640226 -0.067848682 241.236007690
-0.066639781 0.043203231 -0.996841371 23.985290527 -0.007597698 0.999011219 0.043805186 -3.699880838 0.997748196 0.010492868 -0.066245675 241.182479858
-0.064724088 0.045226730 -0.996877909 23.140502930 -0.002498949 0.998961985 0.045483533 -3.674121857 0.997900188 0.005435019 -0.064543843 241.132781982
-0.062709928 0.045411400 -0.996998131 22.303802490 0.002826784 0.998968363 0.045323338 -3.645988464 0.998027802 0.000023923 -0.062773585 241.088302612
-0.060825348 0.043492187 -0.997200608 21.475601196 0.001986836 0.999053538 0.043451820 -3.616507530 0.998146594 0.000661691 -0.060854197 241.037918091
-0.059416890 0.042779882 -0.997316182 20.644851685 0.001866449 0.999084294 0.042744529 -3.592311859 0.998231590 0.000678304 -0.059442282 240.990020752
-0.058246493 0.043462336 -0.997355700 19.819808960 0.005417092 0.999050915 0.043219846 -3.566270351 0.998287559 -0.002885362 -0.058426619 240.939239502
-0.058262587 0.046980437 -0.997195184 18.992324829 0.007969039 0.998882115 0.046594311 -3.534114361 0.998269498 -0.005231983 -0.058571815 240.892837524
-0.058761477 0.051172607 -0.996959746 18.163726807 0.005722857 0.998686135 0.050923921 -3.511692047 0.998255789 -0.002713102 -0.058977127 240.832214355
-0.060405731 0.053309545 -0.996749341 17.344375610 0.004252692 0.998577535 0.053149596 -3.479329586 0.998164833 -0.001028327 -0.060546517 240.782669067
-0.063299179 0.051677093 -0.996655762 16.529785156 0.003532745 0.998663843 0.051556841 -3.451826096 0.997988403 -0.000257423 -0.063397169 240.732940674
-0.065677762 0.048746578 -0.996649504 15.717773438 0.002246414 0.998810709 0.048704248 -3.422237873 0.997838378 0.000959896 -0.065709114 240.668945312
-0.069156766 0.045389004 -0.996572793 14.925048828 0.001578983 0.998968184 0.045388531 -3.394488811 0.997604609 0.001565348 -0.069157004 240.597625732
-0.073709249 0.043790612 -0.996318042 14.118957520 0.001025604 0.999038279 0.043834306 -3.365897179 0.997279406 0.002209161 -0.073683262 240.537994385
-0.078580022 0.042842485 -0.995986819 13.319061279 -0.000548522 0.999074101 0.043018565 -3.340523243 0.996907711 0.003926722 -0.078483820 240.466659546
-0.083571792 0.043106128 -0.995569110 12.523925781 -0.002687111 0.999050558 0.043482438 -3.317006588 0.996498287 0.006309106 -0.083376646 240.393280029
-0.087924480 0.044565760 -0.995129883 11.731201172 -0.005193639 0.998964608 0.045196380 -3.294249535 0.996113777 0.009142205 -0.087602019 240.317321777
-0.092437387 0.047226612 -0.994598031 10.940979004 -0.007363562 0.998814821 0.048111208 -3.267676115 0.995691359 0.011771051 -0.091980100 240.235992432
-0.096729517 0.048354354 -0.994135618 10.156555176 -0.012350429 0.998683989 0.049777288 -3.243705750 0.995234251 0.017092925 -0.096004963 240.147994995
-0.099785566 0.047981326 -0.993851483 9.365325928 -0.015521951 0.998640060 0.049770959 -3.217402697 0.994887948 0.020392932 -0.098905087 240.058975220
-0.101880550 0.046295669 -0.993718863 8.596588135 -0.019874556 0.998622417 0.048561748 -3.190106869 0.994598150 0.024697213 -0.100820065 239.967727661
-0.103226066 0.045266882 -0.993627429 7.838623047 -0.025174428 0.998524964 0.048105326 -3.161176920 0.994339406 0.029979717 -0.101934195 239.877029419
-0.104238272 0.045442905 -0.993513763 7.078399658 -0.028733548 0.998400986 0.048681136 -3.136199713 0.994137347 0.033621605 -0.102765918 239.786178589
-0.104895234 0.045914106 -0.993422925 6.339782715 -0.030785274 0.998305023 0.049390353 -3.113156319 0.994006813 0.035763599 -0.103303909 239.702819824
-0.104889393 0.045466051 -0.993444204 5.613403320 -0.034111053 0.998202085 0.049285296 -3.088056803 0.993898869 0.039056916 -0.103149891 239.616836548
-0.104665637 0.045612644 -0.993461072 4.904907227 -0.036906824 0.998081386 0.049713083 -3.067408323 0.993822575 0.041868731 -0.102781415 239.532608032
-0.104119658 0.045670878 -0.993515670 4.208251953 -0.039245710 0.997978389 0.049988944 -3.043505192 0.993790209 0.044196051 -0.102116823 239.453277588
-0.102974892 0.046318006 -0.993605077 3.526031494 -0.040420353 0.997895300 0.050707076 -3.018918514 0.993862450 0.045383420 -0.100885987 239.377960205
-0.100178361 0.047611602 -0.993829787 2.861511230 -0.041620221 0.997779608 0.051996164 -2.998751879 0.994098723 0.046572298 -0.097974420 239.302078247
-0.097366571 0.047742009 -0.994102836 2.187133789 -0.042378947 0.997743964 0.052067645 -2.974273205 0.994345903 0.047198683 -0.095123649 239.247161865
-0.094860315 0.046903562 -0.994385123 1.546783447 -0.044263572 0.997702777 0.051282614 -2.954764128 0.994506121 0.048879713 -0.092566252 239.183929443
-0.091513753 0.045518883 -0.994763076 0.923858643 -0.043872695 0.997800410 0.049693964 -2.933568001 0.994837046 0.048190609 -0.089315414 239.121643066
-0.088671446 0.044824596 -0.995051861 0.312347412 -0.041980002 0.997931063 0.048695233 -2.913310766 0.995175958 0.046090152 -0.086606264 239.069061279
-0.085682034 0.044361588 -0.995334506 -0.282623291 -0.039898422 0.998054147 0.047917403 -2.893689394 0.995523393 0.043817930 -0.083745360 239.021209717
-0.082506776 0.044951510 -0.995576203 -0.870697021 -0.040424880 0.998009086 0.048411507 -2.872107267 0.995770276 0.044240329 -0.080525398 238.973358154
-0.078766346 0.046112984 -0.995826185 -1.436035156 -0.041123256 0.997928977 0.049463067 -2.853584528 0.996044695 0.044847626 -0.076706886 238.928634644
-0.075027943 0.046090819 -0.996115804 -1.994003296 -0.042230275 0.997888207 0.049353633 -2.837472916 0.996286929 0.045769136 -0.072923064 238.893783569
-0.070471406 0.045608036 -0.996470749 -2.529129028 -0.041732874 0.997944772 0.048626892 -2.817341566 0.996640563 0.045012377 -0.068423152 238.855773926
-0.065741777 0.046270113 -0.996763349 -3.043441772 -0.040764391 0.997965872 0.049014565 -2.805839300 0.997003675 0.043854754 -0.063721895 238.825149536
-0.061429501 0.046965599 -0.997005820 -3.535140991 -0.040438563 0.997955024 0.049501892 -2.788838148 0.997291863 0.043358359 -0.059404612 238.795196533
-0.057016492 0.047836527 -0.997226715 -4.013046265 -0.038414557 0.998006642 0.050070297 -2.772981405 0.997634113 0.041162837 -0.055065155 238.770477295
-0.052472711 0.049040999 -0.997417629 -4.477203369 -0.038628504 0.997946262 0.051099177 -2.756706715 0.997875154 0.041210044 -0.050470471 238.745407104
-0.047551513 0.050916173 -0.997570395 -4.929748535 -0.039014470 0.997843206 0.052789818 -2.747671127 0.998106718 0.041429903 -0.045462489 238.728744507
-0.042880893 0.052068342 -0.997722566 -5.362838745 -0.039240330 0.997782707 0.053757980 -2.735197067 0.998309374 0.041456141 -0.040742636 238.714157104
-0.037370682 0.052648943 -0.997913659 -5.782531738 -0.038457040 0.997795641 0.054082885 -2.720503807 0.998561263 0.040397912 -0.035263538 238.701660156
-0.031199098 0.053251944 -0.998093724 -6.174926758 -0.037497967 0.997814357 0.054409180 -2.702199936 0.998809695 0.039123993 -0.029134154 238.693176270
-0.025055528 0.052520625 -0.998305440 -6.559234619 -0.036026087 0.997922897 0.053404689 -2.687380314 0.999036670 0.037303127 -0.023111463 238.688156128
-0.019027114 0.051242929 -0.998504996 -6.929275513 -0.034261048 0.998065829 0.051873252 -2.673992634 0.999231875 0.035196818 -0.017234683 238.687805176
-0.013085842 0.050395131 -0.998643816 -7.269241333 -0.033420093 0.998149097 0.050808091 -2.659202814 0.999355912 0.034039620 -0.011377454 238.689559937
-0.007550716 0.049733717 -0.998734057 -7.585723877 -0.032593541 0.998219490 0.049954511 -2.651322603 0.999440253 0.032929465 -0.005916357 238.688446045
-0.002842426 0.049776778 -0.998756289 -7.886886597 -0.032658052 0.998223007 0.049843144 -2.647658110 0.999462545 0.032759111 -0.001211762 238.696838379
0.001755953 0.050165016 -0.998739481 -8.174438477 -0.032460090 0.998217463 0.050081730 -2.632314682 0.999471545 0.032331228 0.003381193 238.701828003
0.006088972 0.050126903 -0.998724461 -8.421752930 -0.032462224 0.998226345 0.049903989 -2.625982285 0.999454558 0.032116942 0.007705390 238.699264526
0.009765387 0.047889005 -0.998805046 -8.637741089 -0.030572759 0.998399913 0.047570672 -2.614568472 0.999484956 0.030071672 0.011213839 238.716125488
0.013190985 0.042809930 -0.998996198 -8.835723877 -0.028814916 0.998684406 0.042416088 -2.609627008 0.999497771 0.028226478 0.014407158 238.722381592
0.015691757 0.039165933 -0.999109566 -9.005569458 -0.027444007 0.998872936 0.038725629 -2.606814861 0.999500275 0.026811890 0.016748965 238.735321045
0.017740905 0.039563626 -0.999059558 -9.147094727 -0.027267763 0.998864293 0.039071687 -2.604136944 0.999470711 0.026548952 0.018799603 238.740264893
0.019126952 0.041204263 -0.998967648 -9.266387939 -0.027509356 0.998793840 0.040670380 -2.601833105 0.999438584 0.026703058 0.020237386 238.742645264
0.020198703 0.040325526 -0.998982549 -9.361129761 -0.027720209 0.998824716 0.039758675 -2.597980499 0.999411762 0.026888922 0.021292806 238.744445801
0.021010399 0.037763853 -0.999065876 -9.439010620 -0.027406728 0.998932600 0.037182450 -2.594482422 0.999403656 0.026599899 0.022022963 238.749145508
0.021686435 0.036007166 -0.999116302 -9.502578735 -0.026792400 0.999013245 0.035421908 -2.589707375 0.999405801 0.026000541 0.022629797 238.747879028
0.021646857 0.035444312 -0.999137163 -9.552719116 -0.026724668 0.999034762 0.034861673 -2.590541840 0.999408424 0.025946964 0.022573233 238.752029419
0.021811903 0.035672382 -0.999125600 -9.593566895 -0.026904177 0.999022245 0.035081349 -2.589471340 0.999400139 0.026115453 0.022750318 238.752853394
0.021695137 0.035562955 -0.999132037 -9.623550415 -0.026965385 0.999024391 0.034973599 -2.588466167 0.999401033 0.026183216 0.022632957 238.757827759
0.021879315 0.035345372 -0.999135733 -9.637023926 -0.027002031 0.999031186 0.034750376 -2.589009047 0.999396026 0.026218371 0.022812486 238.752807617
0.022004843 0.035386100 -0.999131501 -9.647140503 -0.026963791 0.999030888 0.034788687 -2.589768410 0.999394238 0.026174849 0.022937655 238.751998901
0.021924198 0.035196576 -0.999139905 -9.641540527 -0.027058251 0.999034882 0.034599137 -2.589147568 0.999393404 0.026276421 0.022855401 238.753158569
0.022056043 0.034083165 -0.999175668 -9.636474609 -0.027442319 0.999062777 0.033473548 -2.592126369 0.999380112 0.026681399 0.022970736 238.747894287
0.021824002 0.032029487 -0.999248803 -9.635986328 -0.027608272 0.999124825 0.031422541 -2.593242168 0.999380708 0.026901759 0.022689164 238.754135132
0.022273958 0.031623751 -0.999251723 -9.637359619 -0.027813552 0.999132335 0.030999990 -2.594393730 0.999365032 0.027102241 0.023134232 238.744628906
0.021873236 0.032100968 -0.999245346 -9.635375977 -0.027380392 0.999128699 0.031497873 -2.591784954 0.999385834 0.026670765 0.022733092 238.753570557
0.021872461 0.031815566 -0.999254525 -9.636291504 -0.027320947 0.999139249 0.031213874 -2.591010571 0.999387503 0.026617849 0.022722840 238.754074097
0.022093117 0.031724419 -0.999252439 -9.637145996 -0.027485628 0.999137878 0.031113083 -2.594592094 0.999378026 0.026777694 0.022946060 238.748901367
0.022083223 0.031188399 -0.999269664 -9.644195557 -0.027422238 0.999156117 0.030578841 -2.590637445 0.999380112 0.026726924 0.022919834 238.749343872
0.022282600 0.030551706 -0.999284863 -9.656341553 -0.027236970 0.999180496 0.029941170 -2.590081930 0.999380708 0.026550321 0.023096502 238.748352051
0.022296906 0.030514684 -0.999285638 -9.664581299 -0.027464546 0.999175549 0.029898511 -2.589593172 0.999374151 0.026778279 0.023116589 238.747787476
0.022196174 0.030712089 -0.999281824 -9.680755615 -0.027383115 0.999171734 0.030100467 -2.590452909 0.999378562 0.026695332 0.023018777 238.750686646
0.022516906 0.030471956 -0.999282062 -9.706710815 -0.027305331 0.999181271 0.029853610 -2.588622808 0.999373615 0.026613513 0.023330510 238.747817993
0.022478104 0.030154379 -0.999292612 -9.734359741 -0.027199946 0.999193490 0.029539552 -2.586932898 0.999377429 0.026516706 0.023280203 238.751342773
0.022359312 0.029278500 -0.999321282 -9.764068604 -0.027040778 0.999223113 0.028670600 -2.585270882 0.999384344 0.026381364 0.023133695 238.758895874
0.022905886 0.027132804 -0.999369383 -9.804702759 -0.027120151 0.999280632 0.026508791 -2.586410999 0.999369740 0.026495839 0.023625255 238.755050659
0.023583412 0.024647359 -0.999418139 -9.857467651 -0.027095893 0.999344528 0.024006158 -2.587015152 0.999354720 0.026513971 0.024235785 238.756729126
0.024833560 0.022368483 -0.999441326 -9.935714722 -0.026753778 0.999406457 0.021702940 -2.582747936 0.999333560 0.026199868 0.025417268 238.761749268
0.027365744 0.021411888 -0.999396265 -10.042648315 -0.026729725 0.999428749 0.020680664 -2.583953142 0.999268174 0.026147639 0.027922451 238.761993408
0.030994892 0.020266593 -0.999314249 -10.158859253 -0.026503889 0.999459505 0.019447491 -2.581072569 0.999168277 0.025882933 0.031515300 238.768249512
0.036784112 0.018430060 -0.999153316 -10.302185059 -0.025897574 0.999511719 0.017483244 -2.580394745 0.998987675 0.025232540 0.037243426 238.775436401
0.044527590 0.017000111 -0.998863637 -10.461624146 -0.025881164 0.999539256 0.015857872 -2.577056408 0.998672962 0.025145635 0.044947088 238.786346436
0.053860247 0.016526347 -0.998411775 -10.642440796 -0.026261294 0.999540627 0.015128342 -2.573975563 0.998203158 0.025404768 0.054269552 238.812789917
0.066161156 0.016574459 -0.997671425 -10.838409424 -0.027785180 0.999504924 0.014762326 -2.573291540 0.997422159 0.026743781 0.066588938 238.825378418
0.079851091 0.015741302 -0.996682525 -11.047714233 -0.029337538 0.999479294 0.013435040 -2.565917492 0.996375024 0.028167408 0.080271304 238.862594604
0.096491873 0.017017297 -0.995188296 -11.244506836 -0.029758375 0.999456167 0.014204948 -2.569952488 0.994888842 0.028244521 0.096945822 238.891525269
0.115571141 0.021483919 -0.993067026 -11.482681274 -0.028933182 0.999414682 0.018254057 -2.565078974 0.992877901 0.026622940 0.116125107 238.943450928
0.138666987 0.026279569 -0.989990473 -11.729797363 -0.029648697 0.999309957 0.022374094 -2.568261623 0.989895284 0.026249371 0.139350474 238.989318848
0.162765622 0.027121080 -0.986292005 -11.980789185 -0.031108381 0.999266207 0.022344097 -2.565995693 0.986174285 0.027045093 0.163489878 239.043762207
0.189452171 0.025989668 -0.981546044 -12.243652344 -0.029035686 0.999360740 0.020857075 -2.561339378 0.981460631 0.024548436 0.190085709 239.122100830
0.219673455 0.025874503 -0.975230277 -12.498214722 -0.026953503 0.999427617 0.020445142 -2.558810234 0.975201070 0.021794617 0.220245123 239.206939697
0.253189445 0.026165267 -0.967062771 -12.770095825 -0.023272283 0.999509633 0.020950180 -2.562054634 0.967136741 0.017201398 0.253674209 239.306838989
0.289444506 0.026857527 -0.956817985 -13.035568237 -0.019130543 0.999568939 0.022270400 -2.560965061 0.957003653 0.011858400 0.289833486 239.418151855
0.329001307 0.030629467 -0.943832576 -13.290512085 -0.018001772 0.999495625 0.026160797 -2.560124874 0.944157839 0.008383723 0.329386771 239.547866821
0.371477783 0.035888057 -0.927748084 -13.572792053 -0.020144466 0.999328971 0.030591018 -2.554263592 0.928223372 0.007325103 0.371951401 239.689254761
0.416370630 0.040473316 -0.908293724 -13.872512817 -0.025871821 0.999131560 0.032661133 -2.548142195 0.908826828 0.009900073 0.417056203 239.853332520
0.463397741 0.043711565 -0.885071695 -14.158760071 -0.031112412 0.998969436 0.033047151 -2.543271065 0.885604084 0.012222738 0.464280128 240.029785156
0.510432661 0.044948291 -0.858742177 -14.443870544 -0.031224849 0.998943210 0.033726778 -2.533148766 0.859350622 0.009598845 0.511296749 240.245712280
0.558148503 0.044377279 -0.828553617 -14.714637756 -0.029381670 0.998999536 0.033713631 -2.526917458 0.829220772 0.005527071 0.558893919 240.482299805
0.605684698 0.041328046 -0.794630766 -14.958023071 -0.026632071 0.999143660 0.031665042 -2.529366493 0.795258939 0.001983630 0.606266677 240.734741211
0.652760506 0.037370946 -0.756641984 -15.217128754 -0.026766056 0.999296606 0.026264518 -2.519280672 0.757091343 0.003107883 0.653301656 241.016601562
0.699155807 0.032725517 -0.714220047 -15.466293335 -0.027429257 0.999444246 0.018943751 -2.512923717 0.714443028 0.006345889 0.699664831 241.322921753
0.744530916 0.031763460 -0.666831851 -15.724622726 -0.031156715 0.999432325 0.012819255 -2.497872829 0.666860461 0.011231959 0.745097935 241.649414062
0.787708759 0.032499712 -0.615189970 -15.931504250 -0.033825606 0.999382734 0.009484758 -2.496022701 0.615118504 0.013337945 0.788321853 241.971359253
0.826518297 0.032109737 -0.561993301 -16.143804550 -0.032231938 0.999433339 0.009699857 -2.491211176 0.561986268 0.010097021 0.827084959 242.358901978
0.860352755 0.029524526 -0.508843243 -16.338953018 -0.028861264 0.999541104 0.009197547 -2.493009567 0.508881330 0.006772724 0.860810041 242.772216797
0.890081406 0.025637684 -0.455079973 -16.535749435 -0.024447991 0.999664962 0.008500468 -2.491575956 0.455145448 0.003559681 0.890410006 243.217910767
0.915229142 0.022732807 -0.402292013 -16.686470032 -0.021731958 0.999738932 0.007052471 -2.493566513 0.402347326 0.002287964 0.915484250 243.673049927
0.935893476 0.019805402 -0.351725996 -16.821128845 -0.019633265 0.999799013 0.004056499 -2.496827841 0.351735651 0.003109080 0.936094224 244.152404785
0.952473700 0.018719591 -0.304045171 -16.949131012 -0.020080071 0.999797463 -0.001348283 -2.491643190 0.303958327 0.007389453 0.952656686 244.644165039
0.965802550 0.018428642 -0.258622855 -17.054981232 -0.020296637 0.999783635 -0.004554473 -2.491120338 0.258482963 0.009647897 0.965967655 245.166549683
0.976094484 0.018087670 -0.216592729 -17.150922775 -0.019546557 0.999798417 -0.004595093 -2.502066374 0.216465950 0.008718886 0.976251245 245.713073730
0.983542621 0.018859832 -0.179689273 -17.234436035 -0.019914139 0.999793410 -0.004065174 -2.514032125 0.179575488 0.007576629 0.983714998 246.266204834
0.988870382 0.018179944 -0.147664636 -17.300260544 -0.018919351 0.999814510 -0.003604207 -2.518512249 0.147571728 0.006357813 0.989030898 246.842544556
0.992531240 0.015821628 -0.120960601 -17.359050751 -0.016402891 0.999858201 -0.003811121 -2.523369789 0.120883152 0.005766761 0.992649972 247.442230225
0.994899690 0.012897699 -0.100041248 -17.405443192 -0.013338211 0.999904037 -0.003735655 -2.531216621 0.099983469 0.005050974 0.994976282 248.054580688
0.996446908 0.011310047 -0.083460480 -17.448230743 -0.011640869 0.999926209 -0.003478244 -2.536717653 0.083414979 0.004437438 0.996505022 248.685073853
0.997438192 0.010061838 -0.070822187 -17.488948822 -0.010324769 0.999941111 -0.003347453 -2.543255568 0.070784330 0.004070101 0.997483313 249.336822510
0.998064816 0.009998503 -0.061372612 -17.526800156 -0.010272485 0.999938607 -0.004150342 -2.551869392 0.061327349 0.004772760 0.998106301 250.002593994
0.998535156 0.010077572 -0.053160429 -17.560239792 -0.010367552 0.999932826 -0.005181835 -2.557316780 0.053104635 0.005725388 0.998572528 250.677764893
0.998866141 0.008870305 -0.046772826 -17.587148666 -0.009177286 0.999937713 -0.006352582 -2.566568613 0.046713565 0.006774627 0.998885334 251.374053955
0.999051273 0.008374323 -0.042736754 -17.621932983 -0.008701126 0.999934256 -0.007466609 -2.571518898 0.042671416 0.007831383 0.999058485 252.088180542
0.999167860 0.007797464 -0.040034648 -17.647842407 -0.008081991 0.999943197 -0.006950095 -2.581674099 0.039978180 0.007267871 0.999174118 252.809646606
0.999240398 0.008021872 -0.038135052 -17.677967072 -0.008259217 0.999947488 -0.006070357 -2.589351892 0.038084351 0.006380711 0.999254167 253.552917480
0.999283969 0.008376488 -0.036896653 -17.709236145 -0.008524226 0.999956250 -0.003848611 -2.598200321 0.036862802 0.004160371 0.999311686 254.310287476
0.999326944 0.007772619 -0.035850048 -17.742799759 -0.007825828 0.999968469 -0.001344122 -2.604986429 0.035838474 0.001623774 0.999356270 255.079101562
0.999308467 0.007304005 -0.036458556 -17.770235062 -0.007332721 0.999972880 -0.000653997 -2.613939524 0.036452789 0.000920886 0.999334931 255.865463257
0.999244809 0.006760383 -0.038264088 -17.804023743 -0.006848494 0.999974191 -0.002172097 -2.619891644 0.038248416 0.002432508 0.999265313 256.662414551
0.999174178 0.004961157 -0.040327910 -17.833856583 -0.005201859 0.999969244 -0.005865865 -2.622549534 0.040297572 0.006070801 0.999169290 257.478485107
0.999109089 0.006909974 -0.041632157 -17.879442215 -0.007397148 0.999905825 -0.011559223 -2.633874416 0.041548360 0.011856884 0.999066114 258.291595459
0.999054909 0.009081012 -0.042507041 -17.914514542 -0.009747962 0.999832213 -0.015509458 -2.648293972 0.042359065 0.015909158 0.998975754 259.138122559
0.999032140 0.010961780 -0.042598832 -17.962862015 -0.011617311 0.999817431 -0.015171496 -2.659034252 0.042424750 0.015651695 0.998977065 259.981414795
0.999024212 0.011611496 -0.042612374 -17.998319626 -0.011984467 0.999891996 -0.008507641 -2.677045345 0.042508986 0.009010026 0.999055445 260.857360840
0.999064386 0.011162960 -0.041782610 -18.045076370 -0.011115601 0.999937296 0.001365619 -2.688514709 0.041795235 -0.000899903 0.999125779 261.752349854
0.999099970 0.008953061 -0.041462135 -18.089942932 -0.008691626 0.999941230 0.006481366 -2.698494196 0.041517727 -0.006115159 0.999119043 262.648284912
0.999102890 0.005196485 -0.042028651 -18.126234055 -0.005037625 0.999979794 0.003884813 -2.699636221 0.042047985 -0.003669603 0.999108851 263.553070068
0.999062240 0.002561218 -0.043221895 -18.166292191 -0.002708727 0.999990702 -0.003354615 -2.702727795 0.043212902 0.003468546 0.999059856 264.462829590
0.998985231 -0.000242409 -0.045038402 -18.197814941 -0.000230689 0.999944866 -0.010498811 -2.711566448 0.045038462 0.010498547 0.998930097 265.381591797
0.998908103 -0.000612696 -0.046714012 -18.238473892 -0.000102316 0.999882936 -0.015302240 -2.720299959 0.046717919 0.015290312 0.998791099 266.321350098
0.998903990 -0.000235345 -0.046805821 -18.296133041 -0.000494830 0.999878407 -0.015587877 -2.750873089 0.046803799 0.015593953 0.998782396 267.267272949
0.998856604 0.002347168 -0.047748644 -18.341573715 -0.003011330 0.999899626 -0.013842376 -2.772501469 0.047711361 0.013970336 0.998763442 268.221435547
0.998858690 0.004206601 -0.047577977 -18.397438049 -0.004565082 0.999961972 -0.007428455 -2.788527966 0.047544923 0.007637174 0.998839915 269.192687988
0.998873174 0.004881569 -0.047208093 -18.447814941 -0.004891977 0.999988019 -0.000104942 -2.804215908 0.047207016 0.000335764 0.998885095 270.179229736
0.998886526 0.004663162 -0.046945892 -18.492773056 -0.004509728 0.999984145 0.003373717 -2.813029766 0.046960879 -0.003158247 0.998891711 271.189910889
0.998890936 0.003381389 -0.046962082 -18.539630890 -0.003331834 0.999993801 0.001133455 -2.816511631 0.046965625 -0.000975728 0.998896003 272.197662354
0.998900533 0.001376072 -0.046859480 -18.589996338 -0.001533720 0.999993265 -0.003328492 -2.820056438 0.046854585 0.003396702 0.998895943 273.207153320
0.998871446 0.000479859 -0.047492884 -18.642972946 -0.000800420 0.999977052 -0.006730877 -2.830619335 0.047488563 0.006761295 0.998848915 274.222717285
0.998840451 -0.000704202 -0.048137654 -18.689849854 0.000302004 0.999965012 -0.008361920 -2.842579365 0.048141856 0.008337687 0.998805702 275.255798340
0.998799920 -0.000968449 -0.048967041 -18.739608765 0.000576658 0.999967694 -0.008014613 -2.859802246 0.048973221 0.007976757 0.998768210 276.285339355
0.998732507 -0.002361544 -0.050277244 -18.799194336 0.002126244 0.999986529 -0.004733033 -2.877874851 0.050287742 0.004620133 0.998724103 277.322082520
0.998629928 -0.002066364 -0.052287549 -18.855289459 0.001980221 0.999996603 -0.001699236 -2.889589548 0.052290879 0.001593367 0.998630643 278.371093750
0.998501956 -0.003793738 -0.054584522 -18.896408081 0.003597961 0.999986768 -0.003684503 -2.902406931 0.054597776 0.003482590 0.998502374 279.401000977
0.998378813 -0.006463023 -0.056550678 -18.963424683 0.005945969 0.999939024 -0.009306691 -2.921977758 0.056607377 0.008955354 0.998356342 280.459747314
0.998327792 -0.005819321 -0.057512637 -19.036556244 0.005062124 0.999898672 -0.013302684 -2.942818165 0.057584226 0.012989303 0.998256147 281.510986328
0.998235524 -0.005656998 -0.059108693 -19.094591141 0.004825472 0.999887526 -0.014201028 -2.967403173 0.059182379 0.013890744 0.998150527 282.566101074
0.998123467 -0.003541405 -0.061130825 -19.164747238 0.002771586 0.999915838 -0.012673174 -2.991758108 0.061170563 0.012479963 0.998049319 283.609130859
0.998054147 -0.002319053 -0.062309861 -19.238519669 0.001761104 0.999957860 -0.009007844 -3.013414621 0.062328123 0.008880582 0.998016179 284.660522461
0.997947752 -0.000370170 -0.064032070 -19.311393738 0.000135669 0.999993265 -0.003666548 -3.038794279 0.064032994 0.003650336 0.997941077 285.718811035
0.997855306 0.001644229 -0.065437511 -19.388874054 -0.001630762 0.999998629 0.000259206 -3.059887886 0.065437853 -0.000151937 0.997856617 286.770446777
0.997809470 0.003882242 -0.066039547 -19.463918686 -0.003828676 0.999992251 0.000937667 -3.073931217 0.066042669 -0.000682769 0.997816563 287.804168701
0.997820139 0.003884677 -0.065877892 -19.542022705 -0.003903260 0.999992371 -0.000153370 -3.090397596 0.065876797 0.000410174 0.997827709 288.845031738
0.997834444 0.002883874 -0.065711848 -19.612550735 -0.003060768 0.999991953 -0.002591451 -3.102438211 0.065703847 0.002786968 0.997835279 289.891723633
0.997839153 0.003313869 -0.065620311 -19.687734604 -0.003692110 0.999977231 -0.005643649 -3.125062227 0.065600120 0.005873731 0.997828722 290.917175293
0.997820914 0.001954020 -0.065951765 -19.755653381 -0.002592720 0.999950528 -0.009600140 -3.138101339 0.065929748 0.009750215 0.997776628 291.943481445
0.997800767 0.002324381 -0.066243440 -19.823429108 -0.003078098 0.999931633 -0.011278193 -3.157484531 0.066212699 0.011457293 0.997739732 292.966369629
0.997863352 0.003330350 -0.065250568 -19.902824402 -0.003970558 0.999945223 -0.009684305 -3.180852175 0.065214738 0.009922694 0.997821927 293.991363525
0.997843444 0.005393628 -0.065416582 -19.970615387 -0.005810026 0.999964058 -0.006176757 -3.208418846 0.065380916 0.006543509 0.997838914 295.039520264
0.997890294 0.006956562 -0.064548522 -20.048055649 -0.007271821 0.999962747 -0.004650406 -3.227039576 0.064513765 0.005109980 0.997903705 296.062011719
0.997887373 0.008923976 -0.064352088 -20.123025894 -0.009194610 0.999950111 -0.003910599 -3.243827105 0.064313978 0.004494030 0.997919619 297.095458984
0.997866929 0.010656439 -0.064404786 -20.182533264 -0.010684739 0.999942899 -0.000094983 -3.257337332 0.064400092 0.000782929 0.997923851 298.109069824
0.997895360 0.012505678 -0.063627087 -20.254556656 -0.012231334 0.999914169 0.004699463 -3.271352768 0.063680395 -0.003911329 0.997962654 299.122802734
0.997863829 0.015249291 -0.063523814 -20.323411942 -0.014955081 0.999875128 0.005104413 -3.287861586 0.063593723 -0.004143505 0.997967243 300.135864258
0.997851372 0.018001862 -0.062996775 -20.401630402 -0.018033983 0.999837399 0.000058733 -3.300936222 0.062987588 0.001077476 0.998013735 301.131652832
0.997809708 0.020465985 -0.062904134 -20.474460602 -0.020814147 0.999771416 -0.004884438 -3.306371212 0.062789790 0.006183035 0.998007596 302.141235352
0.997804165 0.023191428 -0.062040597 -20.553878784 -0.023709411 0.999689817 -0.007625875 -3.319741249 0.061844498 0.009080075 0.998044491 303.149108887
0.997729838 0.025875343 -0.062173996 -20.611698151 -0.026435381 0.999616861 -0.008201804 -3.345123768 0.061937951 0.009826778 0.998031616 304.154998779
0.997680843 0.028147981 -0.061972931 -20.681760788 -0.028779695 0.999542296 -0.009324264 -3.364091396 0.061682105 0.011086201 0.998034298 305.164154053
0.997699857 0.028458538 -0.061522890 -20.759393692 -0.029016871 0.999545276 -0.008200715 -3.383123636 0.061261535 0.009967054 0.998071969 306.171875000
0.997704566 0.028638618 -0.061362687 -20.833696365 -0.029046087 0.999561489 -0.005758469 -3.400180817 0.061170865 0.007527597 0.998098910 307.178405762
0.997705042 0.027896494 -0.061695974 -20.893251419 -0.028198246 0.999594271 -0.004025540 -3.415760517 0.061558641 0.005756020 0.998086870 308.200866699
0.997666001 0.028176051 -0.062198121 -20.944911957 -0.028453747 0.999588668 -0.003583305 -3.433042765 0.062071577 0.005344711 0.998057365 309.219421387
0.997608483 0.029224141 -0.062636159 -21.003137589 -0.029553372 0.999553800 -0.004336045 -3.444564104 0.062481496 0.006176785 0.998027027 310.242858887
0.997678161 0.029023413 -0.061610952 -21.070392609 -0.029313801 0.999562979 -0.003814434 -3.461432695 0.061473321 0.005611629 0.998092949 311.269744873
0.997769773 0.029070724 -0.060086247 -21.142059326 -0.029356018 0.999561548 -0.003870609 -3.477411270 0.059947379 0.005625870 0.998185694 312.309326172
0.997852683 0.028694922 -0.058878303 -21.218545914 -0.029012622 0.999568701 -0.004547950 -3.488692999 0.058722407 0.006246398 0.998254836 313.337524414
0.997841895 0.029218210 -0.058803819 -21.271221161 -0.029557424 0.999551058 -0.004906904 -3.499741554 0.058634046 0.006634403 0.998257518 314.372039795
0.997852981 0.028726919 -0.058857203 -21.332157135 -0.028941732 0.999577165 -0.002800368 -3.522420883 0.058751870 0.004497785 0.998262465 315.447509766
0.997921884 0.027533017 -0.058256865 -21.401020050 -0.027824471 0.999603987 -0.004197502 -3.539949417 0.058118224 0.005809745 0.998292804 316.502075195
0.997898817 0.028731231 -0.058073282 -21.471206665 -0.029287215 0.999532759 -0.008745334 -3.553652525 0.057794888 0.010427763 0.998274028 317.558898926
0.997898817 0.028293842 -0.058286954 -21.536836624 -0.029030699 0.999508440 -0.011833976 -3.569969654 0.057923477 0.013501222 0.998229742 318.621948242
0.997929275 0.026753997 -0.058492430 -21.603517532 -0.027338883 0.999583662 -0.009221923 -3.591798782 0.058221355 0.010801944 0.998245239 319.699035645
0.997919917 0.027757319 -0.058184419 -21.675106049 -0.028062461 0.999596357 -0.004433737 -3.611467123 0.058037862 0.006057312 0.998296022 320.774780273
0.997934222 0.027775783 -0.057928722 -21.737312317 -0.027907779 0.999609411 -0.001470674 -3.629650116 0.057865247 0.003084298 0.998319626 321.852508545
0.997976005 0.027228648 -0.057467259 -21.804899216 -0.027257102 0.999628425 0.000288793 -3.639947891 0.057453770 0.001278183 0.998347342 322.925659180
0.997965217 0.027875165 -0.057344608 -21.870143890 -0.027788909 0.999611139 0.002301208 -3.653866529 0.057386454 -0.000702982 0.998351812 324.006866455
0.998047292 0.025454668 -0.057040680 -21.937250137 -0.025343115 0.999675214 0.002678324 -3.668900013 0.057090331 -0.001227505 0.998368263 325.067352295
0.998087227 0.022913489 -0.057417832 -21.995571136 -0.022914283 0.999737203 0.000644656 -3.678030729 0.057417516 0.000672265 0.998350024 326.125610352
0.998096526 0.021237567 -0.057899319 -22.056180954 -0.021385100 0.999769449 -0.001929595 -3.694796562 0.057844989 0.003164104 0.998320580 327.196228027
0.998126030 0.018907798 -0.058197632 -22.121438980 -0.019133322 0.999811411 -0.003320289 -3.710557222 0.058123875 0.004427581 0.998299539 328.259124756
0.998131096 0.017340964 -0.058596563 -22.189237595 -0.017498387 0.999844551 -0.002174471 -3.725471497 0.058549743 0.003195752 0.998279393 329.318481445
0.998171389 0.015141855 -0.058520045 -22.257324219 -0.015124545 0.999885321 0.000738744 -3.738475800 0.058524523 0.000147696 0.998285949 330.377685547
0.998157501 0.012250654 -0.059426527 -22.311046600 -0.012021518 0.999918878 0.004211782 -3.750337124 0.059473302 -0.003489625 0.998223782 331.441009521
0.998183787 0.008793934 -0.059597261 -22.378679276 -0.008473492 0.999948263 0.005627376 -3.761556625 0.059643667 -0.005112159 0.998206615 332.498779297
0.998167098 0.006038584 -0.060215645 -22.440729141 -0.005874508 0.999978542 0.002901467 -3.777213335 0.060231872 -0.002542412 0.998181164 333.534423828
0.998165369 0.002736063 -0.060484845 -22.504871368 -0.002857454 0.999994099 -0.001920570 -3.781346083 0.060479231 0.002089879 0.998167276 334.568206787
0.998131812 0.001056739 -0.061087925 -22.561147690 -0.001241771 0.999994755 -0.002991067 -3.798931360 0.061084446 0.003061337 0.998127878 335.614288330
0.998099148 -0.000189961 -0.061628327 -22.631237030 0.000065250 0.999997973 -0.002025608 -3.811991215 0.061628584 0.002017736 0.998097122 336.651275635
0.998024881 -0.001743930 -0.062795244 -22.692951202 0.001778954 0.999998271 0.000501848 -3.838204622 0.062794261 -0.000612567 0.998026311 337.660278320
0.997956753 -0.003852655 -0.063776486 -22.755966187 0.004074786 0.999986053 0.003353245 -3.849400282 0.063762672 -0.003606269 0.997958601 338.676208496
0.997870326 -0.006099775 -0.064942919 -22.815877914 0.006487628 0.999962330 0.005762992 -3.857597113 0.064905323 -0.006172044 0.997872353 339.676361084
0.997781575 -0.007548231 -0.066142991 -22.877464294 0.008033055 0.999942780 0.007067040 -3.872059584 0.066085860 -0.007582692 0.997785151 340.668365479
0.997707129 -0.009580636 -0.066997528 -22.947175980 0.010001672 0.999932289 0.005951739 -3.881890535 0.066935971 -0.006608180 0.997735381 341.656707764
0.997611046 -0.010784412 -0.068233795 -23.015584946 0.011107258 0.999928832 0.004353835 -3.888956785 0.068181984 -0.005101324 0.997659862 342.628570557
0.997559965 -0.010962754 -0.068948925 -23.088251114 0.011173215 0.999934018 0.002667495 -3.901041508 0.068915129 -0.003431367 0.997616649 343.599304199
0.997488797 -0.009795520 -0.070143647 -23.151393890 0.009986472 0.999947309 0.002372132 -3.917260170 0.070116714 -0.003066663 0.997534096 344.557250977
0.997445583 -0.009617489 -0.070780255 -23.226568222 0.009813823 0.999948919 0.002426618 -3.927333117 0.070753299 -0.003115045 0.997488976 345.496307373
0.997398496 -0.008819603 -0.071543649 -23.294746399 0.009081523 0.999953210 0.003336515 -3.942926168 0.071510874 -0.003977560 0.997431874 346.426391602
0.997369349 -0.007369229 -0.072111450 -23.372459412 0.007719581 0.999959707 0.004580982 -3.952619791 0.072074793 -0.005125601 0.997386038 347.355682373
0.997369230 -0.005220925 -0.072300106 -23.437097549 0.005476504 0.999979436 0.003337184 -3.967182875 0.072281197 -0.003724356 0.997377336 348.265777588
0.997373044 -0.004119731 -0.072319247 -23.509141922 0.004207246 0.999990582 0.001057831 -3.978141308 0.072314203 -0.001359317 0.997380972 349.155395508
0.997422516 -0.005295771 -0.071555860 -23.579027176 0.005291306 0.999985993 -0.000251948 -3.989173651 0.071556188 -0.000127325 0.997436583 350.032501221
0.997493684 -0.004741239 -0.070596293 -23.639503479 0.004801160 0.999988258 0.000679113 -4.002837181 0.070592239 -0.001016355 0.997504711 350.917663574
0.997621417 -0.003923046 -0.068819590 -23.702911377 0.004000055 0.999991536 0.000981222 -4.016220093 0.068815157 -0.001254170 0.997628629 351.763488770
0.997729778 -0.005676449 -0.067105047 -23.757734299 0.005846582 0.999980152 0.002339206 -4.030365944 0.067090437 -0.002726231 0.997743189 352.596771240
0.997804999 -0.007469314 -0.065798312 -23.803455353 0.007648423 0.999967694 0.002470603 -4.042487144 0.065777734 -0.002968433 0.997829914 353.403320312
0.997923613 -0.007960632 -0.063914523 -23.860809326 0.008221993 0.999958873 0.003827249 -4.057871342 0.063881427 -0.004344807 0.997948050 354.200164795
0.998011708 -0.010761730 -0.062103532 -23.903642654 0.011134814 0.999921978 0.005664462 -4.066844463 0.062037725 -0.006344710 0.998053610 354.973663330
0.998097122 -0.011478695 -0.060583971 -23.948774338 0.011948413 0.999901235 0.007396585 -4.075523376 0.060493086 -0.008106393 0.998135686 355.720214844
0.998215973 -0.009355864 -0.058968946 -23.990198135 0.009899990 0.999911010 0.008941919 -4.086369991 0.058880039 -0.009509758 0.998219788 356.445587158
0.998299718 -0.009726808 -0.057472512 -24.031177521 0.010264273 0.999906242 0.009063889 -4.095249653 0.057378963 -0.009638391 0.998305917 357.144439697
0.998375595 -0.009892653 -0.056109797 -24.071777344 0.010228229 0.999931455 0.005696673 -4.108588696 0.056049597 -0.006261324 0.998408377 357.819732666
0.998444736 -0.010187472 -0.054812156 -24.107759476 0.010217234 0.999947786 0.000262772 -4.120238304 0.054806616 -0.000822392 0.998496652 358.467193604
0.998513281 -0.009701796 -0.053639106 -24.141756058 0.009594512 0.999951422 -0.002257264 -4.127607822 0.053658400 0.001739267 0.998557806 359.092132568
0.998567104 -0.009680105 -0.052630559 -24.177650452 0.009611035 0.999952614 -0.001565315 -4.135304928 0.052643217 0.001057238 0.998612821 359.707489014
0.998586416 -0.009545782 -0.052287608 -24.208541870 0.009630260 0.999952674 0.001363935 -4.140265942 0.052272115 -0.001865550 0.998631120 360.300628662
0.998565674 -0.009665238 -0.052660976 -24.244401932 0.009925006 0.999939799 0.004673556 -4.154283524 0.052612636 -0.005189513 0.998601496 360.874603271
0.998448312 -0.009595795 -0.054852962 -24.275053024 0.009939623 0.999932587 0.005998803 -4.165657997 0.054791700 -0.006534712 0.998476446 361.414550781
0.998239934 -0.008090226 -0.058749758 -24.307786942 0.008309835 0.999959350 0.003494682 -4.175295830 0.058719095 -0.003976732 0.998266637 361.933807373
0.997911811 -0.007033336 -0.064207524 -24.346265793 0.007036792 0.999975204 -0.000172321 -4.185153008 0.064207144 -0.000279854 0.997936547 362.416809082
0.997335494 -0.006123794 -0.072694294 -24.395038605 0.005932641 0.999978364 -0.002845182 -4.188075066 0.072710142 0.002406332 0.997350216 362.897247314
0.996381700 -0.006377996 -0.084751330 -24.445129395 0.006059158 0.999973595 -0.004018731 -4.192328453 0.084774718 0.003490669 0.996394038 363.350982666
0.994909227 -0.005891142 -0.100602843 -24.496969223 0.005440090 0.999973893 -0.004757240 -4.204677582 0.100628242 0.004185734 0.994915307 363.807250977
0.992854357 -0.004269096 -0.119256154 -24.563102722 0.003638222 0.999978244 -0.005507295 -4.213209629 0.119277067 0.005034062 0.992848217 364.234069824
0.990021706 -0.001249618 -0.140909567 -24.650159836 0.000589255 0.999988675 -0.004728054 -4.222812653 0.140913874 0.004597844 0.990011156 364.670288086
0.986075044 0.001560192 -0.166293815 -24.749006271 -0.001988496 0.999995112 -0.002409122 -4.229126453 0.166289240 0.002706249 0.986073315 365.098083496
0.980751157 0.001615734 -0.195255175 -24.870439529 -0.001313228 0.999997735 0.001678727 -4.237784386 0.195257440 -0.001389999 0.980751038 365.513305664
0.973303139 0.000624343 -0.229522645 -24.994230270 0.000100365 0.999995053 0.003145771 -4.238602638 0.229523465 -0.003084825 0.973298252 365.932159424
0.963500440 0.000544575 -0.267706186 -25.123546600 0.000513366 0.999992311 0.003881864 -4.245954990 0.267706245 -0.003877609 0.963492751 366.289245605
0.951002419 0.004149076 -0.309155673 -25.294715881 -0.002473767 0.999980032 0.005810778 -4.248320103 0.309173614 -0.004761285 0.950993717 366.674163818
0.936086774 0.008532023 -0.351665735 -25.484687805 -0.005632471 0.999941170 0.009267434 -4.249141216 0.351724118 -0.006694376 0.936079741 367.047607422
0.918496370 0.012248602 -0.395239681 -25.696239471 -0.007356587 0.999876440 0.013890535 -4.246485710 0.395361006 -0.009850791 0.918473005 367.421539307
0.897860467 0.012944669 -0.440089822 -25.852077484 -0.005347875 0.999814630 0.018497642 -4.244805336 0.440247685 -0.014254756 0.897763193 367.722503662
0.874265552 0.016423846 -0.485170066 -26.067256927 -0.006035236 0.999718010 0.022966823 -4.242552280 0.485410452 -0.017150987 0.874118149 368.035797119
0.846322775 0.024191128 -0.532120883 -26.300041199 -0.011711205 0.999571800 0.026815921 -4.252613544 0.532541752 -0.016463147 0.846243620 368.339630127
0.814310372 0.031278986 -0.579586267 -26.577138901 -0.016016409 0.999377549 0.031431366 -4.244277477 0.580208659 -0.016311998 0.814304471 368.657073975
0.779184520 0.035868268 -0.625767589 -26.879219055 -0.016167918 0.999179244 0.037140056 -4.230341911 0.626586139 -0.018821601 0.779124916 368.963256836
0.739216626 0.036335893 -0.672486842 -27.182903290 -0.010868805 0.999057055 0.042033881 -4.211722851 0.673380077 -0.023763020 0.738914490 369.293426514
0.696069121 0.033747476 -0.717181265 -27.521621704 -0.003171407 0.999029517 0.043932002 -4.186942101 0.717967808 -0.028305236 0.695500612 369.595275879
0.650154114 0.034218039 -0.759031475 -27.890991211 0.003892471 0.998822272 0.048362218 -4.178657532 0.759792447 -0.034397401 0.649255216 369.861999512
0.600165844 0.034352913 -0.799137652 -28.286903381 0.010864907 0.998635054 0.051088538 -4.167346954 0.799801886 -0.039344151 0.598973393 370.125488281
0.545621634 0.030985449 -0.837458670 -28.669776917 0.019711331 0.998565257 0.049788631 -4.146945000 0.837799847 -0.043673176 0.544227958 370.354339600
0.488378525 0.026517129 -0.872228980 -29.134765625 0.027674032 0.998564780 0.045853190 -4.115823746 0.872193038 -0.046531808 0.486943781 370.585723877
0.427197158 0.024667418 -0.903822005 -29.602340698 0.028965378 0.998741329 0.040948663 -4.097559929 0.903694510 -0.043672696 0.425944924 370.771820068
0.364508927 0.023292426 -0.930908620 -30.109237671 0.029149078 0.998911798 0.036407638 -4.078804016 0.930743635 -0.040406037 0.363433361 370.913604736
0.298893631 0.018889295 -0.954099596 -30.621826172 0.033014376 0.999000907 0.030120775 -4.054494858 0.953715265 -0.040501907 0.297971427 371.041107178
0.232907712 0.015438862 -0.972376347 -31.138732910 0.045626830 0.998599410 0.026783952 -4.038826942 0.971427977 -0.050604638 0.231877089 371.148132324
0.168441653 0.020319115 -0.985502243 -31.679016113 0.047896426 0.998437822 0.028772263 -4.021653175 0.984547317 -0.052048478 0.167205274 371.211639404
0.108731985 0.030356299 -0.993607640 -32.232330322 0.040875126 0.998551726 0.034980386 -4.009992599 0.993230522 -0.044417322 0.107333720 371.220123291
0.054312050 0.038366862 -0.997786760 -32.781646729 0.030341515 0.998736680 0.040054962 -3.997526169 0.998063028 -0.032449830 0.053079367 371.204406738
0.006257713 0.041748472 -0.999108613 -33.350646973 0.020737264 0.998907864 0.041869968 -3.979968071 0.999765396 -0.020980790 0.005385160 371.162322998
-0.033535004 0.043845367 -0.998475552 -33.922088623 0.016388766 0.998927057 0.043314770 -3.962009430 0.999303341 -0.014911226 -0.034217596 371.105865479
-0.063124299 0.050071143 -0.996748805 -34.510833740 0.013655106 0.998690486 0.049303900 -3.942903519 0.997912228 -0.010498440 -0.063725352 371.030883789
-0.083769679 0.055410028 -0.994943500 -35.114196777 0.012061901 0.998436034 0.054588981 -3.906656265 0.996412277 -0.007428013 -0.084306955 370.962402344
-0.100270391 0.057470459 -0.993299067 -35.723083496 0.010005875 0.998338163 0.056751948 -3.885544777 0.994909942 -0.004248285 -0.100678802 370.884307861
-0.110025167 0.051991820 -0.992568135 -36.333282471 0.005281471 0.998647392 0.051724818 -3.861944199 0.993914843 0.000448807 -0.110150933 370.797149658
-0.114541054 0.040965226 -0.992573559 -36.945159912 0.001783069 0.999156296 0.041031145 -3.843102455 0.993416965 0.002929921 -0.114517450 370.699829102
-0.117329240 0.028253447 -0.992691159 -37.586669922 0.000768334 0.999597490 0.028359203 -3.808153629 0.993092835 0.002564645 -0.117303729 370.627532959
-0.117526531 0.023937931 -0.992781162 -38.226074219 0.003515125 0.999713182 0.023688952 -3.784511089 0.993063509 -0.000705668 -0.117576957 370.557464600
-0.116196990 0.027551932 -0.992843986 -38.888854980 0.006590984 0.999614537 0.026968447 -3.768240929 0.993204355 -0.003410168 -0.116333723 370.484588623
-0.114879608 0.033078250 -0.992828548 -39.563995361 0.009430488 0.999436736 0.032207221 -3.757485867 0.993334651 -0.005662906 -0.115126848 370.405639648
-0.114274383 0.034894038 -0.992836237 -40.252563477 0.008041675 0.999382734 0.034198534 -3.739966869 0.993416667 -0.004076052 -0.114484429 370.325256348
-0.113426328 0.034143124 -0.992959619 -40.950561523 0.005085977 0.999416232 0.033784162 -3.722658157 0.993533432 -0.001218156 -0.113533735 370.244384766
-0.111926436 0.033076018 -0.993166029 -41.654052734 0.000887473 0.999448836 0.033185247 -3.701162815 0.993716240 0.002832897 -0.111894131 370.156921387
-0.108464956 0.031020962 -0.993616223 -42.377502441 -0.003745247 0.999493182 0.031613279 -3.684296608 0.994093299 0.007150269 -0.108293772 370.068206787
-0.104036570 0.029727027 -0.994129300 -43.105377197 -0.006906150 0.999507546 0.030610587 -3.666027069 0.994549692 0.010050218 -0.103780031 369.990905762
-0.099712729 0.029879887 -0.994567633 -43.857788086 -0.009632010 0.999473214 0.030992948 -3.645010233 0.994969785 0.012670074 -0.099372387 369.913391113
-0.095299721 0.033070691 -0.994899333 -44.625427246 -0.011046517 0.999351323 0.034276810 -3.624565601 0.995387495 0.014256735 -0.094872594 369.836639404
-0.090888977 0.036564745 -0.995189488 -45.399444580 -0.014005663 0.999179959 0.037990473 -3.600609779 0.995762467 0.017391209 -0.090302348 369.755889893
-0.087524891 0.038395032 -0.995422304 -46.213287354 -0.015254457 0.999088109 0.039877716 -3.580305576 0.996045709 0.018674908 -0.086859345 369.681243896
-0.084676981 0.036745470 -0.995730698 -47.033233643 -0.015746944 0.999145627 0.038210612 -3.553817749 0.996284008 0.018915273 -0.084025979 369.610931396
-0.081453919 0.034029234 -0.996096075 -47.863586426 -0.014307156 0.999274075 0.035307743 -3.521921158 0.996574461 0.017127249 -0.080907941 369.544036865
-0.077592492 0.034827132 -0.996376812 -48.705993652 -0.012414782 0.999278426 0.035895355 -3.492311478 0.996908009 0.015155003 -0.077104092 369.475250244
-0.074840665 0.039356127 -0.996418655 -49.576599121 -0.012308397 0.999108315 0.040386844 -3.463119030 0.997119606 0.015286891 -0.074289441 369.411834717
-0.071265340 0.044860989 -0.996448159 -50.454589844 -0.011601096 0.998883247 0.045800328 -3.432775497 0.997390032 0.014823863 -0.070665240 369.339782715
-0.068570733 0.050004341 -0.996392369 -51.348205566 -0.010198127 0.998655796 0.050819758 -3.401250839 0.997594178 0.013646078 -0.067968607 369.281463623
-0.065987349 0.051467635 -0.996492386 -52.239807129 -0.009189136 0.998595178 0.052184749 -3.361192703 0.997778296 0.012600427 -0.065421700 369.225341797
-0.063318491 0.050346494 -0.996722817 -53.142395020 -0.011243264 0.998627365 0.051156949 -3.326147079 0.997930229 0.014445586 -0.062665582 369.157684326
-0.061423421 0.045741659 -0.997063100 -54.038879395 -0.013828273 0.998814464 0.046673883 -3.289923668 0.998016000 0.016654531 -0.060718060 369.102111816
-0.060314536 0.042453591 -0.997276306 -54.945434570 -0.012479589 0.998984993 0.043281086 -3.256125450 0.998101473 0.015056072 -0.059723496 369.042175293
-0.059924245 0.041984331 -0.997319698 -55.860107422 -0.012125112 0.999010742 0.042784061 -3.222468853 0.998129368 0.014656409 -0.059355855 368.984405518
-0.060070157 0.042592779 -0.997285008 -56.789093018 -0.012062699 0.998985291 0.043391973 -3.190451145 0.998121262 0.014636508 -0.059495330 368.923248291
-0.061056137 0.044057943 -0.997161567 -57.708923340 -0.010736259 0.998938560 0.044793840 -3.165209770 0.998076677 0.013440716 -0.060518265 368.874359131
-0.062081218 0.045106787 -0.997051418 -58.633819580 -0.010477784 0.998893738 0.045842532 -3.135078907 0.998016238 0.013292843 -0.061540008 368.812225342
-0.063227534 0.045537215 -0.996959805 -59.551452637 -0.012884558 0.998837948 0.046440151 -3.103441238 0.997916043 0.015781678 -0.062567353 368.745056152
-0.064707875 0.046354260 -0.996827066 -60.471801758 -0.015763458 0.998748422 0.047466874 -3.072159767 0.997779727 0.018784918 -0.063896179 368.684570312
-0.065780282 0.046623543 -0.996744454 -61.385925293 -0.016818028 0.998714089 0.047825582 -3.041898727 0.997692525 0.019909246 -0.064911604 368.618255615
-0.066705585 0.047040872 -0.996663332 -62.299468994 -0.016556380 0.998698294 0.048245024 -3.010060310 0.997635484 0.019719336 -0.065839887 368.554809570
-0.068321586 0.046127725 -0.996596456 -63.208007812 -0.017891996 0.998713255 0.047452286 -2.979328156 0.997502983 0.021073109 -0.067408442 368.485717773
-0.069705129 0.044116590 -0.996591687 -64.119354248 -0.018346786 0.998795986 0.045497406 -2.948388577 0.997398913 0.021455657 -0.068811774 368.411163330
-0.072458863 0.042894658 -0.996448576 -65.026000977 -0.016676452 0.998882949 0.044212114 -2.919311047 0.997231960 0.019820789 -0.071662545 368.343109131
-0.076418996 0.045446750 -0.996039510 -65.936126709 -0.016972236 0.998756647 0.046872884 -2.890431404 0.996931314 0.020486996 -0.075552583 368.264099121
-0.080406547 0.049497187 -0.995532393 -66.849945068 -0.018276712 0.998525143 0.051122148 -2.855444908 0.996594548 0.022305619 -0.079383254 368.184722900
-0.084199548 0.051700674 -0.995106757 -67.763977051 -0.019911129 0.998366356 0.053554777 -2.820870876 0.996249914 0.024322983 -0.083032489 368.098083496
-0.087387800 0.049470928 -0.994945288 -68.663940430 -0.024662172 0.998352587 0.051806472 -2.785579205 0.995869100 0.029064761 -0.086023808 368.004821777
-0.090127468 0.047968481 -0.994774461 -69.562347412 -0.027626248 0.998334646 0.050643120 -2.752031803 0.995547056 0.032046217 -0.088652134 367.915130615
-0.092375159 0.043558754 -0.994771242 -70.458038330 -0.027286531 0.998556793 0.046258356 -2.720475674 0.995350480 0.031416964 -0.091053247 367.824340820
-0.094056845 0.040780623 -0.994731426 -71.347930908 -0.024736580 0.998756528 0.043284606 -2.687250614 0.995259643 0.028677454 -0.092931151 367.740234375
-0.094910979 0.043002706 -0.994556546 -72.247497559 -0.025046775 0.998647094 0.045569796 -2.658067703 0.995170653 0.029235506 -0.093705416 367.644317627
-0.095485806 0.044863019 -0.994419336 -73.150177002 -0.025994767 0.998530805 0.047544565 -2.627329350 0.995091319 0.030389529 -0.094179273 367.550140381
-0.094703555 0.047004007 -0.994395316 -74.036315918 -0.024962824 0.998458505 0.049573466 -2.601061344 0.995192587 0.029517695 -0.093384266 367.461639404
-0.093671799 0.042837579 -0.994681120 -74.946777344 -0.026460430 0.998613894 0.045498800 -2.572800636 0.995251477 0.030581642 -0.092408419 367.381072998
-0.090190053 0.041284148 -0.995068550 -75.833984375 -0.028345698 0.998629272 0.044001047 -2.538805485 0.995521128 0.032174367 -0.088896155 367.289703369
-0.087379217 0.041381426 -0.995315254 -76.722564697 -0.031288419 0.998529851 0.044261903 -2.509408236 0.995683610 0.035009407 -0.085955977 367.213439941
-0.082970977 0.044000890 -0.995580137 -77.627044678 -0.032024179 0.998391092 0.046794001 -2.485022545 0.996037304 0.035765182 -0.081428409 367.130737305
-0.078382373 0.045346268 -0.995891571 -78.515594482 -0.033622134 0.998276412 0.048101109 -2.452873230 0.996356308 0.037254270 -0.076722622 367.055267334
-0.073127389 0.046817936 -0.996223211 -79.401428223 -0.034105897 0.998195887 0.049414173 -2.423980713 0.996739388 0.037590601 -0.071398616 366.983551025
-0.067911386 0.047630627 -0.996553779 -80.283081055 -0.033642378 0.998182416 0.050001066 -2.393347263 0.997124016 0.036922079 -0.066185594 366.916107178
-0.063039660 0.048398223 -0.996836960 -81.174682617 -0.033347759 0.998163521 0.050571531 -2.360745430 0.997453928 0.036430277 -0.061309934 366.869598389
-0.057455778 0.047209017 -0.997231364 -82.048797607 -0.032824617 0.998251975 0.049148533 -2.327703953 0.997808397 0.035557594 -0.055805683 366.812561035
-0.052417159 0.045309491 -0.997596979 -82.932556152 -0.033028632 0.998344958 0.047078904 -2.297379494 0.998079062 0.035417002 -0.050833941 366.765197754
-0.047117710 0.043663889 -0.997934639 -83.803680420 -0.033986840 0.998395622 0.045288753 -2.268462658 0.998311102 0.036050539 -0.045558095 366.713287354
-0.042761087 0.042450503 -0.998183131 -84.680572510 -0.034281015 0.998446286 0.043930251 -2.235460758 0.998497069 0.036097232 -0.041239381 366.686462402
-0.037503123 0.043278236 -0.998359025 -85.553741455 -0.033890307 0.998431921 0.044554483 -2.210262775 0.998721778 0.035505619 -0.035977602 366.649932861
-0.032875419 0.044336274 -0.998475552 -86.430023193 -0.034691956 0.998362958 0.045473531 -2.176339626 0.998857141 0.036134034 -0.031283498 366.624114990
-0.027980328 0.046359807 -0.998532951 -87.301391602 -0.035188287 0.998259187 0.047333129 -2.152287960 0.998988986 0.036461055 -0.026300311 366.589233398
-0.023921609 0.048601516 -0.998531759 -88.183288574 -0.034458432 0.998183966 0.049410101 -2.120977402 0.999119818 0.035589810 -0.022203445 366.576019287
-0.020404577 0.049756747 -0.998552978 -89.042968750 -0.032257110 0.998208106 0.050398711 -2.090535164 0.999271393 0.033238795 -0.018762946 366.557617188
-0.017455101 0.050425429 -0.998575330 -89.887664795 -0.030208454 0.998244882 0.050936785 -2.065418720 0.999391258 0.031054515 -0.015901208 366.543914795
-0.015084386 0.048803709 -0.998694599 -90.730957031 -0.028568713 0.998379290 0.049219809 -2.030331612 0.999478161 0.029273860 -0.013665676 366.534423828
-0.013485193 0.046301182 -0.998836577 -91.544097900 -0.025404425 0.998588979 0.046632688 -2.001293182 0.999586344 0.026003713 -0.012289882 366.528594971
-0.012434840 0.046202369 -0.998854876 -92.339935303 -0.022221694 0.998672485 0.046470571 -1.974700451 0.999675870 0.022774087 -0.011391640 366.524841309
-0.012323141 0.045785174 -0.998875380 -93.111755371 -0.020686271 0.998725712 0.046033524 -1.952387810 0.999710143 0.021230280 -0.011360288 366.514923096
-0.012406230 0.043800253 -0.998963416 -93.859893799 -0.017231895 0.998882413 0.044010714 -1.936958313 0.999774694 0.017760035 -0.011637688 366.509033203
-0.013367176 0.043223649 -0.998976052 -94.587799072 -0.014745019 0.998948097 0.043419745 -1.920340061 0.999801993 0.015310317 -0.012715816 366.497863770
-0.015409112 0.042862196 -0.998962224 -95.302947998 -0.012257693 0.998997629 0.043052793 -1.896768570 0.999806166 0.012908375 -0.014868259 366.490264893
-0.018860817 0.045112748 -0.998803914 -95.976135254 -0.010281770 0.998919964 0.045312144 -1.881806374 0.999769330 0.011124089 -0.018376589 366.468688965
-0.023151040 0.047330081 -0.998611152 -96.646728516 -0.007722612 0.998840451 0.047519989 -1.864093781 0.999702334 0.008812013 -0.022758722 366.458801270
-0.028310776 0.048504315 -0.998421729 -97.287475586 -0.006374808 0.998792946 0.048703112 -1.848787308 0.999578893 0.007743567 -0.027967334 366.437377930
-0.033979654 0.048142102 -0.998262346 -97.895080566 -0.004510279 0.998821616 0.048322596 -1.828728676 0.999412358 0.006144426 -0.033722520 366.411743164
-0.040557504 0.046226971 -0.998107314 -98.499389648 -0.003333144 0.998917401 0.046399932 -1.813345909 0.999171674 0.005208699 -0.040359497 366.383300781
-0.047718883 0.043960784 -0.997893155 -99.088714600 -0.002402720 0.999023080 0.044125471 -1.796519279 0.998858154 0.004503267 -0.047566652 366.348083496
-0.055655479 0.044360876 -0.997464061 -99.695983887 -0.002758919 0.999001861 0.044583205 -1.782561302 0.998446226 0.005233219 -0.055477500 366.306457520
-0.063026786 0.045487106 -0.996974766 -100.289245605 -0.001039040 0.998957276 0.045643248 -1.762952805 0.998011351 0.003912646 -0.062913895 366.264953613
-0.070241570 0.045607749 -0.996486962 -100.884674072 -0.002060474 0.998945475 0.045865521 -1.742036819 0.997528017 0.005274894 -0.070073485 366.214538574
-0.076943874 0.043343030 -0.996093035 -101.469818115 -0.002509369 0.999043047 0.043665238 -1.729941368 0.997032404 0.005859328 -0.076761484 366.153930664
-0.083820343 0.039334714 -0.995704353 -102.048736572 -0.004198933 0.999197781 0.039826196 -1.710721970 0.996472180 0.007519136 -0.083588004 366.096405029
-0.090219140 0.036259413 -0.995261788 -102.630920410 -0.003234415 0.999321103 0.036700498 -1.690910816 0.995916784 0.006530175 -0.090040684 366.038818359
-0.096469998 0.033425521 -0.994774520 -103.212707520 -0.002998657 0.999421656 0.033872470 -1.675041676 0.995331407 0.006250664 -0.096313953 365.976470947
-0.102136612 0.031031676 -0.994286358 -103.786590576 -0.003286119 0.999497354 0.031531874 -1.661026955 0.994765043 0.006487899 -0.101983309 365.908691406
-0.107535243 0.029685024 -0.993758142 -104.374206543 -0.005285103 0.999522924 0.030429136 -1.645689964 0.994187415 0.008524315 -0.107327104 365.835723877
-0.112264991 0.029515212 -0.993239999 -104.966461182 -0.007005258 0.999510407 0.030493345 -1.641049385 0.993653774 0.010381233 -0.112003326 365.756774902
-0.116587877 0.028586637 -0.992769003 -105.551300049 -0.006253404 0.999544740 0.029516127 -1.626474380 0.993160784 0.009649404 -0.116356015 365.684631348
-0.120783925 0.028581293 -0.992267489 -106.151123047 -0.005503816 0.999550760 0.029461037 -1.616892815 0.992663741 0.009019668 -0.120572329 365.602935791
-0.124751687 0.027377337 -0.991810381 -106.762634277 -0.006227999 0.999577940 0.028375121 -1.597491264 0.992168605 0.009716834 -0.124528527 365.522644043
-0.127761960 0.025394950 -0.991479874 -107.376586914 -0.011628400 0.999565065 0.027100476 -1.592146158 0.991736829 0.014991729 -0.127411127 365.424438477
-0.130238891 0.023945101 -0.991193473 -107.995025635 -0.014578160 0.999554038 0.026062587 -1.580383062 0.991375446 0.017844139 -0.129831791 365.342529297
-0.131628752 0.023327516 -0.991024673 -108.627197266 -0.014944140 0.999562800 0.025513388 -1.570468426 0.991186500 0.018168304 -0.131222606 365.254486084
-0.132224798 0.022815295 -0.990957201 -109.263458252 -0.012948935 0.999610007 0.024742307 -1.554734468 0.991135240 0.016103385 -0.131877780 365.167083740
-0.132600069 0.024633948 -0.990863562 -109.912139893 -0.014512717 0.999535680 0.026791679 -1.549172401 0.991063476 0.017932696 -0.132181048 365.071166992
-0.131743550 0.028517032 -0.990873635 -110.584197998 -0.013972976 0.999433398 0.030621184 -1.529318333 0.991185427 0.017879592 -0.131270409 364.982299805
-0.131657362 0.033672825 -0.990723312 -111.258453369 -0.017144410 0.999196053 0.036239121 -1.509244919 0.991147101 0.021756507 -0.130974293 364.883453369
-0.131136537 0.045781855 -0.990306795 -111.959564209 -0.018683871 0.998641551 0.048641291 -1.483729839 0.991188407 0.024881404 -0.130102992 364.791168213
-0.128981948 0.056015994 -0.990063727 -112.673126221 -0.022243058 0.997988641 0.059362125 -1.454176903 0.991397619 0.029678676 -0.127476573 364.688293457
-0.126387239 0.058533043 -0.990252554 -113.385833740 -0.023946350 0.997786701 0.062034685 -1.425056458 0.991691887 0.031553324 -0.124705791 364.595825195
-0.123497248 0.049785133 -0.991095245 -114.108489990 -0.028411025 0.998153925 0.053679917 -1.398748398 0.991938055 0.034787353 -0.121854782 364.503814697
-0.118608713 0.033531077 -0.992374957 -114.827239990 -0.030569721 0.998832583 0.037402969 -1.363500118 0.992470562 0.034772929 -0.117445111 364.407470703
-0.115461826 0.029683972 -0.992868245 -115.589263916 -0.033005986 0.998886764 0.033702213 -1.323723316 0.992763340 0.036661919 -0.114353538 364.316650391
-0.110661626 0.039801102 -0.993061006 -116.392608643 -0.031329144 0.998561502 0.043512721 -1.282329559 0.993364334 0.035926927 -0.109255552 364.229888916
-0.106776714 0.058883160 -0.992537916 -117.187377930 -0.031862304 0.997529507 0.062607020 -1.259645462 0.993772388 0.038309515 -0.104636788 364.139801025
-0.102804303 0.063311800 -0.992684782 -118.004180908 -0.030080568 0.997318029 0.066722505 -1.225028038 0.994246781 0.036719874 -0.100624204 364.059509277
-0.099523425 0.053616580 -0.993589699 -118.823150635 -0.029689351 0.997942567 0.056825321 -1.183207512 0.994592249 0.035154473 -0.097726822 363.975738525
-0.095835924 0.035950944 -0.994747758 -119.642913818 -0.030733723 0.998764217 0.039057050 -1.145315170 0.994922638 0.034315366 -0.094612598 363.893341064
-0.091750383 0.026175655 -0.995437980 -120.489746094 -0.033680182 0.999000907 0.029373676 -1.105476260 0.995212317 0.036221579 -0.090777040 363.811828613
-0.087757111 0.029644104 -0.995700717 -121.356994629 -0.039326195 0.998674750 0.033198703 -1.075218081 0.995365322 0.042070542 -0.086475015 363.726074219
-0.082385898 0.040080022 -0.995794177 -122.250732422 -0.045428809 0.998001337 0.043927357 -1.048964500 0.995564520 0.048856743 -0.080400467 363.639801025
-0.075969458 0.043468956 -0.996162176 -123.153778076 -0.049015604 0.997678638 0.047273159 -1.018219948 0.995904684 0.052418806 -0.073662400 363.558227539
-0.069214344 0.034180325 -0.997016191 -124.060119629 -0.051227327 0.997972548 0.037769392 -0.992364645 0.996285796 0.053688653 -0.067323089 363.496673584
-0.060966015 0.019985229 -0.997939885 -124.957641602 -0.049004219 0.998533905 0.022990879 -0.964762807 0.996936321 0.050304916 -0.059897304 363.437774658
-0.053882003 0.012127152 -0.998473704 -125.888336182 -0.041682534 0.999027371 0.014383251 -0.944707751 0.997676969 0.042393912 -0.053324223 363.395751953
-0.047295690 0.017413799 -0.998729110 -126.844635010 -0.037473422 0.999113262 0.019195084 -0.928642750 0.998177767 0.038333640 -0.046601176 363.354003906
-0.040183067 0.029871773 -0.998745739 -127.827560425 -0.034621533 0.998911202 0.031269670 -0.908086777 0.998592377 0.035834618 -0.039105177 363.322570801
-0.033483386 0.040062029 -0.998636246 -128.811752319 -0.031566937 0.998655379 0.041121211 -0.889322758 0.998940825 0.032900747 -0.032173753 363.284332275
-0.028169155 0.040649768 -0.998776376 -129.790100098 -0.030350972 0.998677313 0.041501749 -0.854258060 0.999142349 0.031482894 -0.026898146 363.259704590
-0.024522662 0.036346734 -0.999038398 -130.771606445 -0.029460058 0.998878539 0.037064053 -0.815349102 0.999265194 0.030340634 -0.023424387 363.240234375
-0.022552490 0.033150226 -0.999195874 -131.767272949 -0.027834045 0.999041855 0.033773351 -0.787445068 0.999358118 0.028573340 -0.021608233 363.215209961
-0.021548510 0.033573467 -0.999203980 -132.756088257 -0.026161836 0.999074817 0.034133326 -0.760672092 0.999425471 0.026876528 -0.020650268 363.194183350
-0.021518111 0.034323703 -0.999179244 -133.753005981 -0.023792597 0.999109864 0.034833714 -0.727749825 0.999485433 0.024522617 -0.020682335 363.174011230
-0.022174120 0.035518099 -0.999123037 -134.746520996 -0.023686459 0.999069512 0.036041882 -0.704706669 0.999473572 0.024464881 -0.021312118 363.149536133
-0.023797393 0.039140929 -0.998950422 -135.754592896 -0.025204601 0.998892128 0.039739083 -0.686854839 0.999399126 0.026123827 -0.022784472 363.113952637
-0.026848555 0.043747693 -0.998681843 -136.753662109 -0.025654830 0.998682678 0.044437435 -0.657840729 0.999310315 0.026814085 -0.025690794 363.088378906
-0.030315042 0.043094967 -0.998610973 -137.760986328 -0.025375165 0.998714924 0.043869775 -0.625666142 0.999218285 0.026669832 -0.029182553 363.047973633
-0.033063054 0.036130868 -0.998800159 -138.753433228 -0.021978084 0.999078393 0.036868472 -0.600930214 0.999211729 0.023170687 -0.032238483 363.013153076
-0.036092162 0.028412294 -0.998944581 -139.733566284 -0.017380791 0.999426723 0.029053979 -0.574039459 0.999197423 0.018411059 -0.035577536 362.967224121
-0.039918423 0.026654268 -0.998847425 -140.730300903 -0.012690817 0.999549985 0.027180199 -0.548176765 0.999122441 0.013761179 -0.039562106 362.936584473
-0.043696046 0.033664268 -0.998477459 -141.728347778 -0.009448115 0.999373496 0.034107950 -0.540802002 0.999000132 0.010924112 -0.043350577 362.903076172
-0.046614885 0.039705049 -0.998123527 -142.714996338 -0.008875729 0.999153793 0.040160552 -0.521203041 0.998873532 0.010731150 -0.046223044 362.853881836
-0.049430132 0.040777907 -0.997944891 -143.705398560 -0.010954599 0.999083936 0.041367058 -0.490185738 0.998717546 0.012976859 -0.048938155 362.801055908
-0.051769733 0.037535045 -0.997953355 -144.679687500 -0.015062209 0.999150395 0.038361434 -0.465162277 0.998545408 0.017017346 -0.051160455 362.732177734
-0.053883076 0.033766832 -0.997976124 -145.652420044 -0.019720454 0.999197185 0.034872901 -0.440485954 0.998352468 0.021559600 -0.053173900 362.666015625
-0.055819511 0.031309366 -0.997950017 -146.627700806 -0.020497655 0.999261618 0.032497033 -0.419425964 0.998230636 0.022269594 -0.055136442 362.600463867
-0.057316899 0.030217988 -0.997898638 -147.590606689 -0.020141246 0.999303401 0.031417392 -0.395266056 0.998152852 0.021899668 -0.056668401 362.526611328
-0.060493588 0.032820638 -0.997628868 -148.587921143 -0.017885609 0.999263167 0.033958942 -0.375158310 0.998008311 0.019897496 -0.059861898 362.492889404
-0.062219620 0.038296811 -0.997327507 -149.557769775 -0.013337896 0.999142408 0.039198607 -0.355402946 0.997973442 0.015741169 -0.061655521 362.427154541
-0.066154599 0.045101315 -0.996789753 -150.543792725 -0.012674171 0.998859346 0.046036121 -0.319823265 0.997729063 0.015678978 -0.065507531 362.373840332
-0.069295406 0.049030874 -0.996390700 -151.504501343 -0.011326004 0.998688400 0.049931630 -0.290179253 0.997532010 0.014745148 -0.068649173 362.302154541
-0.072983384 0.047232039 -0.996214151 -152.472290039 -0.012798147 0.998751342 0.048289936 -0.261592865 0.997251034 0.016274054 -0.072287798 362.226837158
-0.076725960 0.039643403 -0.996263802 -153.427032471 -0.015136982 0.999047756 0.040919937 -0.230704308 0.996937335 0.018220050 -0.076052904 362.146728516
-0.079246879 0.033739258 -0.996284008 -154.381134033 -0.016941449 0.999237120 0.035186831 -0.198738575 0.996711135 0.019666934 -0.078614831 362.065795898
-0.080849886 0.034700725 -0.996122181 -155.340118408 -0.014431572 0.999248266 0.035980962 -0.171367645 0.996621907 0.017284662 -0.080288410 361.984802246
-0.082738400 0.040136226 -0.995762765 -156.291900635 -0.012929148 0.999061346 0.041343469 -0.151214600 0.996487439 0.016295055 -0.082141876 361.911041260
-0.084138513 0.045027960 -0.995436311 -157.240997314 -0.012075249 0.998859048 0.046203442 -0.123113632 0.996381044 0.015907619 -0.083498716 361.825012207
-0.085646629 0.047106236 -0.995211482 -158.180267334 -0.009098975 0.998803020 0.048059285 -0.090268135 0.996284127 0.013171514 -0.085115552 361.746520996
-0.085965276 0.048943982 -0.995095193 -159.133499146 -0.008314572 0.998722553 0.049840685 -0.057126045 0.996263444 0.012558362 -0.085448503 361.662597656
-0.086218476 0.050442290 -0.994998634 -160.071334839 -0.009684728 0.998627841 0.051465482 -0.026094437 0.996229291 0.014073558 -0.085611582 361.578155518
-0.085605383 0.049386621 -0.995104492 -161.005294800 -0.012418703 0.998640239 0.050630443 0.010200500 0.996251822 0.016692139 -0.084875703 361.490905762
-0.085072517 0.047315788 -0.995250642 -161.930603027 -0.015984528 0.998678446 0.048845083 0.043947220 0.996246517 0.020063983 -0.084203720 361.404205322
-0.083954096 0.044641372 -0.995469213 -162.859558105 -0.019477166 0.998731613 0.046430305 0.076512337 0.996279359 0.023286931 -0.082978129 361.321716309
-0.082325816 0.042033017 -0.995718658 -163.785781860 -0.018400274 0.998875797 0.043687623 0.102600098 0.996435583 0.021918122 -0.081459880 361.236602783
-0.081214428 0.039225020 -0.995924652 -164.714172363 -0.017288351 0.999019504 0.040756725 0.126716614 0.996546865 0.020527918 -0.080456614 361.159942627
-0.079401374 0.039027840 -0.996078432 -165.649658203 -0.016016517 0.999054372 0.040421180 0.158113480 0.996714056 0.019163202 -0.078701258 361.083190918
-0.078382373 0.043598089 -0.995969713 -166.533920288 -0.015111247 0.998876512 0.044914588 0.183567047 0.996808946 0.018570848 -0.077635527 361.016479492
-0.077651143 0.049877219 -0.995732188 -167.450180054 -0.012856943 0.998614669 0.051024243 0.216044426 0.996897697 0.016764164 -0.076902390 360.948364258
-0.076706409 0.053006675 -0.995643854 -168.340881348 -0.011538120 0.998471797 0.054046154 0.248194695 0.996987104 0.015633531 -0.075977564 360.875671387
-0.075043201 0.052594602 -0.995792508 -169.230255127 -0.013096568 0.998470008 0.053722989 0.279229164 0.997094452 0.017072996 -0.074239612 360.797119141
-0.073637366 0.050736528 -0.995993674 -170.122802734 -0.011681354 0.998592675 0.051732566 0.310267448 0.997216642 0.015444006 -0.072941065 360.741210938
-0.072846532 0.048388738 -0.996168733 -170.986709595 -0.012313886 0.998702526 0.049412295 0.339750290 0.997267246 0.015866218 -0.072156191 360.675659180
-0.071928620 0.049233150 -0.996193945 -171.843460083 -0.013582903 0.998640060 0.050334770 0.368569374 0.997317314 0.017151717 -0.071162105 360.606903076
-0.071172595 0.052360822 -0.996088803 -172.674301147 -0.015060993 0.998450994 0.053561132 0.406780243 0.997350335 0.018814167 -0.070273757 360.533996582
-0.070587039 0.055302698 -0.995971441 -173.499313354 -0.013596834 0.998315871 0.056396522 0.429325104 0.997412920 0.017522926 -0.069716215 360.477020264
-0.069777727 0.051199310 -0.996247947 -174.297836304 -0.008858513 0.998610854 0.051941205 0.456683159 0.997523367 0.012449610 -0.069227338 360.421844482
-0.069450140 0.044358175 -0.996598899 -175.078308105 -0.005980555 0.998974442 0.044880684 0.481358528 0.997567654 0.009077175 -0.069113612 360.371704102
-0.069783211 0.040709306 -0.996731222 -175.840728760 -0.004804121 0.999141693 0.041144103 0.510934830 0.997550666 0.007659581 -0.069527745 360.318145752
-0.070056558 0.045635328 -0.996498644 -176.585403442 -0.001086908 0.998948932 0.045823954 0.538192749 0.997542441 0.004293373 -0.069933414 360.273437500
-0.071051598 0.053532489 -0.996035159 -177.312896729 0.004743856 0.998565674 0.053330094 0.557694435 0.997461438 -0.000935861 -0.071203709 360.228027344
-0.072888613 0.056503229 -0.995738387 -178.014038086 0.004331927 0.998402417 0.056337308 0.579594612 0.997330844 -0.000207125 -0.073016882 360.173889160
-0.074403763 0.052616674 -0.995839119 -178.695510864 0.003576800 0.998614728 0.052496087 0.599622726 0.997221768 0.000343992 -0.074488878 360.118896484
-0.077788830 0.044167977 -0.995991051 -179.345535278 0.000902476 0.999020875 0.044231858 0.618865013 0.996969461 0.002541883 -0.077752471 360.064544678
-0.080079317 0.037584726 -0.996079803 -179.967376709 0.000103428 0.999289215 0.037697516 0.636731148 0.996788681 0.002915760 -0.080026269 360.000305176
-0.082451582 0.036449667 -0.995928288 -180.582794189 -0.004920124 0.999303877 0.036980540 0.653223991 0.996582925 0.007949194 -0.082214832 359.935546875
-0.087133765 0.038996905 -0.995433092 -181.191299438 -0.006760568 0.999187350 0.039735761 0.674064636 0.996173739 0.010192018 -0.086799383 359.878784180
-0.092308640 0.043600511 -0.994775414 -181.784729004 -0.007868062 0.998977721 0.044514801 0.682185173 0.995699406 0.011936054 -0.091871262 359.817077637
-0.098018050 0.045603037 -0.994139194 -182.370773315 -0.007770826 0.998884022 0.046586860 0.696884155 0.995154262 0.012291635 -0.097554326 359.749511719
-0.106691003 0.046690788 -0.993195474 -182.941436768 -0.006958493 0.998837292 0.047703512 0.712097168 0.994268000 0.012000671 -0.106242061 359.682800293
-0.118703604 0.046545334 -0.991838276 -183.494064331 -0.004077259 0.998869419 0.047363263 0.726645470 0.992921472 0.009666166 -0.118379593 359.604187012
-0.135158896 0.045360673 -0.989785254 -184.042785645 -0.001355444 0.998942137 0.045965422 0.743846893 0.990823150 0.007554224 -0.134954453 359.527618408
-0.155914664 0.043702982 -0.986803532 -184.574371338 0.000414282 0.999023557 0.044178732 0.763168335 0.987770736 0.006479288 -0.155780554 359.428771973
-0.181617975 0.042813875 -0.982436836 -185.095977783 0.002091788 0.999066353 0.043151882 0.779654503 0.983367085 0.005782101 -0.181537867 359.316406250
-0.211781144 0.042372141 -0.976398289 -185.616271973 0.003178509 0.999084294 0.042667221 0.792463303 0.977312088 0.005932619 -0.211721897 359.176879883
-0.246523499 0.042897265 -0.968186915 -186.111877441 0.003791689 0.999054968 0.043299474 0.807252884 0.969129324 0.007003275 -0.246453166 359.030334473
-0.285754204 0.043385625 -0.957320452 -186.605957031 0.006091786 0.999036670 0.043457843 0.821605682 0.958283722 0.006586464 -0.285743237 358.852325439
-0.329247117 0.043865949 -0.943224549 -187.072418213 0.009569266 0.999024034 0.043120690 0.839678764 0.944195509 0.005171388 -0.329345465 358.660705566
-0.376630425 0.044752188 -0.925282121 -187.522735596 0.013006496 0.998989403 0.043022908 0.846214294 0.926272392 0.004169052 -0.376831889 358.455047607
-0.426332951 0.046183202 -0.903386593 -187.951232910 0.016225498 0.998925567 0.043410119 0.859413147 0.904420793 0.003849264 -0.426624179 358.231628418
-0.476621509 0.047535878 -0.877822459 -188.352355957 0.019204671 0.998861730 0.043663055 0.873528481 0.878898859 0.003952456 -0.476991892 357.988006592
-0.526631474 0.048413564 -0.848713994 -188.748352051 0.021110004 0.998813868 0.043876909 0.889650345 0.849831581 0.005190604 -0.527028918 357.705932617
-0.577888727 0.048551369 -0.814670086 -189.141693115 0.021374071 0.998786807 0.044362295 0.910833359 0.815835595 0.008223656 -0.578225374 357.400634766
-0.628457785 0.049518071 -0.776265979 -189.497100830 0.021222994 0.998691678 0.046524685 0.916255951 0.777554214 0.012764110 -0.628686547 357.061401367
-0.678529263 0.049470637 -0.732905924 -189.840087891 0.021205926 0.998633027 0.047774453 0.931654930 0.734267533 0.016874406 -0.678650737 356.688842773
-0.726036191 0.048604403 -0.685936630 -190.175048828 0.022922795 0.998655200 0.046500303 0.954887390 0.687274277 0.018037319 -0.726173997 356.280151367
-0.771675467 0.048051100 -0.634198785 -190.474578857 0.025054598 0.998664618 0.045179710 0.982341290 0.635522842 0.018974476 -0.771848917 355.854797363
-0.814149857 0.048398267 -0.578634679 -190.758026123 0.026353527 0.998573244 0.046442956 0.998905659 0.580056846 0.022562452 -0.814263701 355.396026611
-0.852509260 0.044389307 -0.520824254 -190.998291016 0.023871429 0.998654306 0.046040416 1.027220488 0.522167087 0.026817054 -0.852421641 354.912017822
-0.885876417 0.043280479 -0.461898178 -191.194702148 0.024076384 0.998586118 0.047392670 1.032433391 0.463296294 0.030863207 -0.885665894 354.429626465
-0.915954828 0.042742498 -0.398999155 -191.378417969 0.025977725 0.998541296 0.047332771 1.057199359 0.400440276 0.032989576 -0.915729046 353.917175293
-0.940663576 0.047724485 -0.335968077 -191.543334961 0.033153541 0.998249531 0.048976731 1.073009133 0.337717354 0.034932096 -0.940599203 353.369750977
-0.960472465 0.050312765 -0.273790866 -191.686370850 0.038373485 0.998071492 0.048792958 1.101831675 0.275717765 0.036357976 -0.960550904 352.804534912
-0.975088239 0.050233949 -0.216055930 -191.782775879 0.040565487 0.997976780 0.048956785 1.112583160 0.218078092 0.038972754 -0.975153089 352.231994629
-0.985346079 0.047244046 -0.163894445 -191.850189209 0.040468540 0.998192132 0.044437882 1.150956154 0.165697575 0.037154119 -0.985476613 351.662414551
-0.992090225 0.042260870 -0.118200965 -191.890502930 0.037462823 0.998392820 0.042524692 1.172638416 0.119808123 0.037760179 -0.992079020 351.063934326
-0.995947003 0.037333891 -0.081830673 -191.896942139 0.034122325 0.998604834 0.040300101 1.187892437 0.083221063 0.037344500 -0.995831370 350.462036133
-0.998081565 0.033094600 -0.052325752 -191.915527344 0.030919442 0.998645484 0.041846473 1.214086533 0.053639770 0.040148307 -0.997753024 349.839538574
-0.998980641 0.032854412 -0.030963080 -191.911819458 0.031504106 0.998572528 0.043132916 1.237744331 0.032335985 0.042113476 -0.998589635 349.205657959
-0.999357104 0.033084035 -0.013817957 -191.905288696 0.032484688 0.998608053 0.041553523 1.257815361 0.015173481 0.041077938 -0.999040723 348.567718506
-0.999353170 0.035907328 0.002009648 -191.904113770 0.035956264 0.998712778 0.035776943 1.273047924 -0.000722407 0.035826057 -0.999357820 347.917358398
-0.999038935 0.040668700 0.016350389 -191.888519287 0.041113179 0.998766661 0.027835807 1.289404869 -0.015198178 0.028481269 -0.999478817 347.266998291
-0.998544931 0.044382911 0.030637754 -191.863708496 0.044977259 0.998807490 0.018990304 1.311029911 -0.029758373 0.020340670 -0.999350429 346.598419189
-0.998041153 0.042773388 0.045658611 -191.816650391 0.043525375 0.998930454 0.015604202 1.324988961 -0.044942331 0.017560940 -0.998835325 345.916503906
-0.997429371 0.040145274 0.059357602 -191.767517090 0.041140798 0.999030888 0.015645238 1.326139450 -0.058671996 0.018047037 -0.998114347 345.208343506
-0.996699452 0.039573181 0.070883989 -191.708145142 0.040841255 0.999028921 0.016529802 1.333991289 -0.070161015 0.019370232 -0.997347713 344.487396240
-0.996025920 0.040074784 0.079540797 -191.640136719 0.041412886 0.999025822 0.015244497 1.343184352 -0.078852393 0.018477926 -0.996715188 343.767181396
-0.995655298 0.037734102 0.085130505 -191.568710327 0.039169464 0.999116182 0.015253310 1.347399712 -0.084479690 0.018521551 -0.996253252 343.022979736
-0.995426297 0.034416199 0.089118898 -191.493652344 0.035879984 0.999245405 0.014875071 1.358502507 -0.088539705 0.018004620 -0.995910048 342.263397217
-0.995094061 0.032924261 0.093295656 -191.420623779 0.034348499 0.999315977 0.013701007 1.370413303 -0.092780747 0.016838355 -0.995544314 341.501312256
-0.994714141 0.032565374 0.097384803 -191.335601807 0.034200367 0.999299884 0.015166662 1.372946858 -0.096822724 0.018417085 -0.995131493 340.722747803
-0.994102716 0.034169726 0.102919042 -191.253158569 0.035990216 0.999225914 0.015883274 1.388539195 -0.102296643 0.019493684 -0.994562984 339.925689697
-0.993740797 0.031610716 0.107146412 -191.156631470 0.033925194 0.999227285 0.019847156 1.390800714 -0.106436238 0.023357889 -0.994045258 339.127288818
-0.993282199 0.027893586 0.112304449 -191.052764893 0.030426128 0.999318480 0.020899951 1.400314093 -0.111644939 0.024176542 -0.993453979 338.316558838
-0.992728472 0.026310230 0.117466547 -190.947387695 0.029049246 0.999343157 0.021666253 1.416589737 -0.116819344 0.024921017 -0.992840767 337.486022949
-0.992328167 0.025259914 0.121024974 -190.831359863 0.027919790 0.999403358 0.020332571 1.428045034 -0.120439164 0.023555573 -0.992441297 336.640838623
-0.992148519 0.023124350 0.122909151 -190.715881348 0.025349965 0.999541223 0.016574750 1.435682774 -0.122469485 0.019560354 -0.992279530 335.803131104
-0.992068887 0.020764749 0.123969443 -190.606185913 0.022527356 0.999663830 0.012833134 1.446649432 -0.123661295 0.015524055 -0.992203116 334.946838379
-0.992137074 0.020033088 0.123542935 -190.489288330 0.021456081 0.999717772 0.010198385 1.455710530 -0.123303764 0.012768941 -0.992286921 334.073455811
-0.992338181 0.020288380 0.121875681 -190.379272461 0.021864833 0.999693513 0.011611382 1.456934929 -0.121602751 0.014187207 -0.992477536 333.188446045
-0.992544174 0.018572770 0.120461799 -190.271728516 0.020496283 0.999681115 0.014748389 1.459625006 -0.120149471 0.017107448 -0.992608428 332.292846680
-0.992894173 0.015761232 0.117952332 -190.152572632 0.017787920 0.999711335 0.016149249 1.465002060 -0.117663756 0.018132623 -0.992887974 331.375305176
-0.993229628 0.014330065 0.115279883 -190.039642334 0.016279729 0.999739647 0.015988713 1.474122286 -0.115020745 0.017757190 -0.993204355 330.461517334
-0.993555069 0.012371623 0.112675399 -189.930328369 0.014374434 0.999752522 0.016979991 1.487049580 -0.112437442 0.018490197 -0.993487000 329.543975830
-0.993903518 0.010049911 0.109795444 -189.820861816 0.012182279 0.999749660 0.018767746 1.489831924 -0.109579340 0.019990886 -0.993777156 328.621459961
-0.994109392 0.010050070 0.107913479 -189.719085693 0.012495551 0.999679685 0.022009257 1.499867439 -0.107657716 0.023228049 -0.993916631 327.691467285
-0.994444489 0.008816063 0.104894035 -189.607666016 0.011682879 0.999573946 0.026747614 1.520550728 -0.104613535 0.027824476 -0.994123816 326.759796143
-0.994690537 0.008168760 0.102588028 -189.507171631 0.011700117 0.999357820 0.033868290 1.536600113 -0.102245487 0.034888752 -0.994147301 325.828704834
-0.994922280 0.007066316 0.100400366 -189.406494141 0.010887318 0.999235034 0.037560847 1.556468010 -0.100058146 0.038463201 -0.994238138 324.882293701
-0.995118260 0.005466060 0.098538578 -189.314025879 0.009074229 0.999303162 0.036205921 1.570856094 -0.098272003 0.036923330 -0.994474411 323.959014893
-0.995357275 0.003614003 0.096182622 -189.214447021 0.006728324 0.999462843 0.032074641 1.598203659 -0.096015044 0.032572869 -0.994846821 323.030700684
-0.995551229 0.004661225 0.094105914 -189.122070312 0.007590153 0.999497056 0.030789839 1.611651421 -0.093915068 0.031367142 -0.995085955 322.097564697
-0.995737791 0.002867468 0.092184849 -189.031066895 0.005830099 0.999474525 0.031884722 1.629948616 -0.092044987 0.032286271 -0.995231390 321.170013428
-0.995891094 0.005340069 0.090405397 -188.947387695 0.008212900 0.999472082 0.031435091 1.651318550 -0.090189800 0.032048408 -0.995409131 320.237243652
-0.996023774 0.007052116 0.088809729 -188.863937378 0.009756547 0.999500632 0.030054791 1.663290977 -0.088553429 0.030801760 -0.995595217 319.306671143
-0.996194005 0.006200741 0.086944126 -188.778228760 0.008743834 0.999544084 0.028899485 1.681567192 -0.086725287 0.029549716 -0.995794058 318.366363525
-0.996371746 0.002176540 0.085081972 -188.687622070 0.004632175 0.999578059 0.028675249 1.696509361 -0.084983654 0.028965319 -0.995961428 317.448486328
-0.996539116 -0.001888536 0.083104528 -188.597839355 0.000324279 0.999645948 0.026605332 1.712947845 -0.083125353 0.026540203 -0.996185780 316.518371582
-0.996702075 -0.005172336 0.080982387 -188.514984131 -0.003058381 0.999651909 0.026206207 1.733091354 -0.081089742 0.025872108 -0.996370912 315.583923340
-0.996877074 -0.008519135 0.078510553 -188.428253174 -0.006362272 0.999596536 0.027681587 1.752237320 -0.078714699 0.027095629 -0.996529102 314.641662598
-0.997054935 -0.012861367 0.075604871 -188.340698242 -0.010630483 0.999498308 0.029835897 1.768791199 -0.075950667 0.028944312 -0.996691465 313.700347900
-0.997190475 -0.013073973 0.073759563 -188.260665894 -0.010763189 0.999441385 0.031639602 1.793475151 -0.074132010 0.030756816 -0.996774197 312.761505127
-0.997418165 -0.006413233 0.071526945 -188.197082520 -0.004156677 0.999490261 0.031652674 1.809744835 -0.071693480 0.031273633 -0.996936440 311.810699463
-0.997561574 0.001251803 0.069783114 -188.150115967 0.003216433 0.999601424 0.028048126 1.829291344 -0.069720186 0.028204182 -0.997167945 310.823883057
-0.997659326 0.000786195 0.068374507 -188.082138062 0.002532548 0.999672711 0.025458068 1.849085331 -0.068332113 0.025571644 -0.997334838 309.882049561
-0.997699976 -0.000519984 0.067782953 -188.014511108 0.001511620 0.999551237 0.029917462 1.874303818 -0.067768089 0.029951112 -0.997251391 308.915588379
-0.997768641 0.001214693 0.066755995 -187.944274902 0.003802238 0.999245644 0.038647879 1.887960434 -0.066658691 0.038815465 -0.997020602 307.944061279
-0.997765779 0.002204627 0.066773899 -187.872238159 0.004881841 0.999189496 0.039957136 1.911996841 -0.066631690 0.040193841 -0.996967912 306.996917725
-0.997741222 -0.004653203 0.067017317 -187.788955688 -0.002276673 0.999367297 0.035494246 1.931758881 -0.067140080 0.035261489 -0.997120500 306.059692383
-0.997630596 -0.008031838 0.068326682 -187.713607788 -0.006136362 0.999591708 0.027906155 1.952904701 -0.068522923 0.027420757 -0.997272611 305.104736328
-0.997499347 -0.004175469 0.070552066 -187.650680542 -0.002509381 0.999716282 0.023687167 1.966103554 -0.070630953 0.023450891 -0.997226834 304.162536621
-0.997455597 -0.003886526 0.071188703 -187.572753906 -0.002309459 0.999750376 0.022222253 1.977179050 -0.071257301 0.022001294 -0.997215509 303.220367432
-0.997401118 -0.004087450 0.071934283 -187.502227783 -0.002374616 0.999711990 0.023880526 1.988015175 -0.072011173 0.023647644 -0.997123599 302.268737793
-0.997392297 -0.002837155 0.072118916 -187.428634644 -0.001021658 0.999681950 0.025198096 2.000935555 -0.072167471 0.025058700 -0.997078061 301.323089600
-0.997484565 -0.004076895 0.070767656 -187.354797363 -0.002268153 0.999669194 0.025620446 2.008897781 -0.070848696 0.025395487 -0.997163773 300.400970459
-0.997655749 -0.004716670 0.068271115 -187.284317017 -0.003060973 0.999699175 0.024336118 2.021355629 -0.068365365 0.024070092 -0.997370124 299.469116211
-0.997831464 -0.004693591 0.065655038 -187.219085693 -0.003133768 0.999710858 0.023840709 2.030181885 -0.065747947 0.023583258 -0.997557640 298.541870117
-0.997983575 -0.003667796 0.063368641 -187.159851074 -0.001976939 0.999640882 0.026724996 2.043992043 -0.063443907 0.026545828 -0.997632384 297.619140625
-0.998167753 -0.003856514 0.060389768 -187.097488403 -0.002294603 0.999661624 0.025911869 2.049945831 -0.060469262 0.025725814 -0.997838855 296.694458008
-0.998351932 -0.004079160 0.057244610 -187.035156250 -0.002789843 0.999741018 0.022584803 2.054177284 -0.057321914 0.022387877 -0.998104811 295.769561768
-0.998429418 -0.000616896 0.056022137 -186.991973877 0.000472260 0.999811172 0.019426199 2.069303989 -0.056023546 0.019422142 -0.998240590 294.834991455
-0.998472214 -0.001487559 0.055239271 -186.934524536 -0.000238672 0.999744356 0.022608386 2.084718704 -0.055258781 0.022560658 -0.998217344 293.904266357
-0.998530388 -0.002139792 0.054150861 -186.870925903 -0.000653098 0.999622762 0.027457479 2.096997261 -0.054189187 0.027381763 -0.998155117 292.969909668
-0.998521090 -0.000050102 0.054367669 -186.825241089 0.001473404 0.999607325 0.027981851 2.107078552 -0.054347724 0.028020572 -0.998128891 292.045410156
-0.998499632 0.000839013 0.054752935 -186.772430420 0.002160518 0.999707699 0.024081072 2.124294281 -0.054716725 0.024163233 -0.998209476 291.123535156
-0.998394251 0.002840233 0.056580983 -186.718338013 0.003994939 0.999785841 0.020305388 2.138501644 -0.056511194 0.020498816 -0.998191833 290.187072754
-0.998234391 0.007966567 0.058863487 -186.656372070 0.009177608 0.999751151 0.020332109 2.146498680 -0.058686860 0.020836435 -0.998059154 289.262207031
-0.997893572 0.012439321 0.063671567 -186.606781006 0.013866215 0.999661446 0.022017596 2.158697605 -0.063376129 0.022854095 -0.997728109 288.327270508
-0.997529387 0.016184304 0.068363965 -186.543746948 0.017715417 0.999604285 0.021849910 2.168334246 -0.067983285 0.023007018 -0.997421384 287.393524170
-0.997319102 0.011598978 0.072252668 -186.466293335 0.013048559 0.999722302 0.019623054 2.178822517 -0.072004996 0.020513235 -0.997193456 286.470764160
-0.997100353 0.006981169 0.075776778 -186.381805420 0.008287283 0.999822259 0.016935600 2.188687086 -0.075645074 0.017514477 -0.996981025 285.540069580
-0.996948004 0.006699922 0.077782273 -186.300857544 0.008380584 0.999737978 0.021300999 2.197037697 -0.077619173 0.021887848 -0.996742964 284.603942871
-0.996878505 0.005520555 0.078761145 -186.224716187 0.007629189 0.999619782 0.026496785 2.206467628 -0.078584924 0.027014950 -0.996541619 283.661102295
-0.996927023 0.003673251 0.078251429 -186.139343262 0.006085181 0.999512970 0.030606706 2.220561981 -0.078100890 0.030988824 -0.996463895 282.718139648
-0.996822953 0.006293027 0.079399973 -186.061355591 0.008216859 0.999679983 0.023926212 2.235582829 -0.079223990 0.024502615 -0.996555567 281.775085449
-0.996687293 0.013192264 0.080256507 -185.988159180 0.014572434 0.999755442 0.016635623 2.245701790 -0.080017418 0.017750040 -0.996635795 280.835540771
-0.996608734 0.016270975 0.080660634 -185.905242920 0.017349949 0.999768913 0.012693904 2.258531570 -0.080435447 0.014050314 -0.996660709 279.883972168
-0.996672988 0.013923335 0.080305457 -185.821044922 0.015439854 0.999713421 0.018294415 2.266517639 -0.080027722 0.019473454 -0.996602416 278.926910400
-0.996714234 0.011881188 0.080124058 -185.734512329 0.013976333 0.999573588 0.025638824 2.271059513 -0.079785265 0.026674418 -0.996455193 277.974121094
-0.996770144 0.009807826 0.079706341 -185.652420044 0.012164946 0.999501288 0.029140979 2.290775299 -0.079380780 0.030016482 -0.996392369 276.993103027
-0.996873498 0.011765461 0.078135766 -185.576354980 0.014075020 0.999478161 0.029073618 2.314208984 -0.077752933 0.030082475 -0.996518850 276.032257080
-0.997094274 0.013414156 0.074988514 -185.497406006 0.015343498 0.999564350 0.025211861 2.323651314 -0.074617654 0.026289186 -0.996865749 275.077453613
-0.997335315 0.014600450 0.071479470 -185.424331665 0.016333008 0.999585330 0.023714323 2.336492538 -0.071103595 0.024818603 -0.997160196 274.119018555
-0.997505784 0.015102146 0.068954304 -185.349746704 0.016883241 0.999536812 0.025320763 2.350714684 -0.068539970 0.026421772 -0.997298717 273.148254395
-0.997601151 0.019210374 0.066504240 -185.290908813 0.021344485 0.999274909 0.031529415 2.366171360 -0.065850325 0.032873284 -0.997287750 272.172973633
-0.997774839 0.018305620 0.064111136 -185.219345093 0.020470252 0.999236703 0.033271190 2.389894009 -0.063453153 0.034509528 -0.997388005 271.189117432
-0.997935653 0.016613597 0.062040374 -185.148681641 0.018657146 0.999297380 0.032506280 2.413601875 -0.061456736 0.033596665 -0.997544408 270.212738037
-0.997890592 0.014471672 0.063285731 -185.084106445 0.016431529 0.999397933 0.030558342 2.430885315 -0.062805399 0.031533763 -0.997527599 269.232269287
-0.997783899 0.017715277 0.064135104 -185.021713257 0.019683851 0.999350250 0.030193513 2.449821472 -0.063558541 0.031389028 -0.997484326 268.250640869
-0.997628450 0.019118860 0.066121615 -184.946777344 0.021166895 0.999313295 0.030413121 2.468054771 -0.065494746 0.031740583 -0.997347951 267.259399414
-0.997462988 0.016997725 0.069126576 -184.870941162 0.019151904 0.999347568 0.030620359 2.486810207 -0.068560995 0.031866584 -0.997137785 266.270416260
-0.997240782 0.015069292 0.072692007 -184.791168213 0.017616833 0.999248266 0.034532782 2.511229992 -0.072116978 0.035718095 -0.996756554 265.274719238
-0.997010231 0.014846771 0.075831756 -184.707656860 0.017699152 0.999155462 0.037082106 2.535075188 -0.075217165 0.038313389 -0.996430993 264.290161133
-0.996918321 0.014982208 0.077001974 -184.628631592 0.017685119 0.999246836 0.034540638 2.551394939 -0.076426484 0.035795987 -0.996432424 263.304931641
-0.996882677 0.015401289 0.077382296 -184.543914795 0.017585706 0.999463618 0.027627183 2.570719242 -0.076915294 0.028901877 -0.996618748 262.325622559
-0.996780157 0.015323724 0.078707740 -184.459609985 0.017143423 0.999599934 0.022496218 2.590119123 -0.078331523 0.023773098 -0.996644020 261.340270996
-0.996633053 0.014244961 0.080747493 -184.375305176 0.016091011 0.999622762 0.022257561 2.605568171 -0.080399975 0.023481922 -0.996486306 260.342590332
-0.996500134 0.013426781 0.082506604 -184.288635254 0.015730355 0.999502599 0.027333533 2.617641926 -0.082098559 0.028535726 -0.996215701 259.335845947
-0.996371865 0.007641723 0.084761724 -184.192718506 0.010520076 0.999381185 0.033563670 2.634572983 -0.084452786 0.034333598 -0.995835781 258.338806152
-0.996227145 0.005292951 0.086622283 -184.094116211 0.008069408 0.999463797 0.031733762 2.655689716 -0.086407870 0.032313030 -0.995735765 257.334106445
-0.996035576 0.007146518 0.088670731 -184.001266479 0.009472387 0.999621272 0.025837399 2.678171635 -0.088452503 0.026574887 -0.995725989 256.340911865
-0.995850563 0.010797898 0.090362735 -183.908920288 0.011873043 0.999864876 0.011369008 2.688603401 -0.090227768 0.012394710 -0.995844245 255.350372314
-0.995558619 0.014733660 0.092983454 -183.818115234 0.014948222 0.999886990 0.001611433 2.688615799 -0.092949197 0.002994213 -0.995666385 254.357391357
-0.995346785 0.018084118 0.094646245 -183.721206665 0.018400604 0.999827623 0.002472161 2.684036732 -0.094585225 0.004202206 -0.995507956 253.353881836
-0.995167732 0.018524874 0.096429288 -183.625289917 0.019938573 0.999707103 0.013717528 2.681436062 -0.096146926 0.015573900 -0.995245576 252.339111328
-0.995143056 0.016693801 0.097013868 -183.521270752 0.019203402 0.999503195 0.024992546 2.693202972 -0.096548453 0.026734153 -0.994969249 251.325286865
-0.995229483 0.015403974 0.096339680 -183.413681030 0.018612193 0.999298692 0.032491583 2.705299377 -0.095771618 0.034129668 -0.994818330 250.320343018
-0.995312929 0.013391764 0.095776059 -183.312362671 0.016557703 0.999339819 0.032337625 2.720083714 -0.095279776 0.033771884 -0.994877577 249.300354004
-0.995414376 0.015129029 0.094454646 -183.214935303 0.017697645 0.999494374 0.026415937 2.736086369 -0.094007239 0.027966425 -0.995178819 248.306121826
-0.995506287 0.018538745 0.092864119 -183.123718262 0.020647282 0.999549210 0.021796454 2.754517317 -0.092418179 0.023615897 -0.995440245 247.305725098
-0.995622396 0.021275500 0.091015220 -183.038085938 0.023063162 0.999560297 0.018634805 2.764313221 -0.090578735 0.020652326 -0.995675325 246.317596436
-0.995773435 0.023569982 0.088768654 -182.942764282 0.025090221 0.999556363 0.016049001 2.765874863 -0.088350996 0.018208392 -0.995923042 245.323852539
-0.995851398 0.026330106 0.087102346 -182.856491089 0.027811926 0.999487638 0.015842618 2.770755291 -0.086640574 0.018199375 -0.996073365 244.333770752
-0.995974422 0.026694613 0.085571244 -182.769485474 0.028407345 0.999418497 0.018860299 2.774776220 -0.085018016 0.021215227 -0.996153474 243.340789795
-0.996032238 0.027212281 0.084732346 -182.691680908 0.029223584 0.999317646 0.022587767 2.781086206 -0.084059864 0.024974322 -0.996147871 242.366760254
-0.996244073 0.027033407 0.082260780 -182.592041016 0.029092040 0.999290228 0.023930646 2.788650990 -0.081555463 0.026233900 -0.996323466 241.386932373
-0.996393919 0.025676833 0.080871440 -182.509872437 0.027537925 0.999379039 0.021982137 2.799586773 -0.080256790 0.024129897 -0.996482253 240.420959473
-0.996553898 0.023523398 0.079543442 -182.429336548 0.025289640 0.999453843 0.021270603 2.805146217 -0.078999639 0.023208924 -0.996604562 239.458404541
-0.996615767 0.024712309 0.078400150 -182.351196289 0.026548028 0.999395192 0.022459339 2.810661077 -0.077797711 0.024464697 -0.996669054 238.510009766
-0.996621609 0.025298404 0.078138664 -182.280273438 0.027309692 0.999319851 0.024779383 2.821400881 -0.077458642 0.026829608 -0.996634603 237.553985596
-0.996711135 0.025914980 0.076783583 -182.198684692 0.028036481 0.999250770 0.026681526 2.832759380 -0.076034598 0.028746510 -0.996690989 236.609497070
-0.996542454 0.032404795 0.076505445 -182.145370483 0.034825951 0.998927057 0.030527437 2.847342968 -0.075434119 0.033086263 -0.996601701 235.666717529
-0.996389747 0.035636801 0.077056952 -182.077758789 0.038239297 0.998737812 0.032565705 2.862211704 -0.075799160 0.035394736 -0.996494889 234.745269775
-0.996455669 0.034230202 0.076840803 -181.999267578 0.036702700 0.998845339 0.030998316 2.867998838 -0.075691000 0.033708710 -0.996561527 233.833435059
-0.996089578 0.043499265 0.076901503 -181.941101074 0.045732874 0.998574376 0.027525790 2.885331154 -0.075594522 0.030935071 -0.996658921 232.934448242
-0.995906830 0.047745340 0.076746359 -181.873352051 0.049897544 0.998406053 0.026373496 2.900434971 -0.075364821 0.030094998 -0.996701837 232.058715820
-0.996458530 0.035673246 0.076146826 -181.789962769 0.037563071 0.999017179 0.023531483 2.900861263 -0.075232543 0.026308449 -0.996819139 231.190521240
-0.996935606 0.026400765 0.073635936 -181.704391479 0.027785493 0.999454618 0.017844306 2.906276703 -0.073124669 0.019835638 -0.997125506 230.351852417
-0.997100949 0.027367000 0.071001872 -181.645828247 0.028322387 0.999520898 0.012483941 2.919548512 -0.070626207 0.014458688 -0.997398376 229.508361816
-0.997479677 0.026891580 0.065660939 -181.583267212 0.027983902 0.999483943 0.015772987 2.918381214 -0.065202892 0.017570682 -0.997717500 228.675216675
-0.997885942 0.019995859 0.061837319 -181.523483276 0.021424117 0.999516785 0.022520816 2.922002554 -0.061357118 0.023798017 -0.997832179 227.848098755
-0.998183966 0.017334171 0.057690430 -181.464324951 0.018796448 0.999513209 0.024901576 2.930566072 -0.057230696 0.025940731 -0.998023868 227.024368286
-0.998338819 0.017355094 0.054940034 -181.418960571 0.018847851 0.999463916 0.026770132 2.937812090 -0.054445982 0.027761163 -0.998130798 226.227966309
-0.998482585 0.018955883 0.051707745 -181.378097534 0.020352021 0.999438703 0.026608959 2.949620008 -0.051174324 0.027620934 -0.998307943 225.453506470
-0.998663902 0.019693017 0.047779858 -181.342361450 0.021041144 0.999389827 0.027878422 2.948571205 -0.047201693 0.028846513 -0.998468876 224.700759888
-0.998840570 0.019000936 0.044239845 -181.306808472 0.020251319 0.999403059 0.027989190 2.960653543 -0.043681618 0.028852645 -0.998629093 223.952651978
-0.999017000 0.018524004 0.040280882 -181.266632080 0.019680416 0.999399900 0.028504239 2.965089798 -0.039728697 0.029268956 -0.998782158 223.243820190
-0.999121189 0.018775500 0.037476227 -181.237579346 0.019856736 0.999391079 0.028690591 2.972586870 -0.036914729 0.029409532 -0.998885632 222.540374756
-0.999139309 0.021261072 0.035620861 -181.214584351 0.022289587 0.999338686 0.028730081 2.983774662 -0.034986470 0.029499324 -0.998952389 221.862503052
-0.999093652 0.024060691 0.035115231 -181.198974609 0.025080850 0.999267399 0.028906358 2.987474203 -0.034393996 0.029760877 -0.998965263 221.199966431
-0.999061823 0.025532844 0.034985501 -181.175811768 0.026505070 0.999267220 0.027613228 2.993909121 -0.034254823 0.028514611 -0.999006391 220.576065063
-0.998976827 0.027170930 0.036152929 -181.150177002 0.028154295 0.999239564 0.026974870 3.000883341 -0.035392504 0.027965130 -0.998982191 219.969879150
-0.998761296 0.030532893 0.039294250 -181.130187988 0.031569019 0.999162734 0.026023682 3.004846811 -0.038466770 0.027231921 -0.998888969 219.384292603
-0.998464346 0.033499103 0.044125460 -181.101715088 0.034631047 0.999083817 0.025143085 3.006278753 -0.043242764 0.026632583 -0.998709679 218.813247681
-0.998136282 0.034120161 0.050593603 -181.064712524 0.035412546 0.999063253 0.024871740 3.011430979 -0.049697582 0.026617035 -0.998409510 218.280670166
-0.997640133 0.033900224 0.059706915 -181.041397095 0.035464577 0.999049664 0.025338396 3.021687508 -0.058791198 0.027396083 -0.997894287 217.742431641
-0.996966362 0.033478417 0.070267886 -180.993804932 0.035335004 0.999054015 0.025346713 3.026319981 -0.069352843 0.027752733 -0.997206211 217.249847412
-0.995847225 0.034719557 0.084160566 -180.945632935 0.036912441 0.999014676 0.024641072 3.027208328 -0.083222114 0.027645314 -0.996147633 216.775100708
-0.994045019 0.038444929 0.101964369 -180.902374268 0.040932648 0.998910367 0.022418156 3.030117989 -0.100991398 0.026458327 -0.994535565 216.312377930
-0.991561055 0.039188560 0.123575121 -180.833984375 0.041863088 0.998940408 0.019120120 3.031956434 -0.122694887 0.024132002 -0.992150903 215.856292725
-0.988021493 0.038806058 0.149356827 -180.747131348 0.041834339 0.998976707 0.017186243 3.030219078 -0.148537070 0.023228623 -0.988633990 215.410064697
-0.982864499 0.037943371 0.180383399 -180.638214111 0.041426823 0.999020040 0.015582109 3.032269955 -0.179615393 0.022787808 -0.983473182 214.956909180
-0.975605369 0.037623737 0.216284737 -180.508682251 0.042018194 0.998992622 0.015753897 3.026216984 -0.215474129 0.024457475 -0.976203442 214.591522217
-0.965564013 0.037305310 0.257478058 -180.364379883 0.042531230 0.998986185 0.014755130 3.032284260 -0.256666571 0.025197875 -0.966171741 214.184417725
-0.953099370 0.034305982 0.300708175 -180.199127197 0.040492393 0.999076605 0.014362617 3.031988621 -0.299937785 0.025865389 -0.953608394 213.788787842
-0.938047409 0.028233672 0.345355630 -180.007522583 0.034876868 0.999306619 0.013035988 3.030009270 -0.344748110 0.024273293 -0.938381672 213.411499023
-0.920394182 0.022776961 0.390328467 -179.805755615 0.029117137 0.999522626 0.010332706 3.026288986 -0.389906764 0.020875406 -0.920617938 213.045379639
-0.900560498 0.019691905 0.434284836 -179.586395264 0.025644736 0.999640286 0.007851557 3.028042316 -0.433973998 0.018207921 -0.900741577 212.685882568
-0.877811432 0.019285206 0.478617936 -179.359649658 0.024837535 0.999677598 0.005272858 3.016774654 -0.478361934 0.016516265 -0.878007412 212.346008301
-0.851799488 0.020846272 0.523453236 -179.158798218 0.026726736 0.999635994 0.003681577 3.014507771 -0.523185909 0.017126160 -0.852046609 212.047668457
-0.823559046 0.019665988 0.566890001 -178.871917725 0.026282964 0.999648392 0.003504195 3.013593674 -0.566621780 0.017785458 -0.823786378 211.704711914
-0.792038560 0.017090674 0.610232115 -178.555389404 0.025691137 0.999655604 0.005348091 3.011650085 -0.609930515 0.019913448 -0.792204857 211.357513428
-0.756705284 0.015690219 0.653568208 -178.223754883 0.027522497 0.999590218 0.007868535 3.009378433 -0.653176904 0.023941986 -0.756826997 211.019561768
-0.717905164 0.015750382 0.695962846 -177.850677490 0.030677211 0.999488592 0.009024903 3.019558430 -0.695464790 0.027829222 -0.718021274 210.679321289
-0.677472353 0.016395647 0.735365689 -177.428939819 0.032954607 0.999424219 0.008077100 3.010475636 -0.734809875 0.029705696 -0.677622557 210.371139526
-0.630426168 0.017368786 0.776054859 -177.071228027 0.032423638 0.999466300 0.003970332 3.013157845 -0.775571704 0.027665524 -0.630652905 210.077728271
-0.581757903 0.017217336 0.813179851 -176.630340576 0.030793125 0.999525428 0.000866939 3.011312962 -0.812778950 0.025544696 -0.582011938 209.798477173
-0.531880498 0.017387267 0.846640944 -176.150878906 0.028032981 0.999602735 -0.002917607 3.008373260 -0.846355379 0.022182051 -0.532156587 209.539154053
-0.481765151 0.022762578 0.876004875 -175.639312744 0.029763248 0.999510825 -0.009603319 3.004694939 -0.875794947 0.021446206 -0.482206941 209.296005249
-0.431728005 0.028240165 0.901561677 -175.094650269 0.031371981 0.999375165 -0.016281035 3.009089947 -0.901458144 0.021254795 -0.432344198 209.061965942
-0.380190730 0.026299616 0.924534142 -174.579940796 0.029723024 0.999426782 -0.016207216 2.979988575 -0.924430430 0.021318117 -0.380754471 208.882675171
-0.327511787 0.022892468 0.944569767 -174.017333984 0.026785593 0.999529600 -0.014937066 2.970410824 -0.944467366 0.020408796 -0.327970982 208.714813232
-0.274848223 0.018634776 0.961307049 -173.444900513 0.020935496 0.999691129 -0.013393156 2.958314419 -0.961259723 0.016444353 -0.275153518 208.593750000
-0.223531723 0.015837761 0.974568069 -172.813751221 0.013592048 0.999821424 -0.013130617 2.951184273 -0.974601984 0.010311267 -0.223707080 208.490890503
-0.175542474 0.011215366 0.984408081 -172.188705444 0.007369312 0.999922037 -0.010078003 2.941736221 -0.984444380 0.005485293 -0.175611377 208.421081543
-0.133677483 0.006344074 0.991004586 -171.549667358 0.006519513 0.999963522 -0.005522003 2.926464081 -0.991003454 0.005722700 -0.133713961 208.365203857
-0.098280072 0.006803181 0.995135665 -170.898834229 0.005789122 0.999963641 -0.006264452 2.917356491 -0.995142102 0.005145290 -0.098315954 208.316360474
-0.068353415 0.011918912 0.997590065 -170.239837646 0.002702667 0.999927163 -0.011761653 2.906089783 -0.997657597 0.001892205 -0.068380713 208.291580200
-0.044767976 0.018733300 0.998821914 -169.562942505 -0.001985395 0.999820530 -0.018841019 2.893302917 -0.998995602 -0.002826529 -0.044722795 208.291961670
-0.025738955 0.024954453 0.999357224 -168.876586914 -0.004732375 0.999674141 -0.025084252 2.885395765 -0.999657571 -0.005374976 -0.025612473 208.298156738
-0.010335445 0.024994178 0.999634206 -168.153427124 -0.004609400 0.999675751 -0.025042875 2.873079538 -0.999935985 -0.004866542 -0.010216951 208.316223145
-0.000352502 0.017857090 0.999840558 -167.462722778 -0.003791833 0.999833345 -0.017858298 2.847639322 -0.999992788 -0.003797524 -0.000284791 208.299911499
0.006087840 0.012447197 0.999904096 -166.731964111 -0.002656346 0.999919176 -0.012431214 2.827560186 -0.999978065 -0.002580411 0.006120384 208.314620972
0.010877788 0.011302307 0.999876976 -166.002731323 -0.001012542 0.999935746 -0.011291956 2.807594299 -0.999940336 -0.000889586 0.010888517 208.328094482
0.015347660 0.014252209 0.999780834 -165.274688721 0.000949611 0.999897778 -0.014268456 2.783235073 -0.999881923 0.001168392 0.015332580 208.338745117
0.019417107 0.023057457 0.999545693 -164.537933350 0.001334135 0.999732554 -0.023087688 2.754750967 -0.999810696 0.001781827 0.019381166 208.352615356
0.022469580 0.031275705 0.999258339 -163.781280518 0.003479911 0.999502063 -0.031361584 2.746293545 -0.999741614 0.004182014 0.022349536 208.363403320
0.025138676 0.032763429 0.999146998 -163.011749268 0.004623790 0.999448299 -0.032889646 2.725541592 -0.999673307 0.005446648 0.024973333 208.385772705
0.027360976 0.027164826 0.999256611 -162.242858887 0.006766201 0.999602735 -0.027359510 2.700070143 -0.999602854 0.007509757 0.027166307 208.404998779
0.029230833 0.018303122 0.999405205 -161.454147339 0.007475790 0.999800384 -0.018529017 2.667335272 -0.999544859 0.008012963 0.029088199 208.434005737
0.031666398 0.014841720 0.999388337 -160.641250610 0.009982421 0.999835193 -0.015164657 2.645083189 -0.999448657 0.010456525 0.031513035 208.454498291
0.034183145 0.015883885 0.999289393 -159.845413208 0.013016133 0.999781847 -0.016336963 2.623397112 -0.999330878 0.013565333 0.033968925 208.481231689
0.036945641 0.017941291 0.999156237 -159.044586182 0.015250587 0.999712288 -0.018515194 2.602564096 -0.999200940 0.015921773 0.036661386 208.503570557
0.039126754 0.019595116 0.999042153 -158.221466064 0.017011996 0.999649704 -0.020273298 2.583627462 -0.999089479 0.017788928 0.038779676 208.545471191
0.040998101 0.019774400 0.998963714 -157.370086670 0.017540488 0.999635816 -0.020507583 2.559216261 -0.999005437 0.018363085 0.040636301 208.571319580
0.042562902 0.021415640 0.998864353 -156.535217285 0.014278953 0.999655068 -0.022041043 2.534620762 -0.998991847 0.015200869 0.042242408 208.616439819
0.043210566 0.022560507 0.998811305 -155.683563232 0.013388991 0.999642134 -0.023158511 2.511922121 -0.998976350 0.014373769 0.042892992 208.668792725
0.045116901 0.021837400 0.998742998 -154.813964844 0.014221265 0.999645710 -0.022499563 2.484961748 -0.998880506 0.015218500 0.044790387 208.704833984
0.046018362 0.017277885 0.998791277 -153.945159912 0.017567836 0.999681771 -0.018102713 2.464725018 -0.998786211 0.018379658 0.045700192 208.748855591
0.046948731 0.013277270 0.998809218 -153.063507080 0.018494450 0.999728680 -0.014158825 2.446590662 -0.998726249 0.019137165 0.046690404 208.799346924
0.048999429 0.012667383 0.998718619 -152.128753662 0.018980600 0.999727190 -0.013611413 2.417500973 -0.998618543 0.019623229 0.048745632 208.839385986
0.052688301 0.015598241 0.998489261 -151.240051270 0.023746964 0.999575675 -0.016868299 2.400823116 -0.998328745 0.024599850 0.052295566 208.881164551
0.056810737 0.015769888 0.998260438 -150.344436646 0.027483653 0.999471605 -0.017353110 2.373598576 -0.998006642 0.028421685 0.056347311 208.936065674
0.060722113 0.012737368 0.998073399 -149.432220459 0.028203849 0.999497414 -0.014471443 2.350924015 -0.997756124 0.029028248 0.060332358 208.991088867
0.065705597 0.009881186 0.997790217 -148.531326294 0.027572913 0.999551177 -0.011714336 2.328699112 -0.997458100 0.028281679 0.065403640 209.051437378
0.070274293 0.008884731 0.997488201 -147.637268066 0.026792118 0.999582767 -0.010790927 2.296017647 -0.997167885 0.027483145 0.070006907 209.125885010
0.075587749 0.008323057 0.997104526 -146.748825073 0.028410545 0.999541223 -0.010497128 2.275096416 -0.996734440 0.029121734 0.075316608 209.196289062
0.081138492 0.003839924 0.996695399 -145.845352173 0.028148653 0.999584854 -0.006142567 2.260700226 -0.996305227 0.028554033 0.080996692 209.266647339
0.086440086 0.000725521 0.996256888 -144.948425293 0.028551674 0.999587178 -0.003205231 2.246304035 -0.995847940 0.028721858 0.086383700 209.344085693
0.091930628 0.001756697 0.995763898 -144.057403564 0.027409572 0.999615073 -0.004293990 2.219928741 -0.995388150 0.027688209 0.091847062 209.423461914
0.096638441 0.010568241 0.995263636 -143.149703979 0.021982824 0.999677062 -0.012749607 2.210478306 -0.995076954 0.023110805 0.096374869 209.529724121
0.101888061 0.016031384 0.994666815 -142.270751953 0.019298099 0.999650121 -0.018088495 2.192978382 -0.994608760 0.021038180 0.101543069 209.624328613
0.106024504 0.014835942 0.994252980 -141.372299194 0.020221066 0.999649763 -0.017072797 2.166299820 -0.994158030 0.021914991 0.105687380 209.733871460
0.109579802 0.009101437 0.993936419 -140.459991455 0.016779773 0.999798656 -0.011005063 2.138497353 -0.993836462 0.017883960 0.109405041 209.844238281
0.111441672 0.004995047 0.993758500 -139.570678711 0.011049460 0.999919355 -0.006265119 2.111298561 -0.993709624 0.011678689 0.111377478 209.960296631
0.112352729 0.006653549 0.993646145 -138.691696167 0.009611972 0.999923527 -0.007782421 2.090689421 -0.993621945 0.010425275 0.112280190 210.063751221
0.111266077 0.008540020 0.993754029 -137.814529419 0.007858134 0.999924242 -0.009472886 2.076509953 -0.993759692 0.008863063 0.111190557 210.184066772
0.111458302 0.009772961 0.993721068 -136.919815063 0.005069461 0.999933064 -0.010402658 2.055190086 -0.993756175 0.006197093 0.111401260 210.282058716
0.111023009 0.009246437 0.993774831 -136.040374756 0.000352938 0.999956310 -0.009343380 2.030930042 -0.993817806 0.001388071 0.111014903 210.387176514
0.110268056 0.012127384 0.993827999 -135.179153442 -0.005957449 0.999915659 -0.011540675 2.007386923 -0.993884146 -0.004648109 0.110331059 210.491806030
0.107982278 0.013469477 0.994061708 -134.300369263 -0.009106551 0.999879658 -0.012559090 1.984628797 -0.994111240 -0.007696312 0.108091891 210.601623535
0.106726110 0.017964549 0.994126260 -133.449020386 -0.010762146 0.999799073 -0.016911674 1.959970474 -0.994230330 -0.008894012 0.106897950 210.695220947
0.103933632 0.020380683 0.994375527 -132.607788086 -0.014379902 0.999716341 -0.018987140 1.932966590 -0.994480371 -0.012325617 0.104197204 210.803039551
0.102737248 0.020954439 0.994487762 -131.756744385 -0.014699616 0.999700904 -0.019545713 1.913682938 -0.994599879 -0.012610516 0.103014529 210.891235352
0.100680530 0.018763326 0.994741976 -130.932693481 -0.013181063 0.999759555 -0.017523879 1.884155273 -0.994831622 -0.011347440 0.100903690 210.977752686
0.098180056 0.017338123 0.995017588 -130.108093262 -0.014947207 0.999761105 -0.015945913 1.855288506 -0.995056391 -0.013307164 0.098415732 211.062957764
0.095386505 0.017520774 0.995286167 -129.313308716 -0.016810866 0.999730825 -0.015987894 1.830839157 -0.995298445 -0.015206590 0.095655382 211.147674561
0.092602670 0.017089080 0.995556474 -128.526550293 -0.021717602 0.999649525 -0.015139253 1.805844307 -0.995466292 -0.020219164 0.092941344 211.230529785
0.088901639 0.016976265 0.995895743 -127.761276245 -0.022886818 0.999625564 -0.014996784 1.783479691 -0.995777428 -0.021459645 0.089256883 211.301162720
0.083376765 0.017412338 0.996366084 -127.001373291 -0.022184331 0.999632001 -0.015613007 1.762467504 -0.996271253 -0.020801948 0.083732367 211.378936768
0.077265322 0.020165332 0.996806741 -126.274337769 -0.022651169 0.999572873 -0.018465534 1.740617156 -0.996753335 -0.021152087 0.077689111 211.442794800
0.070598960 0.021814376 0.997266352 -125.574188232 -0.022198224 0.999547601 -0.020292809 1.709973812 -0.997257888 -0.020704886 0.071051240 211.492523193
0.064505756 0.022716111 0.997658789 -124.890594482 -0.020422662 0.999561548 -0.021438966 1.694857597 -0.997708321 -0.018991912 0.064941347 211.541717529
0.059246123 0.021690844 0.998007894 -124.231903076 -0.017800460 0.999627888 -0.020669341 1.665998816 -0.998084843 -0.016540416 0.059610128 211.578948975
0.053609788 0.022580411 0.998306632 -123.598129272 -0.013816952 0.999665380 -0.021869164 1.642161369 -0.998466372 -0.012621153 0.053903878 211.608200073
0.047938466 0.022964571 0.998586297 -122.974563599 -0.011194853 0.999685228 -0.022452420 1.609311461 -0.998787582 -0.010102692 0.048180461 211.628082275
0.041647553 0.025338450 0.998811185 -122.346603394 -0.011878698 0.999620259 -0.024863670 1.591590405 -0.999061882 -0.010829058 0.041932762 211.656860352
0.035505891 0.028251478 0.998970151 -121.734603882 -0.009708660 0.999562919 -0.027923172 1.565339923 -0.999322414 -0.008707219 0.035764635 211.678985596
0.030025721 0.029564498 0.999112010 -121.129409790 -0.009594798 0.999524951 -0.029288376 1.537900567 -0.999503255 -0.008706866 0.030295134 211.700622559
0.025572598 0.030114815 0.999219358 -120.508682251 -0.009456796 0.999508739 -0.029881513 1.504053712 -0.999628365 -0.008685260 0.025844812 211.709655762
0.019853652 0.030818827 0.999327898 -119.908218384 -0.012252614 0.999457240 -0.030579396 1.492806196 -0.999727964 -0.011637263 0.020220459 211.732681274
0.016105533 0.027806906 0.999483645 -119.291061401 -0.010710024 0.999560654 -0.027636472 1.482920408 -0.999813020 -0.010259391 0.016396224 211.750976562
0.015330076 0.019256316 0.999697149 -118.686569214 -0.007846353 0.999786079 -0.019137708 1.458354831 -0.999851823 -0.007550589 0.015477896 211.752288818
0.013919592 0.013993126 0.999805212 -118.089584351 -0.006353705 0.999883115 -0.013905759 1.435646296 -0.999882936 -0.006158904 0.014006913 211.770141602
0.014568388 0.010207281 0.999841928 -117.502746582 -0.007011876 0.999924362 -0.010105955 1.409067035 -0.999869466 -0.006863537 0.014638901 211.784454346
0.016640961 0.003630270 0.999855042 -116.903549194 -0.010593545 0.999937892 -0.003454258 1.404078841 -0.999805510 -0.010534526 0.016678393 211.813583374
0.020496786 -0.001040267 0.999789357 -116.293167114 -0.010483904 0.999944270 0.001255360 1.388855100 -0.999734938 -0.010507426 0.020484746 211.809417725
0.025932431 0.000524871 0.999663591 -115.712631226 -0.005196413 0.999986410 -0.000390239 1.374653459 -0.999650240 -0.005184546 0.025934815 211.822235107
0.034164548 0.003582035 0.999409914 -115.128280640 0.003211188 0.999988019 -0.003693881 1.361057162 -0.999411166 0.003335493 0.034152687 211.838806152
0.045999944 0.008540562 0.998904884 -114.556289673 0.008362339 0.999925137 -0.008934374 1.342724323 -0.998906434 0.008764162 0.045925081 211.867752075
0.062511921 0.016609462 0.997905970 -113.987625122 0.013676880 0.999753356 -0.017496971 1.330757380 -0.997950435 0.014742008 0.062269330 211.902099609
0.082446337 0.018759372 0.996418893 -113.419387817 0.017648498 0.999638557 -0.020280270 1.324913740 -0.996439159 0.019257329 0.082085490 211.966217041
0.105398715 0.016633693 0.994290888 -112.845077515 0.021249123 0.999594152 -0.018974900 1.302819252 -0.994202971 0.023127740 0.105002522 212.033157349
0.129021704 0.017304458 0.991490781 -112.284576416 0.020035062 0.999598145 -0.020053098 1.278375626 -0.991439402 0.022451865 0.128623188 212.126617432
0.155248463 0.021390736 0.987643898 -111.722503662 0.020234581 0.999486923 -0.024827927 1.259576797 -0.987668216 0.023839058 0.154735982 212.225372314
0.185432494 0.021400385 0.982423961 -111.177947998 0.019837778 0.999477565 -0.025516249 1.241079330 -0.982456744 0.024220649 0.184911072 212.342468262
0.219903946 0.018072207 0.975354195 -110.636611938 0.019739181 0.999541223 -0.022970777 1.211750507 -0.975321829 0.024304057 0.219446361 212.461822510
0.256862640 0.015746301 0.966319680 -110.094390869 0.018236546 0.999610245 -0.021136332 1.196353436 -0.966275871 0.023051467 0.256475389 212.609909058
0.294735730 0.011862178 0.955505252 -109.571121216 0.012979454 0.999781013 -0.016415495 1.178962231 -0.955490708 0.017240169 0.294517219 212.816299438
0.335570574 0.006506277 0.941992581 -109.085861206 0.009655003 0.999899864 -0.010345687 1.147639275 -0.941965580 0.012566648 0.335474133 213.027206421
0.379733860 0.007216138 0.925067663 -108.589431763 0.008939684 0.999894261 -0.011469514 1.141957760 -0.925052643 0.012625176 0.379629195 213.259414673
0.424520433 0.006367710 0.905395985 -108.103607178 0.008232310 0.999906778 -0.010892361 1.119821906 -0.905380964 0.012077531 0.424428403 213.520416260
0.472064078 0.006341530 0.881541371 -107.622375488 0.008074094 0.999901056 -0.011516636 1.103050351 -0.881527245 0.012554239 0.471966207 213.791992188
0.518242359 0.009160527 0.855184734 -107.166969299 0.006806099 0.999866784 -0.014834826 1.102770925 -0.855206728 0.013508508 0.518110991 214.107650757
0.564314008 0.012723394 0.825462162 -106.777168274 0.007810570 0.999754190 -0.020749444 1.080340624 -0.825523257 0.018156532 0.564075947 214.405227661
0.609113574 0.016762417 0.792905867 -106.372421265 0.007559184 0.999608517 -0.026939208 1.065977812 -0.793047011 0.022402758 0.608748376 214.752807617
0.652584553 0.019881727 0.757455051 -105.985244751 0.005247165 0.999513149 -0.030755974 1.048777103 -0.757697761 0.024045367 0.652162552 215.122772217
0.693243444 0.019828446 0.720430672 -105.616142273 0.006096414 0.999424338 -0.033373557 1.037770510 -0.720677733 0.027528046 0.692723513 215.520294189
0.731201708 0.012831292 0.682040632 -105.313507080 0.012284600 0.999413252 -0.031972118 1.014960766 -0.682050705 0.031756666 0.730615020 215.889587402
0.766421914 0.005911421 0.642310321 -104.978851318 0.015090767 0.999515951 -0.027205627 0.993822575 -0.642160237 0.030543944 0.765961707 216.321487427
0.798611045 0.001384771 0.601845920 -104.674407959 0.015717803 0.999608278 -0.023156494 0.971139669 -0.601642251 0.027952727 0.798276424 216.767440796
0.828190565 0.001729807 0.560443878 -104.427459717 0.013074393 0.999663472 -0.022406016 0.948119164 -0.560294032 0.025883915 0.827889264 217.204742432
0.855414867 0.000135348 0.517943501 -104.175338745 0.014680069 0.999591887 -0.024506234 0.934226751 -0.517735422 0.028566442 0.855063736 217.673461914
0.880247474 -0.000077179 0.474514931 -103.947753906 0.014425828 0.999542117 -0.026598020 0.916336179 -0.474295616 0.030258110 0.879845500 218.145141602
0.901969671 0.001293725 0.431797564 -103.755844116 0.011471264 0.999570787 -0.026956853 0.901014328 -0.431647092 0.029267525 0.901567638 218.620956421
0.921015382 0.005008363 0.389494091 -103.591308594 0.005600953 0.999643683 -0.026098326 0.875288665 -0.389486015 0.026218496 0.920659125 219.091857910
0.937765121 0.009333440 0.347144693 -103.440345764 -0.001092032 0.999713063 -0.023928620 0.859418929 -0.347268432 0.022060333 0.937506258 219.552520752
0.951054096 0.013379340 0.308734626 -103.315788269 -0.006878911 0.999731362 -0.022133991 0.847758651 -0.308947831 0.018926866 0.950890660 220.055618286
0.961337745 0.018199846 0.274769992 -103.201660156 -0.013630033 0.999735355 -0.018531732 0.827230573 -0.275034547 0.014070129 0.961331367 220.534515381
0.968514442 0.025986217 0.247597411 -103.110572815 -0.022794724 0.999616146 -0.015748231 0.812378705 -0.247911602 0.009608474 0.968734980 221.046981812
0.973395288 0.038102292 0.225942075 -103.022132874 -0.035734732 0.999255240 -0.014560783 0.799760282 -0.226328596 0.006099419 0.974031925 221.563919067
0.976350904 0.046700537 0.211087525 -102.928527832 -0.045061029 0.998905122 -0.012573118 0.783775926 -0.211443573 0.002763955 0.977386296 222.109375000
0.978501141 0.048277006 0.200511619 -102.838172913 -0.046622880 0.998828411 -0.012966368 0.777522445 -0.200902671 0.003339178 0.979605496 222.617492676
0.979976892 0.048628103 0.193081886 -102.749359131 -0.046812922 0.998806179 -0.013955062 0.763964295 -0.193529993 0.004636912 0.981083393 223.120056152
0.980796456 0.047854718 0.189072102 -102.652183533 -0.045736428 0.998832464 -0.015553419 0.752434373 -0.189595655 0.006607256 0.981840014 223.622879028
0.980701506 0.051954076 0.188481644 -102.564521790 -0.049927525 0.998632789 -0.015487151 0.733486652 -0.189028576 0.005777850 0.981954575 224.131500244
0.980121255 0.055004887 0.190622196 -102.469177246 -0.052859273 0.998468518 -0.016326280 0.717410684 -0.191228285 0.005925585 0.981527686 224.646041870
0.979434729 0.051292039 0.195132554 -102.370262146 -0.048554264 0.998643756 -0.018791046 0.704011083 -0.195831746 0.008930086 0.980596840 225.137298584
0.977514148 0.046517648 0.205675021 -102.261466980 -0.043119002 0.998849690 -0.020978250 0.685634255 -0.206414282 0.011638032 0.978395462 225.615676880
0.974146307 0.042680819 0.221849754 -102.136108398 -0.038906977 0.999014616 -0.021355337 0.671902657 -0.222542614 0.012171720 0.974846959 226.090652466
0.969173253 0.042044975 0.242766276 -102.011123657 -0.038508937 0.999071956 -0.019294791 0.649733305 -0.243352219 0.009351323 0.969892919 226.563796997
0.961774230 0.044291660 0.270237952 -101.874984741 -0.041304849 0.999006450 -0.016732339 0.646380901 -0.270710558 0.004930596 0.962648153 227.017761230
0.951771975 0.042315051 0.303874314 -101.713989258 -0.041052204 0.999101341 -0.010546101 0.631088018 -0.304047495 -0.002437226 0.952653766 227.458389282
0.939531446 0.035148133 0.340654254 -101.538810730 -0.036661576 0.999325752 -0.001995374 0.615609109 -0.340494692 -0.010614202 0.940186560 227.878372192
0.924956322 0.015463651 0.379758775 -101.321708679 -0.016211851 0.999867797 -0.001228027 0.600962996 -0.379727572 -0.005020721 0.925084710 228.254821777
0.906355381 0.004651880 0.422490567 -101.106643677 -0.002375577 0.999979675 -0.005914141 0.584902108 -0.422509491 0.004356655 0.906348050 228.594665527
0.883157670 0.005497795 0.469044060 -100.891700745 0.001588170 0.999890506 -0.014710342 0.560089588 -0.469073594 0.013736472 0.883052230 228.922927856
0.855481207 0.017374711 0.517542303 -100.683387756 -0.005837664 0.999697030 -0.023911931 0.542703986 -0.517800987 0.017434970 0.855323434 229.246704102
0.823634088 0.031606637 0.566240132 -100.455177307 -0.018214326 0.999404967 -0.029291263 0.536833048 -0.566829026 0.013811599 0.823719680 229.556381226
0.787531137 0.035349984 0.615260184 -100.191116333 -0.023547813 0.999350548 -0.027276894 0.526473999 -0.615824819 0.006993372 0.787852108 229.847534180
0.749293983 0.027237486 0.661677182 -99.899398804 -0.016570227 0.999612093 -0.022383953 0.527927637 -0.662030220 0.005808023 0.749454677 230.105041504
0.708144903 0.014930928 0.705909312 -99.587463379 -0.003967485 0.999844730 -0.017168008 0.519135594 -0.706055999 0.009356754 0.708094239 230.341949463
0.664993048 0.010263246 0.746779084 -99.268653870 0.001628991 0.999883235 -0.015192335 0.499974370 -0.746847808 0.011319294 0.664898753 230.551361084
0.619763136 0.010409769 0.784719944 -98.946372986 0.005194294 0.999835730 -0.017365804 0.486138225 -0.784771800 0.014838751 0.619607210 230.745697021
0.572874904 0.011953266 0.819555640 -98.621734619 0.008088309 0.999762535 -0.020235378 0.471317768 -0.819602847 0.018221160 0.572642207 230.921447754
0.525960267 0.013675395 0.850399196 -98.315238953 0.010669470 0.999685943 -0.022675021 0.461175442 -0.850442231 0.020999469 0.525649190 231.074005127
0.482713580 0.015533622 0.875640571 -97.981185913 0.009400742 0.999693155 -0.022916621 0.447469234 -0.875727892 0.019293834 0.482419431 231.225372314
0.442572892 0.016531212 0.896580160 -97.633697510 0.006170330 0.999750257 -0.021479290 0.441042900 -0.896711349 0.015038347 0.442360342 231.370376587
0.401991069 0.017413082 0.915478051 -97.280853271 0.002649511 0.999792874 -0.020180227 0.434755564 -0.915639758 0.010537839 0.401861668 231.502929688
0.361516774 0.016821664 0.932213902 -96.905639648 0.002755778 0.999813557 -0.019110193 0.427715063 -0.932361543 0.009477631 0.361403048 231.621078491
0.322450519 0.012625644 0.946502209 -96.512405396 0.006101454 0.999862552 -0.015416053 0.414851904 -0.946566701 0.010745955 0.322329164 231.726486206
0.286075532 0.008580911 0.958168745 -96.106613159 0.010576096 0.999870718 -0.012112029 0.399947643 -0.958148837 0.013598640 0.285947800 231.812927246
0.252470553 0.008257580 0.967569292 -95.696533203 0.013939106 0.999828756 -0.012170062 0.391932964 -0.967504144 0.016559634 0.252312243 231.890151978
0.223632276 0.009890805 0.974623501 -95.281936646 0.016613163 0.999764562 -0.013957924 0.374212980 -0.974532127 0.019313022 0.223415315 231.964553833
0.200731456 0.013557923 0.979552567 -94.842712402 0.018078506 0.999682665 -0.017541220 0.365559101 -0.979479551 0.021229921 0.200422645 232.036682129
0.181906044 0.018082611 0.983149707 -94.389709473 0.017141666 0.999620676 -0.021557171 0.356767178 -0.983166575 0.020774204 0.181527078 232.112091064
0.165953934 0.022142401 0.985884905 -93.917358398 0.015702354 0.999561787 -0.025092753 0.345968246 -0.986008465 0.019644955 0.165533483 232.185455322
0.150966167 0.026409367 0.988186181 -93.431350708 0.014192017 0.999482155 -0.028879385 0.327022552 -0.988437116 0.018384168 0.150513172 232.252502441
0.135745049 0.029069554 0.990317345 -92.929565430 0.013901149 0.999415159 -0.031242076 0.310573101 -0.990646362 0.018007508 0.135261536 232.315185547
0.121176362 0.030171169 0.992172420 -92.413726807 0.016829675 0.999331832 -0.032444332 0.292249203 -0.992488325 0.020629425 0.120587587 232.368179321
0.110106945 0.029043416 0.993495345 -91.868972778 0.021694141 0.999264598 -0.031616386 0.274637699 -0.993683040 0.025034213 0.109395862 232.410537720
0.102793157 0.027592009 0.994320035 -91.307083130 0.024047075 0.999254107 -0.030214926 0.259996414 -0.994412065 0.027016375 0.102052987 232.459823608
0.099602044 0.025281291 0.994706273 -90.735427856 0.026593331 0.999252439 -0.028059691 0.243551731 -0.994672060 0.029247357 0.098855317 232.512603760
0.098998129 0.022316597 0.994837463 -90.140762329 0.026593924 0.999332070 -0.025063839 0.221855640 -0.994732320 0.028937904 0.098338544 232.573699951
0.098315239 0.019496020 0.994964361 -89.534805298 0.025865927 0.999420226 -0.022139220 0.206122398 -0.994819105 0.027912298 0.097753942 232.632843018
0.096226752 0.018336028 0.995190501 -88.920471191 0.025298435 0.999462247 -0.020860884 0.179490566 -0.995037854 0.027184138 0.095711172 232.695999146
0.094665229 0.018463360 0.995337963 -88.285079956 0.024192309 0.999490082 -0.020841280 0.163516521 -0.995215178 0.026052469 0.094170272 232.756881714
0.093799114 0.018909873 0.995411634 -87.627700806 0.023576023 0.999497056 -0.021209093 0.147881508 -0.995312095 0.025457241 0.093306124 232.813415527
0.091367900 0.021096241 0.995593846 -86.966445923 0.023577176 0.999449492 -0.023341678 0.132981300 -0.995538175 0.025605973 0.090820253 232.875427246
0.088621080 0.023474524 0.995788872 -86.278747559 0.023324961 0.999399185 -0.025635466 0.110886097 -0.995792389 0.025498578 0.088020265 232.940704346
0.086002111 0.025414258 0.995970726 -85.574310303 0.023086093 0.999355316 -0.027494106 0.093809128 -0.996027410 0.025357625 0.085359931 232.999588013
0.083405912 0.026739776 0.996156812 -84.857894897 0.022603359 0.999331951 -0.028717533 0.073242664 -0.996259272 0.024911702 0.082745790 233.061737061
0.080938637 0.026661452 0.996362507 -84.130081177 0.020455666 0.999387205 -0.028404092 0.051057339 -0.996509194 0.022680247 0.080343664 233.130340576
0.079366028 0.026105452 0.996503592 -83.378967285 0.019604579 0.999422789 -0.027743321 0.023463726 -0.996652722 0.021737911 0.078808427 233.185348511
0.077203751 0.024551466 0.996712983 -82.627944946 0.020918947 0.999436796 -0.026238907 0.003907681 -0.996795833 0.022875927 0.076646626 233.240325928
0.074563384 0.023551069 0.996938169 -81.858886719 0.020911764 0.999464333 -0.025174789 -0.019807816 -0.996997058 0.022724854 0.074030936 233.302459717
0.071276546 0.022602307 0.997200489 -81.084823608 0.021555437 0.999474883 -0.024194567 -0.043175220 -0.997223675 0.023219597 0.070751905 233.362777710
0.068530798 0.021863889 0.997409463 -80.304992676 0.022454228 0.999472797 -0.023451924 -0.070606709 -0.997396350 0.024003237 0.068003714 233.417877197
0.066892743 0.021806316 0.997521877 -79.492492676 0.023866149 0.999440134 -0.023448691 -0.099670887 -0.997474730 0.025375552 0.066334903 233.464584351
0.064734340 0.021537075 0.997670174 -78.694122314 0.026835022 0.999367952 -0.023314932 -0.123867035 -0.997541726 0.028281778 0.064115524 233.516525269
0.063216627 0.021548625 0.997767270 -77.879180908 0.027817585 0.999340355 -0.023345074 -0.148859978 -0.997612178 0.029231273 0.062575459 233.562896729
0.061493099 0.022755433 0.997848153 -77.052520752 0.027633164 0.999318063 -0.024491871 -0.175241470 -0.997724950 0.029079784 0.060822368 233.619628906
0.059973717 0.024526568 0.997898638 -76.216064453 0.026973104 0.999293208 -0.026181931 -0.205410004 -0.997835517 0.028486649 0.059269786 233.670135498
0.058079123 0.027790807 0.997925162 -75.384017944 0.025787365 0.999237120 -0.029328171 -0.235392094 -0.997978926 0.027437214 0.057318151 233.723281860
0.056204617 0.030079987 0.997966170 -74.566848755 0.024467777 0.999204397 -0.031495318 -0.261021614 -0.998119533 0.026188197 0.055423915 233.766006470
0.054629147 0.032046046 0.997992516 -73.708145142 0.022347199 0.999195278 -0.033307940 -0.296561718 -0.998256803 0.024121922 0.053869009 233.825119019
0.053159416 0.031536680 0.998087943 -72.851089478 0.021967191 0.999222398 -0.032742526 -0.332693577 -0.998344421 0.023665765 0.052425325 233.868743896
0.053075492 0.029247805 0.998162210 -71.977493286 0.025516037 0.999204874 -0.030635135 -0.356726646 -0.998264551 0.027095120 0.052287042 233.912261963
0.054202259 0.026091395 0.998189151 -71.097946167 0.027026283 0.999253988 -0.027586779 -0.389214993 -0.998164296 0.028472606 0.053456664 233.961303711
0.056840539 0.023850968 0.998098433 -70.221649170 0.029914306 0.999225080 -0.025581483 -0.424626827 -0.997935116 0.031311486 0.056083024 234.009857178
0.059366524 0.022253713 0.997988224 -69.339584351 0.032200795 0.999188483 -0.024195982 -0.460269928 -0.997716784 0.033572443 0.058601737 234.062896729
0.063078046 0.022106430 0.997763693 -68.459838867 0.033520434 0.999143660 -0.024256144 -0.490879536 -0.997445524 0.034975503 0.062282979 234.118057251
0.066091239 0.023288585 0.997541785 -67.580459595 0.033789951 0.999101937 -0.025563734 -0.523955822 -0.997241318 0.035396431 0.065244973 234.180923462
0.069315255 0.025504595 0.997268796 -66.707107544 0.032768078 0.999075472 -0.027828353 -0.560005665 -0.997056544 0.034607511 0.068415403 234.242584229
0.072168350 0.027443696 0.997014880 -65.830596924 0.032397073 0.999029398 -0.029844193 -0.598967075 -0.996866226 0.034454171 0.071209192 234.299987793
0.074252307 0.027930850 0.996848345 -64.954727173 0.031743262 0.999034941 -0.030356586 -0.634008408 -0.996734262 0.033897266 0.073294044 234.365081787
0.075459957 0.028651912 0.996737123 -64.073150635 0.029625874 0.999081433 -0.030962186 -0.672823429 -0.996708632 0.031865612 0.074541807 234.437561035
0.076377213 0.028515441 0.996671200 -63.197372437 0.028116746 0.999131858 -0.030740498 -0.710255146 -0.996682525 0.030371027 0.075509191 234.512527466
0.078177035 0.024616104 0.996635556 -62.320556641 0.026871435 0.999279857 -0.026789241 -0.747653008 -0.996577322 0.028875330 0.077459276 234.580886841
0.080384552 0.016102869 0.996633887 -61.445114136 0.024706725 0.999530077 -0.018142415 -0.780051231 -0.996457756 0.026081929 0.079948962 234.653793335
0.081843913 0.011279801 0.996581376 -60.572906494 0.029966200 0.999455988 -0.013773303 -0.810732365 -0.996194601 0.030991016 0.081461370 234.718566895
0.083626151 0.015044309 0.996383727 -59.717376709 0.030014019 0.999394357 -0.017608840 -0.835820198 -0.996045172 0.031378038 0.083123982 234.799484253
0.084321499 0.025477590 0.996112883 -58.871536255 0.026733013 0.999255419 -0.027820932 -0.861813545 -0.996079981 0.028975002 0.083577633 234.885131836
0.085462451 0.033796765 0.995768130 -58.024108887 0.026777718 0.998985589 -0.036204193 -0.901465893 -0.995981634 0.029758498 0.084470809 234.961837769
0.086030900 0.033665791 0.995723605 -57.176071167 0.030872405 0.998858869 -0.036439188 -0.937847614 -0.995814145 0.033875279 0.084893405 235.039398193
0.086213827 0.027058277 0.995909154 -56.329025269 0.032861505 0.999009967 -0.029987277 -0.972465038 -0.995734572 0.035312392 0.085239291 235.096588135
0.085872054 0.018005803 0.996143520 -55.477584839 0.030846108 0.999309301 -0.020722102 -1.010085583 -0.995828629 0.032506596 0.085257292 235.171279907
0.084845126 0.015578118 0.996272504 -54.637634277 0.030305259 0.999374866 -0.018207507 -1.046561718 -0.995933354 0.031737112 0.084320009 235.251022339
0.085031152 0.019889569 0.996179760 -53.807876587 0.033116564 0.999191940 -0.022776447 -1.071542740 -0.995827794 0.034926757 0.084303796 235.314208984
0.085438192 0.023936285 0.996055901 -52.979415894 0.035909876 0.998987854 -0.027086966 -1.100714207 -0.995696127 0.038082507 0.084492147 235.383499146
0.086392641 0.023760749 0.995977938 -52.151641846 0.037515428 0.998928905 -0.027085304 -1.131529331 -0.995554686 0.039704505 0.085408688 235.454681396
0.087608039 0.020105327 0.995952129 -51.327011108 0.036680814 0.999053180 -0.023394523 -1.167431831 -0.995479465 0.038581882 0.086787581 235.530075073
0.088560402 0.018170360 0.995905101 -50.507965088 0.035536829 0.999139428 -0.021389471 -1.201774120 -0.995436728 0.037285570 0.087838471 235.607009888
0.089882314 0.019318609 0.995765030 -49.695938110 0.035266172 0.999123156 -0.022567041 -1.227726460 -0.995327830 0.037145197 0.089122176 235.684051514
0.091395855 0.022016840 0.995571256 -48.897628784 0.035388134 0.999052286 -0.025342541 -1.259187222 -0.995185673 0.037547614 0.090530097 235.753631592
0.092338502 0.024134275 0.995435178 -48.089492798 0.036197722 0.998964071 -0.027577603 -1.289308071 -0.995069504 0.038578961 0.091369212 235.835235596
0.093602180 0.024012430 0.995320082 -47.296310425 0.036638647 0.998948872 -0.027545556 -1.316565037 -0.994935334 0.039045505 0.092624009 235.907867432
0.094505072 0.022386901 0.995272696 -46.486145020 0.037126448 0.998972416 -0.025995424 -1.349465847 -0.994831920 0.039407637 0.093576789 235.987777710
0.095603526 0.020239633 0.995213747 -45.697402954 0.036958203 0.999031723 -0.023867609 -1.379928112 -0.994733214 0.039063137 0.094762921 236.067581177
0.096841097 0.019173112 0.995115280 -44.911773682 0.036859903 0.999059498 -0.022836188 -1.413497448 -0.994617224 0.038891334 0.096043289 236.149475098
0.098346412 0.018926730 0.994972289 -44.136276245 0.037705459 0.999030352 -0.022730861 -1.439900398 -0.994437695 0.039751384 0.097537398 236.228073120
0.099500716 0.018878121 0.994858444 -43.381744385 0.036876991 0.999063194 -0.022646163 -1.473120213 -0.994354010 0.038940698 0.098711371 236.308853149
0.100367188 0.018860241 0.994771659 -42.633560181 0.034421042 0.999155998 -0.022416266 -1.502054214 -0.994354844 0.036490932 0.099633336 236.383087158
0.101139307 0.019043438 0.994690120 -41.907562256 0.031818483 0.999243379 -0.022365896 -1.527864456 -0.994363487 0.033911601 0.100456834 236.467041016
0.102077246 0.019779120 0.994579792 -41.195556641 0.028501105 0.999333739 -0.022798827 -1.558761120 -0.994368076 0.030673865 0.101445556 236.554397583
0.102791846 0.020880258 0.994483650 -40.493682861 0.024813415 0.999414682 -0.023548553 -1.589116812 -0.994393289 0.027097136 0.102213562 236.635925293
0.102249622 0.022806941 0.994497418 -39.813461304 0.021135801 0.999461651 -0.025093878 -1.614012480 -0.994534314 0.023585340 0.101712525 236.718460083
0.102167904 0.023661753 0.994485736 -39.102798462 0.019597480 0.999475181 -0.025793804 -1.646274805 -0.994574130 0.022124713 0.101650596 236.792800903
0.101526141 0.024130465 0.994540215 -38.410476685 0.018287240 0.999491572 -0.026117427 -1.673227549 -0.994664788 0.020838998 0.101033270 236.866653442
0.100882530 0.024429744 0.994598389 -37.739852905 0.014714022 0.999552488 -0.026043881 -1.699670315 -0.994789541 0.017261917 0.100477934 236.938293457
0.099590182 0.023030486 0.994762003 -37.045852661 0.013863954 0.999602914 -0.024530549 -1.724138021 -0.994931996 0.016234338 0.099231362 237.020950317
0.098600626 0.020828791 0.994909167 -36.370651245 0.015260354 0.999631703 -0.022440042 -1.745237112 -0.995010138 0.017395269 0.098246455 237.087860107
0.097067058 0.018833822 0.995099723 -35.706832886 0.017712617 0.999629915 -0.020647345 -1.771330357 -0.995120347 0.019629998 0.096697569 237.150756836
0.094831645 0.018779458 0.995316148 -35.042861938 0.018245609 0.999621332 -0.020599090 -1.801584721 -0.995326102 0.020113595 0.094453096 237.215286255
0.092978537 0.020213824 0.995462954 -34.403060913 0.018495668 0.999586344 -0.022025093 -1.825878859 -0.995496333 0.020459613 0.092566192 237.272674561
0.090705037 0.022669259 0.995619893 -33.773101807 0.017998200 0.999540269 -0.024398239 -1.851952791 -0.995715261 0.020132408 0.090255320 237.334854126
0.088274240 0.024942454 0.995783985 -33.162551880 0.017906714 0.999485135 -0.026622562 -1.872883081 -0.995935380 0.020181308 0.087782145 237.386917114
0.084901571 0.025309356 0.996067822 -32.569534302 0.018126754 0.999472678 -0.026940936 -1.896349669 -0.996224403 0.020342806 0.084398031 237.441772461
0.080840051 0.024497503 0.996425986 -31.992309570 0.016427716 0.999529362 -0.025906583 -1.924901009 -0.996591687 0.018463293 0.080399573 237.491806030
0.076015711 0.023814131 0.996822357 -31.440628052 0.016479127 0.999548197 -0.025135925 -1.945379972 -0.996970594 0.018337488 0.075588942 237.534851074
0.070770979 0.021749323 0.997255445 -30.906509399 0.015083106 0.999624610 -0.022871377 -1.966517687 -0.997378528 0.016660340 0.070416331 237.572662354
0.064352632 0.020107534 0.997724712 -30.395812988 0.014018138 0.999680102 -0.021051105 -1.988475323 -0.997828901 0.015340937 0.064050138 237.608901978
0.057182372 0.020615762 0.998150945 -29.896423340 0.013650054 0.999677181 -0.021429274 -2.010621309 -0.998270452 0.014850191 0.056882560 237.635498047
0.049199998 0.020960864 0.998569131 -29.419540405 0.013735380 0.999671042 -0.021660747 -2.034372568 -0.998694658 0.014781437 0.048895895 237.658843994
0.041202664 0.020517591 0.998940170 -28.957733154 0.015073395 0.999662578 -0.021154156 -2.053344250 -0.999037147 0.015929028 0.040879488 237.668731689
0.032213926 0.020204993 0.999276936 -28.507568359 0.016283253 0.999652326 -0.020737516 -2.065594912 -0.999348521 0.016939517 0.031873763 237.676910400
0.022668898 0.019967416 0.999543667 -28.078720093 0.017563110 0.999638259 -0.020367626 -2.084557772 -0.999588847 0.018016808 0.022310019 237.681152344
0.013491035 0.020336978 0.999702156 -27.663635254 0.017686635 0.999631882 -0.020574229 -2.100085735 -0.999752522 0.017958935 0.013126373 237.682312012
0.004120171 0.020107521 0.999789417 -27.264282227 0.018346747 0.999628007 -0.020179886 -2.111320972 -0.999823272 0.018426027 0.003749728 237.674240112
-0.006134272 0.018872928 0.999803066 -26.882873535 0.018529110 0.999652386 -0.018756397 -2.126140356 -0.999809504 0.018410403 -0.006481886 237.668334961
-0.016536713 0.017302481 0.999713600 -26.518585205 0.017729418 0.999698162 -0.017008943 -2.139854431 -0.999706089 0.017443066 -0.016838551 237.657577515
-0.027654767 0.015589801 0.999495983 -26.169357300 0.018623300 0.999712884 -0.015077901 -2.155127048 -0.999444067 0.018196937 -0.027937174 237.642547607
-0.039024591 0.016964516 0.999094307 -25.840057373 0.023202607 0.999601662 -0.016066840 -2.163405418 -0.998968899 0.022554589 -0.039402604 237.612838745
-0.050530434 0.018732511 0.998546839 -25.536102295 0.029663596 0.999411106 -0.017247630 -2.176202774 -0.998281896 0.028748959 -0.051056385 237.576309204
-0.062526464 0.018568816 0.997870564 -25.251312256 0.035320837 0.999241769 -0.016381131 -2.185613632 -0.997418106 0.034221366 -0.063134909 237.536483765
-0.074493051 0.016231267 0.997089446 -24.975097656 0.036956865 0.999225616 -0.013504974 -2.194596767 -0.996536493 0.035843272 -0.075035214 237.505035400
-0.087185979 0.014375984 0.996088326 -24.716812134 0.036556926 0.999268532 -0.011222117 -2.197368622 -0.995521128 0.035435516 -0.087647796 237.475906372
-0.100312352 0.013209140 0.994868457 -24.484405518 0.033599935 0.999386489 -0.009881261 -2.206365347 -0.994388640 0.032436300 -0.100694656 237.450027466
-0.113772988 0.012557979 0.993427455 -24.268646240 0.031834770 0.999452710 -0.008988247 -2.209951639 -0.992996693 0.030602915 -0.114110470 237.419143677
-0.126919746 0.012226040 0.991837740 -24.077606201 0.031484801 0.999469817 -0.008291192 -2.216476679 -0.991413295 0.030175498 -0.127237439 237.376556396
-0.140073061 0.014385298 0.990036666 -23.911285400 0.033014048 0.999406338 -0.009850524 -2.219734669 -0.989590585 0.031305324 -0.140464783 237.339233398
-0.154145241 0.018327208 0.987878084 -23.751770020 0.033895791 0.999337554 -0.013250811 -2.226387501 -0.987466455 0.031442359 -0.154664397 237.304962158
-0.167014122 0.021406187 0.985722125 -23.597198486 0.036207546 0.999223053 -0.015564615 -2.232563972 -0.985289454 0.033091065 -0.167659402 237.261932373
-0.180139065 0.021787859 0.983399868 -23.432891846 0.040547274 0.999069393 -0.014707584 -2.237902641 -0.982805133 0.037224773 -0.180854917 237.212738037
-0.194769025 0.020617027 0.980632603 -23.280334473 0.043241110 0.998987556 -0.012414568 -2.242022991 -0.979895651 0.039985664 -0.195463419 237.163955688
-0.208943963 0.020410212 0.977714658 -23.139678955 0.045605320 0.998897791 -0.011106271 -2.255960464 -0.976863742 0.042268399 -0.209644437 237.116394043
-0.223101735 0.021423157 0.974559784 -22.978607178 0.045312252 0.998905718 -0.011585205 -2.259078026 -0.973741531 0.041574817 -0.223828316 237.069458008
-0.238169670 0.022772625 0.970956624 -22.823608398 0.044484377 0.998931646 -0.012517009 -2.259208202 -0.970204353 0.040211227 -0.238928318 237.020385742
-0.253733873 0.023835205 0.966980457 -22.667877197 0.043609448 0.998961687 -0.013180482 -2.263709545 -0.966290593 0.038825151 -0.254509926 236.967300415
-0.269502878 0.025168052 0.962670624 -22.514068604 0.042636562 0.998989999 -0.014181335 -2.267188549 -0.962055206 0.037223052 -0.270303726 236.914642334
-0.287237644 0.028291132 0.957441568 -22.353271484 0.040439125 0.999030709 -0.017388087 -2.270797253 -0.957005441 0.033723589 -0.288103223 236.860168457
-0.306531787 0.032761030 0.951296568 -22.184844971 0.040179908 0.998962104 -0.021455573 -2.277294636 -0.951012075 0.031646196 -0.307529926 236.785339355
-0.328658104 0.036322597 0.943750501 -21.997161865 0.040177744 0.998893261 -0.024453152 -2.271579266 -0.943594217 0.029881038 -0.329753637 236.709167480
-0.354071498 0.037216377 0.934477866 -21.797698975 0.040596921 0.998877645 -0.024399091 -2.287745953 -0.934337080 0.029297898 -0.355185032 236.620574951
-0.382704854 0.037936784 0.923091531 -21.585540771 0.041713163 0.998847187 -0.023756286 -2.295325756 -0.922928572 0.029413419 -0.383846045 236.504150391
-0.416031361 0.038492624 0.908535242 -21.381317139 0.042753030 0.998826802 -0.022740854 -2.301977634 -0.908344746 0.029381726 -0.417189002 236.394012451
-0.451433897 0.038953509 0.891454101 -21.139251709 0.043582622 0.998816848 -0.021574590 -2.309401989 -0.891239762 0.029112406 -0.452597499 236.246566772
-0.487341762 0.039179944 0.872332156 -20.892730713 0.043786839 0.998832583 -0.020399410 -2.309809208 -0.872113049 0.028255183 -0.488488436 236.083236694
-0.524866700 0.039451115 0.850269854 -20.626647949 0.044112898 0.998843670 -0.019114062 -2.323046684 -0.850040734 0.027475532 -0.526000142 235.890884399
-0.564634681 0.038873911 0.824425042 -20.365509033 0.041728832 0.998957217 -0.018524222 -2.334272861 -0.824285507 0.023942878 -0.565668106 235.688293457
-0.604413152 0.037298523 0.795797646 -20.089782715 0.037935667 0.999117792 -0.018015645 -2.336487770 -0.795767546 0.019300219 -0.605294943 235.448562622
-0.645004869 0.034520693 0.763398349 -19.814544678 0.034050718 0.999285221 -0.016417561 -2.346715689 -0.763419449 0.015404857 -0.645719290 235.198547363
-0.684328675 0.034154136 0.728373766 -19.555725098 0.033796106 0.999314547 -0.015106380 -2.355757236 -0.728390455 0.014278471 -0.685013890 234.911712646
-0.723281384 0.035802152 0.689624906 -19.298248291 0.035341721 0.999265552 -0.014810740 -2.357657671 -0.689648628 0.013660197 -0.724015474 234.586578369
-0.761405230 0.038715597 0.647119343 -19.059524536 0.038447227 0.999154866 -0.014539765 -2.359914064 -0.647135317 0.013809289 -0.762250185 234.247985840
-0.798001170 0.042038184 0.601188242 -18.828063965 0.041003447 0.999039829 -0.015431162 -2.361191750 -0.601259708 0.012336704 -0.798958659 233.874908447
-0.833278775 0.042477988 0.551219106 -18.604827881 0.040230460 0.999059558 -0.016172979 -2.364674091 -0.551387668 0.008699198 -0.834203959 233.489318848
-0.865299582 0.042122059 0.499482155 -18.404403687 0.039588168 0.999093175 -0.015672712 -2.371148586 -0.499689370 0.006211993 -0.866182327 233.074890137
-0.893457532 0.040903814 0.447281837 -18.218154907 0.039301299 0.999144554 -0.012866152 -2.380912781 -0.447425485 0.006083396 -0.894300818 232.625259399
-0.917329073 0.043025240 0.395798832 -18.053985596 0.042262219 0.999049783 -0.010651892 -2.386948586 -0.395881057 0.006956049 -0.918275714 232.142135620
-0.936979890 0.049132366 0.345911413 -17.908561707 0.049242076 0.998750925 -0.008476632 -2.386449337 -0.345895827 0.009090962 -0.938228965 231.665573120
-0.952959299 0.051342323 0.298718482 -17.782508850 0.052101202 0.998627067 -0.005428222 -2.386193514 -0.298587054 0.010390718 -0.954326034 231.134948730
-0.965899348 0.050150517 0.254014820 -17.667533875 0.051753554 0.998659790 -0.000372354 -2.386334419 -0.253693074 0.012786512 -0.967200398 230.586288452
-0.975884795 0.047692861 0.213013187 -17.547584534 0.049742933 0.998752892 0.004271926 -2.387075901 -0.212543815 0.014764806 -0.977040172 230.013717651
-0.982716441 0.047356192 0.178958043 -17.460445404 0.049606789 0.998735845 0.008119669 -2.383084774 -0.178347290 0.016856864 -0.983823299 229.407470703
-0.987377405 0.048686866 0.150718078 -17.382369995 0.050922256 0.998641968 0.011005456 -2.377001047 -0.149977580 0.018541439 -0.988515854 228.780624390
-0.990540862 0.050261471 0.127681404 -17.309171677 0.052156638 0.998572230 0.011541004 -2.374374390 -0.126919046 0.018091269 -0.991748095 228.144195557
-0.992763042 0.050882116 0.108777829 -17.247182846 0.052494898 0.998548925 0.012012663 -2.367675781 -0.108008757 0.017636009 -0.993993521 227.478897095
-0.994591236 0.050116308 0.090978317 -17.182689667 0.051530987 0.998583257 0.013266383 -2.360025883 -0.090184562 0.017882828 -0.995764732 226.789993286
-0.996036291 0.048580837 0.074510962 -17.135478973 0.049781416 0.998657167 0.014340010 -2.351840496 -0.073714256 0.017992429 -0.997117281 226.064239502
-0.996959090 0.048886236 0.060686313 -17.096221924 0.049968753 0.998615324 0.016449440 -2.342449903 -0.059798129 0.019431837 -0.998021364 225.327636719
-0.997370720 0.052302007 0.050165858 -17.066337585 0.053308208 0.998398602 0.018932782 -2.333732605 -0.049095299 0.021557249 -0.998561621 224.564208984
-0.997564912 0.055007283 0.042882748 -17.044025421 0.055913609 0.998230636 0.020229289 -2.318053961 -0.041694116 0.022577753 -0.998875499 223.787979126
-0.997662187 0.057411306 0.037072726 -17.023996353 0.058207527 0.998088479 0.020766634 -2.310262203 -0.035809621 0.022875994 -0.999096870 222.976852417
-0.997786045 0.057513952 0.033399116 -16.996479034 0.058235869 0.998080730 0.021059340 -2.293592691 -0.032123808 0.022957737 -0.999220371 222.168182373
-0.997786045 0.058576003 0.031498224 -16.972591400 0.059292980 0.997990847 0.022330876 -2.283847094 -0.030126885 0.024149057 -0.999254465 221.345031738
-0.997710228 0.060561433 0.030113460 -16.953433990 0.061239272 0.997877955 0.022120312 -2.266950846 -0.028709920 0.023913786 -0.999301791 220.480545044
-0.997669578 0.061394427 0.029764334 -16.928173065 0.062063646 0.997827351 0.022106368 -2.249094486 -0.028342457 0.023902137 -0.999312401 219.614212036
-0.997612715 0.062041074 0.030328538 -16.895175934 0.062738016 0.997774243 0.022594517 -2.239044905 -0.028859247 0.024443330 -0.999284625 218.740554810
-0.997519851 0.063065901 0.031257227 -16.865043640 0.063753292 0.997733951 0.021504736 -2.221235752 -0.029830180 0.023444152 -0.999280095 217.845947266
-0.997395158 0.064356536 0.032575872 -16.831602097 0.065047279 0.997669399 0.020606905 -2.201471329 -0.031173762 0.022672199 -0.999256849 216.914184570
-0.997187138 0.066968560 0.033662841 -16.802072525 0.067632347 0.997529745 0.018981673 -2.183588028 -0.032308511 0.021204975 -0.999253035 215.976898193
-0.997114062 0.067466259 0.034818903 -16.762445450 0.068104431 0.997525096 0.017478710 -2.175253391 -0.033553503 0.019799585 -0.999241114 215.020507812
-0.996908665 0.069621474 0.036416005 -16.731483459 0.070212990 0.997415841 0.015223385 -2.161449432 -0.035262026 0.017733200 -0.999220848 214.035842896
-0.996636868 0.072166547 0.038819827 -16.691528320 0.072796941 0.997232854 0.015076405 -2.149906397 -0.037624393 0.017851666 -0.999132514 213.055358887
-0.996423960 0.073053248 0.042458743 -16.646461487 0.073738493 0.997167766 0.014801352 -2.142504215 -0.041257203 0.017879264 -0.998988748 212.058578491
-0.996308923 0.072255000 0.046345133 -16.602157593 0.072968259 0.997237623 0.013885321 -2.134315252 -0.045213826 0.017215792 -0.998829007 211.035018921
-0.996224761 0.070927948 0.050061427 -16.540512085 0.071651474 0.997347534 0.012806856 -2.126820087 -0.049020275 0.016345477 -0.998664379 210.015243530
-0.996269822 0.067637794 0.053592145 -16.469270706 0.068468191 0.997557700 0.013811220 -2.114789963 -0.052527096 0.017429056 -0.998467684 208.978881836
-0.996170402 0.066260435 0.057045057 -16.414354324 0.067211799 0.997627139 0.014921510 -2.117211819 -0.055920992 0.018698467 -0.998260021 207.900207520
-0.996111155 0.064642034 0.059867535 -16.342250824 0.065583445 0.997750342 0.013893809 -2.105944872 -0.058834732 0.017766096 -0.998109698 206.846191406
-0.995947361 0.064804174 0.062368263 -16.265083313 0.065776207 0.997740924 0.013658419 -2.097872734 -0.061342247 0.017705411 -0.997959971 205.773101807
-0.995696902 0.066053830 0.064997636 -16.202136993 0.067176990 0.997624576 0.015246541 -2.087741375 -0.063836150 0.019547278 -0.997768998 204.675140381
-0.995442748 0.067542680 0.067318685 -16.126581192 0.068798669 0.997493863 0.016514290 -2.080015898 -0.066034563 0.021070465 -0.997594833 203.567245483
-0.995136619 0.069212511 0.070092350 -16.056926727 0.070525616 0.997374594 0.016432721 -2.072087049 -0.068770982 0.021296106 -0.997405291 202.463241577
-0.994977355 0.069156669 0.072370909 -15.972867012 0.070447706 0.997395992 0.015438212 -2.062436581 -0.071114801 0.020459035 -0.997258306 201.353118896
-0.994921803 0.067942217 0.074259490 -15.879140854 0.069274783 0.997476935 0.015515777 -2.056748867 -0.073017955 0.020581296 -0.997118235 200.227478027
-0.994966865 0.066392913 0.075054325 -15.789834976 0.067751423 0.997578740 0.015698658 -2.047022820 -0.073830314 0.020704681 -0.997056007 199.092193604
-0.994952559 0.065406948 0.076101549 -15.698064804 0.066768959 0.997648239 0.015490055 -2.034946918 -0.074909419 0.020493090 -0.996979833 197.962036133
-0.994920969 0.064933762 0.076913409 -15.604955673 0.066372350 0.997661829 0.016295047 -2.032687664 -0.075675473 0.021317208 -0.996904492 196.831237793
-0.994882464 0.065554000 0.076887392 -15.512200356 0.066988714 0.997621715 0.016228877 -2.028627872 -0.075640671 0.021296412 -0.996907830 195.687118530
-0.994757175 0.066059485 0.078066088 -15.424509048 0.067522526 0.997585416 0.016249625 -2.021141052 -0.076804146 0.021435650 -0.996815801 194.537490845
-0.994667411 0.067142688 0.078286327 -15.327813148 0.068649046 0.997500956 0.016708823 -2.016959667 -0.076968811 0.021994004 -0.996791005 193.398864746
-0.994725823 0.066342838 0.078226395 -15.244575500 0.067924060 0.997533023 0.017726053 -2.011600971 -0.076857418 0.022946015 -0.996778131 192.234176636
-0.994794369 0.065205671 0.078312784 -15.153548241 0.066812046 0.997601986 0.018067595 -1.999775648 -0.076946877 0.023205772 -0.996765375 191.081222534
-0.995012641 0.063512452 0.076916218 -15.054713249 0.065136231 0.997699499 0.018787012 -1.987819910 -0.075546063 0.023703344 -0.996860623 189.926223755
-0.995200157 0.061623629 0.076022714 -14.958374977 0.063233450 0.997818828 0.018951150 -1.977638006 -0.074689060 0.023667363 -0.996926188 188.765960693
-0.995387197 0.060591083 0.074385300 -14.867152214 0.062075797 0.997912526 0.017810693 -1.968194604 -0.073150851 0.022346063 -0.997070551 187.595031738
-0.995560288 0.059614088 0.072842568 -14.778248787 0.060988244 0.997997344 0.016786430 -1.959040523 -0.071695983 0.021154441 -0.997202277 186.424423218
-0.995674849 0.059507061 0.071347810 -14.687467575 0.060946990 0.997975528 0.018175723 -1.952871680 -0.070121780 0.022445543 -0.997285962 185.246139526
-0.995742559 0.059988361 0.069989368 -14.612130165 0.061575223 0.997886956 0.020738259 -1.941489220 -0.068597421 0.024959575 -0.997332335 184.051620483
-0.995790482 0.060297035 0.069032133 -14.529736519 0.062130615 0.997761667 0.024727771 -1.928871870 -0.067386605 0.028912691 -0.997307897 182.850494385
-0.995844483 0.060968325 0.067652628 -14.443901062 0.062891051 0.997664213 0.026662435 -1.911383390 -0.065869041 0.030806381 -0.997352719 181.651367188
-0.996001482 0.060947847 0.065319583 -14.360967636 0.062825218 0.997657061 0.027081491 -1.894325972 -0.063515984 0.031076917 -0.997496963 180.437088013
-0.996091723 0.060941271 0.063937955 -14.283077240 0.062660001 0.997716010 0.025227696 -1.867828846 -0.062254515 0.029135443 -0.997635245 179.222488403
-0.996079206 0.062566251 0.062545851 -14.210165024 0.064178184 0.997647345 0.024102230 -1.852208138 -0.060890712 0.028021805 -0.997751117 178.008773804
-0.996124983 0.063911907 0.060416456 -14.127651215 0.065425046 0.997582972 0.023405757 -1.843171358 -0.058774520 0.027267810 -0.997898817 176.800048828
-0.996051669 0.066063888 0.059300676 -14.060824394 0.067471690 0.997477293 0.022058159 -1.819144726 -0.057693832 0.025972184 -0.997996449 175.558181763
-0.995965600 0.068864539 0.057533771 -13.991688728 0.070168927 0.997314811 0.020965379 -1.810306072 -0.055935510 0.024917878 -0.998123407 174.320327759
-0.995941639 0.070066512 0.056490790 -13.916192055 0.071277544 0.997261703 0.019713109 -1.799731374 -0.054954872 0.023659630 -0.998208642 173.085632324
-0.995990515 0.070040450 0.055654254 -13.848249435 0.071153164 0.997298121 0.018267388 -1.792741179 -0.054224428 0.022154121 -0.998283029 171.835021973
-0.996123910 0.068915479 0.054664120 -13.773700714 0.070039280 0.997364938 0.018913882 -1.776489973 -0.053216614 0.022669202 -0.998325825 170.577072144
-0.996318698 0.066971540 0.053521588 -13.691928864 0.068216816 0.997432590 0.021786811 -1.761832476 -0.051925082 0.025357669 -0.998329401 169.301879883
-0.996521592 0.064256772 0.053065110 -13.622875214 0.065607026 0.997554302 0.024105979 -1.748631716 -0.051386356 0.027503571 -0.998300195 168.029327393
-0.996536732 0.064189665 0.052860562 -13.550850868 0.065438040 0.997608960 0.022232516 -1.732830882 -0.051307071 0.025614610 -0.998354435 166.754730225
-0.996517777 0.064730234 0.052559622 -13.474625587 0.065841161 0.997635901 0.019685708 -1.721650600 -0.051161103 0.023077741 -0.998423815 165.487442017
-0.996482611 0.065471098 0.052308518 -13.409198761 0.066434518 0.997647762 0.016894819 -1.708919048 -0.051079351 0.020310482 -0.998488188 164.205230713
-0.996352315 0.066687569 0.053243443 -13.345045090 0.067635641 0.997578442 0.016205592 -1.698346853 -0.052033801 0.019747632 -0.998450041 162.916656494
-0.996266484 0.067378581 0.053977601 -13.274725914 0.068490252 0.997470558 0.019014938 -1.689067006 -0.052559868 0.022640882 -0.998361230 161.620452881
-0.996269584 0.067503668 0.053760566 -13.206007004 0.068740271 0.997403026 0.021492865 -1.675741553 -0.052170105 0.025108203 -0.998322487 160.315856934
-0.996173739 0.068518937 0.054251511 -13.131597519 0.069769263 0.997331500 0.021496426 -1.663503766 -0.052633829 0.025199261 -0.998296022 159.028732300
-0.996131778 0.068714201 0.054773401 -13.057441711 0.069938600 0.997335315 0.020757493 -1.652381539 -0.053201113 0.024507970 -0.998283148 157.743545532
-0.996102810 0.068959281 0.054991242 -12.979154587 0.070165515 0.997328520 0.020312402 -1.645836592 -0.053443607 0.024091728 -0.998280287 156.459976196
-0.995975375 0.069907770 0.056093767 -12.906929016 0.071121961 0.997268140 0.019946996 -1.632894754 -0.054546077 0.023856208 -0.998226523 155.163513184
-0.995984197 0.069822758 0.056041706 -12.826663017 0.071009323 0.997285664 0.019466117 -1.618609786 -0.054530416 0.023367424 -0.998238802 153.857604980
-0.995983958 0.068933070 0.057137884 -12.754316330 0.070199072 0.997323334 0.020451721 -1.607406378 -0.055575144 0.024380606 -0.998157024 152.552536011
-0.996003151 0.068475045 0.057348993 -12.669612885 0.069771908 0.997343540 0.020922726 -1.597362757 -0.055763960 0.024840450 -0.998134851 151.241348267
-0.996016741 0.067689247 0.058042552 -12.584094048 0.069052421 0.997374654 0.021808509 -1.587373972 -0.056413967 0.025729615 -0.998075843 149.947448730
-0.995942831 0.067605346 0.059394166 -12.511043549 0.069077224 0.997344136 0.023085827 -1.581005454 -0.057675701 0.027094943 -0.997967839 148.649826050
-0.995932341 0.067222081 0.059998479 -12.431445122 0.068760939 0.997345388 0.023960924 -1.577593088 -0.058228500 0.027989013 -0.997910738 147.379425049
-0.995854139 0.067174181 0.061336812 -12.351664543 0.068751991 0.997345448 0.023983710 -1.563966990 -0.059562903 0.028101303 -0.997828960 146.089279175
-0.995835423 0.066740908 0.062112439 -12.271701813 0.068281449 0.997400522 0.023017179 -1.549078703 -0.060414795 0.027162444 -0.997804046 144.801376343
-0.995724797 0.067931116 0.062591642 -12.189729691 0.069433510 0.997340739 0.022146570 -1.537344337 -0.060920753 0.026397845 -0.997793555 143.522079468
-0.995650887 0.068139456 0.063536927 -12.107389450 0.069635697 0.997337818 0.021637158 -1.519449353 -0.061893437 0.025967488 -0.997745156 142.227844238
-0.995563269 0.068972960 0.064005449 -12.021656036 0.070545062 0.997251809 0.022633355 -1.519091368 -0.062268458 0.027048204 -0.997692943 140.949966431
-0.995584369 0.068100013 0.064612605 -11.932661057 0.069611765 0.997343779 0.021439267 -1.501376390 -0.062980965 0.025842389 -0.997680426 139.663345337
-0.995624185 0.066775374 0.065375403 -11.848546982 0.068284787 0.997442067 0.021130374 -1.492635250 -0.063797191 0.025502050 -0.997637153 138.368331909
-0.995643616 0.065794162 0.066067867 -11.758129120 0.067471541 0.997444749 0.023484316 -1.475936294 -0.064353913 0.027839709 -0.997538686 137.091354370
-0.995659471 0.064779133 0.066830322 -11.668872833 0.066865921 0.997326553 0.029473467 -1.463279724 -0.064742386 0.033814199 -0.997329116 135.797210693
-0.995564461 0.065397114 0.067634545 -11.576229095 0.067768201 0.997142673 0.033376016 -1.437248945 -0.065258600 0.037811451 -0.997151732 134.503143311
-0.995491743 0.065372862 0.068725564 -11.483476639 0.067746259 0.997163653 0.032788053 -1.417493582 -0.066387184 0.037296124 -0.997096896 133.231292725
-0.995327592 0.066978805 0.069546632 -11.404384613 0.069271259 0.997113287 0.031089110 -1.403534889 -0.067263559 0.035761435 -0.997094154 131.965545654
-0.995304108 0.066501312 0.070339248 -11.306840897 0.068759717 0.997176468 0.030186180 -1.378180265 -0.068133220 0.034880932 -0.997066498 130.703140259
-0.995214820 0.067287609 0.070851773 -11.218639374 0.069645703 0.997079015 0.031352270 -1.360485554 -0.068535201 0.036136765 -0.996994019 129.434158325
-0.995045543 0.068925507 0.071648672 -11.127773285 0.071359687 0.996937692 0.031985275 -1.335466146 -0.069224663 0.036939636 -0.996916890 128.178115845
-0.994922996 0.069732971 0.072564825 -11.036746979 0.072300456 0.996824324 0.033375066 -1.312659025 -0.070007041 0.038452085 -0.996805191 126.917556763
-0.994780421 0.071897328 0.072407670 -10.940488815 0.074501768 0.996643424 0.033931315 -1.299184799 -0.069725059 0.039148703 -0.996797800 125.667152405
-0.994774461 0.071520597 0.072860636 -10.844770432 0.074140221 0.996671319 0.033903919 -1.275173426 -0.070193276 0.039128654 -0.996765733 124.442169189
-0.994790435 0.071858339 0.072309330 -10.756828308 0.074221350 0.996774137 0.030537428 -1.257630348 -0.069881700 0.035745233 -0.996914744 123.211952209
-0.994893074 0.071105741 0.071638472 -10.670560837 0.073250078 0.996927142 0.027760768 -1.234968185 -0.069444388 0.032866515 -0.997044444 121.996742249
-0.995075583 0.068658747 0.071487442 -10.575822830 0.070806719 0.997098207 0.027956283 -1.225104332 -0.069360562 0.032880407 -0.997049689 120.808677673
-0.995180368 0.067964859 0.070688389 -10.483678818 0.070050173 0.997165740 0.027448948 -1.204056025 -0.068622477 0.032268386 -0.997120738 119.626296997
-0.995308161 0.067717180 0.069112390 -10.399144173 0.069773018 0.997176111 0.027776290 -1.198035240 -0.067036293 0.032468140 -0.997222304 118.463943481
-0.995398164 0.067341991 0.068177082 -10.312461853 0.069358774 0.997208297 0.027657228 -1.192449331 -0.066124260 0.032258626 -0.997290015 117.319564819
-0.995448112 0.067696527 0.067085035 -10.235761642 0.069679737 0.997185469 0.027674897 -1.181342840 -0.065022729 0.032223389 -0.997363448 116.183601379
-0.995554924 0.067045085 0.066147096 -10.160333633 0.069002338 0.997230172 0.027759742 -1.171252966 -0.064102724 0.032200649 -0.997423768 115.055664062
-0.995641470 0.067036733 0.064842701 -10.093756676 0.068953425 0.997232914 0.027784722 -1.176311493 -0.062800676 0.032134742 -0.997508764 114.021232605
-0.995785475 0.066073023 0.063609011 -10.024374962 0.067911662 0.997320831 0.027188506 -1.166806340 -0.061642163 0.031393707 -0.997604728 112.949501038
-0.995833755 0.066622116 0.062264323 -9.947751045 0.068364657 0.997314036 0.026285572 -1.158733964 -0.060345884 0.030432737 -0.997713566 111.904571533
-0.995867610 0.067037009 0.061269101 -9.889732361 0.068748049 0.997288465 0.026256612 -1.151764512 -0.059342805 0.030360239 -0.997775912 110.860778809
-0.995815992 0.068622410 0.060346592 -9.828961372 0.070274234 0.997196913 0.025687302 -1.141085029 -0.058414713 0.029820634 -0.997847080 109.842170715
-0.995758176 0.070121884 0.059571505 -9.774904251 0.071776479 0.997079134 0.026102083 -1.134930253 -0.057567175 0.030267192 -0.997882724 108.848457336
-0.995821476 0.070415884 0.058149710 -9.714634895 0.072084799 0.997029781 0.027117178 -1.129281759 -0.056067515 0.031195577 -0.997939587 107.861602783
-0.995882511 0.070541978 0.056938581 -9.657838821 0.072198659 0.997008860 0.027580703 -1.121967077 -0.054822672 0.031578027 -0.997996688 106.913658142
-0.995972753 0.070142083 0.055841323 -9.601390839 0.071823724 0.997004390 0.028697515 -1.115296125 -0.053661142 0.032592677 -0.998027086 105.995437622
-0.996130943 0.068804987 0.054675795 -9.546397209 0.070487730 0.997077346 0.029466458 -1.108701825 -0.052488558 0.033206418 -0.998069406 105.111312866
-0.996250153 0.067870088 0.053658936 -9.498134613 0.069568224 0.997112751 0.030437022 -1.103358269 -0.051438246 0.034055844 -0.998095274 104.229064941
-0.996311188 0.067872122 0.052509692 -9.457196236 0.069593623 0.997072279 0.031679746 -1.093294382 -0.050205786 0.035217229 -0.998117685 103.379951477
-0.996362209 0.067678452 0.051788945 -9.410422325 0.069468081 0.997019112 0.033572074 -1.085106373 -0.049362462 0.037047621 -0.998093605 102.568130493
-0.996251702 0.069615841 0.051346056 -9.371297836 0.071451679 0.996835828 0.034827977 -1.074279547 -0.048759010 0.038366191 -0.998073578 101.758926392
-0.996054411 0.071770161 0.052202951 -9.328069687 0.073718801 0.996614158 0.036410879 -1.065598249 -0.049412984 0.040115546 -0.997972727 100.986732483
-0.995612979 0.074978933 0.055973154 -9.288928032 0.077055797 0.996379733 0.035914894 -1.052055359 -0.053077653 0.040070388 -0.997786045 100.231704712
-0.994849443 0.079110585 0.063371673 -9.239770889 0.081456862 0.996050358 0.035334423 -1.040287971 -0.060326051 0.040314488 -0.997364283 99.511734009
-0.993667483 0.082923546 0.075823225 -9.187075615 0.085778594 0.995692194 0.035201028 -1.034866810 -0.072577603 0.041482113 -0.996500015 98.809921265
-0.992038488 0.085544199 0.092423886 -9.120726585 0.089045554 0.995431900 0.034441102 -1.022817373 -0.089055449 0.042396832 -0.995124102 98.123207092
-0.989837050 0.086619608 0.112783417 -9.029767036 0.091010265 0.995256603 0.034371901 -1.015660048 -0.109271161 0.044287022 -0.993025184 97.471420288
-0.986478686 0.087979376 0.138272420 -8.933938026 0.093290940 0.995111525 0.032401603 -1.008228779 -0.134745806 0.044863056 -0.989863992 96.841194153
-0.981658578 0.090410948 0.167846218 -8.816598892 0.096651614 0.994884729 0.029374601 -1.002015829 -0.164331853 0.045058437 -0.985375524 96.236778259
-0.975383401 0.089873195 0.201370478 -8.694450378 0.097180098 0.994909167 0.026678115 -1.003162622 -0.197947681 0.045590594 -0.979151726 95.656326294
-0.967395902 0.087298177 0.237748519 -8.528152466 0.095476620 0.995164037 0.023081863 -0.999094963 -0.234583765 0.045028720 -0.971052647 95.084251404
-0.957505822 0.082943842 0.276230782 -8.344871521 0.091884315 0.995577574 0.019558670 -0.994698763 -0.273386896 0.044108808 -0.960892558 94.540924072
-0.945964217 0.077381052 0.314903736 -8.137752533 0.087197848 0.996042788 0.017183615 -0.999168158 -0.312327921 0.043714006 -0.948968291 94.032669067
-0.931283712 0.072068661 0.357095510 -7.919513702 0.083011597 0.996429741 0.015390752 -1.006272078 -0.354711413 0.043976218 -0.933941364 93.534194946
-0.913955450 0.064542495 0.400649279 -7.662033081 0.076390170 0.996984541 0.013651193 -1.006950855 -0.398560077 0.043082248 -0.916129827 93.040161133
-0.893589735 0.054827686 0.445523471 -7.398735046 0.067629904 0.997627437 0.012874277 -1.011093140 -0.443760574 0.041635033 -0.895177603 92.586883545
-0.869644880 0.046101660 0.491520584 -7.096336365 0.060138263 0.998108149 0.012785808 -1.013243437 -0.490001261 0.040678307 -0.870772123 92.139793396
-0.841905713 0.037264451 0.538336635 -6.783081055 0.052527107 0.998534501 0.013027213 -1.018582344 -0.537062287 0.039244950 -0.842629313 91.716064453
-0.811376095 0.030485006 0.583729386 -6.441024780 0.047254719 0.998791337 0.013521981 -1.014570475 -0.582611620 0.038555373 -0.811835885 91.303604126
-0.778577328 0.022143902 0.627157867 -6.096984863 0.040832829 0.999047041 0.015416716 -1.022469997 -0.626218855 0.037611738 -0.778739691 90.938667297
-0.740789771 0.017576616 0.671507120 -5.718132019 0.038585246 0.999120474 0.016414410 -1.026764393 -0.670628011 0.038069889 -0.740816474 90.572143555
-0.698557496 0.014969103 0.715397716 -5.336181641 0.038396716 0.999124885 0.016587000 -1.035169840 -0.714523375 0.039055888 -0.698520899 90.224578857
-0.654258609 0.015773853 0.756106675 -4.937484741 0.040091250 0.999100089 0.013847757 -1.026386738 -0.755207777 0.039373267 -0.654302120 89.921867371
-0.607454658 0.017014114 0.794172287 -4.509765625 0.042651642 0.999027014 0.011220957 -1.038960457 -0.793208659 0.040688969 -0.607589364 89.625373840
-0.562799573 0.016830390 0.826422215 -4.032112122 0.038895920 0.999224424 0.006138830 -1.027000666 -0.825677931 0.035599377 -0.563017726 89.402618408
-0.511990190 0.014429377 0.858870089 -3.571258545 0.037890039 0.999265075 0.005798966 -1.030630231 -0.858155191 0.035511635 -0.512160659 89.168098450
-0.459843755 0.012315156 0.887914538 -3.091880798 0.035540268 0.999357939 0.004545166 -1.036562085 -0.887288451 0.033646785 -0.459986091 88.965759277
-0.407933235 0.010886120 0.912946820 -2.591056824 0.029622743 0.999560297 0.001317459 -1.027748823 -0.912531078 0.027581425 -0.408076406 88.804855347
-0.354169846 0.009638214 0.935131550 -2.121688843 0.028470444 0.999594510 0.000480215 -1.045575142 -0.934747756 0.026793685 -0.354300618 88.649658203
-0.302341700 0.012344909 0.953119874 -1.631973267 0.029567257 0.999556422 -0.003567258 -1.052972794 -0.952741086 0.027102605 -0.302572608 88.526229858
-0.253624797 0.015377345 0.967180610 -1.159416199 0.029472245 0.999532282 -0.008163178 -1.067084670 -0.966853797 0.026434597 -0.253959298 88.427574158
-0.208821177 0.014575248 0.977845311 -0.659362793 0.021059969 0.999724090 -0.010403960 -1.076105833 -0.977727175 0.018420827 -0.209070444 88.365409851
-0.168990374 0.013062340 0.985531330 -0.151527405 0.017451933 0.999795079 -0.010258893 -1.080988169 -0.985463321 0.015465771 -0.169183612 88.314888000
-0.134907126 0.014060512 0.990758598 0.356094360 0.015199931 0.999811053 -0.012119278 -1.091467619 -0.990741789 0.013424487 -0.135095358 88.289703369
-0.105054379 0.016978327 0.994321585 0.888450623 0.018125888 0.999720871 -0.015155445 -1.112586737 -0.994301319 0.016430814 -0.105332851 88.232627869
-0.081136584 0.019450717 0.996513367 1.413818359 0.018370487 0.999668896 -0.018016584 -1.134350657 -0.996533871 0.016844634 -0.081467032 88.203857422
-0.061677098 0.024528885 0.997794688 1.945816040 0.016965812 0.999579310 -0.023524042 -1.149888515 -0.997951984 0.015477505 -0.062067270 88.187652588
-0.047073483 0.031072058 0.998408079 2.486831665 0.015431222 0.999419391 -0.030375976 -1.159903526 -0.998772264 0.013976756 -0.047525644 88.180099487
-0.035619617 0.033064142 0.998818457 3.026573181 0.018148491 0.999309123 -0.032433186 -1.169651508 -0.999200761 0.016971791 -0.036195040 88.168739319
-0.026882172 0.029523203 0.999202549 3.607551575 0.020295369 0.999373853 -0.028982248 -1.199176073 -0.999432564 0.019500080 -0.027464509 88.149467468
-0.019839883 0.024267519 0.999508739 4.178001404 0.021035986 0.999494195 -0.023849614 -1.225592375 -0.999581993 0.020552477 -0.020340323 88.139472961
-0.015634418 0.021429058 0.999648154 4.760375977 0.019960526 0.999577761 -0.021115368 -1.248709202 -0.999678552 0.019623376 -0.016055465 88.142486572
-0.014541388 0.021181978 0.999669969 5.360130310 0.019964524 0.999582410 -0.020889718 -1.268572092 -0.999695003 0.019654170 -0.014958262 88.143440247
-0.014132619 0.022515567 0.999646664 5.982002258 0.022065265 0.999509990 -0.022200542 -1.283179522 -0.999656677 0.021743715 -0.014622569 88.142242432
-0.013200641 0.023071103 0.999646783 6.606002808 0.025520220 0.999415874 -0.022728778 -1.300482512 -0.999587297 0.025211172 -0.013781667 88.132690430
-0.012956619 0.024397098 0.999618471 7.245185852 0.028562382 0.999303401 -0.024019198 -1.320823908 -0.999508142 0.028240277 -0.013644457 88.127143860
-0.014137387 0.024806008 0.999592304 7.898376465 0.030004807 0.999252558 -0.024373215 -1.341591239 -0.999449790 0.029648002 -0.014871120 88.126762390
-0.013516784 0.024876473 0.999599159 8.562446594 0.032621909 0.999169290 -0.024424657 -1.358003497 -0.999376416 0.032278690 -0.014317036 88.108734131
-0.013658047 0.024325604 0.999610901 9.249099731 0.033261981 0.999161839 -0.023860211 -1.377802253 -0.999353468 0.032923155 -0.014455676 88.100891113
-0.012921810 0.024136921 0.999625206 9.931190491 0.037333019 0.999023199 -0.023639794 -1.398632884 -0.999219358 0.037013553 -0.013810277 88.085777283
-0.011863589 0.024297118 0.999634445 10.649085999 0.041960843 0.998836219 -0.023779735 -1.416656256 -0.999048889 0.041663393 -0.012869358 88.076103210
-0.008372426 0.024938818 0.999654055 11.465476990 0.046295393 0.998626649 -0.024525456 -1.425348878 -0.998892844 0.046074037 -0.009515405 88.044631958
-0.004385591 0.024240427 0.999696553 12.116172791 0.050106354 0.998455703 -0.023990525 -1.461279392 -0.998734295 0.049985934 -0.005593419 88.050964355
0.002183914 0.024301808 0.999702394 12.891777039 0.053374130 0.998276830 -0.024383763 -1.486705899 -0.998572290 0.053411495 0.000883102 88.046585083
0.010536611 0.023951696 0.999657631 13.661193848 0.056133021 0.998122513 -0.024506569 -1.507759571 -0.998367727 0.056372017 0.009172320 88.052291870
0.020157397 0.022437280 0.999545097 14.450965881 0.058783542 0.997992039 -0.023587884 -1.530302048 -0.998067319 0.059232268 0.018797934 88.063835144
0.030335963 0.021267835 0.999313593 15.254974365 0.059439849 0.997965872 -0.023043564 -1.551641822 -0.997770965 0.060098093 0.029010057 88.091476440
0.041080534 0.019267952 0.998970151 16.077384949 0.056188408 0.998187304 -0.021563493 -1.577306271 -0.997574806 0.057016376 0.039923429 88.139457703
0.051376939 0.019120546 0.998496294 16.914718628 0.054156784 0.998292208 -0.021903243 -1.606872082 -0.997209847 0.055200674 0.050253689 88.195541382
0.062334418 0.020882083 0.997836947 17.760768890 0.051642586 0.998374343 -0.024119429 -1.625496387 -0.996718466 0.053034347 0.061154664 88.257720947
0.072680950 0.025377987 0.997032464 18.625659943 0.046852916 0.998485684 -0.028830437 -1.665772915 -0.996254265 0.048809297 0.071381867 88.338607788
0.081941843 0.029734163 0.996193588 19.487079620 0.043424472 0.998499095 -0.033374865 -1.689904809 -0.995690763 0.045993976 0.080527663 88.411132812
0.088073850 0.031050414 0.995629907 20.351715088 0.036623567 0.998737335 -0.034387063 -1.723767042 -0.995440483 0.039492123 0.086825490 88.511550903
0.091449678 0.028936019 0.995389283 21.224960327 0.031043692 0.999009073 -0.031893335 -1.767230511 -0.995325804 0.033817194 0.090460777 88.598419189
0.091731608 0.027266797 0.995410502 22.093700409 0.025874842 0.999222219 -0.029755700 -1.802009583 -0.995447636 0.028485628 0.090954721 88.695533752
0.089237332 0.026279908 0.995663702 22.957534790 0.021661486 0.999364197 -0.028319014 -1.839151621 -0.995774865 0.024094669 0.088611305 88.787010193
0.085046947 0.025751492 0.996044159 23.829429626 0.017482100 0.999473512 -0.027332859 -1.875064969 -0.996223629 0.019737519 0.084551930 88.869873047
0.078901589 0.026310306 0.996535242 24.689598083 0.014812011 0.999510348 -0.027561611 -1.916004658 -0.996772468 0.016935345 0.078473210 88.940093994
0.070350766 0.027181927 0.997151971 25.551696777 0.011527173 0.999539793 -0.028060282 -1.953424096 -0.997455776 0.013468408 0.070005059 89.010871887
0.060345888 0.028056616 0.997783244 26.414966583 0.008774864 0.999551356 -0.028637040 -1.985861778 -0.998139083 0.010483541 0.060072601 89.064025879
0.049374223 0.026527151 0.998428166 27.275722504 0.007662870 0.999607742 -0.026937440 -2.021412849 -0.998751104 0.008980842 0.049151599 89.110733032
0.037635505 0.024058931 0.999001920 28.132137299 0.006721680 0.999681413 -0.024328524 -2.054691076 -0.999269009 0.007630588 0.037461758 89.145408630
0.026075065 0.022320021 0.999410868 28.994216919 0.006672540 0.999724567 -0.022501118 -2.086382627 -0.999637783 0.007255328 0.025918961 89.164642334
0.014120698 0.023376372 0.999626994 29.841999054 0.008060917 0.999691546 -0.023491750 -2.119653940 -0.999867797 0.008389629 0.013927877 89.174468994
0.002128184 0.024887087 0.999688089 30.680233002 0.009300468 0.999646544 -0.024905855 -2.149703503 -0.999954581 0.009350572 0.001895964 89.176696777
-0.009854078 0.025570197 0.999624491 31.538742065 0.011723281 0.999607265 -0.025454193 -2.179008007 -0.999882758 0.011468051 -0.010149956 89.163276672
-0.022158742 0.024762802 0.999447703 32.379863739 0.013617053 0.999607921 -0.024464868 -2.209247828 -0.999661684 0.013067422 -0.022487164 89.144020081
-0.033524394 0.023841750 0.999153614 33.218536377 0.014066070 0.999627650 -0.023381108 -2.241886377 -0.999339044 0.013270328 -0.033847332 89.117050171
-0.043532968 0.024081646 0.998761833 34.070671082 0.016799150 0.999585748 -0.023369292 -2.268386126 -0.998910904 0.015761018 -0.043919563 89.075317383
-0.051363587 0.024469705 0.998380363 34.909988403 0.018505296 0.999551475 -0.023546375 -2.301453829 -0.998508692 0.017265901 -0.051793337 89.033020020
-0.057097673 0.025878578 0.998033226 35.746086121 0.020474855 0.999484122 -0.024744831 -2.332139730 -0.998158693 0.019021714 -0.057598114 88.986053467
-0.060338378 0.028705811 0.997765183 36.590152740 0.020932613 0.999402940 -0.027487066 -2.365120649 -0.997958541 0.019227311 -0.060903192 88.923141479
-0.062827229 0.031492360 0.997527480 37.454990387 0.022349790 0.999295771 -0.030140532 -2.397808552 -0.997774184 0.020400882 -0.063486814 88.880828857
-0.063408852 0.033175930 0.997436106 38.316650391 0.022810677 0.999234378 -0.031785633 -2.432126522 -0.997726977 0.020736706 -0.064117074 88.821807861
-0.063102484 0.033565767 0.997442603 39.189071655 0.023450766 0.999208152 -0.032141592 -2.467510223 -0.997731686 0.021362578 -0.063839674 88.777328491
-0.060849309 0.033178657 0.997595489 40.074169159 0.023306744 0.999222100 -0.031811144 -2.497406006 -0.997874975 0.021315018 -0.061575294 88.726753235
-0.058433175 0.031240474 0.997802436 40.975456238 0.023328137 0.999280035 -0.029920602 -2.532906294 -0.998018742 0.021528518 -0.059119821 88.677062988
-0.056103468 0.028538391 0.998017192 41.869514465 0.023312002 0.999356329 -0.027266210 -2.571305752 -0.998152971 0.021736050 -0.056732655 88.627151489
-0.053658962 0.026895428 0.998197079 42.769001007 0.023669111 0.999390602 -0.025655234 -2.605083227 -0.998278797 0.022249803 -0.054262877 88.583557129
-0.051953435 0.025290757 0.998329163 43.671955109 0.021336414 0.999479175 -0.024209537 -2.637169600 -0.998421490 0.020042999 -0.052465916 88.538223267
-0.051802516 0.025331454 0.998336077 44.587326050 0.019250674 0.999517798 -0.024362545 -2.667182684 -0.998471856 0.017956603 -0.052265167 88.501838684
-0.053255677 0.025617933 0.998252332 45.492870331 0.014958908 0.999579191 -0.024853947 -2.702758789 -0.998468935 0.013609152 -0.053616405 88.456878662
-0.057684302 0.025622474 0.998006046 46.347255707 0.010057239 0.999634802 -0.025082987 -2.744575500 -0.998284221 0.008590291 -0.057920933 88.417892456
-0.064054847 0.026087325 0.997605383 47.245590210 0.004690692 0.999655068 -0.025839744 -2.774372339 -0.997935355 0.003024300 -0.064155102 88.370048523
-0.074274898 0.026409144 0.996888220 48.149902344 -0.000757294 0.999647498 -0.026538670 -2.810197353 -0.997237682 -0.002726092 -0.074228764 88.314712524
-0.087985039 0.028931051 0.995701611 49.048313141 -0.004456730 0.999556720 -0.029436884 -2.851852655 -0.996111810 -0.007027579 -0.087817073 88.246002197
-0.104413748 0.032906193 0.993989587 49.930610657 -0.008113842 0.999391019 -0.033937331 -2.886814594 -0.994500995 -0.011608592 -0.104083180 88.163154602
-0.123037219 0.033887949 0.991823316 50.817859650 -0.008602290 0.999342859 -0.035211999 -2.925458193 -0.992364824 -0.012864338 -0.122664809 88.062004089
-0.143161535 0.030576289 0.989226937 51.694629669 -0.006067103 0.999476731 -0.031771138 -2.965453863 -0.989680767 -0.010550145 -0.142901063 87.939338684
-0.163496017 0.026143787 0.986197650 52.560401917 -0.003033265 0.999630749 -0.027002763 -3.002517939 -0.986539483 -0.007406238 -0.163356304 87.785034180
-0.184885859 0.024823373 0.982446551 53.428703308 -0.001712041 0.999671280 -0.025580779 -3.041164875 -0.982758582 -0.006411511 -0.184782624 87.621643066
-0.205884576 0.025731964 0.978238165 54.277313232 0.003566635 0.999667287 -0.025544999 -3.075187206 -0.978570044 -0.001770297 -0.205907822 87.434661865
-0.225886226 0.027986869 0.973751605 55.113273621 0.009194049 0.999603927 -0.026597109 -3.113085508 -0.974110365 0.002944801 -0.226054072 87.232406616
-0.245658398 0.027231002 0.968974054 55.958564758 0.013594924 0.999603808 -0.024645150 -3.145718098 -0.969261229 0.007118842 -0.245931268 87.006713867
-0.264614940 0.026725978 0.963983715 56.781700134 0.017435167 0.999585092 -0.022927029 -3.185983658 -0.964196503 0.010740384 -0.264971137 86.773315430
-0.280768156 0.028903604 0.959340513 57.608894348 0.022906139 0.999463558 -0.023408571 -3.215358257 -0.959502459 0.015402408 -0.281279564 86.519088745
-0.295607686 0.029867129 0.954842567 58.429138184 0.023718765 0.999432504 -0.023918850 -3.250151157 -0.955015063 0.015577094 -0.296148300 86.259735107
-0.308385134 0.027982224 0.950849950 59.276603699 0.026792403 0.999426186 -0.020722291 -3.268900394 -0.950884163 0.019085109 -0.308957934 85.990440369
-0.318800330 0.019016327 0.947631299 60.115722656 0.028845938 0.999530256 -0.010353507 -3.291840553 -0.947382987 0.024034610 -0.319199085 85.706832886
-0.326417327 0.008502429 0.945187509 60.955741882 0.027207473 0.999629736 0.000403846 -3.308782101 -0.944834054 0.025847986 -0.326527715 85.417129517
-0.331173420 0.005240343 0.943555534 61.787696838 0.027920254 0.999601126 0.004247966 -3.320927143 -0.943156898 0.027751120 -0.331187725 85.132400513
-0.332646966 0.012616087 0.942967117 62.614868164 0.030133765 0.999542117 -0.002742839 -3.334774971 -0.942569911 0.027502753 -0.332874775 84.833915710
-0.332913995 0.024819832 0.942630649 63.439651489 0.032065455 0.999373376 -0.014989166 -3.345140457 -0.942412019 0.025235776 -0.333501220 84.536567688
-0.331941128 0.034271970 0.942677438 64.276588440 0.032880217 0.999152899 -0.024747226 -3.365378857 -0.942727029 0.022780817 -0.332786798 84.237640381
-0.331685543 0.035535485 0.942720592 65.127220154 0.033494830 0.999103844 -0.025876062 -3.395926952 -0.942795336 0.022993552 -0.332578540 83.943313599
-0.332458615 0.032226149 0.942567050 65.983474731 0.033349637 0.999192715 -0.022399209 -3.424106598 -0.942527950 0.023987463 -0.333264947 83.651611328
-0.334794760 0.027012754 0.941903889 66.833930969 0.033238184 0.999305487 -0.016844636 -3.451420784 -0.941704750 0.025667677 -0.335460186 83.345581055
-0.339245439 0.023033537 0.940415919 67.703659058 0.034060638 0.999345422 -0.012189867 -3.474701643 -0.940081179 0.027895810 -0.339807987 83.032836914
-0.345267057 0.020771395 0.938274622 68.560890198 0.035073061 0.999342263 -0.009217092 -3.495902061 -0.937848926 0.029725803 -0.345768452 82.718635559
-0.353924990 0.021996547 0.935015142 69.422935486 0.035229534 0.999327481 -0.010174317 -3.514066935 -0.934610069 0.029339202 -0.354461908 82.392669678
-0.364803791 0.024935331 0.930750430 70.298812866 0.034090620 0.999328792 -0.013410904 -3.535847902 -0.930460036 0.026837511 -0.365409017 82.055236816
-0.378550768 0.027570767 0.925170004 71.172027588 0.036910299 0.999210835 -0.014674704 -3.550890446 -0.924844444 0.028593179 -0.379269600 81.700134277
-0.392583728 0.029020775 0.919258296 72.029632568 0.036443744 0.999207914 -0.015980890 -3.575484753 -0.918993950 0.027227372 -0.393330455 81.325050354
-0.406301141 0.033540167 0.913123548 72.893157959 0.036447436 0.999125659 -0.020481577 -3.603752375 -0.913012087 0.024959324 -0.407168388 80.943542480
-0.418376207 0.043487646 0.907232225 73.751174927 0.039379127 0.998782396 -0.029716110 -3.628661394 -0.907419860 0.023293503 -0.419579268 80.550842285
-0.428827047 0.048029829 0.902108967 74.604438782 0.042265017 0.998558879 -0.033073861 -3.664085388 -0.902397454 0.023944682 -0.430239081 80.140365601
-0.436204195 0.045402702 0.898701727 75.480125427 0.042060267 0.998663425 -0.030037954 -3.700180769 -0.898864329 0.024696955 -0.437530756 79.709396362
-0.441397548 0.040045854 0.896417677 76.352798462 0.042543825 0.998814166 -0.023671584 -3.735323191 -0.896302640 0.027688455 -0.442577839 79.287170410
-0.443708181 0.039067078 0.895319402 77.245956421 0.043541286 0.998809278 -0.022004364 -3.767661810 -0.895112991 0.029219843 -0.444880843 78.842010498
-0.444913745 0.038945075 0.894726336 78.130157471 0.044718619 0.998773873 -0.021237109 -3.794365406 -0.894456327 0.030562242 -0.446109772 78.402618408
-0.445720792 0.039874274 0.894283652 79.013946533 0.045632441 0.998720706 -0.021787204 -3.826860905 -0.894008279 0.031097336 -0.446970105 77.963844299
-0.446361184 0.038157020 0.894038975 79.898353577 0.045271385 0.998773992 -0.020024687 -3.857009172 -0.893706977 0.031536140 -0.447541356 77.525268555
-0.447286010 0.037929665 0.893586338 80.784950256 0.043883171 0.998827755 -0.020431016 -3.887552500 -0.893313766 0.030074896 -0.448426127 77.087356567
-0.448253751 0.035522036 0.893200219 81.649131775 0.040369377 0.998995125 -0.019470004 -3.919096947 -0.892994225 0.027330430 -0.449237347 76.649093628
-0.450330257 0.034208097 0.892206728 82.522064209 0.036750391 0.999129117 -0.019758316 -3.952112436 -0.892105639 0.023891179 -0.451195240 76.214454651
-0.455292106 0.031831831 0.889773011 83.400695801 0.032262340 0.999294221 -0.019241516 -3.989009380 -0.889757514 0.019945648 -0.455997705 75.784942627
-0.462222815 0.030179571 0.886250317 84.277191162 0.028165977 0.999416113 -0.019343290 -4.018579960 -0.886316597 0.016021196 -0.462802887 75.338699341
-0.471017838 0.024983207 0.881770015 85.133934021 0.022101304 0.999619305 -0.016516317 -4.045369148 -0.881846964 0.011708790 -0.471390724 74.895065308
-0.481030107 0.022181056 0.876423717 85.975395203 0.020973098 0.999684930 -0.013789433 -4.081035137 -0.876453459 0.011748189 -0.481343746 74.437202454
-0.492035151 0.020407001 0.870336115 86.837364197 0.021531468 0.999704659 -0.011267754 -4.102278709 -0.870309055 0.013195485 -0.492329240 73.959693909
-0.503422737 0.019967675 0.863809526 87.664794922 0.019588254 0.999739766 -0.011693906 -4.124976635 -0.863818228 0.011033542 -0.503682852 73.481201172
-0.515744925 0.018496322 0.856542528 88.489212036 0.019279392 0.999764323 -0.009980489 -4.144589424 -0.856525302 0.011366233 -0.515979886 72.986602783
-0.528215289 0.017800383 0.848923922 89.301078796 0.017784253 0.999792874 -0.009898159 -4.176277637 -0.848924279 0.009869118 -0.528422475 72.484741211
-0.541495562 0.018778151 0.840494096 90.097290039 0.017781509 0.999782681 -0.010881060 -4.197376251 -0.840515792 0.009053210 -0.541711688 71.978378296
-0.554078698 0.021135474 0.832196295 90.877769470 0.017398456 0.999753296 -0.013807022 -4.223581314 -0.832282782 0.006828755 -0.554309726 71.454566956
-0.566802740 0.021747131 0.823566616 91.686279297 0.017791618 0.999741495 -0.014154501 -4.245106697 -0.823661566 0.006629773 -0.567043066 70.915313721
-0.579236031 0.021177599 0.814884961 92.453666687 0.018184030 0.999749422 -0.013056385 -4.269698143 -0.814957261 0.007255164 -0.579475880 70.375091553
-0.591337800 0.019937754 0.806177557 93.206375122 0.018912248 0.999762237 -0.010853054 -4.294750214 -0.806202292 0.008828809 -0.591574311 69.817230225
-0.602870345 0.020517742 0.797575355 93.953727722 0.020809000 0.999733567 -0.009989210 -4.324543476 -0.797567785 0.010574546 -0.603136778 69.255111694
-0.613027334 0.021749951 0.789762259 94.682174683 0.023171768 0.999685943 -0.009544890 -4.350190163 -0.789721847 0.012448910 -0.613338828 68.689117432
-0.621281385 0.023868233 0.783223987 95.402198792 0.026077721 0.999612093 -0.009776734 -4.368093491 -0.783153534 0.014350594 -0.621662855 68.115219116
-0.627138853 0.026523724 0.778455913 96.106788635 0.030731026 0.999484479 -0.009297166 -4.387976170 -0.778301179 0.018092133 -0.627630591 67.537437439
-0.630629659 0.027731111 0.775588632 96.807243347 0.033701122 0.999397218 -0.008331063 -4.409036636 -0.775352180 0.020884391 -0.631184101 66.953811646
-0.633354902 0.029958135 0.773281336 97.499961853 0.036861446 0.999284029 -0.008522524 -4.430535793 -0.772983015 0.023106486 -0.634005785 66.393081665
-0.633896232 0.031246418 0.772786617 98.185043335 0.038526926 0.999218822 -0.008799237 -4.447327137 -0.772457898 0.024195291 -0.634604931 65.827819824
-0.633214593 0.033607174 0.773246586 98.859306335 0.042244900 0.999068260 -0.008827433 -4.471719742 -0.772822797 0.027076064 -0.634044290 65.280303955
-0.630815864 0.034797460 0.775151849 99.531311035 0.044712052 0.998964131 -0.008458138 -4.486518383 -0.774643242 0.029323103 -0.631718278 64.725448608
-0.627312541 0.035237595 0.777969956 100.183425903 0.046036556 0.998906732 -0.008123396 -4.507140160 -0.777405679 0.030719150 -0.628248930 64.204261780
-0.622499228 0.036473762 0.781769991 100.821586609 0.048564199 0.998788595 -0.007928670 -4.531551361 -0.781112134 0.033030443 -0.623516560 63.693283081
-0.616783023 0.036963560 0.786265075 101.443588257 0.049508311 0.998740733 -0.008115761 -4.549480438 -0.785574973 0.033920992 -0.617836356 63.206085205
-0.611999869 0.036891870 0.789996982 102.054824829 0.050052293 0.998715639 -0.007863946 -4.571732044 -0.789272428 0.034728423 -0.613060355 62.742263794
-0.607472777 0.035485525 0.793547750 102.650115967 0.048764031 0.998783410 -0.007333577 -4.593952656 -0.792842567 0.034241639 -0.608464122 62.305999756
-0.602751255 0.034964357 0.797162712 103.234474182 0.048540402 0.998795927 -0.007105789 -4.612792969 -0.796451330 0.034411579 -0.603722692 61.860023499
-0.599460959 0.034336600 0.799667358 103.797927856 0.048381139 0.998807013 -0.006619052 -4.630471706 -0.798940659 0.034720954 -0.600407004 61.444587708
-0.597240448 0.035953876 0.801256239 104.352767944 0.047887195 0.998811066 -0.009124387 -4.648188591 -0.800631642 0.032920457 -0.598252058 61.043144226
-0.596820951 0.038269278 0.801461518 104.887435913 0.047407228 0.998798788 -0.012389479 -4.666473866 -0.800972939 0.030600768 -0.597918272 60.631523132
-0.598339796 0.043657381 0.800052345 105.429237366 0.049364712 0.998626173 -0.017574526 -4.688281059 -0.799720466 0.028978819 -0.599672914 60.221511841
-0.600898981 0.049306855 0.797802866 105.967300415 0.052165650 0.998386919 -0.022412855 -4.709893227 -0.797621012 0.028150041 -0.602501869 59.812957764
-0.604313135 0.050766423 0.795128167 106.493072510 0.054553933 0.998262346 -0.022273850 -4.728165627 -0.794877291 0.029916985 -0.606032610 59.409072876
-0.608314753 0.046932988 0.792307019 107.021789551 0.054913208 0.998346806 -0.016976856 -4.739932537 -0.791793942 0.033180848 -0.609886408 58.993392944
-0.612320781 0.038592864 0.789666951 107.549133301 0.053586435 0.998536885 -0.007249020 -4.758823395 -0.788791358 0.037876710 -0.613492966 58.586395264
-0.617145896 0.031574845 0.786215246 108.075042725 0.051506080 0.998672605 0.000322835 -4.780048847 -0.785161495 0.040694099 -0.617953062 58.173530579
-0.622403264 0.030622358 0.782097578 108.598480225 0.049200941 0.998788893 0.000048015 -4.798771381 -0.781148911 0.038509820 -0.623156071 57.766403198
-0.626407146 0.033280510 0.778785288 109.107872009 0.046879869 0.998888135 -0.004979067 -4.809850693 -0.778085053 0.033390429 -0.627270818 57.365562439
-0.629258633 0.037564870 0.776287854 109.642097473 0.046314407 0.998868585 -0.010793209 -4.814814091 -0.775814950 0.029161587 -0.630286574 56.929946899
-0.631433368 0.037879530 0.774504483 110.166107178 0.043518942 0.998963058 -0.013377506 -4.822330952 -0.774208069 0.025258612 -0.632427096 56.506927490
-0.633026958 0.037686810 0.773212194 110.695991516 0.041917942 0.999017656 -0.014374595 -4.834704399 -0.772994339 0.023311958 -0.633984804 56.077461243
-0.634536505 0.036550380 0.772028327 111.226570129 0.039609075 0.999106467 -0.014745994 -4.858669281 -0.771877468 0.021222457 -0.635417223 55.645820618
-0.635440588 0.036712740 0.771276534 111.764015198 0.038745116 0.999126792 -0.015637018 -4.875180244 -0.771177113 0.019946801 -0.636308074 55.207557678
-0.634678841 0.037175465 0.771881342 112.321067810 0.040382054 0.999073029 -0.014913394 -4.889113903 -0.771720231 0.021704936 -0.635591745 54.742904663
-0.633495927 0.034539789 0.772974789 112.880500793 0.042209469 0.999058247 -0.010049144 -4.893771172 -0.772593975 0.026260763 -0.634357333 54.287178040
-0.630077958 0.026915828 0.776065528 113.447227478 0.041213192 0.999149680 -0.001192456 -4.913928986 -0.775437653 0.031232791 -0.630651474 53.833038330
-0.624555469 0.024579775 0.780593753 114.026428223 0.041971620 0.999116540 0.002120870 -4.922337532 -0.779852033 0.034087382 -0.625035286 53.373809814
-0.618066072 0.024533356 0.785743296 114.604545593 0.042058088 0.999113381 0.001887476 -4.931862354 -0.785000324 0.034213442 -0.618549943 52.927719116
-0.610960960 0.025207400 0.791259527 115.200508118 0.038408943 0.999259710 -0.002176761 -4.931942940 -0.790728629 0.029061524 -0.611476898 52.482231140
-0.604501486 0.022612642 0.796283066 115.817581177 0.035386529 0.999372542 -0.001516102 -4.936604500 -0.795817673 0.027261205 -0.604922414 52.031013489
-0.598084331 0.017917549 0.801232994 116.448486328 0.028480181 0.999593735 -0.001094220 -4.942750454 -0.800927103 0.022164825 -0.598351598 51.583007812
-0.592928290 0.014135274 0.805131137 117.083396912 0.021748727 0.999762297 -0.001535748 -4.952249527 -0.804961503 0.016599990 -0.593094707 51.128814697
-0.589424968 0.013059376 0.807717621 117.731933594 0.011126596 0.999905705 -0.008047183 -4.959382534 -0.807746589 0.004243937 -0.589514732 50.681632996
-0.587280869 0.014825110 0.809247553 118.383827209 0.003287879 0.999867678 -0.015931146 -4.972952843 -0.809376657 -0.006695349 -0.587251902 50.226135254
-0.585257888 0.012289586 0.810754061 119.053878784 -0.006602583 0.999779761 -0.019921076 -4.990036488 -0.810820282 -0.017012037 -0.585047841 49.774879456
-0.583782911 0.012496541 0.811813712 119.731933594 -0.006386282 0.999779940 -0.019982411 -5.004653931 -0.811884761 -0.016849859 -0.583574533 49.299980164
-0.581672907 0.010372827 0.813356817 120.417022705 -0.005077803 0.999852896 -0.016382627 -5.026369095 -0.813407123 -0.013659393 -0.581534624 48.814468384
-0.580344200 0.006668230 0.814344108 121.099853516 -0.007740991 0.999876142 -0.013704087 -5.051268101 -0.814334571 -0.014256916 -0.580220699 48.335433960
-0.580038667 0.005693077 0.814569056 121.814651489 -0.007820834 0.999890566 -0.012557363 -5.071234703 -0.814551413 -0.013654366 -0.579930663 47.843704224
-0.579995990 0.009988296 0.814558208 122.529090881 -0.004027350 0.999877453 -0.015128347 -5.082949162 -0.814609468 -0.012054889 -0.579884648 47.335418701
-0.581282854 0.013220050 0.813594162 123.223175049 -0.001522509 0.999848604 -0.017334266 -5.106067657 -0.813700140 -0.011314815 -0.581174612 46.819488525
-0.583275199 0.011218158 0.812197149 123.958938599 -0.003506881 0.999860525 -0.016328633 -5.124800682 -0.812267065 -0.012372365 -0.583154559 46.306533813
-0.584295273 0.009432043 0.811486363 124.693550110 -0.002345268 0.999908686 -0.013310773 -5.145750523 -0.811537743 -0.009680575 -0.584219694 45.779220581
-0.585656881 0.008208946 0.810517550 125.441131592 0.000344530 0.999951124 -0.009878588 -5.162585258 -0.810559094 -0.005506215 -0.585631132 45.236900330
-0.587384701 0.006273080 0.809283674 126.194007874 -0.003537992 0.999940515 -0.010318841 -5.178927898 -0.809300244 -0.008924368 -0.587327600 44.706001282
-0.588948131 0.004572438 0.808158040 126.969810486 -0.007582311 0.999908745 -0.011182970 -5.191052914 -0.808135390 -0.012713893 -0.588859677 44.158775330
-0.590144873 0.004825390 0.807283223 127.735412598 -0.007771960 0.999901831 -0.011658236 -5.209031582 -0.807260215 -0.013154218 -0.590049386 43.605072021
-0.591895819 0.003352470 0.806007683 128.506286621 -0.006510390 0.999938846 -0.008940035 -5.225726604 -0.805988312 -0.010538992 -0.591837764 43.041305542
-0.593068600 -0.004572573 0.805139005 129.282653809 -0.010574671 0.999941885 -0.002110441 -5.245554447 -0.805082560 -0.009765715 -0.593082428 42.475509644
-0.594814062 -0.011286111 0.803784132 130.077270508 -0.011655510 0.999917388 0.005414785 -5.254940033 -0.803778887 -0.006147724 -0.594896436 41.906631470
-0.594895005 -0.015343301 0.803657115 130.855224609 -0.014015937 0.999863803 0.008714166 -5.262084961 -0.803681374 -0.006079994 -0.595028996 41.338989258
-0.595705152 -0.014520612 0.803072095 131.629547119 -0.017291334 0.999836683 0.005251965 -5.272076607 -0.803017259 -0.010757565 -0.595858932 40.780029297
-0.595286489 -0.012602298 0.803414702 132.397964478 -0.022023844 0.999757230 -0.000636357 -5.275596142 -0.803211689 -0.018073095 -0.595419526 40.220565796
-0.594565868 -0.011818283 0.803959966 133.180007935 -0.026746690 0.999629319 -0.005085786 -5.287083626 -0.803601861 -0.024527103 -0.594661593 39.663055420
-0.592621684 -0.013337616 0.805370510 133.960952759 -0.026741706 0.999637485 -0.003122705 -5.302165985 -0.805036902 -0.023387564 -0.592763543 39.095016479
-0.591013789 -0.012141098 0.806570351 134.757141113 -0.023622379 0.999718368 -0.002260766 -5.318464279 -0.806315780 -0.020389251 -0.591134191 38.525756836
-0.588532686 -0.006642525 0.808446288 135.550048828 -0.014942080 0.999884844 -0.002662071 -5.328470230 -0.808335483 -0.013646583 -0.588564157 37.945648193
-0.584271073 -0.003807987 0.811549604 136.319625854 -0.012423054 0.999913812 -0.004252079 -5.346788406 -0.811463475 -0.012566292 -0.584268093 37.384124756
-0.580357432 0.002004349 0.814359426 137.102462769 -0.004455317 0.999974191 -0.005636300 -5.361567974 -0.814349711 -0.006899298 -0.580333471 36.822479248
-0.577776790 0.008375185 0.816151857 137.877014160 0.006690847 0.999962330 -0.005524772 -5.380411148 -0.816167414 0.002268662 -0.577811122 36.257293701
-0.577195287 0.007236393 0.816574156 138.660705566 0.002743324 0.999972284 -0.006922530 -5.397542953 -0.816601634 -0.001755524 -0.577199101 35.719299316
-0.577543497 0.003347167 0.816353142 139.431045532 0.000473623 0.999992788 -0.003765043 -5.412713528 -0.816359878 -0.001787832 -0.577540874 35.173645020
-0.578649998 -0.002099599 0.815573275 140.215438843 -0.002036182 0.999997318 0.001129704 -5.427259922 -0.815573394 -0.001006953 -0.578652740 34.628707886
-0.579532623 -0.007526744 0.814914644 141.003265381 -0.006964975 0.999966562 0.004282737 -5.440173149 -0.814919591 -0.003193874 -0.579565644 34.085418701
-0.582130790 -0.009669177 0.813037813 141.776245117 -0.008597082 0.999946594 0.005736555 -5.449217319 -0.813049853 -0.003650327 -0.582182765 33.552246094
-0.584543705 -0.008360647 0.811319411 142.548858643 -0.011707412 0.999929726 0.001869261 -5.456674576 -0.811277986 -0.008405785 -0.584600449 33.012252808
-0.585330367 -0.014625523 0.810663283 143.318695068 -0.019251134 0.999806106 0.004137869 -5.461248398 -0.810566604 -0.013184166 -0.585498452 32.473190308
-0.587465048 -0.007745461 0.809212506 144.072692871 -0.016205197 0.999866307 -0.002194184 -5.471720695 -0.809087276 -0.014402454 -0.587512016 31.928741455
-0.588873267 -0.004604787 0.808212459 144.831878662 -0.017485609 0.999822319 -0.007043738 -5.483858585 -0.808036387 -0.018279955 -0.588849187 31.380828857
-0.591012478 0.000203661 0.806662440 145.590423584 -0.019141886 0.999714851 -0.014276972 -5.501268387 -0.806435287 -0.023878908 -0.590840101 30.838012695
-0.592771888 0.000147216 0.805370569 146.334487915 -0.015342767 0.999816418 -0.011475398 -5.523134232 -0.805224419 -0.019158904 -0.592660785 30.298873901
-0.592934847 -0.002658742 0.805246294 147.096374512 -0.014136534 0.999874830 -0.007107928 -5.539411545 -0.805126607 -0.015597927 -0.592898130 29.745681763
-0.593012094 -0.008209891 0.805151880 147.847869873 -0.015357169 0.999881446 -0.001115402 -5.558008194 -0.805047274 -0.013026300 -0.593067884 29.197113037
-0.593016028 -0.003459649 0.805183291 148.598510742 -0.010519420 0.999938726 -0.003451075 -5.573653221 -0.805122018 -0.010516603 -0.593016028 28.651840210
-0.592248917 -0.002064942 0.805752635 149.340560913 -0.013101562 0.999889195 -0.007067517 -5.587769032 -0.805648744 -0.014742345 -0.592210293 28.117797852
-0.591472745 0.002994593 0.806319416 150.078598022 -0.013253198 0.999821901 -0.013435079 -5.608164787 -0.806216061 -0.018632794 -0.591327786 27.580886841
-0.591183066 0.000426759 0.806537569 150.819381714 -0.017092431 0.999768674 -0.013057560 -5.627946854 -0.806356549 -0.021505091 -0.591038942 27.048889160
-0.591384530 -0.004732114 0.806375802 151.562820435 -0.019720834 0.999768555 -0.008595964 -5.647693157 -0.806148469 -0.020985922 -0.591341019 26.520217896
-0.592128754 -0.008093639 0.805802703 152.274459839 -0.016368274 0.999864042 -0.001985084 -5.665999413 -0.805677116 -0.014365024 -0.592180729 25.999801636
-0.593190312 -0.007240596 0.805029869 152.977432251 -0.013712565 0.999905348 -0.001110827 -5.687522411 -0.804945648 -0.011697955 -0.593233466 25.488662720
-0.594617844 0.000090098 0.804008603 153.640258789 -0.012965438 0.999868870 -0.009700849 -5.710846424 -0.803904057 -0.016192619 -0.594538689 24.990249634
-0.596955538 0.011696435 0.802188993 154.313583374 -0.010986329 0.999680758 -0.022751560 -5.727596760 -0.802199006 -0.022394786 -0.596636534 24.495788574
-0.601482153 0.013211559 0.798777103 154.965545654 -0.007796622 0.999718547 -0.022405963 -5.753550529 -0.798848271 -0.019704547 -0.601209760 24.030776978
-0.605528235 0.007694037 0.795786858 155.605346680 -0.004724872 0.999900877 -0.013262744 -5.776015759 -0.795810044 -0.011790955 -0.605431914 23.542434692
-0.610257745 -0.001512502 0.792201877 156.233215332 -0.002669735 0.999996424 -0.000147348 -5.798216820 -0.792198777 -0.002204889 -0.610259652 23.061157227
-0.613668442 -0.006710638 0.789535403 156.833343506 -0.004509962 0.999977350 0.004993906 -5.817567825 -0.789551020 -0.000496173 -0.613684893 22.597671509
-0.618270159 -0.002856154 0.785960436 157.404235840 -0.004092252 0.999991536 0.000414796 -5.828205585 -0.785955012 -0.002959893 -0.618276715 22.161788940
-0.620379686 0.008023445 0.784260571 157.944030762 0.000711354 0.999953032 -0.009667398 -5.844258308 -0.784301281 -0.005439571 -0.620356321 21.726379395
-0.622656107 0.015061353 0.782350779 158.471343994 0.002022433 0.999842405 -0.017638763 -5.858909607 -0.782493114 -0.009400630 -0.622588396 21.302597046
-0.623802304 0.019417258 0.781341076 158.980911255 0.006242468 0.999783218 -0.019861985 -5.877315044 -0.781557381 -0.007512454 -0.623788238 20.899642944
-0.621188641 0.021773089 0.783358872 159.474899292 0.012580317 0.999762177 -0.017811975 -5.885535240 -0.783560455 -0.001209690 -0.621314883 20.506317139
-0.616419435 0.025786750 0.786995649 159.963180542 0.021555874 0.999641657 -0.015870543 -5.901459217 -0.787122905 0.007181467 -0.616754413 20.149475098
-0.604675531 0.027045868 0.796012819 160.436798096 0.026617263 0.999551237 -0.013742153 -5.921646595 -0.796027243 0.012878139 -0.605124116 19.797027588
-0.586434364 0.032663193 0.809337854 160.909591675 0.034660708 0.999283314 -0.015214352 -5.943154335 -0.809254766 0.019130005 -0.587146282 19.452209473
-0.562508225 0.038570359 0.825891614 161.397293091 0.043230198 0.998916924 -0.017207161 -5.961556435 -0.825660825 0.026024289 -0.563566446 19.130630493
-0.531994581 0.042132370 0.845699012 161.891235352 0.049302727 0.998608112 -0.018735921 -5.989155769 -0.845311284 0.031727854 -0.533331394 18.830795288
-0.496364474 0.041339036 0.867129624 162.381088257 0.051994424 0.998488069 -0.017838577 -5.990387917 -0.866555989 0.036231466 -0.497763395 18.544937134
-0.458544374 0.036626104 0.887916744 162.890762329 0.045471873 0.998808503 -0.017717436 -6.007114887 -0.887507677 0.032251004 -0.459663391 18.308547974
-0.418787837 0.034537595 0.907427192 163.409698486 0.040103439 0.999004960 -0.019514952 -6.025954723 -0.907198250 0.028218325 -0.419756174 18.101974487
-0.379400373 0.038072277 0.924449205 163.930953979 0.039235402 0.998916268 -0.025036644 -6.049240112 -0.924400568 0.026772225 -0.380482912 17.912170410
-0.338761449 0.042977020 0.939890325 164.454010010 0.040129751 0.998707175 -0.031202633 -6.072303772 -0.940016210 0.027147315 -0.340048075 17.736801147
-0.297904372 0.048678186 0.953353941 165.004150391 0.038499150 0.998499095 -0.038953073 -6.088416100 -0.953819215 0.025099026 -0.299331307 17.593307495
-0.256556988 0.048646308 0.965304315 165.564697266 0.036663532 0.998503625 -0.040575016 -6.119012833 -0.965833664 0.024981664 -0.257956624 17.463104248
-0.216038346 0.046163935 0.975293040 166.132324219 0.032913845 0.998658299 -0.039979111 -6.141539574 -0.975830078 0.023463622 -0.217267990 17.380264282
-0.174088955 0.041291192 0.983864009 166.663909912 0.030810244 0.998859704 -0.036468856 -6.169234276 -0.984247983 0.023964267 -0.175162673 17.304077148
-0.137706280 0.034377541 0.989876509 167.251541138 0.023811653 0.999223530 -0.031389616 -6.199767590 -0.990187049 0.019248050 -0.138417959 17.259231567
-0.104490399 0.027154606 0.994155169 167.850494385 0.018523615 0.999506891 -0.025353868 -6.223911762 -0.994353414 0.015766112 -0.104941845 17.226593018
-0.075374842 0.024626082 0.996851265 168.450698853 0.013266773 0.999631286 -0.023691626 -6.245154381 -0.997067153 0.011439250 -0.075673699 17.213424683
-0.050821066 0.022658536 0.998450696 169.037628174 0.008243067 0.999718070 -0.022267725 -6.259234905 -0.998673737 0.007098627 -0.050993562 17.193649292
-0.033538699 0.019038403 0.999256074 169.656158447 -0.001277677 0.999816895 -0.019091971 -6.282550812 -0.999436617 -0.001917046 -0.033508182 17.205612183
-0.021032333 0.017441029 0.999626696 170.284698486 -0.013882072 0.999746323 -0.017735196 -6.303699493 -0.999682426 -0.014249899 -0.020784855 17.229049683
-0.012895107 0.019950276 0.999717891 170.901428223 -0.020857433 0.999578059 -0.020216517 -6.321778297 -0.999699354 -0.021112237 -0.012473583 17.235977173
-0.008314967 0.022717331 0.999707341 171.553710938 -0.025957832 0.999400139 -0.022926250 -6.334191322 -0.999628425 -0.026140867 -0.007720351 17.238708496
-0.007236362 0.024711519 0.999668539 172.198120117 -0.026901260 0.999327958 -0.024897832 -6.351630688 -0.999612033 -0.027072508 -0.006566763 17.242614746
-0.009066701 0.022930723 0.999696136 172.851516724 -0.027886359 0.999342382 -0.023175523 -6.370565414 -0.999570191 -0.028088003 -0.008421302 17.241821289
-0.012380838 0.021228496 0.999698043 173.510574341 -0.027483743 0.999389648 -0.021562321 -6.390157700 -0.999545634 -0.027742399 -0.011789799 17.234466553
-0.017191410 0.016297562 0.999719381 174.154113770 -0.028211052 0.999461174 -0.016778478 -6.416226387 -0.999454141 -0.028491581 -0.016722441 17.225082397
-0.022594929 0.017709209 0.999587834 174.862487793 -0.027362734 0.999457598 -0.018325415 -6.439471722 -0.999370158 -0.027765516 -0.022098064 17.211776733
-0.028158665 0.024737757 0.999297440 175.533477783 -0.028734038 0.999260604 -0.025546525 -6.464472294 -0.999190509 -0.029433198 -0.027427077 17.197052002
-0.034846425 0.035162702 0.998773873 176.214050293 -0.028803689 0.998930335 -0.036173150 -6.488493443 -0.998977482 -0.030028880 -0.033796310 17.181442261
-0.041333079 0.040291946 0.998332739 176.899047852 -0.027664181 0.998757362 -0.041454434 -6.513527870 -0.998762429 -0.029331489 -0.040167093 17.144439697
-0.047412395 0.038195409 0.998144984 177.598205566 -0.027370052 0.998843789 -0.039522246 -6.533735275 -0.998500466 -0.029193118 -0.046312213 17.107391357
-0.054783821 0.030553218 0.998030722 178.307540894 -0.028993180 0.999061584 -0.032176271 -6.565788269 -0.998077273 -0.030698823 -0.053846598 17.078842163
-0.061950445 0.024141282 0.997787237 179.053665161 -0.033503842 0.999093711 -0.026253076 -6.604346275 -0.997516751 -0.035056096 -0.061085463 17.049514771
-0.068199158 0.022776121 0.997411847 179.773986816 -0.036807697 0.999001324 -0.025329180 -6.630507946 -0.996992648 -0.038439855 -0.067292690 17.008132935
-0.073732495 0.026226405 0.996933103 180.494155884 -0.040332098 0.998757899 -0.029257350 -6.660120487 -0.996462107 -0.042365626 -0.072583199 16.968048096
-0.077126026 0.029160459 0.996594965 181.218368530 -0.038207538 0.998751521 -0.032180421 -6.684272289 -0.996289134 -0.040559381 -0.075915694 16.912490845
-0.078763008 0.031437717 0.996397555 181.944702148 -0.030380771 0.998962700 -0.033920184 -6.714549065 -0.996430337 -0.032942981 -0.077726126 16.841323853
-0.080053329 0.030243726 0.996331751 182.687500000 -0.027260857 0.999099314 -0.032518093 -6.742378235 -0.996417820 -0.029764034 -0.079156756 16.778198242
-0.080195785 0.027767191 0.996392310 183.431823730 -0.033960871 0.998955488 -0.030571997 -6.772464275 -0.996200442 -0.036290094 -0.079169035 16.729690552
-0.078718901 0.024060337 0.996606469 184.185394287 -0.038756959 0.998879015 -0.027176494 -6.800964355 -0.996143222 -0.040764738 -0.077698112 16.687500000
-0.076157928 0.023495600 0.996819019 184.933471680 -0.035907362 0.999009252 -0.026290582 -6.832356453 -0.996449113 -0.037795372 -0.075238705 16.624740601
-0.075278759 0.023855053 0.996877313 185.681472778 -0.031234290 0.999166846 -0.026268484 -6.861556530 -0.996673405 -0.033114206 -0.074470878 16.563995361
-0.074775577 0.022793580 0.996940017 186.457427979 -0.033714782 0.999109387 -0.025371958 -6.885169029 -0.996630430 -0.035508811 -0.073940516 16.515121460
-0.074410915 0.019911602 0.997028887 187.216064453 -0.037685614 0.999030352 -0.022764148 -6.910001278 -0.996515393 -0.039267544 -0.073588371 16.465805054
-0.073281288 0.016819037 0.997169614 187.995666504 -0.040022418 0.999002755 -0.019791173 -6.934166908 -0.996508121 -0.041359454 -0.072535038 16.426879883
-0.071753979 0.014427635 0.997318029 188.765884399 -0.040694751 0.999020457 -0.017380126 -6.956885338 -0.996591866 -0.041832700 -0.071096539 16.377105713
-0.070695996 0.016185615 0.997366607 189.546600342 -0.038675889 0.999072015 -0.018954743 -6.983340263 -0.996747851 -0.039914064 -0.070004344 16.317810059
-0.070165396 0.021220921 0.997309685 190.318878174 -0.033930458 0.999144375 -0.023647126 -7.007947445 -0.996958256 -0.035498381 -0.069385409 16.260910034
-0.070446134 0.024876928 0.997205436 191.081130981 -0.035071008 0.999009132 -0.027399465 -7.035302162 -0.996898949 -0.036903180 -0.069503903 16.217590332
-0.071426511 0.026525125 0.997093260 191.874252319 -0.040134080 0.998760343 -0.029444464 -7.054200172 -0.996638238 -0.042120524 -0.070273399 16.165283203
-0.072567821 0.023955192 0.997075796 192.668243408 -0.040289197 0.998825073 -0.026929492 -7.073355675 -0.996549428 -0.042125594 -0.071517348 16.112915039
-0.073683500 0.021412972 0.997051716 193.444137573 -0.037060380 0.999020100 -0.024194060 -7.108983994 -0.996592820 -0.038733821 -0.072817802 16.056182861
-0.074884057 0.023100547 0.996924639 194.225479126 -0.039523806 0.998877347 -0.026114630 -7.134460449 -0.996408641 -0.041357826 -0.073886991 16.003738403
-0.077346444 0.027552489 0.996623516 195.020019531 -0.043209258 0.998586237 -0.030960158 -7.170100689 -0.996067524 -0.045458019 -0.076046586 15.961776733
-0.079976916 0.032320563 0.996272683 195.807937622 -0.043090545 0.998427749 -0.035849616 -7.200008392 -0.995864987 -0.045797065 -0.078458548 15.903442383
-0.083000541 0.033035975 0.996001780 196.586700439 -0.044578519 0.998326838 -0.036827985 -7.230687618 -0.995551944 -0.047457021 -0.081388950 15.838287354
-0.085864067 0.033678945 0.995737493 197.388656616 -0.042562813 0.998392045 -0.037438989 -7.270303249 -0.995397329 -0.045596048 -0.084292531 15.767303467
-0.086707354 0.032333490 0.995709121 198.209045410 -0.042160455 0.998458683 -0.036094144 -7.306546688 -0.995341480 -0.045109168 -0.085210562 15.697296143
-0.088480353 0.031852089 0.995568573 199.020660400 -0.036990032 0.998694122 -0.035239547 -7.340924740 -0.995390892 -0.039944120 -0.087186575 15.625106812
-0.088706970 0.028246647 0.995657206 199.833374023 -0.034021899 0.998928607 -0.031370599 -7.375512600 -0.995476604 -0.036656935 -0.087650895 15.552703857
-0.088892341 0.025010966 0.995727241 200.659942627 -0.032631841 0.999074936 -0.028008221 -7.409612656 -0.995506644 -0.034982122 -0.087993979 15.485076904
-0.089378595 0.023844272 0.995712459 201.498275757 -0.028465392 0.999243855 -0.026483988 -7.441249371 -0.995591044 -0.030710435 -0.088632226 15.411743164
-0.088481188 0.024959181 0.995765090 202.324081421 -0.026909530 0.999261260 -0.027437923 -7.472440243 -0.995714307 -0.029223310 -0.087744117 15.336563110
-0.088557363 0.025313707 0.995749474 203.157699585 -0.024054442 0.999331117 -0.027544048 -7.501592159 -0.995780706 -0.026391421 -0.087889194 15.268508911
-0.087426782 0.027095659 0.995802462 203.991241455 -0.017877912 0.999426365 -0.028763864 -7.533189297 -0.996010542 -0.020317599 -0.086892247 15.191207886
-0.085442424 0.027582463 0.995961249 204.836257935 -0.015852351 0.999452591 -0.029039109 -7.569602013 -0.996217012 -0.018269500 -0.084958434 15.121414185
-0.083151817 0.026733613 0.996178329 205.660446167 -0.019330222 0.999408782 -0.028433815 -7.599565506 -0.996349454 -0.021620668 -0.082585812 15.055786133
-0.079017639 0.023964219 0.996585250 206.492324829 -0.023738200 0.999382317 -0.025913639 -7.627765656 -0.996590674 -0.025704766 -0.078399897 14.996170044
-0.076976657 0.022492284 0.996779323 207.328018188 -0.020806041 0.999491572 -0.024160238 -7.665436745 -0.996815920 -0.022598797 -0.076469541 14.940795898
-0.074976683 0.029297026 0.996754944 208.155059814 -0.019717559 0.999329329 -0.030855864 -7.704882622 -0.996990442 -0.021967039 -0.074348688 14.882141113
-0.073571086 0.040021908 0.996486843 208.982467651 -0.022223806 0.998880506 -0.041758843 -7.737596512 -0.997042537 -0.025217960 -0.072599292 14.830215454
-0.072359681 0.040297192 0.996564209 209.804718018 -0.024735205 0.998803616 -0.042183746 -7.769173622 -0.997071803 -0.027702620 -0.071276307 14.786148071
-0.071140766 0.029299403 0.997035980 210.646163940 -0.028281262 0.999107420 -0.031378206 -7.808641434 -0.997065425 -0.030429699 -0.070248604 14.734527588
-0.072101474 0.017905610 0.997236609 211.474685669 -0.028046712 0.999407053 -0.019972393 -7.850994587 -0.997002900 -0.029409243 -0.071556449 14.684509277
-0.073372245 0.017626015 0.997149050 212.323318481 -0.027949378 0.999414742 -0.019722637 -7.885875702 -0.996913075 -0.029316783 -0.072836637 14.624343872
-0.075235486 0.025136784 0.996848881 213.159500122 -0.031194119 0.999133646 -0.027548721 -7.913045883 -0.996677756 -0.033168465 -0.074386239 14.573547363
-0.076754451 0.029693758 0.996607959 213.992385864 -0.039727964 0.998671532 -0.032814924 -7.937206268 -0.996258378 -0.042111885 -0.075472832 14.525100708
-0.077479124 0.029707631 0.996551335 214.811660767 -0.041075069 0.998612165 -0.032962538 -7.970297813 -0.996147573 -0.043487318 -0.076151371 14.452713013
-0.078175545 0.024390588 0.996641159 215.670700073 -0.037446097 0.998923361 -0.027383674 -8.006525993 -0.996236086 -0.039461058 -0.077178121 14.392532349
-0.078765750 0.018836377 0.996715128 216.528900146 -0.036260515 0.999105692 -0.021747056 -8.035378456 -0.996233463 -0.037854329 -0.078012347 14.328201294
-0.079064965 0.016845720 0.996727228 217.377807617 -0.032794274 0.999272048 -0.019490121 -8.065514565 -0.996329963 -0.034227930 -0.078454971 14.262176514
-0.078561902 0.021131802 0.996685207 218.229034424 -0.029282799 0.999294996 -0.023495298 -8.095799446 -0.996479034 -0.031031568 -0.077887654 14.199676514
-0.077594757 0.026533771 0.996631861 219.098999023 -0.026115706 0.999248683 -0.028636731 -8.128351212 -0.996642888 -0.028249804 -0.076843500 14.123107910
-0.076072812 0.030516034 0.996635318 219.962875366 -0.022902129 0.999214411 -0.032343116 -8.157100677 -0.996839345 -0.025285497 -0.075314164 14.052566528
-0.075325012 0.027884400 0.996769190 220.849578857 -0.021046018 0.999341786 -0.029546799 -8.188150406 -0.996937037 -0.023203632 -0.074688554 13.989151001
-0.074494839 0.023286832 0.996949613 221.727386475 -0.017139155 0.999549747 -0.024628252 -8.221866608 -0.997074246 -0.018921547 -0.074062228 13.924224854
-0.074152946 0.021926779 0.997005939 222.618179321 -0.016795252 0.999588966 -0.023232749 -8.250813484 -0.997105598 -0.018467737 -0.073754191 13.860351562
-0.074272037 0.021714881 0.997001767 223.494232178 -0.024500482 0.999421358 -0.023592753 -8.284212112 -0.996937156 -0.026179297 -0.073696971 13.814010620
-0.074235559 0.021586699 0.997007072 224.384552002 -0.027859870 0.999330580 -0.023711408 -8.315305710 -0.996851504 -0.029536715 -0.073584437 13.758193970
-0.074638724 0.020600533 0.996997893 225.271560669 -0.029296771 0.999309719 -0.022841558 -8.343571663 -0.996780276 -0.030913681 -0.073983669 13.697967529
-0.076298118 0.021740880 0.996848047 226.166122437 -0.032390241 0.999180555 -0.024270879 -8.384383202 -0.996558845 -0.034139965 -0.075531363 13.640914917
-0.078319192 0.022555484 0.996673167 227.092926025 -0.034290086 0.999091506 -0.025304748 -8.403172493 -0.996338427 -0.036157854 -0.077474594 13.582748413
-0.079972506 0.020480439 0.996586621 227.944686890 -0.031429917 0.999239981 -0.023057103 -8.424064636 -0.996301413 -0.033166569 -0.079267979 13.505691528
-0.081044555 0.017767027 0.996552169 228.837524414 -0.026289346 0.999455154 -0.019956760 -8.455269814 -0.996363759 -0.027816087 -0.080533266 13.423812866
-0.082708836 0.020818751 0.996356308 229.728042603 -0.028351575 0.999327958 -0.023234341 -8.494136810 -0.996170461 -0.030169953 -0.082062960 13.360351562
-0.084115744 0.028279420 0.996054769 230.614776611 -0.021354493 0.999316454 -0.030175388 -8.529239655 -0.996227324 -0.023808461 -0.083454370 13.281036377
-0.084606647 0.029890455 0.995966077 231.516525269 -0.018850256 0.999323070 -0.031592522 -8.561637878 -0.996236145 -0.021447150 -0.083985925 13.203414917
-0.086857915 0.022988981 0.995955467 232.419067383 -0.024724325 0.999376059 -0.025224160 -8.594426155 -0.995913923 -0.026815243 -0.086235404 13.141830444
-0.088001370 0.014013997 0.996021986 233.315826416 -0.031282108 0.999368966 -0.016824950 -8.630731583 -0.995629251 -0.032638278 -0.087507486 13.073471069
-0.089626908 0.012082064 0.995902240 234.206558228 -0.035406165 0.999255717 -0.015309145 -8.662299156 -0.995346010 -0.036633186 -0.089132428 13.004379272
-0.092845440 0.013116370 0.995594144 235.142105103 -0.035955250 0.999216914 -0.016517147 -8.685781479 -0.995031118 -0.037330378 -0.092301130 12.958602905
-0.093967199 0.019588236 0.995382667 236.037521362 -0.040444490 0.998905957 -0.023475656 -8.712904930 -0.994753540 -0.042463683 -0.093072176 12.894958496
-0.092816710 0.025055284 0.995367885 236.919219971 -0.037201874 0.998898029 -0.028613169 -8.749283791 -0.994987965 -0.039685335 -0.091782331 12.804595947
-0.092136502 0.031438347 0.995249927 237.803543091 -0.032112312 0.998887777 -0.034526095 -8.783964157 -0.995228410 -0.035140894 -0.091024518 12.719879150
-0.091479063 0.027645832 0.995423198 238.698425293 -0.029435543 0.999102652 -0.030453140 -8.821336746 -0.995371878 -0.032086648 -0.090583205 12.643127441
-0.089429498 0.023579871 0.995714009 239.595886230 -0.027434297 0.999282062 -0.026128363 -8.859243393 -0.995615244 -0.029653359 -0.088718414 12.562225342
-0.086389661 0.023425836 0.995986104 240.477249146 -0.029648740 0.999220252 -0.026073571 -8.900534630 -0.995820284 -0.031782214 -0.085627794 12.494567871
-0.084600210 0.030683702 0.995942414 241.347885132 -0.029333284 0.999015868 -0.033270102 -8.938953400 -0.995983124 -0.032028917 -0.083616972 12.425354004
-0.082552433 0.033851538 0.996011674 242.222290039 -0.028877577 0.998922050 -0.036343914 -8.972118378 -0.996168315 -0.031762678 -0.081485868 12.362640381
-0.079841852 0.028026473 0.996413529 243.104919434 -0.029705666 0.999093771 -0.030482156 -9.007451057 -0.996364892 -0.032032877 -0.078936934 12.297241211
-0.078556776 0.020667857 0.996695518 243.987792969 -0.026513943 0.999388099 -0.022813445 -9.057935715 -0.996557117 -0.028218472 -0.077960610 12.235137939
-0.077042818 0.022470828 0.996774554 244.851898193 -0.026715020 0.999340534 -0.024593536 -9.091406822 -0.996669829 -0.028523605 -0.076391697 12.179504395
-0.074831843 0.031633053 0.996694505 245.713165283 -0.029124007 0.999001026 -0.033892889 -9.128326416 -0.996770978 -0.031563994 -0.073835731 12.124969482
-0.072100282 0.035256144 0.996774256 246.540618896 -0.029078765 0.998875916 -0.037433852 -9.162867546 -0.996973634 -0.031683940 -0.070994020 12.046142578
-0.071399808 0.031882405 0.996938169 247.411056519 -0.027021557 0.999060333 -0.033885535 -9.200670242 -0.997081757 -0.029358242 -0.070471168 11.993103027
-0.070315003 0.023779318 0.997241437 248.275741577 -0.029622806 0.999225140 -0.025915308 -9.244856834 -0.997084975 -0.031363320 -0.069556117 11.938934326
-0.068121791 0.021319460 0.997449398 249.130126953 -0.031285670 0.999234319 -0.023494294 -9.275596619 -0.997186542 -0.032806333 -0.067402601 11.889282227
-0.065910459 0.020959141 0.997605383 249.973724365 -0.028090524 0.999344170 -0.022851573 -9.309515953 -0.997430027 -0.029529417 -0.065278411 11.850372314
-0.063538790 0.023714675 0.997697592 250.794692993 -0.022514688 0.999429107 -0.025189690 -9.341576576 -0.997725427 -0.024063371 -0.062968612 11.792938232
-0.062363386 0.025264677 0.997733891 251.606323242 -0.023103774 0.999375105 -0.026750339 -9.379339218 -0.997786283 -0.024719650 -0.061740637 11.748291016
-0.061227918 0.025495518 0.997798145 252.407623291 -0.024711519 0.999328554 -0.027050998 -9.408156395 -0.997817874 -0.026313383 -0.060556769 11.712127686
-0.059577346 0.021847950 0.997984648 253.195755005 -0.025610570 0.999397933 -0.023407778 -9.438344955 -0.997895181 -0.026953524 -0.058981895 11.673126221
-0.059594154 0.015098782 0.998108685 253.972595215 -0.025414160 0.999538541 -0.016637817 -9.465068817 -0.997899354 -0.026357602 -0.059183002 11.631927490
-0.059556603 0.011525981 0.998158395 254.734146118 -0.023817590 0.999632239 -0.012964113 -9.486063004 -0.997940719 -0.024545824 -0.059260130 11.585784912
-0.059912920 0.014720830 0.998095036 255.474655151 -0.023853015 0.999584615 -0.016174631 -9.517640114 -0.997918546 -0.024776647 -0.059536934 11.547393799
-0.060338497 0.020490060 0.997967780 256.199981689 -0.025220785 0.999438822 -0.022045145 -9.543731689 -0.997859418 -0.026499698 -0.059787869 11.508483887
-0.061905026 0.026283259 0.997735918 256.919342041 -0.023738872 0.999331653 -0.027798183 -9.564686775 -0.997799695 -0.025405973 -0.061239719 11.471557617
-0.062855482 0.028109048 0.997626781 257.623992920 -0.023492089 0.999284685 -0.029635878 -9.591997147 -0.997746170 -0.025299108 -0.062150121 11.424621582
-0.066075683 0.027217435 0.997443318 258.326629639 -0.020931866 0.999370158 -0.028656645 -9.625520706 -0.997595012 -0.022771860 -0.065464377 11.376831055
-0.071566224 0.026380938 0.997086942 259.016021729 -0.019676425 0.999418318 -0.027854903 -9.655729294 -0.997241795 -0.021612575 -0.071005464 11.334289551
-0.078099370 0.026553674 0.996591985 259.694488525 -0.019828787 0.999406099 -0.028182566 -9.686701775 -0.996748507 -0.021962244 -0.077526450 11.281707764
-0.086531520 0.028254263 0.995848358 260.357666016 -0.019161291 0.999365628 -0.030019023 -9.716781616 -0.996064842 -0.021679331 -0.085935235 11.228759766
-0.096462607 0.028047919 0.994941473 261.005218506 -0.019709062 0.999353051 -0.030083138 -9.750946045 -0.995141625 -0.022511255 -0.095847368 11.164978027
-0.107899785 0.028685119 0.993748009 261.638061523 -0.017810047 0.999367476 -0.030781120 -9.778553009 -0.994002342 -0.021019969 -0.107320666 11.089569092
-0.120088577 0.025985012 0.992423058 262.271087646 -0.014834741 0.999498785 -0.027965365 -9.801109314 -0.992652357 -0.018080661 -0.119642973 11.013793945
-0.132347941 0.022892958 0.990939081 262.886779785 -0.009428702 0.999658942 -0.024353689 -9.829785347 -0.991158664 -0.012566427 -0.132086992 10.922882080
-0.143929362 0.019274890 0.989400327 263.484832764 -0.003971217 0.999790967 -0.020055017 -9.850421906 -0.989580095 -0.006815628 -0.143822670 10.823150635
-0.155538440 0.014499954 0.987723529 264.067840576 -0.000214643 0.999891758 -0.014712388 -9.871469498 -0.987829983 -0.002500348 -0.155518413 10.718719482
-0.166201591 0.012519881 0.986012340 264.633728027 0.003498545 0.999920607 -0.012106770 -9.889581680 -0.986085653 0.001437445 -0.166232109 10.611724854
-0.177293181 0.013965863 0.984059036 265.174560547 0.008340751 0.999884725 -0.012687752 -9.911127090 -0.984122813 0.005958341 -0.177389145 10.512329102
-0.187131286 0.016898016 0.982189655 265.694885254 0.012971461 0.999807358 -0.014729738 -9.929535866 -0.982249379 0.009984041 -0.187314391 10.398010254
-0.197615027 0.020470716 0.980066061 266.186279297 0.016054120 0.999715447 -0.017644076 -9.946570396 -0.980148375 0.012247364 -0.197887421 10.296508789
-0.207079411 0.023344468 0.978045762 266.665832520 0.019091599 0.999621332 -0.019817229 -9.963426590 -0.978138030 0.014568720 -0.207446694 10.188751221
-0.215248466 0.023842860 0.976268232 267.126556396 0.022689044 0.999554157 -0.019409062 -9.977808952 -0.976295769 0.017972825 -0.215693474 10.080718994
-0.221992135 0.022729551 0.974783659 267.564361572 0.025542686 0.999520719 -0.017489407 -9.995902061 -0.974713981 0.021016080 -0.222466350 9.974395752
-0.226784825 0.022540573 0.973684072 267.974426270 0.028335579 0.999461651 -0.016537564 -10.012270927 -0.973532677 0.023839435 -0.227301478 9.869232178
-0.229273438 0.023895495 0.973068655 268.365997314 0.031178087 0.999365926 -0.017195120 -10.028088570 -0.972862542 0.026396036 -0.229873180 9.768707275
-0.229930520 0.024124071 0.972908139 268.740142822 0.032868233 0.999314904 -0.017010998 -10.043471336 -0.972651958 0.028066423 -0.230565906 9.683624268
-0.226788521 0.023745662 0.973654509 269.091430664 0.035163678 0.999250591 -0.016179401 -10.054532051 -0.973309040 0.030567972 -0.227453589 9.601776123
-0.221721053 0.024305884 0.974807322 269.415252686 0.036053054 0.999210119 -0.016714042 -10.064662933 -0.974443555 0.031438924 -0.222422242 9.529663086
-0.214158654 0.025365982 0.976469517 269.730865479 0.034542438 0.999234200 -0.018381521 -10.075299263 -0.976187944 0.029793076 -0.214870811 9.474121094
-0.202724814 0.026429964 0.978879094 270.031280518 0.032985479 0.999252737 -0.020148803 -10.091518402 -0.978680134 0.028204132 -0.203445196 9.420074463
-0.188053846 0.030081756 0.981697917 270.306671143 0.030710790 0.999222219 -0.024735792 -10.090734482 -0.981678486 0.025497057 -0.188831449 9.367492676
-0.173419952 0.032249857 0.984319806 270.563629150 0.030180145 0.999168336 -0.027419137 -10.117932320 -0.984385431 0.024951890 -0.174249053 9.360504150
-0.153445005 0.033510830 0.987588763 270.826049805 0.029841220 0.999126136 -0.029265780 -10.129542351 -0.987706482 0.024980165 -0.154310942 9.337066650
-0.130185723 0.032211058 0.990966380 271.088348389 0.030775724 0.999121845 -0.028433071 -10.138715744 -0.991011977 0.026796127 -0.131062746 9.307678223
-0.104538202 0.030574746 0.994050801 271.350036621 0.029720522 0.999176919 -0.027606893 -10.151510239 -0.994076729 0.026657734 -0.105360866 9.302581787
-0.073939323 0.030347334 0.996800900 271.606262207 0.026643286 0.999240220 -0.028445290 -10.155667305 -0.996906757 0.024454826 -0.074691653 9.311157227
-0.040886760 0.029019004 0.998742402 271.853057861 0.024149427 0.999314845 -0.028047007 -10.162630081 -0.998871982 0.022972306 -0.041559577 9.329711914
-0.005166888 0.024959508 0.999675095 272.103820801 0.021564219 0.999458790 -0.024842650 -10.172156334 -0.999754071 0.021428851 -0.005702376 9.344299316
0.030944884 0.020021820 0.999320745 272.343872070 0.019719636 0.999592543 -0.020637909 -10.186311722 -0.999326706 0.020344878 0.030537426 9.385253906
0.069123924 0.017459273 0.997455299 272.592041016 0.013270721 0.999742270 -0.018418970 -10.193387032 -0.997519791 0.014510143 0.068874419 9.446624756
0.109862804 0.016052499 0.993817210 272.783721924 0.008093832 0.999821961 -0.017044235 -10.207437515 -0.993913889 0.009916317 0.109713316 9.519363403
0.155745208 0.016847927 0.987653613 273.020355225 -0.000796904 0.999856353 -0.016930424 -10.214513779 -0.987796962 0.001849768 0.155736268 9.603210449
0.203710079 0.018312911 0.978860080 273.258026123 -0.004413243 0.999832034 -0.017786827 -10.220303535 -0.979021430 -0.000696590 0.203756690 9.697906494
0.254163146 0.020007813 0.966954470 273.503082275 -0.008082709 0.999795020 -0.018562805 -10.233762741 -0.967127621 -0.003097630 0.254272759 9.800277710
0.305550635 0.022334769 0.951913834 273.767456055 -0.010527128 0.999742985 -0.020077927 -10.234838486 -0.952117622 -0.003886095 0.305707276 9.932357788
0.358604431 0.023198774 0.933201313 274.005615234 -0.007446559 0.999730408 -0.021991130 -10.246859550 -0.933459938 0.000936979 0.358680546 10.081680298
0.414983451 0.023050826 0.909537017 274.245727539 0.002942282 0.999639809 -0.026676787 -10.250161171 -0.909824312 0.013746541 0.414766133 10.214843750
0.471098185 0.020412289 0.881844640 274.471313477 0.008823079 0.999573171 -0.027850840 -10.261844635 -0.882036686 0.020901065 0.470717013 10.350387573
0.523960650 0.020887541 0.851486385 274.694274902 0.003407847 0.999639869 -0.026618861 -10.270542145 -0.851735711 0.016848972 0.523700714 10.566574097
0.577597737 0.024928560 0.815940797 274.929321289 -0.002982015 0.999591410 -0.028428497 -10.277173042 -0.816316068 0.013987088 0.577436090 10.794494629
0.628606617 0.031442180 0.777087629 275.150512695 -0.012858335 0.999466062 -0.030038517 -10.288887024 -0.777617157 0.008890360 0.628675222 11.054107666
0.678477824 0.034727678 0.733799636 275.381561279 -0.020228183 0.999386430 -0.028593633 -10.289986610 -0.734342396 0.004556714 0.678763986 11.339538574
0.726303935 0.032433294 0.686608076 275.613800049 -0.018258207 0.999444067 -0.027896928 -10.299297333 -0.687131166 0.007725416 0.726492286 11.655937195
0.770365059 0.031129813 0.636842728 275.831695557 -0.018948618 0.999484062 -0.025934815 -10.302080154 -0.637321472 0.007911988 0.770557463 11.979713440
0.807998180 0.031669274 0.588333249 276.010009766 -0.024380611 0.999496281 -0.020318128 -10.304411888 -0.588680327 0.002073089 0.808363318 12.319259644
0.840865493 0.034975667 0.540112913 276.186309814 -0.032440130 0.999372661 -0.014211735 -10.317503929 -0.540271103 -0.005571176 0.841472566 12.697469711
0.869537234 0.040863071 0.492173970 276.352050781 -0.039726824 0.999128997 -0.012766883 -10.322451591 -0.492266983 -0.008451227 0.870403230 13.090858459
0.893712044 0.044006802 0.446477562 276.513000488 -0.043019123 0.998997867 -0.012354464 -10.320649147 -0.446573824 -0.008165740 0.894709527 13.488718987
0.913333416 0.049957510 0.404136479 276.658081055 -0.049505312 0.998706758 -0.011575412 -10.326598167 -0.404192120 -0.009434693 0.914625466 13.932501793
0.928770125 0.058983017 0.365933090 276.800872803 -0.058210254 0.998217642 -0.013155253 -10.328324318 -0.366056830 -0.009082851 0.930548191 14.395927429
0.940425873 0.066732451 0.333385587 276.927764893 -0.065515064 0.997740209 -0.014906439 -10.326088905 -0.333626956 -0.007823375 0.942672729 14.891258240
0.950027287 0.066846035 0.304925829 277.071228027 -0.065965712 0.997734547 -0.013201145 -10.332530975 -0.305117488 -0.007573203 0.952284575 15.388955116
0.958193958 0.062016025 0.279317558 277.217529297 -0.061070524 0.998060167 -0.012094896 -10.336757660 -0.279525816 -0.005468814 0.960122585 15.919787407
0.964675665 0.060741495 0.256342143 277.347900391 -0.059695315 0.998146117 -0.011868000 -10.342638969 -0.256587803 -0.003853653 0.966513276 16.475580215
0.970483541 0.061845075 0.233102649 277.465148926 -0.060898706 0.998080432 -0.011261854 -10.350625992 -0.233351678 -0.003266204 0.972386897 17.061365128
0.976272047 0.061077889 0.207755581 277.579437256 -0.060737256 0.998121560 -0.008024181 -10.357023239 -0.207855418 -0.004784720 0.978147864 17.662374496
0.981586516 0.059978765 0.181357324 277.678924561 -0.060121804 0.998179913 -0.004713592 -10.352824211 -0.181309953 -0.006276731 0.983405948 18.290206909
0.985595465 0.059718132 0.158225507 277.763214111 -0.059497245 0.998209596 -0.006136800 -10.360094070 -0.158308700 -0.003365579 0.987383962 18.932474136
0.988470912 0.063409768 0.137493655 277.830993652 -0.062391091 0.997983098 -0.011710355 -10.370966911 -0.137958884 0.002996967 0.990433395 19.600929260
0.990587652 0.067968711 0.118812516 277.905120850 -0.066304080 0.997638643 -0.017912354 -10.379397392 -0.119749442 0.009866003 0.992755115 20.282894135
0.991955161 0.072281107 0.103925169 277.960327148 -0.070193872 0.997253954 -0.023607850 -10.373015404 -0.105346188 0.016123019 0.994304895 20.989082336
0.993230522 0.073529638 0.089925021 278.009429932 -0.072306223 0.997241139 -0.016792111 -10.377140045 -0.090911642 0.010176300 0.995806992 21.726753235
0.994685650 0.068593182 0.076781906 278.072296143 -0.068447322 0.997644424 -0.004532812 -10.395770073 -0.076911964 -0.000746792 0.997037590 22.460693359
0.995712757 0.064008750 0.066775963 278.119476318 -0.064339615 0.997924089 0.002813944 -10.406763077 -0.066457227 -0.007098220 0.997764051 23.231161118
0.996164143 0.064873703 0.058723409 278.152435303 -0.065055892 0.997880936 0.001194034 -10.409281731 -0.058521509 -0.005009757 0.998273551 24.010913849
0.996198833 0.069379970 0.052672237 278.184173584 -0.069330111 0.997589886 -0.002775307 -10.408020973 -0.052737843 -0.000887014 0.998607993 24.812685013
0.996129394 0.073077433 0.048846230 278.212371826 -0.072852105 0.997322321 -0.006379872 -10.406790733 -0.049181662 0.002796627 0.998785913 25.623620987
0.996113181 0.075017534 0.046161592 278.252105713 -0.074841976 0.997180104 -0.005522262 -10.414277077 -0.046445686 0.002045974 0.998918712 26.448366165
0.995834112 0.078700788 0.046049666 278.270294189 -0.078591764 0.996898115 -0.004176054 -10.423470497 -0.046235483 0.000539533 0.998930395 27.329292297
0.996032834 0.075702168 0.046773981 278.306823730 -0.075489700 0.997126698 -0.006294826 -10.431879044 -0.047116116 0.002738899 0.998885691 28.199945450
0.996260285 0.071496256 0.048515003 278.356323242 -0.071163714 0.997428000 -0.008549639 -10.438295364 -0.049001489 0.005065159 0.998785853 29.082662582
0.995997965 0.073611476 0.050689563 278.392761230 -0.073192909 0.997267008 -0.010067355 -10.448202133 -0.051292103 0.006316949 0.998663723 29.977960587
0.995894670 0.072926596 0.053623881 278.437713623 -0.072693788 0.997334540 -0.006281702 -10.456066132 -0.053939052 0.002357791 0.998541474 30.897798538
0.996203661 0.066084832 0.056666058 278.497589111 -0.066185772 0.997807324 -0.000095565 -10.462091446 -0.056548122 -0.003655284 0.998393178 31.826766968
0.996141016 0.064630270 0.059380259 278.558105469 -0.064961649 0.997881055 0.003665173 -10.473495483 -0.059017554 -0.007508468 0.998228729 32.757213593
0.996093750 0.062450815 0.062427156 278.612335205 -0.062714823 0.998028874 0.002276605 -10.477376938 -0.062161930 -0.006182820 0.998046935 33.697196960
0.996083021 0.059793010 0.065141506 278.666015625 -0.059884321 0.998205185 -0.000551706 -10.485939980 -0.065057576 -0.003351410 0.997875869 34.641368866
0.996016204 0.057702765 0.067985743 278.728637695 -0.057403669 0.998330891 -0.006346399 -10.504433632 -0.068238474 0.002418485 0.997666121 35.585708618
0.995827019 0.058048632 0.070419714 278.789154053 -0.057237748 0.998269558 -0.013480439 -10.515192032 -0.071080379 0.009393519 0.997426331 36.538906097
0.995686889 0.058416262 0.072077103 278.859924316 -0.057592951 0.998249531 -0.013450318 -10.528462410 -0.072736651 0.009241173 0.997308373 37.503955841
0.995814443 0.054324642 0.073500849 278.936828613 -0.054031231 0.998521388 -0.005975925 -10.545370102 -0.073716812 0.001979571 0.997277260 38.480152130
0.995932698 0.049645372 0.075188965 279.004058838 -0.049916618 0.998751879 0.001731456 -10.556581497 -0.075009167 -0.005477593 0.997167826 39.477653503
0.995933950 0.048789307 0.075730778 279.079101562 -0.049309120 0.998771012 0.005008278 -10.565814018 -0.075393356 -0.008722132 0.997115731 40.465156555
0.995799065 0.050895277 0.076117352 279.138183594 -0.051241755 0.998682857 0.002604533 -10.571861267 -0.075884536 -0.006493978 0.997095466 41.451892853
0.995943010 0.049159221 0.075371474 279.214996338 -0.048874363 0.998789132 -0.005620338 -10.584189415 -0.075556494 0.001913804 0.997139692 42.432579041
0.995824158 0.051875107 0.075121060 279.277832031 -0.051102042 0.998619199 -0.012178058 -10.598651886 -0.075649075 0.008288365 0.997100055 43.447315216
0.995685339 0.054618031 0.075017013 279.351715088 -0.054009203 0.998489141 -0.010122199 -10.617293358 -0.075456530 0.006026917 0.997130871 44.446552277
0.995680273 0.055278726 0.074599594 279.418090820 -0.055203244 0.998470426 -0.003074979 -10.637802124 -0.074655466 -0.001056444 0.997208834 45.479995728
0.995610058 0.056835618 0.074366339 279.481170654 -0.057076596 0.998369157 0.001117463 -10.648372650 -0.074181549 -0.005357135 0.997230351 46.479579926
0.995335281 0.061542399 0.074298479 279.537078857 -0.061819252 0.998086333 0.001430072 -10.661528587 -0.074068286 -0.006016477 0.997235000 47.498355865
0.995249569 0.063443772 0.073845714 279.606201172 -0.063755907 0.997963786 0.001874871 -10.664627075 -0.073576398 -0.006574065 0.997267902 48.500671387
0.994923890 0.069459811 0.072813444 279.663238525 -0.070274100 0.997489989 0.008678551 -10.667761803 -0.072027870 -0.013751397 0.997307837 49.522068024
0.994884551 0.070122629 0.072715402 279.725677490 -0.071378715 0.997339189 0.014818433 -10.676109314 -0.071482815 -0.019932961 0.997242630 50.544433594
0.994836211 0.072335802 0.071193151 279.786437988 -0.073406771 0.997223258 0.012540170 -10.674050331 -0.070088364 -0.017701475 0.997383714 51.554302216
0.994930089 0.072462074 0.069737673 279.845672607 -0.073201068 0.997284353 0.008096782 -10.669810295 -0.068961576 -0.013160603 0.997532487 52.552288055
0.995220482 0.069588475 0.068509832 279.909271240 -0.070285827 0.997496247 0.007818586 -10.661491394 -0.067794219 -0.012596488 0.997619808 53.580459595
0.995170057 0.070296749 0.068519458 279.969909668 -0.070729323 0.997487903 0.003904689 -10.668258667 -0.068072848 -0.008732164 0.997642159 54.593135834
0.995083988 0.071724661 0.068289660 280.032012939 -0.071568497 0.997424483 -0.004733790 -10.677414894 -0.068453312 -0.000176869 0.997654319 55.595657349
0.995391786 0.066550769 0.069037914 280.099182129 -0.066318594 0.997782469 -0.005652060 -10.685941696 -0.069260970 0.001047517 0.997598052 56.600696564
0.995365560 0.065049380 0.070823997 280.163452148 -0.065159120 0.997874618 -0.000762147 -10.696152687 -0.070723042 -0.003856214 0.997488558 57.626907349
0.994762838 0.071297184 0.073236860 280.217224121 -0.071804948 0.997409344 0.004320527 -10.707468987 -0.072739087 -0.009556669 0.997305214 58.637020111
0.994790614 0.069582909 0.074497126 280.296478271 -0.069976829 0.997545004 0.002687511 -10.718469620 -0.074127235 -0.007886584 0.997217596 59.639400482
0.994102061 0.077310592 0.076053753 280.360717773 -0.077362947 0.997000456 -0.002261878 -10.725796700 -0.076000497 -0.003635205 0.997101128 60.652164459
0.993705511 0.078680657 0.079741478 280.433624268 -0.078745574 0.996892035 -0.002335150 -10.736728668 -0.079677373 -0.003958836 0.996812820 61.656299591
0.992995799 0.083986357 0.083100446 280.498809814 -0.084498167 0.996420085 0.002654984 -10.747457504 -0.082579970 -0.009658223 0.996537626 62.666896820
0.992816150 0.082645878 0.086520366 280.585845947 -0.083787583 0.996437013 0.009642298 -10.750176430 -0.085415199 -0.016822362 0.996203423 63.667968750
0.992915452 0.080163047 0.087708585 280.668426514 -0.081527941 0.996597767 0.012085906 -10.752134323 -0.086441338 -0.019150984 0.996072829 64.679023743
0.993407428 0.074232735 0.087356582 280.760284424 -0.075255521 0.997128308 0.008469057 -10.758900642 -0.086477041 -0.014987289 0.996141076 65.673767090
0.994261026 0.064641379 0.085243925 280.859344482 -0.064875960 0.997893333 -0.000018329 -10.761916161 -0.085065529 -0.005512057 0.996360123 66.682334900
0.994351089 0.066007018 0.083120488 280.942443848 -0.066195697 0.997806549 -0.000486890 -10.774999619 -0.082970306 -0.005018079 0.996539414 67.674125671
0.994594812 0.065216102 0.080796264 281.014709473 -0.066019595 0.997791529 0.007310664 -10.783948898 -0.080141060 -0.012605284 0.996703804 68.688064575
0.994748592 0.066182040 0.078071833 281.082641602 -0.067302801 0.997662723 0.011809865 -10.786976814 -0.077107757 -0.017002299 0.996877789 69.698425293
0.994795918 0.068505742 0.075419441 281.158721924 -0.069443293 0.997537017 0.009876571 -10.793111801 -0.074557081 -0.015062546 0.997102976 70.717224121
0.994651914 0.073766820 0.072291352 281.213226318 -0.073810026 0.997270167 -0.002077186 -10.801241875 -0.072247237 -0.003269750 0.997381389 71.717521667
0.994616508 0.077372298 0.068930998 281.276214600 -0.076796032 0.996986389 -0.010975117 -10.810539246 -0.069572441 0.005622405 0.997561038 72.718948364
0.994797766 0.076438904 0.067338884 281.333709717 -0.075954139 0.997063816 -0.009733682 -10.823928833 -0.067885190 0.004568378 0.997682691 73.731796265
0.994875193 0.076612450 0.065984115 281.391052246 -0.076652795 0.997056007 -0.001923737 -10.844577789 -0.065937243 -0.003143989 0.997818828 74.745368958
0.994718671 0.078927189 0.065614440 281.440124512 -0.079233363 0.996853948 0.002073182 -10.856601715 -0.065244377 -0.007261085 0.997842908 75.763442993
0.994509339 0.082765751 0.064038984 281.494323730 -0.083000846 0.996548951 0.001014879 -10.864349365 -0.063733988 -0.006324596 0.997946858 76.768394470
0.994477570 0.082645901 0.064684160 281.547454834 -0.082646824 0.996575356 -0.002666024 -10.873624802 -0.064682975 -0.002694639 0.997902215 77.778137207
0.994201124 0.084719338 0.066232331 281.603027344 -0.084580183 0.996404588 -0.004907228 -10.885131836 -0.066409938 -0.000723171 0.997792184 78.786674500
0.994162142 0.084431536 0.067178398 281.665008545 -0.084237002 0.996429265 -0.005728364 -10.905461311 -0.067422174 0.000036016 0.997724533 79.784004211
0.994333327 0.081061237 0.068776965 281.732421875 -0.081086472 0.996704102 -0.002429344 -10.918736458 -0.068747215 -0.003161303 0.997629106 80.789527893
0.994292915 0.080183320 0.070372209 281.798553467 -0.080483563 0.996754885 0.001436894 -10.938561440 -0.070028625 -0.007092499 0.997519791 81.788169861
0.994426548 0.077058882 0.071956940 281.877288818 -0.077365972 0.997001648 0.001486176 -10.954603195 -0.071626671 -0.007044912 0.997406662 82.774024963
0.994683862 0.074182063 0.071421325 281.952819824 -0.073879056 0.997243464 -0.006878480 -10.970824242 -0.071734712 0.001565373 0.997422516 83.760406494
0.994757652 0.072315909 0.072302505 282.019866943 -0.071606435 0.997356355 -0.012360366 -10.985189438 -0.073005214 0.007118245 0.997306168 84.754470825
0.994638622 0.071601003 0.074614577 282.085205078 -0.071412601 0.997433364 -0.005193295 -10.999112129 -0.074794918 -0.000162970 0.997198939 85.768501282
0.994690895 0.068219379 0.077046715 282.159942627 -0.069025390 0.997584045 0.007844103 -11.012551308 -0.076325454 -0.013120636 0.996996641 86.785903931
0.994760752 0.065882154 0.078170232 282.231903076 -0.067065470 0.997668922 0.012607359 -11.024895668 -0.077157408 -0.017783830 0.996860325 87.777244568
0.994572341 0.068467401 0.078346133 282.313598633 -0.068816766 0.997627735 0.001764806 -11.033266068 -0.078039445 -0.007146755 0.996924639 88.772750854
0.994358778 0.070848621 0.078937598 282.386047363 -0.069965355 0.997452557 -0.013902978 -11.040159225 -0.079721518 0.008301651 0.996782601 89.760353088
0.994201183 0.070378184 0.081307568 282.454254150 -0.068901710 0.997406006 -0.020827794 -11.056916237 -0.082562484 0.015104786 0.996471405 90.756858826
0.993978500 0.069998100 0.084302880 282.538543701 -0.069065712 0.997514844 -0.013929669 -11.085632324 -0.085068427 0.008023352 0.996342778 91.749114990
0.993745923 0.068570666 0.088130943 282.624938965 -0.068625346 0.997639596 -0.002412920 -11.107889175 -0.088088371 -0.003650187 0.996105969 92.758705139
0.993525922 0.066736899 0.091937006 282.710754395 -0.067499265 0.997705758 0.005204469 -11.121837616 -0.091378748 -0.011376454 0.995751202 93.779602051
0.993346572 0.064217724 0.095596522 282.807373047 -0.065159462 0.997851968 0.006759037 -11.132896423 -0.094957128 -0.012943083 0.995397210 94.772666931
0.993098497 0.062899165 0.098990008 282.903076172 -0.063326597 0.997992158 0.001178711 -11.138789177 -0.098717116 -0.007439276 0.995087743 95.766937256
0.992661297 0.063769445 0.102747358 282.999725342 -0.063470207 0.997964561 -0.006182469 -11.152291298 -0.102932476 -0.000384299 0.994688272 96.759635925
0.991877198 0.067160398 0.108023718 283.091735840 -0.066694126 0.997741997 -0.007927552 -11.169293404 -0.108312212 0.000658611 0.994116724 97.766471863
0.991453409 0.063361250 0.114041597 283.205322266 -0.062977225 0.997990608 -0.006970708 -11.187838554 -0.114254117 -0.000270891 0.993451536 98.760513306
0.990709960 0.062535621 0.120760307 283.315368652 -0.062541999 0.998035312 -0.003741067 -11.201142311 -0.120756999 -0.003846279 0.992674649 99.762474060
0.989863575 0.063292772 0.127138138 283.438903809 -0.063321829 0.997985840 -0.003817279 -11.214103699 -0.127123669 -0.004272033 0.991877675 100.770759583
0.989615738 0.054501869 0.133004546 283.578521729 -0.055026487 0.998484850 0.000269076 -11.228523254 -0.132788360 -0.007585055 0.991115391 101.761955261
0.989055395 0.051666629 0.138202846 283.714965820 -0.052529443 0.998615980 0.002600567 -11.243010521 -0.137877211 -0.009831823 0.990400553 102.755851746
0.988543510 0.046164986 0.143703058 283.864471436 -0.046832550 0.998901963 0.001264541 -11.256255150 -0.143486887 -0.007980035 0.989620030 103.736503601
0.988038182 0.042234905 0.148313195 284.012481689 -0.042647488 0.999090075 -0.000398687 -11.265790939 -0.148195073 -0.005931267 0.988940358 104.706336975
0.987282097 0.049266770 0.151151791 284.154357910 -0.049810003 0.998758674 -0.000192470 -11.276998520 -0.150973648 -0.007338849 0.988510549 105.684783936
0.986323595 0.054154150 0.155669808 284.288360596 -0.054282863 0.998519719 -0.003427252 -11.286944389 -0.155624971 -0.005069823 0.987803221 106.660408020
0.985884905 0.054712933 0.158232436 284.439178467 -0.054378983 0.998499572 -0.006442578 -11.310346603 -0.158347517 -0.002252878 0.987380862 107.618698120
0.985477984 0.057230100 0.159868196 284.582641602 -0.056783535 0.998359382 -0.007364077 -11.324278831 -0.160027355 -0.001820745 0.987110913 108.573593140
0.985345602 0.056772660 0.160844326 284.723205566 -0.056755770 0.998377025 -0.004703124 -11.344008446 -0.160850286 -0.004494640 0.986968577 109.526473999
0.985679686 0.052739110 0.160168976 284.871093750 -0.052987166 0.998591483 -0.002724937 -11.365325928 -0.160087079 -0.005800984 0.987085879 110.479957581
0.986353517 0.046801388 0.157849163 285.037628174 -0.046814278 0.998896956 -0.003638519 -11.379575729 -0.157845348 -0.003800729 0.987456560 111.450698853
0.987103283 0.041004159 0.154744342 285.195800781 -0.041187499 0.999149382 -0.002022479 -11.393574715 -0.154695645 -0.004377136 0.987952471 112.400665283
0.987747848 0.037696976 0.151436701 285.337249756 -0.038271260 0.999266982 0.000878342 -11.407528877 -0.151292577 -0.006663254 0.988466561 113.357780457
0.988225698 0.038996007 0.147950262 285.473449707 -0.039748628 0.999207437 0.002132567 -11.419743538 -0.147749841 -0.007988278 0.988992512 114.299308777
0.988891542 0.038493309 0.143568203 285.606262207 -0.038772739 0.999247670 -0.000851984 -11.433519363 -0.143492982 -0.004724013 0.989640057 115.233528137
0.989364922 0.037637576 0.140500799 285.729827881 -0.037038948 0.999290168 -0.006874164 -11.451053619 -0.140659794 0.001597056 0.990056694 116.150726318
0.989857793 0.035018075 0.137678370 285.864624023 -0.033687312 0.999360561 -0.011984712 -11.463800430 -0.138010025 0.007225146 0.990404487 117.084930420
0.990281403 0.031825855 0.135387778 285.995697021 -0.030887781 0.999482095 -0.009024285 -11.478247643 -0.135604858 0.004754753 0.990751565 118.006240845
0.990658224 0.025311667 0.133998677 286.117370605 -0.025376251 0.999677241 -0.001226176 -11.501788139 -0.133986458 -0.002185663 0.990980744 118.939987183
0.990989804 0.014790818 0.133117929 286.262420654 -0.015926825 0.999845207 0.007473023 -11.509926796 -0.132986784 -0.009525836 0.991072059 119.867134094
0.991155386 0.005330935 0.132599205 286.393493652 -0.007005737 0.999901414 0.012167230 -11.515812874 -0.132521272 -0.012988571 0.991095066 120.770309448
0.991195023 0.001062692 0.132405728 286.522766113 -0.002653469 0.999926388 0.011838553 -11.524566650 -0.132383406 -0.012085649 0.991124928 121.666618347
0.991128027 0.001817974 0.132898360 286.642059326 -0.002609310 0.999979913 0.005780529 -11.531558990 -0.132885173 -0.006076017 0.991112828 122.533760071
0.990844011 0.003789094 0.134958655 286.750152588 -0.003607567 0.999992251 -0.001589588 -11.531942368 -0.134963632 0.001088161 0.990849972 123.400810242
0.990525186 0.003682606 0.137281865 286.868804932 -0.003326626 0.999990463 -0.002822395 -11.540879250 -0.137290940 0.002338968 0.990527987 124.256378174
0.990030646 0.004294260 0.140786603 286.993316650 -0.004684808 0.999986053 0.002442729 -11.552030563 -0.140774146 -0.003077935 0.990036964 125.098876953
0.989381015 0.004428250 0.145277619 287.108703613 -0.005564026 0.999957025 0.007412580 -11.564418793 -0.145238549 -0.008142195 0.989363134 125.938949585
0.988552213 0.003634644 0.150835454 287.234130859 -0.004945175 0.999953210 0.008314288 -11.571813583 -0.150798172 -0.008965015 0.988523901 126.751022339
0.987594128 0.002526480 0.157007933 287.371032715 -0.003740210 0.999965370 0.007435402 -11.582343102 -0.156983718 -0.007930402 0.987569332 127.558288574
0.986387908 0.001386005 0.164429381 287.507904053 -0.002250372 0.999984622 0.005070605 -11.584637642 -0.164419815 -0.005371611 0.986375809 128.352127075
0.984984815 -0.001039327 0.172637865 287.652526855 0.000718410 0.999997914 0.001921376 -11.596297264 -0.172639489 -0.001768502 0.984983504 129.124008179
0.983296692 0.000053548 0.182009935 287.793273926 -0.000093066 1.000000000 0.000208577 -11.606049538 -0.182009920 -0.000222032 0.983296692 129.873916626
0.981406271 0.003282509 0.191913933 287.932739258 -0.003577475 0.999992907 0.001190490 -11.614879608 -0.191908658 -0.001854922 0.981411040 130.611663818
0.979376495 0.005943927 0.201956198 288.075531006 -0.006973498 0.999966085 0.004386867 -11.626398087 -0.201923266 -0.005704735 0.979384720 131.336593628
0.977519512 0.008027842 0.210691959 288.226837158 -0.008756940 0.999958456 0.002527726 -11.642659187 -0.210662916 -0.004315919 0.977549255 132.024536133
0.975488067 0.012173511 0.219715238 288.373352051 -0.011364215 0.999923170 -0.004946948 -11.658192635 -0.219758585 0.002328797 0.975551486 132.686920166
0.973311067 0.018162040 0.228770018 288.522766113 -0.015625171 0.999794781 -0.012895746 -11.670831680 -0.228957281 0.008977002 0.973395109 133.333557129
0.971344352 0.022126358 0.236644477 288.670898438 -0.019028891 0.999700844 -0.015365389 -11.678530693 -0.236913666 0.010422003 0.971474826 133.960464478
0.969758153 0.024027601 0.242882222 288.821197510 -0.022233577 0.999701500 -0.010125220 -11.694210052 -0.243053019 0.004418875 0.970002949 134.563949585
0.968207836 0.021575062 0.249214962 288.967071533 -0.022525264 0.999745786 0.000961257 -11.709010124 -0.249130875 -0.006544329 0.968447745 135.151687622
0.967304111 0.016382817 0.253089547 289.120727539 -0.018858345 0.999795079 0.007358253 -11.724187851 -0.252917141 -0.011890518 0.967414856 135.715820312
0.966845155 0.009079310 0.255201995 289.274627686 -0.011319770 0.999909222 0.007311773 -11.737411499 -0.255112439 -0.009958180 0.966860116 136.259140015
0.966779292 0.005862213 0.255545437 289.429351807 -0.007482142 0.999957621 0.005367406 -11.749351501 -0.255503148 -0.007101124 0.966782153 136.800598145
0.967096686 0.009148325 0.254244626 289.561523438 -0.009590941 0.999953866 0.000501347 -11.755104065 -0.254228324 -0.002923297 0.967139840 137.330032349
0.967999339 0.014419394 0.250538200 289.685211182 -0.013006996 0.999888837 -0.007292408 -11.763698578 -0.250615507 0.003800296 0.968079269 137.853805542
0.969666481 0.009478814 0.244248047 289.816772461 -0.007209729 0.999922156 -0.010182451 -11.773622513 -0.244325548 0.008112620 0.969659328 138.379425049
0.972022176 -0.000607687 0.234888405 289.965423584 0.002692892 0.999959767 -0.008556779 -11.776883125 -0.234873757 0.008949907 0.971984684 138.910690308
0.975028038 -0.005776674 0.222006708 290.083892822 0.006755535 0.999970496 -0.003650033 -11.784411430 -0.221979082 0.005058659 0.975038290 139.444931030
0.978553176 -0.004204361 0.205951348 290.176849365 0.004055475 0.999991119 0.001145055 -11.786818504 -0.205954328 -0.000285267 0.978561580 139.981781006
0.982664227 -0.000316183 0.185393780 290.245849609 -0.000757780 0.999983370 0.005721983 -11.799225807 -0.185392514 -0.005763276 0.982647657 140.523132324
0.987334669 -0.001693523 0.158642277 290.323211670 0.000579702 0.999974847 0.007066968 -11.812509537 -0.158650264 -0.006885497 0.987310827 141.053894043
0.991795778 -0.004293879 0.127760366 290.390808105 0.003771874 0.999983549 0.004327474 -11.822487831 -0.127776846 -0.003810074 0.991795599 141.565093994
0.995659411 -0.004350462 0.092969753 290.425964355 0.004396975 0.999990284 -0.000295477 -11.829194069 -0.092967562 0.000702980 0.995668888 142.087692261
0.998541057 -0.002939793 0.053917337 290.433593750 0.003233490 0.999980390 -0.005360739 -11.830521584 -0.053900521 0.005527259 0.998530984 142.614044189
0.999937773 -0.001455061 0.011061765 290.399322510 0.001544750 0.999965966 -0.008103797 -11.835781097 -0.011049598 0.008120380 0.999906003 143.143234253
0.999389350 -0.002513149 -0.034851737 290.350524902 0.002243078 0.999967158 -0.007786066 -11.845507622 0.034870163 0.007703136 0.999362171 143.685852051
0.996485174 -0.002753319 -0.083724201 290.291351318 0.002380529 0.999986827 -0.004552095 -11.850250244 0.083735630 0.004336787 0.996478558 144.184356689
0.990796566 -0.001576963 -0.135350063 290.190704346 0.001564020 0.999998748 -0.000201967 -11.854347229 0.135350212 -0.000011582 0.990797818 144.717666626
0.981853426 -0.000225952 -0.189641163 290.061340332 0.000811489 0.999995112 0.003009963 -11.862360954 0.189639568 -0.003109234 0.981848836 145.248687744
0.969547331 0.001636160 -0.244898662 289.901000977 -0.000608792 0.999990702 0.004270717 -11.861356735 0.244903371 -0.003991569 0.969539285 145.770095825
0.953913569 0.005225739 -0.300036013 289.695648193 -0.003219974 0.999969065 0.007179139 -11.863860130 0.300064236 -0.005882171 0.953900874 146.274429321
0.933831692 0.008963893 -0.357600302 289.496032715 -0.005746671 0.999932885 0.010058349 -11.858537674 0.357666463 -0.007337794 0.933820546 146.752563477
0.910523117 0.009894621 -0.413339764 289.235412598 -0.004625682 0.999894798 0.013746054 -11.856865883 0.413432300 -0.010604122 0.910473108 147.247161865
0.883675456 0.011611877 -0.467956066 288.941467285 -0.003799820 0.999837279 0.017634518 -11.848316193 0.468084663 -0.013805043 0.883575797 147.738571167
0.852831542 0.016204469 -0.521934688 288.622161865 -0.004466537 0.999708176 0.023739634 -11.844676971 0.522167087 -0.017914670 0.852655053 148.209442139
0.819127858 0.022669075 -0.573162854 288.259460449 -0.007901255 0.999569893 0.028241862 -11.836688042 0.573556542 -0.018604990 0.818954647 148.662521362
0.781873107 0.028915729 -0.622766674 287.861175537 -0.012042128 0.999437928 0.031286292 -11.822608948 0.623321295 -0.016962474 0.781781852 149.097167969
0.742319226 0.034440931 -0.669160724 287.426635742 -0.014768519 0.999276459 0.035048470 -11.802198410 0.669883668 -0.016134642 0.742290735 149.512832642
0.701792121 0.035965517 -0.711473346 286.992736816 -0.010130673 0.999127626 0.040513840 -11.780258179 0.712309778 -0.021224592 0.701544285 149.903991699
0.660328388 0.039937455 -0.749914348 286.505004883 -0.011790131 0.999013186 0.042821806 -11.759937286 0.750884473 -0.019434867 0.660147607 150.284271240
0.618539155 0.040026434 -0.784733832 285.994018555 -0.011150370 0.999048293 0.042168949 -11.743511200 0.785674810 -0.017333074 0.618396759 150.644531250
0.578667164 0.038023327 -0.814677000 285.450286865 -0.012176790 0.999204040 0.037986536 -11.722539902 0.815472901 -0.012061411 0.578669548 150.982955933
0.540437698 0.031664755 -0.840788007 284.924011230 -0.012372232 0.999482632 0.029688761 -11.694889069 0.841293037 -0.005642501 0.540549874 151.308822632
0.506712675 0.028826591 -0.861632943 284.343139648 -0.017821424 0.999577522 0.022961134 -11.673666000 0.861930788 0.003720827 0.507012367 151.616271973
0.480368972 0.032176219 -0.876476169 283.726196289 -0.023526095 0.999439955 0.023796419 -11.651101112 0.876751006 0.009188998 0.480856895 151.916046143
0.461049080 0.039876834 -0.886478305 283.090026855 -0.029087571 0.999132097 0.029816212 -11.635789871 0.886897922 0.012038757 0.461808860 152.218429565
0.447640896 0.046488192 -0.893004298 282.454345703 -0.031258266 0.998850882 0.036329385 -11.622991562 0.893666983 0.011651242 0.448579609 152.523529053
0.438899934 0.051983844 -0.897031009 281.796936035 -0.034501825 0.998563826 0.040986698 -11.602570534 0.897873402 0.012960144 0.440063119 152.827850342
0.434645116 0.055226661 -0.898907006 281.126770020 -0.038254716 0.998349309 0.042838998 -11.576647758 0.899789035 0.015767658 0.436040342 153.136474609
0.433330834 0.055471655 -0.899526119 280.457733154 -0.041667629 0.998269796 0.041488297 -11.554368973 0.900271177 0.019502962 0.434892416 153.456100464
0.433992386 0.055481337 -0.899206579 279.773620605 -0.044188444 0.998211563 0.040262900 -11.527605057 0.899832249 0.022260750 0.435667813 153.778305054
0.435057938 0.054825217 -0.898731828 279.090423584 -0.044300057 0.998239040 0.039450679 -11.500293732 0.899312079 0.022650531 0.436720550 154.106628418
0.437017381 0.054943327 -0.897773445 278.395751953 -0.046494819 0.998178065 0.038455337 -11.474146843 0.898250580 0.024936156 0.438775778 154.441375732
0.439504743 0.055501513 -0.896524012 277.680908203 -0.050450709 0.998038948 0.037053496 -11.453262329 0.896822393 0.028945081 0.441442907 154.779235840
0.442468345 0.054808702 -0.895107806 276.958557129 -0.054136865 0.997942686 0.034344576 -11.427518845 0.895148695 0.033261932 0.444525242 155.127288818
0.445302725 0.053162843 -0.893800497 276.218383789 -0.059501801 0.997786164 0.029703313 -11.405488968 0.893400908 0.039955765 0.447480202 155.481170654
0.448699176 0.052327689 -0.892149627 275.481323242 -0.061618164 0.997720063 0.027529424 -11.384839058 0.891556144 0.042620182 0.450900555 155.844070435
0.452011168 0.052764643 -0.890450358 274.716247559 -0.061661214 0.997709334 0.027819879 -11.366935730 0.889878571 0.042331353 0.454229295 156.241455078
0.455653846 0.055059765 -0.888452649 273.949096680 -0.062631868 0.997594655 0.029702056 -11.343900681 0.887950957 0.042111587 0.458006322 156.632186890
0.459380984 0.057272118 -0.886391103 273.168243408 -0.063075960 0.997503221 0.031761628 -11.328073502 0.885996997 0.041319270 0.461846471 157.025634766
0.461715996 0.057262212 -0.885177672 272.369079590 -0.063095137 0.997506559 0.031617831 -11.303124428 0.884781003 0.041251939 0.464177728 157.445373535
0.462924004 0.055034976 -0.884687841 271.574340820 -0.060437139 0.997707725 0.030441267 -11.275894165 0.884335220 0.039376006 0.465188980 157.865966797
0.463779569 0.052424014 -0.884398341 270.765289307 -0.058486391 0.997881830 0.028480580 -11.253469467 0.884018123 0.038516544 0.465863287 158.292541504
0.464487195 0.050798174 -0.884121776 269.938903809 -0.057290550 0.997985780 0.027241867 -11.227148056 0.883724868 0.037998315 0.466461897 158.721923828
0.465159714 0.054710362 -0.883534491 269.097106934 -0.058591519 0.997802496 0.030939054 -11.208927155 0.883285642 0.037376028 0.467343032 159.163116455
0.466266036 0.059675351 -0.882629514 268.251007080 -0.058625128 0.997613311 0.036479656 -11.182514191 0.882699907 0.034735043 0.468651652 159.609405518
0.468662679 0.063497238 -0.881092191 267.404479980 -0.059229847 0.997427464 0.040376112 -11.159900665 0.881389380 0.033264175 0.471217990 160.047760010
0.471480608 0.059366371 -0.879875958 266.558959961 -0.058092721 0.997655213 0.036184169 -11.135129929 0.879960954 0.034054250 0.473823845 160.506134033
0.474693120 0.052896958 -0.878560424 265.715393066 -0.058523275 0.997880280 0.028460462 -11.115861893 0.878203571 0.037906248 0.476782560 160.959106445
0.478381097 0.048386872 -0.876818299 264.868316650 -0.059083570 0.997991741 0.022838525 -11.092126846 0.876162469 0.040880032 0.480279267 161.417877197
0.482348323 0.049652711 -0.874571145 264.018615723 -0.060423292 0.997900188 0.023329576 -11.072530746 0.873893082 0.041591488 0.484335661 161.885009766
0.488402426 0.053839851 -0.870956004 263.161224365 -0.059747551 0.997815728 0.028177548 -11.052935600 0.870570719 0.038275506 0.490552425 162.359710693
0.495899260 0.058702454 -0.866393685 262.310638428 -0.060406018 0.997627616 0.033019502 -11.037704468 0.866276622 0.035961043 0.498268783 162.839996338
0.504694641 0.060613070 -0.861167431 261.468627930 -0.061975084 0.997502208 0.033887926 -11.021099091 0.861070514 0.036267873 0.507190526 163.326293945
0.513726711 0.057832468 -0.856002510 260.652404785 -0.060914293 0.997666240 0.030845940 -11.006541252 0.855788708 0.036296405 0.516050577 163.817016602
0.522757649 0.054083578 -0.850764036 259.828857422 -0.058282927 0.997917771 0.027625894 -10.985500336 0.850486636 0.035143372 0.524821341 164.324310303
0.531673431 0.052507211 -0.845320284 259.017028809 -0.055271875 0.998099864 0.027233293 -10.970347404 0.845144033 0.032243222 0.533565342 164.841735840
0.540529370 0.052965682 -0.839656293 258.192077637 -0.054107226 0.998138785 0.028131217 -10.956449509 0.839583516 0.030225720 0.542389154 165.371383667
0.548958898 0.052822124 -0.834178567 257.403533936 -0.050057329 0.998287439 0.030271992 -10.942896843 0.834349036 0.025138672 0.550662935 165.904174805
0.557114005 0.051116213 -0.828861356 256.611755371 -0.044213466 0.998513937 0.031860948 -10.923653603 0.829258204 0.018896649 0.558546185 166.440216064
0.563497543 0.052227367 -0.824465215 255.818176270 -0.041786958 0.998524010 0.034693316 -10.907500267 0.825060308 0.014902291 0.564848244 166.984161377
0.567986369 0.049259119 -0.821562588 255.028961182 -0.037165035 0.998724163 0.034187343 -10.886182785 0.822198451 0.011115456 0.569092393 167.542434692
0.570919752 0.042112324 -0.819925189 254.244323730 -0.027778681 0.999102652 0.031972598 -10.863254547 0.820535898 0.004522644 0.571577311 168.101638794
0.571488619 0.037596628 -0.819748402 253.459274292 -0.021340581 0.999292970 0.030953584 -10.841161728 0.820332587 -0.000195721 0.571886897 168.655944824
0.570107579 0.036783569 -0.820746243 252.669189453 -0.017113479 0.999312162 0.032899018 -10.823169708 0.821391881 -0.004710157 0.570344925 169.215423584
0.566410899 0.039100129 -0.823194921 251.865707397 -0.015173727 0.999199331 0.037019495 -10.799331665 0.823983312 -0.008477311 0.566550672 169.766860962
0.561686993 0.037133925 -0.826516151 251.053710938 -0.010968343 0.999238670 0.037440144 -10.768506050 0.827277184 -0.011964133 0.561666667 170.320419312
0.556273699 0.034512032 -0.830282211 250.229888916 -0.004133878 0.999239802 0.038765412 -10.741725922 0.830988884 -0.018131893 0.555993438 170.884323120
0.549880624 0.036210202 -0.834458053 249.399887085 -0.007777908 0.999238491 0.038235247 -10.714470863 0.835207105 -0.014534488 0.549743533 171.419067383
0.543426216 0.036651429 -0.838656485 248.563003540 -0.008835570 0.999240816 0.037944172 -10.687952042 0.839410484 -0.013209850 0.543337464 171.943267822
0.535570621 0.030401882 -0.843943059 247.742095947 -0.004345173 0.999437749 0.033245895 -10.670469284 0.844479263 -0.014138447 0.535401583 172.478302002
0.528674841 0.024495656 -0.848470986 246.906280518 -0.000873288 0.999598682 0.028314631 -10.646220207 0.848824084 -0.014228276 0.528484106 172.999542236
0.522932053 0.021029200 -0.852114916 246.052261353 0.003725982 0.999629676 0.026956279 -10.625704765 0.852366209 -0.017271267 0.522660017 173.519973755
0.515835345 0.025961913 -0.856294215 245.186691284 0.005784951 0.999412358 0.033785976 -10.618134499 0.856668174 -0.022381622 0.515382051 174.042770386
0.508703113 0.028329002 -0.860475779 244.334808350 0.012906489 0.999095261 0.040522866 -10.595225334 0.860845268 -0.031719830 0.507877231 174.551666260
0.502045631 0.027088162 -0.864416897 243.477752686 0.019759782 0.998889148 0.042778417 -10.567212105 0.864615440 -0.038557407 0.500952661 175.060119629
0.495527446 0.026305832 -0.868193865 242.601669312 0.021901499 0.998845100 0.042764924 -10.532037735 0.868316174 -0.040205941 0.494378984 175.562286377
0.488825083 0.024668414 -0.872033000 241.725570679 0.023806497 0.998850644 0.041600809 -10.501472473 0.872056961 -0.041095570 0.487675965 176.049041748
0.482123673 0.019870080 -0.875877857 240.858230591 0.029304080 0.998817623 0.038789399 -10.477991104 0.875612974 -0.044368081 0.480971336 176.530761719
0.475615919 0.015687389 -0.879513085 239.996017456 0.032522436 0.998843789 0.035403036 -10.451505661 0.879051566 -0.045442160 0.474555790 176.997390747
0.469914138 0.014568564 -0.882591963 239.122253418 0.034144297 0.998815477 0.034666300 -10.421902657 0.882051587 -0.046425667 0.468860090 177.470275879
0.465694904 0.015176713 -0.884815216 238.225921631 0.037008878 0.998644173 0.036607627 -10.399822235 0.884171128 -0.049794003 0.464501858 177.939819336
0.461190164 0.019694608 -0.887082815 237.348449707 0.037485402 0.998428583 0.041655146 -10.376504898 0.886509240 -0.052463599 0.459727168 178.397247314
0.457155943 0.023552818 -0.889074743 236.455642700 0.033176333 0.998501956 0.043510742 -10.345088959 0.888767660 -0.049387433 0.455689728 178.841583252
0.455509424 0.025297852 -0.889871478 235.561126709 0.034015846 0.998371542 0.045794472 -10.315816879 0.889580905 -0.051129539 0.453907132 179.298431396
0.454044163 0.026610356 -0.890581787 234.684173584 0.031391066 0.998455584 0.045837671 -10.282012939 0.890426099 -0.048768636 0.452507615 179.738403320
0.454318881 0.026695851 -0.890439093 233.802551270 0.026870303 0.998685420 0.043650877 -10.257912636 0.890433848 -0.043757785 0.453004301 180.170989990
0.453807771 0.020745344 -0.890858114 232.929077148 0.027228441 0.998939335 0.037132535 -10.231534958 0.890683532 -0.041107710 0.452761531 180.620819092
0.453875422 0.017525084 -0.890892863 232.055191040 0.026844639 0.999083817 0.033329658 -10.203153610 0.890660763 -0.039043210 0.452989161 181.059799194
0.454521596 0.015661361 -0.890598059 231.193954468 0.030155422 0.999001741 0.032957651 -10.180289268 0.890225172 -0.041836325 0.453595579 181.504348755
0.456351876 0.015542637 -0.889663696 230.324478149 0.027032437 0.999143720 0.031321533 -10.172876358 0.889388740 -0.038343415 0.455540955 181.946884155
0.459208608 0.014317966 -0.888213098 229.458587646 0.021016872 0.999415100 0.026976321 -10.154715538 0.888079822 -0.031055218 0.458639085 182.378997803
0.462349892 0.013178962 -0.886599660 228.608062744 0.017269911 0.999566019 0.023864195 -10.139749527 0.886529446 -0.026345106 0.461921632 182.814025879
0.464902163 0.017314808 -0.885192692 227.755447388 0.015277359 0.999503016 0.027574426 -10.122370720 0.885230243 -0.026342819 0.464406610 183.262619019
0.467123449 0.022857714 -0.883896649 226.908325195 0.012689025 0.999389529 0.032550301 -10.111127853 0.884101093 -0.026420796 0.466548264 183.702438354
0.469035029 0.025017599 -0.882825196 226.066268921 0.013933664 0.999264717 0.035720076 -10.088401794 0.883069694 -0.029054957 0.468341589 184.143737793
0.469175160 0.026294883 -0.882713616 225.224822998 0.016273078 0.999129474 0.038412143 -10.067638397 0.882955253 -0.032386493 0.468338847 184.602752686
0.468638480 0.026778707 -0.882984221 224.393814087 0.018902270 0.999007642 0.040329680 -10.045383453 0.883187890 -0.035590444 0.467667222 185.043106079
0.467491150 0.026629897 -0.883596599 223.564025879 0.018681599 0.999025345 0.039992720 -10.021492004 0.883800387 -0.035203241 0.466538012 185.477569580
0.466682851 0.023856159 -0.884103000 222.744171143 0.018251713 0.999163508 0.036595248 -10.001736641 0.884236395 -0.033214770 0.465857029 185.904663086
0.466016591 0.021748444 -0.884508669 221.920944214 0.015341767 0.999348938 0.032655194 -9.984331131 0.884642959 -0.028787786 0.465379477 186.339447021
0.465148807 0.022659633 -0.884942532 221.108947754 0.012084059 0.999416649 0.031942531 -9.963735580 0.885150075 -0.025551729 0.464603603 186.755371094
0.464112639 0.026362861 -0.885383844 220.302368164 0.011209487 0.999302149 0.035630792 -9.945430756 0.885705292 -0.026461400 0.463493228 187.160202026
0.462571681 0.028759155 -0.886115313 219.506240845 0.015812032 0.999047160 0.040678620 -9.928215027 0.886440873 -0.032828063 0.461676180 187.583984375
0.461407363 0.029818203 -0.886687219 218.713058472 0.019866228 0.998837173 0.043927502 -9.901815414 0.886965990 -0.037883602 0.460278451 188.014297485
0.459947884 0.032156564 -0.887363553 217.941329956 0.016896863 0.998846114 0.044954676 -9.880325317 0.887785196 -0.035670467 0.458873808 188.406799316
0.458523333 0.027197698 -0.888266027 217.173904419 0.015699206 0.999127686 0.038696088 -9.864664078 0.888543665 -0.031688128 0.457696378 188.793182373
0.456627131 0.016471462 -0.889505804 216.436050415 0.019119410 0.999415994 0.028321667 -9.848260880 0.889452815 -0.029939266 0.456045508 189.178207397
0.455447495 0.012150825 -0.890179753 215.690490723 0.023020081 0.999411762 0.025419720 -9.827353477 0.889964998 -0.032069359 0.454899907 189.558959961
0.454206705 0.018934593 -0.890695095 214.955749512 0.021260284 0.999259055 0.032084074 -9.817239761 0.890642583 -0.033509232 0.453467607 189.926269531
0.452107549 0.028900322 -0.891495168 214.221862793 0.019994292 0.998895466 0.042521793 -9.802089691 0.891739368 -0.037049241 0.451030314 190.291473389
0.449716032 0.031008469 -0.892633140 213.515151978 0.020547995 0.998773456 0.045047846 -9.789707184 0.892935157 -0.038600560 0.448527277 190.647750854
0.447741389 0.026849497 -0.893759966 212.837280273 0.020542342 0.998976409 0.040301282 -9.774654388 0.893927157 -0.036404476 0.446731508 190.983078003
0.446370780 0.023135489 -0.894549012 212.167297363 0.017951967 0.999233007 0.034800753 -9.752962112 0.894668043 -0.031592954 0.445613086 191.317291260
0.445783019 0.023585375 -0.894830287 211.508590698 0.013610385 0.999358654 0.033120841 -9.736186981 0.895037591 -0.026943695 0.445176125 191.626998901
0.444584072 0.025988724 -0.895360053 210.867065430 0.013469152 0.999272048 0.035692874 -9.725336075 0.895635843 -0.027928224 0.443910360 191.938079834
0.443387747 0.028418731 -0.895879269 210.236648560 0.011801687 0.999225497 0.037537921 -9.713769913 0.896252215 -0.027216742 0.442708969 192.245010376
0.442102313 0.032830130 -0.896363556 209.622451782 0.007564113 0.999157965 0.040325820 -9.693922997 0.896932721 -0.024608335 0.441481709 192.540969849
0.440986812 0.037774757 -0.896718323 209.017501831 0.005509051 0.998981178 0.044791870 -9.674448013 0.897496700 -0.024692694 0.440329432 192.830169678
0.440250278 0.039157744 -0.897020817 208.439910889 0.008020526 0.998837173 0.047538754 -9.661073685 0.897839248 -0.028123526 0.439424276 193.109375000
0.439584374 0.036135446 -0.897474110 207.892913818 0.011480788 0.998882711 0.045841821 -9.653994560 0.898127913 -0.030455058 0.438678384 193.378173828
0.439999461 0.031794075 -0.897435069 207.361450195 0.011211676 0.999100626 0.040892780 -9.638860703 0.897928119 -0.028054556 0.439247310 193.641815186
0.441207945 0.029144593 -0.896931529 206.849090576 0.009277665 0.999270976 0.037033733 -9.618979454 0.897356927 -0.024661005 0.440615892 193.888153076
0.442588747 0.029840425 -0.896228075 206.358001709 0.007841839 0.999279141 0.037144147 -9.598888397 0.896690428 -0.023467660 0.442035735 194.121459961
0.445348680 0.030536968 -0.894836426 205.881088257 0.009757303 0.999193370 0.038954318 -9.584245682 0.895304143 -0.026079446 0.444691479 194.371520996
0.449913383 0.033001341 -0.892462313 205.426971436 0.009732042 0.999076486 0.041849885 -9.585481644 0.893019199 -0.027514305 0.449176729 194.593353271
0.454567075 0.033338815 -0.890088439 205.006668091 0.008708753 0.999085128 0.041868910 -9.576457024 0.890670002 -0.026783789 0.453860879 194.810852051
0.459571302 0.030633196 -0.887612462 204.604141235 0.010779514 0.999139011 0.040063404 -9.559938431 0.888075471 -0.027980020 0.458845377 195.022903442
0.465815663 0.028960217 -0.884407759 204.233291626 0.011574355 0.999179363 0.038814634 -9.548435211 0.884806097 -0.028316911 0.465098202 195.225860596
0.473172665 0.030363692 -0.880446315 203.878402710 0.011731074 0.999100089 0.040760230 -9.540361404 0.880891621 -0.029615209 0.472390652 195.425155640
0.479973495 0.035823613 -0.876551270 203.551330566 0.009889499 0.998881459 0.046238303 -9.530538559 0.877227306 -0.030861814 0.479082346 195.609725952
0.488240242 0.040671490 -0.871761024 203.246124268 0.008405090 0.998647988 0.051298697 -9.520571709 0.872668803 -0.032373320 0.487238288 195.782379150
0.496978343 0.043130510 -0.866690457 202.971557617 0.006919090 0.998535335 0.053659271 -9.518365860 0.867735386 -0.032664210 0.495952010 195.946609497
0.505686998 0.043381497 -0.861625671 202.721008301 0.005052491 0.998568892 0.053241678 -9.508724213 0.862702250 -0.031276982 0.504744172 196.103912354
0.515338302 0.043070637 -0.855903804 202.498001099 0.003629667 0.998617589 0.052437671 -9.501807213 0.856979132 -0.030129788 0.514469624 196.242675781
0.523718357 0.041718580 -0.850869358 202.298110962 0.004107226 0.998664916 0.051493116 -9.496472359 0.851881623 -0.030462604 0.522847772 196.386611938
0.532194197 0.038418435 -0.845750213 202.101882935 0.005646965 0.998786569 0.048923552 -9.490751266 0.846603513 -0.030812755 0.531331480 196.521255493
0.540495753 0.035153847 -0.840612054 201.902008057 0.005234651 0.998966873 0.045141917 -9.485538483 0.841330528 -0.028799331 0.539753318 196.652923584
0.548742831 0.034053672 -0.835297346 201.722747803 0.002058517 0.999111950 0.042084444 -9.484571457 0.835988641 -0.024813011 0.548185408 196.778335571
0.557088137 0.032978002 -0.829798341 201.524734497 -0.000533322 0.999225199 0.039353348 -9.476161957 0.830453217 -0.021480734 0.556674123 196.914810181
0.565008223 0.031205969 -0.824494958 201.334350586 -0.001916564 0.999331474 0.036509905 -9.466125488 0.825083077 -0.019048199 0.564690292 197.053253174
0.572412193 0.027664375 -0.819499254 201.149307251 -0.000886542 0.999450982 0.033119883 -9.459268570 0.819965601 -0.018231707 0.572122455 197.201080322
0.579910100 0.025025092 -0.814296067 200.960144043 0.000296069 0.999521554 0.030928327 -9.451858521 0.814680457 -0.018176738 0.579625249 197.347290039
0.587708831 0.024859672 -0.808690488 200.769134521 -0.001359607 0.999556780 0.029738946 -9.451790810 0.809071362 -0.016378341 0.587482214 197.483673096
0.594728708 0.026740713 -0.803481638 200.578948975 -0.006440056 0.999573052 0.028499980 -9.440900803 0.803900659 -0.011775288 0.594646990 197.626251221
0.601398230 0.030649304 -0.798361301 200.387420654 -0.012292896 0.999500573 0.029110968 -9.438347816 0.798854828 -0.007693110 0.601474643 197.765823364
0.607664227 0.033330537 -0.793494344 200.191055298 -0.016004264 0.999430001 0.029724622 -9.433078766 0.794032753 -0.005363296 0.607851267 197.914962769
0.613929272 0.028678801 -0.788839936 199.992645264 -0.014913474 0.999582827 0.024733813 -9.428739548 0.789220214 -0.003420470 0.614100873 198.081344604
0.620102406 0.019071670 -0.784289002 199.802856445 -0.010963302 0.999817491 0.015644513 -9.427736282 0.784444273 -0.001102804 0.620198369 198.251129150
0.625848293 0.011666306 -0.779857576 199.574066162 -0.008457469 0.999930859 0.008171245 -9.422384262 0.779899001 0.001481661 0.625903666 198.444839478
0.630901098 0.010112587 -0.775797427 199.314559937 -0.009387028 0.999941349 0.005400517 -9.424633980 0.775806546 0.003875239 0.630959034 198.661651611
0.634599686 0.013338007 -0.772725880 199.031768799 -0.012604341 0.999896705 0.006907906 -9.424129486 0.772738218 0.005355945 0.634702325 198.892608643
0.636422992 0.015380912 -0.771186888 198.719329834 -0.013707972 0.999868810 0.008629329 -9.419106483 0.771218419 0.005079504 0.636550367 199.143005371
0.636015773 0.017797695 -0.771470726 198.389556885 -0.018538950 0.999797881 0.007781284 -9.409221649 0.771453261 0.009353237 0.636217177 199.399841309
0.633725524 0.018697063 -0.773332119 198.032836914 -0.022843953 0.999724209 0.005450580 -9.399753571 0.773220718 0.014211788 0.633977830 199.674148560
0.630287528 0.020069545 -0.776102304 197.665237427 -0.023544187 0.999700129 0.006730966 -9.385506630 0.776004672 0.014030254 0.630571127 199.964935303
0.626080275 0.019753544 -0.779508412 197.282562256 -0.018732449 0.999771595 0.010289837 -9.385923386 0.779533565 0.008159835 0.626307368 200.276947021
0.621118248 0.021932490 -0.783409894 196.872283936 -0.016523294 0.999752641 0.014888941 -9.384900093 0.783542633 0.003696718 0.621327043 200.596206665
0.614749432 0.026304362 -0.788283765 196.434936523 -0.015834663 0.999653876 0.021008817 -9.375003815 0.788563550 -0.000432951 0.614953160 200.924911499
0.606876612 0.034226149 -0.794058800 195.983764648 -0.018295769 0.999409199 0.029094389 -9.357808113 0.794585466 -0.003128790 0.607144296 201.260498047
0.597949028 0.039810516 -0.800544918 195.515197754 -0.020082081 0.999196351 0.034689452 -9.342200279 0.801282585 -0.004665924 0.598268032 201.592819214
0.588703394 0.042148460 -0.807249606 195.035949707 -0.018078927 0.999076426 0.038979780 -9.330129623 0.808147013 -0.008353322 0.588921666 201.935485840
0.579937816 0.041057318 -0.813625515 194.544097900 -0.011576981 0.999043703 0.042162061 -9.312990189 0.814578474 -0.015032046 0.579858541 202.289779663
0.570579231 0.036113709 -0.820448220 194.036346436 -0.006679329 0.999203682 0.039336875 -9.287508011 0.821215451 -0.016964763 0.570366085 202.639907837
0.560869336 0.029537013 -0.827377260 193.507568359 -0.002799510 0.999425352 0.033781301 -9.263430595 0.827899635 -0.016630646 0.560629725 202.991119385
0.550401390 0.026710158 -0.834472895 192.958618164 -0.001516019 0.999518454 0.030993076 -9.240465164 0.834898889 -0.015793558 0.550176859 203.343322754
0.539961576 0.021772891 -0.841408014 192.396469116 0.003634499 0.999595702 0.028198663 -9.225849152 0.841681778 -0.018284293 0.539664209 203.705108643
0.529404759 0.016577778 -0.848207355 191.818420410 0.009324027 0.999634981 0.025356904 -9.208240509 0.848318100 -0.021332774 0.529057026 204.068008423
0.519610226 0.013105652 -0.854302943 191.224212646 0.017600739 0.999505997 0.026038427 -9.190682411 0.854222178 -0.028566197 0.519122839 204.436370850
0.510290086 0.011208866 -0.859929383 190.614166260 0.023047008 0.999377728 0.026702840 -9.180727005 0.859693527 -0.033444993 0.509714246 204.810119629
0.502148986 0.011435992 -0.864705563 189.986541748 0.025183920 0.999295056 0.027840707 -9.163867950 0.864414394 -0.035756856 0.501507044 205.168762207
0.494760752 0.014801060 -0.868903279 189.342620850 0.025764832 0.999165595 0.031690687 -9.146324158 0.868647277 -0.038066454 0.493966520 205.527557373
0.488872468 0.017674139 -0.872176290 188.692184448 0.032219492 0.998746753 0.038298696 -9.122501373 0.871760130 -0.046824250 0.487690330 205.900909424
0.484642327 0.020580990 -0.874470353 188.025344849 0.037766878 0.998298526 0.044426210 -9.097959518 0.873896778 -0.054556835 0.483040452 206.282592773
0.481979430 0.022124279 -0.875903189 187.349136353 0.039184213 0.998136699 0.046773490 -9.076796532 0.875305951 -0.056865439 0.480214417 206.651580811
0.480040431 0.019708913 -0.877024949 186.663665771 0.039035849 0.998277366 0.043800067 -9.046769142 0.876377463 -0.055261217 0.478444159 207.024688721
0.478422284 0.014893745 -0.878003657 185.979812622 0.040674508 0.998407125 0.039099630 -9.017571449 0.877187431 -0.054418497 0.477054477 207.400665283
0.477379024 0.015682446 -0.878557503 185.274154663 0.038898993 0.998483360 0.038959574 -8.986516953 0.877836049 -0.052773487 0.476045012 207.776840210
0.477024913 0.018936316 -0.878685772 184.562713623 0.036432073 0.998482525 0.041296434 -8.961389542 0.878134370 -0.051711772 0.475611150 208.156738281
0.476103067 0.022330200 -0.879105985 183.838211060 0.031991798 0.998575985 0.042690869 -8.932888031 0.878807485 -0.048449434 0.474710703 208.539428711
0.475330293 0.022114821 -0.879529476 183.114273071 0.027498655 0.998822212 0.039975602 -8.907239914 0.879377663 -0.043187492 0.474162281 208.923202515
0.475055635 0.019308096 -0.879743934 182.381027222 0.025360147 0.999043584 0.035620719 -8.883051872 0.879590273 -0.039232258 0.474111617 209.313125610
0.474412382 0.015038492 -0.880174279 181.646377563 0.023547145 0.999279499 0.029765371 -8.855705261 0.879987717 -0.034846652 0.473716438 209.703018188
0.474347293 0.014027313 -0.880226076 180.898239136 0.023176890 0.999327481 0.028415170 -8.836009979 0.880032659 -0.033879559 0.473703146 210.106552124
0.474902570 0.015722588 -0.879897892 180.135864258 0.023540307 0.999255657 0.030560633 -8.817035675 0.879723489 -0.035226390 0.474178970 210.499664307
0.474856675 0.019802313 -0.879840374 179.378723145 0.025204580 0.999030709 0.036088008 -8.796820641 0.879702151 -0.039312638 0.473897278 210.922210693
0.474952400 0.023998305 -0.879684269 178.608520508 0.027178232 0.998751223 0.041920390 -8.772806168 0.879591763 -0.043818451 0.473707080 211.342437744
0.475510478 0.027778002 -0.879271448 177.836212158 0.027183866 0.998560071 0.046247628 -8.746007919 0.879289985 -0.045893226 0.474070668 211.750411987
0.475980580 0.028961269 -0.878978789 177.061294556 0.023224512 0.998695135 0.045482207 -8.721361160 0.879149079 -0.042062502 0.474686921 212.165786743
0.476601720 0.029088000 -0.878638029 176.287399292 0.018260965 0.998909235 0.042975016 -8.692123413 0.878929734 -0.036526747 0.475550652 212.577651978
0.477260709 0.025430335 -0.878393710 175.512695312 0.018158322 0.999082386 0.038790412 -8.662036896 0.878574133 -0.034463294 0.476360977 212.991363525
0.477417409 0.025575269 -0.878304362 174.742126465 0.018458143 0.999063849 0.039124895 -8.640247345 0.878482699 -0.034890771 0.476498425 213.409942627
0.477325857 0.025929129 -0.878343761 173.971084595 0.018695368 0.999038637 0.039651886 -8.615812302 0.878527522 -0.035347831 0.476382256 213.825500488
0.476751328 0.027576255 -0.878605604 173.198318481 0.020265935 0.998897314 0.042348538 -8.596366882 0.878804624 -0.037995487 0.475666761 214.249114990
0.476313591 0.026840704 -0.878865778 172.428451538 0.020616746 0.998918235 0.041680664 -8.564998627 0.879033804 -0.037972420 0.475244939 214.673645020
0.475878596 0.029092591 -0.879029751 171.659698486 0.018211767 0.998912513 0.042919539 -8.539369583 0.879322469 -0.036433179 0.474831283 215.084899902
0.476090908 0.030092401 -0.878881037 170.892105103 0.019676359 0.998799622 0.044857059 -8.511430740 0.879175901 -0.038649220 0.474927366 215.497787476
0.476047099 0.028482782 -0.878958464 170.118453979 0.024244132 0.998670459 0.045492783 -8.486320496 0.879085600 -0.042966295 0.474723637 215.923767090
0.475650251 0.024386080 -0.879296362 169.364242554 0.024892407 0.998842180 0.041166920 -8.465555191 0.879282176 -0.041468859 0.474492490 216.329132080
0.474467158 0.015964126 -0.880128503 168.614059448 0.025345927 0.999173224 0.031787112 -8.443561554 0.879908323 -0.037389614 0.473670304 216.736373901
0.473012388 0.011388182 -0.880982220 167.866333008 0.028274335 0.999205232 0.028097326 -8.424244881 0.880602062 -0.038199570 0.472314417 217.139129639
0.472093523 0.012934773 -0.881453633 167.117492676 0.032109398 0.998976529 0.031856671 -8.403274536 0.880963564 -0.043342274 0.471195042 217.544937134
0.471622944 0.019537689 -0.881583929 166.371231079 0.030171039 0.998811603 0.038276371 -8.391598701 0.881284118 -0.044650316 0.470473051 217.937377930
0.470987558 0.021406906 -0.881880105 165.630371094 0.026177621 0.998926044 0.038228836 -8.375008583 0.881751359 -0.041090831 0.469921350 218.325637817
0.470055938 0.017968327 -0.882453740 164.910720825 0.027563993 0.999006271 0.035024036 -8.352750778 0.882206142 -0.040787205 0.469093561 218.709060669
0.469126344 0.014697637 -0.883008778 164.208602905 0.032250755 0.998909473 0.033761036 -8.331672668 0.882542014 -0.044315889 0.468140721 219.085876465
0.467740476 0.017155120 -0.883699358 163.525756836 0.031847928 0.998835266 0.036247283 -8.320743561 0.883291900 -0.045098312 0.466649294 219.447143555
0.466384947 0.019443104 -0.884368241 162.839141846 0.033015013 0.998679221 0.039367236 -8.310440063 0.883965611 -0.047557712 0.465127051 219.813385010
0.463517189 0.017679224 -0.885911584 162.192047119 0.035813615 0.998610198 0.038666256 -8.298302650 0.885363936 -0.049650170 0.462239802 220.156997681
0.460390866 0.017327510 -0.887547255 161.556213379 0.036594711 0.998589158 0.038477883 -8.283172607 0.886961818 -0.050194401 0.459107220 220.482772827
0.456176639 0.020181434 -0.889660418 160.939987183 0.033431586 0.998648405 0.039795935 -8.268291473 0.889261067 -0.047896735 0.454885364 220.786071777
0.450170159 0.020791257 -0.892700672 160.332839966 0.032646794 0.998677254 0.039722569 -8.252391815 0.892345726 -0.047025733 0.448895931 221.086624146
0.443101764 0.025030771 -0.896121800 159.750289917 0.029198287 0.998676836 0.042332932 -8.237822533 0.895995736 -0.044923019 0.441784620 221.365127563
0.435254216 0.026865134 -0.899906695 159.181167603 0.027357208 0.998698473 0.043046139 -8.220948219 0.899891913 -0.043354947 0.433952749 221.624725342
0.425543725 0.025660500 -0.904574037 158.632797241 0.025057588 0.998880446 0.040123723 -8.214058876 0.904590905 -0.039740842 0.424424350 221.873260498
0.414054930 0.019362794 -0.910045981 158.100708008 0.028133294 0.999023855 0.034056108 -8.212155342 0.909817100 -0.039703690 0.413106024 222.105560303
0.398553669 0.010889798 -0.917080343 157.553085327 0.033440802 0.999092042 0.026396666 -8.196222305 0.916535139 -0.041188389 0.397827625 222.350540161
0.378549874 0.007019965 -0.925554335 157.015319824 0.036459621 0.999082029 0.022489557 -8.185902596 0.924862564 -0.042258777 0.377946436 222.563140869
0.352747560 0.008980136 -0.935675442 156.470123291 0.035935353 0.999086261 0.023136269 -8.178459167 0.935028255 -0.041785091 0.352102518 222.755706787
0.323627114 0.014992046 -0.946066022 155.915359497 0.032537937 0.999106765 0.026963044 -8.167087555 0.945625126 -0.039509010 0.322850227 222.922744751
0.292221963 0.020726951 -0.956125855 155.356552124 0.029038692 0.999111831 0.030533934 -8.152518272 0.955909550 -0.036687333 0.291360497 223.083251953
0.258569181 0.025528893 -0.965655446 154.801940918 0.026440471 0.999089181 0.033492628 -8.141662598 0.965630889 -0.034192547 0.257658660 223.210571289
0.223677874 0.030449541 -0.974187374 154.240219116 0.021881679 0.999103069 0.036252450 -8.133074760 0.974417448 -0.029425727 0.222810984 223.307250977
0.187936604 0.033383638 -0.981613696 153.692016602 0.019653620 0.999094248 0.037740957 -8.121241570 0.981984556 -0.026385171 0.187110245 223.384292603
0.153172851 0.035297405 -0.987568855 153.153610229 0.017556002 0.999106944 0.038432747 -8.108039856 0.988043487 -0.023224615 0.152416408 223.441528320
0.118251026 0.036847789 -0.992299974 152.598159790 0.016211193 0.999106407 0.039032411 -8.093494415 0.992851496 -0.020701988 0.117547989 223.479812622
0.083009779 0.038754817 -0.995794952 152.041976929 0.013150395 0.999113917 0.039980214 -8.083024979 0.996462047 -0.016413851 0.082426608 223.500427246
0.048467755 0.037131626 -0.998134434 151.481292725 0.008463544 0.999257624 0.037584390 -8.061727524 0.998789012 -0.010269388 0.048117459 223.493957520
0.016537130 0.037337769 -0.999165893 150.930816650 0.001359339 0.999300778 0.037365310 -8.045488358 0.999862373 -0.001976120 0.016474783 223.481262207
-0.011264324 0.038923431 -0.999178827 150.350357056 -0.003306295 0.999235213 0.038962904 -8.018728256 0.999931216 0.003742464 -0.011126995 223.452896118
-0.033399224 0.043475017 -0.998496175 149.757904053 -0.003230024 0.999043524 0.043606896 -7.995597363 0.999436975 0.004681594 -0.033226848 223.409057617
-0.051231384 0.050343420 -0.997417271 149.157836914 -0.004230327 0.998708725 0.050625898 -7.972805977 0.998678029 0.006813023 -0.050952196 223.359817505
-0.064549685 0.057541505 -0.996254086 148.529098511 -0.006388848 0.998291910 0.058073148 -7.953510761 0.997893989 0.010113515 -0.064071774 223.313430786
-0.076241612 0.058488943 -0.995372415 147.898635864 -0.012027480 0.998151481 0.059573501 -7.922690392 0.997016788 0.016513804 -0.075397253 223.244445801
-0.085596323 0.059377447 -0.994559109 147.262176514 -0.016233753 0.998006940 0.060980450 -7.888954163 0.996197760 0.021365127 -0.084461808 223.173995972
-0.089940548 0.059580311 -0.994163513 146.605331421 -0.015562505 0.998003066 0.061218340 -7.851658821 0.995825648 0.020977680 -0.088833690 223.098388672
-0.092797875 0.059139155 -0.993927181 145.926986694 -0.011390346 0.998106182 0.060451265 -7.808692455 0.995619893 0.016930919 -0.091948509 223.044250488
-0.094772696 0.059253123 -0.993734062 145.241836548 -0.006112957 0.998173594 0.060100839 -7.773770332 0.995480239 0.011770561 -0.094237328 222.981781006
-0.095996618 0.056657352 -0.993767977 144.537109375 -0.003995974 0.998348773 0.057304524 -7.734985352 0.995373726 0.009472109 -0.095611691 222.912719727
-0.096107006 0.052062955 -0.994008601 143.822723389 -0.000420620 0.998628914 0.052345630 -7.697017670 0.995371044 0.005448879 -0.095953345 222.846130371
-0.096264124 0.048086863 -0.994193733 143.094482422 0.004723181 0.998843133 0.047854424 -7.668240547 0.995344758 -0.000089101 -0.096379876 222.780014038
-0.095898628 0.046025276 -0.994326591 142.336853027 0.007397064 0.998935819 0.045525216 -7.628548622 0.995363712 -0.002989297 -0.096136928 222.710174561
-0.094790339 0.048201352 -0.994329810 141.569900513 0.007590304 0.998833060 0.047696073 -7.592980385 0.995468497 -0.003026147 -0.095045567 222.627563477
-0.093707442 0.054020341 -0.994133294 140.771911621 0.008096554 0.998535216 0.053496361 -7.559562683 0.995566964 -0.003036051 -0.094007611 222.558517456
-0.092053175 0.057057697 -0.994118035 139.964141846 0.009262843 0.998362839 0.056443609 -7.524981976 0.995711029 -0.004012551 -0.092430949 222.486206055
-0.089359641 0.052431356 -0.994618535 139.148086548 0.006462664 0.998622954 0.052061830 -7.484527588 0.995978594 -0.001775667 -0.089575410 222.405242920
-0.085397601 0.043754242 -0.995385766 138.322311401 0.004862623 0.999041677 0.043497764 -7.445220947 0.996335089 -0.001125577 -0.085528612 222.325531006
-0.081461906 0.037752312 -0.995961368 137.483581543 0.008760563 0.999270856 0.037161224 -7.403132915 0.996638119 -0.005697965 -0.081733227 222.260620117
-0.076992512 0.038654499 -0.996282279 136.619461060 0.014256220 0.999188721 0.037665557 -7.371776581 0.996929884 -0.011303254 -0.077481151 222.195236206
-0.072361469 0.041817579 -0.996501505 135.730819702 0.019400489 0.998990655 0.040513262 -7.345193386 0.997189820 -0.016401021 -0.073099732 222.145629883
-0.068089843 0.044574995 -0.996683061 134.835296631 0.020082708 0.998860240 0.043300394 -7.308395386 0.997477174 -0.017067777 -0.068907499 222.081710815
-0.063872457 0.046831839 -0.996858656 133.913116455 0.021936379 0.998722851 0.045513872 -7.269082069 0.997717023 -0.018960387 -0.064818263 222.030929565
-0.059874773 0.051262140 -0.996888816 132.989303589 0.025226405 0.998439252 0.049826734 -7.238368511 0.997887194 -0.022164559 -0.061074495 221.981079102
-0.057116151 0.052712511 -0.996975064 132.053390503 0.023328815 0.998402953 0.051451519 -7.197624207 0.998094976 -0.020319533 -0.058254719 221.926254272
-0.054140568 0.048707765 -0.997344732 131.105438232 0.030784700 0.998416185 0.047088955 -7.153617859 0.998058736 -0.028153531 -0.055554271 221.876342773
-0.052135348 0.043986101 -0.997670949 130.118179321 0.039697457 0.998331130 0.041940745 -7.108114243 0.997850835 -0.037418410 -0.053794503 221.833389282
-0.051921129 0.035735503 -0.998011649 129.144149780 0.039143182 0.998664439 0.033722471 -7.074886322 0.997883856 -0.037314445 -0.053250551 221.781829834
-0.051937819 0.030127820 -0.998195767 128.154220581 0.042303104 0.998714030 0.027942361 -7.043220520 0.997753978 -0.040775515 -0.053145528 221.730804443
-0.051668882 0.028939299 -0.998245001 127.154113770 0.045190431 0.998623908 0.026611250 -7.018551826 0.997641385 -0.043736149 -0.052905560 221.683425903
-0.051730633 0.036318388 -0.998000562 126.145324707 0.039014790 0.998649061 0.034319691 -6.993691444 0.997898757 -0.037161399 -0.053077698 221.623077393
-0.051104069 0.048619267 -0.997509181 125.115859985 0.035531763 0.998270452 0.046836019 -6.965605736 0.998061061 -0.033049744 -0.052743196 221.548065186
-0.052862406 0.058008336 -0.996915519 124.080123901 0.033681773 0.997846901 0.056276523 -6.922517776 0.998033583 -0.030602971 -0.054702401 221.486755371
-0.055063367 0.058210965 -0.996784627 123.059036255 0.034325961 0.997819424 0.056375202 -6.883870125 0.997892737 -0.031111386 -0.056941390 221.420959473
-0.058075309 0.048373099 -0.997139633 122.052825928 0.039080326 0.998169899 0.046146974 -6.848031044 0.997547030 -0.036288541 -0.059859395 221.368988037
-0.060648084 0.039261706 -0.997386754 121.042434692 0.040055379 0.998516977 0.036870550 -6.813074112 0.997355163 -0.037714574 -0.062130809 221.304000854
-0.063534141 0.035910293 -0.997333407 120.022628784 0.041831635 0.998569906 0.033289973 -6.787059784 0.997102559 -0.039605040 -0.064945459 221.238357544
-0.066388726 0.038014863 -0.997069538 118.985504150 0.041322369 0.998521447 0.035318825 -6.761316299 0.996937931 -0.038856503 -0.067861438 221.170822144
-0.069158912 0.041776519 -0.996730685 117.963455200 0.039188523 0.998465359 0.039130110 -6.735935211 0.996835768 -0.036354207 -0.070689917 221.092880249
-0.070511222 0.049132872 -0.996300280 116.948425293 0.040104073 0.998118341 0.046384245 -6.703477859 0.996704578 -0.036685087 -0.072348952 221.012557983
-0.071971178 0.057478860 -0.995749235 115.921463013 0.040284306 0.997691035 0.054679271 -6.670936584 0.996592999 -0.036177743 -0.074120402 220.939102173
-0.072941303 0.057508912 -0.995676816 114.907897949 0.036457982 0.997822642 0.054962017 -6.626543999 0.996669650 -0.032291371 -0.074879050 220.855346680
-0.074120522 0.050557725 -0.995966911 113.900146484 0.033876911 0.998265326 0.048153255 -6.586280823 0.996673763 -0.030171134 -0.075704694 220.774383545
-0.074618220 0.043559264 -0.996260345 112.920684814 0.036179725 0.998506069 0.040947653 -6.554359436 0.996555626 -0.032988984 -0.076082706 220.695495605
-0.075114727 0.042138394 -0.996284246 111.922439575 0.035293255 0.998593092 0.039575122 -6.519358158 0.996550202 -0.032189436 -0.076496243 220.613311768
-0.074410677 0.046898697 -0.996124387 110.916595459 0.037901301 0.998304784 0.044170134 -6.494362831 0.996507287 -0.034467686 -0.076062083 220.536392212
-0.074512243 0.054106832 -0.995751321 109.914978027 0.037769690 0.997963607 0.051400747 -6.459905624 0.996504724 -0.033779234 -0.076404095 220.459350586
-0.074225426 0.055929437 -0.995671868 108.914505005 0.039566636 0.997805059 0.053099647 -6.425804138 0.996456265 -0.035454042 -0.076275468 220.385314941
-0.072906733 0.052464344 -0.995957971 107.934875488 0.038835883 0.998007417 0.049729422 -6.383810997 0.996582448 -0.035053298 -0.074798942 220.307083130
-0.071467161 0.047265816 -0.996322572 106.959686279 0.038894553 0.998248935 0.044567276 -6.351890564 0.996684492 -0.035566431 -0.073180318 220.234649658
-0.070842505 0.043415014 -0.996542215 105.988510132 0.041010510 0.998334408 0.040577721 -6.321764946 0.996644080 -0.037994079 -0.072504997 220.167861938
-0.069774151 0.035814144 -0.996919751 105.020401001 0.043979764 0.998494089 0.032792572 -6.301784515 0.996592879 -0.041556224 -0.071244121 220.100158691
-0.069052696 0.034275770 -0.997024179 104.045623779 0.045175143 0.998491824 0.031197460 -6.274867058 0.996589839 -0.042886440 -0.070496917 220.036468506
-0.067447066 0.040042713 -0.996918976 103.073593140 0.048214003 0.998157740 0.036830522 -6.251192093 0.996557176 -0.045581341 -0.069253445 219.967559814
-0.066308618 0.047728390 -0.996657133 102.097854614 0.052511074 0.997638047 0.044281766 -6.229527473 0.996416569 -0.049399279 -0.068658233 219.907958984
-0.064901352 0.047503293 -0.996760488 101.132980347 0.051235877 0.997707427 0.044212349 -6.199193954 0.996575594 -0.048200455 -0.067186475 219.841308594
-0.064139843 0.046400424 -0.996861637 100.171569824 0.051227245 0.997754574 0.043145936 -6.167091370 0.996625245 -0.048299097 -0.066372871 219.773391724
-0.064242244 0.045355439 -0.996903121 99.223907471 0.056573689 0.997525632 0.041738056 -6.141506195 0.996329427 -0.053717144 -0.066649199 219.722183228
-0.064444065 0.043637220 -0.996966839 98.275756836 0.058946785 0.997465491 0.039848730 -6.114121437 0.996178925 -0.056199979 -0.066852927 219.657562256
-0.064972758 0.042387173 -0.996986449 97.325546265 0.059302174 0.997495651 0.038544152 -6.093138695 0.996123433 -0.056619138 -0.067323685 219.589920044
-0.065921307 0.046062239 -0.996761084 96.374786377 0.063617297 0.997095644 0.041870341 -6.062977791 0.995794773 -0.060651101 -0.068660259 219.527648926
-0.067431211 0.052184954 -0.996358275 95.435607910 0.066534527 0.996643424 0.047696996 -6.035547256 0.995503008 -0.063075960 -0.070676923 219.462310791
-0.069795966 0.053058572 -0.996149242 94.504211426 0.065320231 0.996684492 0.048510373 -6.007826805 0.995420456 -0.061682869 -0.073030353 219.390487671
-0.072388411 0.051865153 -0.996027112 93.560638428 0.065463349 0.996740639 0.047144622 -5.973615646 0.995225847 -0.061790541 -0.075547814 219.323120117
-0.075768948 0.052894514 -0.995721459 92.641067505 0.064737678 0.996746123 0.048022758 -5.937353134 0.995021701 -0.060822055 -0.078946710 219.251007080
-0.079168677 0.056916762 -0.995235145 91.714233398 0.062340941 0.996697187 0.052041307 -5.907952309 0.994910121 -0.057923853 -0.082455516 219.174163818
-0.081977725 0.057810698 -0.994956255 90.798782349 0.059218150 0.996834934 0.053040702 -5.874153137 0.994873464 -0.054571316 -0.085141659 219.082183838
-0.085171103 0.055299930 -0.994830608 89.901641846 0.057359591 0.997074842 0.050513919 -5.836085320 0.994713962 -0.052760750 -0.088093877 219.000564575
-0.087806821 0.053644847 -0.994692087 89.019363403 0.058027428 0.997128665 0.048653867 -5.802511215 0.994446099 -0.053447276 -0.090667605 218.921142578
-0.089914799 0.052644655 -0.994557202 88.161575317 0.057326250 0.997219980 0.047602922 -5.777902603 0.994298339 -0.052734025 -0.092682719 218.843963623
-0.090839386 0.052355990 -0.994488418 87.323989868 0.054799639 0.997366786 0.047501981 -5.752529144 0.994356751 -0.050182559 -0.093469262 218.757293701
-0.091792226 0.050855327 -0.994478703 86.497863770 0.053229067 0.997517765 0.046097595 -5.726334572 0.994354486 -0.048703771 -0.094271421 218.683151245
-0.092141986 0.052048329 -0.994384706 85.691726685 0.053177651 0.997465074 0.047281999 -5.702803612 0.994324982 -0.048522387 -0.094676256 218.606719971
-0.091857910 0.054218844 -0.994294941 84.902557373 0.049965404 0.997509718 0.049778089 -5.676388741 0.994517744 -0.045107838 -0.094338179 218.530548096
-0.090307593 0.055071395 -0.994390190 84.143035889 0.046718579 0.997604966 0.051006600 -5.652617455 0.994817615 -0.041850213 -0.092664242 218.456054688
-0.088051081 0.056408241 -0.994517684 83.399429321 0.046193026 0.997552454 0.052490622 -5.635463715 0.995044529 -0.041317932 -0.090441227 218.397399902
-0.083543062 0.057574399 -0.994839668 82.674270630 0.046827547 0.997453511 0.053793266 -5.603734016 0.995403409 -0.042091846 -0.086026430 218.341613770
-0.076963544 0.058940712 -0.995290279 81.979782104 0.045838494 0.997404754 0.055521343 -5.580060005 0.995979667 -0.041349486 -0.079465628 218.284179688
-0.069897771 0.058782075 -0.995820701 81.303085327 0.043938909 0.997474909 0.055795595 -5.545464516 0.996585965 -0.039855286 -0.072304130 218.254791260
-0.059023499 0.058163967 -0.996560633 80.642120361 0.041999687 0.997561872 0.055734880 -5.521183014 0.997372627 -0.038565569 -0.061322451 218.214874268
-0.045230269 0.055448618 -0.997436523 79.998870850 0.041498382 0.997700810 0.053581495 -5.494123459 0.998114228 -0.038968492 -0.047427416 218.192962646
-0.028126836 0.052653205 -0.998216629 79.377655029 0.042521205 0.997770905 0.051431566 -5.470856667 0.998699546 -0.040998768 -0.030303001 218.177673340
-0.007930040 0.051834490 -0.998624265 78.781463623 0.044944275 0.997664869 0.051427804 -5.455548286 0.998958111 -0.044474624 -0.010241151 218.186676025
0.015955687 0.052140731 -0.998512387 78.178054810 0.044394817 0.997617602 0.052803423 -5.439414978 0.998886764 -0.045171287 0.013602853 218.186004639
0.039558053 0.052774020 -0.997822762 77.607223511 0.042758219 0.997600198 0.054457378 -5.420702934 0.998302102 -0.044819351 0.037206590 218.252761841
0.068328083 0.054277956 -0.996185422 77.017684937 0.038940497 0.997612953 0.057026666 -5.397304535 0.996902764 -0.042688482 0.066051424 218.293823242
0.099281490 0.054921430 -0.993542612 76.435333252 0.035940055 0.997626245 0.058738548 -5.377469063 0.994410157 -0.041539628 0.097071946 218.365081787
0.133399308 0.053125713 -0.989637554 75.859466553 0.035162855 0.997679830 0.058297262 -5.352561951 0.990438521 -0.042575296 0.131221712 218.461654663
0.170809865 0.049265839 -0.984071672 75.289901733 0.029870065 0.998031199 0.055149395 -5.319765091 0.984851241 -0.038814347 0.169001997 218.573318481
0.212497652 0.045482825 -0.976102591 74.714385986 0.021828588 0.998445928 0.051276043 -5.294591904 0.976917863 -0.032202985 0.211174607 218.672149658
0.254789948 0.043293074 -0.966026902 74.157135010 0.015034848 0.998699188 0.048722755 -5.277089119 0.966879606 -0.026938139 0.253807604 218.819122314
0.300586820 0.041342750 -0.952857971 73.609176636 0.007699194 0.998922348 0.045770172 -5.251019001 0.953723371 -0.021094151 0.299944580 218.984832764
0.343308568 0.043139197 -0.938231468 73.162277222 -0.001492177 0.998968422 0.045385838 -5.262424469 0.939221501 -0.014181342 0.343018830 219.233993530
0.393791854 0.043120556 -0.918187618 72.645584106 -0.013540498 0.999062836 0.041111428 -5.237908363 0.919099867 -0.003756627 0.394006670 219.461547852
0.446179032 0.044220507 -0.893850565 72.141166687 -0.013951841 0.999000847 0.042458221 -5.224145889 0.894834936 -0.006473109 0.446350157 219.732894897
0.498080969 0.046196204 -0.865899146 71.656936646 -0.016813582 0.998906672 0.043620754 -5.204127312 0.866967559 -0.007167805 0.498313129 220.047668457
0.551221132 0.050609834 -0.832822859 71.193443298 -0.020297347 0.998676658 0.047254384 -5.186169624 0.834112287 -0.009143520 0.551518917 220.380584717
0.602125883 0.051527731 -0.796736717 70.744316101 -0.020684008 0.998587012 0.048950359 -5.168361187 0.798133254 -0.012994573 0.602340877 220.751373291
0.649694920 0.049022999 -0.758612752 70.363510132 -0.019507010 0.998665035 0.047829345 -5.153229713 0.759944737 -0.016276214 0.649783850 221.123764038
0.693001628 0.044516716 -0.719560385 69.978378296 -0.019566566 0.998885453 0.042953234 -5.142030716 0.720670521 -0.015687335 0.693100214 221.543289185
0.733352423 0.042357322 -0.678527892 69.603378296 -0.025591522 0.999069810 0.034707952 -5.130847454 0.679366827 -0.008088600 0.733754277 221.977951050
0.770178676 0.040862150 -0.636517942 69.251327515 -0.034866005 0.999150813 0.021954443 -5.112019539 0.636874557 0.005283993 0.770949364 222.432357788
0.804841280 0.033242043 -0.592558384 68.918029785 -0.033229679 0.999387980 0.010930704 -5.088865280 0.592559099 0.010893041 0.805453360 222.907821655
0.836364448 0.023751466 -0.547658980 68.630302429 -0.024405407 0.999683619 0.006084327 -5.079437733 0.547630250 0.008277126 0.836679518 223.433700562
0.865373135 0.018375859 -0.500791013 68.365325928 -0.018266147 0.999820054 0.005122930 -5.078021049 0.500795007 0.004714274 0.865553081 223.981597900
0.891229689 0.018707201 -0.453166306 68.111984253 -0.017403359 0.999823689 0.007047113 -5.086686611 0.453218251 0.001606019 0.891398132 224.546035767
0.913559616 0.019443491 -0.406239837 67.875823975 -0.018591659 0.999808908 0.006043687 -5.093273640 0.406279713 0.002031403 0.913746536 225.128921509
0.933320940 0.016788529 -0.358650446 67.641159058 -0.015805099 0.999858975 0.005673857 -5.089101315 0.358695149 0.000372976 0.933454692 225.728973389
0.949332833 0.015411263 -0.313894331 67.467300415 -0.014419528 0.999881029 0.005481140 -5.092845440 0.313941449 -0.000677220 0.949442089 226.347076416
0.962894976 0.019231057 -0.269190401 67.301025391 -0.019094048 0.999812782 0.003127507 -5.091995716 0.269200146 0.002128473 0.963081896 226.990997314
0.973713100 0.018628879 -0.227014929 67.168457031 -0.019380363 0.999811590 -0.001081623 -5.099595547 0.226952001 0.005452822 0.973890662 227.629150391
0.981662989 0.007599346 -0.190473169 67.078063965 -0.009806394 0.999895215 -0.010647292 -5.108168602 0.190372303 0.012319908 0.981634676 228.290634155
0.987195849 0.001769370 -0.159502983 66.968879700 -0.004874754 0.999806106 -0.019079957 -5.119780540 0.159438297 0.019613191 0.987013042 228.981063843
0.991239905 0.000002397 -0.132073820 66.887001038 -0.002940822 0.999752462 -0.022053303 -5.129050255 0.132041082 0.022248520 0.990994513 229.679519653
0.993975520 0.000458768 -0.109601274 66.814163208 -0.002384892 0.999845028 -0.017443484 -5.139963627 0.109576285 0.017599782 0.993822575 230.393325806
0.995819867 0.000722108 -0.091335818 66.761856079 -0.001387055 0.999972999 -0.007216973 -5.153950691 0.091328144 0.007313493 0.995793998 231.126144409
0.997139633 0.003682211 -0.075491555 66.704246521 -0.003491048 0.999990344 0.002664053 -5.167791843 0.075500637 -0.002392888 0.997142911 231.871429443
0.998023987 -0.000006123 -0.062834509 66.658012390 0.000402380 0.999980092 0.006293716 -5.170607567 0.062833220 -0.006306563 0.998004138 232.603988647
0.998451471 -0.008918040 -0.054910485 66.631088257 0.009229727 0.999942660 0.005425300 -5.169570923 0.054858953 -0.005923707 0.998476565 233.372222900
0.998650312 -0.014622044 -0.049837112 66.598411560 0.014740767 0.999889314 0.002015499 -5.176867485 0.049802128 -0.002747416 0.998755336 234.127975464
0.998769939 -0.017771540 -0.046289667 66.573127747 0.017709890 0.999841630 -0.001741600 -5.181250572 0.046313286 0.000919673 0.998926520 234.874893188
0.998789072 -0.019246388 -0.045277078 66.542335510 0.019032106 0.999805570 -0.005159046 -5.185739994 0.045367565 0.004291080 0.998961151 235.649276733
0.998776615 -0.020280613 -0.045099910 66.506309509 0.020118756 0.999789417 -0.004039908 -5.195134640 0.045172345 0.003127612 0.998974323 236.426498413
0.998803496 -0.021292681 -0.044024408 66.466514587 0.021288721 0.999773204 -0.000558832 -5.202461243 0.044026323 -0.000379060 0.999030292 237.225570679
0.998648822 -0.026743146 -0.044556528 66.442794800 0.026844831 0.999638200 0.001685278 -5.213233948 0.044495337 -0.002879113 0.999005437 238.024124146
0.998538375 -0.028944025 -0.045643777 66.409439087 0.028777028 0.999576569 -0.004311674 -5.222321987 0.045749247 0.002991880 0.998948455 238.820388794
0.998445809 -0.031644877 -0.045875564 66.373794556 0.031112995 0.999440670 -0.012262243 -5.232008934 0.046237942 0.010815859 0.998871922 239.621673584
0.997998178 -0.042216323 -0.047089476 66.348724365 0.041390248 0.998973966 -0.018382421 -5.246494770 0.047817197 0.016396577 0.998721540 240.440139771
0.997496843 -0.051113565 -0.048861984 66.332672119 0.050131634 0.998519361 -0.021115374 -5.270656586 0.049868919 0.018612986 0.998582304 241.244964600
0.996930242 -0.060051907 -0.050238069 66.297401428 0.059058454 0.998032928 -0.021032238 -5.297495365 0.051402271 0.018000692 0.998515785 242.084915161
0.996472478 -0.065272659 -0.052745502 66.264434814 0.064480245 0.997781098 -0.016589787 -5.305679321 0.053711325 0.013130223 0.998470187 242.942764282
0.996450007 -0.063701615 -0.055041049 66.205368042 0.063302644 0.997954130 -0.008963672 -5.335237980 0.055499442 0.005447607 0.998443842 243.801574707
0.996364295 -0.061793964 -0.058648903 66.175186157 0.061858624 0.998084664 -0.000714113 -5.341863632 0.058580697 -0.002916424 0.998278439 244.655944824
0.996676505 -0.054465503 -0.060575645 66.105522156 0.054752130 0.998495221 0.003080792 -5.345773697 0.060316697 -0.006387199 0.998158872 245.537414551
0.996933520 -0.048152145 -0.061683860 66.047073364 0.048666980 0.998791456 0.006870403 -5.348334789 0.061278485 -0.009851302 0.998072088 246.418121338
0.997224391 -0.040030129 -0.062778294 65.976684570 0.040601708 0.999144554 0.007855071 -5.359056473 0.062410146 -0.010382174 0.997996569 247.316879272
0.997261763 -0.039169461 -0.062727600 65.919792175 0.039409868 0.999219775 0.002599454 -5.364303589 0.062576838 -0.005064422 0.998027325 248.184417725
0.997279227 -0.037421696 -0.063512050 65.864715576 0.037058223 0.999289334 -0.006891738 -5.374290466 0.063724816 0.004519343 0.997957289 249.076995850
0.997343183 -0.036167104 -0.063234128 65.802444458 0.035442587 0.999293029 -0.012542468 -5.381878376 0.063643046 0.010267963 0.997919917 249.987350464
0.997376263 -0.035622358 -0.063020863 65.748336792 0.034909409 0.999313831 -0.012378417 -5.400720596 0.063418567 0.010145918 0.997935414 250.914611816
0.997590959 -0.031275373 -0.061920598 65.680976868 0.030918434 0.999499381 -0.006714450 -5.416378975 0.062099595 0.004783786 0.998058498 251.856414795
0.997798681 -0.026495522 -0.060792927 65.620803833 0.026412275 0.999648750 -0.002172683 -5.433203697 0.060829140 0.000562221 0.998148024 252.807586670
0.997947514 -0.024504639 -0.059163202 65.545875549 0.024731169 0.999689341 0.003099582 -5.432628632 0.059068866 -0.004556395 0.998243511 253.791610718
0.998111069 -0.021179350 -0.057669144 65.481658936 0.021636777 0.999739110 0.007318994 -5.433290958 0.057499085 -0.008552943 0.998308897 254.766510010
0.998240829 -0.019183559 -0.056100480 65.414611816 0.019676555 0.999772370 0.008248543 -5.438290119 0.055929471 -0.009337896 0.998391032 255.757141113
0.998252809 -0.019794056 -0.055673428 65.368919373 0.019904355 0.999800861 0.001427307 -5.448952198 0.055634089 -0.002532957 0.998448014 256.732238770
0.998246253 -0.020455906 -0.055551030 65.304527283 0.019960811 0.999756098 -0.009452786 -5.456540108 0.055730846 0.008327365 0.998411119 257.733825684
0.998139679 -0.023045534 -0.056445196 65.250282288 0.022413164 0.999679029 -0.011810891 -5.467533588 0.056699265 0.010523804 0.998335838 258.739593506
0.998058677 -0.021475378 -0.058461033 65.189682007 0.021395441 0.999769092 -0.001993031 -5.478088856 0.058490336 0.000738362 0.998287678 259.777008057
0.997991741 -0.021500256 -0.059583273 65.125282288 0.022020765 0.999724746 0.008092934 -5.489339828 0.059392869 -0.009388750 0.998190522 260.817901611
0.997901857 -0.021210717 -0.061171457 65.070663452 0.021841653 0.999714732 0.009663986 -5.498622417 0.060949028 -0.010979796 0.998080492 261.851104736
0.997848034 -0.021559034 -0.061923474 64.998977661 0.021819446 0.999755681 0.003532175 -5.487646103 0.061832193 -0.004875709 0.998074651 262.874511719
0.997727811 -0.024379136 -0.062808119 64.933219910 0.024310213 0.999702752 -0.001861440 -5.491370678 0.062834829 0.000330332 0.998023868 263.917999268
0.997674584 -0.023015989 -0.064153776 64.860130310 0.022845572 0.999733269 -0.003388793 -5.502323151 0.064214654 0.001915284 0.997934282 264.974060059
0.997658193 -0.022697873 -0.064520568 64.791000366 0.022668717 0.999742329 -0.001184011 -5.519547462 0.064530820 -0.000281361 0.997915685 266.018341064
0.997612596 -0.022802288 -0.065185830 64.717361450 0.022932874 0.999736190 0.001255652 -5.529620171 0.065140001 -0.002747553 0.997872353 267.084716797
0.997645617 -0.019107526 -0.065864012 64.637283325 0.019364733 0.999807119 0.003268874 -5.537746906 0.065788850 -0.004536618 0.997823238 268.153015137
0.997631490 -0.019006576 -0.066107340 64.566879272 0.019494146 0.999787271 0.006738150 -5.547107697 0.065965213 -0.008010897 0.997789741 269.214233398
0.997623742 -0.018529316 -0.066359505 64.492179871 0.019182066 0.999773562 0.009212879 -5.553276539 0.066173770 -0.010463900 0.997753263 270.277954102
0.997562468 -0.018955441 -0.067155339 64.423561096 0.019562047 0.999773443 0.008386768 -5.554179668 0.066981152 -0.009680021 0.997707307 271.336578369
0.997517169 -0.022488166 -0.066737063 64.359863281 0.022810122 0.999731541 0.004066084 -5.569333553 0.066627711 -0.005578268 0.997762322 272.393218994
0.997458994 -0.022761097 -0.067509197 64.288414001 0.022749450 0.999740779 -0.000941386 -5.574987411 0.067513116 -0.000596803 0.997718215 273.446624756
0.997341692 -0.023337046 -0.069028303 64.221725464 0.023345020 0.999727249 -0.000691290 -5.590752125 0.069025606 -0.000922014 0.997614443 274.494445801
0.997232616 -0.025940021 -0.069672652 64.140388489 0.025836922 0.999663353 -0.002380657 -5.607494831 0.069710948 0.000573941 0.997567058 275.553955078
0.997152090 -0.025739517 -0.070888929 64.062294006 0.025298847 0.999654651 -0.007107333 -5.622197151 0.071047388 0.005293684 0.997458875 276.599273682
0.997057319 -0.025213627 -0.072394758 63.990650177 0.024683727 0.999661624 -0.008205090 -5.638355732 0.072577141 0.006393972 0.997342288 277.654174805
0.997038186 -0.023560960 -0.073209971 63.903430939 0.023584712 0.999721706 -0.000540149 -5.656729221 0.073202319 -0.001188087 0.997316420 278.700897217
0.997001112 -0.023352979 -0.073779829 63.838172913 0.024037747 0.999675691 0.008406819 -5.665621758 0.073559582 -0.010155109 0.997239113 279.728515625
0.997026920 -0.022118241 -0.073811308 63.757934570 0.022824459 0.999701321 0.008738036 -5.672811985 0.073595986 -0.010396760 0.997233927 280.758819580
0.997156739 -0.019943560 -0.072668530 63.669033051 0.020167837 0.999793828 0.002353782 -5.680828094 0.072606608 -0.003812657 0.997353375 281.794219971
0.997330666 -0.017191717 -0.070965096 63.583377838 0.017125070 0.999852180 -0.001547497 -5.689799786 0.070981205 0.000328084 0.997477591 282.829101562
0.997479856 -0.014942142 -0.069359072 63.496826172 0.014764628 0.999886274 -0.003071318 -5.701518059 0.069397077 0.002039517 0.997587025 283.868072510
0.997593701 -0.012134920 -0.068260856 63.421833038 0.012153072 0.999926150 -0.000149343 -5.719554901 0.068257630 -0.000680596 0.997667491 284.909606934
0.997645795 -0.010129412 -0.067825258 63.359512329 0.010260161 0.999946117 0.001579645 -5.734147549 0.067805603 -0.002271825 0.997695982 285.940612793
0.997709751 -0.006492151 -0.067328751 63.282440186 0.006793872 0.999967873 0.004253305 -5.743598461 0.067298979 -0.004700986 0.997721791 286.979766846
0.997732639 -0.006248591 -0.067011535 63.205139160 0.006381441 0.999978065 0.001768614 -5.756114483 0.066999011 -0.002192234 0.997750640 288.010742188
0.997734606 -0.005605538 -0.067039415 63.136482239 0.005516227 0.999983609 -0.001517253 -5.769653797 0.067046829 0.001144011 0.997749150 289.030090332
0.997721195 -0.003767290 -0.067366667 63.061454773 0.003481803 0.999984443 -0.004354729 -5.782461643 0.067382023 0.004110248 0.997718811 290.051513672
0.997719407 -0.001556087 -0.067479722 62.989986420 0.001476346 0.999998152 -0.001231562 -5.801242828 0.067481510 0.001129130 0.997719884 291.072052002
0.997815490 -0.000126635 -0.066062510 62.904869080 0.000272470 0.999997556 0.002198538 -5.815409660 0.066062070 -0.002211736 0.997813046 292.087524414
0.997826278 0.001040076 -0.065891191 62.838497162 -0.000587026 0.999976039 0.006894714 -5.830171585 0.065896787 -0.006841047 0.997802973 293.127136230
0.997797370 0.002812037 -0.066276163 62.761581421 -0.002397048 0.999977052 0.006340208 -5.834105015 0.066292465 -0.006167375 0.997781157 294.157714844
0.997768879 -0.000828743 -0.066757567 62.687362671 0.001205641 0.999983549 0.005605684 -5.838171005 0.066751823 -0.005673663 0.997753501 295.183349609
0.997608542 -0.008036148 -0.068648092 62.651908875 0.008300205 0.999959230 0.003562156 -5.848732471 0.068616666 -0.004123431 0.997634590 296.166015625
0.997473955 -0.007886956 -0.070593826 62.577888489 0.008096165 0.999963641 0.002677919 -5.857918262 0.070570141 -0.003242693 0.997501552 297.167236328
0.997280955 -0.005027716 -0.073521927 62.495433807 0.004984208 0.999987304 -0.000775217 -5.872303963 0.073524892 0.000406660 0.997293293 298.158813477
0.997142494 -0.008348444 -0.075081028 62.425399780 0.008481787 0.999962986 0.001457280 -5.882475853 0.075066082 -0.002089937 0.997176349 299.176177979
0.996922553 -0.003813319 -0.078300215 62.338851929 0.004656252 0.999933124 0.010585648 -5.890286922 0.078254610 -0.010917657 0.996873617 300.190673828
0.996703506 0.000762907 -0.081126854 62.243373871 0.000666522 0.999845028 0.017591143 -5.894929409 0.081127703 -0.017587226 0.996548533 301.192810059
0.996452451 0.002706353 -0.084114112 62.152622223 -0.001218103 0.999841928 0.017739521 -5.898866177 0.084148824 -0.017574130 0.996298194 302.189758301
0.996143520 -0.001415828 -0.087727077 62.087635040 0.002568914 0.999911785 0.013032514 -5.890426636 0.087700889 -0.013207618 0.996059299 303.169433594
0.995839238 -0.006788316 -0.090874210 62.000003815 0.007205122 0.999964952 0.004259355 -5.895142078 0.090842113 -0.004896393 0.995853245 304.163055420
0.995516419 -0.009718621 -0.094088413 61.905048370 0.009526878 0.999951541 -0.002486892 -5.903404713 0.094108023 0.001579373 0.995560765 305.153503418
0.995138168 -0.013208481 -0.097598955 61.814006805 0.013136656 0.999912739 -0.001378507 -5.915016174 0.097608648 0.000089681 0.995224893 306.135101318
0.994654655 -0.014168734 -0.102280997 61.711208344 0.014356581 0.999896348 0.001100640 -5.928396225 0.102254800 -0.002563162 0.994754910 307.127990723
0.994150996 -0.013095093 -0.107201941 61.596454620 0.012840744 0.999912858 -0.003062566 -5.943562984 0.107232705 0.001668101 0.994232535 308.108001709
0.993553519 -0.014890564 -0.112381846 61.491470337 0.014072569 0.999868393 -0.008068516 -5.958846092 0.112487204 0.006435001 0.993632317 309.080261230
0.993047833 -0.011210601 -0.117176279 61.364742279 0.010396001 0.999917388 -0.007560817 -5.970342159 0.117251359 0.006290088 0.993082345 310.066558838
0.992575288 -0.009469653 -0.121262424 61.230934143 0.009605216 0.999953747 0.000533427 -5.988377571 0.121251762 -0.001694218 0.992620349 311.042480469
0.991849899 -0.006424536 -0.127249599 61.115180969 0.006883016 0.999971330 0.003163605 -6.003674030 0.127225623 -0.004013682 0.991865695 312.016387939
0.991165221 -0.004904737 -0.132542387 60.982162476 0.005684552 0.999968708 0.005505762 -6.013179302 0.132511228 -0.006210564 0.991162062 312.982910156
0.990727961 -0.002123890 -0.135844216 60.837028503 0.002637860 0.999990046 0.003603630 -6.013825417 0.135835201 -0.003928555 0.990723670 313.948913574
0.990360022 0.007730316 -0.138301224 60.679073334 -0.007022311 0.999959648 0.005606513 -6.029240131 0.138338983 -0.004581273 0.990374327 314.919708252
0.989997923 0.019542417 -0.139722079 60.531188965 -0.019097533 0.999807417 0.004524237 -6.038091183 0.139783576 -0.001810639 0.990180433 315.886932373
0.989683568 0.028693659 -0.140367672 60.370475769 -0.028112786 0.999586046 0.006119780 -6.044322491 0.140485168 -0.002110520 0.990080535 316.855743408
0.989687026 0.033550922 -0.139262006 60.218902588 -0.033630557 0.999432743 0.001781979 -6.055299759 0.139242783 0.002919856 0.990253985 317.824676514
0.989845693 0.035471115 -0.137649015 60.070270538 -0.035982344 0.999351680 -0.001226670 -6.061643600 0.137516260 0.006167148 0.990480304 318.795867920
0.990166306 0.035679530 -0.135268778 59.943950653 -0.036486890 0.999328017 -0.003493320 -6.071060658 0.135053232 0.008394505 0.990802765 319.765258789
0.990645587 0.038131893 -0.131023884 59.802711487 -0.038344447 0.999264181 0.000901199 -6.082935810 0.130961835 0.004131269 0.991378784 320.747222900
0.991396308 0.036553763 -0.125686720 59.674987793 -0.036405612 0.999331057 0.003476242 -6.094452858 0.125729710 0.001129369 0.992063880 321.737701416
0.992117882 0.037888084 -0.119442694 59.546615601 -0.037219420 0.999276459 0.007824834 -6.102525234 0.119652748 -0.003317569 0.992810249 322.721679688
0.992749929 0.041185830 -0.112921439 59.439868927 -0.040056538 0.999122262 0.012252345 -6.104203224 0.113326952 -0.007640273 0.993528366 323.695007324
0.993049204 0.049199421 -0.106923781 59.321193695 -0.047904663 0.998744547 0.014645635 -6.105026245 0.107510097 -0.009421689 0.994159341 324.675720215
0.993452013 0.053580504 -0.100906916 59.200851440 -0.052926596 0.998556495 0.009148286 -6.107597351 0.101251431 -0.003747724 0.994853795 325.666168213
0.993842244 0.056437120 -0.095354110 59.101951599 -0.056586038 0.998397052 0.001143722 -6.112469673 0.095265813 0.004259032 0.995442748 326.648468018
0.994334400 0.056595158 -0.089978360 59.006168365 -0.057141587 0.998359919 -0.003506479 -6.120499134 0.089632340 0.008628118 0.995937526 327.633056641
0.995060444 0.051874269 -0.084639169 58.916831970 -0.052182376 0.998636544 -0.001430501 -6.128539562 0.084449559 0.005840108 0.996410668 328.640777588
0.995684445 0.045771983 -0.080730826 58.843772888 -0.045639299 0.998951912 0.003489006 -6.144181252 0.080805913 0.000210549 0.996729851 329.639007568
0.996303439 0.038393840 -0.076846592 58.769523621 -0.038233835 0.999262512 0.003552882 -6.156371117 0.076926328 -0.000601608 0.997036576 330.638366699
0.996540129 0.036804058 -0.074520022 58.692226410 -0.036938153 0.999317467 -0.000421551 -6.164068222 0.074453644 0.003172724 0.997219443 331.640869141
0.996729493 0.038598452 -0.070995942 58.621177673 -0.038727678 0.999249697 -0.000444111 -6.167657852 0.070925534 0.003192167 0.997476518 332.648590088
0.996977091 0.039942041 -0.066643134 58.540206909 -0.039915748 0.999201536 0.001726553 -6.176806450 0.066658884 0.000938776 0.997775376 333.659851074
0.997020602 0.043988150 -0.063363768 58.467567444 -0.044096705 0.999027193 -0.000315019 -6.194519043 0.063288271 0.003108213 0.997990429 334.667144775
0.996992171 0.048304092 -0.060607716 58.389636993 -0.048614401 0.998810947 -0.003654988 -6.204507828 0.060359098 0.006590402 0.998154998 335.676025391
0.997126758 0.046982199 -0.059421401 58.331237793 -0.047029588 0.998893321 0.000601555 -6.215265274 0.059383903 0.002194737 0.998232782 336.683227539
0.997277081 0.045062650 -0.058376286 58.278575897 -0.044609260 0.998963535 0.009047387 -6.230894089 0.058723480 -0.006418629 0.998253644 337.710876465
0.997274578 0.046664350 -0.057147656 58.205120087 -0.046096995 0.998874128 0.011206921 -6.233863354 0.057606276 -0.008542043 0.998302817 338.722351074
0.997151852 0.049012888 -0.057323456 58.145088196 -0.048779402 0.998794615 0.005466223 -6.245970726 0.057522275 -0.002654451 0.998340666 339.719726562
0.997169852 0.049517814 -0.056570716 58.070999146 -0.049736086 0.998759389 -0.002456157 -6.252306461 0.056378908 0.005262812 0.998395562 340.710388184
0.997252226 0.047262747 -0.057045426 58.030673981 -0.047556695 0.998861313 -0.003805607 -6.261261940 0.056800604 0.006508042 0.998364329 341.721343994
0.997407198 0.044735610 -0.056370687 57.971599579 -0.044689450 0.998998761 0.002079814 -6.276639462 0.056407288 0.000444753 0.998407722 342.726379395
0.997616887 0.040857274 -0.055599090 57.909301758 -0.040601581 0.999159038 0.005721156 -6.290492058 0.055786081 -0.003450110 0.998436809 343.741455078
0.997729421 0.037769753 -0.055762678 57.854030609 -0.037626073 0.999285340 0.003624716 -6.297745705 0.055859730 -0.001518356 0.998437464 344.729125977
0.997779489 0.036192697 -0.055912431 57.807521820 -0.036039893 0.999343336 0.003739161 -6.304895878 0.056011047 -0.001715781 0.998428702 345.722106934
0.997822225 0.035800692 -0.055399168 57.748260498 -0.035416026 0.999341369 0.007910104 -6.312095165 0.055645868 -0.005930859 0.998432934 346.703674316
0.997919738 0.035044011 -0.054112155 57.685150146 -0.034517597 0.999347508 0.010632636 -6.318208218 0.054449461 -0.008742696 0.998478234 347.667327881
0.998039365 0.032647014 -0.053400341 57.625209808 -0.032313887 0.999452651 0.007090086 -6.331082821 0.053602584 -0.005350613 0.998548031 348.626342773
0.998180151 0.028971355 -0.052886955 57.594238281 -0.028777191 0.999576032 0.004429288 -6.340703964 0.052992858 -0.002899290 0.998590708 349.546600342
0.998336971 0.024320319 -0.052267138 57.553878784 -0.024198823 0.999702811 0.002956194 -6.348772526 0.052323498 -0.001686475 0.998628736 350.472229004
0.998474240 0.022007121 -0.050644059 57.504955292 -0.021885417 0.999756098 0.002956483 -6.360535145 0.050696772 -0.001843606 0.998712361 351.388305664
0.998644173 0.020931957 -0.047661919 57.460311890 -0.020875532 0.999780655 0.001681405 -6.370294571 0.047686659 -0.000684157 0.998862088 352.294708252
0.998632312 0.027564418 -0.044426527 57.406356812 -0.027490361 0.999619484 0.002277137 -6.389045715 0.044472389 -0.001052721 0.999010086 353.184967041
0.998717368 0.031014524 -0.040022153 57.372135162 -0.030885329 0.999515533 0.003842512 -6.393898487 0.040121939 -0.002601486 0.999191403 354.064971924
0.998766243 0.035376642 -0.034849536 57.331184387 -0.035291679 0.999372423 0.003050368 -6.402882576 0.034935575 -0.001816706 0.999387920 354.927978516
0.998858452 0.037904065 -0.029071167 57.303348541 -0.037964903 0.999277890 -0.001543408 -6.417636871 0.028991673 0.002645330 0.999576151 355.771606445
0.998984337 0.038724653 -0.023037376 57.268970490 -0.038838714 0.999235272 -0.004524289 -6.431190014 0.022844557 0.005414436 0.999724388 356.609527588
0.999142468 0.037398368 -0.017768364 57.264064789 -0.037437171 0.999297261 -0.001856238 -6.443547726 0.017686458 0.002519843 0.999840379 357.419921875
0.999325633 0.034616739 -0.012246097 57.254989624 -0.034546822 0.999385834 0.005875725 -6.461528301 0.012441974 -0.005448699 0.999907732 358.229614258
0.999521613 0.030087674 -0.007161964 57.257064819 -0.029990001 0.999460697 0.013375484 -6.466105461 0.007560539 -0.013154298 0.999884903 359.011077881
0.999658883 0.025936417 -0.003077446 57.252513885 -0.025887525 0.999552548 0.014985903 -6.474643707 0.003464750 -0.014901124 0.999882996 359.800872803
0.999640465 0.026777396 -0.001370907 57.247619629 -0.026760925 0.999582648 0.010880160 -6.481268406 0.001661678 -0.010839562 0.999939859 360.542602539
0.999647021 0.026567753 -0.000185165 57.244205475 -0.026566198 0.999629617 0.005906789 -6.490238190 0.000342026 -0.005899785 0.999982536 361.255981445
0.999734700 0.023033325 -0.000150118 57.248832703 -0.023032846 0.999731183 0.002650256 -6.492681980 0.000211121 -0.002646095 0.999996483 361.953613281
0.999842942 0.017723983 0.000091061 57.254951477 -0.017723890 0.999842465 -0.000939687 -6.505168438 -0.000107702 0.000937925 0.999999583 362.633697510
0.999849558 0.017345957 0.000034116 57.251407623 -0.017345395 0.999829590 -0.006322460 -6.523535728 -0.000143779 0.006320918 0.999980032 363.312103271
0.999828339 0.018497279 -0.001057119 57.243801117 -0.018508129 0.999763787 -0.011392395 -6.533632755 0.000846141 0.011410004 0.999934554 363.983764648
0.999814570 0.019009283 -0.003073207 57.236186981 -0.019047538 0.999734879 -0.012938476 -6.546414852 0.002826441 0.012994614 0.999911547 364.658081055
0.999879539 0.014294176 -0.006051846 57.230503082 -0.014348340 0.999856532 -0.009003232 -6.552017212 0.005922284 0.009088982 0.999941170 365.351806641
0.999903917 0.009064035 -0.010485953 57.229087830 -0.009073705 0.999958456 -0.000874962 -6.565069675 0.010477586 0.000970024 0.999944627 366.024871826
0.999854028 0.005433713 -0.016199302 57.222007751 -0.005367494 0.999977052 0.004128432 -6.578761578 0.016221363 -0.004040880 0.999860287 366.683471680
0.999675393 0.003398116 -0.025248896 57.205806732 -0.003323820 0.999990046 0.002983922 -6.587585926 0.025258785 -0.002899031 0.999676764 367.345672607
0.999325633 0.003274451 -0.036572628 57.172931671 -0.003254647 0.999994516 0.000601032 -6.594938755 0.036574397 -0.000481596 0.999330819 367.993927002
0.998762488 0.004126620 -0.049562406 57.125568390 -0.004231338 0.999989033 -0.002008121 -6.595191956 0.049553573 0.002215352 0.998768985 368.657592773
0.997958720 0.000959286 -0.063855216 57.082469940 -0.001160987 0.999994457 -0.003121704 -6.615421295 0.063851871 0.003189466 0.997954309 369.306671143
0.996841311 0.000739302 -0.079415649 57.020069122 -0.000895712 0.999997735 -0.001933899 -6.622072220 0.079414040 0.001998924 0.996839702 369.958374023
0.995554447 0.006074994 -0.093991689 56.932865143 -0.006169765 0.999980688 -0.000717732 -6.628849983 0.093985513 0.001294448 0.995572746 370.626556396
0.994035065 0.014104146 -0.108144961 56.832626343 -0.014072409 0.999900401 0.001056669 -6.636477470 0.108149096 0.000471494 0.994134545 371.297332764
0.992333055 0.018038176 -0.122269057 56.743465424 -0.018070988 0.999836326 0.000840644 -6.641322613 0.122264214 0.001375324 0.992496610 371.979522705
0.990784824 0.019263752 -0.134068355 56.634460449 -0.019628139 0.999806345 -0.001396614 -6.641402721 0.134015501 0.004015256 0.990971088 372.672515869
0.989365697 0.024577253 -0.143357888 56.514781952 -0.025323916 0.999673545 -0.003385816 -6.643771648 0.143227875 0.006980193 0.989665151 373.380340576
0.988318801 0.033069693 -0.148769408 56.382324219 -0.034351315 0.999391496 -0.006052864 -6.652537346 0.148478717 0.011092584 0.988853395 374.090545654
0.987500787 0.039410312 -0.152607307 56.260120392 -0.041152094 0.999118686 -0.008270538 -6.666965961 0.152146861 0.014447272 0.988252282 374.823913574
0.987565935 0.036338229 -0.152948007 56.134944916 -0.038037710 0.999242663 -0.008199112 -6.669234753 0.152534232 0.013914955 0.988200247 375.573516846
0.987689495 0.039788499 -0.151282445 56.018299103 -0.040803786 0.999160647 -0.003611578 -6.671190262 0.151011765 0.009740013 0.988483965 376.341217041
0.988120735 0.046997279 -0.146317139 55.881736755 -0.046948601 0.998890102 0.003787878 -6.678444862 0.146332756 0.003126503 0.989230514 377.127685547
0.988774896 0.050199334 -0.140727520 55.771385193 -0.049446795 0.998737633 0.008841292 -6.686145782 0.140993699 -0.001783524 0.990008891 377.924316406
0.990033686 0.044179458 -0.133721545 55.666240692 -0.043993298 0.999022365 0.004347973 -6.691264153 0.133782908 0.001578212 0.991009414 378.733032227
0.991464376 0.040197607 -0.124026142 55.561431885 -0.041021563 0.999149859 -0.004095780 -6.690658092 0.123756066 0.009148566 0.992270470 379.562744141
0.992473304 0.042656496 -0.114791892 55.471481323 -0.043863058 0.999005497 -0.008004407 -6.694749832 0.114336289 0.012979283 0.993357301 380.395050049
0.993518054 0.044642001 -0.104541950 55.378780365 -0.045484446 0.998948872 -0.005687129 -6.703777313 0.104178183 0.010405298 0.994504213 381.247039795
0.994636059 0.045522928 -0.092880458 55.291969299 -0.045740120 0.998953342 -0.000209851 -6.721426964 0.092773691 0.004457088 0.995677233 382.127868652
0.995683193 0.046606746 -0.080267362 55.217712402 -0.046653826 0.998910308 0.001289806 -6.725748062 0.080240011 0.002460541 0.996772528 383.011657715
0.996481359 0.048134498 -0.068614699 55.151638031 -0.048547648 0.998811305 -0.004365624 -6.739523411 0.068323001 0.007681346 0.997633696 383.908386230
0.997269928 0.044808801 -0.058692671 55.103404999 -0.045654822 0.998870671 -0.013153011 -6.746652126 0.058037020 0.015796706 0.998189449 384.823669434
0.997899115 0.041054845 -0.050118435 55.058109283 -0.042092990 0.998916745 -0.019836701 -6.760029316 0.049249753 0.021904660 0.998546243 385.746765137
0.998308420 0.039185841 -0.042950690 55.015968323 -0.040061824 0.999002457 -0.019727433 -6.777724266 0.042134807 0.021414746 0.998882413 386.690673828
0.998627603 0.036802173 -0.037262693 54.980575562 -0.037348542 0.999203205 -0.014074012 -6.801287651 0.036715046 0.015446404 0.999206364 387.648040771
0.998943090 0.033201911 -0.031786542 54.954872131 -0.033482462 0.999404550 -0.008334760 -6.819838047 0.031490885 0.009390242 0.999459922 388.633056641
0.999169052 0.030670874 -0.026843302 54.934852600 -0.030803092 0.999515235 -0.004525880 -6.835180759 0.026691476 0.005348976 0.999629438 389.620666504
0.999293923 0.029993379 -0.022628831 54.902538300 -0.030129703 0.999529719 -0.005707478 -6.847977638 0.022447001 0.006385248 0.999727666 390.604827881
0.999357820 0.028189886 -0.022118522 54.886169434 -0.028375106 0.999564469 -0.008105273 -6.855782986 0.021880403 0.008727685 0.999722481 391.614807129
0.999459743 0.023646465 -0.022826601 54.864223480 -0.023791458 0.999698341 -0.006101436 -6.868223667 0.022675436 0.006641218 0.999720812 392.633544922
0.999429762 0.022605341 -0.025082778 54.841304779 -0.022666600 0.999740720 -0.002160582 -6.882120609 0.025027435 0.002727891 0.999683022 393.671600342
0.999360740 0.023379121 -0.027047407 54.802494049 -0.023431445 0.999724150 -0.001619142 -6.888135910 0.027002091 0.002251867 0.999632835 394.723754883
0.999226093 0.025818290 -0.029675746 54.756809235 -0.025932329 0.999657691 -0.003464383 -6.897444725 0.029576143 0.004231262 0.999553561 395.781921387
0.999182880 0.022742203 -0.033411391 54.720417023 -0.022834959 0.999736369 -0.002397173 -6.903761387 0.033348065 0.003158161 0.999438822 396.851318359
0.999111295 0.019703262 -0.037262000 54.677093506 -0.019665472 0.999805689 0.001380417 -6.911407471 0.037281960 -0.000646415 0.999304593 397.939178467
0.999029815 0.016146481 -0.040972564 54.632274628 -0.016077651 0.999868751 0.002008875 -6.922996998 0.040999625 -0.001348183 0.999158263 399.007934570
0.998884678 0.012896014 -0.045421649 54.578250885 -0.013072679 0.999908090 -0.003594510 -6.940092564 0.045371119 0.004184283 0.998961449 400.074218750
0.998729706 0.009092954 -0.049560826 54.530647278 -0.009587026 0.999906600 -0.009740426 -6.954895020 0.049467627 0.010203194 0.998723626 401.136444092
0.998548865 0.008729488 -0.053141471 54.484615326 -0.009159161 0.999927282 -0.007847290 -6.977125645 0.053069104 0.008322633 0.998556137 402.188720703
0.998392105 0.011147324 -0.055577725 54.418525696 -0.011214285 0.999936700 -0.000893081 -6.992889881 0.055564251 0.001514910 0.998453975 403.258270264
0.998232245 0.014634373 -0.057604358 54.353149414 -0.014291167 0.999877632 0.006365467 -7.006300449 0.057690460 -0.005530981 0.998319209 404.330047607
0.998136163 0.016886763 -0.058643688 54.279289246 -0.016548056 0.999843478 0.006256554 -7.016486645 0.058740161 -0.005274454 0.998259366 405.381866455
0.998006701 0.017345313 -0.060677927 54.209583282 -0.017190408 0.999847531 0.003074039 -7.019422531 0.060721993 -0.002024834 0.998152673 406.442779541
0.997881532 0.018460305 -0.062383536 54.134521484 -0.018358054 0.999829054 0.002211913 -7.026925087 0.062413704 -0.001061987 0.998049796 407.502258301
0.997768402 0.018757135 -0.064081073 54.063884735 -0.018567029 0.999821305 0.003560903 -7.043964386 0.064136416 -0.002363162 0.997938335 408.566192627
0.997622848 0.020604309 -0.065757714 53.986331940 -0.020637641 0.999787033 0.000172409 -7.058657646 0.065747261 0.001185085 0.997835577 409.614379883
0.997597396 0.021726809 -0.065782942 53.900402069 -0.022075281 0.999745846 -0.004574968 -7.071839809 0.065666825 0.006016152 0.997823477 410.663421631
0.997573435 0.021818498 -0.066115402 53.838306427 -0.022218278 0.999738991 -0.005317357 -7.084891319 0.065982126 0.006773424 0.997797787 411.699829102
0.997611225 0.022193337 -0.065416336 53.762847900 -0.022316150 0.999750316 -0.001147224 -7.103494167 0.065374546 0.002604325 0.997857392 412.744445801
0.997674227 0.021352870 -0.064731888 53.683223724 -0.021013035 0.999761641 0.005926251 -7.116198063 0.064842999 -0.004552255 0.997885108 413.788940430
0.997686446 0.020932198 -0.064680561 53.616275787 -0.020223638 0.999728322 0.011590222 -7.122821808 0.064905599 -0.010255331 0.997838736 414.845184326
0.997724712 0.019478252 -0.064544149 53.549701691 -0.018771898 0.999757290 0.011532217 -7.121657848 0.064753115 -0.010294363 0.997848213 415.884460449
0.997761369 0.019444332 -0.063985281 53.482921600 -0.019101709 0.999799788 0.005962163 -7.125218391 0.064088404 -0.004726588 0.997933030 416.907836914
0.997734189 0.022799021 -0.063298069 53.409336090 -0.022794049 0.999739885 0.000800759 -7.136036396 0.063299865 0.000643874 0.997994363 417.930816650
0.997605383 0.027565749 -0.063431703 53.344993591 -0.027801156 0.999609470 -0.002831373 -7.154008389 0.063328877 0.004588068 0.997982144 418.949340820
0.997684121 0.025662124 -0.062990986 53.276523590 -0.026090942 0.999641597 -0.005994377 -7.172388554 0.062814586 0.007623988 0.997996092 419.970672607
0.997777045 0.023354238 -0.062414199 53.212158203 -0.023927962 0.999677896 -0.008460508 -7.193892479 0.062196504 0.009935145 0.998014450 420.985076904
0.997948527 0.018927297 -0.061159916 53.147224426 -0.019331904 0.999794960 -0.006030566 -7.210878372 0.061033234 0.007200532 0.998109758 421.996124268
0.997978866 0.016709127 -0.061310276 53.097782135 -0.016648896 0.999860287 0.001493157 -7.228642464 0.061326660 -0.000469391 0.998117626 423.015441895
0.998062193 0.013345736 -0.060776237 53.036983490 -0.013021956 0.999898851 0.005720402 -7.242454529 0.060846433 -0.004917892 0.998135030 424.013732910
0.998082161 0.013917794 -0.060318019 52.972618103 -0.013709858 0.999898553 0.003859834 -7.259352207 0.060365621 -0.003025480 0.998171747 424.989471436
0.998092175 0.014901705 -0.059916176 52.906753540 -0.014944706 0.999888301 -0.000269600 -7.272974968 0.059905462 0.001164515 0.998203397 425.953216553
0.997903585 0.019976322 -0.061557479 52.847938538 -0.020209314 0.999790788 -0.003164627 -7.285015106 0.061481379 0.004402027 0.998098552 426.902130127
0.997684717 0.021049328 -0.064669661 52.781070709 -0.021271845 0.999769926 -0.002754162 -7.301918983 0.064596809 0.004123429 0.997902930 427.836486816
0.997384608 0.020561740 -0.069290772 52.712730408 -0.020669837 0.999786019 -0.000843377 -7.321606636 0.069258600 0.002273400 0.997596145 428.761383057
0.997016549 0.022022361 -0.073980071 52.631671906 -0.022079067 0.999756217 0.000051333 -7.338467598 0.073963173 0.001582231 0.997259736 429.664703369
0.996592522 0.020022983 -0.080015220 52.572246552 -0.019994594 0.999799430 0.001156072 -7.349391937 0.080022320 0.000447739 0.996792972 430.541687012
0.996068001 0.017654698 -0.086815089 52.495380402 -0.017363515 0.999840796 0.004108125 -7.357234001 0.086873800 -0.002584557 0.996215999 431.413360596
0.995423913 0.019376120 -0.093572721 52.404880524 -0.018631065 0.999787450 0.008829429 -7.371845722 0.093723908 -0.007045665 0.995573282 432.274597168
0.994727015 0.021062259 -0.100372128 52.305423737 -0.020002464 0.999733150 0.011553495 -7.380084515 0.100588687 -0.009484884 0.994882882 433.114227295
0.993967295 0.022564303 -0.107330814 52.211585999 -0.021541795 0.999710917 0.010676726 -7.384480476 0.107540704 -0.008300218 0.994166017 433.942962646
0.993230641 0.022387322 -0.113981135 52.112953186 -0.021574920 0.999732316 0.008356265 -7.390371799 0.114137702 -0.005840564 0.993447781 434.744201660
0.992501080 0.023471108 -0.119961366 52.003841400 -0.023051191 0.999722362 0.004887065 -7.401797771 0.120042764 -0.002085166 0.992766559 435.525146484
0.991540730 0.024164949 -0.127526522 51.909313202 -0.024082955 0.999707580 0.002185053 -7.412045479 0.127542034 0.000904646 0.991832733 436.284545898
0.990427554 0.024974931 -0.135755494 51.798072815 -0.025287356 0.999680042 -0.000577166 -7.417266846 0.135697648 0.004004539 0.990742207 437.032440186
0.989077806 0.025905300 -0.145100027 51.677021027 -0.026334865 0.999652624 -0.001040173 -7.433738232 0.145022675 0.004850002 0.989416420 437.809295654
0.987607539 0.025213048 -0.154905170 51.561290741 -0.025402328 0.999677002 0.000757705 -7.442546368 0.154874250 0.003186636 0.987929046 438.528717041
0.986198187 0.026855970 -0.163376659 51.426181793 -0.026698537 0.999638557 0.003159655 -7.451804161 0.163402468 0.001245872 0.986558735 439.235778809
0.984669149 0.030404426 -0.171761990 51.298759460 -0.029895239 0.999537647 0.005550984 -7.463301659 0.171851352 -0.000331017 0.985122859 439.913391113
0.983196080 0.035236862 -0.179119483 51.164863586 -0.034391981 0.999377847 0.007820899 -7.472308636 0.179283619 -0.001529204 0.983796239 440.559814453
0.981930494 0.044704761 -0.183885902 51.029716492 -0.043400947 0.998995960 0.011111039 -7.483302593 0.184197977 -0.002929446 0.982884824 441.207031250
0.981609643 0.053638242 -0.183208734 50.892856598 -0.052120645 0.998554945 0.013092198 -7.480940819 0.183646232 -0.003302471 0.982986867 441.822143555
0.982269645 0.061437696 -0.177120686 50.777370453 -0.059590224 0.998098850 0.015736312 -7.487158775 0.177750751 -0.004902640 0.984063327 442.409637451
0.984034121 0.065943025 -0.165312797 50.667228699 -0.064087085 0.997807205 0.016541621 -7.490752220 0.166041106 -0.005683105 0.986102462 442.979705811
0.986423314 0.068468295 -0.149268553 50.590965271 -0.067111343 0.997645676 0.014114825 -7.497010231 0.149883538 -0.003905581 0.988695920 443.529296875
0.989357173 0.072596028 -0.126104057 50.517539978 -0.071876392 0.997360826 0.010253581 -7.505086899 0.126515627 -0.001080550 0.991964042 444.065643311
0.992291093 0.077183984 -0.096958920 50.488536835 -0.076781489 0.997016788 0.007881099 -7.510672569 0.097277962 -0.000375694 0.995257199 444.587036133
0.995016634 0.079700127 -0.059914928 50.475337982 -0.079406887 0.996815801 0.007263206 -7.515856743 0.060303029 -0.002469353 0.998177052 445.109130859
0.996703565 0.079729728 -0.015005257 50.492450714 -0.079653777 0.996806920 0.005593644 -7.522247314 0.015403324 -0.004379979 0.999871790 445.608917236
0.996365607 0.076775938 0.036891505 50.543918610 -0.076915503 0.997034788 0.002376814 -7.538119316 -0.036599632 -0.005205704 0.999316454 446.089843750
0.992625952 0.077817112 0.092941962 50.621582031 -0.077932261 0.996955752 -0.002395444 -7.555176735 -0.092845432 -0.004865396 0.995668650 446.562591553
0.984997034 0.080197468 0.152804330 50.734149933 -0.079859704 0.996771097 -0.008356716 -7.557405472 -0.152981117 -0.003971566 0.988221109 446.998107910
0.973311663 0.074848279 0.216938168 50.877452850 -0.073866561 0.997187972 -0.012642400 -7.575768471 -0.217274413 -0.003719481 0.976103485 447.440338135
0.957023442 0.063337453 0.283009768 51.050243378 -0.060903013 0.997991979 -0.017401034 -7.586334229 -0.283543617 -0.000582948 0.958959162 447.850006104
0.934818745 0.055519931 0.350758433 51.246032715 -0.051211096 0.998455167 -0.021556357 -7.602524757 -0.351413369 0.002188565 0.936217844 448.229339600
0.907170773 0.051360264 0.417616218 51.472839355 -0.044226211 0.998663366 -0.026749179 -7.618967056 -0.418431848 0.005796493 0.908229709 448.584289551
0.874403358 0.049774714 0.482639879 51.726951599 -0.041012045 0.998746395 -0.028698934 -7.643099308 -0.483463317 0.005300396 0.875348568 448.938629150
0.838254631 0.043108761 0.543572247 52.008621216 -0.033949457 0.999062061 -0.026877820 -7.666812897 -0.544221103 0.004076476 0.838931918 449.266235352
0.798300266 0.036127288 0.601175070 52.309951782 -0.027463472 0.999344528 -0.023586323 -7.687057495 -0.601633132 0.002318614 0.798769176 449.582580566
0.753896952 0.027971227 0.656396985 52.626861572 -0.019366445 0.999605238 -0.020353356 -7.703377724 -0.656707227 0.002632257 0.754141033 449.869812012
0.706345916 0.021109043 0.707551956 52.961723328 -0.012743323 0.999772489 -0.017105522 -7.716053009 -0.707752049 0.003065852 0.706454277 450.139068604
0.657765687 0.016757281 0.753036201 53.317676544 -0.006553953 0.999841988 -0.016524661 -7.736815453 -0.753194153 0.005933992 0.657771587 450.365905762
0.608040452 0.014060267 0.793781519 53.678886414 0.001501848 0.999821007 -0.018860271 -7.746393204 -0.793904603 0.012659946 0.607910514 450.528930664
0.553314924 0.011828423 0.832888246 54.046821594 0.006807895 0.999801576 -0.018721584 -7.757502079 -0.832944453 0.016029147 0.553124547 450.718017578
0.498205364 0.009546326 0.867006600 54.424102783 0.006157752 0.999875188 -0.014547713 -7.770267010 -0.867037296 0.012586560 0.498084426 450.882995605
0.440669179 0.008876604 0.897625744 54.820510864 0.001781218 0.999940515 -0.010762843 -7.775487900 -0.897667825 0.006341720 0.440627158 451.046813965
0.383154869 0.012237936 0.923603058 55.192779541 -0.001370421 0.999918640 -0.012680618 -7.781490326 -0.923683107 0.003592916 0.383140504 451.161071777
0.327243209 0.013178525 0.944848359 55.611663818 0.007440007 0.999835789 -0.016522286 -7.789967060 -0.944910944 0.012436485 0.327091455 451.256713867
0.275811493 0.011506681 0.961142957 56.046783447 0.018998561 0.999667764 -0.017419765 -7.810247421 -0.961024046 0.023064904 0.275501251 451.321472168
0.229127347 0.013812473 0.973298550 56.494842529 0.021676200 0.999578953 -0.019288298 -7.824265957 -0.973155141 0.025516890 0.228731453 451.388732910
0.187185347 0.018552683 0.982149482 56.952789307 0.017663930 0.999596417 -0.022248780 -7.837854862 -0.982165873 0.021513266 0.186782122 451.456024170
0.150061548 0.024864247 0.988363922 57.404449463 0.012741710 0.999552071 -0.027080256 -7.841819286 -0.988594532 0.016657151 0.149677515 451.502990723
0.117247343 0.027249791 0.992728829 57.904846191 0.012725562 0.999500155 -0.028938627 -7.851384163 -0.993021250 0.016026009 0.116841972 451.541534424
0.090783775 0.025407134 0.995546520 58.425231934 0.018203506 0.999465168 -0.027167121 -7.868418694 -0.995704293 0.020588772 0.090272725 451.570953369
0.071635246 0.024862612 0.997121036 58.959197998 0.022908712 0.999384582 -0.026564864 -7.892741203 -0.997167826 0.024745740 0.071021616 451.584594727
0.057346940 0.026200352 0.998010457 59.501678467 0.027303616 0.999240518 -0.027801545 -7.906003952 -0.997980893 0.028843628 0.056588054 451.603698730
0.050791144 0.026435314 0.998359442 60.059326172 0.029474718 0.999174476 -0.027956415 -7.919861794 -0.998274386 0.030846301 0.049970031 451.626220703
0.050325811 0.024903040 0.998422384 60.644500732 0.029221926 0.999224365 -0.026395990 -7.935225010 -0.998305321 0.030504225 0.049559116 451.660339355
0.052652061 0.022583446 0.998357654 61.239227295 0.027851136 0.999322176 -0.024074102 -7.955915451 -0.998224556 0.029072944 0.051987410 451.697082520
0.055477142 0.020939082 0.998240352 61.847259521 0.026786324 0.999388993 -0.022451825 -7.972858429 -0.998100579 0.027984753 0.054882348 451.733123779
0.057954490 0.020630468 0.998106062 62.474121094 0.028400902 0.999347746 -0.022305219 -7.993215561 -0.997915208 0.029639801 0.057330787 451.771972656
0.060459197 0.021362020 0.997942269 63.117828369 0.028772222 0.999318242 -0.023134615 -8.008834839 -0.997756064 0.030111713 0.059803307 451.814697266
0.063134670 0.021181250 0.997780204 63.776794434 0.029937478 0.999284625 -0.023107484 -8.025566101 -0.997555852 0.031329907 0.062455416 451.854003906
0.065726638 0.020130811 0.997634649 64.453918457 0.029506108 0.999320090 -0.022108758 -8.043061256 -0.997401357 0.030889450 0.065087974 451.905883789
0.068639159 0.021381622 0.997412562 65.142761230 0.029686389 0.999283791 -0.023464678 -8.066177368 -0.997199953 0.031220172 0.067955256 451.957244873
0.071457326 0.025032720 0.997129619 65.837249756 0.028347684 0.999230266 -0.027116943 -8.095740318 -0.997040868 0.030204019 0.070692718 452.009948730
0.074041367 0.031768993 0.996749163 66.553741455 0.028849995 0.999005914 -0.033983991 -8.110513687 -0.996837914 0.031272430 0.073051214 452.059051514
0.076979995 0.035867412 0.996387422 67.281768799 0.027376782 0.998899877 -0.038072970 -8.131443024 -0.996656835 0.030208740 0.075913370 452.113800049
0.078828752 0.033746429 0.996316969 68.033233643 0.025010977 0.999045312 -0.035817724 -8.159502029 -0.996574521 0.027742328 0.077909470 452.183959961
0.080093205 0.028942799 0.996367097 68.802947998 0.021096265 0.999305248 -0.030723974 -8.189387321 -0.996564090 0.023480406 0.079426944 452.259490967
0.081947923 0.023129988 0.996368170 69.577148438 0.020408250 0.999482095 -0.024880785 -8.214268684 -0.996427655 0.022373060 0.081433475 452.327423096
0.083578825 0.022668822 0.996243417 70.370269775 0.020191221 0.999497473 -0.024436792 -8.237769127 -0.996296704 0.022157770 0.083079100 452.399200439
0.084912777 0.022539342 0.996133506 71.178985596 0.019041060 0.999524832 -0.024239186 -8.264894485 -0.996206522 0.021025654 0.084443212 452.474243164
0.086763382 0.020687247 0.996014178 72.000000000 0.018919865 0.999569833 -0.022409221 -8.288512230 -0.996049345 0.020788755 0.086334646 452.545043945
0.088145733 0.017460166 0.995954633 72.838531494 0.021288699 0.999584973 -0.019407945 -8.311601639 -0.995880187 0.022913305 0.087737501 452.616333008
0.088860393 0.015378895 0.995925486 73.686889648 0.022947105 0.999583781 -0.017482821 -8.339685440 -0.995779812 0.024407135 0.088470519 452.691680908
0.089160442 0.019168371 0.995832860 74.543518066 0.023697952 0.999490917 -0.021360546 -8.362492561 -0.995735347 0.025503714 0.088660777 452.771362305
0.089197576 0.028727321 0.995599687 75.403045654 0.020338831 0.999323010 -0.030656952 -8.389703751 -0.995806336 0.022983860 0.088552892 452.856323242
0.088734627 0.038380321 0.995315731 76.264221191 0.018926872 0.999011993 -0.040210228 -8.421157837 -0.995875597 0.022406254 0.087920547 452.929626465
0.086812377 0.041366667 0.995365620 77.156494141 0.016858181 0.998933494 -0.042985268 -8.458097458 -0.996082187 0.020511711 0.086022437 453.017395020
0.084209502 0.037011720 0.995760560 78.068206787 0.013413168 0.999177277 -0.038273048 -8.499643326 -0.996357918 0.016579261 0.083643794 453.100921631
0.081120849 0.029376643 0.996271372 78.990325928 0.009973929 0.999491572 -0.030283725 -8.541543961 -0.996654510 0.012393384 0.080786586 453.187194824
0.078143001 0.023490669 0.996665359 79.910278320 0.011053027 0.999640524 -0.024427399 -8.573960304 -0.996880889 0.012925000 0.077855289 453.258361816
0.075721979 0.021747233 0.996891916 80.840942383 0.014335076 0.999635100 -0.022895945 -8.613253593 -0.997026026 0.016024249 0.075382590 453.323822021
0.073894382 0.021771664 0.997028470 81.777923584 0.016226323 0.999603093 -0.023030495 -8.641891479 -0.997134149 0.017879931 0.073511779 453.392425537
0.072355092 0.024212569 0.997085035 82.719512939 0.020856664 0.999449968 -0.025783496 -8.673403740 -0.997160852 0.022661433 0.071810305 453.458374023
0.072417676 0.024119576 0.997082770 83.656402588 0.022270137 0.999419212 -0.025793567 -8.705041885 -0.997125745 0.024073079 0.071838439 453.519653320
0.072302759 0.023733044 0.997100413 84.614318848 0.018902978 0.999504685 -0.025160985 -8.738261223 -0.997203708 0.020667376 0.071818292 453.598846436
0.072679222 0.024009682 0.997066379 85.574432373 0.016016744 0.999553204 -0.025237076 -8.771637917 -0.997226775 0.017803967 0.072262168 453.678833008
0.073413312 0.023675304 0.997020543 86.539276123 0.015052654 0.999577999 -0.024844401 -8.803542137 -0.997187972 0.016831715 0.073026001 453.750610352
0.074171901 0.022086136 0.997000873 87.507232666 0.012986530 0.999648571 -0.023110921 -8.835511208 -0.997160912 0.014661761 0.073858976 453.828796387
0.074451685 0.023133149 0.996956348 88.471832275 0.010354252 0.999659061 -0.023969112 -8.871698380 -0.997170925 0.012107279 0.074186802 453.914184570
0.074922383 0.026550680 0.996835828 89.429473877 0.009497192 0.999581158 -0.027337611 -8.904078484 -0.997144103 0.011515338 0.074638844 453.993164062
0.075732946 0.030422185 0.996664047 90.397521973 0.009496073 0.999467134 -0.031229325 -8.940799713 -0.997083008 0.011829486 0.075403690 454.068237305
0.076181710 0.030202899 0.996636450 91.366668701 0.008981042 0.999479771 -0.030975569 -8.975953102 -0.997053564 0.011310607 0.075870812 454.150146484
0.077116787 0.029510602 0.996585250 92.327575684 0.010892496 0.999477267 -0.030439112 -9.017336845 -0.996962547 0.013202665 0.076754987 454.210815430
0.077404559 0.026080102 0.996658623 93.300018311 0.010797210 0.999577284 -0.026995031 -9.056015015 -0.996941328 0.012850671 0.077090263 454.294006348
0.076786578 0.022166518 0.996801138 94.270324707 0.013264103 0.999641657 -0.023251457 -9.089649200 -0.996959329 0.015007071 0.076465070 454.368164062
0.076692462 0.016017275 0.996926308 95.258087158 0.014677492 0.999744475 -0.017191684 -9.125718117 -0.996946931 0.015950851 0.076437771 454.436706543
0.075165153 0.014463287 0.997066200 96.229461670 0.013379470 0.999790192 -0.015511430 -9.157715797 -0.997081339 0.014506136 0.074955881 454.515716553
0.073986650 0.015306964 0.997141838 97.191955566 0.012725477 0.999786317 -0.016291775 -9.184018135 -0.997178137 0.013894480 0.073776066 454.594390869
0.071989894 0.019142540 0.997221828 98.157043457 0.014066641 0.999696910 -0.020205535 -9.212575912 -0.997306347 0.015482157 0.071698785 454.666717529
0.070198953 0.022081099 0.997288585 99.125701904 0.015834544 0.999604344 -0.023246964 -9.243060112 -0.997407317 0.017423522 0.069821537 454.740264893
0.068350852 0.023082396 0.997394383 100.093902588 0.016566208 0.999568224 -0.024267981 -9.271533012 -0.997523844 0.018181780 0.067938983 454.810333252
0.067765415 0.020915832 0.997482121 101.080963135 0.020503405 0.999539912 -0.022351915 -9.304246902 -0.997490644 0.021966469 0.067305386 454.873657227
0.067892849 0.018168010 0.997527242 102.038696289 0.023712955 0.999522328 -0.019818282 -9.345500946 -0.997410834 0.024999840 0.067429602 454.936614990
0.068579018 0.019315559 0.997458696 103.003173828 0.023463693 0.999504745 -0.020968398 -9.378734589 -0.997369766 0.024842056 0.068091869 455.004272461
0.069540262 0.024168139 0.997286439 103.951538086 0.021754345 0.999432027 -0.025737060 -9.414628029 -0.997342050 0.023485076 0.068975031 455.070861816
0.069910049 0.030840537 0.997076571 104.900177002 0.017997487 0.999320328 -0.032171838 -9.452930450 -0.997391045 0.020194009 0.069307506 455.152343750
0.071035266 0.038785018 0.996719539 105.838745117 0.013222693 0.999119341 -0.039820775 -9.495024681 -0.997386217 0.016007997 0.070459902 455.217163086
0.071182609 0.040610384 0.996636271 106.780120850 0.011735276 0.999067605 -0.041547623 -9.543344498 -0.997394264 0.014653272 0.070639670 455.295989990
0.071281374 0.034218013 0.996869266 107.730590820 0.014084129 0.999277234 -0.035307765 -9.587851524 -0.997356951 0.016556827 0.070747912 455.370941162
0.071850121 0.024010135 0.997126520 108.675933838 0.012107125 0.999615550 -0.024942478 -9.628130913 -0.997342050 0.013864457 0.071531832 455.431213379
0.071808100 0.015474350 0.997298419 109.602996826 0.015036632 0.999749243 -0.016595054 -9.668272018 -0.997305155 0.016187670 0.071557403 455.505126953
0.073538184 0.017453503 0.997139812 110.527252197 0.018495824 0.999651015 -0.018861514 -9.694962502 -0.997121036 0.019829964 0.073189676 455.572998047
0.073432207 0.019613966 0.997107446 111.441497803 0.022190977 0.999526918 -0.021295825 -9.728287697 -0.997053444 0.023690587 0.072962224 455.638732910
0.073641956 0.025443157 0.996960282 112.356201172 0.021187289 0.999408960 -0.027070688 -9.762037277 -0.997059822 0.023116423 0.073059380 455.715515137
0.074631572 0.030098649 0.996756852 113.263488770 0.018674674 0.999326944 -0.031574510 -9.799070358 -0.997036278 0.020970566 0.074019253 455.797637939
0.076171398 0.034639038 0.996492863 114.202728271 0.016662460 0.999212623 -0.036007248 -9.840074539 -0.996955514 0.019346746 0.075534225 455.855438232
0.076979280 0.037902571 0.996312082 115.117034912 0.014810718 0.999123454 -0.039153866 -9.884536743 -0.996922731 0.017770134 0.076350451 455.929962158
0.078070879 0.038557928 0.996201992 116.019104004 0.010927799 0.999158680 -0.039528769 -9.932998657 -0.996888041 0.013972343 0.077583849 456.013336182
0.080710173 0.036375232 0.996073723 116.926757812 0.008406635 0.999273479 -0.037173260 -9.973025322 -0.996702194 0.011373889 0.080345690 456.101928711
0.085784376 0.029317303 0.995882392 117.836242676 0.008294820 0.999511302 -0.030138645 -10.019621849 -0.996279299 0.010846092 0.085499287 456.164947510
0.091989398 0.023169115 0.995490491 118.738922119 0.010064774 0.999656558 -0.024196126 -10.055528641 -0.995709240 0.012245176 0.091724634 456.250549316
0.099472582 0.020306781 0.994833112 119.637054443 0.009965695 0.999721289 -0.021403022 -10.088851929 -0.994990408 0.012043217 0.099242508 456.347259521
0.107980967 0.016620506 0.994014144 120.538482666 0.014598931 0.999725938 -0.018301914 -10.119256973 -0.994045913 0.016487801 0.107708693 456.442932129
0.118352652 0.015310399 0.992853701 121.433197021 0.016098958 0.999720097 -0.017335355 -10.148224831 -0.992841184 0.018035594 0.118073046 456.545959473
0.128747046 0.017845405 0.991517007 122.322357178 0.011108841 0.999749362 -0.019436045 -10.178874969 -0.991615355 0.013516940 0.128516555 456.676452637
0.139324784 0.022092119 0.990000427 123.180252075 0.009116069 0.999680102 -0.023591053 -10.210092545 -0.990204930 0.012311732 0.139078796 456.804534912
0.149677575 0.026209908 0.988387406 124.050491333 0.007555568 0.999589086 -0.027651139 -10.241895676 -0.988705993 0.011606583 0.149418056 456.946472168
0.159033537 0.025239957 0.986950576 124.914657593 0.004577889 0.999643564 -0.026302231 -10.277889252 -0.987262666 0.008701090 0.158861279 457.102966309
0.168857694 0.020248787 0.985432565 125.799179077 0.001105220 0.999784410 -0.020733079 -10.303489685 -0.985639930 0.004590063 0.168798923 457.261016846
0.178228855 0.016632406 0.983848572 126.669891357 0.000678528 0.999854803 -0.017025920 -10.336765289 -0.983988941 0.003702080 0.178191662 457.428588867
0.187192380 0.018416062 0.982150793 127.527938843 -0.000619452 0.999826252 -0.018629430 -10.364349365 -0.982323229 0.002878895 0.187171221 457.599609375
0.195498347 0.025824949 0.980363965 128.384689331 -0.001402861 0.999659538 -0.026053490 -10.394777298 -0.980703056 0.003718098 0.195468009 457.766662598
0.202344716 0.028579118 0.978897274 129.234649658 -0.001441549 0.999581695 -0.028885026 -10.426770210 -0.979313314 0.004433605 0.202301323 457.952484131
0.210061908 0.026680807 0.977323949 130.095794678 -0.000749209 0.999631643 -0.027128773 -10.452640533 -0.977687776 0.004966501 0.210004508 458.148803711
0.217371762 0.018883999 0.975906253 130.941345215 -0.000756296 0.999815822 -0.019178201 -10.486890793 -0.976088643 0.003430726 0.217346013 458.340026855
0.225239813 0.010360724 0.974248350 131.793182373 0.002333148 0.999934852 -0.011173300 -10.518178940 -0.974300623 0.004789738 0.225201011 458.546356201
0.234686315 0.013012337 0.971984088 132.631179810 -0.000015231 0.999910474 -0.013382521 -10.545298576 -0.972071171 0.003125892 0.234665513 458.744445801
0.244409859 0.021033375 0.969443977 133.459762573 -0.001607177 0.999772131 -0.021286197 -10.569158554 -0.969670773 0.003644491 0.244387984 458.959777832
0.253901422 0.025842460 0.966884732 134.289642334 0.000155023 0.999641895 -0.026758686 -10.597023010 -0.967230022 0.006943957 0.253806531 459.187011719
0.263738692 0.021277225 0.964359462 135.122604370 0.002826594 0.999735355 -0.022830777 -10.620948792 -0.964590013 0.008747212 0.263608754 459.401672363
0.274221361 0.012950431 0.961579442 135.950149536 0.005819408 0.999868691 -0.015125673 -10.651816368 -0.961649060 0.009743606 0.274109960 459.646240234
0.286126435 0.007250814 0.958164573 136.764678955 0.010378713 0.999889255 -0.010665848 -10.679620743 -0.958135784 0.012996295 0.286019504 459.898040771
0.298351467 0.009784570 0.954405963 137.585647583 0.013697170 0.999800563 -0.014531750 -10.700697899 -0.954357803 0.017408229 0.298157930 460.137268066
0.309258521 0.015865019 0.950845659 138.376342773 0.017875446 0.999587178 -0.022492193 -10.727705002 -0.950810015 0.023952693 0.308847249 460.395812988
0.318914533 0.021648567 0.947536230 139.165039062 0.023072954 0.999265492 -0.030596159 -10.756284714 -0.947502673 0.031620022 0.318180740 460.660736084
0.328024328 0.024461899 0.944352508 139.980789185 0.021834083 0.999201298 -0.033466816 -10.789344788 -0.944416940 0.031597000 0.327228248 460.934783936
0.335944831 0.024875524 0.941553175 140.765777588 0.016847475 0.999332547 -0.032413192 -10.824007034 -0.941731036 0.026751837 0.335301518 461.227478027
0.343282282 0.019024393 0.939039648 141.555404663 0.016948143 0.999506593 -0.026445108 -10.863868713 -0.939079404 0.024993114 0.342790425 461.523864746
0.350353241 0.012212791 0.936538160 142.343643188 0.018825324 0.999621153 -0.020077862 -10.891009331 -0.936428547 0.024664976 0.349990606 461.819213867
0.356501818 0.005913220 0.934275985 143.126007080 0.017898582 0.999753237 -0.013157397 -10.922055244 -0.934123218 0.021412849 0.356307983 462.128417969
0.363374472 0.007399194 0.931613803 143.899108887 0.012954881 0.999831676 -0.012994036 -10.951792717 -0.931553125 0.016790647 0.363217473 462.440063477
0.370149255 0.013612301 0.928872526 144.658554077 0.013159255 0.999715507 -0.019894352 -10.977558136 -0.928879082 0.019587152 0.369864821 462.750488281
0.378381848 0.018250214 0.925469577 145.423675537 0.017029239 0.999499142 -0.026672542 -10.999467850 -0.925492823 0.025852449 0.377881587 463.059570312
0.384581685 0.020942716 0.922853470 146.174530029 0.013188534 0.999515891 -0.028178526 -11.029407501 -0.922996879 0.023008028 0.384119272 463.397705078
0.391345501 0.017163863 0.920083761 146.949737549 0.010809290 0.999671340 -0.023246132 -11.064159393 -0.920180321 0.019042721 0.391031384 463.731811523
0.398802161 0.012534098 0.916951418 147.715164185 0.012737877 0.999734402 -0.019205667 -11.095379829 -0.916948617 0.019339275 0.398536563 464.069183350
0.405971169 0.014400499 0.913772464 148.463439941 0.015596462 0.999621034 -0.022682624 -11.131286621 -0.913752794 0.023460107 0.405592740 464.400665283
0.412777901 0.021181688 0.910585463 149.204833984 0.014414341 0.999452472 -0.029783053 -11.163414001 -0.910717726 0.025419276 0.412246585 464.746490479
0.419946253 0.027088124 0.907144725 149.950210571 0.014627259 0.999222636 -0.036609080 -11.191923141 -0.907431185 0.028642885 0.419223547 465.090881348
0.427776754 0.027093768 0.903478265 150.687698364 0.013667092 0.999242485 -0.036436636 -11.223463058 -0.903781056 0.027934667 0.427082419 465.450683594
0.436432838 0.025325786 0.899380445 151.416305542 0.010702054 0.999386907 -0.033335164 -11.265276909 -0.899673283 0.024173781 0.435894251 465.819091797
0.445005000 0.025318615 0.895170212 152.139038086 0.008663744 0.999431789 -0.032574411 -11.305300713 -0.895486236 0.022251301 0.444532752 466.194213867
0.453595638 0.027183617 0.890792906 152.867919922 0.004727038 0.999447286 -0.032906361 -11.344264030 -0.891195059 0.019136993 0.453216434 466.574645996
0.461773515 0.028224910 0.886548758 153.576309204 0.003512940 0.999427557 -0.033648390 -11.379514694 -0.886990964 0.018652329 0.461410046 466.956970215
0.470169127 0.027128659 0.882159352 154.278564453 0.002684078 0.999478877 -0.032167085 -11.416479111 -0.882572293 0.017491758 0.469851315 467.337829590
0.478095055 0.026879136 0.877896786 154.973739624 0.000630525 0.999520838 -0.030946363 -11.446439743 -0.878307939 0.015348841 0.477849066 467.731628418
0.486198902 0.026797753 0.873437226 155.667648315 -0.000742572 0.999541998 -0.030253397 -11.493012428 -0.873847902 0.014060580 0.485996127 468.125549316
0.494740784 0.030806307 0.868494451 156.346343994 -0.001751490 0.999404788 -0.034452081 -11.530291557 -0.869038880 0.015523692 0.494500279 468.519775391
0.503057837 0.035582244 0.863519967 157.020278931 -0.001971960 0.999196768 -0.040024150 -11.570941925 -0.864250481 0.018431636 0.502723932 468.922851562
0.511260390 0.038707387 0.858553827 157.689010620 -0.002588063 0.999050081 -0.043500412 -11.613732338 -0.859422028 0.020018047 0.510874867 469.322784424
0.518698454 0.036399174 0.854182065 158.358505249 -0.004213151 0.999189973 -0.040019967 -11.637218475 -0.854946911 0.017159496 0.518431664 469.738037109
0.526648283 0.027639695 0.849633873 159.018615723 -0.004075137 0.999541879 -0.029990412 -11.674404144 -0.850073516 0.012332025 0.526519656 470.153717041
0.534377813 0.017966125 0.845054805 159.672637939 -0.002435984 0.999802649 -0.019715697 -11.707326889 -0.845242262 0.008477091 0.534316063 470.575317383
0.542457998 0.012897704 0.839983940 160.315292358 -0.000211073 0.999884188 -0.015216615 -11.739487648 -0.840082943 0.008077078 0.542397916 470.992248535
0.550210238 0.012922198 0.834926188 160.948089600 0.001551004 0.999862731 -0.016497031 -11.765854836 -0.835024714 0.010371809 0.550114632 471.413391113
0.557711482 0.017873073 0.829842448 161.548797607 -0.000373365 0.999773443 -0.021282107 -11.791780472 -0.830034852 0.011559443 0.557591796 471.830413818
0.564946532 0.021008121 0.824860036 162.134399414 -0.001480294 0.999700010 -0.024447216 -11.815023422 -0.825126231 0.012590335 0.564808130 472.245849609
0.572060108 0.023853583 0.819864810 162.712860107 -0.003712244 0.999642074 -0.026493905 -11.843573570 -0.820203364 0.012112570 0.571943939 472.655548096
0.578423262 0.023746377 0.815391183 163.282714844 -0.004905483 0.999659359 -0.025632907 -11.871109009 -0.815722167 0.010826781 0.578342676 473.062927246
0.582946181 0.023404781 0.812173665 163.821075439 -0.006638480 0.999688864 -0.024043655 -11.897897720 -0.812483728 0.008624561 0.582920194 473.469329834
0.586949706 0.024490954 0.809252918 164.346603394 -0.009627692 0.999682844 -0.023271114 -11.929335594 -0.809566200 0.005867739 0.586999357 473.862030029
0.589359283 0.023859596 0.807518661 164.871673584 -0.009069612 0.999696195 -0.022918465 -11.955292702 -0.807820141 0.006183330 0.589396656 474.248138428
0.590427518 0.025403727 0.806690812 165.362442017 -0.010721272 0.999663174 -0.023633638 -11.983501434 -0.807019532 0.005305201 0.590501070 474.619110107
0.590036511 0.029097026 0.806852102 165.836730957 -0.012669601 0.999561012 -0.026781522 -12.011058807 -0.807277203 0.005579583 0.590146184 474.966674805
0.587081671 0.033901881 0.808817565 166.294830322 -0.015808696 0.999412298 -0.030415962 -12.036422729 -0.809373438 0.005070303 0.587272525 475.322326660
0.583281875 0.035757344 0.811482370 166.741073608 -0.016556108 0.999346375 -0.032135136 -12.060731888 -0.812101066 0.005308852 0.583492637 475.639129639
0.577574611 0.036496572 0.815521598 167.179107666 -0.018417146 0.999328375 -0.031678844 -12.085376740 -0.816130102 0.003277315 0.577858925 475.920532227
0.568287492 0.033140860 0.822162390 167.601409912 -0.018923888 0.999450684 -0.027206849 -12.102645874 -0.822612405 -0.000097197 0.568602502 476.211669922
0.557581484 0.026556754 0.829697371 168.006958008 -0.018568072 0.999637067 -0.019517845 -12.120170593 -0.829914570 -0.004523089 0.557872236 476.479370117
0.546093464 0.019995041 0.837485611 168.398666382 -0.015867976 0.999782622 -0.013522974 -12.137833595 -0.837574005 -0.005904392 0.546292067 476.715942383
0.533664942 0.014326734 0.845574677 168.764282227 -0.011721970 0.999885738 -0.009543206 -12.160632133 -0.845614791 -0.004818925 0.533771932 476.930847168
0.520630479 0.011264846 0.853707790 169.123672485 -0.006423158 0.999936342 -0.009277222 -12.176861763 -0.853757977 -0.000653495 0.520669699 477.123931885
0.505126178 0.011971300 0.862962544 169.463882446 -0.003577808 0.999924242 -0.011777046 -12.189857483 -0.863038123 0.002861382 0.505130768 477.323059082
0.488453150 0.015620430 0.872450352 169.811447144 0.001803176 0.999819577 -0.018910395 -12.202318192 -0.872588336 0.010810025 0.488336861 477.494171143
0.469647884 0.022767562 0.882560313 170.154190063 0.001463015 0.999645948 -0.026566578 -12.218835831 -0.882852733 0.013768138 0.469448328 477.662231445
0.447065413 0.028819898 0.894036949 170.494659424 -0.001346538 0.999501407 -0.031546280 -12.233676910 -0.894500375 0.012899401 0.446881294 477.826049805
0.420753419 0.031743940 0.906619549 170.844665527 -0.004700971 0.999450445 -0.032812603 -12.244457245 -0.907162905 0.009544027 0.420671403 477.976715088
0.391100168 0.030674728 0.919836760 171.206451416 -0.003327156 0.999485016 -0.031916182 -12.252662659 -0.920342088 0.009421987 0.391000867 478.105102539
0.357589841 0.028921658 0.933430851 171.562042236 -0.001722807 0.999539077 -0.030309981 -12.267188072 -0.933877230 0.009230420 0.357474864 478.226562500
0.322204888 0.026549341 0.946297586 171.903594971 0.003326367 0.999568760 -0.029176511 -12.275859833 -0.946664155 0.012548547 0.321977615 478.312957764
0.285642684 0.022842331 0.958063960 172.266067505 0.009779630 0.999594390 -0.026748262 -12.292150497 -0.958286345 0.017009957 0.285303414 478.385894775
0.247793198 0.020892091 0.968587697 172.625152588 0.013813365 0.999589622 -0.025094658 -12.313243866 -0.968714476 0.019597741 0.247402906 478.442260742
0.207773387 0.022614380 0.977915645 172.975280762 0.013815272 0.999565184 -0.026050301 -12.337644577 -0.978079557 0.018922731 0.207370639 478.487976074
0.165263951 0.027036047 0.985878825 173.333282471 0.008860554 0.999543130 -0.028896075 -12.355036736 -0.986209691 0.013510914 0.164948881 478.529235840
0.120578945 0.032083035 0.992185235 173.695785522 0.005218574 0.999443293 -0.032951940 -12.365592003 -0.992690086 0.009151103 0.120344400 478.545104980
0.073278487 0.034710731 0.996707380 174.068847656 0.006837132 0.999353170 -0.035305548 -12.378658295 -0.997288167 0.009401761 0.072993815 478.543151855
0.025013506 0.037825085 0.998971343 174.451324463 0.008033526 0.999244034 -0.038036570 -12.387406349 -0.999654949 0.008976695 0.024690747 478.510070801
-0.025459051 0.039194267 0.998907328 174.804504395 0.013084369 0.999158561 -0.038870648 -12.410693169 -0.999590337 0.012080465 -0.025950432 478.458740234
-0.077786088 0.037603661 0.996260822 175.199218750 0.014733144 0.999222636 -0.036565129 -12.424701691 -0.996861398 0.011833800 -0.078279734 478.399414062
-0.130434752 0.032545295 0.990922511 175.598876953 0.012823286 0.999432862 -0.031136880 -12.441010475 -0.991373897 0.008645552 -0.130778074 478.319152832
-0.183528900 0.027284594 0.982635677 176.004852295 0.009161235 0.999618769 -0.026045101 -12.451149940 -0.982971728 0.004222129 -0.183708906 478.221466064
-0.237394333 0.021620117 0.971172929 176.414398193 0.006464565 0.999765337 -0.020676438 -12.480471611 -0.971392035 0.001369745 -0.237478375 478.096374512
-0.290696025 0.017905757 0.956648052 176.829650879 0.006153931 0.999839187 -0.016844187 -12.500177383 -0.956795812 0.000990610 -0.290759563 477.925109863
-0.346079946 0.016134663 0.938066304 177.226135254 0.005884979 0.999869764 -0.015026538 -12.505363464 -0.938186586 0.000320118 -0.346129775 477.744689941
-0.401548147 0.014324324 0.915726006 177.645751953 0.004686685 0.999896705 -0.013585851 -12.517942429 -0.915826023 -0.001163651 -0.401573777 477.528320312
-0.456014872 0.012998534 0.889877200 178.067687988 0.002207681 0.999906778 -0.013474428 -12.530683517 -0.889969349 -0.004179975 -0.456001043 477.282043457
-0.508486629 0.012763498 0.860975504 178.517272949 0.000920366 0.999897599 -0.014279384 -12.529018402 -0.861069620 -0.006468460 -0.508446336 476.987213135
-0.556526899 0.011282532 0.830753207 178.948730469 0.000693205 0.999913752 -0.013115536 -12.539100647 -0.830829501 -0.006723265 -0.556486726 476.652648926
-0.600400686 0.012041008 0.799608767 179.399536133 0.002252774 0.999908149 -0.013365705 -12.538751602 -0.799696267 -0.006223441 -0.600372672 476.304595947
-0.636260748 0.012671760 0.771370292 179.836242676 0.005505492 0.999914229 -0.011885013 -12.545322418 -0.771454692 -0.003315192 -0.636275887 475.910278320
-0.665682793 0.013157465 0.746119142 180.286437988 0.007747295 0.999912500 -0.010720911 -12.551191330 -0.746194899 -0.001356319 -0.665726423 475.491699219
-0.688567281 0.013047595 0.725055277 180.751281738 0.008821512 0.999914825 -0.009616207 -12.556278229 -0.725118995 -0.000225322 -0.688623786 475.026641846
-0.706754565 0.012696662 0.707344949 181.219848633 0.009230920 0.999919355 -0.008725083 -12.565010071 -0.707398653 0.000362952 -0.706814766 474.543212891
-0.721386194 0.013419467 0.692402959 181.691711426 0.010394734 0.999909401 -0.008549405 -12.573390961 -0.692454994 0.001029922 -0.721460342 474.035278320
-0.733410001 0.014691975 0.679628134 182.172180176 0.011668824 0.999891222 -0.009023093 -12.575756073 -0.679686725 0.001312835 -0.733501673 473.505401611
-0.743432403 0.015188355 0.668638706 182.664001465 0.012385853 0.999883294 -0.008941361 -12.583995819 -0.668696523 0.001634364 -0.743533850 472.949890137
-0.752095103 0.015548488 0.658871114 183.166687012 0.011945492 0.999879062 -0.009960158 -12.585210800 -0.658946276 0.000379553 -0.752189875 472.367889404
-0.759633422 0.015986243 0.650155127 183.677062988 0.013116911 0.999871075 -0.009259543 -12.590415955 -0.650219321 0.001494169 -0.759745121 471.764831543
-0.765479326 0.015510485 0.643273771 184.202270508 0.014277168 0.999872744 -0.007119266 -12.601045609 -0.643302321 0.003734476 -0.765603304 471.143859863
-0.769423366 0.014548176 0.638573587 184.747131348 0.015551210 0.999870896 -0.004041561 -12.607707977 -0.638549924 0.006820919 -0.769550323 470.487884521
-0.771639824 0.015373773 0.635873914 185.276672363 0.018415336 0.999828756 -0.001826045 -12.620962143 -0.635793090 0.010300783 -0.771790743 469.848114014
-0.773267746 0.017308021 0.633843720 185.833923340 0.018806731 0.999813616 -0.004357794 -12.625429153 -0.633800983 0.008550786 -0.773449183 469.175018311
-0.774659514 0.019340213 0.632082939 186.401245117 0.017943062 0.999801993 -0.008601124 -12.635121346 -0.632124186 0.004678561 -0.774853230 468.489746094
-0.775840640 0.019884000 0.630615652 186.993774414 0.016222572 0.999801517 -0.011566355 -12.640428543 -0.630720437 0.001256559 -0.776009202 467.776306152
-0.777041554 0.019718483 0.629140377 187.595947266 0.017968096 0.999796748 -0.009143456 -12.651498795 -0.629192829 0.004199609 -0.777237892 467.029937744
-0.778523803 0.016739633 0.627391934 188.206665039 0.017952368 0.999829173 -0.004399850 -12.659290314 -0.627358377 0.007837783 -0.778691292 466.275604248
-0.780113578 0.015533807 0.625445247 188.822448730 0.018668784 0.999824524 -0.001546596 -12.667135239 -0.625359476 0.010469780 -0.780266643 465.515899658
-0.781241059 0.016511394 0.624011099 189.461242676 0.019914830 0.999800503 -0.001522118 -12.670085907 -0.623911738 0.011237933 -0.781414032 464.730987549
-0.781353474 0.017848847 0.623833656 190.065856934 0.021402115 0.999769330 -0.001798745 -12.680919647 -0.623721838 0.011945902 -0.781555295 463.964019775
-0.781641960 0.019463651 0.623423994 190.682434082 0.022932686 0.999733984 -0.002459529 -12.691921234 -0.623305976 0.012374314 -0.781880379 463.199615479
-0.781210065 0.022474237 0.623863697 191.312377930 0.025446810 0.999667585 -0.004147484 -12.701571465 -0.623749554 0.012635283 -0.781522274 462.411560059
-0.780483961 0.023761885 0.624724269 191.949707031 0.025866078 0.999649107 -0.005707303 -12.717426300 -0.624640644 0.011704708 -0.780824780 461.632019043
-0.779135227 0.025068227 0.626354337 192.592651367 0.027097132 0.999612927 -0.006300258 -12.729597092 -0.626269877 0.012063654 -0.779513001 460.836486816
-0.777605891 0.026219200 0.628205359 193.224853516 0.029215511 0.999557674 -0.005554639 -12.749469757 -0.628073156 0.014034020 -0.778027892 460.047882080
-0.776251912 0.026051249 0.629884541 193.867248535 0.030260190 0.999533832 -0.004047693 -12.766606331 -0.629696369 0.015918396 -0.776678443 459.259735107
-0.775512218 0.025440477 0.630819857 194.511962891 0.030556753 0.999529243 -0.002744630 -12.782420158 -0.630592763 0.017147312 -0.775924563 458.489105225
-0.774115443 0.025782570 0.632519305 195.155029297 0.031413894 0.999503851 -0.002295267 -12.802766800 -0.632264674 0.018093092 -0.774541259 457.701660156
-0.773088694 0.026154704 0.633758605 195.804870605 0.031936653 0.999487281 -0.002290199 -12.819086075 -0.633493602 0.018469602 -0.773527503 456.911804199
-0.772190928 0.026496252 0.634838343 196.448974609 0.032620206 0.999465764 -0.002036863 -12.831214905 -0.634553194 0.019135710 -0.772642732 456.141479492
-0.770966291 0.025915194 0.636348665 197.102478027 0.032277424 0.999477684 -0.001597956 -12.846389771 -0.636057675 0.019307723 -0.771400094 455.363403320
-0.769797206 0.028757559 0.637640476 197.746154785 0.033966474 0.999414682 -0.004067234 -12.864852905 -0.637384236 0.018527452 -0.770323396 454.580047607
-0.768778443 0.030711161 0.638777494 198.394531250 0.034127951 0.999393106 -0.006975348 -12.879019737 -0.638604105 0.016437670 -0.769360065 453.810150146
-0.768227935 0.030429196 0.639452994 199.050476074 0.033124100 0.999421060 -0.007764019 -12.900174141 -0.639319062 0.015216769 -0.768791080 453.035583496
-0.767527461 0.029025137 0.640358865 199.688842773 0.033105653 0.999436080 -0.005620718 -12.918643951 -0.640160859 0.016885443 -0.768055439 452.265594482
-0.767157912 0.026496869 0.640910923 200.334472656 0.032034405 0.999482334 -0.002976559 -12.932265282 -0.640658021 0.018247709 -0.767609596 451.496734619
-0.767003298 0.025555804 0.641134083 200.970275879 0.031527486 0.999500632 -0.002123358 -12.952865601 -0.640868187 0.018584725 -0.767425895 450.742736816
-0.767158866 0.025575183 0.640947282 201.618896484 0.031216446 0.999509454 -0.002519191 -12.971842766 -0.640697360 0.018075477 -0.767580986 449.977905273
-0.767480016 0.023611674 0.640637934 202.282043457 0.027720785 0.999609113 -0.003632780 -12.986916542 -0.640473247 0.014970900 -0.767834544 449.204620361
-0.767505050 0.023750180 0.640603065 202.922973633 0.027215989 0.999619663 -0.004453218 -13.001483917 -0.640465200 0.014016778 -0.767859459 448.449188232
-0.767907381 0.023428354 0.640132666 203.561523438 0.027158242 0.999623120 -0.004006230 -13.023094177 -0.639985263 0.014308463 -0.768254280 447.684753418
-0.768619895 0.024170592 0.639248967 204.206665039 0.028422382 0.999589443 -0.003620905 -13.042857170 -0.639074028 0.015385878 -0.768991351 446.910736084
-0.769123197 0.024578353 0.638627827 204.844909668 0.029296553 0.999565661 -0.003186554 -13.063179016 -0.638428748 0.016258741 -0.769509196 446.153717041
-0.769595385 0.025014983 0.638041615 205.474182129 0.030102076 0.999542654 -0.002879316 -13.079874992 -0.637821853 0.016990470 -0.769996405 445.402282715
-0.769987106 0.026924362 0.637491405 206.104370117 0.031376552 0.999498308 -0.004315856 -13.098752975 -0.637287796 0.016679127 -0.770445585 444.640808105
-0.769824624 0.027878331 0.637646258 206.729309082 0.031393223 0.999490321 -0.005797642 -13.110044479 -0.637482882 0.015554602 -0.770307422 443.882232666
-0.769868493 0.025314000 0.637700558 207.359008789 0.030273076 0.999536753 -0.003129984 -13.129152298 -0.637484431 0.016895482 -0.770278096 443.135498047
-0.769163966 0.021876028 0.638677180 207.989013672 0.029589670 0.999561131 0.001398006 -13.142522812 -0.638366342 0.019973541 -0.769473791 442.378540039
-0.768731713 0.018717565 0.639297545 208.618408203 0.027955957 0.999599695 0.004349395 -13.155927658 -0.638960242 0.021215692 -0.768947244 441.640655518
-0.767758131 0.018383816 0.640476108 209.251403809 0.027752049 0.999604344 0.004575217 -13.164408684 -0.640138626 0.021287184 -0.767964482 440.888244629
-0.766064644 0.019235838 0.642475843 209.874816895 0.028715886 0.999578297 0.004312214 -13.177666664 -0.642121971 0.021752695 -0.766294003 440.155731201
-0.764150381 0.018864604 0.644762218 210.513732910 0.025974615 0.999661446 0.001535904 -13.185337067 -0.644514978 0.017921112 -0.764381647 439.410827637
-0.762434483 0.020752972 0.646732688 211.152587891 0.026010768 0.999660671 -0.001413918 -13.195269585 -0.646542609 0.015743993 -0.762715578 438.669708252
-0.760722637 0.021136247 0.648733139 211.794799805 0.026731864 0.999641895 -0.001222613 -13.206763268 -0.648526669 0.016411774 -0.761015177 437.919830322
-0.759441018 0.021851206 0.650209129 212.442749023 0.027899718 0.999610245 -0.001006596 -13.209363937 -0.649977684 0.017376201 -0.759754658 437.162658691
-0.758046508 0.024621729 0.651735663 213.094055176 0.029044822 0.999570191 -0.003979871 -13.220365524 -0.651553571 0.015912618 -0.758435845 436.406097412
-0.756787062 0.028923165 0.653021693 213.744445801 0.032006603 0.999461889 -0.007174995 -13.231618881 -0.652877808 0.015471061 -0.757305622 435.647155762
-0.756226659 0.028992614 0.653667033 214.412170410 0.032902993 0.999438941 -0.006263470 -13.246717453 -0.653481841 0.016771000 -0.756756306 434.880523682
-0.756758809 0.026166834 0.653170526 215.107604980 0.030178722 0.999531627 -0.005077649 -13.264188766 -0.652997494 0.015869295 -0.757194042 434.106994629
-0.756934047 0.024958013 0.653014779 215.785583496 0.026718011 0.999616802 -0.007235183 -13.276908875 -0.652945101 0.011970700 -0.757310867 433.332550049
-0.757983088 0.022683959 0.651879787 216.482299805 0.022518378 0.999709427 -0.008604074 -13.290929794 -0.651885569 0.008157532 -0.758273602 432.547943115
-0.759018064 0.018777158 0.650798917 217.175842285 0.019170132 0.999795198 -0.006488702 -13.309973717 -0.650787473 0.007550859 -0.759222627 431.754943848
-0.759294033 0.016070746 0.650549293 217.867309570 0.017658364 0.999835730 -0.004089185 -13.322983742 -0.650508165 0.008382743 -0.759453058 430.947631836
-0.759664178 0.016127890 0.650115609 218.562744141 0.019591523 0.999806225 -0.001910104 -13.334069252 -0.650020421 0.011285718 -0.759832978 430.144409180
-0.759927034 0.017059419 0.649784863 219.261413574 0.022243951 0.999752522 -0.000233036 -13.344509125 -0.649628043 0.014276691 -0.760118484 429.334899902
-0.759911895 0.018680289 0.649757743 219.938354492 0.025065105 0.999685645 0.000573833 -13.363496780 -0.649542749 0.016722308 -0.760141253 428.538238525
-0.759896159 0.020044066 0.649735510 220.614685059 0.026659150 0.999644518 0.000340511 -13.386781693 -0.649497747 0.017580148 -0.760160327 427.732421875
-0.759628415 0.020557841 0.650032580 221.309082031 0.026517754 0.999648154 -0.000626081 -13.402136803 -0.649816751 0.016761813 -0.759906292 426.929199219
-0.758779883 0.021091485 0.651005805 222.006347656 0.026931489 0.999636769 -0.000996544 -13.414842606 -0.650790334 0.016776396 -0.759072304 426.126434326
-0.757786751 0.021480812 0.652148545 222.694885254 0.026864329 0.999637604 -0.001710645 -13.434022903 -0.651948988 0.016223229 -0.758089304 425.337188721
-0.756736636 0.021254184 0.653374314 223.368713379 0.026007520 0.999658883 -0.002396926 -13.449075699 -0.653202355 0.015178804 -0.757031322 424.559570312
-0.755848527 0.021557916 0.654391766 224.061645508 0.025761418 0.999663055 -0.003176882 -13.465872765 -0.654239774 0.014456818 -0.756149173 423.773040771
-0.754467487 0.021319456 0.655991495 224.749511719 0.025170792 0.999676883 -0.003539728 -13.487298012 -0.655855000 0.013841213 -0.754760385 422.989379883
-0.753728509 0.023118310 0.656779647 225.437377930 0.026210785 0.999643385 -0.005107131 -13.510179520 -0.656663537 0.013365320 -0.754065633 422.207855225
-0.752522111 0.024284041 0.658119142 226.121337891 0.025150066 0.999650657 -0.008128584 -13.526210785 -0.658086598 0.010434801 -0.752869964 421.429748535
-0.751745343 0.024396677 0.659002364 226.804809570 0.023765478 0.999668539 -0.009898306 -13.543695450 -0.659025431 0.008220501 -0.752076030 420.664978027
-0.751125932 0.022559496 0.659773529 227.479125977 0.022280728 0.999712884 -0.008817248 -13.568224907 -0.659783006 0.008077372 -0.751412868 419.908813477
-0.750405192 0.021644721 0.660623610 228.146179199 0.022333944 0.999723256 -0.007385785 -13.591036797 -0.660600662 0.009211999 -0.750680923 419.147949219
-0.750361800 0.018858595 0.660758257 228.825622559 0.020258347 0.999779463 -0.005529021 -13.612312317 -0.660716832 0.009237104 -0.750578403 418.392700195
-0.750432968 0.015637634 0.660761714 229.505554199 0.017521610 0.999839425 -0.003762826 -13.634441376 -0.660714447 0.008753860 -0.750586390 417.639465332
-0.750893354 0.015806925 0.660234332 230.168518066 0.018882982 0.999818683 -0.002461177 -13.659246445 -0.660153508 0.010619111 -0.751055598 416.893188477
-0.751795769 0.015500637 0.659213960 230.817687988 0.020056373 0.999798656 -0.000635941 -13.674089432 -0.659091055 0.012743342 -0.751955390 416.162902832
-0.752558470 0.013707959 0.658382773 231.453002930 0.019465115 0.999809504 0.001432734 -13.688793182 -0.658237755 0.013893713 -0.752681971 415.443572998
-0.753552914 0.013513973 0.657248437 232.070312500 0.020188665 0.999792814 0.002589666 -13.702474594 -0.657077253 0.015220418 -0.753669620 414.733886719
-0.755699515 0.013445498 0.654780447 232.692077637 0.020162893 0.999792933 0.002740421 -13.721984863 -0.654608011 0.015273203 -0.755814075 414.035736084
-0.758140326 0.013701200 0.651947618 233.276794434 0.020170946 0.999793530 0.002445035 -13.736650467 -0.651779532 0.015004080 -0.758260250 413.360321045
-0.761584401 0.013851545 0.647917986 233.852233887 0.020000599 0.999797702 0.002135145 -13.751876831 -0.647757351 0.014584839 -0.761707306 412.692596436
-0.765670776 0.014324618 0.643073380 234.390563965 0.019748468 0.999804199 0.001242484 -13.770456314 -0.642929673 0.013651046 -0.765803814 412.054229736
-0.770538449 0.015542762 0.637204468 234.916809082 0.020603774 0.999787569 0.000528140 -13.782593727 -0.637060940 0.013535767 -0.770695090 411.416839600
-0.776914239 0.016705399 0.629384816 235.416442871 0.022672260 0.999741912 0.001451120 -13.798488617 -0.629198134 0.015396971 -0.777092457 410.801330566
-0.784781218 0.016810404 0.619545102 235.887756348 0.023030156 0.999732673 0.002046213 -13.815339088 -0.619345069 0.015874049 -0.784958601 410.204101562
-0.793942094 0.017495748 0.607741535 236.331115723 0.023061585 0.999733150 0.001346762 -13.826703072 -0.607555807 0.015084735 -0.794133663 409.617980957
-0.805511475 0.017392538 0.592324793 236.747436523 0.021676946 0.999765038 0.000122532 -13.838195801 -0.592183530 0.012938494 -0.805699229 409.047180176
-0.819458723 0.019329742 0.572812676 237.131469727 0.022276357 0.999750078 -0.001868609 -13.850690842 -0.572705626 0.011228929 -0.819684505 408.487640381
-0.835574389 0.020070925 0.549010813 237.482849121 0.022228565 0.999749243 -0.002718115 -13.867303848 -0.548927665 0.009932536 -0.835811019 407.934417725
-0.854091287 0.020379262 0.519723833 237.802734375 0.022281287 0.999748409 -0.002585764 -13.884259224 -0.519645751 0.009371637 -0.854330540 407.389068604
-0.874218225 0.020749971 0.485089958 238.086853027 0.022250112 0.999748886 -0.002666123 -13.897403717 -0.485023469 0.008462532 -0.874460340 406.842620850
-0.895911098 0.022931213 0.443641633 238.336395264 0.024226876 0.999702692 -0.002748332 -13.913155556 -0.443572789 0.008285790 -0.896200299 406.291229248
-0.918220639 0.024902174 0.395286202 238.551788330 0.026082842 0.999656916 -0.002387719 -13.919601440 -0.395210057 0.008117734 -0.918555140 405.720733643
-0.939288735 0.024817826 0.342229277 238.714324951 0.027387535 0.999621332 0.002677660 -13.932315826 -0.342033207 0.011887911 -0.939612746 405.180358887
-0.958889365 0.023615470 0.282797158 238.855865479 0.027249003 0.999588847 0.008921614 -13.940262794 -0.282470196 0.016260777 -0.959138632 404.602935791
-0.975846887 0.023701169 0.217166036 238.953308105 0.027589481 0.999508440 0.014889957 -13.947796822 -0.216706365 0.020521818 -0.976021051 404.025543213
-0.988835454 0.024609372 0.146965981 238.994934082 0.027682647 0.999438047 0.018902594 -13.950744629 -0.146418214 0.022759961 -0.988960981 403.455230713
-0.997007370 0.026012611 0.072799385 239.010955811 0.027624182 0.999393165 0.021218386 -13.953920364 -0.072203264 0.023165908 -0.997120976 402.891143799
-0.999591827 0.028561495 -0.000737662 238.962585449 0.028538100 0.999346256 0.022196308 -13.939749718 0.001371140 0.022166196 -0.999753475 402.330657959
-0.996691108 0.030267105 -0.075438723 238.892639160 0.028498568 0.999295712 0.024410857 -13.934956551 0.076124445 0.022180187 -0.996851802 401.794372559
-0.988323212 0.032182265 -0.148934841 238.776275635 0.028455557 0.999228001 0.027086565 -13.930459976 0.149691567 0.022532256 -0.988476038 401.253356934
-0.974598527 0.035746071 -0.221088707 238.612014771 0.029936554 0.999114215 0.029573165 -13.921241760 0.221949995 0.022203326 -0.974805355 400.730712891
-0.955740094 0.038745943 -0.291650653 238.423645020 0.030553581 0.999001563 0.032593735 -13.910007477 0.292622328 0.022240160 -0.955969691 400.228302002
-0.932260275 0.041367553 -0.359416187 238.183471680 0.030517153 0.998892426 0.035813123 -13.892818451 0.360499620 0.022418784 -0.932490230 399.719421387
-0.904998302 0.045653056 -0.422959149 237.910675049 0.031643514 0.998694897 0.040089361 -13.873256683 0.424237341 0.022896880 -0.905261755 399.214294434
-0.875844121 0.047380794 -0.480262727 237.618713379 0.029424941 0.998560190 0.044852354 -13.855520248 0.481696367 0.025151966 -0.875977159 398.769622803
-0.845173240 0.049948473 -0.532153964 237.280059814 0.027688105 0.998378634 0.049734198 -13.834022522 0.533775270 0.027299667 -0.845185876 398.304016113
-0.813398719 0.051065747 -0.579461098 236.918457031 0.024875540 0.998281598 0.053056661 -13.814067841 0.581174731 0.028741803 -0.813271284 397.846801758
-0.780929804 0.051608559 -0.622483313 236.539733887 0.021697884 0.998220742 0.055539180 -13.791254997 0.624242008 0.029865624 -0.780660152 397.393890381
-0.748586535 0.050927997 -0.661078453 236.177963257 0.016749792 0.998180091 0.057930559 -13.776026726 0.662825644 0.032293104 -0.748077154 396.964477539
-0.719347358 0.052381363 -0.692672789 235.745864868 0.014718246 0.998078346 0.060191728 -13.744974136 0.694494665 0.033103831 -0.718736053 396.552368164
-0.692632914 0.052447103 -0.719381332 235.293579102 0.010059891 0.997958302 0.063071169 -13.718046188 0.721220493 0.036448251 -0.691746354 396.137084961
-0.666396260 0.051550068 -0.743813753 234.819671631 0.004364141 0.997859597 0.065246828 -13.681820869 0.745585203 0.040234126 -0.665194988 395.726501465
-0.638270855 0.050648276 -0.768144131 234.324264526 -0.001787905 0.997733057 0.067272052 -13.654163361 0.769810021 0.044311143 -0.636733413 395.329559326
-0.607449532 0.046895117 -0.792972922 233.819488525 -0.010390371 0.997701406 0.066961870 -13.617382050 0.794290423 0.048915233 -0.605566025 394.907562256
-0.578045487 0.044963390 -0.814764857 233.280914307 -0.015547465 0.997692645 0.066088744 -13.578159332 0.815856457 0.050869823 -0.576012731 394.540374756
-0.548034430 0.043782342 -0.835309267 232.722686768 -0.019432941 0.997693181 0.065043300 -13.543064117 0.836230099 0.051878478 -0.545919418 394.186462402
-0.519860983 0.042681076 -0.853184104 232.140991211 -0.022353791 0.997729361 0.063532628 -13.508567810 0.853958488 0.052100025 -0.517726541 393.854827881
-0.492931247 0.043242365 -0.868993104 231.517730713 -0.022114240 0.997818887 0.062197100 -13.474672318 0.869787276 0.049876008 -0.490899801 393.541107178
-0.464157343 0.042044837 -0.884754539 230.885803223 -0.022565462 0.997987270 0.059264053 -13.423477173 0.885465503 0.047472727 -0.462274313 393.194366455
-0.437662840 0.043104455 -0.898105443 230.225738525 -0.021390375 0.998068392 0.058326077 -13.384644508 0.898884773 0.044737961 -0.435895443 392.896453857
-0.411733270 0.043365318 -0.910272300 229.546447754 -0.021102739 0.998145580 0.057096764 -13.346523285 0.911060274 0.042717859 -0.410054564 392.607238770
-0.386434913 0.043748401 -0.921278715 228.841827393 -0.018123766 0.998321354 0.055009000 -13.310297012 0.922138751 0.037954427 -0.384993315 392.331726074
-0.362168074 0.044508338 -0.931049585 228.117706299 -0.013266883 0.998511970 0.052894011 -13.268394470 0.932018399 0.031508647 -0.361038685 392.057403564
-0.338933468 0.047260672 -0.939622700 227.368774414 -0.005668034 0.998616755 0.052272458 -13.228033066 0.940793455 0.023042688 -0.338196754 391.811218262
-0.317894101 0.051916286 -0.946703732 226.596710205 -0.000951545 0.998481750 0.055075258 -13.189342499 0.948125720 0.018408930 -0.317361951 391.572235107
-0.298092127 0.056917462 -0.952838838 225.789367676 0.003700797 0.998282075 0.058474224 -13.146665573 0.954530120 0.013904434 -0.297790647 391.341796875
-0.280343294 0.059115157 -0.958077848 224.961822510 0.004669055 0.998174012 0.060222954 -13.100633621 0.959888518 0.012409776 -0.280107379 391.111633301
-0.263275266 0.056873247 -0.963042855 224.120727539 0.001548687 0.998284400 0.058531087 -13.064393044 0.964719474 0.013918336 -0.262911677 390.863739014
-0.247039676 0.053048842 -0.967552245 223.273986816 -0.000121471 0.998498619 0.054776583 -13.017561913 0.969005406 0.013649513 -0.246662378 390.652923584
-0.229612350 0.050531074 -0.971969604 222.404449463 -0.003513874 0.998601794 0.052745737 -12.970949173 0.973275840 0.015526450 -0.229113698 390.442077637
-0.212338328 0.051266253 -0.975850642 221.506469727 -0.006366535 0.998529136 0.053842984 -12.921480179 0.977175593 0.017645709 -0.211699605 390.245117188
-0.195798874 0.054079641 -0.979151845 220.589141846 -0.003957237 0.998426557 0.055935524 -12.882111549 0.980636120 0.014826848 -0.195276856 390.065887451
-0.182238340 0.054493062 -0.981743276 219.654144287 -0.000523017 0.998457551 0.055517904 -12.836730003 0.983254373 0.010630951 -0.181928754 389.902648926
-0.170777202 0.050980445 -0.983990073 218.708679199 0.004145652 0.998688877 0.051022496 -12.789144516 0.985301137 0.004634188 -0.170764565 389.746398926
-0.160918117 0.045221113 -0.985931158 217.729980469 0.006784049 0.998976886 0.044712216 -12.748212814 0.986944377 0.000506402 -0.161060214 389.593139648
-0.151881456 0.040604662 -0.987564385 216.750732422 0.009327628 0.999170184 0.039647315 -12.707935333 0.988354802 -0.003189941 -0.152134180 389.446350098
-0.144433975 0.039371569 -0.988730967 215.730957031 0.010382355 0.999213398 0.038272332 -12.672525406 0.989460111 -0.004737532 -0.144729137 389.297607422
-0.139979839 0.041143738 -0.989299357 214.718231201 0.007899707 0.999150932 0.040435702 -12.636364937 0.990123034 -0.002154999 -0.140185952 389.137817383
-0.137073874 0.043983698 -0.989583850 213.665588379 0.008986066 0.999027789 0.043158732 -12.601566315 0.990520060 -0.002976536 -0.137335777 389.007568359
-0.132806420 0.044804912 -0.990128756 212.626617432 0.010965275 0.998983026 0.043734804 -12.568370819 0.991081357 -0.005048770 -0.133162737 388.865325928
-0.129412770 0.044719346 -0.990581989 211.578155518 0.009107177 0.998993993 0.043909315 -12.525985718 0.991549075 -0.003338980 -0.129689932 388.725891113
-0.126536608 0.044243023 -0.990974844 210.517150879 0.007495591 0.999018967 0.043645058 -12.484309196 0.991933644 -0.001905243 -0.126744151 388.573089600
-0.124123216 0.044771608 -0.991256416 209.420867920 0.008575113 0.998992622 0.044047277 -12.442670822 0.992229939 -0.003032851 -0.124382138 388.455444336
-0.121133804 0.043474723 -0.991683781 208.339904785 0.009003088 0.999047458 0.042697821 -12.402891159 0.992595434 -0.003756068 -0.121409893 388.328369141
-0.118134379 0.042511616 -0.992087305 207.262084961 0.004929624 0.999095976 0.042224944 -12.370240211 0.992985487 0.000097595 -0.118237138 388.188812256
-0.115236402 0.042972378 -0.992408156 206.169525146 0.003189050 0.999074697 0.042890739 -12.333423615 0.993332982 0.001777730 -0.115266800 388.054779053
-0.112872362 0.043801669 -0.992643654 205.082733154 0.001026812 0.999032438 0.043966830 -12.296729088 0.993609071 0.003943376 -0.112808108 387.918762207
-0.109834075 0.043085393 -0.993015885 203.995666504 0.000477834 0.999062240 0.043294892 -12.258094788 0.993950009 0.004280750 -0.109751701 387.792053223
-0.106932044 0.043486584 -0.993314862 202.879211426 -0.002335775 0.999029338 0.043988209 -12.221571922 0.994263589 0.007023910 -0.106726646 387.675689697
-0.103511214 0.044360921 -0.993638694 201.774230957 -0.004586803 0.998973012 0.045076899 -12.183627129 0.994617879 0.009223583 -0.103201389 387.550109863
-0.100948930 0.044002902 -0.993918121 200.661560059 -0.006474993 0.998971224 0.044884257 -12.145313263 0.994870603 0.010966623 -0.100560069 387.430725098
-0.098933458 0.043883380 -0.994125962 199.545410156 -0.006761712 0.998974442 0.044770315 -12.106753349 0.995071054 0.011151273 -0.098535180 387.320312500
-0.096759677 0.044704895 -0.994303465 198.427154541 -0.007816750 0.998925865 0.045673404 -12.064891815 0.995277226 0.012191555 -0.096306324 387.207611084
-0.094264984 0.047901601 -0.994394124 197.302764893 -0.009695031 0.998750210 0.049030494 -12.026300430 0.995499969 0.014262537 -0.093682766 387.088562012
-0.091058612 0.047606807 -0.994706988 196.179534912 -0.011365944 0.998741925 0.048840396 -11.982316971 0.995780706 0.015753120 -0.090402961 386.967315674
-0.088547826 0.045781877 -0.995019197 195.049591064 -0.013714953 0.998792410 0.047175992 -11.941044807 0.995977461 0.017823974 -0.087813020 386.874694824
-0.085857987 0.045183882 -0.995282233 193.928955078 -0.014716276 0.998804629 0.046613287 -11.901740074 0.996198654 0.018648976 -0.085090399 386.772491455
-0.083231211 0.045902360 -0.995472610 192.809661865 -0.016657148 0.998734951 0.047445491 -11.859743118 0.996391118 0.020530671 -0.082361221 386.671569824
-0.080485582 0.045829628 -0.995701611 191.692993164 -0.016694427 0.998740315 0.047318954 -11.822892189 0.996615946 0.020431165 -0.079619050 386.575988770
-0.078561425 0.046107434 -0.995842457 190.574157715 -0.015167061 0.998758972 0.047438990 -11.788607597 0.996793926 0.018830877 -0.077764630 386.494598389
-0.076092124 0.047753211 -0.995956659 189.458435059 -0.015868127 0.998668015 0.049095556 -11.746302605 0.996974528 0.019539751 -0.075232983 386.396575928
-0.075041294 0.049613103 -0.995945394 188.335632324 -0.017605253 0.998539925 0.051068850 -11.706101418 0.997024953 0.021366147 -0.074058294 386.314758301
-0.073295832 0.050108071 -0.996050715 187.225860596 -0.018357532 0.998499990 0.051582154 -11.660672188 0.997141302 0.022065785 -0.072265983 386.226318359
-0.071557879 0.051492162 -0.996106446 186.106506348 -0.019372402 0.998406470 0.053002723 -11.628499985 0.997248292 0.023089737 -0.070446372 386.138824463
-0.070273519 0.053148456 -0.996111035 185.004608154 -0.018387653 0.998340905 0.054564651 -11.585311890 0.997358441 0.022150582 -0.069179654 386.063781738
-0.068339944 0.055223096 -0.996132612 183.893615723 -0.017483857 0.998247266 0.056539811 -11.534829140 0.997508943 0.021280162 -0.067254663 385.979553223
-0.066927552 0.056641269 -0.996148825 182.788726807 -0.016826222 0.998181343 0.057887331 -11.489165306 0.997615933 0.020635679 -0.065852761 385.899566650
-0.065675497 0.057193607 -0.996200681 181.699096680 -0.016215572 0.998162985 0.058375303 -11.437264442 0.997709334 0.019987788 -0.064627409 385.829864502
-0.064255476 0.056191396 -0.996350229 180.600921631 -0.016092695 0.998225272 0.057334974 -11.392079353 0.997803748 0.019718045 -0.063237190 385.759338379
-0.062633634 0.054225091 -0.996562421 179.512878418 -0.017159093 0.998316824 0.055398997 -11.347970009 0.997889102 0.020569948 -0.061597824 385.684570312
-0.062172413 0.052754331 -0.996670425 178.421691895 -0.017197851 0.998397231 0.053918544 -11.302279472 0.997917414 0.020492826 -0.061165452 385.610839844
-0.061773062 0.053023349 -0.996680856 177.344268799 -0.015919939 0.998408496 0.054101959 -11.254789352 0.997963309 0.019209139 -0.060830593 385.538757324
-0.061813354 0.055235624 -0.996558130 176.265533447 -0.014726810 0.998308301 0.056246087 -11.216208458 0.997979045 0.018152883 -0.060895324 385.475952148
-0.062116385 0.056641631 -0.996460438 175.190460205 -0.012579568 0.998264611 0.057528362 -11.168566704 0.997989655 0.016108496 -0.061296105 385.414733887
-0.061872363 0.057679906 -0.996416032 174.116668701 -0.012238411 0.998209834 0.058543690 -11.126422882 0.998009086 0.015816784 -0.061055660 385.339599609
-0.061663389 0.057345085 -0.996448398 173.061614990 -0.012904916 0.998218894 0.058245577 -11.077056885 0.998013675 0.016450696 -0.060813546 385.262512207
-0.062137246 0.056651089 -0.996458530 171.985351562 -0.013751886 0.998244464 0.057610162 -11.026554108 0.997972846 0.017282918 -0.061249018 385.196472168
-0.061703801 0.056438070 -0.996497571 170.925811768 -0.014992240 0.998234928 0.057464797 -10.976902008 0.997981906 0.018485527 -0.060748696 385.120788574
-0.061645508 0.056085639 -0.996521056 169.874389648 -0.015947158 0.998237133 0.057168726 -10.928681374 0.997970700 0.019415872 -0.060642481 385.046417236
-0.061145544 0.055794470 -0.996568322 168.826446533 -0.016356232 0.998246372 0.056891978 -10.884552002 0.997994959 0.019778788 -0.060125709 384.968109131
-0.061322212 0.056227185 -0.996533096 167.778961182 -0.014015968 0.998265088 0.057187390 -10.846127510 0.998019636 0.017474229 -0.060427785 384.925689697
-0.060808778 0.056197315 -0.996566176 166.740203857 -0.013582362 0.998274803 0.057122439 -10.801768303 0.998057067 0.017009266 -0.059940577 384.855224609
-0.060463548 0.055953544 -0.996600926 165.706878662 -0.013560573 0.998289406 0.056871060 -10.762342453 0.998078346 0.016953100 -0.059601307 384.798431396
-0.059406519 0.055270620 -0.996702731 164.676116943 -0.013772412 0.998325586 0.056181494 -10.714202881 0.998139024 0.017064538 -0.058545828 384.733551025
-0.057584167 0.054334830 -0.996860981 163.644287109 -0.014053117 0.998374820 0.055229127 -10.676860809 0.998241723 0.017189324 -0.056726933 384.671630859
-0.055364251 0.051098589 -0.997157931 162.625396729 -0.014433959 0.998544276 0.051971041 -10.637167931 0.998362005 0.017270267 -0.054546118 384.607940674
-0.052906752 0.048010092 -0.997444749 161.611724854 -0.014119808 0.998707771 0.048819833 -10.597086906 0.998499691 0.016666621 -0.052160501 384.552062988
-0.049984336 0.047066174 -0.997640491 160.615020752 -0.012025942 0.998788238 0.047722857 -10.562880516 0.998677671 0.014382956 -0.049357653 384.498565674
-0.047605872 0.047957160 -0.997714281 159.615386963 -0.012711881 0.998736799 0.048612859 -10.529088974 0.998785317 0.014997085 -0.046936154 384.452941895
-0.044515729 0.049428809 -0.997785151 158.629486084 -0.010433738 0.998697758 0.049939521 -10.492102623 0.998954237 0.012633727 -0.043942094 384.402984619
-0.041695237 0.051897991 -0.997781754 157.657836914 -0.009016621 0.998589814 0.052316815 -10.460176468 0.999089837 0.011177972 -0.041168451 384.365112305
-0.038565159 0.052020952 -0.997901082 156.707855225 -0.008270675 0.998593152 0.052376661 -10.426330566 0.999221861 0.010273224 -0.038080692 384.327331543
-0.034861803 0.052155312 -0.998030424 155.767578125 -0.008215443 0.998588622 0.052471459 -10.397782326 0.999358475 0.010028506 -0.034384131 384.289306641
-0.030920506 0.051396850 -0.998199522 154.863464355 -0.008233175 0.998630047 0.051674053 -10.357794762 0.999487936 0.009816144 -0.030454993 384.256195068
-0.027089953 0.051052216 -0.998328626 153.968414307 -0.006943933 0.998661339 0.051257659 -10.328626633 0.999608994 0.008320889 -0.026699185 384.231689453
-0.024488449 0.052158054 -0.998338640 153.090301514 -0.006118010 0.998611510 0.052322384 -10.300498962 0.999681473 0.007389132 -0.024135351 384.212402344
-0.023165226 0.050500579 -0.998455465 152.238525391 -0.003559460 0.998712838 0.050596189 -10.271518707 0.999725461 0.004726027 -0.022955656 384.194946289
-0.024116874 0.049355842 -0.998490155 151.401397705 0.000825913 0.998781204 0.049350284 -10.245773315 0.999708891 0.000365511 -0.024128318 384.177093506
-0.026713729 0.048547860 -0.998463690 150.586303711 0.003141576 0.998819172 0.048481096 -10.217725754 0.999638319 -0.001841639 -0.026834726 384.153198242
-0.029848456 0.049908843 -0.998307765 149.802734375 0.005360275 0.998746276 0.049770504 -10.191102982 0.999540150 -0.003865635 -0.030078650 384.113189697
-0.035964370 0.053202957 -0.997935832 149.009490967 0.008168233 0.998564184 0.052942079 -10.163246155 0.999319673 -0.006247345 -0.036347270 384.100799561
-0.044318438 0.054868396 -0.997509599 148.244842529 0.011846697 0.998449266 0.054393746 -10.140108109 0.998947203 -0.009406544 -0.044899702 384.064331055
-0.055066824 0.054743785 -0.996980786 147.502929688 0.013943398 0.998440683 0.054053802 -10.116061211 0.998385251 -0.010924730 -0.055744290 384.019470215
-0.066910148 0.053812973 -0.996306777 146.782714844 0.015635381 0.998478472 0.052880228 -10.093070984 0.997636497 -0.012039410 -0.067649722 383.952941895
-0.080544591 0.054667212 -0.995250821 146.073303223 0.017137187 0.998423219 0.053454574 -10.068728447 0.996603727 -0.012750324 -0.081354380 383.880950928
-0.096153140 0.056020830 -0.993788898 145.418762207 0.018561427 0.998342216 0.054481618 -10.040802002 0.995193541 -0.013207561 -0.097033620 383.819152832
-0.114471555 0.058759287 -0.991687417 144.769958496 0.020393126 0.998177826 0.056789868 -10.020332336 0.993217349 -0.013722789 -0.115461230 383.731079102
-0.137513161 0.061841723 -0.988567531 144.159484863 0.024104204 0.997962415 0.059076462 -9.997365952 0.990206659 -0.015704842 -0.138723612 383.638031006
-0.167881131 0.064254977 -0.983711064 143.572387695 0.029181546 0.997760117 0.060192507 -9.977245331 0.985375345 -0.018601023 -0.169380188 383.526245117
-0.204974174 0.065802798 -0.976553082 143.026336670 0.034074754 0.997612417 0.060069706 -9.947676659 0.978174269 -0.020963071 -0.206727028 383.392791748
-0.248224854 0.067353494 -0.966358185 142.503723145 0.036359508 0.997524738 0.060186230 -9.941742897 0.968019962 -0.020196589 -0.250059485 383.231781006
-0.296863079 0.067475475 -0.952533245 142.011657715 0.038760088 0.997529805 0.058583118 -9.911806107 0.954133213 -0.019529106 -0.298745155 383.029357910
-0.350871801 0.067958638 -0.933954298 141.558868408 0.039671104 0.997546494 0.057682090 -9.896561623 0.935582817 -0.016811986 -0.352706909 382.829986572
-0.408195376 0.068179727 -0.910345316 141.112487793 0.042239100 0.997549713 0.055771019 -9.874873161 0.911917150 -0.015686696 -0.410075068 382.583068848
-0.468217731 0.069069169 -0.880909622 140.705627441 0.045724336 0.997498512 0.053907301 -9.856307983 0.882429361 -0.015038656 -0.470204711 382.335021973
-0.528624535 0.073153906 -0.845697761 140.316162109 0.052616946 0.997187674 0.053368434 -9.843085289 0.847223520 -0.016286174 -0.530987024 382.057006836
-0.589497924 0.076539375 -0.804135799 139.941131592 0.056720339 0.996965706 0.053312670 -9.825812340 0.805776358 -0.014183149 -0.592050552 381.747619629
-0.647884250 0.077186517 -0.757817984 139.591674805 0.058977906 0.996949494 0.051120717 -9.802669525 0.759452105 -0.011574212 -0.650460124 381.399414062
-0.702902198 0.074173532 -0.707408726 139.286407471 0.057010524 0.997223198 0.047913965 -9.794217110 0.708998322 -0.006650916 -0.705179095 381.029571533
-0.751338601 0.074457861 -0.655703187 139.029647827 0.058062740 0.997219682 0.046707239 -9.787809372 0.657357872 -0.002978975 -0.753572941 380.618072510
-0.797801495 0.075257130 -0.598205268 138.761093140 0.059603300 0.997163653 0.045957614 -9.756685257 0.599967182 0.001010038 -0.800024152 380.212677002
-0.838821530 0.077263504 -0.538896263 138.535583496 0.060597986 0.996977627 0.048616223 -9.739900589 0.541023731 0.008124303 -0.840968251 379.779815674
-0.875166416 0.075848706 -0.477839977 138.353118896 0.058020391 0.996960938 0.051985428 -9.726035118 0.480330825 0.017771432 -0.876907468 379.324645996
-0.906059980 0.071187124 -0.417118728 138.189895630 0.054123294 0.997147322 0.052611183 -9.713363647 0.419674039 0.025093039 -0.907328129 378.854766846
-0.931012034 0.068934731 -0.358419776 138.055969238 0.053709477 0.997187316 0.052275773 -9.704154968 0.361015260 0.029418832 -0.932095885 378.382812500
-0.950550795 0.066282921 -0.303413481 137.936676025 0.054108981 0.997363031 0.048365664 -9.688209534 0.305819213 0.029556626 -0.951630712 377.892456055
-0.965337873 0.063927092 -0.253053248 137.832336426 0.054791223 0.997571766 0.042994164 -9.665870667 0.255187273 0.027638800 -0.966496468 377.394042969
-0.976435900 0.058096696 -0.207841933 137.760147095 0.051662389 0.998006225 0.036257666 -9.651169777 0.209533989 0.024665669 -0.977490544 376.878723145
-0.984140635 0.051826429 -0.169651389 137.709274292 0.047418434 0.998426437 0.029934803 -9.633301735 0.170935854 0.021415448 -0.985049486 376.354064941
-0.989624739 0.041134164 -0.137663499 137.673400879 0.037633397 0.998901010 0.027937852 -9.617320061 0.138661414 0.022467241 -0.990085244 375.816223145
-0.993120313 0.037508868 -0.110929109 137.640716553 0.034503944 0.998987019 0.028886061 -9.605903625 0.111900218 0.024859842 -0.993408561 375.278228760
-0.995495915 0.037440367 -0.087099314 137.601440430 0.034845188 0.998907804 0.031128131 -9.591210365 0.088169634 0.027952932 -0.995713353 374.706481934
-0.996922255 0.041882418 -0.066272721 137.570648193 0.039727539 0.998648584 0.033506278 -9.580693245 0.067586482 0.030770298 -0.997238874 374.123474121
-0.997927427 0.042189553 -0.048588298 137.554443359 0.040551782 0.998591483 0.034213915 -9.567863464 0.049963333 0.032172665 -0.998232722 373.536346436
-0.998620749 0.039627198 -0.034446772 137.552764893 0.038565930 0.998776734 0.030946029 -9.551715851 0.035630938 0.029574869 -0.998927474 372.928833008
-0.999170899 0.034374386 -0.021823235 137.552337646 0.033762015 0.999042213 0.027834766 -9.535328865 0.022759136 0.027074888 -0.999374509 372.296569824
-0.999247670 0.036660153 -0.012672980 137.556045532 0.036329340 0.999016583 0.025416389 -9.523057938 0.013592286 0.024936862 -0.999596834 371.667785645
-0.999151111 0.040912133 -0.004872733 137.555816650 0.040779602 0.998861611 0.024747703 -9.510340691 0.005879667 0.024527982 -0.999682069 371.019775391
-0.999088287 0.042686805 0.000698510 137.564361572 0.042691283 0.998801172 0.023951886 -9.494911194 0.000324757 0.023959870 -0.999712944 370.353759766
-0.999070168 0.042917147 0.004151420 137.554794312 0.043002062 0.998806536 0.023158547 -9.481456757 -0.003152567 0.023315530 -0.999723315 369.661193848
-0.999028563 0.043635260 0.006211846 137.565109253 0.043759566 0.998810232 0.021523232 -9.471584320 -0.005265283 0.021774145 -0.999749422 368.966339111
-0.998893857 0.045810424 0.010622087 137.573333740 0.046008788 0.998755515 0.019249875 -9.459280014 -0.009727024 0.019717287 -0.999758482 368.250183105
-0.998539329 0.051775288 0.015460926 137.584365845 0.052049439 0.998484254 0.017889339 -9.445487976 -0.014511266 0.018667936 -0.999720693 367.511840820
-0.998162985 0.056779176 0.021138443 137.589385986 0.057118982 0.998241782 0.015834022 -9.435142517 -0.020202234 0.017012339 -0.999651194 366.763580322
-0.997998357 0.056949615 0.027499804 137.614532471 0.057417907 0.998213053 0.016550045 -9.429061890 -0.026508145 0.018095899 -0.999484897 365.999145508
-0.997902632 0.055806335 0.032810330 137.656219482 0.056359250 0.998279512 0.016175009 -9.417167664 -0.031851213 0.017990246 -0.999330997 365.212585449
-0.997659922 0.055990145 0.039247736 137.693405151 0.056614093 0.998283923 0.014969828 -9.404657364 -0.038342219 0.017156767 -0.999117613 364.415985107
-0.997367144 0.057056021 0.044758711 137.711730957 0.057702284 0.998245478 0.013281110 -9.402118683 -0.043922417 0.015828824 -0.998909473 363.579315186
-0.997301459 0.055765178 0.047752619 137.763946533 0.056346301 0.998351693 0.010910047 -9.394155502 -0.047065508 0.013571288 -0.998799801 362.744537354
-0.997023582 0.058055781 0.050731920 137.813949585 0.058617443 0.998233855 0.009653130 -9.384333611 -0.050081901 0.012598173 -0.998665810 361.886352539
-0.996560216 0.063304871 0.053480789 137.862960815 0.064011917 0.997881591 0.011610994 -9.379468918 -0.052632459 0.014994463 -0.998501301 361.005828857
-0.996272326 0.064891689 0.056837302 137.903442383 0.065830372 0.997721076 0.014799616 -9.370215416 -0.055747401 0.018486070 -0.998273730 360.101226807
-0.995953679 0.067466140 0.059367288 137.962677002 0.068620309 0.997487247 0.017619906 -9.358426094 -0.058029365 0.021622414 -0.998080611 359.188079834
-0.995649338 0.069000140 0.062622614 138.022613525 0.070281729 0.997355700 0.018496023 -9.344675064 -0.061180796 0.022816779 -0.997865915 358.253875732
-0.995796680 0.064260550 0.065266073 138.082412720 0.065656655 0.997652233 0.019473992 -9.330110550 -0.063861437 0.023677286 -0.997677922 357.303283691
-0.996096134 0.056942493 0.067453556 138.162033081 0.058589630 0.998024106 0.022696031 -9.312631607 -0.066027902 0.026559507 -0.997464299 356.335174561
-0.996396184 0.050213587 0.068361439 138.252243042 0.052147929 0.998279393 0.026810559 -9.295941353 -0.066897564 0.030278845 -0.997300386 355.352783203
-0.996606469 0.045797482 0.068396479 138.326721191 0.047757149 0.998485923 0.027295934 -9.276928902 -0.067042843 0.030469725 -0.997284651 354.348510742
-0.996612549 0.047026780 0.067466669 138.402511597 0.048602510 0.998577952 0.021906691 -9.260126114 -0.066340528 0.025111536 -0.997480989 353.347412109
-0.996563435 0.048353858 0.067257911 138.476959229 0.049648076 0.998609841 0.017705157 -9.249441147 -0.066308305 0.020983536 -0.997578740 352.346679688
-0.996401787 0.051771395 0.067105882 138.537048340 0.053073861 0.998432398 0.017772680 -9.234200478 -0.066080570 0.021270299 -0.997587562 351.327575684
-0.996275306 0.053978171 0.067251451 138.604919434 0.055446472 0.998258114 0.020159801 -9.224216461 -0.066046119 0.023813559 -0.997532725 350.299346924
-0.996458411 0.051455021 0.066509947 138.676147461 0.052815408 0.998426199 0.018858895 -9.215686798 -0.065434888 0.022304848 -0.997607827 349.262451172
-0.996644378 0.048162755 0.066188581 138.753387451 0.049521748 0.998591423 0.019046184 -9.203424454 -0.065178029 0.022260040 -0.997625709 348.210784912
-0.996731400 0.046230763 0.066251181 138.829574585 0.047632113 0.998670042 0.019730112 -9.184043884 -0.065250933 0.022821305 -0.997607827 347.170318604
-0.996690869 0.046470758 0.066692732 138.905670166 0.047853883 0.998668015 0.019292409 -9.176736832 -0.065707363 0.022420073 -0.997587085 346.122161865
-0.996486425 0.049741365 0.067383692 138.979736328 0.050913773 0.998578191 0.015793784 -9.166749954 -0.066502281 0.019169049 -0.997602105 345.059356689
-0.996186137 0.053483307 0.068942726 139.056091309 0.054575019 0.998410821 0.014048616 -9.162471771 -0.068081796 0.017757583 -0.997521877 343.996520996
-0.995970130 0.054892216 0.070925020 139.129501343 0.055941347 0.998350859 0.012889948 -9.160657883 -0.070100501 0.016805645 -0.997398376 342.943145752
-0.995884538 0.054010198 0.072779298 139.208358765 0.054998703 0.998418510 0.011645862 -9.151431084 -0.072035208 0.015600701 -0.997280002 341.871337891
-0.995946288 0.051048234 0.074062638 139.297515869 0.052382596 0.998495877 0.016186230 -9.153116226 -0.073124968 0.020000208 -0.997122288 340.806915283
-0.996065140 0.048518889 0.074164607 139.385513306 0.050100766 0.998551488 0.019618727 -9.149874687 -0.073105298 0.023257233 -0.997053146 339.747009277
-0.996179938 0.046976581 0.073613673 139.473922729 0.048363268 0.998682261 0.017168455 -9.147485733 -0.072710156 0.020663068 -0.997139096 338.684936523
-0.996181846 0.047460955 0.073274039 139.551391602 0.048571561 0.998729169 0.013449093 -9.139755249 -0.072542615 0.016956778 -0.997221112 337.627502441
-0.996014118 0.051441915 0.072867334 139.629898071 0.052521341 0.998535514 0.012974483 -9.134062767 -0.072093189 0.016749859 -0.997257352 336.568725586
-0.995805502 0.056158088 0.072236255 139.704467773 0.057687998 0.998148680 0.019268641 -9.128047943 -0.071020439 0.023354979 -0.997201681 335.506835938
-0.995790005 0.057082795 0.071721904 139.775436401 0.059021913 0.997938216 0.025212910 -9.120979309 -0.070134811 0.029339924 -0.997106075 334.440673828
-0.995960474 0.055263545 0.070774145 139.858230591 0.057210121 0.998029351 0.025777373 -9.110725403 -0.069210127 0.029722240 -0.997159362 333.382049561
-0.996085167 0.053762391 0.070176035 139.933563232 0.055389471 0.998234451 0.021448120 -9.097446442 -0.068899035 0.025251161 -0.997304320 332.327362061
-0.996397972 0.049565133 0.068805315 140.020065308 0.050918560 0.998539567 0.018056935 -9.091348648 -0.067809835 0.021495363 -0.997466683 331.263427734
-0.996668696 0.046411768 0.067064784 140.099563599 0.047684558 0.998709083 0.017503230 -9.084146500 -0.066165857 0.020642875 -0.997595310 330.215576172
-0.996724725 0.045417726 0.066913687 140.172210693 0.047011867 0.998642147 0.022444181 -9.070662498 -0.065803468 0.025516402 -0.997506499 329.156982422
-0.996890903 0.042653136 0.066253334 140.254882812 0.044472151 0.998666286 0.026227012 -9.060243607 -0.065046310 0.029091895 -0.997458220 328.094879150
-0.996947885 0.042570092 0.065443166 140.325927734 0.044242941 0.998724520 0.024328129 -9.045341492 -0.064324051 0.027149273 -0.997559786 327.036437988
-0.996838808 0.045170441 0.065361761 140.395874023 0.046563283 0.998716235 0.019944906 -9.027191162 -0.064376928 0.022925314 -0.997662425 325.967102051
-0.996810198 0.047345713 0.064248696 140.469314575 0.048628896 0.998644531 0.018556628 -9.013308525 -0.063283034 0.021621779 -0.997761369 324.904876709
-0.996846080 0.047245640 0.063767157 140.545120239 0.048807826 0.998539507 0.023166204 -9.001861572 -0.062579520 0.026205471 -0.997696161 323.826263428
-0.996687531 0.049884416 0.064232379 140.601989746 0.051770069 0.998265505 0.028033897 -8.990461349 -0.062722512 0.031266347 -0.997541308 322.741973877
-0.996535063 0.052862260 0.064216167 140.672515869 0.054764677 0.998100042 0.028234178 -8.970186234 -0.062601641 0.031653121 -0.997536659 321.651367188
-0.996346354 0.057598412 0.063062362 140.747268677 0.059331916 0.997900486 0.025968641 -8.946492195 -0.061434209 0.029615365 -0.997671962 320.557556152
-0.996226192 0.059762180 0.062942475 140.821777344 0.061529271 0.997752905 0.026519230 -8.923803329 -0.061216190 0.030291958 -0.997664809 319.470855713
-0.996082783 0.062101074 0.062949955 140.882247925 0.063983180 0.997548640 0.028335137 -8.910590172 -0.061035998 0.032251880 -0.997614384 318.358489990
-0.995905399 0.064388931 0.063455835 140.947479248 0.066287473 0.997399688 0.028280325 -8.889272690 -0.061469894 0.032370854 -0.997583985 317.241394043
-0.995753050 0.066136442 0.064049870 141.020874023 0.067784570 0.997413516 0.023907846 -8.864952087 -0.062303029 0.028147897 -0.997660518 316.124816895
-0.995630264 0.068338297 0.063641489 141.096084595 0.069726564 0.997368574 0.019852014 -8.852015495 -0.062117372 0.024202770 -0.997775316 315.029174805
-0.995676994 0.067520089 0.063786000 141.176528931 0.068780906 0.997473359 0.017779211 -8.839191437 -0.062424380 0.022089606 -0.997805357 313.908203125
-0.995900750 0.064418852 0.063498095 141.269607544 0.065782085 0.997641206 0.019615227 -8.827368736 -0.062084727 0.023711855 -0.997789145 312.773864746
-0.995784283 0.065194987 0.064522460 141.328643799 0.066847660 0.997479439 0.023793040 -8.814590454 -0.062808640 0.028005911 -0.997632504 311.619567871
-0.995889664 0.063285388 0.064801030 141.409057617 0.065156288 0.997504950 0.027174933 -8.794297218 -0.062919572 0.031285424 -0.997528315 310.473510742
-0.995894074 0.063848428 0.064174667 141.489883423 0.065912105 0.997357070 0.030569484 -8.769958496 -0.062053245 0.034673855 -0.997470379 309.328979492
-0.995929718 0.064387791 0.063072644 141.565032959 0.066551782 0.997242749 0.032829538 -8.746076584 -0.060784917 0.036893509 -0.997468829 308.146209717
-0.995933533 0.065486416 0.061872825 141.638809204 0.067422733 0.997281134 0.029741287 -8.723558426 -0.059756950 0.033791974 -0.997640967 306.990631104
-0.995974541 0.065948226 0.060712390 141.718048096 0.067584611 0.997392595 0.025304064 -8.703203201 -0.058885332 0.029305421 -0.997834682 305.832489014
-0.996000886 0.065669142 0.060576539 141.788482666 0.067309968 0.997407377 0.025453886 -8.681696892 -0.058747951 0.029429501 -0.997838855 304.676239014
-0.996028304 0.065352261 0.060471009 141.864135742 0.067051068 0.997397542 0.026501684 -8.660930634 -0.058581691 0.030451072 -0.997818112 303.499786377
-0.996060133 0.064724386 0.060623523 141.953414917 0.066231653 0.997534752 0.023190269 -8.648813248 -0.058973093 0.027114095 -0.997891426 302.328094482
-0.995920420 0.065829426 0.061719961 142.015655518 0.067123547 0.997561216 0.019131731 -8.633691788 -0.060310010 0.023196541 -0.997910261 301.143218994
-0.995814800 0.066848829 0.062323686 142.097763062 0.068079472 0.997520506 0.017833633 -8.624288559 -0.060976997 0.022001958 -0.997896671 299.966430664
-0.995768070 0.066805072 0.063117139 142.178298950 0.068147980 0.997487247 0.019366423 -8.614341736 -0.061664764 0.023585761 -0.997818589 298.787780762
-0.995694518 0.066255115 0.064827405 142.252502441 0.067931704 0.997401118 0.024006901 -8.609195709 -0.063068345 0.028307376 -0.997607708 297.590576172
-0.995596528 0.065888718 0.066683620 142.334243774 0.067872018 0.997303188 0.027924446 -8.594421387 -0.064663880 0.032327428 -0.997383595 296.410949707
-0.995715261 0.062844187 0.067840330 142.427062988 0.064749777 0.997555852 0.026263628 -8.584333420 -0.066024005 0.030543733 -0.997350693 295.249603271
-0.995672941 0.062605284 0.068675220 142.490921021 0.063926630 0.997806132 0.017212441 -8.570566177 -0.067446969 0.021528134 -0.997490764 294.069458008
-0.995821238 0.059407797 0.069361776 142.584777832 0.060094152 0.998161852 0.007849117 -8.562545776 -0.068767980 0.011984552 -0.997560859 292.916839600
-0.995688915 0.060138848 0.070618212 142.673950195 0.060857985 0.998113751 0.008074479 -8.572404861 -0.069999419 0.012337351 -0.997470737 291.764282227
-0.995577931 0.059721701 0.072512388 142.760314941 0.060873061 0.998050511 0.013771368 -8.576636314 -0.071548574 0.018124519 -0.997272491 290.596343994
-0.995446682 0.060897134 0.073332958 142.842651367 0.062494166 0.997851253 0.019681692 -8.566131592 -0.071976826 0.024174955 -0.997113347 289.431915283
-0.995484829 0.059706572 0.073792912 142.940994263 0.061741825 0.997763455 0.025612300 -8.552536964 -0.072098650 0.030052761 -0.996944785 288.277526855
-0.995444179 0.060019366 0.074085198 143.026718140 0.062232159 0.997670889 0.027928149 -8.536196709 -0.072236411 0.032411393 -0.996860862 287.118255615
-0.995548129 0.059263043 0.073297843 143.127151489 0.061355859 0.997760475 0.026636025 -8.513754845 -0.071555160 0.031014686 -0.996954679 285.971984863
-0.995614767 0.059289571 0.072362490 143.201675415 0.061391849 0.997743607 0.027180253 -8.501023293 -0.070587702 0.031503521 -0.997008085 284.827606201
-0.995624423 0.059710640 0.071879961 143.285659790 0.061822105 0.997707844 0.027515579 -8.485432625 -0.070072226 0.031838953 -0.997033715 283.683105469
-0.995639324 0.060629714 0.070896529 143.375106812 0.062328089 0.997813404 0.021991981 -8.469392776 -0.069408141 0.026314927 -0.997241139 282.544555664
-0.995793939 0.059422728 0.069740042 143.458129883 0.060428035 0.998095632 0.012393152 -8.461480141 -0.068870798 0.016555278 -0.997488260 281.389068604
-0.995936751 0.058478530 0.068488710 143.551589966 0.059278723 0.998194277 0.009708364 -8.458536148 -0.067797303 0.013728837 -0.997604847 280.246002197
-0.996176362 0.055056661 0.067835435 143.643524170 0.056203768 0.998304844 0.015117844 -8.460650444 -0.066888109 0.018872643 -0.997582078 279.103759766
-0.996584177 0.047080711 0.067849696 143.720382690 0.048774309 0.998532772 0.023523541 -8.452781677 -0.066642635 0.026752507 -0.997418404 277.963104248
-0.996780753 0.044268589 0.066847153 143.809371948 0.046561982 0.998365283 0.033148158 -8.437391281 -0.065270454 0.036153983 -0.997212529 276.823425293
-0.996818304 0.045262329 0.065609559 143.888763428 0.047909528 0.998076200 0.039351612 -8.417383194 -0.063702196 0.042369731 -0.997069120 275.688903809
-0.996928215 0.043398067 0.065196633 143.965789795 0.046031557 0.998160779 0.039448515 -8.389080048 -0.063364737 0.042328440 -0.997092366 274.534881592
-0.996619821 0.050853487 0.064523563 144.034896851 0.052843791 0.998166263 0.029522840 -8.369083405 -0.062903903 0.032832712 -0.997479558 273.419677734
-0.996188641 0.060018290 0.063296109 144.102340698 0.060977731 0.998050034 0.013335044 -8.355405807 -0.062372338 0.017143870 -0.997905850 272.322387695
-0.996063948 0.062123109 0.063226037 144.168060303 0.062635362 0.998017550 0.006150490 -8.350547791 -0.062718607 0.010086466 -0.997980356 271.209960938
-0.995999575 0.062577933 0.063787051 144.242095947 0.063569754 0.997884214 0.013637867 -8.354422569 -0.062798664 0.017638236 -0.997870326 270.095214844
-0.995978117 0.061648306 0.065016404 144.316177368 0.063460797 0.997640669 0.026188904 -8.348773956 -0.063248508 0.030209569 -0.997540474 268.971557617
-0.996112108 0.059722964 0.064759083 144.391845703 0.062080096 0.997456729 0.035016991 -8.330580711 -0.062503062 0.038901098 -0.997286320 267.847167969
-0.996286988 0.057004459 0.064522997 144.476211548 0.059783056 0.997328103 0.041983698 -8.301816940 -0.061957344 0.045685183 -0.997032881 266.734283447
-0.996372223 0.054222062 0.065595977 144.551361084 0.057345845 0.997260869 0.046714026 -8.277753830 -0.062883370 0.050306205 -0.996752381 265.627655029
-0.996499896 0.051781066 0.065626390 144.631057739 0.054737285 0.997527421 0.044077691 -8.247754097 -0.063181736 0.047515620 -0.996870279 264.535583496
-0.996624351 0.049206872 0.065717153 144.707519531 0.051680606 0.997996867 0.036487285 -8.222516060 -0.063790090 0.039760415 -0.997171044 263.448486328
-0.996699691 0.048530657 0.065075785 144.777847290 0.050441343 0.998333156 0.028045777 -8.186502457 -0.063606232 0.031235721 -0.997486353 262.347473145
-0.996776104 0.049084749 0.063469924 144.850708008 0.050548699 0.998486519 0.021668017 -8.166261673 -0.062310293 0.024806481 -0.997748613 261.267364502
-0.996870756 0.050047588 0.061190624 144.915924072 0.051087577 0.998573124 0.015550245 -8.156439781 -0.060325060 0.018627662 -0.998005152 260.183959961
-0.996881723 0.051868793 0.059468467 144.973785400 0.052849349 0.998489320 0.015035118 -8.159533501 -0.058598775 0.018131103 -0.998116970 259.097015381
-0.996964097 0.051872253 0.058066979 145.032806396 0.053134941 0.998378634 0.020415720 -8.153440475 -0.056913819 0.023439124 -0.998103857 258.004791260
-0.997043014 0.050488189 0.057936776 145.095153809 0.052298144 0.998175979 0.030160293 -8.139684677 -0.056308363 0.033101089 -0.997864723 256.934020996
-0.997248054 0.046049971 0.058101442 145.168731689 0.048408989 0.998031557 0.039868899 -8.129011154 -0.056151114 0.042571813 -0.997514367 255.873947144
-0.997418642 0.041371804 0.058690075 145.244430542 0.043952901 0.998090863 0.043390982 -8.102139473 -0.056782864 0.045858569 -0.997332931 254.816192627
-0.997571468 0.036232635 0.059482168 145.309783936 0.038624726 0.998470008 0.039570309 -8.072778702 -0.057957422 0.041771695 -0.997444630 253.765441895
-0.997600079 0.033819910 0.060417414 145.378784180 0.035814811 0.998838067 0.032246366 -8.055137634 -0.059256643 0.034332819 -0.997652173 252.749694824
-0.997412443 0.037014868 0.061630175 145.445510864 0.038442884 0.999015331 0.022148153 -8.036541939 -0.060749680 0.024460087 -0.997853279 251.748596191
-0.997143865 0.039987415 0.064071953 145.498321533 0.041169763 0.999003410 0.017240185 -8.031294823 -0.063318707 0.019828770 -0.997796416 250.751953125
-0.996839046 0.044542894 0.065787323 145.560699463 0.045719482 0.998818219 0.016488096 -8.027853012 -0.064975150 0.019443737 -0.997697473 249.780624390
-0.996602774 0.046976496 0.067650691 145.630889893 0.048593763 0.998566031 0.022461442 -8.027941704 -0.066498525 0.025672531 -0.997456431 248.816070557
-0.996340036 0.049318753 0.069817483 145.689254761 0.051292874 0.998324811 0.026769834 -8.023471832 -0.068380274 0.030252991 -0.997200608 247.862838745
-0.996111035 0.051920805 0.071183965 145.752258301 0.053814586 0.998239219 0.024948273 -8.019680023 -0.069763288 0.028681982 -0.997151256 246.947921753
-0.995927930 0.053410769 0.072632857 145.809707642 0.054854237 0.998331666 0.018024657 -8.013187408 -0.071548969 0.021935470 -0.997196198 246.063247681
-0.995838881 0.054570917 0.072985709 145.874298096 0.055740099 0.998346031 0.014078113 -8.005748749 -0.072096743 0.018087763 -0.997233629 245.168548584
-0.995938897 0.050400842 0.074602962 145.945526123 0.051552851 0.998577714 0.013596363 -8.011151314 -0.073811591 0.017387142 -0.997120619 244.310241699
-0.996042371 0.047581282 0.075072341 146.023269653 0.048782382 0.998707831 0.014246432 -8.014303207 -0.074297473 0.017852256 -0.997076392 243.462036133
-0.995951891 0.047780108 0.076138474 146.087509155 0.048989121 0.998699903 0.014090247 -8.018709183 -0.075366251 0.017763164 -0.996997833 242.626266479
-0.996000767 0.043243043 0.078183495 146.153137207 0.044573456 0.998888135 0.015351438 -8.017412186 -0.077432729 0.018774951 -0.996820807 241.802505493
-0.996204495 0.034965400 0.079713032 146.233520508 0.036677498 0.999124646 0.020115832 -8.013575554 -0.078939900 0.022963157 -0.996614933 241.004257202
-0.996125340 0.032424159 0.081752442 146.307952881 0.034831770 0.998995304 0.028197559 -8.010573387 -0.080756024 0.030935878 -0.996253848 240.226028442
-0.995915532 0.032529496 0.084227413 146.378952026 0.035308175 0.998873174 0.031713136 -8.013660431 -0.083100885 0.034557514 -0.995941877 239.468063354
-0.995689511 0.032405045 0.086904578 146.434280396 0.035069067 0.998955131 0.029304691 -8.005046844 -0.085864156 0.032226034 -0.995785594 238.727279663
-0.995533705 0.030770535 0.089251675 146.504104614 0.033064403 0.999156892 0.024337176 -7.992325783 -0.088427551 0.027179532 -0.995711684 238.028701782
-0.995218635 0.033930141 0.091590367 146.568405151 0.035948966 0.999143720 0.020482423 -7.989430428 -0.090816967 0.023677068 -0.995586157 237.361907959
-0.994919062 0.032023251 0.095449477 146.623764038 0.034359805 0.999146283 0.022936903 -7.985088348 -0.094633475 0.026099987 -0.995169997 236.699890137
-0.994920731 0.030221157 0.096018471 146.692276001 0.033125803 0.999036074 0.028801937 -7.980033875 -0.095055491 0.031836331 -0.994962811 236.070449829
-0.995122194 0.023219107 0.095880181 146.765136719 0.026420852 0.999130249 0.032259632 -7.968842506 -0.095047742 0.034635503 -0.994870186 235.453674316
-0.995270729 0.021110035 0.094820529 146.824172974 0.024347842 0.999154747 0.033120446 -7.961163044 -0.094041206 0.035272479 -0.994943500 234.864532471
-0.995634437 0.016844507 0.091809884 146.882339478 0.020143885 0.999179721 0.035129629 -7.968970299 -0.091142833 0.036825664 -0.995157003 234.306823730
-0.996183157 0.016718794 0.085671768 146.928726196 0.019692753 0.999228239 0.033986673 -7.959435463 -0.085037433 0.035544060 -0.995743513 233.749343872
-0.996839046 0.014872799 0.078042857 146.967956543 0.017324312 0.999374509 0.030829918 -7.948956966 -0.077535510 0.032084506 -0.996473193 233.218154907
-0.997709632 0.011720099 0.066618927 147.009902954 0.013597096 0.999521255 0.027791897 -7.943064690 -0.066261306 0.028634069 -0.997391343 232.708389282
-0.998652697 0.008685614 0.051162064 147.034286499 0.010075669 0.999585330 0.026974676 -7.930249691 -0.050906558 0.027453823 -0.998326063 232.197967529
-0.999470592 0.008188094 0.031489026 147.044418335 0.009075322 0.999562860 0.028136861 -7.922782421 -0.031244874 0.028407738 -0.999108076 231.714767456
-0.999892831 0.012645463 0.007389756 147.032104492 0.012862072 0.999465942 0.030039132 -7.913899899 -0.007005951 0.030130956 -0.999521494 231.251739502
-0.999623299 0.019093728 -0.019714015 146.989685059 0.018480128 0.999353111 0.030851560 -7.915347099 0.020290334 0.030475622 -0.999329567 230.814086914
-0.998381376 0.021174641 -0.052787635 146.948776245 0.019639911 0.999374032 0.029424841 -7.911445618 0.053377651 0.028340464 -0.998172402 230.372482300
-0.995656610 0.021533778 -0.090579011 146.895629883 0.018952316 0.999392033 0.029263860 -7.906688213 0.091154106 0.027420068 -0.995459437 229.933074951
-0.991282463 0.023192568 -0.129697144 146.820312500 0.019433891 0.999355793 0.030171463 -7.901137829 0.130313337 0.027387919 -0.991094589 229.504394531
-0.985017657 0.030187698 -0.169791803 146.716567993 0.025474375 0.999229133 0.029870240 -7.884833813 0.170562640 0.025097368 -0.985027313 229.084594727
-0.976737738 0.037198149 -0.211187288 146.594085693 0.031688586 0.999064863 0.029414317 -7.877979755 0.212083951 0.022037843 -0.977003098 228.659057617
-0.966740131 0.044137243 -0.251923501 146.437362671 0.038182687 0.998864889 0.028478526 -7.862202644 0.252894521 0.017912216 -0.967328072 228.278289795
-0.954636693 0.047662869 -0.293934256 146.280548096 0.040711746 0.998728693 0.029725531 -7.852350235 0.294977367 0.016410502 -0.955363512 227.888427734
-0.940455317 0.049784161 -0.336251736 146.136703491 0.040860951 0.998600900 0.033565950 -7.862608910 0.337452322 0.017827712 -0.941173792 227.566284180
-0.924225807 0.054941826 -0.377872884 145.945770264 0.043935306 0.998323023 0.037694007 -7.848563194 0.379310161 0.018235818 -0.925089836 227.203552246
-0.904362440 0.057976659 -0.422809154 145.735504150 0.044468727 0.998137951 0.041751381 -7.832380295 0.424442470 0.018956590 -0.905256510 226.834716797
-0.880514622 0.060291130 -0.470169425 145.501068115 0.045103822 0.998034239 0.043512072 -7.811687946 0.471868575 0.017106574 -0.881503105 226.475555420
-0.853984952 0.062272023 -0.516557634 145.245346069 0.044725332 0.997923017 0.046360593 -7.794631958 0.518371761 0.016488040 -0.854996443 226.133514404
-0.824249029 0.063932434 -0.562606692 144.960235596 0.043128025 0.997807443 0.050202083 -7.774851799 0.564582646 0.017114904 -0.825199127 225.773529053
-0.791630745 0.063844800 -0.607655108 144.661865234 0.039050005 0.997779191 0.053961255 -7.764204502 0.609750748 0.018988453 -0.792365789 225.446975708
-0.755021930 0.063500866 -0.652617574 144.345916748 0.035711285 0.997804582 0.055773333 -7.739424706 0.654726446 0.018804276 -0.755632043 225.122146606
-0.715440750 0.059346203 -0.696148455 144.019851685 0.029958440 0.998075306 0.054296598 -7.718551159 0.698030889 0.017990477 -0.715841651 224.825027466
-0.673732758 0.055490181 -0.736889005 143.647186279 0.026317462 0.998345852 0.051116876 -7.694751740 0.738506556 0.015046059 -0.674078703 224.526046753
-0.630792499 0.050642632 -0.774297535 143.254333496 0.022795541 0.998646677 0.046745405 -7.669507980 0.775617003 0.011836110 -0.631093264 224.236679077
-0.586746454 0.047416437 -0.808381379 142.832092285 0.019677263 0.998824239 0.044304740 -7.654829025 0.809531689 0.010088911 -0.586989522 223.959655762
-0.542322755 0.045643147 -0.838929594 142.393417358 0.017092144 0.998915970 0.043298285 -7.633393288 0.839996457 0.009142538 -0.542515039 223.716918945
-0.496580243 0.044979647 -0.866824627 141.925064087 0.012634407 0.998925209 0.044596456 -7.616828918 0.867898881 0.011193901 -0.496614814 223.468139648
-0.451965928 0.046501920 -0.890822351 141.435241699 0.009151210 0.998829484 0.047497071 -7.594142914 0.891988277 0.013314952 -0.451862454 223.248992920
-0.408149719 0.048676908 -0.911616385 140.933868408 0.008874566 0.998741806 0.049355753 -7.567691326 0.912871897 0.012054338 -0.408068180 223.057800293
-0.364647865 0.050892845 -0.929753661 140.397964478 0.009548314 0.998657107 0.050919648 -7.537341118 0.931096554 0.009690161 -0.364644170 222.880249023
-0.322026253 0.052155718 -0.945293009 139.845886230 0.007357983 0.998589098 0.052589688 -7.511287212 0.946702182 0.009979810 -0.321955681 222.711441040
-0.283743382 0.049109437 -0.957642019 139.291366577 0.001693454 0.998711765 0.050713807 -7.489262104 0.958898902 0.012767979 -0.283461094 222.564041138
-0.249208808 0.044261865 -0.967437923 138.717300415 0.000404743 0.998959720 0.045599781 -7.460973263 0.968449831 0.010972294 -0.248967409 222.439437866
-0.218197942 0.040848762 -0.975049376 138.123962402 0.002781066 0.999145567 0.041235905 -7.433199883 0.975900710 0.006285910 -0.218125105 222.324005127
-0.190984249 0.039202105 -0.980810106 137.525970459 0.007702168 0.999231279 0.038438614 -7.406332493 0.981563032 -0.000213199 -0.191139340 222.237060547
-0.166767836 0.040078081 -0.985181510 136.893218994 0.011328788 0.999185503 0.038730089 -7.379534721 0.985931277 -0.004701985 -0.167086005 222.146240234
-0.145679474 0.042022020 -0.988439083 136.255981445 0.014916749 0.999077260 0.040275808 -7.367096901 0.989219487 -0.008876942 -0.146171927 222.067779541
-0.127711654 0.041009277 -0.990963280 135.604721069 0.012808236 0.999129713 0.039696559 -7.340954781 0.991728723 -0.007622778 -0.128125787 221.980895996
-0.112787366 0.041721568 -0.992742896 134.941467285 0.015245479 0.999073088 0.040255539 -7.313413143 0.993502200 -0.010594525 -0.113318920 221.916244507
-0.100961924 0.043202579 -0.993951917 134.231140137 0.016798295 0.998988330 0.041715186 -7.282148361 0.994748592 -0.012485057 -0.101585507 221.853759766
-0.091255903 0.046435170 -0.994744301 133.494888306 0.021897361 0.998764277 0.044614006 -7.248192787 0.995586693 -0.017710982 -0.092159986 221.800781250
-0.083625197 0.048391256 -0.995321631 132.754104614 0.022430871 0.998658538 0.046668891 -7.222763062 0.996244848 -0.018423235 -0.084598541 221.745407104
-0.076155663 0.047650184 -0.995956838 131.987533569 0.019843059 0.998732090 0.046265673 -7.193222523 0.996898592 -0.016239438 -0.077004671 221.680908203
-0.068604112 0.043272674 -0.996705174 131.195175171 0.022116201 0.998879313 0.041844793 -7.152350426 0.997398913 -0.019172611 -0.069484234 221.635345459
-0.061243296 0.039006639 -0.997360408 130.369888306 0.026507748 0.998947203 0.037440982 -7.122368336 0.997770846 -0.024144771 -0.062212825 221.593429565
-0.054622889 0.031503361 -0.998009980 129.541275024 0.027901247 0.999160051 0.030012578 -7.092730999 0.998117149 -0.026206350 -0.055455923 221.548370361
-0.050236225 0.026877251 -0.998375714 128.691818237 0.031874459 0.999171734 0.025294825 -7.066363335 0.998228669 -0.030551970 -0.051051378 221.506805420
-0.048583508 0.025049312 -0.998505116 127.819076538 0.035555121 0.999095261 0.023334151 -7.038664341 0.998186231 -0.034368318 -0.049430132 221.477859497
-0.046481609 0.028503604 -0.998512387 126.902435303 0.035521686 0.999007761 0.026864178 -7.016559601 0.998287380 -0.034220152 -0.047448039 221.431655884
-0.045994043 0.034818951 -0.998334706 125.979721069 0.031832855 0.998935878 0.033373356 -6.987462521 0.998434424 -0.030244868 -0.047053456 221.382080078
-0.046591401 0.044685829 -0.997914195 125.024932861 0.029966135 0.998611808 0.043318000 -6.956745625 0.998464644 -0.027885387 -0.047865868 221.332855225
-0.047367454 0.051167171 -0.997566283 124.070892334 0.027915176 0.998364925 0.049882643 -6.927291870 0.998487473 -0.025484424 -0.048718333 221.287078857
-0.046640396 0.049922906 -0.997663438 123.118072510 0.027885795 0.998426199 0.048657421 -6.896552086 0.998522401 -0.025551237 -0.047959089 221.234390259
-0.046807408 0.040953834 -0.998064160 122.150421143 0.030963732 0.998738527 0.039529368 -6.860155106 0.998423994 -0.029053522 -0.048016429 221.188919067
-0.047151923 0.035291389 -0.998264253 121.168319702 0.032291248 0.998907208 0.033788890 -6.823640347 0.998365819 -0.030641992 -0.048239946 221.139724731
-0.046720028 0.034254335 -0.998320580 120.184356689 0.035180293 0.998848259 0.032626055 -6.796512604 0.998288393 -0.033596918 -0.047871232 221.093475342
-0.047502756 0.038458992 -0.998130620 119.186691284 0.037653510 0.998617232 0.036685754 -6.777144432 0.998161316 -0.035840444 -0.048885226 221.048980713
-0.048822403 0.039943900 -0.998008490 118.176269531 0.036615703 0.998599946 0.038176339 -6.743440628 0.998136163 -0.034678917 -0.050216675 221.000442505
-0.051269650 0.045902755 -0.997629464 117.176773071 0.038589474 0.998288155 0.043949898 -6.712129593 0.997939110 -0.036244694 -0.052953243 220.949584961
-0.054842949 0.052637663 -0.997106671 116.166854858 0.040093098 0.997920215 0.050475411 -6.683448792 0.997689784 -0.037208878 -0.056839228 220.894012451
-0.058521867 0.055361159 -0.996749997 115.148147583 0.037515409 0.997877777 0.053221181 -6.629911423 0.997581124 -0.034278885 -0.060474515 220.830001831
-0.061213970 0.049155407 -0.996913612 114.182113647 0.036167204 0.998239934 0.047000017 -6.597694397 0.997469246 -0.033178527 -0.062883973 220.751846313
-0.064866781 0.043509874 -0.996945024 113.188812256 0.037277583 0.998457313 0.041150395 -6.560855865 0.997197509 -0.034494404 -0.066388726 220.682373047
-0.068051815 0.040636625 -0.996853948 112.189758301 0.036654454 0.998597443 0.038205434 -6.529881954 0.997008324 -0.033939186 -0.069445848 220.611022949
-0.070804834 0.045188412 -0.996466219 111.180191040 0.040129811 0.998293638 0.042419832 -6.498929024 0.996682763 -0.036984477 -0.072497368 220.545013428
-0.072994113 0.051740784 -0.995989501 110.191345215 0.039586481 0.998016715 0.048944894 -6.465313911 0.996546566 -0.035855033 -0.074897528 220.460845947
-0.075207233 0.056219030 -0.995582044 109.200347900 0.040125702 0.997771442 0.053311538 -6.433290482 0.996360421 -0.035939015 -0.077295423 220.384643555
-0.076659441 0.053640701 -0.995613515 108.209243774 0.039974324 0.997914255 0.050686762 -6.398550987 0.996255815 -0.035913359 -0.078643799 220.311203003
-0.076881647 0.048265412 -0.995871365 107.228271484 0.039866984 0.998177648 0.045299452 -6.359513283 0.996242940 -0.036219697 -0.078665733 220.229888916
-0.077076912 0.043326579 -0.996083498 106.255889893 0.040304318 0.998374104 0.040307477 -6.333756447 0.996210337 -0.037039690 -0.078697801 220.143249512
-0.077335358 0.037153468 -0.996312678 105.273468018 0.042033054 0.998538435 0.033973802 -6.309568405 0.996118784 -0.039250690 -0.078783989 220.074310303
-0.076703668 0.032963119 -0.996508956 104.308609009 0.042091057 0.998669446 0.029794745 -6.284305573 0.996165156 -0.039658751 -0.077988982 219.997863770
-0.075620770 0.038657922 -0.996387064 103.332412720 0.044336993 0.998390257 0.035370689 -6.261018753 0.996150494 -0.041502047 -0.077213049 219.924255371
-0.074523926 0.046618644 -0.996129096 102.346771240 0.048276309 0.997904122 0.043090004 -6.239780426 0.996050119 -0.044878200 -0.076618314 219.855422974
-0.072756648 0.048499502 -0.996169984 101.374160767 0.047834769 0.997837186 0.045087013 -6.210371971 0.996202111 -0.044371184 -0.074919224 219.779754639
-0.071698189 0.046137359 -0.996358812 100.417037964 0.045867901 0.998025298 0.042913869 -6.174535751 0.996371210 -0.042624034 -0.073672891 219.706024170
-0.070987940 0.045487989 -0.996439457 99.467864990 0.050721597 0.997831881 0.041938066 -6.154294968 0.996186733 -0.047563903 -0.073141217 219.641815186
-0.070076346 0.043733388 -0.996582687 98.499526978 0.052530654 0.997814119 0.040093664 -6.127614975 0.996157706 -0.049541518 -0.072220564 219.575408936
-0.068367362 0.042020999 -0.996774912 97.546249390 0.052137658 0.997897804 0.038492292 -6.103361130 0.996296942 -0.049337890 -0.070414543 219.497741699
-0.069201946 0.044071697 -0.996628761 96.594207764 0.055990532 0.997620583 0.040227797 -6.077195168 0.996030211 -0.053017929 -0.071504831 219.437835693
-0.070779920 0.050167877 -0.996229649 95.639907837 0.060024131 0.997138798 0.045949079 -6.046747208 0.995684385 -0.056545544 -0.073588729 219.376510620
-0.071545959 0.052483667 -0.996055484 94.705139160 0.058696967 0.997105598 0.048322830 -6.018167496 0.995708704 -0.055008132 -0.074419618 219.298187256
-0.073070168 0.051078040 -0.996018052 93.756774902 0.058230694 0.997202456 0.046866849 -5.986000061 0.995625496 -0.054574259 -0.075840116 219.232696533
-0.074298620 0.051540498 -0.995903373 92.820266724 0.057999257 0.997196376 0.047280438 -5.950032234 0.995548129 -0.054248784 -0.077079654 219.162429810
-0.075051904 0.055170991 -0.995652318 91.857681274 0.055527039 0.997150302 0.051068392 -5.912246704 0.995632529 -0.051452842 -0.077901602 219.079406738
-0.075597167 0.057195123 -0.995496869 90.961273193 0.052652996 0.997189760 0.053293973 -5.888761520 0.995747447 -0.048387017 -0.078396201 218.996704102
-0.076846004 0.055223785 -0.995512426 90.045166016 0.051689528 0.997342885 0.051335286 -5.846403122 0.995702207 -0.047512658 -0.079496384 218.924957275
-0.077291250 0.053507674 -0.995571792 89.159729004 0.051733632 0.997428894 0.049591154 -5.807489395 0.995665550 -0.047671583 -0.079860687 218.850677490
-0.077905297 0.053507283 -0.995524049 88.291046143 0.052921958 0.997372806 0.049465232 -5.782490730 0.995555341 -0.048831481 -0.080532312 218.785980225
-0.077734470 0.052268401 -0.995603025 87.445587158 0.051571786 0.997498631 0.048341308 -5.755413055 0.995639384 -0.047587242 -0.080235600 218.719100952
-0.078045249 0.051327672 -0.995627701 86.623214722 0.051031072 0.997570276 0.047427606 -5.731455803 0.995642960 -0.047106452 -0.080474973 218.653594971
-0.078720689 0.052224465 -0.995527804 85.812316895 0.051616125 0.997500896 0.048246462 -5.709680557 0.995559514 -0.047587290 -0.081219554 218.591339111
-0.078438163 0.054727592 -0.995415807 85.029525757 0.049798340 0.997460604 0.050915949 -5.683607101 0.995674551 -0.045576300 -0.080964327 218.530151367
-0.077567577 0.056240551 -0.995399594 84.273971558 0.047247410 0.997493267 0.052677043 -5.659900665 0.995867014 -0.042944018 -0.080030441 218.469879150
-0.075183153 0.057194456 -0.995528281 83.552337646 0.046438143 0.997471392 0.053799059 -5.633316040 0.996087968 -0.042185701 -0.077648997 218.414947510
-0.071962714 0.059482284 -0.995632231 82.850662231 0.047943078 0.997272551 0.056115050 -5.615158081 0.996254563 -0.043695483 -0.074618220 218.371490479
-0.069005489 0.061217677 -0.995736361 82.182006836 0.050206695 0.997063756 0.057819925 -5.586569786 0.996352255 -0.046002738 -0.071876407 218.338317871
-0.066048980 0.063054673 -0.995822132 81.540008545 0.049802784 0.996965766 0.059823874 -5.565909386 0.996572733 -0.045643412 -0.068988800 218.301025391
-0.061911106 0.063740715 -0.996044338 80.935592651 0.049309421 0.996935368 0.060732812 -5.546501160 0.996862948 -0.045354329 -0.064864397 218.270477295
-0.056322694 0.062232878 -0.996471226 80.365219116 0.049218412 0.997015119 0.059484921 -5.523705482 0.997198761 -0.045694385 -0.059217572 218.239898682
-0.050648332 0.058936656 -0.996976078 79.826950073 0.049755827 0.997166514 0.056420229 -5.492671967 0.997476399 -0.046747781 -0.053437233 218.226394653
-0.044096708 0.055632062 -0.997477114 79.311462402 0.051181719 0.997262955 0.053357471 -5.471040726 0.997715354 -0.048699707 -0.046823263 218.213104248
-0.036107540 0.053871460 -0.997895002 78.815200806 0.053529769 0.997216702 0.051897954 -5.460204124 0.997913361 -0.051543184 -0.038890839 218.204620361
-0.026711941 0.052837424 -0.998245895 78.331863403 0.052503161 0.997298002 0.051382329 -5.432012558 0.998263538 -0.051038541 -0.029413939 218.206329346
-0.013176680 0.053640738 -0.998473465 77.860870361 0.047712483 0.997456312 0.052956454 -5.424045563 0.998774290 -0.046941858 -0.015702486 218.199707031
0.003444254 0.053267669 -0.998574436 77.399902344 0.043601844 0.997622609 0.053367291 -5.412285805 0.999043167 -0.043723501 0.001113474 218.209777832
0.023813069 0.052994050 -0.998310983 76.937728882 0.040040493 0.997742176 0.053918969 -5.394306183 0.998914361 -0.041256838 0.021637380 218.224151611
0.047979474 0.052208804 -0.997483075 76.474884033 0.038811214 0.997781456 0.054091275 -5.370604515 0.998094141 -0.041308802 0.045846760 218.255752563
0.075648189 0.052577887 -0.995747566 76.023315430 0.039336566 0.997674167 0.055668078 -5.372284889 0.996358514 -0.043380480 0.073404014 218.300079346
0.107050657 0.050567463 -0.992966890 75.573989868 0.037814707 0.997776151 0.054889143 -5.354718208 0.993534267 -0.043424666 0.104900360 218.354095459
0.139565468 0.046727043 -0.989109874 75.133117676 0.034147914 0.998064756 0.051968440 -5.320908546 0.989624023 -0.041029040 0.137699723 218.449096680
0.176008880 0.044494484 -0.983382583 74.693664551 0.028738713 0.998319864 0.050314095 -5.310784340 0.983969092 -0.037116881 0.174434483 218.542297363
0.214448392 0.042822439 -0.975796282 74.274551392 0.023030061 0.998539031 0.048881765 -5.289473057 0.976463914 -0.032955263 0.213148832 218.653976440
0.255467534 0.043789715 -0.965825558 73.859985352 0.016565958 0.998628855 0.049658809 -5.284750462 0.966675818 -0.028686041 0.254391789 218.776611328
0.297577500 0.043072797 -0.953725517 73.447311401 0.011592929 0.998745024 0.048723180 -5.273925781 0.954627275 -0.025555396 0.296704710 218.924987793
0.340223551 0.039885316 -0.939498305 73.048309326 0.006232359 0.998982489 0.044667587 -5.257272243 0.940323949 -0.021052254 0.339628756 219.089706421
0.384102583 0.037664454 -0.922521949 72.649658203 -0.003891895 0.999224782 0.039175622 -5.240513802 0.923282325 -0.011457102 0.383951426 219.261932373
0.427860260 0.035858877 -0.903133392 72.255157471 -0.007000372 0.999314189 0.036361303 -5.231966496 0.903817892 -0.009235288 0.427817822 219.471908569
0.471016586 0.035300758 -0.881417751 71.865684509 -0.005891227 0.999302566 0.036873858 -5.209071159 0.882104695 -0.012175567 0.470896006 219.714248657
0.514132500 0.035352923 -0.856981874 71.476188660 -0.003449599 0.999227345 0.039151419 -5.195835114 0.857703805 -0.017172774 0.513857245 219.983215332
0.556584835 0.038765769 -0.829885840 71.093536377 -0.006667451 0.999087036 0.042197824 -5.181300640 0.830764055 -0.017953442 0.556335151 220.275161743
0.598231316 0.041733168 -0.800236046 70.728485107 -0.009960827 0.998953044 0.044650074 -5.166566849 0.801261604 -0.018740062 0.598020673 220.576843262
0.638342619 0.043464083 -0.768524289 70.374099731 -0.013839115 0.998891234 0.044997662 -5.158849716 0.769627988 -0.018088233 0.638236403 220.909454346
0.678269863 0.041931354 -0.733615577 70.029998779 -0.015705312 0.998969734 0.042577766 -5.142399311 0.734645069 -0.017357556 0.678229570 221.261718750
0.717061639 0.042201519 -0.695731044 69.702453613 -0.021568172 0.999030828 0.038369585 -5.127175808 0.696675956 -0.012507716 0.717276931 221.630523682
0.753203094 0.038933016 -0.656634867 69.396194458 -0.025415273 0.999223948 0.030092735 -5.112973690 0.657296896 -0.005977389 0.753608048 222.016067505
0.786643624 0.036471389 -0.616329193 69.105987549 -0.030056344 0.999332309 0.020773651 -5.103636742 0.616675317 0.002183140 0.787214637 222.413711548
0.817805588 0.028478255 -0.574789584 68.844360352 -0.024444463 0.999592423 0.014745971 -5.093464375 0.574975252 0.001991084 0.818168402 222.845062256
0.845768929 0.017711684 -0.533255279 68.613235474 -0.013864240 0.999840915 0.011219623 -5.084765911 0.533369184 -0.002096030 0.845879972 223.292846680
0.869593740 0.011104679 -0.493642986 68.399032593 -0.007269982 0.999926627 0.009687028 -5.083100319 0.493714362 -0.004835004 0.869610727 223.753753662
0.890601039 0.010959882 -0.454653352 68.179916382 -0.006928809 0.999920547 0.010531555 -5.087769985 0.454732627 -0.006229207 0.890606225 224.218826294
0.909001350 0.015286591 -0.416512728 67.974670410 -0.011654388 0.999868691 0.011261910 -5.089890480 0.416630179 -0.005382891 0.909060121 224.688598633
0.925198734 0.016151568 -0.379139096 67.802696228 -0.012843964 0.999854207 0.011251796 -5.090185165 0.379265547 -0.005540499 0.925271273 225.168182373
0.939363599 0.012453383 -0.342696577 67.650177002 -0.009066392 0.999892950 0.011483661 -5.089820385 0.342802912 -0.007680312 0.939375937 225.665435791
0.951496542 0.007094407 -0.307577699 67.523475647 -0.003903485 0.999931991 0.010988354 -5.091432095 0.307634741 -0.009254755 0.951459527 226.162261963
0.961821735 0.007543147 -0.273572803 67.386199951 -0.005378800 0.999948025 0.008660614 -5.089141369 0.273623914 -0.006858473 0.961812317 226.675720215
0.970302522 0.011598734 -0.241616473 67.271224976 -0.010626100 0.999929368 0.005328210 -5.092841148 0.241661206 -0.002602534 0.970357180 227.181213379
0.977359414 0.009683223 -0.211364135 67.185630798 -0.009738876 0.999952257 0.000777702 -5.100946426 0.211361587 0.001298355 0.977407098 227.670806885
0.983299375 0.002319149 -0.181980655 67.121192932 -0.003437038 0.999977112 -0.005827769 -5.108704090 0.181962982 0.006355916 0.983284831 228.179214478
0.987957537 -0.001758853 -0.154715270 67.066513062 -0.000100984 0.999927819 -0.012012350 -5.114438534 0.154725239 0.011883317 0.987886071 228.694671631
0.991640806 -0.003784230 -0.128973603 67.010330200 0.001978438 0.999898255 -0.014126499 -5.118515491 0.129013941 0.013753247 0.991547406 229.216903687
0.994198442 -0.002500745 -0.107532561 66.958023071 0.001116204 0.999915719 -0.012933819 -5.123888493 0.107555844 0.012738753 0.994117439 229.750869751
0.995761454 -0.005632070 -0.091801211 66.930801392 0.004913723 0.999955535 -0.008049176 -5.132142067 0.091842458 0.007563973 0.995744824 230.272201538
0.996728837 -0.007874272 -0.080433860 66.896812439 0.007757325 0.999968350 -0.001766340 -5.140184879 0.080445223 0.001136610 0.996758401 230.810424805
0.997414589 -0.008641240 -0.071340814 66.870323181 0.008911971 0.999954224 0.003477460 -5.154215336 0.071307495 -0.004104257 0.997445941 231.348114014
0.997911453 -0.004174650 -0.064461358 66.824729919 0.004571932 0.999971449 0.006016823 -5.160971165 0.064434402 -0.006298969 0.997902036 231.874496460
0.998184025 -0.004409938 -0.060076803 66.791252136 0.004811695 0.999967039 0.006544372 -5.167094231 0.060045961 -0.006821558 0.998172283 232.418457031
0.998103499 -0.012794132 -0.060214192 66.763427734 0.013258296 0.999885321 0.007315316 -5.170877457 0.060113695 -0.008099780 0.998158693 232.967056274
0.997610331 -0.021783022 -0.065567806 66.738006592 0.022239242 0.999733210 0.006236094 -5.173801899 0.065414473 -0.007679369 0.997828603 233.505432129
0.996834099 -0.025417842 -0.075337298 66.704345703 0.025844062 0.999655008 0.004687842 -5.181107044 0.075192153 -0.006620022 0.997147083 234.036788940
0.995812654 -0.024896044 -0.087962024 66.653427124 0.025317378 0.999672711 0.003677403 -5.178760529 0.087841682 -0.005888972 0.996117055 234.558883667
0.994340956 -0.025821684 -0.103050157 66.574310303 0.026318913 0.999647558 0.003468103 -5.189198971 0.102924295 -0.006160645 0.994670093 235.096862793
0.991998732 -0.029305907 -0.122799590 66.506423950 0.029703807 0.999557734 0.001410369 -5.191806793 0.122703947 -0.005046699 0.992430508 235.625885010
0.988686442 -0.032319501 -0.146473914 66.419563293 0.032973651 0.999454141 0.002039555 -5.199822426 0.146328032 -0.006846259 0.989212453 236.141662598
0.984371245 -0.029808104 -0.173564628 66.313781738 0.031197419 0.999499261 0.005281402 -5.199858189 0.173320293 -0.010613628 0.984808326 236.662567139
0.978547931 -0.025657861 -0.204415411 66.181350708 0.028011650 0.999570370 0.008629022 -5.202792645 0.204106182 -0.014169924 0.978846192 237.167022705
0.970403910 -0.023233674 -0.240367278 66.047439575 0.025866510 0.999634922 0.007803770 -5.209667683 0.240098223 -0.013790271 0.970650673 237.641479492
0.959897399 -0.019498350 -0.279672652 65.885322571 0.021768492 0.999750495 0.005013123 -5.221742630 0.279505134 -0.010900135 0.960082352 238.110290527
0.946318626 -0.014809993 -0.322895795 65.709938049 0.016699653 0.999855816 0.003082530 -5.236204147 0.322803587 -0.008309303 0.946429491 238.561431885
0.929586530 -0.009793384 -0.368473917 65.497352600 0.010909431 0.999940038 0.000945691 -5.232204437 0.368442565 -0.004898942 0.929637611 239.001022339
0.909020960 0.000095064 -0.416750401 65.258583069 -0.000889579 0.999998152 -0.001712251 -5.230581284 0.416749448 0.001927205 0.909019351 239.430374146
0.884291589 0.013280036 -0.466746241 64.982559204 -0.015641481 0.999876976 -0.001185287 -5.241468906 0.466673076 0.008348742 0.884390473 239.830383301
0.855026722 0.027457349 -0.517856538 64.680007935 -0.030401185 0.999533832 0.002801397 -5.244661331 0.517692029 0.013348182 0.855462909 240.225921631
0.821681142 0.037645288 -0.568702877 64.363708496 -0.041445516 0.999121189 0.006254947 -5.243518353 0.568438590 0.018430611 0.822519243 240.604171753
0.784195244 0.044938184 -0.618884802 64.032119751 -0.047899477 0.998782098 0.011829199 -5.245204449 0.618662655 0.020367855 0.785392702 240.943878174
0.742481947 0.050019056 -0.667996049 63.679405212 -0.046881791 0.998643219 0.022668261 -5.234946251 0.668223560 0.014486078 0.743819475 241.293014526
0.697694778 0.057827514 -0.714057386 63.301788330 -0.047574908 0.998276532 0.034360100 -5.221282005 0.714813709 0.009998347 0.699243486 241.598526001
0.650593281 0.064941712 -0.756644607 62.899093628 -0.046696085 0.997872591 0.045494806 -5.202880383 0.757989407 0.005733722 0.652241707 241.881668091
0.600408554 0.073514536 -0.796307206 62.487243652 -0.052110069 0.997245908 0.052774530 -5.185766220 0.797993779 0.009809340 0.602585793 242.129333496
0.547406316 0.075200327 -0.833481371 62.093750000 -0.051779609 0.997089744 0.055954449 -5.171791553 0.835263550 0.012527519 0.549707055 242.326431274
0.490560949 0.068924941 -0.868676841 61.682289124 -0.045697886 0.997530103 0.053342167 -5.146996498 0.870207906 0.013529097 0.492499053 242.517456055
0.431355894 0.058915533 -0.900256217 61.238998413 -0.031902619 0.998237491 0.050041657 -5.115217209 0.901617706 0.007134760 0.432475150 242.707656860
0.370505571 0.052853271 -0.927325308 60.774673462 -0.021526212 0.998600185 0.048314981 -5.087295532 0.928580821 0.002060825 0.371124685 242.868225098
0.310715079 0.053544343 -0.948993862 60.289291382 -0.017250929 0.998565257 0.050693061 -5.064967632 0.950346649 0.000619924 0.311192989 242.993423462
0.254878998 0.057082027 -0.965286672 59.782135010 -0.019363586 0.998357236 0.053924792 -5.033546925 0.966779053 0.004947113 0.255565584 243.084152222
0.203089952 0.059838366 -0.977330089 59.287353516 -0.021030711 0.998167217 0.056743957 -5.010963917 0.978934348 0.009029804 0.203976214 243.143188477
0.155062914 0.059192743 -0.986129701 58.774856567 -0.020860130 0.998176932 0.056635752 -4.986037254 0.987684369 0.011788687 0.156014979 243.186904907
0.110962749 0.057659820 -0.992150545 58.268524170 -0.018471355 0.998262763 0.055949189 -4.960158348 0.993652940 0.012118087 0.111835003 243.214859009
0.071906626 0.054687899 -0.995911181 57.755416870 -0.016184261 0.998428226 0.053657591 -4.937273026 0.997280240 0.012259738 0.072678685 243.225555420
0.039518237 0.051275313 -0.997902572 57.232101440 -0.016982483 0.998572707 0.050637230 -4.911180973 0.999074697 0.014945760 0.040332615 243.217529297
0.013294458 0.048777122 -0.998721421 56.712600708 -0.021037498 0.998602033 0.048491258 -4.886096954 0.999690533 0.020365920 0.014302015 243.195632935
-0.006177187 0.046677869 -0.998891056 56.167617798 -0.025493780 0.998577952 0.046820894 -4.862126350 0.999656022 0.025754720 -0.004978418 243.165145874
-0.020993829 0.044791277 -0.998775840 55.603042603 -0.027706044 0.998586178 0.045365144 -4.841590881 0.999395728 0.028624509 -0.019723058 243.146011353
-0.033500195 0.043501597 -0.998491585 55.013687134 -0.026312543 0.998667598 0.044392068 -4.823660851 0.999092340 0.027759986 -0.032310843 243.116546631
-0.043022513 0.041762326 -0.998201013 54.419082642 -0.024749046 0.998774827 0.042853024 -4.796077251 0.998767674 0.026548160 -0.041936278 243.080657959
-0.048689961 0.040961176 -0.997973680 53.801300049 -0.025373682 0.998785555 0.042232454 -4.778030396 0.998491585 0.027378567 -0.047591448 243.044311523
-0.051575899 0.040788367 -0.997835934 53.166137695 -0.027230185 0.998736680 0.042232655 -4.747406483 0.998297930 0.029349431 -0.050400019 243.007995605
-0.052141666 0.041274119 -0.997786403 52.509231567 -0.027853286 0.998696744 0.042767312 -4.724083424 0.998251200 0.030021589 -0.050924063 242.950378418
-0.051281929 0.042141188 -0.997794807 51.830139160 -0.027003879 0.998685479 0.043566678 -4.696963310 0.998319149 0.029178506 -0.050076604 242.918746948
-0.050292373 0.042163897 -0.997844160 51.138046265 -0.025504634 0.998728395 0.043486718 -4.667341232 0.998408914 0.027636696 -0.049153090 242.879913330
-0.048778892 0.040678687 -0.997980893 50.413162231 -0.022909757 0.998861849 0.041834369 -4.640124321 0.998546839 0.024904134 -0.047791481 242.840484619
-0.047947645 0.038526375 -0.998106658 49.683364868 -0.020259406 0.999012828 0.039534584 -4.611199379 0.998644471 0.022116633 -0.047119737 242.814788818
-0.047111392 0.037297569 -0.998193145 48.908996582 -0.018400637 0.999100685 0.038199931 -4.574867249 0.998720169 0.020167040 -0.046382785 242.779327393
-0.046232224 0.036701303 -0.998256266 48.138900757 -0.018987926 0.999112010 0.037612151 -4.545119762 0.998750269 0.020693708 -0.045494199 242.737548828
-0.046017289 0.036894318 -0.998259187 47.334167480 -0.019168813 0.999101102 0.037809070 -4.514895916 0.998756766 0.020875309 -0.045268655 242.698730469
-0.046011806 0.038444296 -0.998200953 46.507995605 -0.016567852 0.999092340 0.039242320 -4.492957115 0.998803556 0.018343646 -0.045333028 242.667831421
-0.045350552 0.038477652 -0.998229921 45.671951294 -0.012905268 0.999152005 0.039099492 -4.465391636 0.998887837 0.014655601 -0.044815540 242.628479004
-0.045399547 0.037445977 -0.998266935 44.803253174 -0.010883760 0.999219358 0.037976682 -4.429833412 0.998909712 0.012589015 -0.044956565 242.592620850
-0.045702100 0.037285797 -0.998259127 43.927642822 -0.009259244 0.999244452 0.037746504 -4.400139809 0.998912334 0.010968215 -0.045322299 242.542022705
-0.048142076 0.038800873 -0.998086572 43.035461426 -0.007707355 0.999201059 0.039215956 -4.365998268 0.998810768 0.009580542 -0.047804475 242.501007080
-0.050735593 0.041937750 -0.997831345 42.115676880 -0.005264004 0.999092817 0.042258430 -4.341566086 0.998698413 0.007396587 -0.050468802 242.454956055
-0.054112554 0.043959737 -0.997566760 41.195266724 -0.003875087 0.999013722 0.044233702 -4.308500290 0.998527348 0.006259252 -0.053888917 242.404357910
-0.057384372 0.041476831 -0.997490287 40.254409790 -0.004050478 0.999118745 0.041777566 -4.271481991 0.998344064 0.006437686 -0.057165861 242.344192505
-0.060252070 0.036603477 -0.997511923 39.295806885 -0.005831991 0.999297440 0.037021264 -4.237274647 0.998166263 0.008048084 -0.059996247 242.271255493
-0.062832355 0.033156995 -0.997473180 38.323165894 -0.005607820 0.999420464 0.033574969 -4.201251984 0.998008370 0.007703244 -0.062610030 242.205307007
-0.064944983 0.036097877 -0.997235835 37.331085205 -0.004205913 0.999326706 0.036447477 -4.173023224 0.997880101 0.006561365 -0.064749479 242.137054443
-0.066439867 0.042149138 -0.996899962 36.309844971 -0.002604606 0.999096632 0.042415608 -4.131281853 0.997787178 0.005414611 -0.066270113 242.066162109
-0.068099141 0.047246866 -0.996559262 35.276916504 0.000448055 0.998879373 0.047326248 -4.090685368 0.997678518 0.002776359 -0.068044066 242.004928589
-0.069127917 0.048095040 -0.996447861 34.232116699 0.003242472 0.998842776 0.047985692 -4.043248177 0.997602582 0.000086194 -0.069203854 241.936431885
-0.070310831 0.045933902 -0.996466994 33.180603027 0.002357451 0.998944104 0.045881744 -3.996960163 0.997522354 0.000876861 -0.070344925 241.855728149
-0.070901036 0.043845102 -0.996519387 32.115676880 0.001232396 0.999036551 0.043868177 -3.957047939 0.997482717 0.001882189 -0.070886731 241.772491455
-0.070973396 0.042783063 -0.996560454 31.042831421 0.000491306 0.999081135 0.042856295 -3.918577671 0.997478247 0.002552036 -0.070929289 241.690917969
-0.070626736 0.042739447 -0.996586919 29.947509766 -0.004149716 0.999060452 0.043139618 -3.878020048 0.997494340 0.007182357 -0.070383072 241.608062744
-0.069753528 0.040836331 -0.996728063 28.867935181 -0.008018752 0.999106526 0.041494951 -3.843965054 0.997532010 0.010886934 -0.069363832 241.512847900
-0.069337606 0.039476864 -0.996811867 27.786254883 -0.010032327 0.999138594 0.040266853 -3.805799007 0.997542858 0.012792346 -0.068881750 241.427963257
-0.068725348 0.039128713 -0.996868134 26.689956665 -0.012014480 0.999125600 0.040045619 -3.773654461 0.997563422 0.014728996 -0.068195224 241.343429565
-0.067754030 0.039824244 -0.996906877 25.619277954 -0.011060659 0.999111652 0.040664047 -3.747168303 0.997640669 0.013781600 -0.067253351 241.270477295
-0.067370653 0.039704345 -0.996937692 24.540893555 -0.009943712 0.999131501 0.040463690 -3.713013172 0.997678459 0.012639329 -0.066917300 241.195083618
-0.067041636 0.041598797 -0.996882617 23.457260132 -0.006358488 0.999092400 0.042118624 -3.683284998 0.997729897 0.009162367 -0.066716313 241.124191284
-0.066785455 0.043402333 -0.996823013 22.377548218 0.001996269 0.999057293 0.043365873 -3.647427082 0.997765481 0.000906277 -0.066809058 241.061599731
-0.067135096 0.042947773 -0.996819258 21.298583984 0.003861494 0.999076843 0.042784978 -3.609521866 0.997736514 -0.000976841 -0.067239046 240.990295410
-0.068284273 0.043232884 -0.996728659 20.220565796 0.007442688 0.999054909 0.042823896 -3.575891018 0.997638106 -0.004494140 -0.068541527 240.915802002
-0.071074724 0.045430250 -0.996435940 19.147750854 0.010243407 0.998942852 0.044813901 -3.539598465 0.997418463 -0.007021761 -0.071465015 240.838867188
-0.074148417 0.049984176 -0.995993793 18.070800781 0.007084689 0.998744309 0.049594782 -3.504649162 0.997222066 -0.003378935 -0.074409485 240.752044678
-0.076781273 0.052093260 -0.995686233 17.002532959 0.005173199 0.998641551 0.051848959 -3.463321686 0.997034609 -0.001169859 -0.076946497 240.657775879
-0.080073953 0.051003799 -0.995483279 15.938018799 0.001651152 0.998695493 0.051035568 -3.424561501 0.996787667 0.002442923 -0.080053806 240.572891235
-0.082181215 0.046985772 -0.995509267 14.878936768 -0.000868479 0.998884261 0.047216766 -3.386736870 0.996617079 0.004744907 -0.082048774 240.476043701
-0.083880782 0.043318342 -0.995534003 13.831329346 -0.004466563 0.999028265 0.043846734 -3.349611521 0.996465981 0.008124504 -0.083605766 240.382171631
-0.085006118 0.042342044 -0.995480359 12.793090820 -0.005994948 0.999056816 0.043006092 -3.320358515 0.996362388 0.009623634 -0.084672093 240.280975342
-0.086483479 0.043666955 -0.995296001 11.768432617 -0.009510158 0.998957276 0.044653952 -3.287792444 0.996208012 0.013327242 -0.085978031 240.187530518
-0.087201953 0.048100907 -0.995028734 10.743041992 -0.012256129 0.998706222 0.049352784 -3.257753849 0.996115267 0.016498860 -0.086499691 240.085510254
-0.088500977 0.050038218 -0.994818568 9.738861084 -0.016873395 0.998518765 0.051725429 -3.226885080 0.995933235 0.021363711 -0.087525606 239.984924316
-0.089291215 0.049458601 -0.994776845 8.741516113 -0.020927669 0.998452663 0.051519826 -3.191903591 0.995785654 0.025418626 -0.088117957 239.882034302
-0.090247393 0.047394656 -0.994791031 7.762878418 -0.027572865 0.998365223 0.050066344 -3.158151627 0.995537639 0.031947590 -0.088793039 239.774078369
-0.090670466 0.047284137 -0.994757771 6.789947510 -0.030667463 0.998265922 0.050246175 -3.124808788 0.995408654 0.035062540 -0.089063168 239.679840088
-0.091040015 0.046596639 -0.994756699 5.850952148 -0.034231983 0.998167932 0.049889337 -3.093868017 0.995258927 0.038594406 -0.089278102 239.583435059
-0.090739489 0.046295315 -0.994798005 4.919586182 -0.037820537 0.998038054 0.049895860 -3.063984156 0.995156229 0.042151324 -0.088810563 239.484420776
-0.090766907 0.046204116 -0.994799972 4.014343262 -0.040027883 0.997946680 0.050002467 -3.032171011 0.995067596 0.044358287 -0.088731050 239.397735596
-0.090335727 0.048221152 -0.994743228 3.114593506 -0.040374819 0.997828662 0.052037284 -3.002655268 0.995092571 0.044863403 -0.088192701 239.309753418
-0.090567589 0.050061155 -0.994631350 2.240753174 -0.040890072 0.997706652 0.053939242 -2.973262072 0.995050550 0.045555685 -0.088312864 239.232925415
-0.090437770 0.049635019 -0.994664490 1.402496338 -0.041968677 0.997680068 0.053601414 -2.946514130 0.995017469 0.046592340 -0.088144779 239.147781372
-0.090488791 0.048828352 -0.994699776 0.584747314 -0.041441187 0.997747600 0.052747916 -2.921778440 0.995034873 0.045994636 -0.088261485 239.069137573
-0.090814471 0.047837127 -0.994718373 -0.207977295 -0.038953196 0.997910619 0.051546946 -2.894957304 0.995105863 0.043428659 -0.088761330 238.999893188
-0.091469526 0.047720037 -0.994663835 -0.972167969 -0.039079849 0.997909665 0.051469550 -2.868187428 0.995040774 0.043579206 -0.089413524 238.928970337
-0.091578841 0.048604112 -0.994611084 -1.717132568 -0.039880581 0.997827768 0.052433308 -2.841224194 0.994999051 0.044467438 -0.089441538 238.861816406
-0.091091156 0.048215598 -0.994674742 -2.425964355 -0.041653942 0.997768581 0.052180190 -2.819967031 0.994971097 0.046185274 -0.088879585 238.786788940
-0.090068460 0.048641156 -0.994747043 -3.122161865 -0.041659765 0.997748435 0.052559957 -2.800773621 0.995063901 0.046174921 -0.087839246 238.728546143
-0.087527633 0.050451130 -0.994883716 -3.777587891 -0.041813046 0.997650445 0.054270048 -2.775685072 0.995284140 0.046349246 -0.085212469 238.661499023
-0.084269285 0.052635301 -0.995052040 -4.411163330 -0.041370928 0.997557998 0.056271493 -2.755229473 0.995584011 0.045908168 -0.081885934 238.613204956
-0.080268860 0.054389708 -0.995288253 -5.009796143 -0.042357303 0.997422099 0.057922386 -2.736055374 0.995872855 0.046807088 -0.077758193 238.568328857
-0.074870467 0.056566384 -0.995587528 -5.573928833 -0.042568639 0.997298419 0.059864849 -2.722061634 0.996284187 0.046862923 -0.072260261 238.526077271
-0.068402290 0.057260342 -0.996013403 -6.116210938 -0.042716514 0.997267902 0.060266066 -2.695370436 0.996743083 0.046668541 -0.065769434 238.486618042
-0.061663151 0.057205837 -0.996456385 -6.599578857 -0.041626383 0.997340143 0.059832517 -2.681844234 0.997228682 0.045168329 -0.059117913 238.468475342
-0.053591609 0.055292264 -0.997030914 -7.056198120 -0.040238839 0.997535229 0.057483114 -2.659450531 0.997751832 0.043199979 -0.051234603 238.450469971
-0.044543862 0.053435538 -0.997577310 -7.491592407 -0.039358847 0.997699320 0.055199526 -2.639532566 0.998231828 0.041722290 -0.042338252 238.433990479
-0.035199523 0.052092817 -0.998021781 -7.885360718 -0.039194103 0.997800291 0.053463601 -2.635068893 0.998611510 0.040998451 -0.033080339 238.422668457
-0.026297212 0.051233493 -0.998340547 -8.251876831 -0.039380960 0.997857451 0.052246034 -2.620477200 0.998878300 0.040689521 -0.024223328 238.430664062
-0.017004013 0.050363932 -0.998586357 -8.600753784 -0.039061379 0.997934639 0.050996207 -2.605376482 0.999092340 0.039873287 -0.015001655 238.432891846
-0.007138133 0.045664594 -0.998931468 -8.907424927 -0.037178885 0.998253942 0.045899294 -2.606478691 0.999283314 0.037466779 -0.005427837 238.431365967
0.002657413 0.039919768 -0.999199450 -9.194488525 -0.035302747 0.998583794 0.039801285 -2.601759672 0.999373198 0.035168707 0.004062891 238.448486328
0.013387561 0.037359409 -0.999212265 -9.455337524 -0.033719730 0.998750269 0.036890354 -2.592224598 0.999341667 0.033199292 0.014630616 238.461395264
0.023791254 0.037552800 -0.999011576 -9.705108643 -0.033322144 0.998768747 0.036750112 -2.589047432 0.999161601 0.032414865 0.025013328 238.477920532
0.034862041 0.036106754 -0.998739660 -9.942428589 -0.033143107 0.998839200 0.034953456 -2.583444595 0.998842418 0.031882789 0.036018252 238.498596191
0.047047079 0.032838639 -0.998352766 -10.177536011 -0.032644119 0.998976171 0.031320795 -2.582357645 0.998359144 0.031116793 0.048070908 238.523223877
0.061317682 0.029269300 -0.997689128 -10.405853271 -0.032843493 0.999087811 0.027291782 -2.578134537 0.997577846 0.031094123 0.062223077 238.546142578
0.077810168 0.026221361 -0.996623337 -10.624771118 -0.033099744 0.999170899 0.023704167 -2.571147680 0.996418595 0.031143550 0.078613579 238.577270508
0.096459627 0.024727168 -0.995029807 -10.849288940 -0.033843961 0.999194801 0.021549787 -2.568482637 0.994761467 0.031597059 0.097218812 238.609191895
0.115726531 0.023866406 -0.992994428 -11.070877075 -0.034646712 0.999199927 0.019977722 -2.561987877 0.992676795 0.032092035 0.116460800 238.654205322
0.135391235 0.025294783 -0.990469337 -11.285705566 -0.033020414 0.999233902 0.021004921 -2.560387135 0.990241885 0.029861821 0.136122763 238.705062866
0.156725407 0.029418645 -0.987204075 -11.506530762 -0.031685919 0.999191523 0.024745513 -2.560906410 0.987133920 0.027402211 0.157530844 238.758728027
0.178961635 0.032590803 -0.983316123 -11.718750000 -0.031166749 0.999137402 0.027442889 -2.561751127 0.983362317 0.025735540 0.179823041 238.815124512
0.201696217 0.032088395 -0.978922427 -11.925338745 -0.033184137 0.999113262 0.025913009 -2.563646078 0.978885889 0.027258134 0.202582240 238.874237061
0.228493035 0.026391685 -0.973187804 -12.138458252 -0.033510663 0.999253333 0.019230640 -2.559242487 0.972968698 0.028218100 0.229206800 238.942794800
0.257830381 0.020348711 -0.965975940 -12.358886719 -0.031046091 0.999436438 0.012767002 -2.559309244 0.965691328 0.026698053 0.258316815 239.023162842
0.288995147 0.018194284 -0.957157731 -12.606338501 -0.027516512 0.999564171 0.010692297 -2.557056904 0.956935108 0.023247616 0.289369822 239.131317139
0.322834492 0.019740293 -0.946249604 -12.855133057 -0.021691035 0.999674201 0.013454427 -2.564764500 0.946206868 0.016181577 0.323157489 239.249893188
0.359806776 0.023284635 -0.932736337 -13.133132935 -0.020441459 0.999645352 0.017069563 -2.554700375 0.932802975 0.012924744 0.360155106 239.392898560
0.399404883 0.029698497 -0.916293442 -13.410202026 -0.022265442 0.999494612 0.022689849 -2.553780794 0.916504204 0.011339244 0.399864256 239.543548584
0.440735757 0.035277698 -0.896943510 -13.708190918 -0.026599815 0.999301910 0.026233070 -2.549070597 0.897242785 0.012296672 0.441366494 239.717590332
0.484444737 0.039611880 -0.873924613 -14.017356873 -0.030978482 0.999124587 0.028114373 -2.544327497 0.874273241 0.013452997 0.485247791 239.910202026
0.528444350 0.042214062 -0.847917855 -14.325424194 -0.032345995 0.999038935 0.029578848 -2.534407854 0.848351598 0.011795966 0.529301941 240.141174316
0.573320150 0.043139607 -0.818194985 -14.613349915 -0.030694701 0.999042749 0.031166680 -2.537176132 0.818756342 0.007245764 0.574095488 240.390380859
0.619012475 0.040713515 -0.784325123 -14.900718689 -0.028493166 0.999162197 0.029377839 -2.530802727 0.784864068 0.004162656 0.619653940 240.677780151
0.665040493 0.039159898 -0.745779872 -15.184200287 -0.029783297 0.999220550 0.025908817 -2.529748440 0.746213138 0.004981367 0.665688455 240.977462769
0.711047411 0.034364894 -0.702303827 -15.456813812 -0.030257184 0.999375224 0.018267209 -2.511677027 0.702492833 0.008260882 0.711642981 241.302642822
0.755320251 0.032195222 -0.654564619 -15.709352493 -0.032674823 0.999400437 0.011451834 -2.501317501 0.654540837 0.012737977 0.755919337 241.648010254
0.797184467 0.032947581 -0.602836132 -15.969077110 -0.035770912 0.999333262 0.007314751 -2.492002249 0.602675200 0.015732793 0.797831476 242.041442871
0.835834026 0.033149283 -0.547980428 -16.225189209 -0.035220351 0.999356866 0.006733080 -2.487352848 0.547851205 0.013672326 0.836464047 242.475616455
0.869882643 0.030785980 -0.492297083 -16.444953918 -0.031827126 0.999473751 0.006264338 -2.486443996 0.492230862 0.010219162 0.870404720 242.937011719
0.899366975 0.027413638 -0.436334163 -16.635986328 -0.027461626 0.999603629 0.006198671 -2.494550705 0.436331153 0.006407565 0.899763346 243.430816650
0.924340963 0.025299577 -0.380727887 -16.810544968 -0.025708305 0.999661446 0.004012766 -2.492376566 0.380700499 0.006078703 0.924678445 243.950424194
0.944954455 0.024160990 -0.326308697 -16.959321976 -0.026009366 0.999660850 -0.001302048 -2.490056276 0.326166570 0.009717458 0.945262372 244.490249634
0.961854279 0.024661604 -0.272448450 -17.095405579 -0.027239427 0.999612808 -0.005682924 -2.491241932 0.272202790 0.012887484 0.962153614 245.063125610
0.974826992 0.026037086 -0.221437186 -17.198932648 -0.028236577 0.999578297 -0.006772447 -2.499485493 0.221167475 0.012854592 0.975151122 245.652740479
0.984327257 0.026999585 -0.174272463 -17.286434174 -0.028614905 0.999567628 -0.006762512 -2.509529591 0.174014524 0.011643315 0.984674275 246.273544312
0.990668654 0.024176495 -0.134130999 -17.347377777 -0.025371674 0.999652088 -0.007208168 -2.514471054 0.133910060 0.010544034 0.990937412 246.921661377
0.994640589 0.020085130 -0.101423517 -17.397083282 -0.020978674 0.999749899 -0.007751011 -2.518464565 0.101242468 0.009837201 0.994813144 247.587387085
0.996950805 0.014494769 -0.076674230 -17.426582336 -0.015163923 0.999851763 -0.008152219 -2.521505833 0.076544702 0.009290044 0.997022867 248.299850464
0.998241663 0.010887947 -0.058266696 -17.455801010 -0.011375007 0.999903023 -0.008034010 -2.535930157 0.058173571 0.008682668 0.998268723 249.010208130
0.998865485 0.008553264 -0.046846535 -17.485673904 -0.008937927 0.999927998 -0.008007830 -2.548058271 0.046774667 0.008417455 0.998870015 249.762329102
0.999178171 0.006001944 -0.040087257 -17.516832352 -0.006358299 0.999941349 -0.008767919 -2.554735422 0.040032282 0.009015599 0.999157727 250.533889771
0.999308646 0.004887136 -0.036855411 -17.544775009 -0.005266125 0.999934196 -0.010193088 -2.561927319 0.036803167 0.010380127 0.999268651 251.327865601
0.999376357 0.005408476 -0.034894586 -17.575738907 -0.005795840 0.999922574 -0.011009390 -2.572063684 0.034832340 0.011204767 0.999330342 252.137008667
0.999395311 0.005324947 -0.034360882 -17.602296829 -0.005680475 0.999931276 -0.010257571 -2.585356236 0.034303900 0.010446554 0.999356866 252.969009399
0.999398887 0.005565359 -0.034217704 -17.635868073 -0.005854126 0.999948025 -0.008344697 -2.592260122 0.034169484 0.008539995 0.999379575 253.819274902
0.999383509 0.005053004 -0.034742590 -17.670297623 -0.005238200 0.999972522 -0.005241557 -2.602748156 0.034715150 0.005420315 0.999382555 254.692199707
0.999336600 0.005731696 -0.035966154 -17.702871323 -0.005860341 0.999976814 -0.003472438 -2.605593204 0.035945415 0.003680909 0.999346972 255.578491211
0.999263644 0.004587610 -0.038093440 -17.734869003 -0.004743740 0.999980688 -0.004009238 -2.617033243 0.038074315 0.004186991 0.999266148 256.486511230
0.999154925 0.003626110 -0.040942833 -17.780790329 -0.003951192 0.999961317 -0.007861774 -2.624210119 0.040912740 0.008016904 0.999130547 257.421478271
0.999033034 0.003168607 -0.043851513 -17.825462341 -0.003821288 0.999883056 -0.014808059 -2.631208658 0.043799464 0.014961310 0.998928308 258.371826172
0.998888791 0.006231097 -0.046715554 -17.877868652 -0.007176819 0.999772131 -0.020103944 -2.648699522 0.046579637 0.020416873 0.998705924 259.348297119
0.998799324 0.008499103 -0.048245646 -17.942905426 -0.009445883 0.999766588 -0.019430209 -2.665422678 0.048069246 0.019862603 0.998646498 260.343902588
0.998755515 0.010192238 -0.048821852 -18.003915787 -0.010722953 0.999886096 -0.010620889 -2.681953907 0.048708040 0.011131185 0.998751044 261.372161865
0.998762965 0.009057354 -0.048892632 -18.061399460 -0.009131917 0.999957442 -0.001301866 -2.693238735 0.048878759 0.001746739 0.998803198 262.416961670
0.998742938 0.006307581 -0.049726672 -18.111660004 -0.006299956 0.999980092 0.000310085 -2.698140144 0.049727637 0.000003580 0.998762786 263.487274170
0.998691857 0.002258867 -0.051082559 -18.160139084 -0.002592730 0.999975681 -0.006470421 -2.699584484 0.051066704 0.006594401 0.998673499 264.564636230
0.998658657 0.000019208 -0.051776998 -18.223564148 -0.000767087 0.999895692 -0.014424410 -2.716362953 0.051771320 0.014444780 0.998554468 265.651184082
0.998605907 -0.000903115 -0.052776635 -18.274868011 -0.000133700 0.999807119 -0.019638520 -2.729629993 0.052784190 0.019618198 0.998413205 266.764831543
0.998562694 0.001394358 -0.053578410 -18.339542389 -0.002381302 0.999828577 -0.018361140 -2.762276888 0.053543624 0.018462336 0.998394847 267.893585205
0.998535037 0.003094078 -0.054020550 -18.407939911 -0.003708357 0.999929547 -0.011274681 -2.781928062 0.053981859 0.011458492 0.998476148 269.043914795
0.998491049 0.004444973 -0.054734200 -18.477306366 -0.004537716 0.999988496 -0.001570264 -2.802436590 0.054726589 0.001816263 0.998499751 270.196746826
0.998463690 0.004530483 -0.055224702 -18.546478271 -0.004376035 0.999986172 0.002917320 -2.808374643 0.055237155 -0.002671173 0.998469710 271.369964600
0.998443246 0.003054046 -0.055693891 -18.614807129 -0.003027273 0.999995232 0.000565088 -2.812994242 0.055695351 -0.000395608 0.998447716 272.547058105
0.998372793 0.001520415 -0.057004418 -18.680519104 -0.001801612 0.999986470 -0.004881826 -2.822203398 0.056996226 0.004976582 0.998362005 273.729827881
0.998336315 -0.000460264 -0.057657093 -18.756971359 -0.000070845 0.999957621 -0.009209138 -2.836325884 0.057658885 0.009197902 0.998293996 274.910766602
0.998245716 -0.000025178 -0.059206728 -18.822505951 -0.000627553 0.999939263 -0.011005989 -2.856413603 0.059203405 0.011023837 0.998185098 276.126098633
0.998230755 -0.000803747 -0.059453223 -18.899969101 0.000322357 0.999967098 -0.008106102 -2.878110647 0.059457783 0.008072595 0.998198152 277.326324463
0.998187959 0.000619100 -0.060170367 -18.977882385 -0.000843192 0.999992788 -0.003698978 -2.897233725 0.060167644 0.003743010 0.998181283 278.541992188
0.998122692 -0.001247928 -0.061233655 -19.048582077 0.000959756 0.999988317 -0.004735290 -2.918353558 0.061238851 0.004667631 0.998112202 279.761962891
0.998057425 -0.002550404 -0.062248766 -19.131271362 0.001923640 0.999946892 -0.010126547 -2.932454109 0.062271290 0.009987131 0.998009264 280.988800049
0.997992098 -0.002997115 -0.063267268 -19.204591751 0.002153072 0.999907851 -0.013404867 -2.957316875 0.063301608 0.013241732 0.997906566 282.214233398
0.997948706 -0.002218492 -0.063979790 -19.298254013 0.001344570 0.999905229 -0.013699170 -2.988073349 0.064004123 0.013585044 0.997857153 283.442291260
0.997924566 0.000190485 -0.064393379 -19.379053116 -0.000937766 0.999932587 -0.011574914 -3.017952681 0.064386830 0.011611276 0.997857451 284.662719727
0.997928381 0.002143913 -0.064298928 -19.457338333 -0.002593265 0.999972820 -0.006905840 -3.046693563 0.064282373 0.007058277 0.997906804 285.898071289
0.997982681 0.006087327 -0.063193783 -19.554216385 -0.006311118 0.999974489 -0.003342340 -3.060828686 0.063171826 0.003734421 0.997995675 287.138702393
0.998048127 0.007886966 -0.061949186 -19.640651703 -0.008041574 0.999965131 -0.002246795 -3.075678349 0.061929304 0.002740579 0.998076797 288.376434326
0.998129308 0.006128459 -0.060830493 -19.715827942 -0.006354089 0.999973655 -0.003516411 -3.092785835 0.060807340 0.003896355 0.998141944 289.628448486
0.998203158 0.005976535 -0.059621498 -19.792226791 -0.006404618 0.999955058 -0.006991501 -3.119829655 0.059577037 0.007360791 0.998196542 290.861145020
0.998282790 0.004396459 -0.058413818 -19.872095108 -0.005103630 0.999915421 -0.011962570 -3.143826246 0.058356285 0.012240150 0.998220801 292.094543457
0.998350859 0.004267810 -0.057247896 -19.950618744 -0.005111356 0.999880373 -0.014596641 -3.162031174 0.057178754 0.014865184 0.998253286 293.343505859
0.998403192 0.004531967 -0.056307610 -20.023200989 -0.005234872 0.999910116 -0.012342080 -3.196739674 0.056246616 0.012617135 0.998337209 294.598907471
0.998421133 0.007286475 -0.055697307 -20.098285675 -0.007796128 0.999929667 -0.008938607 -3.223354578 0.055628259 0.009358716 0.998407662 295.852783203
0.998451114 0.008655712 -0.054958262 -20.178012848 -0.009010138 0.999940157 -0.006204502 -3.246775389 0.054901268 0.006690073 0.998469353 297.113708496
0.998443305 0.011547641 -0.054567467 -20.251543045 -0.011639303 0.999931335 -0.001362281 -3.265780449 0.054547988 0.001995288 0.998509169 298.369262695
0.998463750 0.013852449 -0.053649664 -20.333944321 -0.013691748 0.999900639 0.003361770 -3.280138969 0.053690903 -0.002622048 0.998554170 299.622222900
0.998399973 0.017197888 -0.053868089 -20.402227402 -0.017142508 0.999851942 0.001489954 -3.293533564 0.053885739 -0.000564136 0.998546958 300.870513916
0.998362780 0.019772880 -0.053672861 -20.483222961 -0.020012723 0.999791980 -0.003934769 -3.303989649 0.053583898 0.005002467 0.998550832 302.115936279
0.998249829 0.022758475 -0.054583717 -20.550554276 -0.023248497 0.999694765 -0.008359261 -3.323549509 0.054376815 0.009613620 0.998474181 303.371978760
0.998158693 0.026498603 -0.054561976 -20.636434555 -0.027151415 0.999567926 -0.011258189 -3.346483707 0.054240078 0.012718894 0.998446941 304.627593994
0.998110294 0.027815359 -0.054791812 -20.716953278 -0.028455772 0.999535143 -0.010942684 -3.379222393 0.054461967 0.012481149 0.998437822 305.884857178
0.998035967 0.028465861 -0.055802435 -20.788091660 -0.028939122 0.999551594 -0.007691230 -3.406419754 0.055558477 0.009290998 0.998412192 307.141754150
0.998072624 0.027113365 -0.055820733 -20.863502502 -0.027377814 0.999617219 -0.003978086 -3.433223248 0.055691510 0.005498668 0.998432875 308.406921387
0.998018324 0.027578432 -0.056558605 -20.941164017 -0.027784090 0.999609888 -0.002852929 -3.444714308 0.056457859 0.004418704 0.998395205 309.670074463
0.997975409 0.026965721 -0.057601102 -21.007383347 -0.027134376 0.999629498 -0.002147722 -3.460796118 0.057521846 0.003706343 0.998337388 310.940887451
0.997936189 0.026740929 -0.058380250 -21.082145691 -0.026890010 0.999636829 -0.001769366 -3.475841761 0.058311734 0.003335560 0.998292863 312.209716797
0.997916579 0.025906682 -0.059088007 -21.158597946 -0.026071841 0.999658048 -0.002025766 -3.495419741 0.059015319 0.003562079 0.998250723 313.480255127
0.997833669 0.026863191 -0.060053147 -21.237306595 -0.026968239 0.999635875 -0.000939287 -3.518956900 0.060006049 0.002556780 0.998194754 314.743743896
0.997818530 0.026813909 -0.060325392 -21.321077347 -0.026900673 0.999637902 -0.000626436 -3.532795429 0.060286749 0.002247863 0.998178542 316.014587402
0.997772515 0.027208764 -0.060907442 -21.404121399 -0.027458511 0.999617577 -0.003267043 -3.548805714 0.060795259 0.004932193 0.998138070 317.280944824
0.997737467 0.028341152 -0.060965419 -21.491226196 -0.028871829 0.999552369 -0.007841174 -3.568925142 0.060715899 0.009583615 0.998109102 318.542694092
0.997774541 0.026900126 -0.061010875 -21.572738647 -0.027364258 0.999602497 -0.006784499 -3.590756178 0.060804121 0.008438918 0.998114049 319.817443848
0.997764766 0.028284235 -0.060543202 -21.657247543 -0.028502136 0.999589980 -0.002738368 -3.617637634 0.060440928 0.004457857 0.998161793 321.078918457
0.997847199 0.027231568 -0.059660476 -21.737371445 -0.027267253 0.999628127 0.000216045 -3.636372566 0.059644174 0.001411198 0.998218715 322.327453613
0.997865319 0.027516220 -0.059225120 -21.815191269 -0.027434673 0.999621212 0.002189738 -3.651992559 0.059262939 -0.000560241 0.998242259 323.604583740
0.997894883 0.026826486 -0.059043441 -21.886861801 -0.026691264 0.999638975 0.003077842 -3.671204805 0.059104692 -0.001495418 0.998250663 324.862945557
0.997986615 0.023003243 -0.059106059 -21.964530945 -0.022977619 0.999735355 0.001113229 -3.678982735 0.059116028 0.000247129 0.998251081 326.138610840
0.998034835 0.021320513 -0.058922749 -22.046670914 -0.021446474 0.999768853 -0.001506102 -3.697139263 0.058877021 0.002766828 0.998261392 327.367645264
0.998089552 0.018298756 -0.059011921 -22.126186371 -0.018493155 0.999825180 -0.002749707 -3.717490673 0.058951288 0.003835770 0.998253465 328.612365723
0.998088241 0.015976144 -0.059704710 -22.204935074 -0.016103081 0.999868989 -0.001645498 -3.730774641 0.059670597 0.002603782 0.998214722 329.865814209
0.998086810 0.012673463 -0.060514972 -22.275333405 -0.012581315 0.999919057 0.001903535 -3.745075226 0.060534194 -0.001138535 0.998165488 331.111022949
0.998059630 0.009277689 -0.061570399 -22.343925476 -0.008956663 0.999944806 0.005487924 -3.761696815 0.061617918 -0.004925810 0.998087645 332.351165771
0.998048902 0.005557884 -0.062188867 -22.432081223 -0.005328330 0.999978364 0.003856465 -3.774688244 0.062208958 -0.003517578 0.998056948 333.584350586
0.998009086 0.001473327 -0.063052945 -22.508487701 -0.001483918 0.999998868 -0.000121144 -3.787853956 0.063052692 0.000214468 0.998010159 334.802124023
0.997947037 -0.000368834 -0.064043507 -22.584400177 0.000277948 0.999998927 -0.001428044 -3.806942463 0.064043969 0.001407312 0.997946084 336.025482178
0.997869611 -0.001713277 -0.065217428 -22.656114578 0.001717091 0.999998510 0.000002438 -3.823385477 0.065217331 -0.000114417 0.997871101 337.230468750
0.997807086 -0.003878030 -0.066075504 -22.725400925 0.004094576 0.999986708 0.003142150 -3.841217518 0.066062436 -0.003405811 0.997809708 338.412506104
0.997780025 -0.005284691 -0.066385567 -22.814765930 0.005764166 0.999958634 0.007033130 -3.858133793 0.066345654 -0.007400175 0.997769237 339.592346191
0.997739136 -0.007379818 -0.066799127 -22.894313812 0.008035586 0.999922097 0.009553668 -3.871821880 0.066723414 -0.010068838 0.997720718 340.736816406
0.997655272 -0.009749863 -0.067741714 -22.968343735 0.010384093 0.999905407 0.009016650 -3.882099152 0.067647398 -0.009698944 0.997662127 341.892395020
0.997567534 -0.011387447 -0.068770275 -23.036607742 0.011903052 0.999903977 0.007092378 -3.894738674 0.068682909 -0.007893702 0.997607291 343.006561279
0.997577608 -0.009979858 -0.068842657 -23.123628616 0.010306303 0.999937236 0.004388350 -3.905348539 0.068794549 -0.005087233 0.997617900 344.104553223
0.997564316 -0.009475676 -0.069106281 -23.204755783 0.009647436 0.999951124 0.002152101 -3.922545195 0.069082513 -0.002813558 0.997606993 345.189941406
0.997618437 -0.008012704 -0.068507150 -23.289379120 0.008147996 0.999965370 0.001695674 -3.937467337 0.068491191 -0.002249832 0.997649193 346.258728027
0.997721672 -0.005861387 -0.067209348 -23.367118835 0.006061695 0.999977767 0.002776817 -3.949858904 0.067191578 -0.003177893 0.997735023 347.327026367
0.997852504 -0.003092428 -0.065427609 -23.431076050 0.003298976 0.999989927 0.003049099 -3.967689991 0.065417521 -0.003258396 0.997852683 348.380920410
0.998000205 -0.002933476 -0.063142531 -23.503347397 0.002997486 0.999995112 0.000919037 -3.979445696 0.063139528 -0.001106468 0.998004079 349.410430908
0.998150349 -0.004250284 -0.060644630 -23.568624496 0.004313095 0.999990284 0.000904854 -3.998678684 0.060640197 -0.001164746 0.998158991 350.429748535
0.998306334 -0.003949794 -0.058042280 -23.631858826 0.004032968 0.999991000 0.001315920 -4.011716366 0.058036562 -0.001547773 0.998313248 351.434844971
0.998429716 -0.006195737 -0.055675551 -23.685234070 0.006336905 0.999977112 0.002359367 -4.028814316 0.055659659 -0.002708473 0.998446107 352.418457031
0.998537481 -0.007674701 -0.053516220 -23.736955643 0.007853191 0.999964297 0.003125766 -4.043657780 0.053490318 -0.003541468 0.998562098 353.383758545
0.998649240 -0.008690533 -0.051227223 -23.787652969 0.008914845 0.999951661 0.004151894 -4.058355808 0.051188663 -0.004602968 0.998678386 354.325836182
0.998723447 -0.012181021 -0.049021300 -23.826026917 0.012504944 0.999901950 0.006306525 -4.070761204 0.048939671 -0.006911483 0.998777807 355.248413086
0.998823762 -0.011226415 -0.047170959 -23.867828369 0.011648847 0.999894381 0.008690000 -4.081305027 0.047068421 -0.009229265 0.998849034 356.144683838
0.998932719 -0.010616195 -0.044952635 -23.904554367 0.011060026 0.999892414 0.009636105 -4.093381882 0.044845499 -0.010122998 0.998942673 357.014038086
0.999019086 -0.010232930 -0.043082699 -23.943059921 0.010558941 0.999917269 0.007346345 -4.107932091 0.043003958 -0.007794046 0.999044478 357.853057861
0.999114871 -0.009393331 -0.041002586 -23.978187561 0.009479730 0.999953210 0.001913249 -4.118714809 0.040982697 -0.002300248 0.999157190 358.661315918
0.999198377 -0.008368091 -0.039147623 -24.012004852 0.008314149 0.999964237 -0.001540498 -4.127878189 0.039159112 0.001213784 0.999232233 359.448089600
0.999264717 -0.008014889 -0.037493061 -24.045253754 0.008002490 0.999967873 -0.000480759 -4.138365269 0.037495710 0.000180368 0.999296784 360.217620850
0.999324083 -0.007461313 -0.035995167 -24.077039719 0.007602326 0.999963939 0.003782262 -4.155285358 0.035965648 -0.004053352 0.999344826 360.959930420
0.999347568 -0.007135696 -0.035404481 -24.102910995 0.007323476 0.999959767 0.005176989 -4.168485165 0.035366114 -0.005432895 0.999359667 361.674926758
0.999297321 -0.005593783 -0.037062071 -24.135810852 0.005683372 0.999981165 0.002312366 -4.182982445 0.037048440 -0.002521378 0.999310315 362.356781006
0.999127865 -0.004499189 -0.041512236 -24.166412354 0.004451940 0.999989331 -0.001230574 -4.199729443 0.041517328 0.001044691 0.999137223 363.008209229
0.998864770 -0.003416668 -0.047512725 -24.195356369 0.003273435 0.999989867 -0.003092119 -4.200419426 0.047522806 0.002933079 0.998865843 363.631500244
0.998540878 0.001110538 -0.053989988 -24.242713928 -0.001275700 0.999994636 -0.003024760 -4.216303825 0.053986337 0.003089222 0.998536885 364.225494385
0.998100638 0.004816443 -0.061415773 -24.293138504 -0.004985807 0.999984205 -0.002604707 -4.229231834 0.061402254 0.002905967 0.998108864 364.781738281
0.997303963 0.008170847 -0.072924636 -24.345491409 -0.008311425 0.999964118 -0.001624470 -4.243077278 0.072908752 0.002226198 0.997336149 365.337036133
0.996026695 0.006821414 -0.088793315 -24.411937714 -0.006837419 0.999976635 0.000123905 -4.254947662 0.088792086 0.000483705 0.996050060 365.868377686
0.993920445 0.006230426 -0.109924026 -24.475650787 -0.006285744 0.999980211 -0.000156712 -4.262059689 0.109920882 0.000846714 0.993939996 366.382751465
0.990513325 0.003969055 -0.137359247 -24.566801071 -0.003929395 0.999992132 0.000559883 -4.275334358 0.137360379 -0.000014833 0.990521133 366.871398926
0.984751225 0.003763307 -0.173927680 -24.677503586 -0.003420136 0.999991596 0.002272742 -4.284566879 0.173934758 -0.001643230 0.984755814 367.350463867
0.975858510 0.004872359 -0.218349367 -24.818422318 -0.003642065 0.999975145 0.006036649 -4.285674095 0.218373358 -0.005095672 0.975852013 367.827026367
0.963195145 0.005193025 -0.268752873 -24.993429184 -0.002640357 0.999947906 0.009858781 -4.283767223 0.268790066 -0.008786327 0.963158727 368.292846680
0.945551395 0.006719758 -0.325403392 -25.198211670 -0.002152744 0.999894083 0.014392958 -4.285718441 0.325465649 -0.012908772 0.945465744 368.732757568
0.922604144 0.009063577 -0.385641545 -25.430328369 -0.001234404 0.999788165 0.020544445 -4.285186768 0.385746062 -0.018478353 0.922419906 369.144775391
0.893907487 0.013740267 -0.448040843 -25.644432068 -0.001710354 0.999627352 0.027243607 -4.279908657 0.448248208 -0.023586957 0.893597901 369.523895264
0.860367358 0.021000521 -0.509241641 -25.927616119 -0.003520819 0.999371827 0.035264466 -4.270725250 0.509662271 -0.028547447 0.859900832 369.901702881
0.822214127 0.027005913 -0.568537235 -26.215623856 -0.003942516 0.999119997 0.041757256 -4.255922318 0.569164634 -0.032091938 0.821597099 370.245697021
0.779335320 0.030452782 -0.625866711 -26.528190613 -0.002807627 0.998978019 0.045111172 -4.245484829 0.626600862 -0.033399530 0.778624356 370.575622559
0.730144262 0.031227950 -0.682579100 -26.870391846 0.003056035 0.998795867 0.048963845 -4.236700058 0.683286250 -0.037836656 0.729169607 370.901184082
0.674505234 0.034410268 -0.737467706 -27.242496490 0.005150978 0.998669505 0.051309165 -4.211088657 0.738252044 -0.038406983 0.673430622 371.201599121
0.614500284 0.038739488 -0.787964940 -27.654037476 0.005122832 0.998576641 0.053089082 -4.189406395 0.788900018 -0.036659870 0.613427162 371.456634521
0.549652457 0.045782607 -0.834138036 -28.085868835 0.003554050 0.998359978 0.057138052 -4.162858963 0.835385919 -0.034370646 0.548588336 371.682373047
0.481039345 0.045551557 -0.875514805 -28.539916992 0.014831277 0.998083532 0.060077436 -4.133607864 0.876573563 -0.041884616 0.479441881 371.888610840
0.407981038 0.040779695 -0.912079275 -29.027557373 0.027400726 0.998005033 0.056878090 -4.114503860 0.912579238 -0.048196819 0.406049728 372.067871094
0.330988109 0.035525993 -0.942965984 -29.522583008 0.033853948 0.998200715 0.049489938 -4.089793205 0.943027496 -0.048303701 0.329189897 372.203521729
0.252612472 0.029720811 -0.967110932 -30.038940430 0.037284501 0.998486757 0.040423866 -4.082019806 0.966848910 -0.046269823 0.251122117 372.295898438
0.175176144 0.025591999 -0.984204531 -30.574035645 0.038475841 0.998720467 0.032817684 -4.057000160 0.983785093 -0.043616973 0.173967302 372.352844238
0.103029251 0.023138847 -0.994409263 -31.103118896 0.041584779 0.998755097 0.027548512 -4.028117180 0.993808746 -0.044190586 0.101938784 372.368011475
0.037618220 0.026412759 -0.998943090 -31.654937744 0.039205085 0.998842001 0.027886475 -4.007418633 0.998522878 -0.040212687 0.036539137 372.348175049
-0.018825531 0.035810601 -0.999181449 -32.196868896 0.036993381 0.998699009 0.035096329 -4.005716324 0.999138355 -0.036302391 -0.020125747 372.290710449
-0.066289186 0.042943306 -0.996875942 -32.768859863 0.033096738 0.998618305 0.040817533 -3.993881226 0.997251451 -0.030287581 -0.067618847 372.214599609
-0.104294181 0.043870773 -0.993578494 -33.329589844 0.031234469 0.998678327 0.040817328 -3.982702255 0.994055986 -0.026776886 -0.105526686 372.128448486
-0.133665800 0.039104953 -0.990254819 -33.891754150 0.026018523 0.999015212 0.035938900 -3.953636169 0.990685046 -0.020961169 -0.134551644 372.012115479
-0.155461907 0.040176567 -0.987024724 -34.488525391 0.021133536 0.999079168 0.037338600 -3.936128616 0.987616003 -0.015054595 -0.156167865 371.896820068
-0.169565916 0.045469597 -0.984469533 -35.094543457 0.018236384 0.998908818 0.042995460 -3.908886909 0.985350311 -0.010662606 -0.170210123 371.771118164
-0.176856160 0.050125841 -0.982959628 -35.720062256 0.016613910 0.998712063 0.047939934 -3.887597084 0.984096646 -0.007852340 -0.177461147 371.642944336
-0.179785848 0.051068921 -0.982379258 -36.347717285 0.015896985 0.998671949 0.049006578 -3.868200302 0.983577311 -0.006806179 -0.180358887 371.526550293
-0.180843234 0.045315161 -0.982467532 -36.991760254 0.014804767 0.998950243 0.043350291 -3.846437454 0.983400583 -0.006705593 -0.181324363 371.403228760
-0.181435466 0.034433652 -0.982799828 -37.643188477 0.015604100 0.999361753 0.032133237 -3.821695328 0.983279049 -0.009505597 -0.181856990 371.282257080
-0.180805922 0.026884515 -0.983151376 -38.320800781 0.019649632 0.999525547 0.023718620 -3.790000916 0.983322561 -0.015030094 -0.181248426 371.158782959
-0.180273890 0.026608419 -0.983256638 -39.033691406 0.023203481 0.999470890 0.022792997 -3.767238617 0.983342886 -0.018705996 -0.180795908 371.038574219
-0.178361416 0.030210963 -0.983501256 -39.756805420 0.025899654 0.999326348 0.026000084 -3.751598358 0.983624279 -0.020834930 -0.179023743 370.910980225
-0.175855398 0.031270500 -0.983919442 -40.506652832 0.023348384 0.999346673 0.027587770 -3.734944344 0.984139323 -0.018121473 -0.176470637 370.770690918
-0.171919465 0.031703610 -0.984600723 -41.277618408 0.019237276 0.999399483 0.028821133 -3.713746071 0.984923184 -0.013986124 -0.172426105 370.630523682
-0.165671349 0.030935561 -0.985695779 -42.061950684 0.013997878 0.999480963 0.029015504 -3.692032814 0.986081779 -0.008990612 -0.166018486 370.489624023
-0.158158064 0.028597239 -0.986999691 -42.860656738 0.006000347 0.999589920 0.028000526 -3.673735619 0.987395644 -0.001493832 -0.158264875 370.349639893
-0.148794889 0.027757106 -0.988478482 -43.683044434 0.002326853 0.999613047 0.027719513 -3.651949883 0.988865376 0.001824477 -0.148801804 370.220611572
-0.138688922 0.029883249 -0.989885092 -44.522552490 -0.002138822 0.999533296 0.030474178 -3.625566483 0.990333736 0.006343619 -0.138560295 370.097076416
-0.128752351 0.033951204 -0.991095483 -45.385864258 -0.007542928 0.999351323 0.035213917 -3.604042053 0.991648138 0.012009634 -0.128412724 369.978424072
-0.118367672 0.036504596 -0.992298663 -46.264343262 -0.011765151 0.999202311 0.038161993 -3.578551769 0.992900193 0.016191689 -0.117843747 369.865722656
-0.108942986 0.035680871 -0.993407547 -47.165740967 -0.013845113 0.999204159 0.037407413 -3.554794788 0.993951678 0.017829107 -0.108362198 369.763763428
-0.099712014 0.034057725 -0.994433403 -48.073486328 -0.011671903 0.999305248 0.035394922 -3.521858215 0.994948030 0.015136223 -0.099245191 369.671203613
-0.092664242 0.035998277 -0.995046616 -49.005096436 -0.009639655 0.999266982 0.037048660 -3.489290714 0.995650887 0.013024983 -0.092249274 369.589050293
-0.087979794 0.039456092 -0.995340645 -49.961547852 -0.007529664 0.999160349 0.040273067 -3.454522133 0.996093929 0.011037788 -0.087608814 369.513305664
-0.084901214 0.044847209 -0.995379627 -50.934997559 -0.006181735 0.998943627 0.045535062 -3.420629025 0.996370256 0.010019151 -0.084534287 369.429687500
-0.082736969 0.047882818 -0.995420456 -51.922088623 -0.004186770 0.998819530 0.048394319 -3.381494522 0.996562660 0.008171593 -0.082438827 369.344421387
-0.081468105 0.047803938 -0.995528877 -52.915832520 -0.004693427 0.998819649 0.048346039 -3.339958191 0.996664941 0.008611103 -0.081147552 369.263946533
-0.080182195 0.044417549 -0.995790184 -53.925842285 -0.008965831 0.998934090 0.045279726 -3.298087597 0.996739984 0.012558713 -0.079698563 369.168914795
-0.079201698 0.040649451 -0.996029615 -54.937347412 -0.011738366 0.999060929 0.041706573 -3.260217667 0.996789634 0.014994984 -0.078650117 369.079650879
-0.078102350 0.039066389 -0.996179581 -55.973449707 -0.012241198 0.999119043 0.040141392 -3.222028732 0.996870160 0.015329570 -0.077555418 369.000122070
-0.076779008 0.038455464 -0.996306419 -57.017242432 -0.013640189 0.999121904 0.039615303 -3.185716629 0.996954978 0.016631424 -0.076187015 368.915679932
-0.074980974 0.039682023 -0.996395111 -58.065948486 -0.013503479 0.999075890 0.040804952 -3.154727936 0.997093558 0.016514396 -0.074375868 368.835205078
-0.072972655 0.039979417 -0.996532321 -59.129669189 -0.015222479 0.999035180 0.041194517 -3.120156765 0.997217774 0.018175762 -0.072293639 368.754241943
-0.070976496 0.041752208 -0.996603906 -60.203491211 -0.018389676 0.998898983 0.043158047 -3.084226608 0.997308612 0.021390423 -0.070130587 368.672302246
-0.068869829 0.042422991 -0.996723235 -61.276580811 -0.020539004 0.998823404 0.043931544 -3.043626785 0.997414172 0.023497259 -0.067917466 368.588989258
-0.067135930 0.043903567 -0.996777415 -62.355743408 -0.019375401 0.998785675 0.045297012 -3.007708549 0.997555673 0.022354020 -0.066203833 368.516113281
-0.066694975 0.043621477 -0.996819556 -63.432495117 -0.020622149 0.998770177 0.045086626 -2.974876881 0.997560382 0.023563607 -0.065713406 368.441284180
-0.066347003 0.041449182 -0.996935427 -64.518005371 -0.019927938 0.998882473 0.042856358 -2.937457085 0.997597694 0.022710251 -0.065446854 368.354888916
-0.066798568 0.040904701 -0.996927798 -65.601470947 -0.020851554 0.998883843 0.042382110 -2.897603512 0.997548699 0.023618547 -0.065871000 368.274383545
-0.067106247 0.044764545 -0.996741235 -66.697082520 -0.021569982 0.998694479 0.046304483 -2.861877441 0.997512758 0.024607006 -0.066053033 368.196289062
-0.067490935 0.048266038 -0.996551752 -67.803405762 -0.022117458 0.998511374 0.049858838 -2.825052261 0.997474730 0.025406210 -0.066322923 368.113098145
-0.068622828 0.048156064 -0.996479809 -68.898559570 -0.025831595 0.998413682 0.050028421 -2.782546520 0.997308254 0.029173747 -0.067269921 368.027740479
-0.069556475 0.046637859 -0.996487260 -69.990234375 -0.025369046 0.998500824 0.048502900 -2.739844322 0.997255445 0.028653622 -0.068269014 367.946777344
-0.071441889 0.042853549 -0.996523798 -71.082519531 -0.021380687 0.998781323 0.044483434 -2.710421085 0.997215629 0.024484342 -0.070438504 367.867553711
-0.073599219 0.040805381 -0.996452808 -72.171081543 -0.021225724 0.998872161 0.042472214 -2.668978214 0.997062027 0.024276352 -0.072650194 367.779754639
-0.075154901 0.044461634 -0.996180177 -73.252685547 -0.020702105 0.998720586 0.046136845 -2.632240772 0.996957004 0.024090433 -0.074138284 367.690521240
-0.076512456 0.046131600 -0.996000886 -74.356109619 -0.018805278 0.998684645 0.047700517 -2.600996494 0.996891320 0.022379750 -0.075544238 367.612548828
-0.077572823 0.044026077 -0.996014178 -75.437683105 -0.018736629 0.998783708 0.045607764 -2.559861660 0.996810675 0.022199865 -0.076653600 367.522216797
-0.078390241 0.043209676 -0.995986104 -76.524353027 -0.021773899 0.998747706 0.045043234 -2.526084423 0.996685147 0.025217440 -0.077351332 367.431427002
-0.078164339 0.043753657 -0.995980024 -77.604553223 -0.023846153 0.998668551 0.045743212 -2.492242813 0.996655345 0.027325772 -0.077016950 367.336700439
-0.076830745 0.046086684 -0.995978653 -78.686614990 -0.025628917 0.998509765 0.048180848 -2.454954624 0.996714950 0.029227609 -0.075535059 367.246490479
-0.074945331 0.047992200 -0.996032119 -79.770446777 -0.026828229 0.998382628 0.050124113 -2.413934231 0.996826708 0.030478342 -0.073536515 367.162231445
-0.072553396 0.049619406 -0.996129513 -80.839599609 -0.026203435 0.998322070 0.051637154 -2.379531860 0.997020245 0.029848458 -0.071131468 367.081176758
-0.069701076 0.048959393 -0.996365786 -81.903137207 -0.025984231 0.998366892 0.050875463 -2.340784073 0.997229517 0.029435873 -0.068315029 367.004028320
-0.066134095 0.046464775 -0.996728301 -82.967346191 -0.026626838 0.998477280 0.048313033 -2.297487259 0.997455418 0.029734867 -0.064796209 366.930816650
-0.062302709 0.044161905 -0.997079909 -84.021240234 -0.028359197 0.998538852 0.045998555 -2.264991760 0.997654438 0.031142211 -0.060959339 366.849914551
-0.058524966 0.042954873 -0.997361481 -85.090148926 -0.029578453 0.998560607 0.044742178 -2.226478100 0.997847736 0.032118935 -0.057170153 366.789337158
-0.054835677 0.044153303 -0.997518718 -86.148864746 -0.030848436 0.998470008 0.045891210 -2.190577030 0.998018742 0.033288367 -0.053389668 366.729064941
-0.050832629 0.046944264 -0.997603297 -87.188201904 -0.032484110 0.998288393 0.048631720 -2.158089161 0.998178780 0.034878328 -0.049220681 366.667968750
-0.047103405 0.051310059 -0.997571349 -88.220123291 -0.032652389 0.998067021 0.052877337 -2.121435165 0.998356223 0.035063788 -0.045336962 366.615234375
-0.043453932 0.053298704 -0.997632861 -89.240234375 -0.031646177 0.998001397 0.054696810 -2.085113525 0.998554230 0.033948045 -0.041680336 366.572326660
-0.039829493 0.052424207 -0.997830451 -90.245422363 -0.030326394 0.998099267 0.053648844 -2.051445484 0.998746336 0.032397397 -0.038164020 366.534912109
-0.036554456 0.048541665 -0.998152077 -91.224273682 -0.028657723 0.998357892 0.049601179 -2.017241478 0.998920739 0.030417906 -0.035103321 366.494384766
-0.033866286 0.046264537 -0.998355150 -92.189331055 -0.026086342 0.998546720 0.047158323 -1.980342388 0.999086022 0.027640501 -0.032610178 366.464935303
-0.031915069 0.045184303 -0.998468816 -93.138519287 -0.022673700 0.998687804 0.045918960 -1.954253197 0.999233425 0.024104489 -0.030848742 366.437683105
-0.030556083 0.043498755 -0.998586118 -94.063049316 -0.020035079 0.998825192 0.044122230 -1.928823471 0.999332309 0.021354953 -0.029648662 366.410614014
-0.029604435 0.041912884 -0.998682737 -94.975067139 -0.017463271 0.998946309 0.042441625 -1.904499054 0.999409318 0.018696720 -0.028841376 366.387756348
-0.029010177 0.042285047 -0.998684406 -95.872558594 -0.015877139 0.998959303 0.042757895 -1.877779484 0.999453127 0.017096659 -0.028308511 366.361755371
-0.028914213 0.043115098 -0.998651624 -96.749572754 -0.012807254 0.998971343 0.043499712 -1.861793518 0.999499857 0.014047745 -0.028332353 366.333068848
-0.031279802 0.041910399 -0.998631775 -97.629913330 -0.009858637 0.999058962 0.042237133 -1.844159126 0.999462187 0.011166312 -0.030837178 366.309875488
-0.034995079 0.041429717 -0.998528421 -98.514221191 -0.004640615 0.999122858 0.041617021 -1.816023827 0.999376774 0.006090174 -0.034772158 366.279968262
-0.042065740 0.042944662 -0.998191595 -99.386810303 -0.000843628 0.999073923 0.043018177 -1.789738655 0.999114633 0.002651684 -0.041990519 366.240905762
-0.051641822 0.045611393 -0.997623563 -100.267272949 0.003206401 0.998958886 0.045506466 -1.761369705 0.998660564 -0.000848750 -0.051734328 366.199096680
-0.063234925 0.046271291 -0.996925414 -101.136291504 0.003232391 0.998928845 0.046159249 -1.732993126 0.997993469 -0.000303577 -0.063316822 366.129608154
-0.076035023 0.043048300 -0.996175587 -101.992828369 0.002866756 0.999072909 0.042954698 -1.713783264 0.997101188 0.000410261 -0.076087832 366.057220459
-0.089261770 0.036614239 -0.995335102 -102.851501465 0.002672302 0.999329269 0.036521520 -1.681271553 0.996004701 0.000600136 -0.089299679 365.961425781
-0.102543712 0.031360123 -0.994234085 -103.705505371 0.001147686 0.999505997 0.031408042 -1.663353920 0.994727910 0.002079624 -0.102529049 365.872436523
-0.113183737 0.028102163 -0.993176639 -104.556884766 -0.002813425 0.999586880 0.028604165 -1.647153854 0.993570149 0.006031752 -0.113057852 365.752471924
-0.121731877 0.026824782 -0.992200553 -105.421783447 -0.006381521 0.999592900 0.027807582 -1.630047321 0.992542624 0.009716816 -0.121511221 365.633819580
-0.127283931 0.026964033 -0.991499841 -106.299072266 -0.007742962 0.999572933 0.028177587 -1.610546589 0.991836190 0.011263696 -0.127020836 365.513610840
-0.130584598 0.025910858 -0.991098642 -107.177734375 -0.011970622 0.999544382 0.027708877 -1.596636534 0.991365016 0.015482414 -0.130214930 365.385528564
-0.131227612 0.024534669 -0.991048694 -108.064636230 -0.015473291 0.999521255 0.026793279 -1.580558538 0.991231620 0.018850800 -0.130785108 365.258666992
-0.130506516 0.023135571 -0.991177619 -108.962402344 -0.017625881 0.999515533 0.025650959 -1.564827681 0.991290927 0.020817991 -0.130035520 365.132568359
-0.128575563 0.023291880 -0.991426289 -109.860473633 -0.016264297 0.999540150 0.025591778 -1.546447754 0.991566479 0.019415325 -0.128137589 365.014556885
-0.126344204 0.027059276 -0.991617441 -110.785552979 -0.015411423 0.999453723 0.029236717 -1.521836042 0.991866827 0.018976120 -0.125858188 364.895141602
-0.124430656 0.036191307 -0.991568267 -111.727905273 -0.017227096 0.999105155 0.038628209 -1.498074055 0.992078960 0.021888364 -0.123695850 364.768371582
-0.121523261 0.051113147 -0.991271734 -112.684600830 -0.021695673 0.998297870 0.054135185 -1.463439941 0.992351472 0.028084990 -0.120207429 364.645080566
-0.116406918 0.056165941 -0.991612256 -113.660339355 -0.025034100 0.997916639 0.059461821 -1.418593407 0.992886066 0.031745885 -0.114758372 364.525054932
-0.110848188 0.047512814 -0.992701054 -114.632263184 -0.033378385 0.998115063 0.051499084 -1.375169754 0.993276715 0.038843334 -0.109053373 364.403472900
-0.103381157 0.035483126 -0.994008660 -115.620208740 -0.035967797 0.998576462 0.039386988 -1.318763494 0.993991256 0.039824173 -0.101957679 364.292724609
-0.098193526 0.037049744 -0.994477391 -116.641204834 -0.037474122 0.998460352 0.040898282 -1.272965193 0.994461477 0.041283119 -0.096653938 364.184844971
-0.092082739 0.048135638 -0.994587362 -117.696929932 -0.033794664 0.998104393 0.051434696 -1.232723236 0.995177805 0.038347982 -0.090281487 364.090270996
-0.086957574 0.051458687 -0.994882107 -118.755493164 -0.031116776 0.998037457 0.054341651 -1.185610771 0.995725930 0.035682946 -0.085185766 363.995971680
-0.082728744 0.041327801 -0.995714843 -119.815826416 -0.029851085 0.998588681 0.043927252 -1.137645721 0.996124983 0.033357210 -0.081378222 363.909118652
-0.079205751 0.031822477 -0.996350288 -120.896331787 -0.032727707 0.998868525 0.034504622 -1.091709852 0.996320963 0.035341218 -0.078074694 363.819976807
-0.075067401 0.033118613 -0.996628344 -121.993621826 -0.039732732 0.998555303 0.036175370 -1.057240963 0.996386588 0.042314358 -0.073642969 363.725189209
-0.070185184 0.039260685 -0.996761024 -123.116027832 -0.045669772 0.998050928 0.042527255 -1.021824121 0.996487916 0.048506636 -0.068255424 363.629089355
-0.064697027 0.034541599 -0.997307122 -124.239501953 -0.049258556 0.998071909 0.037763573 -0.991844058 0.996688664 0.051569089 -0.062870741 363.548278809
-0.059337974 0.021737918 -0.998001337 -125.371032715 -0.045391280 0.998669982 0.024451302 -0.950649023 0.997205555 0.046751443 -0.058272362 363.484863281
-0.054086328 0.015728449 -0.998412371 -126.508514404 -0.038577091 0.999096572 0.017829040 -0.936616778 0.997790754 0.039480153 -0.053430676 363.418212891
-0.048425078 0.021883909 -0.998587072 -127.683959961 -0.032857217 0.999183953 0.023490354 -0.907727718 0.998286247 0.033948313 -0.047666550 363.364562988
-0.042254925 0.034458835 -0.998512506 -128.869400024 -0.029910356 0.998913467 0.035738416 -0.886944771 0.998659134 0.031375982 -0.041178346 363.314758301
-0.036051154 0.040667839 -0.998522162 -130.065307617 -0.029912453 0.998680055 0.041754246 -0.854035854 0.998902202 0.031373538 -0.034787059 363.269805908
-0.031130314 0.039712228 -0.998726308 -131.250030518 -0.031378005 0.998679042 0.040688407 -0.811949730 0.999022901 0.032604668 -0.029843092 363.227386475
-0.026551366 0.037733577 -0.998934984 -132.432067871 -0.031713061 0.998752534 0.038569607 -0.771228790 0.999144256 0.032703362 -0.025321603 363.179321289
-0.024075270 0.036061108 -0.999059558 -133.621002197 -0.028244730 0.998925745 0.036736920 -0.735531330 0.999311090 0.029102618 -0.023030877 363.159301758
-0.022123694 0.036230151 -0.999098539 -134.799179077 -0.025856655 0.998988152 0.036798712 -0.715880871 0.999420822 0.026647475 -0.021164536 363.135253906
-0.021542549 0.039728947 -0.998978317 -135.990249634 -0.026787659 0.998828471 0.040300656 -0.682479858 0.999409080 0.027628470 -0.020453095 363.102539062
-0.021345973 0.044373654 -0.998786986 -137.171463013 -0.027395274 0.998613477 0.044951435 -0.653724194 0.999396801 0.028321575 -0.020100832 363.065429688
-0.022570968 0.041920867 -0.998866081 -138.358093262 -0.025287375 0.998776913 0.042488538 -0.617172241 0.999425471 0.026217701 -0.021483302 363.044006348
-0.025436282 0.033750992 -0.999106586 -139.529663086 -0.017487511 0.999261975 0.034201458 -0.586266518 0.999523520 0.018341843 -0.024827242 363.018646240
-0.031307101 0.028752539 -0.999096274 -140.699981689 -0.009187832 0.999535620 0.029053088 -0.559500694 0.999467671 0.010089091 -0.031028390 362.992858887
-0.037840605 0.032149572 -0.998766422 -141.869201660 -0.002962152 0.999474347 0.032284584 -0.539639473 0.999279320 0.004180167 -0.037725449 362.947113037
-0.045037508 0.038709983 -0.998235106 -143.045623779 -0.000638828 0.999247670 0.038778074 -0.514175415 0.998985171 0.002384168 -0.044978976 362.900054932
-0.052475214 0.039608605 -0.997836411 -144.201248169 -0.004353503 0.999194562 0.039891459 -0.485973358 0.998612761 0.006437395 -0.052260518 362.838623047
-0.057956338 0.036676619 -0.997645259 -145.366882324 -0.011104312 0.999239385 0.037380312 -0.448114872 0.998257458 0.013244587 -0.057505012 362.755371094
-0.062083364 0.032962892 -0.997526526 -146.518005371 -0.016292293 0.999287844 0.034035083 -0.424196243 0.997938037 0.018365005 -0.061502099 362.666168213
-0.064982891 0.030747095 -0.997412682 -147.689758301 -0.018300544 0.999320388 0.031998213 -0.395043373 0.997718632 0.020332526 -0.064375997 362.588684082
-0.067344666 0.032309309 -0.997206688 -148.845901489 -0.018489324 0.999263465 0.033624597 -0.362690449 0.997558594 0.020702105 -0.066697717 362.507354736
-0.069212317 0.039226670 -0.996830404 -150.007019043 -0.014285482 0.999085188 0.040307269 -0.335934639 0.997499645 0.017029962 -0.068588614 362.431091309
-0.071162462 0.046337236 -0.996387899 -151.163162231 -0.010778906 0.998826325 0.047220469 -0.305051804 0.997406542 0.014100296 -0.070579410 362.353759766
-0.072320819 0.048126847 -0.996219754 -152.312881470 -0.012327719 0.998715699 0.049142364 -0.263463020 0.997305393 0.015835127 -0.071634650 362.265930176
-0.072278976 0.043140657 -0.996451139 -153.448043823 -0.016071182 0.998884022 0.044411737 -0.229849815 0.997255087 0.019224178 -0.071504951 362.170288086
-0.073020101 0.034742437 -0.996725321 -154.584991455 -0.018484749 0.999174237 0.036181994 -0.193247318 0.997159302 0.021066220 -0.072317600 362.082153320
-0.073007345 0.034087766 -0.996748865 -155.721298218 -0.015182386 0.999261916 0.035285756 -0.155548096 0.997216046 0.017709138 -0.072435975 361.997589111
-0.075005293 0.038826790 -0.996427059 -156.861541748 -0.012167110 0.999131680 0.039848048 -0.132623672 0.997108996 0.015112447 -0.074467659 361.914978027
-0.078298926 0.044580612 -0.995932877 -157.991744995 -0.008120480 0.998937964 0.045353558 -0.097400665 0.996897042 0.011638575 -0.077853680 361.829040527
-0.081385732 0.048699941 -0.995492280 -159.130752563 -0.004249714 0.998779476 0.049208190 -0.062043190 0.996673763 0.008235396 -0.081079364 361.742065430
-0.083584070 0.051235601 -0.995182812 -160.262832642 -0.004993971 0.998643279 0.051833197 -0.020106316 0.996488333 0.009302339 -0.083214879 361.642578125
-0.086358309 0.049725220 -0.995022595 -161.390869141 -0.007476924 0.998693168 0.050557580 0.023749352 0.996236265 0.011805765 -0.085873723 361.539611816
-0.088911533 0.047176138 -0.994921863 -162.501220703 -0.012971363 0.998738170 0.048516288 0.062077522 0.995955229 0.017219141 -0.088187337 361.426513672
-0.091313243 0.042813193 -0.994901657 -163.612854004 -0.015329980 0.998896539 0.044392113 0.096576691 0.995704412 0.019305397 -0.090556145 361.312438965
-0.092691541 0.039499581 -0.994911075 -164.708129883 -0.013647594 0.999068558 0.040936127 0.124833107 0.995601296 0.017372578 -0.092066169 361.199432373
-0.093670607 0.039048992 -0.994837344 -165.822738647 -0.013563666 0.999087751 0.040492941 0.157196999 0.995510995 0.017286632 -0.093055487 361.088409424
-0.095625281 0.044555735 -0.994419813 -166.935836792 -0.011951609 0.998874307 0.045904618 0.193090439 0.995345771 0.016274555 -0.094985127 360.979919434
-0.096339464 0.051770288 -0.994001508 -168.034072876 -0.009660836 0.998550773 0.052943572 0.225054741 0.995301902 0.014703425 -0.095699668 360.872070312
-0.096763134 0.053114623 -0.993889332 -169.143035889 -0.010716595 0.998461604 0.054402325 0.272860527 0.995249867 0.015915243 -0.096045136 360.759643555
-0.096697330 0.051084097 -0.994002163 -170.238922119 -0.011289004 0.998561502 0.052416623 0.310728073 0.995249927 0.016289832 -0.095981479 360.651275635
-0.096809030 0.047296982 -0.994178593 -171.317642212 -0.012931285 0.998726189 0.048772529 0.353809357 0.995219052 0.017577628 -0.096074104 360.544006348
-0.096696973 0.047706470 -0.994169891 -172.411880493 -0.014997742 0.998667419 0.049381029 0.388772011 0.995200872 0.019685302 -0.095852613 360.426391602
-0.097101688 0.049900535 -0.994022787 -173.490463257 -0.014828959 0.998558939 0.051576830 0.427728653 0.995164037 0.019748516 -0.096221805 360.315277100
-0.096741199 0.048157610 -0.994144022 -174.555297852 -0.010348397 0.998726130 0.049386591 0.463346481 0.995255947 0.015065504 -0.096119642 360.207580566
-0.097543597 0.039678942 -0.994440138 -175.631469727 -0.009953935 0.999116063 0.040841892 0.503896713 0.995181620 0.013882452 -0.097062349 360.110321045
-0.097358823 0.036422756 -0.994582653 -176.695571899 -0.006126591 0.999289274 0.037194841 0.537214279 0.995230496 0.009714647 -0.097066522 360.006774902
-0.098185062 0.041541573 -0.994300902 -177.758941650 -0.004543072 0.999099255 0.042190671 0.568661690 0.995157957 0.008659665 -0.097907901 359.899658203
-0.097824454 0.044995736 -0.994186044 -178.823760986 -0.006401761 0.998928249 0.045840275 0.592468262 0.995183170 0.010848837 -0.097431540 359.789123535
-0.096427202 0.040540114 -0.994514167 -179.893676758 -0.009107823 0.999092400 0.041609831 0.627502441 0.995298386 0.013070179 -0.095970511 359.676696777
-0.094403625 0.033427488 -0.994972765 -180.943801880 -0.016802976 0.999240220 0.035165139 0.659654140 0.995392263 0.020038215 -0.093770266 359.559051514
-0.091591477 0.032188699 -0.995276332 -182.008239746 -0.023258027 0.999135613 0.034453858 0.688699722 0.995525062 0.026303839 -0.090763569 359.451538086
-0.088009715 0.035186213 -0.995498002 -183.074768066 -0.027324731 0.998914599 0.037722692 0.717829704 0.995744765 0.030521676 -0.086952686 359.341888428
-0.084312558 0.037476927 -0.995734334 -184.156158447 -0.027145429 0.998835206 0.039892145 0.748311520 0.996069491 0.030393049 -0.083197117 359.258483887
-0.079498768 0.036790032 -0.996155798 -185.215789795 -0.024792202 0.998936594 0.038871288 0.779232502 0.996526599 0.027787117 -0.078502178 359.171264648
-0.074502587 0.035982832 -0.996571541 -186.287719727 -0.021732355 0.999052882 0.037697118 0.810861588 0.996984065 0.024466375 -0.073650122 359.086029053
-0.070158243 0.033937320 -0.996958375 -187.359573364 -0.016879503 0.999237657 0.035202757 0.837777615 0.997393012 0.019297926 -0.069531918 359.014526367
-0.066472411 0.031967532 -0.997276127 -188.442581177 -0.012355446 0.999383628 0.032858629 0.860788345 0.997711837 0.014505981 -0.066036463 358.951171875
-0.062170148 0.030605845 -0.997596145 -189.514114380 -0.007369861 0.999488413 0.031123186 0.889252186 0.998038292 0.009287080 -0.061912775 358.885681152
-0.058816671 0.036408376 -0.997604728 -190.605560303 -0.001866667 0.999328911 0.036581360 0.914208412 0.998267114 0.004013785 -0.058709264 358.824310303
-0.056252718 0.042481676 -0.997512519 -191.701644897 0.003888551 0.999096096 0.042329837 0.943923950 0.998409092 -0.001497720 -0.056367040 358.761230469
-0.055204391 0.044051707 -0.997502923 -192.786834717 0.004916610 0.999026179 0.043846883 0.980435371 0.998463094 -0.002483800 -0.055367112 358.708679199
-0.053418398 0.042976141 -0.997647107 -193.892852783 0.007612225 0.999061942 0.042629503 1.016236305 0.998543322 -0.005317115 -0.053695440 358.654663086
-0.052156329 0.042483255 -0.997735023 -194.978271484 0.004877048 0.999093652 0.042286165 1.052485466 0.998627126 -0.002660519 -0.052316189 358.586090088
-0.049688101 0.045023475 -0.997749507 -196.073043823 0.000191166 0.998983800 0.045069657 1.087897301 0.998764813 0.002048688 -0.049646139 358.520843506
-0.046396494 0.044492591 -0.997931838 -197.170532227 -0.006663433 0.998971581 0.044848748 1.127554893 0.998900950 0.008730473 -0.046052337 358.451416016
-0.042105913 0.041981257 -0.998230755 -198.284713745 -0.013514176 0.999001503 0.042583704 1.162451744 0.999021769 0.015283292 -0.041496515 358.388610840
-0.037781477 0.039862186 -0.998490810 -199.391143799 -0.018128403 0.999012291 0.040568963 1.205616951 0.999121726 0.019633792 -0.037021518 358.336456299
-0.032957077 0.040769756 -0.998624980 -200.510742188 -0.021620920 0.998904765 0.041494723 1.242529869 0.999222994 0.022958729 -0.032039523 358.286437988
-0.028271794 0.042795181 -0.998683810 -201.638275146 -0.022514068 0.998802423 0.043437619 1.267786026 0.999346733 0.023712492 -0.027274489 358.248229980
-0.024201035 0.044454478 -0.998718202 -202.765502930 -0.022762910 0.998727322 0.045006476 1.308186531 0.999447882 0.023822941 -0.023158431 358.213562012
-0.021201849 0.046474811 -0.998694420 -203.910293579 -0.021793699 0.998660147 0.046935886 1.345459938 0.999537587 0.022760376 -0.020160556 358.193298340
-0.018099427 0.047841921 -0.998690963 -205.052017212 -0.020346094 0.998630106 0.048207738 1.390823364 0.999629200 0.021191984 -0.017101169 358.166046143
-0.016332626 0.047766212 -0.998725116 -206.187774658 -0.019392435 0.998655200 0.048080008 1.433511734 0.999678671 0.020152975 -0.015384316 358.144287109
-0.014950037 0.046990272 -0.998783588 -207.331481934 -0.019251892 0.998696387 0.047274340 1.472062111 0.999702990 0.019935215 -0.014025927 358.126647949
-0.013514638 0.048661411 -0.998723865 -208.467773438 -0.018821999 0.998625755 0.048911329 1.511362076 0.999731481 0.019459000 -0.012580156 358.106323242
-0.011956453 0.050514910 -0.998651803 -209.603179932 -0.018972566 0.998531878 0.050735999 1.552696228 0.999748588 0.019553604 -0.010980487 358.087280273
-0.010571718 0.051011089 -0.998642206 -210.743072510 -0.019160217 0.998504281 0.051206879 1.592031479 0.999760628 0.019675545 -0.009578586 358.072998047
-0.009402156 0.048610065 -0.998773694 -211.875473022 -0.017508155 0.998656631 0.048769187 1.636811256 0.999802649 0.017945213 -0.008538485 358.060974121
-0.007851362 0.048362963 -0.998799086 -213.007705688 -0.015942873 0.998696744 0.048483334 1.676219940 0.999842227 0.016304381 -0.007070065 358.053527832
-0.006355762 0.048590843 -0.998798609 -214.138259888 -0.016539555 0.998676956 0.048690178 1.716203690 0.999843061 0.016829148 -0.005543709 358.041015625
-0.004199147 0.046605915 -0.998904705 -215.270294189 -0.015237688 0.998794377 0.046664827 1.752657890 0.999875247 0.015416936 -0.003483891 358.038330078
-0.001226783 0.044016581 -0.999030173 -216.399307251 -0.013714987 0.998936117 0.044029281 1.791301727 0.999905348 0.013755690 -0.000621796 358.037597656
0.001682281 0.044539224 -0.999006331 -217.521286011 -0.014335907 0.998906016 0.044510618 1.826867104 0.999895930 0.014246775 0.002318978 358.040527344
0.005955219 0.047821857 -0.998838305 -218.635955811 -0.014208378 0.998759031 0.047733359 1.860598564 0.999881506 0.013907598 0.006627321 358.035095215
0.010431945 0.051134016 -0.998637438 -219.736389160 -0.014403721 0.998595715 0.050981425 1.894614220 0.999841988 0.013852254 0.011153817 358.046539307
0.015982389 0.052898228 -0.998472035 -220.839416504 -0.016350659 0.998479843 0.052636921 1.934002876 0.999738574 0.015484408 0.016823053 358.056457520
0.021543503 0.053489774 -0.998336077 -221.924499512 -0.019064900 0.998408139 0.053082231 1.974025726 0.999586225 0.017889595 0.022528946 358.077117920
0.028351665 0.051913042 -0.998249114 -223.001556396 -0.019591870 0.998487532 0.051369008 2.011765480 0.999406040 0.018101167 0.029325843 358.103271484
0.035845637 0.050158363 -0.998097897 -224.064651489 -0.021169927 0.998553634 0.049420975 2.049336433 0.999133170 0.019358128 0.036855638 358.132263184
0.042266190 0.049596477 -0.997874737 -225.108917236 -0.020445190 0.998600900 0.048766594 2.084453583 0.998897254 0.018340554 0.043221056 358.174926758
0.047516227 0.050222449 -0.997607172 -226.136108398 -0.018613392 0.998606324 0.049386188 2.115641594 0.998697102 0.016222199 0.048384786 358.220581055
0.050794065 0.049525850 -0.997480452 -227.120651245 -0.016203688 0.998679042 0.048760232 2.143870354 0.998577714 0.013686127 0.051529467 358.275360107
0.053427398 0.048259173 -0.997405112 -228.114807129 -0.013909679 0.998770595 0.047580156 2.178786278 0.998475015 0.011331491 0.054032981 358.334655762
0.056284368 0.050184198 -0.997152746 -229.100982666 -0.013293940 0.998685122 0.049510937 2.205561638 0.998326302 0.010469395 0.056877494 358.382568359
0.058410048 0.055365056 -0.996756256 -230.075012207 -0.009846514 0.998444319 0.054881815 2.242462158 0.998244166 0.006608921 0.058864355 358.444519043
0.060523570 0.057586491 -0.996504307 -231.028106689 -0.007677275 0.998331726 0.057225812 2.271235466 0.998137295 0.004186923 0.060864687 358.498382568
0.062292039 0.049526937 -0.996828377 -231.964416504 -0.006185873 0.998767972 0.049236748 2.303926468 0.998038828 0.003099195 0.062521636 358.564819336
0.065086424 0.038949531 -0.997119248 -232.867462158 -0.005073060 0.999237955 0.038701151 2.332846642 0.997866809 0.002539525 0.065234423 358.620727539
0.068194389 0.040861085 -0.996834934 -233.772048950 -0.010087487 0.999138117 0.040265400 2.363688469 0.997621059 0.007309686 0.068547785 358.671081543
0.073102176 0.053121451 -0.995908856 -234.649673462 -0.013175492 0.998544753 0.052294943 2.384955406 0.997237563 0.009298705 0.073695660 358.727172852
0.078472018 0.061799213 -0.994999111 -235.511825562 -0.017577285 0.998007357 0.060599800 2.407984734 0.996761441 0.012733985 0.079401910 358.789733887
0.087247849 0.059114121 -0.994431198 -236.347045898 -0.021444924 0.998117924 0.057451781 2.439053535 0.995955825 0.016312955 0.088351369 358.849487305
0.096160054 0.056862619 -0.993740380 -237.155944824 -0.023631614 0.998215914 0.054831982 2.475827217 0.995085299 0.018211039 0.097332239 358.926818848
0.106116593 0.057175547 -0.992708564 -237.935592651 -0.022204245 0.998232782 0.055120170 2.503820419 0.994105816 0.016193174 0.107198596 359.016296387
0.119010985 0.055237774 -0.991355240 -238.693664551 -0.021155963 0.998365700 0.053088650 2.523326874 0.992667496 0.014654944 0.119985104 359.104919434
0.134119391 0.046116713 -0.989891589 -239.410507202 -0.020094296 0.998837709 0.043810941 2.544610023 0.990761459 0.014015272 0.134890199 359.207366943
0.150803089 0.037924126 -0.987836182 -240.101303101 -0.018361602 0.999198973 0.035557274 2.567067623 0.988393366 0.012776103 0.151378632 359.322753906
0.166809857 0.034829982 -0.985373616 -240.782241821 -0.013718917 0.999361098 0.033001978 2.588443756 0.985893548 0.008013208 0.167181134 359.453491211
0.182321072 0.040265277 -0.982414365 -241.435058594 -0.007245290 0.999189019 0.039608192 2.592750549 0.983212471 -0.000103535 0.182464957 359.589385986
0.197732508 0.044852905 -0.979229391 -242.071548462 -0.000983110 0.998961210 0.045558196 2.604988098 0.980255604 -0.008045651 0.197571218 359.726623535
0.210589707 0.045603104 -0.976510286 -242.680404663 0.005612601 0.998838484 0.047856219 2.616659164 0.977558434 -0.015558789 0.210089147 359.876708984
0.220496237 0.044062618 -0.974392056 -243.264892578 0.012265862 0.998774886 0.047940880 2.633359909 0.975310683 -0.022522543 0.219685614 360.022979736
0.227144957 0.042098496 -0.972950578 -243.834960938 0.016935349 0.998743415 0.047168247 2.648946762 0.973713696 -0.027191285 0.226146579 360.163208008
0.230471253 0.039022911 -0.972296476 -244.387374878 0.020717051 0.998772323 0.044996250 2.664754868 0.972858667 -0.030513460 0.229379833 360.306884766
0.232133150 0.037582278 -0.971957803 -244.926406860 0.024639284 0.998705447 0.044501137 2.676269531 0.972371995 -0.034278534 0.230906665 360.442749023
0.232005179 0.037795655 -0.971979976 -245.463287354 0.026721427 0.998620093 0.045209784 2.702243805 0.972347438 -0.036461595 0.230675101 360.578247070
0.228874743 0.038522016 -0.972693443 -245.976913452 0.028607335 0.998519003 0.046276107 2.721313477 0.973035514 -0.038417604 0.227433741 360.701934814
0.223334253 0.039865091 -0.973926425 -246.473587036 0.029458964 0.998430848 0.047623448 2.734711647 0.974296689 -0.039326809 0.221809447 360.814697266
0.216128349 0.041490261 -0.975483179 -246.948043823 0.028387373 0.998407304 0.048754822 2.741875648 0.975952327 -0.038228706 0.214606345 360.912780762
0.208131909 0.042510778 -0.977176547 -247.404739380 0.027375400 0.998410523 0.049265306 2.751949310 0.977717638 -0.037004285 0.206637323 360.999725342
0.198437512 0.041321643 -0.979242206 -247.847640991 0.027112968 0.998497069 0.047628440 2.767824173 0.979738533 -0.036001429 0.197018921 361.080261230
0.186523855 0.039792549 -0.981644332 -248.270263672 0.029717637 0.998493671 0.046122268 2.781998634 0.982000947 -0.037775051 0.185060322 361.158050537
0.171831608 0.038680028 -0.984366715 -248.683731079 0.031780358 0.998491108 0.044782639 2.792046547 0.984613597 -0.038978599 0.170343101 361.219390869
0.152387321 0.037305694 -0.987616599 -249.096893311 0.032790173 0.998546362 0.042778015 2.805546761 0.987776875 -0.038902946 0.150942504 361.269165039
0.130530894 0.038392041 -0.990700722 -249.506774902 0.032248963 0.998556793 0.042945489 2.815556526 0.990919709 -0.037554786 0.129104376 361.305480957
0.109057486 0.039794169 -0.993238628 -249.913024902 0.029390672 0.998632431 0.043237370 2.825603485 0.993600905 -0.033907313 0.107738793 361.328674316
0.088419795 0.041723572 -0.995209157 -250.318862915 0.026655376 0.998665392 0.044236690 2.835685730 0.995726645 -0.030439077 0.087189615 361.337707520
0.067562878 0.042473692 -0.996810615 -250.716003418 0.025855195 0.998683393 0.044305936 2.849675179 0.997380018 -0.028766170 0.066375732 361.356109619
0.047395885 0.043390926 -0.997933328 -251.117782593 0.024591465 0.998702526 0.044592325 2.862586975 0.998573422 -0.026654134 0.046267331 361.355499268
0.028308392 0.043516099 -0.998651683 -251.513183594 0.023525998 0.998746216 0.044187106 2.876631737 0.999322414 -0.024745146 0.027249157 361.349304199
0.010516882 0.043767333 -0.998986483 -251.913696289 0.021248201 0.998806298 0.043983135 2.887179375 0.999718964 -0.021689232 0.009574354 361.332153320
-0.004818320 0.043331813 -0.999049306 -252.304656982 0.017874528 0.998904824 0.043239351 2.899434090 0.999828815 -0.017649198 -0.005587578 361.315948486
-0.016101956 0.041848414 -0.998994410 -252.702362061 0.014050928 0.999034584 0.041623630 2.910285950 0.999771833 -0.013366578 -0.016674399 361.289733887
-0.023723841 0.040527564 -0.998896718 -253.109481812 0.008757249 0.999148071 0.040329777 2.924752235 0.999680161 -0.007790811 -0.024058461 361.267578125
-0.028193474 0.040766064 -0.998770833 -253.523361206 0.004347220 0.999163628 0.040659383 2.938826561 0.999593019 -0.003195548 -0.028347015 361.243713379
-0.030094624 0.041583259 -0.998681664 -253.949310303 0.001908592 0.999134839 0.041544612 2.951180458 0.999545157 -0.000655805 -0.030147910 361.225311279
-0.028983355 0.042259499 -0.998686194 -254.379852295 -0.000441827 0.999105275 0.042290054 2.965263367 0.999579847 0.001666950 -0.028938770 361.209350586
-0.025965810 0.042848010 -0.998744249 -254.810272217 -0.003687400 0.999070108 0.042957861 2.978306770 0.999656141 0.004798201 -0.025783658 361.194458008
-0.022451401 0.042849440 -0.998829305 -255.241409302 -0.005680117 0.999059498 0.042986993 2.989583969 0.999731839 0.006638585 -0.022186875 361.183776855
-0.018191576 0.042884704 -0.998914540 -255.663864136 -0.009524125 0.999026954 0.043062981 3.000412941 0.999789298 0.010297158 -0.017765403 361.172607422
-0.010024309 0.042019907 -0.999066532 -256.101104736 -0.013737253 0.999016583 0.042155646 3.015312195 0.999855459 0.014147009 -0.009437203 361.157287598
0.000085056 0.041553855 -0.999136269 -256.530883789 -0.017341612 0.998986065 0.041546132 3.027108192 0.999849617 0.017323097 0.000805616 361.158172607
0.010961592 0.041520376 -0.999077678 -256.960571289 -0.019919660 0.998948336 0.041296452 3.045314789 0.999741673 0.019448603 0.011777103 361.166259766
0.021703303 0.042713083 -0.998851776 -257.385589600 -0.021084780 0.998884320 0.042256340 3.057629585 0.999542236 0.020143457 0.022579670 361.184906006
0.033093512 0.044495102 -0.998461366 -257.810546875 -0.021632932 0.998806357 0.043793466 3.068528175 0.999218166 0.020150369 0.034016550 361.191070557
0.043246448 0.047155157 -0.997951090 -258.236938477 -0.025086578 0.998621762 0.046099719 3.075801849 0.998749495 0.023041520 0.044369817 361.217956543
0.055006206 0.051512003 -0.997156441 -258.660095215 -0.028512096 0.998342156 0.050000440 3.090957642 0.998078883 0.025680678 0.056383729 361.240356445
0.066173315 0.052850619 -0.996407568 -259.081573486 -0.030696968 0.998231411 0.050908722 3.113074303 0.997335911 0.027217889 0.067678630 361.277984619
0.077951670 0.051388811 -0.995631874 -259.485809326 -0.028437028 0.998378932 0.049304157 3.117761612 0.996551573 0.024469465 0.079286635 361.310394287
0.088764906 0.049002502 -0.994846523 -259.884887695 -0.025504028 0.998573482 0.046910487 3.133214951 0.995726049 0.021208590 0.089888036 361.357818604
0.099287510 0.049566228 -0.993823647 -260.264892578 -0.025510743 0.998557091 0.047253668 3.118974686 0.994731903 0.020661473 0.100408733 361.398559570
0.107994139 0.047433238 -0.993019342 -260.623016357 -0.028339595 0.998602092 0.044617880 3.142423630 0.993747592 0.023323294 0.109187365 361.447479248
0.117384255 0.044915397 -0.992070377 -260.973205566 -0.030850744 0.998659432 0.041563377 3.162774086 0.992607296 0.025727220 0.118612587 361.470428467
0.123137951 0.041018378 -0.991541564 -261.303009033 -0.030787393 0.998822391 0.037496138 3.175830841 0.991911948 0.025909778 0.124255836 361.522857666
0.127869427 0.037179723 -0.991093874 -261.627380371 -0.026119528 0.999076724 0.034109287 3.182396889 0.991447031 0.021525368 0.128722489 361.575378418
0.130517185 0.035849098 -0.990797758 -261.951965332 -0.019298222 0.999248624 0.033612724 3.187861919 0.991258264 0.014733593 0.131110966 361.629730225
0.129852593 0.036818996 -0.990849555 -262.276580811 -0.015273708 0.999266028 0.035130098 3.187271595 0.991415739 0.010572207 0.130319655 361.678039551
0.125413597 0.037247360 -0.991405189 -262.594024658 -0.014472352 0.999257326 0.035711605 3.191776752 0.991999090 0.009869236 0.125859559 361.712738037
0.115462124 0.037159231 -0.992616713 -262.906372070 -0.014147416 0.999260187 0.035762295 3.200808048 0.993211269 0.009913765 0.115902364 361.746643066
0.099423945 0.037928533 -0.994322062 -263.227294922 -0.016083136 0.999203980 0.036506575 3.206677914 0.994915247 0.012362187 0.099954844 361.779205322
0.080776334 0.037660260 -0.996020555 -263.536895752 -0.016650446 0.999197483 0.036430046 3.214209557 0.996593237 0.013641498 0.081338525 361.786376953
0.058232188 0.036292721 -0.997643292 -263.861816406 -0.016321639 0.999239981 0.035398118 3.226090431 0.998169780 0.014221858 0.058780253 361.786102295
0.032291591 0.032832276 -0.998939097 -264.155761719 -0.014399953 0.999371886 0.032381009 3.241725922 0.999374807 0.013339042 0.032744110 361.770904541
0.002007961 0.030055365 -0.999546349 -264.473083496 -0.013383963 0.999459505 0.030025870 3.245541096 0.999908507 0.013317597 0.002409101 361.759185791
-0.030722499 0.029376606 -0.999096334 -264.805053711 -0.013178154 0.999469221 0.029792804 3.249223232 0.999441206 0.014081548 -0.030319095 361.731018066
-0.067145348 0.030333320 -0.997282088 -265.148193359 -0.015335578 0.999388278 0.031429902 3.262985229 0.997625411 0.017404264 -0.066639066 361.685913086
-0.106100798 0.031876795 -0.993844330 -265.497344971 -0.017292377 0.999275744 0.033897102 3.284808159 0.994204998 0.020782437 -0.105472803 361.611572266
-0.149624228 0.033646703 -0.988170385 -265.864685059 -0.015411739 0.999220014 0.036356516 3.299384594 0.988622963 0.020669233 -0.148988962 361.546630859
-0.194834590 0.035956822 -0.980176866 -266.233459473 -0.011283744 0.999179542 0.038896844 3.286040783 0.980771244 0.018638510 -0.194268942 361.458770752
-0.237869978 0.035836231 -0.970635712 -266.570861816 -0.008214284 0.999209166 0.038904216 3.303596497 0.971262276 0.017227221 -0.237387419 361.313232422
-0.287129164 0.038507473 -0.957117677 -266.954956055 -0.006504729 0.999090195 0.042147525 3.306465149 0.957869947 0.018327570 -0.286617517 361.177673340
-0.336609483 0.037791420 -0.940885782 -267.345764160 -0.006523326 0.999076784 0.042462479 3.325865269 0.941621840 0.020430971 -0.336052179 361.009796143
-0.386666059 0.035261847 -0.921545506 -267.738403320 -0.003169362 0.999212027 0.039563481 3.346290588 0.922214448 0.018218562 -0.386249542 360.819763184
-0.438605547 0.033899810 -0.898040175 -268.145690918 0.000905550 0.999304473 0.037280131 3.354605198 0.898679316 0.015538051 -0.438331246 360.608367920
-0.486382008 0.030903524 -0.873199582 -268.486877441 0.005854483 0.999467134 0.032111261 3.387971401 0.873726666 0.010506209 -0.486303806 360.357025146
-0.539240479 0.033528727 -0.841484070 -268.899383545 0.010316527 0.999395192 0.033209611 3.395976067 0.842088580 0.009226774 -0.539260268 360.089050293
-0.589991093 0.044574179 -0.806178629 -269.310729980 0.020725638 0.998982012 0.040066645 3.359818459 0.807143927 0.006930390 -0.590314269 359.780609131
-0.639640212 0.045495417 -0.767327309 -269.698272705 0.023000542 0.998932719 0.040054359 3.390302658 0.768330693 0.007971425 -0.640003920 359.427276611
-0.687199354 0.047549415 -0.724911392 -270.075073242 0.025933784 0.998825312 0.040931746 3.406643867 0.726006150 0.009328567 -0.687625170 359.033721924
-0.731959581 0.048996869 -0.679583788 -270.432556152 0.029613446 0.998756230 0.040112898 3.435314178 0.680703938 0.009236208 -0.732500196 358.612182617
-0.772781849 0.055311568 -0.632257342 -270.758880615 0.036897428 0.998425663 0.042246778 3.438710213 0.633598685 0.009318865 -0.773606062 358.161682129
-0.809897900 0.057229601 -0.583772480 -271.083862305 0.040968277 0.998317599 0.041031733 3.469645500 0.585138559 0.009315362 -0.810879827 357.656005859
-0.843864918 0.059056252 -0.533295751 -271.388732910 0.044119254 0.998195827 0.040726021 3.488890648 0.534738719 0.010838648 -0.844947934 357.127990723
-0.872287869 0.059118833 -0.485406131 -271.656463623 0.045437228 0.998169363 0.039917648 3.520956993 0.486877412 0.012764167 -0.873377204 356.570587158
-0.895772696 0.058587369 -0.440634876 -271.908691406 0.045261558 0.998145640 0.040701874 3.544030190 0.442202389 0.016515803 -0.896763444 355.975189209
-0.915391684 0.059183739 -0.398190111 -272.149291992 0.046847530 0.998074651 0.040648796 3.566032410 0.399829209 0.018555345 -0.916401744 355.394897461
-0.930991769 0.059364215 -0.360181451 -272.365539551 0.047944561 0.998025894 0.040565789 3.594659805 0.361878574 0.020497667 -0.932000041 354.748596191
-0.944417953 0.060774721 -0.323080778 -272.566040039 0.049777396 0.997868359 0.042201538 3.612551689 0.324956894 0.023773769 -0.945430040 354.077667236
-0.955803752 0.061739150 -0.287449896 -272.771759033 0.052121904 0.997798800 0.040998243 3.641742706 0.289348364 0.024203839 -0.956917763 353.389526367
-0.964511395 0.063166387 -0.256374657 -272.940917969 0.055235591 0.997749031 0.038025778 3.666212082 0.258199513 0.022515286 -0.965829253 352.669769287
-0.971556902 0.066888236 -0.227163941 -273.121490479 0.061332740 0.997622252 0.031435248 3.688531876 0.228726447 0.016608538 -0.973349214 351.919555664
-0.977162004 0.068945602 -0.201000094 -273.269683838 0.065328121 0.997560978 0.024583476 3.712490082 0.202204779 0.010891077 -0.979282737 351.153076172
-0.981927514 0.072504744 -0.174819097 -273.405853271 0.069832206 0.997329235 0.021398930 3.731371880 0.175903708 0.008804195 -0.984368205 350.359252930
-0.985653520 0.078831725 -0.149241686 -273.525512695 0.076310314 0.996828973 0.022555541 3.748929977 0.150546521 0.010843266 -0.988543630 349.542968750
-0.988625288 0.083653942 -0.124991022 -273.622894287 0.081136942 0.996386766 0.025103208 3.762393951 0.126639381 0.014676269 -0.991840601 348.701507568
-0.991197348 0.083264753 -0.102931909 -273.712554932 0.080855608 0.996350050 0.027367458 3.781493187 0.104834951 0.018803928 -0.994311929 347.835662842
-0.992903829 0.082876615 -0.085283913 -273.774566650 0.080969341 0.996388018 0.025590828 3.798008919 0.087096751 0.018503850 -0.996027946 346.952301025
-0.994441390 0.075831950 -0.073047161 -273.822570801 0.074391752 0.996981025 0.022242935 3.823632240 0.074513353 0.016685190 -0.997080445 346.039428711
-0.995382428 0.069346048 -0.066369571 -273.872192383 0.068265580 0.997497261 0.018413970 3.835799217 0.067480400 0.013798186 -0.997625113 345.103729248
-0.995861530 0.065860800 -0.062629521 -273.917205811 0.064900286 0.997742653 0.017251369 3.853075027 0.063624330 0.013115298 -0.997887850 344.153839111
-0.995800376 0.067823455 -0.061498489 -273.972778320 0.066789761 0.997591555 0.018713601 3.865582466 0.062619597 0.014527537 -0.997931957 343.171447754
-0.995825887 0.068509206 -0.060314335 -274.030059814 0.067467287 0.997537732 0.019147336 3.892915726 0.061477594 0.014998164 -0.997996092 342.161346436
-0.995733380 0.071005635 -0.058936752 -274.103729248 0.069916688 0.997345448 0.020340126 3.902727127 0.060224567 0.016132679 -0.998054624 341.145660400
-0.995854974 0.070525274 -0.057439409 -274.161956787 0.069442809 0.997372568 0.020630648 3.924169540 0.058743477 0.016556377 -0.998135924 340.107330322
-0.995931029 0.070709273 -0.055872474 -274.217071533 0.069553986 0.997327566 0.022360636 3.940881729 0.057304263 0.018383497 -0.998187661 339.046630859
-0.995989323 0.070674516 -0.054871190 -274.277801514 0.069474839 0.997307479 0.023473948 3.959931374 0.056382459 0.019567631 -0.998217702 337.977783203
-0.996195793 0.068944551 -0.053301159 -274.331970215 0.067747928 0.997415125 0.023942387 3.983251572 0.054814082 0.020240257 -0.998291612 336.892517090
-0.996396184 0.067261413 -0.051678080 -274.385314941 0.065947562 0.997465193 0.026723579 4.007700443 0.053344551 0.023219228 -0.998306155 335.786010742
-0.996554255 0.066369273 -0.049747583 -274.437866211 0.065049015 0.997497380 0.027706057 4.029852390 0.051461916 0.024374556 -0.998377442 334.671600342
-0.996719956 0.065153793 -0.048005424 -274.475311279 0.063959569 0.997613549 0.026008064 4.052542210 0.049585383 0.022852348 -0.998508453 333.580474854
-0.996730328 0.067010529 -0.045145549 -274.540771484 0.065980010 0.997533619 0.023944193 4.070878983 0.046638716 0.020887202 -0.998693347 332.417816162
-0.996779561 0.068296388 -0.042030770 -274.583740234 0.067351550 0.997452497 0.023501173 4.089223862 0.043528743 0.020594645 -0.998840213 331.280639648
-0.996847868 0.068578988 -0.039893746 -274.618713379 0.067641422 0.997411370 0.024396392 4.110507965 0.041463558 0.021621017 -0.998906255 330.132476807
-0.996940851 0.069246925 -0.036247183 -274.671813965 0.068289734 0.997299790 0.027012132 4.130663395 0.038019814 0.024454188 -0.998977780 328.959045410
-0.996930838 0.071072713 -0.032825664 -274.708404541 0.070047230 0.997049332 0.031401046 4.159287453 0.034960564 0.029005324 -0.998967648 327.777496338
-0.996977568 0.072222523 -0.028630558 -274.742218018 0.071093924 0.996720493 0.038651638 4.187524319 0.031328183 0.036499359 -0.998842597 326.573608398
-0.996803284 0.075955629 -0.024779797 -274.779602051 0.074885041 0.996324182 0.041597396 4.219396114 0.027848266 0.039608784 -0.998827100 325.378875732
-0.996912718 0.075387098 -0.021956174 -274.802734375 0.074594624 0.996602416 0.034917187 4.250829220 0.024513880 0.033171568 -0.999149203 324.189392090
-0.997153759 0.072661430 -0.020129448 -274.826690674 0.072236314 0.997164369 0.021098232 4.275087357 0.021605397 0.019584099 -0.999575019 323.001007080
-0.997406483 0.069447055 -0.018906206 -274.847534180 0.069265932 0.997547388 0.010072649 4.281625748 0.019559352 0.008736969 -0.999770641 321.816833496
-0.997722626 0.065547809 -0.015899191 -274.860626221 0.065386042 0.997804880 0.010490115 4.281278610 0.016551895 0.009426641 -0.999818444 320.628173828
-0.997849226 0.064450353 -0.011957256 -274.873687744 0.064190492 0.997717261 0.020973489 4.286729336 0.013281709 0.020160839 -0.999708533 319.436340332
-0.997963428 0.063375764 -0.007280576 -274.877563477 0.063120492 0.997520149 0.031134866 4.298110008 0.009235716 0.030611895 -0.999488950 318.245483398
-0.998064756 0.062150791 -0.002116302 -274.867950439 0.062043861 0.997499585 0.033839956 4.319669724 0.004214190 0.033643156 -0.999425292 317.061492920
-0.998047829 0.062346611 0.003665960 -274.870574951 0.062432390 0.997532129 0.032122664 4.349061966 -0.001654174 0.032288827 -0.999477148 315.882568359
-0.997993469 0.062665783 0.009053728 -274.856719971 0.062914960 0.997552097 0.030521821 4.371069908 -0.007118891 0.031030193 -0.999493003 314.705932617
-0.997919440 0.062785476 0.014668075 -274.834533691 0.063214988 0.997520626 0.030927055 4.388352871 -0.012689938 0.031789944 -0.999414206 313.519012451
-0.997809649 0.063036337 0.020057369 -274.807647705 0.063643754 0.997483552 0.031242432 4.411047935 -0.018037487 0.032450527 -0.999310493 312.347808838
-0.997642279 0.063748032 0.025426533 -274.765289307 0.064549103 0.997400105 0.032037839 4.430938721 -0.023318077 0.033603556 -0.999163389 311.190765381
-0.997346520 0.065701932 0.031358432 -274.730560303 0.066734225 0.997221828 0.033092670 4.452698231 -0.029097062 0.035097539 -0.998960257 310.009094238
-0.997038960 0.067339823 0.037133239 -274.695861816 0.068607152 0.997064888 0.033981193 4.473847866 -0.034735959 0.036428172 -0.998732448 308.850006104
-0.996755242 0.068207219 0.042747751 -274.638244629 0.069643959 0.997023523 0.033072215 4.494983673 -0.040364750 0.035942014 -0.998538613 307.694427490
-0.996274233 0.071374938 0.048409395 -274.587615967 0.072986111 0.996807456 0.032372013 4.519701958 -0.045944296 0.035784610 -0.998303056 306.536071777
-0.995997071 0.071270369 0.053950690 -274.522583008 0.073057048 0.996817470 0.031900469 4.542259216 -0.051505432 0.035714250 -0.998034000 305.381561279
-0.995588899 0.073010840 0.058928508 -274.457031250 0.075024433 0.996645033 0.032710604 4.555305481 -0.056342579 0.036987387 -0.997726321 304.216491699
-0.995215058 0.074358389 0.063389555 -274.379852295 0.076438040 0.996591210 0.031036086 4.572666168 -0.060865682 0.035732947 -0.997506380 303.072967529
-0.994597673 0.078270316 0.068186626 -274.318084717 0.080329895 0.996374965 0.028001582 4.594517708 -0.065747753 0.033327729 -0.997279644 301.927185059
-0.994173527 0.079795741 0.072469108 -274.229003906 0.081977345 0.996250808 0.027641142 4.614436150 -0.069991760 0.033420913 -0.996987581 300.792480469
-0.993494391 0.083036952 0.077936172 -274.148132324 0.085553400 0.995896220 0.029519338 4.626091003 -0.075165145 0.035994995 -0.996521354 299.649078369
-0.992810488 0.085894778 0.083365209 -274.059082031 0.088517189 0.995673060 0.028281085 4.640334129 -0.080575295 0.035457008 -0.996117830 298.511444092
-0.992296815 0.087529585 0.087667651 -273.952880859 0.090190381 0.995562375 0.026856780 4.658416271 -0.084927857 0.034556676 -0.995787740 297.392211914
-0.991821289 0.088182710 0.092275932 -273.849456787 0.091148533 0.995431483 0.028427718 4.680037022 -0.089347534 0.036606025 -0.995327830 296.258941650
-0.991266489 0.090080656 0.096315704 -273.738281250 0.093352713 0.995180607 0.030014504 4.690727234 -0.093147792 0.038743693 -0.994898438 295.136688232
-0.990980864 0.089756638 0.099502541 -273.614257812 0.093038633 0.995244741 0.028840221 4.710340023 -0.096440777 0.037837684 -0.994619370 294.019470215
-0.990618110 0.089472368 0.103299990 -273.498474121 0.092676356 0.995339990 0.026635410 4.722388268 -0.100435480 0.035958979 -0.994293690 292.880126953
-0.990518332 0.087900259 0.105582476 -273.359497070 0.090985604 0.995544314 0.024760483 4.736835480 -0.102935582 0.034132186 -0.994102597 291.771728516
-0.990090966 0.087839574 0.109563909 -273.249389648 0.090994999 0.995558977 0.024130573 4.751512051 -0.106957711 0.033861227 -0.993686795 290.624023438
-0.989784122 0.087877877 0.112274289 -273.113586426 0.091106929 0.995553076 0.023950953 4.766586781 -0.109670259 0.033935230 -0.993388891 289.491027832
-0.989174962 0.089669645 0.116157427 -272.992706299 0.092974737 0.995394766 0.023343891 4.780689716 -0.113529257 0.033890896 -0.992956638 288.345123291
-0.988659859 0.090859033 0.119569130 -272.851867676 0.094085969 0.995329440 0.021613702 4.792550087 -0.117046878 0.032618370 -0.992590785 287.222198486
-0.988379836 0.090469196 0.122151718 -272.694946289 0.093668714 0.995388269 0.020697810 4.806975365 -0.119715869 0.031899087 -0.992295861 286.090820312
-0.987908840 0.090470478 0.125902280 -272.561248779 0.093818977 0.995369613 0.020913282 4.815847397 -0.123427264 0.032472435 -0.991822243 284.941070557
-0.987699628 0.088771626 0.128720790 -272.397705078 0.092295021 0.995496094 0.021658897 4.819627285 -0.126218349 0.033272773 -0.991444349 283.801116943
-0.987346172 0.086848818 0.132683605 -272.244049072 0.090464212 0.995668530 0.021455983 4.833602905 -0.130245462 0.033187598 -0.990926266 282.661285400
-0.987225175 0.084906921 0.134822994 -272.081665039 0.088489980 0.995859921 0.020798629 4.844808578 -0.132498860 0.032463413 -0.990651369 281.512939453
-0.986757040 0.084993228 0.138154924 -271.915649414 0.088609308 0.995861053 0.020226626 4.856125355 -0.135863990 0.032200575 -0.990204096 280.370452881
-0.986216664 0.085741803 0.141510010 -271.752197266 0.089335129 0.995816052 0.019226374 4.876060009 -0.139269426 0.031603184 -0.989750147 279.200012207
-0.985670686 0.086577043 0.144767985 -271.576477051 0.090440363 0.995694757 0.020309037 4.881855965 -0.142386436 0.033110891 -0.989257216 278.054138184
-0.985174656 0.085661627 0.148637757 -271.407165527 0.089794703 0.995732307 0.021309540 4.885877609 -0.146178007 0.034340497 -0.988662243 276.917114258
-0.984772563 0.084330171 0.152024657 -271.223266602 0.088666737 0.995819151 0.021963283 4.896026134 -0.149536908 0.035108369 -0.988132715 275.766052246
-0.984395146 0.082406677 0.155485436 -271.034637451 0.086751930 0.996000946 0.021359153 4.910012722 -0.153103501 0.034514502 -0.987607479 274.617767334
-0.983870268 0.081481382 0.159247890 -270.857482910 0.085895479 0.996082306 0.021022908 4.921666145 -0.156911030 0.034362491 -0.987014651 273.457061768
-0.983580112 0.078852698 0.162335247 -270.653015137 0.083067253 0.996356487 0.019329682 4.932812214 -0.160219580 0.032497030 -0.986546516 272.305877686
-0.983148336 0.076784700 0.165902019 -270.459869385 0.080788702 0.996577382 0.017512586 4.945578575 -0.163989499 0.030620478 -0.985986829 271.128143311
-0.982847452 0.073434889 0.169169813 -270.246948242 0.077370241 0.996861219 0.016780436 4.956289768 -0.167406559 0.029581316 -0.985444069 269.967285156
-0.982222199 0.072081350 0.173332348 -270.044128418 0.076434322 0.996901810 0.018562285 4.958323002 -0.171457335 0.031480826 -0.984688520 268.794067383
-0.981722951 0.070707440 0.176692739 -269.821899414 0.075318128 0.996968567 0.019516634 4.967918396 -0.174777120 0.032468095 -0.984072447 267.617553711
-0.980857134 0.070320673 0.181588545 -269.606384277 0.075053774 0.996992350 0.019317599 4.974961281 -0.179683968 0.032576710 -0.983184814 266.431427002
-0.980152726 0.070065841 0.185450539 -269.375000000 0.074685141 0.997044086 0.018032297 4.982887268 -0.183638915 0.031524800 -0.982488394 265.261993408
-0.979094386 0.071734175 0.190337434 -269.153320312 0.076401398 0.996927261 0.017287297 4.988459587 -0.188512489 0.031467941 -0.981566548 264.075958252
-0.978213668 0.071328059 0.194962814 -268.911376953 0.076317385 0.996917605 0.018190686 4.996263504 -0.193064362 0.032673426 -0.980642080 262.903686523
-0.977309346 0.069858983 0.199965179 -268.671752930 0.075613663 0.996910155 0.021277742 5.001253128 -0.197860882 0.035915036 -0.979571939 261.729003906
-0.976322412 0.068798251 0.205088943 -268.417236328 0.075293876 0.996871829 0.024028884 5.007949352 -0.202794239 0.038901877 -0.978448510 260.553558350
-0.975438476 0.066430211 0.210016355 -268.150573730 0.073091939 0.997033715 0.024110131 5.025095940 -0.207791746 0.038868450 -0.977400541 259.390502930
-0.974048853 0.064995423 0.216805279 -267.902313232 0.071660966 0.997163415 0.023017051 5.033521652 -0.214694291 0.037956204 -0.975943446 258.161987305
-0.972883463 0.065705813 0.221766844 -267.625366211 0.072021000 0.997192383 0.020502150 5.049001694 -0.219797090 0.035918072 -0.974884272 256.980102539
-0.971744657 0.064725220 0.226986676 -267.351318359 0.070648775 0.997337699 0.018061232 5.062112808 -0.225213349 0.033587236 -0.973730326 255.805450439
-0.970366836 0.066494651 0.232308254 -267.066467285 0.072376721 0.997234523 0.016879234 5.068666458 -0.230543435 0.033192754 -0.972496033 254.614715576
-0.969128251 0.066368155 0.237457544 -266.774902344 0.072620697 0.997203052 0.017671512 5.082300186 -0.235620573 0.034370288 -0.971237302 253.424499512
-0.968011737 0.063630953 0.242702857 -266.463958740 0.070559397 0.997308016 0.019953020 5.088572025 -0.240779862 0.036439721 -0.969895601 252.216583252
-0.966866136 0.062115826 0.247611940 -266.161132812 0.069741063 0.997319520 0.022135207 5.102794647 -0.245573267 0.038670499 -0.968606472 251.018035889
-0.965726137 0.060438085 0.252429307 -265.839935303 0.068656184 0.997354865 0.023867460 5.118698120 -0.250319093 0.040380258 -0.967321038 249.806182861
-0.964447379 0.060409345 0.257278651 -265.520751953 0.068846874 0.997340798 0.023905875 5.127494812 -0.255150348 0.040768784 -0.966041684 248.608551025
-0.962932348 0.062879786 0.262312293 -265.190490723 0.071017087 0.997240186 0.021647468 5.141529083 -0.260227174 0.039473698 -0.964740396 247.401092529
-0.961021900 0.067796081 0.268031090 -264.867309570 0.075896561 0.996915817 0.019965135 5.151057720 -0.265850872 0.039529569 -0.963203430 246.204498291
-0.959179044 0.070340499 0.273911893 -264.528320312 0.078677967 0.996708214 0.019558493 5.159520149 -0.271634489 0.040310927 -0.961555839 245.013305664
-0.957425475 0.072191499 0.279508471 -264.183044434 0.080869101 0.996531546 0.019623838 5.164751053 -0.277122349 0.041391961 -0.959942698 243.832763672
-0.955666661 0.073260777 0.285191089 -263.829254150 0.082586028 0.996366978 0.020793442 5.174521923 -0.282631636 0.043424401 -0.958245039 242.630218506
-0.954295754 0.072252870 0.289998770 -263.463928223 0.082478464 0.996323287 0.023178093 5.183773994 -0.287257850 0.046037406 -0.956746340 241.442779541
-0.952918410 0.072842531 0.294347852 -263.100982666 0.083638020 0.996201396 0.024237908 5.190041542 -0.291464180 0.047715418 -0.955391049 240.266815186
-0.951821089 0.073883742 0.297620416 -262.726074219 0.084046945 0.996230304 0.021478485 5.202124119 -0.294911563 0.045457762 -0.954442739 239.102752686
-0.950491309 0.077425793 0.300951183 -262.353820801 0.086509988 0.996106684 0.016955046 5.209520340 -0.298466742 0.042150907 -0.953488827 237.916381836
-0.949476600 0.078243464 0.303928137 -261.974456787 0.086124107 0.996204853 0.012589501 5.212908745 -0.301789671 0.038128976 -0.952611804 236.757110596
-0.948180199 0.079575457 0.307607174 -261.600036621 0.087530397 0.996088028 0.012127237 5.207106590 -0.305438817 0.038423784 -0.951436281 235.578338623
-0.947022915 0.078672349 0.311381966 -261.210144043 0.087978169 0.995995045 0.015929166 5.211980820 -0.308881700 0.042480092 -0.950151563 234.397583008
-0.945916176 0.078531004 0.314762205 -260.822937012 0.089112438 0.995833695 0.019345028 5.215842724 -0.311931640 0.046348009 -0.948973298 233.218566895
-0.944779396 0.077626698 0.318381131 -260.425109863 0.088474356 0.995883048 0.019729834 5.227313519 -0.315538794 0.046808895 -0.947757721 232.044342041
-0.943716764 0.077973805 0.321432829 -260.024108887 0.088618495 0.995892048 0.018595649 5.235548973 -0.318662435 0.046033911 -0.946749926 230.891723633
-0.942511082 0.077658996 0.325025886 -259.613922119 0.088376924 0.995918632 0.018319134 5.240599155 -0.322276711 0.045990776 -0.945527673 229.720642090
-0.941000700 0.078887597 0.329081357 -259.208892822 0.089214072 0.995877862 0.016373122 5.245057106 -0.326433182 0.044765808 -0.944159627 228.557067871
-0.939154148 0.080643453 0.333895981 -258.788970947 0.090356015 0.995816231 0.013633440 5.244836807 -0.331399560 0.042973403 -0.942511559 227.399353027
-0.937282562 0.083306022 0.338469684 -258.386901855 0.092492364 0.995651841 0.011072421 5.241500378 -0.336075574 0.041683845 -0.940912366 226.260040283
-0.935385466 0.084377542 0.343415707 -257.962677002 0.093819126 0.995529175 0.010939384 5.241157055 -0.340957314 0.042451501 -0.939119816 225.105987549
-0.933748245 0.083648942 0.348018885 -257.524597168 0.094077922 0.995478094 0.013144135 5.248863697 -0.345345676 0.045014203 -0.937395453 223.949584961
-0.931682110 0.082988985 0.353668541 -257.103515625 0.095443435 0.995274127 0.017887201 5.245770931 -0.350512683 0.050420519 -0.935199857 222.785949707
-0.929956436 0.084326439 0.357869595 -256.660308838 0.098040931 0.994974971 0.020317677 5.251104355 -0.354357958 0.053980414 -0.933550715 221.653686523
-0.927994967 0.086364836 0.362445265 -256.218200684 0.100353971 0.994752586 0.019910131 5.259456635 -0.358823836 0.054849323 -0.931792378 220.486663818
-0.926350117 0.088451423 0.366131037 -255.765838623 0.102012850 0.994623482 0.017818047 5.265596867 -0.362586498 0.053855814 -0.930392742 219.342681885
-0.925272584 0.090649374 0.368312240 -255.288467407 0.103086166 0.994571269 0.014187744 5.258944511 -0.365026653 0.051095419 -0.929594159 218.197235107
-0.923982501 0.090043649 0.371683538 -254.850311279 0.101242140 0.994804442 0.010681488 5.261723995 -0.368790656 0.047499545 -0.928298116 217.074310303
-0.923047662 0.088078231 0.374466866 -254.383514404 0.099060372 0.995029747 0.010139682 5.257622719 -0.371712595 0.046454236 -0.927184939 215.940155029
-0.922341704 0.084377445 0.377049685 -253.912231445 0.096113287 0.995293379 0.012382905 5.256358147 -0.374230236 0.047660753 -0.926110387 214.784057617
-0.921575427 0.081905954 0.379461139 -253.436920166 0.094385676 0.995432019 0.014366888 5.255325317 -0.376551062 0.049055859 -0.925096512 213.651458740
-0.920832634 0.080824636 0.381490439 -252.966003418 0.093376569 0.995525658 0.014472652 5.251214981 -0.378613770 0.048949156 -0.924259663 212.523468018
-0.920038462 0.081562027 0.383245170 -252.491104126 0.093532741 0.995535553 0.012670277 5.255832195 -0.380500793 0.047503114 -0.923559666 211.409179688
-0.919055462 0.080881283 0.385739744 -252.019271851 0.092168719 0.995684564 0.010825764 5.252823830 -0.383199513 0.045502618 -0.922544003 210.281494141
-0.918313980 0.081088789 0.387458384 -251.538177490 0.092389740 0.995666564 0.010595699 5.254212856 -0.384920150 0.045527358 -0.921826243 209.162109375
-0.917410374 0.080078125 0.389802426 -251.059509277 0.092798442 0.995588183 0.013877314 5.251080513 -0.386971414 0.048904244 -0.920794129 208.028503418
-0.916519761 0.078703381 0.392170340 -250.574966431 0.092809387 0.995536923 0.017108662 5.250475883 -0.389073521 0.052077513 -0.919733644 206.912933350
-0.915469766 0.079066254 0.394543141 -250.085174561 0.092608057 0.995584071 0.015366501 5.255237103 -0.391585886 0.050605431 -0.918749213 205.797851562
-0.913775325 0.080779485 0.398107708 -249.612319946 0.093453266 0.995545208 0.012498233 5.254897118 -0.395324618 0.048625037 -0.917253733 204.668334961
-0.912503839 0.080809921 0.401007056 -249.115509033 0.092557892 0.995657325 0.009975954 5.259503365 -0.398459464 0.046219461 -0.916020632 203.560760498
-0.911215186 0.080264129 0.404035330 -248.616378784 0.091818608 0.995732605 0.009268732 5.256814003 -0.401567221 0.045543768 -0.914696455 202.452606201
-0.909501910 0.080946617 0.407742321 -248.124679565 0.093470134 0.995562971 0.010849549 5.250278950 -0.405054897 0.047979418 -0.913032532 201.292449951
-0.908169270 0.079696462 0.410947055 -247.616424561 0.093368754 0.995543182 0.013270176 5.249498844 -0.408057928 0.050421171 -0.911562800 200.186065674
-0.906662822 0.078333639 0.414519399 -247.107330322 0.092948116 0.995555401 0.015167248 5.243980885 -0.411488920 0.052280378 -0.909914136 199.067901611
-0.905183315 0.074732348 0.418400109 -246.588119507 0.089013487 0.995922089 0.014689051 5.247575283 -0.415596187 0.050539531 -0.908144236 197.964263916
-0.903646111 0.072157636 0.422157586 -246.071228027 0.085941315 0.996206224 0.013683626 5.241712093 -0.419568628 0.048645936 -0.906419158 196.852386475
-0.902249217 0.068931468 0.425670028 -245.545425415 0.081550203 0.996603251 0.011467280 5.242043018 -0.423433691 0.045059822 -0.904805899 195.755981445
-0.900871873 0.066331513 0.428987384 -245.015945435 0.077536412 0.996951759 0.008674024 5.244160652 -0.427104384 0.041076321 -0.903268933 194.659698486
-0.899074197 0.065206915 0.432913572 -244.483459473 0.076380298 0.997042954 0.008448427 5.237507820 -0.431082547 0.040661823 -0.901396155 193.571197510
-0.896672130 0.065264016 0.437857956 -243.957595825 0.077619776 0.996929228 0.010359260 5.236835480 -0.435837299 0.043275297 -0.898984432 192.480194092
-0.894364834 0.062759086 0.442914128 -243.415496826 0.076829642 0.996947646 0.013876754 5.236090660 -0.440691322 0.046439812 -0.896456599 191.396270752
-0.891840577 0.061620627 0.448132992 -242.872817993 0.077029333 0.996896863 0.016219459 5.238538265 -0.445742935 0.048984557 -0.893819690 190.308410645
-0.889692307 0.060285740 0.452563196 -242.324417114 0.075745411 0.996997237 0.016098050 5.235907555 -0.450233757 0.048601892 -0.891587138 189.251098633
-0.887318730 0.060990315 0.457106084 -241.771041870 0.075888559 0.997013986 0.014283630 5.241782188 -0.454869986 0.047363248 -0.889297605 188.180236816
-0.885223508 0.060290214 0.461242378 -241.212753296 0.074857779 0.997105062 0.013333949 5.242451668 -0.459103197 0.046331100 -0.887174010 187.137756348
-0.882744789 0.060675018 0.465918630 -240.654846191 0.075434901 0.997064948 0.013077023 5.242654800 -0.463757694 0.046690200 -0.884730935 186.055328369
-0.880779386 0.059826236 0.469732642 -240.091125488 0.074006394 0.997188389 0.011762585 5.240672112 -0.467708230 0.045123458 -0.882730484 185.015838623
-0.878843904 0.058982398 0.473449975 -239.512298584 0.072636835 0.997302234 0.010588543 5.238424301 -0.471548170 0.043695576 -0.880757332 183.941101074
-0.877371550 0.058246132 0.476263642 -238.933303833 0.071895771 0.997357190 0.010471270 5.237190247 -0.474395037 0.043428529 -0.879240513 182.912536621
-0.875352502 0.056059871 0.480224401 -238.363525391 0.070638090 0.997425914 0.012322684 5.233253479 -0.478297442 0.044708822 -0.877059221 181.848327637
-0.873350620 0.054984193 0.483978599 -237.785415649 0.070770293 0.997388780 0.014394579 5.232606888 -0.481923372 0.046822827 -0.874961376 180.816101074
-0.870961189 0.058478028 0.487859726 -237.207885742 0.075739622 0.997003913 0.015708288 5.237338066 -0.485479474 0.050631620 -0.872780800 179.761016846
-0.868860483 0.060469255 0.491350323 -236.627120972 0.077888086 0.996848524 0.015050734 5.240080357 -0.488891721 0.051347319 -0.870832086 178.733123779
-0.866634369 0.063475594 0.494889438 -236.035003662 0.081823543 0.996526778 0.015470074 5.236430168 -0.492188603 0.053900510 -0.868818164 177.684051514
-0.864374161 0.064985171 0.498632878 -235.440811157 0.084304824 0.996306777 0.016296001 5.241621971 -0.495732307 0.056122985 -0.866660357 176.653686523
-0.862575531 0.064247228 0.501832485 -234.849212646 0.084654756 0.996248424 0.017964009 5.237746716 -0.498795658 0.057977822 -0.864778399 175.630859375
-0.860337019 0.066891149 0.505317688 -234.254760742 0.086363792 0.996148109 0.015175558 5.241749763 -0.502356172 0.056697242 -0.862800121 174.613250732
-0.858250380 0.068716452 0.508610189 -233.646057129 0.086484194 0.996188641 0.011345725 5.243655682 -0.505892038 0.053724218 -0.860922098 173.575317383
-0.855918884 0.068350516 0.512573123 -233.035385132 0.085623614 0.996276081 0.010127100 5.245418072 -0.509972155 0.052556340 -0.858583927 172.547576904
-0.854211330 0.065912157 0.515731335 -232.416931152 0.084779337 0.996313810 0.013088741 5.241747379 -0.512967527 0.054903910 -0.856650591 171.523529053
-0.852250099 0.063803941 0.519229650 -231.787719727 0.082200825 0.996537805 0.012465776 5.242936611 -0.516636610 0.053305052 -0.854544282 170.505828857
-0.850534916 0.064165056 0.521989703 -231.160308838 0.081714019 0.996599019 0.010639659 5.240675926 -0.519531727 0.051703278 -0.852885485 169.482543945
-0.848296762 0.062334158 0.525839448 -230.521286011 0.078731991 0.996856570 0.008842767 5.241491318 -0.523635268 0.048901677 -0.850537896 168.459594727
-0.846420765 0.063545682 0.528709471 -229.872680664 0.079274453 0.996827543 0.007103067 5.240650654 -0.526580751 0.047925334 -0.848773122 167.436126709
-0.844139457 0.067185692 0.531897008 -229.227905273 0.081592135 0.996659279 0.003598258 5.237863541 -0.529878378 0.046436045 -0.846801281 166.415588379
-0.841624379 0.070183180 0.535484016 -228.575363159 0.084612228 0.996411085 0.002391115 5.224827290 -0.533394396 0.047320914 -0.844542146 165.384063721
-0.838696837 0.072495162 0.539751887 -227.918975830 0.088353008 0.996083081 0.003501941 5.217380524 -0.537383854 0.050625764 -0.841816902 164.355285645
-0.835681438 0.074997194 0.544070005 -227.253540039 0.091819935 0.995768487 0.003772238 5.206833839 -0.541484833 0.053108856 -0.839031458 163.316162109
-0.832815170 0.076518551 0.548237622 -226.581542969 0.093235388 0.995640516 0.002668271 5.195348740 -0.545643449 0.053337313 -0.836318731 162.287475586
-0.830510259 0.077147685 0.551635265 -225.897277832 0.092144437 0.995745540 -0.000530393 5.189336777 -0.549329281 0.050389618 -0.834085584 161.256439209
-0.828080416 0.076938033 0.555305064 -225.213256836 0.092180699 0.995742142 -0.000499603 5.174890518 -0.552979112 0.050774690 -0.831646800 160.243927002
-0.825650215 0.073478661 0.559376895 -224.512222290 0.090107329 0.995929658 0.002176629 5.160374641 -0.556940138 0.052201096 -0.828910589 159.213714600
-0.823027372 0.072726876 0.563326657 -223.811660767 0.091213539 0.995820284 0.004701245 5.152597904 -0.560630202 0.055252269 -0.826220989 158.191101074
-0.820552945 0.070682094 0.567183256 -223.102813721 0.088541403 0.996064603 0.003965179 5.141639233 -0.564670920 0.053472839 -0.823582053 157.165649414
-0.818461537 0.068772562 0.570430815 -222.384063721 0.085167028 0.996364534 0.002074547 5.132884502 -0.568214357 0.050279833 -0.821343184 156.153991699
-0.816401005 0.065716907 0.573734164 -221.672302246 0.080910683 0.996720910 0.000965838 5.115586281 -0.571789324 0.047209732 -0.819041133 155.163970947
-0.814458132 0.062169608 0.576882064 -220.962158203 0.077981487 0.996951282 0.002656673 5.099028111 -0.574958146 0.047149874 -0.816823125 154.178710938
-0.812142611 0.061371222 0.580222428 -220.252639771 0.078166172 0.996932447 0.003962472 5.083798885 -0.578199387 0.048571855 -0.814448476 153.182617188
-0.809946418 0.059848525 0.583442330 -219.542007446 0.076579519 0.997055292 0.004032989 5.068953514 -0.581482887 0.047946241 -0.812144637 152.209442139
-0.807174802 0.060732733 0.587180018 -218.822174072 0.077761389 0.996964812 0.003778455 5.065784454 -0.585168362 0.048709806 -0.809447527 151.201721191
-0.805109739 0.058154922 0.590268075 -218.099853516 0.076318361 0.997066259 0.005862325 5.055907726 -0.588195443 0.049768101 -0.807186127 150.226165771
-0.803181648 0.054457631 0.593240142 -217.362136841 0.072537161 0.997343540 0.006654201 5.042368412 -0.591301858 0.048376482 -0.804998159 149.234039307
-0.801633358 0.051893108 0.595559657 -216.623550415 0.068618961 0.997628152 0.005435586 5.036290646 -0.593864977 0.045224030 -0.803292871 148.272705078
-0.799430847 0.051246498 0.598568439 -215.892089844 0.068647265 0.997621298 0.006271863 5.027791023 -0.596823215 0.046104006 -0.801047087 147.291351318
-0.797097564 0.051013023 0.601692319 -215.158035278 0.069203407 0.997577310 0.007100664 5.014124393 -0.599872351 0.047299068 -0.798696756 146.329345703
-0.794375896 0.054704867 0.604958415 -214.424011230 0.070225663 0.997529089 0.002009834 5.006672382 -0.603353679 0.044080164 -0.796254754 145.356109619
-0.792254329 0.056371447 0.607581556 -213.698211670 0.068791628 0.997626960 -0.002859222 4.992440701 -0.606300890 0.039531294 -0.794252157 144.408813477
-0.790496826 0.055416118 0.609954119 -212.956802368 0.066520557 0.997775197 -0.004440573 4.980375767 -0.608843148 0.037064224 -0.792424440 143.469360352
-0.788964391 0.053012464 0.612147689 -212.207550049 0.066731654 0.997770905 -0.000400872 4.960249901 -0.610804439 0.040533353 -0.790743351 142.503417969
-0.786435366 0.051790003 0.615497649 -211.468612671 0.067512885 0.997715712 0.002311644 4.944464207 -0.613972008 0.043371979 -0.788135529 141.559661865
-0.783956528 0.052665804 0.618577957 -210.725494385 0.069000214 0.997613490 0.002510673 4.925260544 -0.616969466 0.044650268 -0.785719514 140.618408203
-0.780406356 0.054147281 0.622923791 -209.984970093 0.069807224 0.997560203 0.000742993 4.913853168 -0.621363759 0.044064414 -0.782282233 139.686462402
-0.777132869 0.054595266 0.626963913 -209.231811523 0.070621580 0.997502923 0.000675346 4.892863274 -0.625361502 0.044802014 -0.779047966 138.758483887
-0.774202824 0.050595962 0.630912185 -208.465866089 0.067780070 0.997695267 0.003163934 4.879267216 -0.629298031 0.045212794 -0.775847912 137.826629639
-0.771637440 0.048572049 0.634205520 -207.705657959 0.067974970 0.997667134 0.006296522 4.868120670 -0.632420182 0.047968730 -0.773139000 136.907012939
-0.768559813 0.048718080 0.637920320 -206.946166992 0.069531761 0.997550905 0.007588024 4.863362312 -0.635988295 0.050187573 -0.770064950 135.980865479
-0.764982820 0.053710435 0.641807199 -206.177337646 0.075157754 0.997152805 0.006134057 4.858718872 -0.639650404 0.052929237 -0.766841531 135.057586670
-0.761283636 0.055547927 0.646035254 -205.405899048 0.077001669 0.997018397 0.005011825 4.851832390 -0.643830597 0.053561211 -0.763291121 134.140716553
-0.757898092 0.054448459 0.650096893 -204.618347168 0.077492751 0.996969461 0.006842290 4.844792366 -0.647754192 0.055563558 -0.759820580 133.222259521
-0.754678249 0.050884046 0.654119194 -203.824554443 0.074849583 0.997156143 0.008787395 4.839960098 -0.651811838 0.055592198 -0.756340742 132.322601318
-0.751828432 0.048819784 0.657549024 -203.017929077 0.072427668 0.997335136 0.008765109 4.836406708 -0.655368865 0.054214597 -0.753360868 131.392395020
-0.748675704 0.051678754 0.660919547 -202.218475342 0.074393518 0.997209072 0.006297396 4.834033489 -0.658749521 0.053882826 -0.750430703 130.495117188
-0.745525241 0.055151291 0.664191902 -201.423217773 0.075818159 0.997119009 0.002306468 4.828209877 -0.662151158 0.052077331 -0.747558832 129.597198486
-0.742486119 0.058548078 0.667298019 -200.628662109 0.078806296 0.996889949 0.000219668 4.810603142 -0.665209770 0.052750379 -0.744790912 128.695648193
-0.739674449 0.059267201 0.670350015 -199.816696167 0.079550497 0.996830761 -0.000354896 4.804319859 -0.668246567 0.053064171 -0.742044926 127.802429199
-0.736917019 0.058744788 0.673426032 -198.983596802 0.079659998 0.996822059 0.000214864 4.794147968 -0.671273291 0.053803448 -0.739254713 126.885314941
-0.734507799 0.058367450 0.676085591 -198.153549194 0.079961732 0.996797621 0.000816424 4.779148579 -0.673872828 0.054660641 -0.736822844 125.976165771
-0.732364893 0.057598840 0.678471982 -197.318801880 0.080373138 0.996762574 0.002137285 4.767959118 -0.676152349 0.056096196 -0.734623313 125.087432861
-0.728929520 0.058007728 0.682126820 -196.486251831 0.082055837 0.996623397 0.002933559 4.754721642 -0.679653347 0.058110844 -0.731228113 124.184020996
-0.726137161 0.061040848 0.684835255 -195.642135620 0.084554806 0.996418476 0.000841285 4.744687080 -0.682331145 0.058516990 -0.728697777 123.281646729
-0.722439170 0.064939722 0.688378096 -194.799072266 0.085591108 0.996321619 -0.004164116 4.730917931 -0.686116457 0.055910725 -0.725340009 122.388183594
-0.719357014 0.065068796 0.691586435 -193.933135986 0.083946213 0.996449530 -0.006435187 4.718577385 -0.689549744 0.053426862 -0.722265244 121.480590820
-0.716371298 0.063610017 0.694813728 -193.067794800 0.082063898 0.996605039 -0.006628897 4.690698147 -0.692876518 0.052270375 -0.719159245 120.590881348
-0.714087248 0.060051575 0.697476268 -192.188018799 0.077470228 0.996973336 -0.006522538 4.669368267 -0.695756912 0.049375985 -0.716578126 119.706054688
-0.711218476 0.059794519 0.700423241 -191.324737549 0.075497150 0.997110128 -0.008461661 4.650763988 -0.698905051 0.046861868 -0.713677526 118.831298828
-0.708205581 0.058433734 0.703583956 -190.447967529 0.074463986 0.997192681 -0.007865275 4.628653049 -0.702068329 0.046821430 -0.710568666 117.955902100
-0.704908967 0.057388164 0.706972361 -189.562652588 0.074888520 0.997172177 -0.006275057 4.603429317 -0.705333292 0.048520774 -0.707213283 117.076431274
-0.702394962 0.055436920 0.709625483 -188.669326782 0.074474625 0.997214139 -0.004187965 4.580700397 -0.707880735 0.049907479 -0.704566836 116.202514648
-0.698802829 0.055365216 0.713168323 -187.766448975 0.073608845 0.997273147 -0.005294913 4.564128876 -0.711516798 0.048795398 -0.700972676 115.309494019
-0.695757270 0.055653717 0.716117620 -186.867126465 0.073949181 0.997245967 -0.005655170 4.540134907 -0.714460194 0.049021684 -0.697956681 114.438568115
-0.692237854 0.054141290 0.719635606 -185.957580566 0.072843157 0.997331083 -0.004963621 4.522916317 -0.717983663 0.048984524 -0.694334149 113.559860229
-0.688906908 0.052987054 0.722910523 -185.044692993 0.073305339 0.997304261 -0.003241977 4.498093605 -0.721133590 0.050759781 -0.690934062 112.687362671
-0.685329556 0.053857006 0.726239026 -184.116317749 0.071939610 0.997390449 -0.006078081 4.477835178 -0.724671245 0.048079859 -0.687415600 111.810714722
-0.681856275 0.056448374 0.729304910 -183.192611694 0.073849961 0.997236133 -0.008141043 4.448041916 -0.727748752 0.048308115 -0.684140444 110.952331543
-0.678351760 0.057708066 0.732467473 -182.268936157 0.074712873 0.997161090 -0.009369187 4.426583290 -0.730928719 0.048369147 -0.680737495 110.079925537
-0.674933910 0.056731783 0.735694289 -181.320922852 0.075867929 0.997091234 -0.007286913 4.405121326 -0.733967721 0.050897416 -0.677274823 109.203948975
-0.671812057 0.053132791 0.738813758 -180.360412598 0.074078277 0.997242928 -0.004357840 4.383593559 -0.737008333 0.051802393 -0.673895836 108.337646484
-0.669213414 0.050056335 0.741382658 -179.423339844 0.071864784 0.997411311 -0.002473613 4.358035088 -0.739587247 0.051623926 -0.671078324 107.491592407
-0.666573644 0.048036639 0.743889868 -178.456909180 0.066606827 0.997767985 -0.004746765 4.340486050 -0.742457569 0.046384078 -0.668285370 106.633529663
-0.664818883 0.046398349 0.745562375 -177.497604370 0.061743766 0.998067081 -0.007055410 4.316694260 -0.744448662 0.041343257 -0.666398644 105.797714233
-0.662656188 0.044981532 0.747571826 -176.519195557 0.058249794 0.998266399 -0.008432599 4.292461872 -0.746655166 0.037957992 -0.664127588 104.941558838
-0.660655499 0.044308275 0.749380529 -175.535339355 0.058152072 0.998277605 -0.007757702 4.264995098 -0.748433530 0.038452860 -0.662094235 104.080795288
-0.658493757 0.044060510 0.751295447 -174.555267334 0.058231700 0.998274863 -0.007506096 4.242021084 -0.750330091 0.038806491 -0.659923434 103.222808838
-0.657313824 0.044650953 0.752293289 -173.567245483 0.060254294 0.998161256 -0.006597004 4.214873791 -0.751204550 0.040992595 -0.658795595 102.367965698
-0.656348467 0.044314500 0.753155470 -172.583007812 0.060725924 0.998137593 -0.005808379 4.194893837 -0.752010167 0.041923739 -0.657817006 101.533493042
-0.654654026 0.043359209 0.754684269 -171.595092773 0.060651768 0.998147786 -0.004734406 4.169526100 -0.753491700 0.042673536 -0.656071186 100.663162231
-0.653565764 0.040166344 0.755803347 -170.604614258 0.056457799 0.998395979 -0.004237927 4.149206638 -0.754761279 0.039901230 -0.654785156 99.822372437
-0.652545094 0.039517455 0.756718874 -169.600708008 0.055004276 0.998475015 -0.004710372 4.128037453 -0.755751073 0.038549043 -0.653723598 98.964553833
-0.652058840 0.038620815 0.757184267 -168.596755981 0.049773954 0.998727858 -0.008077485 4.108133793 -0.756533027 0.032421056 -0.653151631 98.118041992
-0.650995851 0.036681488 0.758194506 -167.602569580 0.048157848 0.998815417 -0.006973777 4.079092979 -0.757552147 0.031973116 -0.651991129 97.265701294
-0.650218487 0.032604430 0.759047568 -166.601013184 0.046695810 0.998904943 -0.002906609 4.056234837 -0.758311152 0.033554405 -0.651028872 96.419891357
-0.649970889 0.028188607 0.759436309 -165.591308594 0.043467268 0.999054849 0.000119152 4.041754723 -0.758715153 0.033088066 -0.650581837 95.562103271
-0.650525689 0.023911115 0.759107828 -164.578369141 0.040037002 0.999194145 0.002836552 4.027878761 -0.758428276 0.032237653 -0.650958896 94.710540771
-0.651721954 0.022384152 0.758127689 -163.574707031 0.037818421 0.999280095 0.003006161 4.015625000 -0.757514656 0.030630372 -0.652099252 93.867614746
-0.653028369 0.027641447 0.756828964 -162.586746216 0.043352045 0.999059439 0.000917859 3.999430656 -0.756091774 0.033409469 -0.653612494 93.017257690
-0.654004216 0.034631915 0.755697727 -161.585540771 0.050354056 0.998729050 -0.002191524 3.987090111 -0.754813135 0.036619183 -0.654916883 92.144912720
-0.654137135 0.042281136 0.755193353 -160.591735840 0.062248744 0.998058736 -0.001959556 3.968235970 -0.753810167 0.045728017 -0.655499220 91.265319824
-0.654530048 0.046464961 0.754607022 -159.605041504 0.069772385 0.997562528 -0.000905890 3.952760458 -0.752809763 0.052057795 -0.656176686 90.397521973
-0.655514598 0.050025474 0.753523827 -158.637863159 0.075235486 0.997165501 -0.000750766 3.934285164 -0.751425505 0.056199592 -0.657420278 89.531631470
-0.656434894 0.052526280 0.752552152 -157.650070190 0.077655762 0.996978521 -0.001849235 3.915581942 -0.750375509 0.057226103 -0.658530354 88.659469604
-0.657585621 0.049866188 0.751727819 -156.666748047 0.074182726 0.997243881 -0.001260114 3.900751114 -0.749718785 0.054936584 -0.659472466 87.806655884
-0.659592271 0.046161331 0.750204742 -155.699768066 0.071335085 0.997451484 0.001344143 3.877245188 -0.748230815 0.054402500 -0.661204219 86.968856812
-0.660662174 0.045391567 0.749310136 -154.708892822 0.067818061 0.997697473 -0.000643587 3.859496117 -0.747614026 0.050391559 -0.662219405 86.109863281
-0.662088275 0.045076806 0.748069048 -153.724136353 0.064741164 0.997898102 -0.002830879 3.846746445 -0.746624291 0.046556570 -0.663614869 85.252746582
-0.662131667 0.044742752 0.748050570 -152.758407593 0.062257838 0.998049557 -0.004588720 3.824580431 -0.746796846 0.043533675 -0.663625836 84.399093628
-0.662501693 0.047411051 0.747558653 -151.776641846 0.064257212 0.997913241 -0.006342794 3.803184509 -0.746299386 0.043833919 -0.664165735 83.533355713
-0.662673831 0.050888292 0.747177422 -150.797332764 0.065326154 0.997813642 -0.010020527 3.778262377 -0.746053755 0.042169884 -0.664549351 82.673812866
-0.662608862 0.053926624 0.747021556 -149.854278564 0.068347774 0.997596502 -0.011390784 3.742591858 -0.745840371 0.043509629 -0.664702058 81.824310303
-0.661766768 0.056043494 0.747612298 -148.885604858 0.072224826 0.997329533 -0.010831625 3.709774017 -0.746222913 0.046828154 -0.664047360 80.954086304
-0.661320090 0.056675050 0.747959733 -147.924057007 0.076475382 0.997039914 -0.007931691 3.679440975 -0.746195197 0.051955115 -0.663696766 80.102279663
-0.660428762 0.057104632 0.748714566 -146.952209473 0.079866767 0.996789932 -0.005576277 3.655004263 -0.746629596 0.056114670 -0.662869453 79.240524292
-0.659555674 0.058780707 0.749353886 -145.976501465 0.081646033 0.996641397 -0.006316359 3.633502722 -0.747208416 0.057015780 -0.662139654 78.383697510
-0.658390999 0.061014608 0.750199020 -144.985229492 0.083764955 0.996457100 -0.007529132 3.610021591 -0.748000503 0.057883270 -0.661169291 77.503448486
-0.657411218 0.059427764 0.751185060 -144.011199951 0.081651174 0.996633589 -0.007387413 3.585033178 -0.749095261 0.056478567 -0.660050392 76.650100708
-0.657629251 0.056489017 0.751221120 -143.034149170 0.079161949 0.996845722 -0.005659634 3.562652588 -0.749171257 0.055746175 -0.660026670 75.808227539
-0.657524943 0.052384268 0.751609802 -142.056274414 0.076714538 0.997050285 -0.002378958 3.539025784 -0.749517381 0.056095168 -0.659604073 74.965530396
-0.657162309 0.050880875 0.752029836 -141.074005127 0.075028598 0.997179568 -0.001903383 3.515840769 -0.750005603 0.055172913 -0.659126401 74.105010986
-0.657032967 0.050900541 0.752141476 -140.089645386 0.073496588 0.997290075 -0.003287835 3.497044563 -0.750270605 0.053119615 -0.658993483 73.253219604
-0.656755567 0.053449977 0.752206862 -139.114700317 0.075182974 0.997156143 -0.005212841 3.476794481 -0.750346303 0.053129584 -0.658906341 72.401565552
-0.656724095 0.054426059 0.752164423 -138.135635376 0.074790478 0.997175694 -0.006854398 3.454675436 -0.750413120 0.051753286 -0.658939958 71.549743652
-0.656954169 0.055623703 0.751875699 -137.155364990 0.076074027 0.997075498 -0.007293590 3.434444904 -0.750082552 0.052406661 -0.659264445 70.690002441
-0.656957269 0.054284841 0.751971006 -136.175445557 0.076136813 0.997082412 -0.005462754 3.410822630 -0.750073612 0.053663876 -0.659173608 69.841629028
-0.657177925 0.052893698 0.751877487 -135.185119629 0.075476795 0.997138798 -0.004177129 3.381663322 -0.749947131 0.054004177 -0.659289837 68.982238770
-0.657676578 0.053196386 0.751419961 -134.201126099 0.074579969 0.997200847 -0.005320583 3.361203432 -0.749599636 0.052541651 -0.659802914 68.127304077
-0.657814384 0.054280668 0.751221836 -133.218811035 0.073334590 0.997276545 -0.007843627 3.334269285 -0.749601662 0.049930889 -0.660003543 67.270660400
-0.657826900 0.055670060 0.751108944 -132.244415283 0.071491115 0.997377098 -0.011310295 3.308230877 -0.749768496 0.046257399 -0.660081387 66.411605835
-0.657945871 0.056795068 0.750920653 -131.265182495 0.072129078 0.997320294 -0.012232793 3.278689146 -0.749603152 0.046114694 -0.660279393 65.552902222
-0.657576561 0.055376641 0.751349807 -130.283325195 0.071001612 0.997411370 -0.011371930 3.245535135 -0.750034630 0.045869134 -0.659806132 64.694854736
-0.658198357 0.054261908 0.750886679 -129.303726196 0.071310282 0.997408271 -0.009568659 3.214141130 -0.749459803 0.047247861 -0.660361886 63.844207764
-0.658522129 0.051344473 0.750808179 -128.320739746 0.069815777 0.997535467 -0.006982762 3.184727907 -0.749316275 0.047819946 -0.660483837 62.996582031
-0.657828331 0.049181208 0.751560450 -127.354614258 0.068938188 0.997608721 -0.004941857 3.163650751 -0.750006258 0.048560321 -0.659645796 62.137405396
-0.658817887 0.043988094 0.751015663 -126.370330811 0.065258667 0.997867644 -0.001199353 3.140658617 -0.749467015 0.048220120 -0.660283685 61.285079956
-0.659313440 0.040277433 0.750788689 -125.395431519 0.060932841 0.998141885 -0.000038295 3.118673801 -0.749395192 0.045722440 -0.660542607 60.445297241
-0.659600139 0.039163370 0.750595987 -124.409858704 0.057008613 0.998371720 -0.001994047 3.106115341 -0.749451876 0.041475154 -0.660758734 59.586929321
-0.659832239 0.038575113 0.750422120 -123.440551758 0.053322829 0.998567462 -0.004445134 3.085058689 -0.749518573 0.037081592 -0.660943866 58.752929688
-0.660047531 0.038421668 0.750240862 -122.474189758 0.050843097 0.998686075 -0.006414384 3.063453436 -0.749501526 0.033910766 -0.661133766 57.904525757
-0.659984469 0.037534416 0.750341177 -121.498229980 0.048316926 0.998804152 -0.007464753 3.040121555 -0.749724030 0.031327557 -0.661008835 57.061660767
-0.659794331 0.036966618 0.750536561 -120.518348694 0.047481027 0.998844326 -0.007456253 3.008289814 -0.749944806 0.030716652 -0.660786986 56.202926636
-0.660064816 0.035873864 0.750351548 -119.542213440 0.046701875 0.998886585 -0.006673747 2.989373207 -0.749755502 0.030637721 -0.661005259 55.355072021
-0.659934998 0.032894868 0.750602305 -118.565292358 0.045610268 0.998952568 -0.003677847 2.961227417 -0.749937057 0.031808030 -0.660744071 54.502838135
-0.659667611 0.032232247 0.750866115 -117.595062256 0.046234734 0.998928070 -0.002261581 2.939384460 -0.750134110 0.033224199 -0.660450816 53.652099609
-0.659630656 0.033958677 0.750822246 -116.627853394 0.046862517 0.998893321 -0.004007787 2.916339874 -0.750127435 0.032541763 -0.660492063 52.811676025
-0.659373283 0.036924150 0.750908792 -115.662681580 0.048486050 0.998802483 -0.006538131 2.895366430 -0.750250936 0.032097530 -0.660373926 51.974029541
-0.658614635 0.040170398 0.751407623 -114.692962646 0.052026469 0.998615384 -0.007784578 2.870173216 -0.750679910 0.033966042 -0.659792542 51.105575562
-0.658401012 0.043417960 0.751414180 -113.723907471 0.055812463 0.998402596 -0.008785605 2.840197086 -0.750595331 0.036153823 -0.659772635 50.259124756
-0.657694101 0.045540180 0.751907289 -112.743934631 0.056533482 0.998339951 -0.011015776 2.818582058 -0.751160741 0.035262931 -0.659176826 49.399917603
-0.657233596 0.044312496 0.752383411 -111.764801025 0.057971600 0.998284936 -0.008154921 2.789877892 -0.751454353 0.038257178 -0.658675194 48.545944214
-0.657440901 0.038501751 0.752521873 -110.787002563 0.055857252 0.998436153 -0.002283923 2.768470049 -0.751433015 0.040532261 -0.658563375 47.697250366
-0.657277346 0.036198296 0.752779186 -109.807762146 0.056173332 0.998420477 0.001036597 2.754108429 -0.751552641 0.042967446 -0.658272505 46.850585938
-0.656886458 0.037146486 0.753073990 -108.834472656 0.057779454 0.998328686 0.001155441 2.735033274 -0.751772463 0.044271197 -0.657934904 46.007598877
-0.656566024 0.041856855 0.753106356 -107.857948303 0.060476296 0.998165846 -0.002753134 2.721003532 -0.751840293 0.043737467 -0.657893062 45.161422729
-0.655691147 0.044189490 0.753735185 -106.876045227 0.061914608 0.998070598 -0.004653332 2.704558611 -0.752486527 0.043616064 -0.657162070 44.291549683
-0.655360937 0.044526186 0.754002392 -105.896598816 0.063486680 0.997975647 -0.003752458 2.688344955 -0.752643108 0.045409892 -0.656861067 43.440460205
-0.655125737 0.043324273 0.754276872 -104.900451660 0.065946721 0.997823119 -0.000035237 2.670561075 -0.752636433 0.049718995 -0.656556726 42.587509155
-0.654499054 0.042775121 0.754851699 -103.923469543 0.068495467 0.997647345 0.002855845 2.653710365 -0.752953589 0.053573072 -0.655889153 41.737213135
-0.653553843 0.045196213 0.755529284 -102.937438965 0.071655154 0.997426748 0.002317048 2.640037060 -0.753480434 0.055651885 -0.655110717 40.876235962
-0.652994156 0.050460387 0.755680084 -101.952514648 0.072158843 0.997384131 -0.004246617 2.627870321 -0.753917575 0.051755987 -0.654927135 40.027786255
-0.653199077 0.054614827 0.755213976 -100.973754883 0.071509138 0.997386992 -0.010278433 2.610189438 -0.753801942 0.047290839 -0.655397773 39.185394287
-0.653370023 0.053287558 0.755160868 -99.983192444 0.067439407 0.997650623 -0.012049711 2.587089300 -0.754028797 0.043054681 -0.655428767 38.338790894
-0.653952599 0.050014567 0.754880428 -98.988754272 0.067037560 0.997718155 -0.008029157 2.557575703 -0.753559470 0.045354649 -0.655813217 37.485855103
-0.654411554 0.047650520 0.754635930 -97.993164062 0.067543894 0.997706473 -0.004425638 2.532224894 -0.753116012 0.048074853 -0.656129122 36.634468079
-0.654134393 0.050861489 0.754666567 -97.022796631 0.070495300 0.997493327 -0.006122712 2.508936644 -0.753086269 0.049195368 -0.656080127 35.780143738
-0.653645158 0.055687528 0.754749715 -96.037551880 0.073645242 0.997236371 -0.009798981 2.485838652 -0.753209531 0.049178660 -0.655939817 34.916145325
-0.653475165 0.058170825 0.754709542 -95.049057007 0.075959161 0.997049391 -0.011079450 2.457460165 -0.753127217 0.050086953 -0.655965686 34.054588318
-0.653488755 0.057070553 0.754782081 -94.053947449 0.074236929 0.997178555 -0.011124479 2.426743031 -0.753287375 0.048762977 -0.655881763 33.190696716
-0.654544234 0.055122737 0.754011571 -93.064140320 0.072101481 0.997343898 -0.010321754 2.391233683 -0.752577782 0.047609311 -0.656780124 32.348602295
-0.655143142 0.050903607 0.753788054 -92.060485840 0.070315845 0.997505188 -0.006248008 2.363806009 -0.752225578 0.048909906 -0.657088041 31.492218018
-0.654991150 0.047456250 0.754145026 -91.051498413 0.070069194 0.997540295 -0.001915843 2.342245102 -0.752380967 0.051587470 -0.656705260 30.609550476
-0.655010700 0.047566429 0.754121006 -90.075195312 0.070144646 0.997534811 -0.001993947 2.324351072 -0.752356827 0.051591493 -0.656732440 29.753601074
-0.655109167 0.050044246 0.753875375 -89.080390930 0.069397390 0.997571528 -0.005915925 2.306419849 -0.752340674 0.048441399 -0.656991243 28.900169373
-0.654660225 0.050530508 0.754232645 -88.084884644 0.068036869 0.997652471 -0.007783887 2.279322863 -0.752855361 0.046219822 -0.656561255 28.031692505
-0.654192328 0.049355108 0.754716575 -87.078918457 0.066750862 0.997742295 -0.007387938 2.260013103 -0.753377259 0.045544844 -0.656009912 27.164001465
-0.654423952 0.048773471 0.754553199 -86.090881348 0.067265272 0.997716188 -0.006152087 2.235177994 -0.753129959 0.046729147 -0.656210184 26.324417114
-0.653792024 0.048468348 0.755120397 -85.088066101 0.068219505 0.997657955 -0.004970681 2.210389376 -0.753592789 0.048264146 -0.655567288 25.458366394
-0.653847575 0.046551909 0.755193233 -84.080398560 0.066905133 0.997752905 -0.003577318 2.178756237 -0.753662825 0.048187274 -0.655492902 24.613365173
-0.653449297 0.046500620 0.755540729 -83.106361389 0.066831395 0.997757792 -0.003607255 2.157396793 -0.754014373 0.048136678 -0.655091882 23.749977112
-0.653443575 0.045897629 0.755582571 -82.102127075 0.065116771 0.997868359 -0.004300870 2.133302450 -0.754169405 0.046390716 -0.655039430 22.898941040
-0.652851820 0.044379294 0.756184638 -81.108535767 0.062533349 0.998032331 -0.004584818 2.105646610 -0.754900157 0.044293549 -0.654342413 22.034996033
-0.653187275 0.042407680 0.756008029 -80.103820801 0.060196046 0.998178601 -0.003982962 2.079914808 -0.754799962 0.042907070 -0.654550433 21.189491272
-0.653043151 0.039821666 0.756273031 -79.105873108 0.058456291 0.998287797 -0.002087875 2.056048870 -0.755061269 0.042845443 -0.654252768 20.331481934
-0.653146744 0.037113320 0.756321490 -78.116149902 0.056113642 0.998424232 -0.000534698 2.032599449 -0.755149603 0.042090718 -0.654200077 19.483833313
-0.653110147 0.035891104 0.756411970 -77.123184204 0.056280430 0.998414278 0.001220401 2.019224405 -0.755168676 0.043368246 -0.654094458 18.636535645
-0.652733088 0.034001976 0.756824613 -76.139106750 0.054171033 0.998529911 0.001859386 2.000781775 -0.755648851 0.042211652 -0.653615475 17.795822144
-0.652754188 0.033000413 0.756850541 -75.142684937 0.052562404 0.998616040 0.001791099 1.987638593 -0.755743980 0.040951036 -0.653585434 16.947837830
-0.653228879 0.031982381 0.756485105 -74.155723572 0.051787894 0.998654962 0.002498360 1.971890092 -0.755387664 0.040808767 -0.654006481 16.110023499
-0.653434038 0.031220747 0.756339371 -73.171012878 0.051734425 0.998654842 0.003472359 1.956064582 -0.755213559 0.041397743 -0.654170275 15.261459351
-0.654294610 0.032689720 0.755533338 -72.192939758 0.053562865 0.998559415 0.003180863 1.944287896 -0.754340947 0.042549744 -0.655102968 14.422309875
-0.654600024 0.036008377 0.755117476 -71.228553772 0.056942958 0.998375893 0.001754644 1.929534316 -0.753827870 0.044147208 -0.655587316 13.576759338
-0.655565977 0.039692879 0.754093945 -70.259826660 0.061333939 0.998116970 0.000782809 1.915461540 -0.752642930 0.046764735 -0.656766057 12.724105835
-0.656269550 0.042556178 0.753325403 -69.297950745 0.064048879 0.997946620 -0.000578052 1.896548510 -0.751803160 0.047870290 -0.657647729 11.885246277
-0.657148957 0.044771515 0.752430081 -68.328056335 0.066842206 0.997763038 -0.000991569 1.877939701 -0.750791371 0.049642477 -0.658671618 11.041442871
-0.658079386 0.045086589 0.751597583 -67.365303040 0.070165969 0.997534037 0.001595752 1.855834007 -0.749672234 0.053786706 -0.659620047 10.197914124
-0.659175873 0.042776659 0.750771165 -66.400520325 0.069950081 0.997539997 0.004579262 1.837506175 -0.748728335 0.055535045 -0.660546541 9.357597351
-0.660541415 0.043511268 0.749527693 -65.445594788 0.071822673 0.997402847 0.005394850 1.822403669 -0.747346342 0.057396609 -0.661950946 8.530326843
-0.661789536 0.046585765 0.748241127 -64.504074097 0.072983697 0.997330129 0.002457025 1.813576698 -0.746128917 0.056235425 -0.663422585 7.701034546
-0.662784934 0.052177984 0.746989846 -63.548637390 0.074536711 0.997212052 -0.003521760 1.797205091 -0.745091081 0.053343993 -0.664826393 6.861434937
-0.663032651 0.055909034 0.746499777 -62.618873596 0.076331958 0.997058749 -0.006877447 1.772585392 -0.744688690 0.052421819 -0.665350199 6.036323547
-0.663552999 0.056606721 0.745984793 -61.680187225 0.078277737 0.996913433 -0.006019668 1.752968311 -0.744023025 0.054399632 -0.665935993 5.195083618
-0.663832903 0.054938525 0.745860279 -60.745559692 0.079113796 0.996861041 -0.003013606 1.735134244 -0.743684590 0.057007309 -0.666095495 4.364593506
-0.664336085 0.054609850 0.745436490 -59.814002991 0.079564109 0.996827483 -0.002118622 1.713174343 -0.743187308 0.057902507 -0.666573524 3.539260864
-0.664492369 0.053867944 0.745351195 -58.870571136 0.079128511 0.996863306 -0.001500894 1.689699292 -0.743094087 0.057981189 -0.666670561 2.700546265
-0.665118217 0.051780619 0.744940877 -57.939643860 0.078709535 0.996897101 0.000981536 1.665140152 -0.742578566 0.059286781 -0.667130113 1.885894775
-0.664863348 0.049642563 0.745313704 -57.030158997 0.077192530 0.997013211 0.002452910 1.644613862 -0.742965817 0.059163500 -0.666709542 1.063934326
-0.665621758 0.048578966 0.744706869 -56.120849609 0.075548977 0.997139037 0.002480228 1.629018784 -0.742455781 0.057912726 -0.667387486 0.276435852
-0.665873647 0.047975905 0.744520545 -55.221172333 0.073364496 0.997304261 0.001349728 1.615453959 -0.742448747 0.055520117 -0.667598367 -0.511718750
-0.665007234 0.046357125 0.745396852 -54.350139618 0.071533404 0.997436583 0.001786876 1.589228153 -0.743403256 0.054509059 -0.666618586 -1.298828125
-0.663996935 0.043550421 0.746466279 -53.472805023 0.069032744 0.997609258 0.003203374 1.571346641 -0.744542181 0.053657636 -0.665415883 -2.072898865
-0.663268447 0.040736161 0.747272134 -52.600357056 0.067387134 0.997712135 0.005423452 1.554760933 -0.745341599 0.053953730 -0.664496064 -2.836429596
-0.662387967 0.037358925 0.748229206 -51.738548279 0.064299822 0.997905374 0.007097746 1.538393736 -0.746396780 0.052812457 -0.663402796 -3.592716217
-0.660155058 0.036718111 0.750231385 -50.873565674 0.062281068 0.998040855 0.005956807 1.517933607 -0.748542905 0.050657630 -0.661148548 -4.359912872
-0.659211993 0.037984528 0.750997186 -50.032341003 0.060389809 0.998171687 0.002522788 1.497410178 -0.749528289 0.047015626 -0.660300732 -5.081901550
-0.657686472 0.040131550 0.752222300 -49.195640564 0.060585704 0.998162985 -0.000281092 1.488970757 -0.750851750 0.045389041 -0.658909678 -5.813796997
-0.656840801 0.040562563 0.752937615 -48.358386993 0.060781509 0.998150826 -0.000748784 1.473325372 -0.751575649 0.045272846 -0.658091545 -6.531742096
-0.655441880 0.041739691 0.754091322 -47.531909943 0.063308269 0.997994006 -0.000213597 1.458295703 -0.752587557 0.047600221 -0.656769514 -7.243503571
-0.653518915 0.044498339 0.755601168 -46.746261597 0.067999646 0.997685373 0.000057840 1.436578155 -0.753849626 0.051418409 -0.655032039 -7.941699982
-0.651860237 0.047421042 0.756855071 -45.949825287 0.072398178 0.997375786 -0.000136241 1.421332836 -0.754875422 0.054706119 -0.653582811 -8.630382538
-0.650548816 0.048500653 0.757914484 -45.174163818 0.074515246 0.997219861 0.000145098 1.407715917 -0.755800366 0.056570571 -0.652354240 -9.293407440
-0.649280071 0.048404414 0.759007573 -44.406463623 0.074607082 0.997213006 0.000225792 1.390350819 -0.756881237 0.056773935 -0.651081920 -9.953914642
-0.647457480 0.049269494 0.760507286 -43.657836914 0.073793620 0.997271955 -0.001784138 1.377257109 -0.758520484 0.054965433 -0.649326921 -10.587368011
-0.644724846 0.047198642 0.762956321 -42.920875549 0.072217941 0.997388661 -0.000674609 1.356924534 -0.760995805 0.054664198 -0.646449804 -11.213260651
-0.641067743 0.043776117 0.766234875 -42.195232391 0.070531078 0.997507513 0.002020515 1.336438298 -0.764236569 0.055338658 -0.642557502 -11.826854706
-0.637930751 0.040261574 0.769040525 -41.486282349 0.067519084 0.997710824 0.003774947 1.320100546 -0.767128110 0.054333068 -0.639188766 -12.394729614
-0.634365082 0.037981842 0.772099912 -40.788585663 0.065065019 0.997871459 0.004369875 1.306351423 -0.770290494 0.053008791 -0.635486126 -12.939132690
-0.628497481 0.037501879 0.776907206 -40.093070984 0.063607164 0.997969627 0.003283788 1.290928125 -0.775206625 0.051480711 -0.629606843 -13.521888733
-0.622005343 0.038122963 0.782084405 -39.414710999 0.062465776 0.998046577 0.001030006 1.278337240 -0.780517399 0.049494177 -0.623171687 -14.052089691
-0.613609910 0.038662527 0.788662374 -38.755683899 0.060972724 0.998138309 -0.001492513 1.259983301 -0.787251830 0.047171071 -0.614825010 -14.542068481
-0.602411747 0.038849492 0.797239542 -38.094841003 0.059458982 0.998223841 -0.003714947 1.250363231 -0.795967817 0.045165125 -0.603651762 -15.038917542
-0.589054346 0.037042812 0.807243705 -37.442291260 0.058249727 0.998296559 -0.003304386 1.229624391 -0.805991054 0.045075268 -0.590208650 -15.504673004
-0.573630691 0.035310898 0.818352640 -36.783679962 0.057002809 0.998369157 -0.003121824 1.218972802 -0.817128241 0.044857625 -0.574707985 -15.950839996
-0.554995060 0.034343816 0.831144392 -36.119216919 0.055617675 0.998443663 -0.004118210 1.201732159 -0.829992294 0.043940734 -0.556041479 -16.400569916
-0.534632206 0.032417241 0.844463110 -35.465225220 0.052213173 0.998622000 -0.005278784 1.184734702 -0.843470573 0.041269887 -0.535588145 -16.791988373
-0.512519717 0.030248910 0.858142734 -34.796264648 0.049775720 0.998745382 -0.005476867 1.164304256 -0.857231796 0.039907664 -0.513382316 -17.149114609
-0.483633041 0.028887622 0.874794066 -34.128677368 0.048189767 0.998818040 -0.006341282 1.155759215 -0.873943269 0.039089266 -0.484453559 -17.551216125
-0.454144239 0.025433335 0.890565336 -33.456584930 0.045061868 0.998968780 -0.005549884 1.132606864 -0.889788151 0.037610088 -0.454821944 -17.873556137
-0.421480894 0.024157975 0.906515419 -32.775917053 0.040601943 0.999145329 -0.007748775 1.120247483 -0.905927837 0.033540323 -0.422101617 -18.171161652
-0.383567572 0.023185607 0.923221946 -32.095993042 0.034906868 0.999334395 -0.010594467 1.107851982 -0.922853112 0.028163092 -0.384121537 -18.445001602
-0.342625737 0.021587567 0.939224064 -31.397928238 0.032838497 0.999400258 -0.010991315 1.096678257 -0.938898027 0.027076798 -0.343129158 -18.688922882
-0.300025821 0.018651027 0.953748941 -30.702901840 0.026562784 0.999584496 -0.011191376 1.080673456 -0.953561366 0.021976523 -0.300396562 -18.882551193
-0.255988002 0.016084950 0.966546118 -30.030271530 0.019330867 0.999746799 -0.011517720 1.060201645 -0.966486633 0.015735775 -0.256234050 -19.032585144
-0.210193157 0.014327621 0.977554977 -29.335668564 0.014448268 0.999828935 -0.011547428 1.039790869 -0.977553189 0.011696787 -0.210364223 -19.156097412
-0.161082745 0.014679465 0.986831784 -28.616579056 0.014094341 0.999821603 -0.012572045 1.028795242 -0.986840308 0.011883605 -0.161260843 -19.263622284
-0.110392928 0.012879887 0.993804753 -27.915710449 0.013691518 0.999840856 -0.011437252 1.013395071 -0.993793905 0.012344105 -0.110551596 -19.321910858
-0.058247685 0.009162400 0.998260319 -27.223697662 0.010845521 0.999904692 -0.008544669 0.996328354 -0.998243451 0.010328945 -0.058341503 -19.330558777
-0.005185127 0.006898839 0.999962926 -26.534206390 0.009220154 0.999934018 -0.006850833 0.983467042 -0.999944210 0.009184290 -0.005248427 -19.303541183
0.048030794 0.008242426 0.998811841 -25.929412842 0.009146791 0.999920368 -0.008691425 0.955156684 -0.998803973 0.009553379 0.047951579 -19.247552872
0.101448894 0.010299889 0.994787574 -25.261207581 0.006449397 0.999918580 -0.011010731 0.940795362 -0.994819939 0.007532807 0.101374149 -19.150184631
0.154255867 0.013101704 0.987944126 -24.619846344 0.005439974 0.999885678 -0.014109458 0.926536202 -0.988016009 0.007550858 0.154166937 -19.022516251
0.206625223 0.015510605 0.978297234 -23.975254059 0.003155866 0.999858558 -0.016519001 0.910592377 -0.978415072 0.006500617 0.206547081 -18.858119965
0.257975817 0.015443964 0.966027975 -23.347141266 0.000468835 0.999870121 -0.016110204 0.899185061 -0.966151297 0.004608952 0.257935107 -18.649517059
0.308488250 0.014920784 0.951111197 -22.758785248 -0.004548425 0.999888659 -0.014210735 0.880875289 -0.951217353 0.000057787 0.308521748 -18.430694580
0.356409192 0.013840865 0.934227526 -22.149234772 -0.009075640 0.999894381 -0.011351370 0.866643488 -0.934285998 -0.004432977 0.356497169 -18.163049698
0.400773704 0.012553456 0.916091144 -21.575983047 -0.013168753 0.999881744 -0.007940565 0.843365312 -0.916082561 -0.008881406 0.400891602 -17.870870590
0.442185521 0.013350999 0.896824241 -21.012853622 -0.014820632 0.999861479 -0.007577494 0.827159107 -0.896801114 -0.009940843 0.442322135 -17.571947098
0.477973998 0.018310772 0.878183186 -20.460861206 -0.020935459 0.999736190 -0.009450575 0.815113425 -0.878124535 -0.013868036 0.478231251 -17.236032486
0.506527305 0.025654426 0.861842155 -19.926374435 -0.028047303 0.999518514 -0.013268495 0.800035596 -0.861767650 -0.017451493 0.507003009 -16.887207031
0.527905107 0.033146750 0.848656297 -19.392272949 -0.034891441 0.999240935 -0.017324114 0.786508203 -0.848586380 -0.020465354 0.528660893 -16.518314362
0.543200612 0.038215283 0.838732898 -18.862020493 -0.038696729 0.999041557 -0.020457733 0.778403163 -0.838710845 -0.021343559 0.544158816 -16.141609192
0.554037809 0.038794141 0.831587076 -18.331449509 -0.038851421 0.999030113 -0.020721056 0.755756736 -0.831584454 -0.020828094 0.555007637 -15.781849861
0.560806394 0.037960671 0.827076316 -17.790578842 -0.037575029 0.999086022 -0.020377392 0.741406202 -0.827093899 -0.019649642 0.561720192 -15.418930054
0.564387739 0.036550712 0.824700296 -17.269237518 -0.036590289 0.999145091 -0.019241355 0.719479442 -0.824698567 -0.019316435 0.565242648 -15.054159164
0.565279067 0.034564745 0.824175298 -16.754543304 -0.034162790 0.999245465 -0.018475626 0.699296594 -0.824192047 -0.017712239 0.566033363 -14.689032555
0.566093981 0.032963607 0.823681355 -16.231256485 -0.032324102 0.999319315 -0.017777130 0.676545680 -0.823706746 -0.016561233 0.566774189 -14.337087631
0.565724611 0.031177672 0.824004650 -15.718318939 -0.029801469 0.999405205 -0.017353909 0.658125401 -0.824055612 -0.014739016 0.566317201 -13.982919693
0.563559353 0.029569438 0.825546205 -15.225575447 -0.027781952 0.999472260 -0.016833765 0.640648603 -0.825608313 -0.013448457 0.564083457 -13.639741898
0.560057878 0.028135957 0.827975571 -14.696568489 -0.025744591 0.999531507 -0.016551593 0.618689895 -0.828053355 -0.012046042 0.560519814 -13.292460442
0.554628611 0.026804009 0.831666231 -14.202089310 -0.024321932 0.999576211 -0.015995612 0.600099266 -0.831742525 -0.011356101 0.555045485 -12.961144447
0.548295915 0.024699664 0.835919559 -13.710332870 -0.021594578 0.999648631 -0.015373209 0.580087483 -0.836005569 -0.009622262 0.548636675 -12.639810562
0.542709529 0.022541590 0.839617908 -13.202589989 -0.017039867 0.999729574 -0.015826004 0.562385678 -0.839747608 -0.005718055 0.542946815 -12.323081017
0.537229180 0.021653729 0.843158364 -12.720141411 -0.013678276 0.999762595 -0.016960302 0.549916387 -0.843325436 -0.002421382 0.537397861 -12.021765709
0.531294525 0.020647712 0.846935570 -12.253148079 -0.011695465 0.999786437 -0.017037382 0.520144582 -0.847106457 -0.000853436 0.531422555 -11.733791351
0.525297880 0.021395121 0.850649416 -11.785031319 -0.010781935 0.999770939 -0.018487632 0.508915901 -0.850850105 0.000539868 0.525408268 -11.442528725
0.520020783 0.020971734 0.853896201 -11.337925911 -0.009207763 0.999778092 -0.018947098 0.491731226 -0.854104042 0.001990413 0.520098507 -11.176980972
0.514443994 0.020693045 0.857274294 -10.895617485 -0.007752508 0.999780178 -0.019480655 0.474878788 -0.857488990 0.003375681 0.514491320 -10.909093857
0.509138167 0.018454565 0.860486925 -10.450584412 -0.003804340 0.999808609 -0.019191572 0.462783992 -0.860676408 0.006497577 0.509110928 -10.659442902
0.503386378 0.015752386 0.863917887 -10.034893990 -0.001381765 0.999847233 -0.017425753 0.437787890 -0.864060342 0.007578155 0.503331184 -10.415452003
0.498643219 0.013960603 0.866694987 -9.629549980 0.000040560 0.999869943 -0.016129104 0.420507491 -0.866807401 0.008077823 0.498577774 -10.190135002
0.493549287 0.013744492 0.869609296 -9.238704681 -0.002006868 0.999890447 -0.014664631 0.405238271 -0.869715631 0.005492528 0.493522823 -9.964458466
0.488535643 0.012952922 0.872447848 -8.856417656 -0.002152581 0.999904633 -0.013639871 0.393182158 -0.872541368 0.004785550 0.488516927 -9.751497269
0.483829916 0.012528110 0.875072420 -8.492614746 -0.001507879 0.999907970 -0.013481628 0.378388822 -0.875160813 0.005203312 0.483804286 -9.547540665
0.479807794 0.011843769 0.877293706 -8.149365425 0.000644972 0.999903858 -0.013851795 0.370318353 -0.877373397 0.007212028 0.479753971 -9.365898132
0.476100266 0.010995626 0.879322350 -7.822624683 0.002037957 0.999905348 -0.013606910 0.358313203 -0.879388750 0.008270276 0.476032794 -9.193281174
0.472197473 0.010715506 0.881427765 -7.519105911 0.003624158 0.999894083 -0.014097231 0.350448728 -0.881485403 0.009851110 0.472108603 -9.032950401
0.469138026 0.011246522 0.883053243 -7.235465050 0.004051891 0.999880970 -0.014887076 0.339151263 -0.883115590 0.010562129 0.469036639 -8.885446548
0.466370642 0.013342769 0.884488881 -6.980153084 0.003173104 0.999854565 -0.016756201 0.329201579 -0.884583831 0.010621176 0.466260493 -8.745256424
0.465212643 0.015212353 0.885068238 -6.724818230 0.003162280 0.999817371 -0.018846804 0.318631589 -0.885193348 0.011566606 0.465079606 -8.618877411
0.464516878 0.017683318 0.885387778 -6.504469872 0.003539295 0.999755561 -0.021824403 0.303106129 -0.885557234 0.013271451 0.464340746 -8.504791260
0.464529216 0.020309528 0.885324895 -6.275380135 0.005746158 0.999646783 -0.025947100 0.297320396 -0.885539174 0.017140403 0.464248478 -8.375957489
0.467057765 0.020602558 0.883986771 -6.049439430 0.008383248 0.999580383 -0.027725952 0.286692947 -0.884187102 0.020360302 0.466689050 -8.259591103
0.471978605 0.020330777 0.881375670 -5.817894936 0.009090944 0.999568701 -0.027925376 0.282321841 -0.881563246 0.021192718 0.471590221 -8.137870789
0.479355991 0.019700704 0.877399504 -5.602673531 0.008420004 0.999598742 -0.027044674 0.274841815 -0.877580225 0.020351734 0.478997767 -8.009290695
0.489039660 0.022277292 0.871977031 -5.388304710 0.006011767 0.999563992 -0.028908527 0.260666758 -0.872240782 0.019379538 0.488692462 -7.878194332
0.499981463 0.027007518 0.865614951 -5.184516907 0.004441293 0.999420524 -0.033747610 0.255390167 -0.866024792 0.020717630 0.499571741 -7.745157242
0.513262630 0.029505426 0.857724309 -4.983978748 0.004333886 0.999307036 -0.036969226 0.237589777 -0.858220696 0.022692204 0.512779057 -7.616380692
0.528420687 0.031147150 0.848411143 -4.783228874 0.004411378 0.999212563 -0.039430987 0.232392639 -0.848971248 0.024578815 0.527867198 -7.484362125
0.544687152 0.030818613 0.838072956 -4.600802898 0.003839848 0.999222457 -0.039240222 0.222563446 -0.838630617 0.024591718 0.544145226 -7.348309517
0.561695755 0.031614173 0.826739669 -4.408207417 0.001326824 0.999233961 -0.039111745 0.209499806 -0.827342868 0.023065841 0.561223507 -7.199640274
0.579282641 0.032390147 0.814482987 -4.248258114 0.000973550 0.999181986 -0.040427625 0.200581819 -0.815126181 0.024211962 0.578777254 -7.054477692
0.599513054 0.034867287 0.799605131 -4.061079025 0.000984771 0.999017715 -0.044301145 0.193953156 -0.800364375 0.027346546 0.598889887 -6.893353462
0.620848775 0.035430584 0.783129275 -3.852664948 0.002712062 0.998875082 -0.047341492 0.184302211 -0.783925653 0.031515803 0.620054245 -6.724475861
0.641932487 0.034631208 0.765978754 -3.643285513 0.002722621 0.998870254 -0.047442343 0.166698992 -0.766756415 0.032540251 0.641112924 -6.528801918
0.663298249 0.035078887 0.747532547 -3.439073563 -0.001144014 0.998947144 -0.045861728 0.160453200 -0.748354316 0.029564820 0.662640095 -6.313077927
0.685194731 0.034698606 0.727532983 -3.216534138 -0.006967928 0.999131143 -0.041089650 0.151670367 -0.728326619 0.023085015 0.684841156 -6.074310303
0.707097411 0.029686462 0.706492782 -2.991642952 -0.008914902 0.999413192 -0.033072297 0.115804359 -0.707059979 0.017087020 0.706947088 -5.824909687
0.727617621 0.025786418 0.685498178 -2.784351349 -0.006920553 0.999518335 -0.030253155 0.126079187 -0.685948074 0.017268701 0.727445543 -5.564243317
0.748865008 0.023015279 0.662322879 -2.571209908 -0.006336812 0.999599755 -0.027570622 0.106381975 -0.662692308 0.016449660 0.748711109 -5.291796207
0.770631731 0.022851869 0.636870980 -2.349072933 -0.007233000 0.999606133 -0.027115215 0.105934031 -0.637239754 0.016289357 0.770493507 -5.002628326
0.791650474 0.023662748 0.610515893 -2.134450436 -0.011267046 0.999645233 -0.024134986 0.092245929 -0.610870361 0.012227764 0.791636229 -4.681454182
0.811416626 0.021547150 0.584070861 -1.934110165 -0.011234047 0.999710560 -0.021273825 0.076368459 -0.584360182 0.010700456 0.811423838 -4.350530624
0.831210494 0.019945128 0.555600047 -1.737149358 -0.009647207 0.999723256 -0.021455634 0.070043378 -0.555874169 0.012474161 0.831172884 -4.022840023
0.850194871 0.016389258 0.526212990 -1.556769729 -0.004889778 0.999718010 -0.023236549 0.063120477 -0.526445448 0.017182531 0.850035310 -3.679373980
0.869085312 0.013684793 0.494472861 -1.359948993 -0.002642405 0.999731421 -0.023023797 0.056489434 -0.494655132 0.018703047 0.868888080 -3.292140484
0.886985660 0.011263156 0.461659670 -1.172052503 -0.002266953 0.999796689 -0.020036645 0.048343908 -0.461791456 0.016725656 0.886830807 -2.876816988
0.903912604 0.012022235 0.427548230 -0.987077892 -0.005387744 0.999845624 -0.016724030 0.038259905 -0.427683264 0.012813541 0.903837800 -2.428947449
0.919542789 0.012526222 0.392790228 -0.816621006 -0.007416894 0.999867022 -0.014522779 0.033596512 -0.392919898 0.010441034 0.919513464 -1.950889945
0.934026718 0.007140756 0.357131809 -0.652070820 -0.003749033 0.999941051 -0.010188503 0.021873726 -0.357183516 0.008177436 0.933998406 -1.479456186
0.947285295 -0.000888939 0.320390105 -0.490329951 0.003088177 0.999975026 -0.006356214 0.011363487 -0.320376456 0.007010569 0.947264373 -0.966053367
0.959227502 -0.009591748 0.282472283 -0.338474244 0.011253856 0.999927580 -0.004262207 0.005537704 -0.282410949 0.007267328 0.959266007 -0.414806336
0.969722033 -0.015450041 0.243722081 -0.211809233 0.016848050 0.999851406 -0.003652439 -0.001714482 -0.243629426 0.007648092 0.969838262 0.158344954
0.978824735 -0.017388374 0.203960240 -0.110432185 0.018844647 0.999808908 -0.005199822 -0.004922060 -0.203830838 0.008933272 0.978965342 0.718714237
0.985980511 -0.016018085 0.166090071 -0.037587218 0.017233362 0.999834239 -0.005878310 -0.009330399 -0.165968373 0.008658189 0.986093044 1.316397667
0.991121590 -0.015501616 0.132051691 0.026185809 0.016766608 0.999823511 -0.008472946 0.000221931 -0.131897047 0.010611779 0.991206646 1.971131802
0.994778156 -0.016264427 0.100756504 0.079249293 0.017309103 0.999805033 -0.009502724 -0.008286914 -0.100582302 0.011197106 0.994865716 2.625558853
0.997182965 -0.019775366 0.072353415 0.119050637 0.020492414 0.999747872 -0.009181413 -0.013097662 -0.072153606 0.010638245 0.997336805 3.300981522
0.998677373 -0.020202305 0.047280062 0.137531221 0.020673027 0.999741256 -0.009488284 -0.023485830 -0.047076143 0.010453156 0.998836637 3.972277641
0.999515533 -0.020474955 0.023440300 0.146952942 0.020726707 0.999729514 -0.010547978 -0.033503938 -0.023217991 0.011028708 0.999669611 4.685624123
0.999826491 -0.018421814 0.002768009 0.133622915 0.018448172 0.999781609 -0.009819590 -0.042529840 -0.002586509 0.009868952 0.999947965 5.436903477
0.999736071 -0.016990107 -0.015463663 0.111475520 0.016877051 0.999830067 -0.007412366 -0.047543377 0.015586973 0.007149429 0.999852955 6.182471752
0.999446392 -0.015617591 -0.029377479 0.078825124 0.015465699 0.999865890 -0.005390518 -0.047458284 0.029457726 0.004933191 0.999553859 6.967821121
0.999213398 -0.010014365 -0.038371108 0.032955777 0.009858516 0.999942362 -0.004248686 -0.058792148 0.038411446 0.003867062 0.999254525 7.759310246
0.999053359 -0.006052864 -0.043079052 -0.011712976 0.005787335 0.999963522 -0.006285819 -0.069537483 0.043115526 0.006030556 0.999051869 8.562709808
0.998992026 -0.005854373 -0.044504087 -0.054938454 0.005514928 0.999954760 -0.007746220 -0.072957292 0.044547424 0.007492975 0.998979151 9.383414268
0.998935640 -0.008366074 -0.045360867 -0.091220237 0.008002725 0.999934494 -0.008185889 -0.077970065 0.045426380 0.007814165 0.998937130 10.228331566
0.998904943 -0.009578063 -0.045794323 -0.124013111 0.009308498 0.999938071 -0.006096054 -0.092096806 0.045849875 0.005663102 0.998932302 11.088358879
0.998906791 -0.007509252 -0.046138711 -0.174857885 0.007219951 0.999953210 -0.006433705 -0.106678247 0.046184864 0.006093553 0.998914301 11.958107948
0.998881340 -0.005897670 -0.046917308 -0.220420361 0.005444963 0.999937415 -0.009771001 -0.112660907 0.046971999 0.009504608 0.998851001 12.853185654
0.998856664 -0.002747962 -0.047726519 -0.266513556 0.002200128 0.999931157 -0.011527340 -0.126584306 0.047754910 0.011409156 0.998793900 13.759684563
0.998850942 0.001162268 -0.047910642 -0.328904718 -0.001746078 0.999924719 -0.012145343 -0.136932477 0.047892921 0.012215043 0.998777807 14.677181244
0.998791456 0.001677040 -0.049120419 -0.376063019 -0.002176402 0.999946475 -0.010114369 -0.150004491 0.049100827 0.010209051 0.998741627 15.625702858
0.998724341 -0.000341516 -0.050492827 -0.421476573 -0.000067179 0.999967277 -0.008092211 -0.164570689 0.050493937 0.008085281 0.998691618 16.574989319
0.998602331 0.000450411 -0.052851088 -0.477773309 -0.000812925 0.999976277 -0.006837869 -0.177929550 0.052846756 0.006871275 0.998578966 17.530225754
0.998408318 -0.001188607 -0.056386359 -0.533130407 0.000749238 0.999969184 -0.007812615 -0.194040388 0.056393910 0.007757933 0.998378456 18.494047165
0.998153090 -0.003286751 -0.060659517 -0.585662782 0.002747503 0.999956012 -0.008971022 -0.209436893 0.060686331 0.008787790 0.998118222 19.467227936
0.997884214 -0.004970808 -0.064825445 -0.648113251 0.004420145 0.999952972 -0.008635188 -0.224404812 0.064865321 0.008330380 0.997859240 20.461643219
0.997626066 -0.005305514 -0.068659283 -0.724912345 0.004910784 0.999970436 -0.005916621 -0.237793788 0.068688646 0.005565405 0.997622609 21.460186005
0.997316658 -0.006079230 -0.072955504 -0.794647157 0.005924949 0.999979734 -0.002330960 -0.246230483 0.072968200 0.001892448 0.997332454 22.482486725
0.997060716 -0.005521571 -0.076416455 -0.880144775 0.005652674 0.999982893 0.001499458 -0.252700180 0.076406866 -0.001927007 0.997074842 23.524192810
0.996827126 -0.004611595 -0.079463065 -0.968666017 0.004892975 0.999982417 0.003346670 -0.258951783 0.079446234 -0.003724862 0.996832192 24.573741913
0.996614635 -0.003649181 -0.082133584 -1.053583622 0.003657997 0.999993324 -0.000043138 -0.268874079 0.082133189 -0.000257452 0.996621311 25.613887787
0.996482015 -0.002779626 -0.083761096 -1.153498769 0.002333306 0.999982536 -0.005425908 -0.274374664 0.083774716 0.005211379 0.996471107 26.665096283
0.996358514 -0.003894834 -0.085173659 -1.248364329 0.003249826 0.999965012 -0.007710203 -0.283517480 0.085200705 0.007405327 0.996336281 27.723180771
0.996218681 -0.003762261 -0.086799383 -1.340363741 0.003531822 0.999989808 -0.002808267 -0.295952290 0.086809061 0.002491088 0.996221840 28.794782639
0.996066868 -0.004809854 -0.088474371 -1.439931750 0.005147730 0.999980330 0.003591137 -0.310762018 0.088455357 -0.004032455 0.996071994 29.883380890
0.995883107 -0.010596992 -0.090025522 -1.528834343 0.011060589 0.999927998 0.004652295 -0.321849704 0.089969739 -0.005628877 0.995928586 30.956127167
0.995763600 -0.013327932 -0.090979218 -1.627590418 0.013555573 0.999906361 0.001884637 -0.329112113 0.090945579 -0.003109928 0.995850980 32.035068512
0.995721221 -0.012153414 -0.091605335 -1.733242273 0.011926030 0.999924302 -0.003029220 -0.343274921 0.091635220 0.001923770 0.995790780 33.110248566
0.995710135 -0.010948668 -0.091877252 -1.836009979 0.010568576 0.999933481 -0.004622491 -0.349968314 0.091921747 0.003631650 0.995759606 34.190078735
0.995864809 -0.006672228 -0.090601951 -1.949048996 0.006399600 0.999974072 -0.003299244 -0.364275336 0.090621613 0.002705785 0.995881736 35.272659302
0.995975733 -0.002797088 -0.089579567 -2.048742533 0.002679761 0.999995410 -0.001429989 -0.382472366 0.089583158 0.001184182 0.995978653 36.369373322
0.996085405 -0.001785825 -0.088378012 -2.153049707 0.001846357 0.999998093 0.000603178 -0.391434997 0.088376768 -0.000763994 0.996086836 37.458492279
0.996197939 -0.002114213 -0.087093011 -2.246750832 0.002418290 0.999991357 0.003386044 -0.404084355 0.087085098 -0.003583786 0.996194422 38.556934357
0.996286750 0.004219203 -0.085993938 -2.350556135 -0.003632707 0.999969065 0.006975545 -0.410332590 0.086020708 -0.006637252 0.996271253 39.667842865
0.996484816 0.007979325 -0.083392777 -2.451753855 -0.007435101 0.999948978 0.006834556 -0.417490155 0.083443061 -0.006190498 0.996493340 40.770374298
0.996644020 0.010254717 -0.081213087 -2.547335386 -0.009950202 0.999941885 0.004153421 -0.425578982 0.081250958 -0.003331395 0.996688128 41.878440857
0.996790886 0.012589585 -0.079053350 -2.642473459 -0.012568615 0.999920726 0.000762855 -0.429357618 0.079056688 0.000233185 0.996870100 42.993495941
0.996919811 0.012203414 -0.077472605 -2.733354330 -0.012184633 0.999925494 0.000715129 -0.440268874 0.077475563 0.000231049 0.996994197 44.118442535
0.997087657 0.011849542 -0.075337917 -2.825647831 -0.011699301 0.999928594 0.002435263 -0.447258621 0.075361393 -0.001546769 0.997155070 45.248252869
0.997243106 0.011725692 -0.073271260 -2.910278320 -0.011612422 0.999930620 0.001971720 -0.459414095 0.073289298 -0.001115427 0.997310102 46.372497559
0.997305632 0.013335700 -0.072136231 -2.994382858 -0.013556281 0.999904811 -0.002569095 -0.469776273 0.072095104 0.003540072 0.997391462 47.494262695
0.997362196 0.011740840 -0.071629256 -3.073977232 -0.012195827 0.999908090 -0.005917919 -0.488418698 0.071553193 0.006775887 0.997413754 48.625106812
0.997347772 0.010777379 -0.071981102 -3.153810263 -0.011148393 0.999926567 -0.004754540 -0.500220239 0.071924575 0.005544403 0.997394681 49.757518768
0.997360170 0.008056776 -0.072164938 -3.234531403 -0.008221678 0.999964237 -0.001988325 -0.510514617 0.072146334 0.002576393 0.997390747 50.908729553
0.997415602 0.004396319 -0.071713157 -3.319591284 -0.004456232 0.999989867 -0.000675481 -0.524351656 0.071709462 0.000993305 0.997425079 52.055446625
0.997454405 -0.000705898 -0.071303383 -3.395315409 0.000598862 0.999998689 -0.001522501 -0.538717389 0.071304359 0.001475925 0.997453511 53.200962067
0.997450769 -0.001072863 -0.071350336 -3.472770452 0.000973702 0.999998510 -0.001424538 -0.558365345 0.071351752 0.001351432 0.997450292 54.339099884
0.997489572 -0.006084832 -0.070551381 -3.547643900 0.006216930 0.999979317 0.001652934 -0.560890019 0.070539862 -0.002087397 0.997506797 55.507976532
0.997503698 -0.006658340 -0.070299432 -3.627377987 0.007257835 0.999939442 0.008275757 -0.572567403 0.070240073 -0.008765319 0.997491598 56.683258057
0.997564435 -0.007324618 -0.069365442 -3.708389759 0.007992386 0.999924302 0.009354174 -0.575897992 0.069291681 -0.009885786 0.997547448 57.862567902
0.997551501 -0.005368541 -0.069729626 -3.790713787 0.005606086 0.999979138 0.003211414 -0.583844244 0.069710933 -0.003594461 0.997560740 59.027996063
0.997591853 -0.002708083 -0.069305182 -3.885166168 0.002368651 0.999984801 -0.004979360 -0.592512786 0.069317617 0.004803209 0.997583091 60.200889587
0.997603416 0.002375735 -0.069150493 -3.979062557 -0.002982162 0.999957979 -0.008667762 -0.606740952 0.069126993 0.008853207 0.997568607 61.375324249
0.997638285 0.004267469 -0.068553522 -4.068953991 -0.004755308 0.999964535 -0.006954578 -0.629966199 0.068521418 0.007264147 0.997623205 62.560688019
0.997612298 0.006039099 -0.068798915 -4.163136005 -0.006435006 0.999963999 -0.005534387 -0.641208649 0.068763010 0.005963894 0.997615218 63.752334595
0.997574985 0.006605865 -0.069286004 -4.245589733 -0.006752254 0.999975443 -0.001878830 -0.662786961 0.069271892 0.002342110 0.997595072 64.942451477
0.997540832 0.005684524 -0.069857061 -4.330254555 -0.005719772 0.999983609 -0.000304550 -0.679431021 0.069854185 0.000703367 0.997556984 66.130935669
0.997530341 0.005157115 -0.070046984 -4.410340309 -0.005066115 0.999986053 0.001476709 -0.696548164 0.070053622 -0.001118196 0.997542620 67.316413879
0.997506559 0.007016139 -0.070224382 -4.496928215 -0.006672570 0.999964595 0.005125828 -0.708027244 0.070257857 -0.004644469 0.997518063 68.505363464
0.997502089 0.008665984 -0.070103645 -4.592772007 -0.008106494 0.999933004 0.008261447 -0.714878142 0.070170544 -0.007672515 0.997505486 69.703399658
0.997470677 0.009970088 -0.070376329 -4.678948879 -0.009774407 0.999947369 0.003124311 -0.729776621 0.070403770 -0.002428522 0.997515619 70.880485535
0.997482538 0.009502901 -0.070273131 -4.769308090 -0.009982501 0.999929190 -0.006476775 -0.743821204 0.070206605 0.007161971 0.997506738 72.049316406
0.997467399 0.009898104 -0.070433423 -4.859396935 -0.010651469 0.999889910 -0.010328602 -0.765617073 0.070323437 0.011052663 0.997462988 73.234474182
0.997463048 0.005829981 -0.070946768 -4.937798023 -0.006588143 0.999923646 -0.010457054 -0.795825720 0.070880383 0.010897933 0.997425318 74.416038513
0.997491539 -0.001581096 -0.070767932 -5.013007164 0.000604124 0.999904275 -0.013824571 -0.820195973 0.070783012 0.013747140 0.997397006 75.590881348
0.997526348 -0.000466062 -0.070292160 -5.105746269 -0.000587546 0.999887824 -0.014967575 -0.847016811 0.070291251 0.014971850 0.997414172 76.763282776
0.997526228 -0.006452932 -0.069998764 -5.183177948 0.005819967 0.999940336 -0.009242695 -0.877920508 0.070054226 0.008812440 0.997504234 77.930290222
0.997536957 -0.007268933 -0.069765024 -5.261398315 0.007129187 0.999972045 -0.002251874 -0.900002062 0.069779441 0.001748960 0.997560918 79.107833862
0.997583389 -0.004672412 -0.069322176 -5.340540409 0.004838784 0.999985814 0.002232265 -0.920233071 0.069310762 -0.002562305 0.997591853 80.276351929
0.997633994 -0.002025881 -0.068719380 -5.433855534 0.002407946 0.999982119 0.005477408 -0.932145178 0.068707049 -0.005629921 0.997621000 81.432167053
0.997668684 0.001629584 -0.068224013 -5.518841743 -0.001111908 0.999970317 0.007625170 -0.945698380 0.068234406 -0.007531535 0.997640908 82.584663391
0.997735858 0.005353018 -0.067040943 -5.609440327 -0.004968253 0.999970198 0.005904660 -0.953025639 0.067070559 -0.005558214 0.997732759 83.729042053
0.997772694 0.009414227 -0.066038273 -5.704619884 -0.009438355 0.999955475 -0.000053397 -0.967721283 0.066034831 0.000676571 0.997817099 84.843200684
0.997739017 0.011859254 -0.066153109 -5.787518024 -0.012228952 0.999911785 -0.005186368 -0.982716203 0.066085771 0.005983625 0.997795999 85.972763062
0.997839153 0.008137907 -0.065198146 -5.864006996 -0.008484240 0.999951303 -0.005036884 -1.001480579 0.065153979 0.005579157 0.997859597 87.101104736
0.997924566 0.007769900 -0.063923009 -5.945119858 -0.007794317 0.999969602 -0.000132604 -1.021344781 0.063920036 0.000630565 0.997954845 88.212974548
0.998011827 0.003239843 -0.062943533 -6.012411594 -0.002884715 0.999979436 0.005732059 -1.032526612 0.062960804 -0.005539089 0.998000622 89.342453003
0.998031259 -0.002000435 -0.062686183 -6.075845718 0.002583473 0.999954164 0.009221221 -1.041397691 0.062664866 -0.009365016 0.997990668 90.473670959
0.998079300 -0.006459731 -0.061611690 -6.142086983 0.006960464 0.999944448 0.007916077 -1.046226144 0.061557129 -0.008329718 0.998068810 91.599449158
0.998147070 -0.009416407 -0.060114536 -6.225214958 0.009741089 0.999939501 0.005110296 -1.054163456 0.060062777 -0.005686408 0.998178422 92.728195190
0.998147547 -0.012003393 -0.059643596 -6.297598839 0.012066433 0.999926984 0.000696899 -1.063631058 0.059630875 -0.001415293 0.998219490 93.844833374
0.998175383 -0.013582238 -0.058833607 -6.360275745 0.013422259 0.999905050 -0.003113514 -1.076933742 0.058870312 0.002318153 0.998262942 94.963218689
