1.000000000 0.000000000 0.000000000 0.000000000 0.000000000 1.000000000 0.000000000 0.000000000 0.000000000 0.000000000 1.000000000 0.000000000
0.999991536 -0.002356232 -0.003378429 -0.003953317 0.002348623 0.999994695 -0.002254475 -0.003411037 0.003383723 0.002246521 0.999991775 0.666553199
0.999972105 -0.001056646 -0.007396182 -0.015672402 0.001030480 0.999993205 -0.003540591 -0.010894278 0.007399872 0.003532871 0.999966383 1.355997086
0.999932945 -0.001788659 -0.011439464 -0.027635455 0.001732116 0.999986231 -0.004950744 -0.010025064 0.011448162 0.004930598 0.999922335 2.086268663
0.999866247 -0.000389032 -0.016351843 -0.044571515 0.000295566 0.999983609 -0.005717936 -0.011048152 0.016353799 0.005712337 0.999849975 2.817691088
0.999788225 -0.001128059 -0.020548247 -0.066565096 0.001006983 0.999982059 -0.005901689 -0.021327497 0.020554535 0.005879748 0.999771416 3.555207968
0.999685168 0.000361232 -0.025087684 -0.090853930 -0.000543038 0.999973655 -0.007240363 -0.027222099 0.025084406 0.007251707 0.999659061 4.317601681
0.999546826 0.002904252 -0.029961579 -0.122948512 -0.003145626 0.999962926 -0.008012133 -0.032345943 0.029937198 0.008102750 0.999518931 5.084667206
0.999404013 0.003374570 -0.034353975 -0.155612215 -0.003592888 0.999973714 -0.006295203 -0.042022940 0.034331832 0.006414881 0.999389887 5.882050514
0.999243915 0.002707129 -0.038784206 -0.191084027 -0.002846641 0.999989688 -0.003542352 -0.049346466 0.038774218 0.003650079 0.999241352 6.681143284
0.999125540 0.002143502 -0.041756589 -0.236887112 -0.002167862 0.999997497 -0.000538092 -0.062641218 0.041755330 0.000628144 0.999127686 7.485665798
0.998992562 0.003838631 -0.044711214 -0.272907019 -0.003928004 0.999990463 -0.001911202 -0.064638481 0.044703450 0.002084902 0.998998106 8.305332184
0.998900533 0.003467753 -0.046751764 -0.320248306 -0.003566989 0.999991536 -0.002039367 -0.072244458 0.046744294 0.002203888 0.998904467 9.122541428
0.998810589 0.000998945 -0.048748516 -0.360042781 -0.001137033 0.999995410 -0.002805015 -0.077210896 0.048745491 0.002857107 0.998807132 9.955358505
0.998700440 0.000224685 -0.050964113 -0.396888733 -0.000315691 0.999998391 -0.001777647 -0.086182207 0.050963629 0.001791426 0.998698890 10.803802490
0.998628795 -0.001259442 -0.052334640 -0.444792062 0.001146676 0.999996960 -0.002184695 -0.094059974 0.052337233 0.002121689 0.998627186 11.648413658
0.998530686 0.001178041 -0.054176450 -0.499198645 -0.001422380 0.999988973 -0.004471705 -0.103531301 0.054170586 0.004542195 0.998521388 12.507471085
0.998448074 0.001126401 -0.055678770 -0.547477126 -0.001523425 0.999973714 -0.007088681 -0.114022247 0.055669323 0.007162503 0.998423576 13.377229691
0.998343050 0.005084663 -0.057317615 -0.609740138 -0.005592663 0.999946475 -0.008705975 -0.126467764 0.057270281 0.009012107 0.998318017 14.247068405
0.998276472 0.006289391 -0.058348127 -0.662894726 -0.006793420 0.999941289 -0.008443974 -0.137276635 0.058291592 0.008825804 0.998260558 15.137813568
0.998193979 0.005275676 -0.059840724 -0.717732608 -0.005710661 0.999958515 -0.007100356 -0.149610400 0.059800781 0.007429263 0.998182714 16.031991959
0.998109281 0.006339347 -0.061136488 -0.779301822 -0.006689102 0.999962389 -0.005517929 -0.163525850 0.061099209 0.005916445 0.998114169 16.925655365
0.998062313 0.005762997 -0.061954416 -0.840534270 -0.006104347 0.999967217 -0.005321829 -0.178600714 0.061921716 0.005689708 0.998064816 17.846347809
0.997957945 0.005717678 -0.063618012 -0.899662316 -0.006123118 0.999962151 -0.006179887 -0.191400886 0.063580275 0.006556808 0.997955203 18.749734879
0.997893035 0.004294629 -0.064738251 -0.965151668 -0.004733448 0.999966860 -0.006626515 -0.207323641 0.064707644 0.006918989 0.997880280 19.660316467
0.997863114 0.004315087 -0.065196805 -1.022739410 -0.004656309 0.999976218 -0.005082670 -0.218328789 0.065173328 0.005375385 0.997859478 20.579191208
0.997845232 0.005498488 -0.065380670 -1.084858537 -0.005630584 0.999982476 -0.001836331 -0.227805555 0.065369427 0.002200505 0.997858703 21.504528046
0.997898698 0.006411457 -0.064475887 -1.150099277 -0.006288861 0.999978006 0.002104201 -0.242019638 0.064487956 -0.001694300 0.997917056 22.426250458
0.998012125 0.005147466 -0.062811218 -1.209199071 -0.004835020 0.999975204 0.005125340 -0.250959724 0.062836044 -0.004811458 0.998012245 23.360290527
0.998111844 0.005392948 -0.061185796 -1.275068760 -0.005048380 0.999970496 0.005784696 -0.254637688 0.061215188 -0.005464885 0.998109639 24.298671722
0.998210430 0.005660803 -0.059530683 -1.337827086 -0.005502201 0.999980867 0.002827786 -0.257778704 0.059545550 -0.002495176 0.998222470 25.231878281
0.998263538 0.006580649 -0.058537230 -1.401531100 -0.006695229 0.999976039 -0.001761459 -0.271275192 0.058524236 0.002150320 0.998283684 26.179399490
0.998315752 0.005768119 -0.057726756 -1.446849108 -0.006033353 0.999972045 -0.004421412 -0.283791035 0.057699636 0.004762251 0.998322606 27.145029068
0.998370051 0.002987491 -0.056994330 -1.501464725 -0.003189997 0.999988914 -0.003462430 -0.292699456 0.056983355 0.003638599 0.998368502 28.102333069
0.998354793 0.001367833 -0.057321955 -1.559843302 -0.001279674 0.999997914 0.001574632 -0.305428743 0.057323992 -0.001498688 0.998354495 29.081840515
0.998318076 -0.001930527 -0.057942081 -1.612691760 0.002214963 0.999985814 0.004845155 -0.317111731 0.057931904 -0.004965345 0.998308182 30.049730301
0.998207510 -0.008986197 -0.059169412 -1.662987232 0.009238698 0.999949336 0.003995227 -0.322294295 0.059130512 -0.004534714 0.998239934 31.020658493
0.998100162 -0.011890679 -0.060454201 -1.716775656 0.011934048 0.999928713 0.000356365 -0.329955131 0.060445655 -0.001077152 0.998170912 31.995571136
0.998040855 -0.011496296 -0.061500590 -1.785190344 0.011286321 0.999929249 -0.003760499 -0.335974455 0.061539471 0.003059017 0.998099983 32.974349976
0.997891784 -0.010212269 -0.064091235 -1.845488191 0.009938311 0.999940097 -0.004591860 -0.345745862 0.064134285 0.003945221 0.997933507 33.967666626
0.997862935 -0.009865568 -0.064592399 -1.913940549 0.009700698 0.999948859 -0.002865610 -0.367171288 0.064617366 0.002232895 0.997907639 34.939334869
0.997811913 -0.006864769 -0.065758869 -1.990458608 0.006871321 0.999976397 -0.000126528 -0.378300160 0.065758184 -0.000325599 0.997835517 35.930339813
0.997719526 -0.006619121 -0.067170665 -2.055429220 0.006701315 0.999977052 0.000998408 -0.388012022 0.067162514 -0.001446263 0.997740984 36.929538727
0.997649908 -0.005670629 -0.068282813 -2.124006748 0.005940161 0.999975324 0.003744901 -0.398386240 0.068259895 -0.004141712 0.997658968 37.903583527
0.997671306 -0.005258638 -0.068002351 -2.192723751 0.005737746 0.999960065 0.006852056 -0.413214862 0.067963600 -0.007226280 0.997661650 38.908081055
0.997630596 0.000329970 -0.068797395 -2.265783787 0.000303353 0.999957681 0.009194965 -0.418543458 0.068797514 -0.009194048 0.997588277 39.891788483
0.997642934 0.000965730 -0.068612337 -2.343220472 -0.000373256 0.999962568 0.008647390 -0.427671611 0.068618119 -0.008601397 0.997605920 40.865062714
0.997639477 0.000995575 -0.068662487 -2.414262772 -0.000534601 0.999977171 0.006731685 -0.427363783 0.068667620 -0.006679087 0.997617245 41.884037018
0.997643650 0.003451648 -0.068521388 -2.493364811 -0.003161807 0.999985576 0.004337940 -0.433014631 0.068535373 -0.004111067 0.997640193 42.872257233
0.997587800 0.003019634 -0.069350332 -2.570691824 -0.002695795 0.999985039 0.004762729 -0.445701152 0.069363676 -0.004564286 0.997581005 43.853202820
0.997499824 0.001111254 -0.070659988 -2.635136843 -0.000714114 0.999983788 0.005645451 -0.450960100 0.070665114 -0.005580877 0.997484505 44.849868774
0.997429252 0.001655812 -0.071639039 -2.710188866 -0.001175398 0.999976516 0.006747671 -0.461420119 0.071648531 -0.006646120 0.997407794 45.843933105
0.997413397 0.004336941 -0.071747676 -2.793077946 -0.004115740 0.999986291 0.003230585 -0.474043399 0.071760699 -0.002926934 0.997417569 46.815082550
0.997357011 0.005078846 -0.072479114 -2.874896526 -0.005173921 0.999985993 -0.001124064 -0.479409397 0.072472386 0.001496095 0.997369289 47.780807495
0.997290850 0.005337930 -0.073364913 -2.931195021 -0.005532124 0.999981701 -0.002444003 -0.482016087 0.073350526 0.002843246 0.997302175 48.744285583
0.997305512 0.004256924 -0.073236562 -3.010290146 -0.004180307 0.999990523 0.001199419 -0.496475607 0.073240981 -0.000890036 0.997313857 49.722797394
0.997316360 0.002286040 -0.073177122 -3.086023808 -0.001997532 0.999989927 0.004015545 -0.505011320 0.073185563 -0.003858595 0.997310877 50.688453674
0.997284710 0.000550902 -0.073640101 -3.151046991 -0.000199865 0.999988556 0.004774211 -0.515329778 0.073641889 -0.004746529 0.997273445 51.639915466
0.997267842 -0.002568614 -0.073826030 -3.223248720 0.002836912 0.999989748 0.003529572 -0.525806844 0.073816203 -0.003729367 0.997264862 52.590755463
0.997230411 -0.005294845 -0.074185789 -3.290683031 0.005487741 0.999982059 0.002396570 -0.537018120 0.074171767 -0.002797045 0.997241557 53.536998749
0.997153521 -0.006714949 -0.075098433 -3.361909389 0.007001294 0.999969184 0.003550311 -0.549468696 0.075072281 -0.004065991 0.997169793 54.480354309
0.997033119 -0.009565147 -0.076377399 -3.437762737 0.010152122 0.999921799 0.007300625 -0.553049564 0.076301597 -0.008054357 0.997052252 55.431842804
0.996970117 -0.010864713 -0.077022694 -3.500732422 0.011893505 0.999845922 0.012910880 -0.562958062 0.076870553 -0.013787832 0.996945739 56.383678436
0.996960700 -0.009065722 -0.077376753 -3.585328817 0.010236623 0.999838829 0.014749262 -0.560654879 0.077230565 -0.015496510 0.996892810 57.328239441
0.996813297 -0.007822125 -0.079385862 -3.653052330 0.008699252 0.999904811 0.010709084 -0.564264297 0.079294540 -0.011365554 0.996786416 58.266265869
0.996782005 -0.006365840 -0.079907194 -3.746406555 0.006638470 0.999972999 0.003146644 -0.570607126 0.079885006 -0.003666980 0.996797323 59.183387756
0.996702254 -0.004305513 -0.081031300 -3.824542046 0.004192310 0.999989986 -0.001567106 -0.583665788 0.081037238 0.001222229 0.996710300 60.096942902
0.996671200 0.000574598 -0.081524201 -3.913969278 -0.000656003 0.999999285 -0.000971750 -0.592302084 0.081523582 0.001021995 0.996670902 60.997749329
0.996552885 0.003613111 -0.082881294 -3.998660326 -0.003478099 0.999992371 0.001773310 -0.611235082 0.082887068 -0.001478928 0.996557832 61.893604279
0.996460378 0.006066462 -0.083844289 -4.075483799 -0.005824345 0.999978125 0.003131997 -0.625989139 0.083861455 -0.002632573 0.996473968 62.770111084
0.996362388 0.006994457 -0.084929474 -4.156113148 -0.006769600 0.999972761 0.002935277 -0.637544572 0.084947698 -0.002349661 0.996382654 63.636615753
0.996232271 0.009054670 -0.086251236 -4.238057137 -0.008756697 0.999954343 0.003832426 -0.650227070 0.086282000 -0.003062711 0.996266067 64.484527588
0.996088684 0.009657872 -0.087829679 -4.314360619 -0.009301281 0.999946773 0.004468396 -0.661188245 0.087868154 -0.003633990 0.996125460 65.333419800
0.995958567 0.009530913 -0.089306906 -4.390328884 -0.009130659 0.999946356 0.004889253 -0.670007229 0.089348711 -0.004054062 0.995992184 66.159835815
0.995868146 0.009128934 -0.090350702 -4.466965199 -0.008627599 0.999945164 0.005937771 -0.677549958 0.090399958 -0.005133728 0.995892286 66.966171265
0.995700121 0.012097050 -0.091842197 -4.545004368 -0.011356427 0.999898672 0.008582422 -0.684225023 0.091936715 -0.007502519 0.995736599 67.764465332
0.995572388 0.013597889 -0.093009382 -4.627583504 -0.012459274 0.999840319 0.012811702 -0.691592276 0.093168743 -0.011596147 0.995582819 68.556404114
0.995378375 0.016838510 -0.094542973 -4.711739540 -0.015537721 0.999774456 0.014478071 -0.695850313 0.094765440 -0.012942176 0.995415509 69.335311890
0.995205343 0.019554384 -0.095832877 -4.791117191 -0.018639134 0.999771833 0.010436451 -0.703453660 0.096015088 -0.008600170 0.995342731 70.075141907
0.995071352 0.019619429 -0.097201265 -4.867196083 -0.019407382 0.999806762 0.003126575 -0.711330235 0.097243823 -0.001224744 0.995259821 70.799858093
0.994933546 0.018667957 -0.098786451 -4.937351704 -0.019024160 0.999815464 -0.002664955 -0.719909430 0.098718472 0.004530783 0.995105088 71.506546021
0.994901359 0.019401036 -0.098968960 -5.011616707 -0.019873414 0.999795318 -0.003789287 -0.726621866 0.098875187 0.005736817 0.995083332 72.194793701
0.994767785 0.022036698 -0.099756911 -5.092575073 -0.022178391 0.999753952 -0.000311497 -0.737784863 0.099725507 0.002522315 0.995011806 72.877098083
0.994648159 0.022728927 -0.100789011 -5.168426514 -0.022648120 0.999741614 0.001946087 -0.754202604 0.100807205 0.000347009 0.994905949 73.529342651
0.994603157 0.019205974 -0.101959355 -5.227762222 -0.019438855 0.999810219 -0.001290877 -0.767170310 0.101915210 0.003265884 0.994787753 74.157783508
0.994675994 0.010935292 -0.102469839 -5.272756577 -0.011650131 0.999911785 -0.006380209 -0.782729685 0.102391034 0.007540028 0.994715631 74.779090881
0.994810820 0.006910179 -0.101506874 -5.329085350 -0.008100808 0.999903083 -0.011322006 -0.791692913 0.101418801 0.012085541 0.994770408 75.373451233
0.995085776 0.009306086 -0.098578632 -5.386812210 -0.010483263 0.999879718 -0.011430252 -0.805630386 0.098460406 0.012407507 0.995063603 75.959358215
0.995436370 0.014435077 -0.094329685 -5.447063446 -0.015288003 0.999848485 -0.008325520 -0.819872916 0.094195209 0.009729638 0.995506227 76.519935608
0.995869696 0.012841683 -0.089881450 -5.494316578 -0.013353587 0.999897838 -0.005096281 -0.835737228 0.089806825 0.006275472 0.995939434 77.081146240
0.996430099 0.009343141 -0.083903335 -5.535290241 -0.009451610 0.999954939 -0.000895664 -0.847822726 0.083891183 0.001685488 0.996473491 77.623428345
0.997108698 0.004690922 -0.075843751 -5.563679218 -0.004533358 0.999987185 0.002249515 -0.855673969 0.075853333 -0.001899184 0.997117162 78.152893066
0.997842312 0.008384038 -0.065118551 -5.596795559 -0.008255430 0.999963403 0.002243811 -0.869456232 0.065134980 -0.001701388 0.997875035 78.667778015
0.998669028 0.013502900 -0.049777661 -5.624099255 -0.013429567 0.999908209 0.001807380 -0.876485169 0.049797494 -0.001136482 0.998758674 79.170791626
0.999329329 0.018546483 -0.031574592 -5.638214588 -0.018484650 0.999826610 0.002249053 -0.881102443 0.031610828 -0.001663899 0.999498844 79.662406921
0.999808252 0.017051408 -0.009630280 -5.626653671 -0.017025867 0.999851346 0.002727919 -0.886574090 0.009675363 -0.002563432 0.999949932 80.145942688
0.999763012 0.013489086 0.017088009 -5.605224133 -0.013552707 0.999901652 0.003612784 -0.896582007 -0.017037595 -0.003843516 0.999847472 80.607490540
0.998834491 0.012488574 0.046622623 -5.562500477 -0.012744348 0.999905288 0.005192855 -0.905315459 -0.046553358 -0.005780978 0.998899102 81.062957764
0.996764243 0.012158111 0.079456121 -5.502483368 -0.012730483 0.999896526 0.006701027 -0.914842486 -0.079366423 -0.007690858 0.996815860 81.496551514
0.993080854 0.012009628 0.116816714 -5.422429085 -0.012881449 0.999894500 0.006711021 -0.916539550 -0.116723798 -0.008169355 0.993130803 81.936073303
0.987219214 0.012185443 0.158901826 -5.335730553 -0.013378412 0.999889791 0.006439991 -0.918206334 -0.158805832 -0.008483537 0.987273395 82.368858337
0.978963852 0.011490920 0.203709856 -5.218936920 -0.013080461 0.999893606 0.006458216 -0.928778946 -0.203613967 -0.008986979 0.979009986 82.778984070
0.967482448 0.014204012 0.252539068 -5.086987495 -0.015808843 0.999865651 0.004326756 -0.936928332 -0.252443671 -0.008178410 0.967577040 83.173957825
0.952053130 0.015164929 0.305556566 -4.942779064 -0.016334746 0.999865770 0.001271947 -0.945442617 -0.305496275 -0.006202150 0.952173054 83.523674011
0.932295382 0.015176226 0.361379296 -4.764986038 -0.015936773 0.999872625 -0.000875846 -0.953690290 -0.361346543 -0.004942673 0.932418466 83.888694763
0.908163607 0.015943490 0.418311715 -4.558235168 -0.015979735 0.999866486 -0.003416465 -0.953915834 -0.418310344 -0.003581801 0.908297122 84.242034912
0.879247785 0.016206773 0.476089001 -4.340727329 -0.015397132 0.999865770 -0.005601271 -0.960454822 -0.476115882 -0.002405499 0.879379272 84.564132690
0.845752895 0.014737726 0.533371210 -4.101469517 -0.012673706 0.999891341 -0.007531905 -0.972292900 -0.533424258 -0.000389659 0.845847785 84.868392944
0.808779478 0.015090621 0.587918460 -3.836767197 -0.011771526 0.999885857 -0.009471263 -0.976733208 -0.587994277 0.000739465 0.808864772 85.164932251
0.767893136 0.013227972 0.640441418 -3.567346573 -0.010471027 0.999912381 -0.008097827 -0.993517399 -0.640492439 -0.000487813 0.767964363 85.460960388
0.727260232 0.012982507 0.686239064 -3.281127930 -0.012719390 0.999904335 -0.005436821 -1.011145234 -0.686243951 -0.004774558 0.727355778 85.640968323
0.681658149 0.011887216 0.731574237 -2.977987289 -0.011868201 0.999916077 -0.005189033 -1.019290924 -0.731574535 -0.005145322 0.681742072 85.874305725
0.635348976 0.010309252 0.772156358 -2.656482697 -0.008629584 0.999943256 -0.006249860 -1.031219602 -0.772176981 -0.002692544 0.635401845 86.076232910
0.587873459 0.007957706 0.808913767 -2.323591232 -0.002982232 0.999966145 -0.007669867 -1.037027478 -0.808947444 0.002096543 0.587877274 86.268478394
0.541730762 0.010113978 0.840491295 -1.981933594 -0.004854110 0.999948561 -0.008904122 -1.047469139 -0.840538144 0.000743801 0.541751981 86.437889099
0.494526148 0.013012575 0.869065344 -1.650093079 -0.008471063 0.999912620 -0.010151452 -1.057802677 -0.869121492 -0.002341749 0.494593143 86.589225769
0.449536741 0.015389130 0.893129289 -1.305881500 -0.009418939 0.999877691 -0.012487653 -1.067013621 -0.893212199 -0.002798671 0.449626684 86.719680786
0.405685365 0.013153939 0.913918197 -0.964736938 -0.002016664 0.999906898 -0.013496377 -1.070135474 -0.914010644 0.003632218 0.405674160 86.843093872
0.366557658 0.005137673 0.930381179 -0.595615387 0.013401514 0.999851882 -0.010801314 -1.078478336 -0.930298805 0.016427821 0.366434515 86.927261353
0.331008554 0.001799277 0.943626165 -0.231746674 0.017400810 0.999816477 -0.008010341 -1.080897927 -0.943467438 0.019071350 0.330916524 87.016212463
0.297911346 0.005850047 0.954575717 0.140811920 0.015336992 0.999822795 -0.010913831 -1.088765264 -0.954470456 0.017891673 0.297768831 87.116874695
0.267053545 0.013178575 0.963591635 0.503185272 0.004293741 0.999880314 -0.014864862 -1.106946349 -0.963672161 0.008107127 0.266964972 87.211082458
0.237872481 0.018339230 0.971123219 0.890537262 -0.000883434 0.999825418 -0.018664865 -1.119901776 -0.971295953 0.003581933 0.237847149 87.308074951
0.212230206 0.019872377 0.977017760 1.279899597 0.000757658 0.999789536 -0.020500135 -1.135011077 -0.977219522 0.005090995 0.212170482 87.369895935
0.188546777 0.021320589 0.981832862 1.688697815 0.007667931 0.999701858 -0.023181135 -1.148075223 -0.982034385 0.011899358 0.188327074 87.424804688
0.168942571 0.027288245 0.985248089 2.103118896 0.014489295 0.999439895 -0.030165823 -1.153924942 -0.985519409 0.019371843 0.168452561 87.463668823
0.149046719 0.034469828 0.988229215 2.528388977 0.016782660 0.999160111 -0.037382297 -1.149120450 -0.988687754 0.022156825 0.148343086 87.518135071
0.131512344 0.035112754 0.990692556 2.968147278 0.014874908 0.999190092 -0.037388545 -1.163215637 -0.991203010 0.019653518 0.130883515 87.572433472
0.116021276 0.030756123 0.992770553 3.430603027 0.013041225 0.999387145 -0.032485191 -1.188471317 -0.993161261 0.016715921 0.115549088 87.622924805
0.101500690 0.027632650 0.994451642 3.899200439 0.012657739 0.999497354 -0.029064793 -1.210093021 -0.994754970 0.015537607 0.101099908 87.663658142
0.088244140 0.025105890 0.995782614 4.384712219 0.015035003 0.999534845 -0.026532870 -1.228707075 -0.995985568 0.017312966 0.087825596 87.695671082
0.076700747 0.024370931 0.996756315 4.879302979 0.018613644 0.999491990 -0.025870148 -1.244378924 -0.996880412 0.020537527 0.076208115 87.719123840
0.066386759 0.025154203 0.997476995 5.396690369 0.022051174 0.999401033 -0.026670339 -1.261117935 -0.997550368 0.023766097 0.065792322 87.749778748
0.058768749 0.025656529 0.997941911 5.925720215 0.024420064 0.999333560 -0.027130406 -1.274243832 -0.997972906 0.025964223 0.058103025 87.770729065
0.053425610 0.025895450 0.998236179 6.474327087 0.026146226 0.999284685 -0.027322005 -1.292373657 -0.998229623 0.027559804 0.052710295 87.793388367
0.047578275 0.026861174 0.998506248 7.037582397 0.027599974 0.999221325 -0.028195532 -1.312202930 -0.998486102 0.028900240 0.046799839 87.820205688
0.041527867 0.027630495 0.998755217 7.630805969 0.027908100 0.999195457 -0.028803080 -1.328694701 -0.998747528 0.029069491 0.040723324 87.844932556
0.037222505 0.027529484 0.998927832 8.232673645 0.030387091 0.999127030 -0.028667277 -1.348142862 -0.998844981 0.031421579 0.036353469 87.861404419
0.034276783 0.027795097 0.999025822 8.854270935 0.031589899 0.999083579 -0.028880561 -1.364847898 -0.998913050 0.032549057 0.033367276 87.880477905
0.031353772 0.027298450 0.999135554 9.494239807 0.032709412 0.999063492 -0.028322935 -1.386229396 -0.998973012 0.033569165 0.030431509 87.898101807
0.028841376 0.026582280 0.999230504 10.147354126 0.034711055 0.999016821 -0.027578482 -1.409910321 -0.998981118 0.035479747 0.027890325 87.912696838
0.028231800 0.026225362 0.999257326 10.822105408 0.039266948 0.998855114 -0.027324209 -1.432229877 -0.998829842 0.040009197 0.027169704 87.925537109
0.029199123 0.025746079 0.999242127 11.508979797 0.042969514 0.998711824 -0.026988048 -1.454829693 -0.998649716 0.043724973 0.028055191 87.943641663
0.031731248 0.025788054 0.999163806 12.222213745 0.044562869 0.998636484 -0.027189674 -1.476115584 -0.998502672 0.045388367 0.030538797 87.957168579
0.035619318 0.025853226 0.999030948 12.945533752 0.047232788 0.998504639 -0.027523641 -1.498089433 -0.998248637 0.048167393 0.034344971 87.983283997
0.040090501 0.025357109 0.998874247 13.685890198 0.047592435 0.998494864 -0.027257631 -1.520648956 -0.998061955 0.048631627 0.038823307 88.014320374
0.044054687 0.023624541 0.998749793 14.443901062 0.049007758 0.998465657 -0.025779547 -1.545225501 -0.997826397 0.050082196 0.042829335 88.045021057
0.047907114 0.022333283 0.998602211 15.207550049 0.048426416 0.998522401 -0.024654729 -1.565440297 -0.997677326 0.049539860 0.046754837 88.087677002
0.052129805 0.019822838 0.998443604 15.988998413 0.045645330 0.998710752 -0.022211339 -1.595817685 -0.997596622 0.046732161 0.051157773 88.137634277
0.055755317 0.018974537 0.998264134 16.795578003 0.044618979 0.998773217 -0.021476286 -1.615535498 -0.997446954 0.045738943 0.054840267 88.193351746
0.059824467 0.019983133 0.998008907 17.596618652 0.041756961 0.998874366 -0.022503532 -1.638571739 -0.997335136 0.043020077 0.058922708 88.251174927
0.062651277 0.023946572 0.997748256 18.393886566 0.039425682 0.998872399 -0.026449203 -1.670442343 -0.997256577 0.040993977 0.061636567 88.310455322
0.064214230 0.029177126 0.997509658 19.213954926 0.033586245 0.998943031 -0.031381160 -1.703175426 -0.997370899 0.035517722 0.063166440 88.370414734
0.064075887 0.032487120 0.997416258 20.021064758 0.030752677 0.998931050 -0.034512080 -1.729983091 -0.997471213 0.032884613 0.063008308 88.425025940
0.064228535 0.032034829 0.997420967 20.832458496 0.028562808 0.999016106 -0.033925358 -1.765290499 -0.997526407 0.030668121 0.063250363 88.482231140
0.064314365 0.030240439 0.997471392 21.667762756 0.025586236 0.999162197 -0.031941433 -1.802735567 -0.997601628 0.027575830 0.063486695 88.545372009
0.063912094 0.029022718 0.997533500 22.484325409 0.026466763 0.999176145 -0.030766243 -1.836275578 -0.997604609 0.028367819 0.063091338 88.603607178
0.064106822 0.028168188 0.997545421 23.302665710 0.023953142 0.999270141 -0.029756229 -1.877851844 -0.997655511 0.025801925 0.063385308 88.668365479
0.064130723 0.028431058 0.997536600 24.120113373 0.022081271 0.999308944 -0.029901166 -1.915106297 -0.997697353 0.023944460 0.063458622 88.730079651
0.064309716 0.028654493 0.997518599 24.933139801 0.019242942 0.999366224 -0.029948158 -1.954956055 -0.997744501 0.021121152 0.063717544 88.787826538
0.062810004 0.030287458 0.997565866 25.735618591 0.016396416 0.999373198 -0.031374704 -1.986789346 -0.997890830 0.018327150 0.062274039 88.848274231
0.060375631 0.030141765 0.997720540 26.559780121 0.013130499 0.999433517 -0.030988088 -2.021596193 -0.998089373 0.014971493 0.059945643 88.897201538
0.056533933 0.028859958 0.997983634 27.368015289 0.010696088 0.999507248 -0.029509937 -2.055818558 -0.998343527 0.012342835 0.056197345 88.948844910
0.051211953 0.026477979 0.998336732 28.177551270 0.008595253 0.999599755 -0.026952390 -2.089606047 -0.998650849 0.009961241 0.050963879 89.002250671
0.045529068 0.024370722 0.998665750 29.001052856 0.006665331 0.999672711 -0.024699168 -2.121343613 -0.998940825 0.007780969 0.045351744 89.036514282
0.038326085 0.024578253 0.998963118 29.806617737 0.006467873 0.999670446 -0.024843805 -2.152557373 -0.999244511 0.007413334 0.038154483 89.066390991
0.029448569 0.025379825 0.999244034 30.608924866 0.006299718 0.999653041 -0.025575873 -2.185181379 -0.999546468 0.007048131 0.029278517 89.093925476
0.019374251 0.026049439 0.999472976 31.412796021 0.007058356 0.999632061 -0.026190411 -2.212380171 -0.999787450 0.007562058 0.019183218 89.108360291
0.009334922 0.025076054 0.999642015 32.213798523 0.008619436 0.999646366 -0.025156654 -2.242519617 -0.999919355 0.008851187 0.009115517 89.110588074
-0.001482844 0.024082569 0.999708891 33.010215759 0.007448485 0.999682486 -0.024070887 -2.273495674 -0.999971211 0.007410623 -0.001661777 89.111579895
-0.012712479 0.023186460 0.999650419 33.799091339 0.009167574 0.999691784 -0.023070840 -2.303836823 -0.999877274 0.008871085 -0.012921095 89.100799561
-0.023912907 0.023859344 0.999429286 34.575454712 0.009367533 0.999676645 -0.023641117 -2.330203533 -0.999670148 0.008796857 -0.024128675 89.086410522
-0.035107255 0.024451708 0.999084413 35.349876404 0.009582290 0.999662936 -0.024129152 -2.359847307 -0.999337614 0.008726410 -0.035329700 89.060913086
-0.045148015 0.025230592 0.998661697 36.123077393 0.009091785 0.999650002 -0.024844535 -2.392430067 -0.998938978 0.007957935 -0.045361638 89.014511108
-0.055594563 0.026493911 0.998101950 36.888576508 0.009531754 0.999616444 -0.026003195 -2.418016911 -0.998408020 0.008068030 -0.055825830 88.972503662
-0.065288782 0.026926843 0.997503161 37.639682770 0.010695724 0.999597311 -0.026283318 -2.455694437 -0.997809172 0.008953014 -0.065550566 88.924697876
-0.075033545 0.027745727 0.996794939 38.423095703 0.011537413 0.999570072 -0.026954498 -2.479224920 -0.997114241 0.009477944 -0.075321436 88.869369507
-0.084508300 0.028133508 0.996025681 39.165157318 0.012235280 0.999555290 -0.027195100 -2.510273457 -0.996347785 0.009888440 -0.084814906 88.808181763
-0.093012929 0.027613793 0.995281875 39.894733429 0.013514490 0.999558270 -0.026469458 -2.538818598 -0.995573163 0.010988727 -0.093345046 88.735389709
-0.100515962 0.026568888 0.994580686 40.629226685 0.015406604 0.999565065 -0.025144994 -2.570201874 -0.994816184 0.012795639 -0.100881577 88.661865234
-0.104959726 0.024790153 0.994167447 41.361492157 0.018336792 0.999567568 -0.022988893 -2.605050087 -0.994307458 0.015816934 -0.105368853 88.560974121
-0.108396649 0.023321878 0.993834198 42.066326141 0.021709956 0.999541879 -0.021087935 -2.630450726 -0.993870735 0.019290237 -0.108853340 88.472747803
-0.111270308 0.021955740 0.993547678 42.771671295 0.022953667 0.999545991 -0.019517643 -2.658536911 -0.993525088 0.020633826 -0.111723781 88.394073486
-0.113142610 0.021240771 0.993351817 43.454700470 0.022997964 0.999559581 -0.018754054 -2.681621552 -0.993312716 0.020723188 -0.113581300 88.320617676
-0.114160061 0.021439938 0.993230999 44.125522614 0.023705622 0.999541223 -0.018851470 -2.712280750 -0.993179500 0.021393074 -0.114615917 88.249534607
-0.112878680 0.022413278 0.993356109 44.773529053 0.024366593 0.999507308 -0.019783212 -2.735847950 -0.993310094 0.021971602 -0.113369226 88.171707153
-0.109905481 0.024457764 0.993641078 45.406784058 0.026246082 0.999420047 -0.021696961 -2.750689745 -0.993595421 0.023694571 -0.110483646 88.104324341
-0.104986191 0.024746455 0.994165778 46.020889282 0.025602918 0.999426246 -0.022173671 -2.780888796 -0.994144082 0.023125617 -0.105559468 88.044494629
-0.096803427 0.025400393 0.994979501 46.615520477 0.025048755 0.999419868 -0.023076713 -2.805407286 -0.994988382 0.022689091 -0.097383499 87.990005493
-0.085986853 0.025365939 0.995973349 47.193206787 0.023276845 0.999454141 -0.023444997 -2.830720425 -0.996024370 0.021167157 -0.086530328 87.953437805
-0.072329521 0.025500314 0.997054875 47.757415771 0.022432687 0.999461830 -0.023934543 -2.859392405 -0.997128665 0.020635447 -0.072862625 87.923446655
-0.055830717 0.026522053 0.998087883 48.301780701 0.021344678 0.999450386 -0.025364287 -2.889383554 -0.998212039 0.019887760 -0.056366086 87.921173096
-0.033758879 0.029493291 0.998994648 48.839443207 0.019851424 0.999387085 -0.028834037 -2.905170679 -0.999232769 0.018858062 -0.034323692 87.899658203
-0.009269834 0.032409143 0.999431789 49.360305786 0.017609753 0.999324918 -0.032242350 -2.930987358 -0.999802053 0.017300868 -0.009834290 87.917198181
0.018623292 0.034164414 0.999242723 49.878047943 0.016015699 0.999277592 -0.034464099 -2.953988075 -0.999698341 0.016645405 0.018062651 87.955276489
0.051971495 0.033608772 0.998082817 50.391891479 0.012987616 0.999326289 -0.034326922 -2.979766607 -0.998564065 0.014746736 0.051499963 88.000823975
0.091099560 0.030973332 0.995360136 50.845596313 0.011406602 0.999418199 -0.032143593 -3.005108595 -0.995776594 0.014281945 0.090693235 88.038383484
0.132806301 0.027552675 0.990759015 51.379943848 0.009814460 0.999527991 -0.029112117 -3.023349524 -0.991093457 0.013590037 0.132473171 88.143333435
0.178521276 0.022913763 0.983669221 51.862136841 0.007066107 0.999673188 -0.024568954 -3.049515486 -0.983910680 0.011336793 0.178301036 88.253166199
0.226386964 0.020000665 0.973832071 52.342544556 0.001781054 0.999778986 -0.020947607 -3.066060066 -0.974035800 0.006476712 0.226301253 88.403656006
0.278447032 0.018388705 0.960275590 52.816890717 -0.002291722 0.999826550 -0.018481564 -3.085884571 -0.960448921 0.002945452 0.278440893 88.564636230
0.332778990 0.017893147 0.942835152 53.266029358 -0.003415672 0.999836266 -0.017769337 -3.105159760 -0.942998707 0.002692848 0.332785606 88.764533997
0.389213979 0.017841015 0.920974612 53.679687500 -0.001388375 0.999822617 -0.018781709 -3.134539127 -0.921146333 0.006031446 0.389169693 88.984130859
0.449852109 0.020779300 0.892861307 54.098396301 -0.000491599 0.999734938 -0.023018857 -3.153485298 -0.893102944 0.009916152 0.449743092 89.222351074
0.510076761 0.023866996 0.859797835 54.497970581 0.000381737 0.999608576 -0.027974453 -3.173470497 -0.860128939 0.014597338 0.509867966 89.489013672
0.568388939 0.029283125 0.822238803 54.862075806 -0.003725208 0.999447763 -0.033019107 -3.173540115 -0.822751641 0.015704688 0.568184137 89.784378052
0.623153210 0.031440951 0.781467557 55.168811798 -0.006930574 0.999374390 -0.034681506 -3.192154408 -0.782069087 0.016195877 0.622981310 90.106109619
0.676723719 0.032782841 0.735506833 55.492942810 -0.008972712 0.999301195 -0.036285032 -3.205777168 -0.736182392 0.017955454 0.676545024 90.442657471
0.725430250 0.030151442 0.687634945 55.785263062 -0.009279196 0.999377668 -0.034031529 -3.232500076 -0.688233137 0.018306799 0.725258589 90.807014465
0.769477427 0.028743617 0.638026893 56.027935028 -0.012659686 0.999476910 -0.029759310 -3.232369900 -0.638548553 0.014821898 0.769438803 91.195770264
0.811226547 0.024408270 0.584222317 56.268146515 -0.013542082 0.999644637 -0.022960264 -3.240704060 -0.584575176 0.010714388 0.811268806 91.589080811
0.848171473 0.022333549 0.529250801 56.490966797 -0.016135504 0.999736488 -0.016328722 -3.250212669 -0.529475987 0.005309827 0.848308325 92.010810852
0.879272759 0.018867293 0.475944787 56.677688599 -0.016952589 0.999821723 -0.008316048 -3.262194872 -0.476016819 -0.000756421 0.879435837 92.441566467
0.904742837 0.020656407 0.425457031 56.838153839 -0.021551110 0.999764085 -0.002710782 -3.269170523 -0.425412655 -0.006716510 0.904974580 92.884384155
0.924568057 0.021531127 0.380408049 56.938423157 -0.024078611 0.999708176 0.001938634 -3.294443607 -0.380255312 -0.010952096 0.924816728 93.260375977
0.939808905 0.027411491 0.340599179 57.065746307 -0.030728051 0.999518335 0.004345902 -3.295060635 -0.340315998 -0.014550266 0.940198541 93.726310730
0.951657891 0.031916544 0.305497199 57.174816132 -0.034667257 0.999392509 0.003581753 -3.295229435 -0.305197299 -0.013999354 0.952186227 94.186103821
0.960854471 0.034160350 0.274939567 57.280250549 -0.036682505 0.999318838 0.004035311 -3.295746803 -0.274614453 -0.013962817 0.961453021 94.648284912
0.967005968 0.028915640 0.253107399 57.394573212 -0.031032206 0.999508798 0.004373209 -3.300187349 -0.252856612 -0.012083399 0.967428327 95.118972778
0.971087158 0.025400238 0.237370029 57.502643585 -0.027456589 0.999608636 0.005360597 -3.310596704 -0.237140968 -0.011722978 0.971404493 95.605514526
0.973878145 0.030554680 0.225006223 57.596473694 -0.032614566 0.999453187 0.005442701 -3.316648006 -0.224716887 -0.012639008 0.974342108 96.103790283
0.975952804 0.034748483 0.215194434 57.692764282 -0.036869660 0.999302983 0.005849525 -3.305657387 -0.214841172 -0.013643005 0.976553679 96.629165649
0.977022350 0.042067148 0.208944097 57.786716461 -0.043875914 0.999028862 0.004027160 -3.298253775 -0.208571777 -0.013102238 0.977919281 97.103744507
0.977294505 0.048075799 0.206359297 57.876502991 -0.049258713 0.998785853 0.000595286 -3.303300858 -0.206080139 -0.010746762 0.978476107 97.621856689
0.977360070 0.049639285 0.205677629 57.980865479 -0.050365090 0.998729408 -0.001708432 -3.311850548 -0.205501109 -0.008689218 0.978618324 98.162933350
0.976866305 0.048108719 0.208369240 58.092647552 -0.047945432 0.998832881 -0.005837200 -3.314748526 -0.208406880 -0.004288188 0.978032827 98.702514648
0.976073146 0.047366157 0.212220877 58.214233398 -0.045845617 0.998875439 -0.012082775 -3.324133873 -0.212554544 0.002064276 0.977147043 99.254737854
0.975397348 0.046739709 0.215442479 58.359664917 -0.044121794 0.998882413 -0.016947415 -3.325534344 -0.215993807 0.007024755 0.976369441 99.798561096
0.974193990 0.051267076 0.219813094 58.481418610 -0.048787743 0.998669624 -0.016696667 -3.333054304 -0.220376641 0.005541610 0.975399137 100.374198914
0.972662330 0.054659478 0.225699738 58.604839325 -0.053143516 0.998504937 -0.012791617 -3.344042063 -0.226061493 0.000447447 0.974112928 100.966873169
0.971714497 0.051119860 0.230559498 58.747039795 -0.050564934 0.998686135 -0.008318964 -3.355751514 -0.230681837 -0.003574565 0.973022699 101.565773010
0.970938087 0.047398783 0.234590262 58.902431488 -0.048115056 0.998838246 -0.002672648 -3.364264727 -0.234444395 -0.008692346 0.972090662 102.202919006
0.970240057 0.044935379 0.237939119 59.064388275 -0.046833333 0.998899996 0.002326755 -3.379645348 -0.237572834 -0.013400991 0.971277297 102.818374634
0.969676733 0.040156864 0.241069332 59.222301483 -0.042127334 0.999107659 0.003023465 -3.385800600 -0.240732804 -0.013087393 0.970503211 103.454559326
0.969747186 0.036720369 0.241333872 59.383209229 -0.037743051 0.999287426 -0.000385308 -3.389323235 -0.241176039 -0.008735024 0.970442057 104.094757080
0.969918728 0.035996038 0.240752876 59.546802521 -0.035350483 0.999350429 -0.007001201 -3.400476217 -0.240848511 -0.001720134 0.970561206 104.740242004
0.970009744 0.038393229 0.240014598 59.704017639 -0.036131516 0.999251485 -0.013818194 -3.408245802 -0.240365475 0.004731691 0.970670938 105.395149231
0.970625162 0.040968675 0.237083033 59.863655090 -0.037830461 0.999126077 -0.017773001 -3.414288759 -0.237603977 0.008281961 0.971326828 106.070877075
0.971253574 0.039628178 0.234725595 60.025451660 -0.037542634 0.999205887 -0.013348747 -3.422713995 -0.235068172 0.004152801 0.971970022 106.764495850
0.971650839 0.035421178 0.233751923 60.190608978 -0.035058994 0.999368966 -0.005705735 -3.436365843 -0.233806521 -0.002651125 0.972279549 107.462959290
0.972238004 0.035972498 0.231212631 60.363162994 -0.037066944 0.999312699 0.000389755 -3.452097178 -0.231039703 -0.008949280 0.972903192 108.192413330
0.972539663 0.039067719 0.229434907 60.525794983 -0.040043097 0.999197900 -0.000404822 -3.460739851 -0.229266688 -0.008793578 0.973323941 108.920280457
0.972818196 0.044854201 0.227184519 60.684162140 -0.044900484 0.998979092 -0.004966884 -3.467746735 -0.227175385 -0.005368819 0.973839045 109.654533386
0.973683834 0.045620173 0.223290384 60.847740173 -0.044461843 0.998958886 -0.010214942 -3.475495815 -0.223523915 0.000018221 0.974698424 110.386360168
0.974658310 0.044026203 0.219323605 61.015987396 -0.042145923 0.999023616 -0.013246835 -3.484081984 -0.219692677 0.003667543 0.975562215 111.143058777
0.975592017 0.041996218 0.215537891 61.182514191 -0.040418398 0.999114037 -0.011724829 -3.493736744 -0.215839341 0.002726954 0.976425111 111.920166016
0.976432502 0.038714424 0.212322280 61.348022461 -0.037607595 0.999249756 -0.009250557 -3.515338182 -0.212521121 0.001047614 0.977155924 112.693191528
0.976879954 0.037485261 0.210476696 61.515743256 -0.036989365 0.999295831 -0.006293783 -3.529536724 -0.210564405 -0.001637127 0.977578640 113.485084534
0.977249622 0.034401014 0.209283993 61.687320709 -0.034278728 0.999403417 -0.004212545 -3.535758734 -0.209304050 -0.003057281 0.977845848 114.285293579
0.977484643 0.029273277 0.208966210 61.859169006 -0.029295795 0.999566317 -0.002988015 -3.548624277 -0.208963066 -0.003201093 0.977918267 115.064483643
0.977587342 0.030121136 0.208364382 62.023246765 -0.030482180 0.999534190 -0.001478722 -3.556124210 -0.208311871 -0.004905820 0.978050172 115.867218018
0.977330923 0.035385143 0.208739519 62.186912537 -0.035494909 0.999364674 -0.003221205 -3.569576025 -0.208720878 -0.004261006 0.977965951 116.678459167
0.977031648 0.041130122 0.209087327 62.354232788 -0.040639386 0.999151766 -0.006644449 -3.577683210 -0.209183261 -0.002005344 0.977874398 117.501831055
0.976372004 0.049934570 0.210247934 62.515106201 -0.049292535 0.998749912 -0.008296385 -3.585062265 -0.210399389 -0.002263293 0.977612913 118.332954407
0.975418687 0.055884581 0.213155493 62.682720184 -0.055499677 0.998428285 -0.007793945 -3.600059032 -0.213256031 -0.004227700 0.976987183 119.162216187
0.974641860 0.058403209 0.216014668 62.853919983 -0.058468476 0.998270631 -0.006093960 -3.612166643 -0.215997010 -0.006690620 0.976371109 119.993270874
0.974056900 0.058843113 0.218519315 63.039310455 -0.058832880 0.998246312 -0.006559368 -3.634395123 -0.218522072 -0.006466921 0.975810587 120.833099365
0.973779023 0.057276066 0.220167890 63.225185394 -0.056559075 0.998353422 -0.009564145 -3.642590761 -0.220353171 -0.003139127 0.975415111 121.668678284
0.973744750 0.051335186 0.221778736 63.416999817 -0.050752997 0.998676538 -0.008327128 -3.657178402 -0.221912697 -0.003147437 0.975061476 122.509605408
0.973983526 0.044797178 0.222146943 63.613258362 -0.043715008 0.998996079 -0.009788613 -3.680101395 -0.222362429 -0.000177207 0.974964082 123.333679199
0.973837852 0.043761853 0.222990409 63.807968140 -0.042721763 0.999041975 -0.009488543 -3.703412056 -0.223192006 -0.000286241 0.974774480 124.167984009
0.973258376 0.046137210 0.225032300 63.993885040 -0.045798827 0.998928010 -0.006726417 -3.717070580 -0.225101411 -0.003759673 0.974328101 125.011871338
0.972801208 0.048197038 0.226572007 64.177307129 -0.049248073 0.998786092 -0.001014891 -3.730328083 -0.226345882 -0.010170947 0.973993897 125.855636597
0.972379863 0.052126382 0.227508783 64.364135742 -0.054254450 0.998522341 0.003105720 -3.748540163 -0.227010697 -0.015363300 0.973771095 126.703636169
0.972245574 0.051146533 0.228303611 64.553131104 -0.051765379 0.998653889 -0.003280819 -3.762702465 -0.228164092 -0.008628461 0.973584473 127.511642456
0.972578764 0.046960827 0.227783322 64.746398926 -0.044113353 0.998871863 -0.017578725 -3.780417919 -0.228351861 0.007048409 0.973553181 128.319412231
0.972789228 0.044763241 0.227326557 64.941055298 -0.039735861 0.998854876 -0.026646078 -3.799741745 -0.228259012 0.016888002 0.973453939 129.138442993
0.973132551 0.041801266 0.226419404 65.136558533 -0.038870897 0.999092937 -0.017387278 -3.819470406 -0.226940840 0.008119002 0.973874688 129.954299927
0.973528028 0.035022169 0.225868732 65.326164246 -0.036767110 0.999317646 0.003522116 -3.839891434 -0.225591272 -0.011733417 0.974151373 130.795501709
0.973849058 0.031623174 0.224984542 65.518447876 -0.036740769 0.999151826 0.018595094 -3.854641199 -0.224205688 -0.026374917 0.974184871 131.624923706
0.973807275 0.036478989 0.224429697 65.693405151 -0.040393688 0.999100864 0.012874741 -3.864102125 -0.223758250 -0.021603059 0.974405229 132.436233521
0.973998964 0.044657610 0.222107455 65.866554260 -0.045086291 0.998978138 -0.003142510 -3.867113113 -0.222020820 -0.006953200 0.975017130 133.227279663
0.974289179 0.044573415 0.220847815 66.043769836 -0.043187562 0.999005318 -0.011102227 -3.870394230 -0.221123010 0.001278902 0.975245118 134.027038574
0.974905968 0.040668674 0.218870834 66.224884033 -0.039006934 0.999167979 -0.011909964 -3.888509512 -0.219173089 0.003073616 0.975681186 134.833023071
0.975517333 0.040335931 0.216192037 66.396888733 -0.039133955 0.999185503 -0.009839538 -3.918198109 -0.216412842 0.001138190 0.976301253 135.649627686
0.976314187 0.039994903 0.212628886 66.565689087 -0.038509883 0.999196291 -0.011122731 -3.932796001 -0.212902844 0.002670967 0.977069736 136.463500977
0.977415502 0.040613379 0.207387254 66.735275269 -0.038813766 0.999165237 -0.012740885 -3.948364973 -0.207731575 0.004403658 0.978175938 137.264511108
0.977707744 0.045787457 0.204917282 66.888504028 -0.044146780 0.998945951 -0.012573586 -3.973834753 -0.205276996 0.003246854 0.978698552 138.075958252
0.977866471 0.051578585 0.202772692 67.042282104 -0.050051384 0.998666465 -0.012655706 -3.990804195 -0.203155041 0.002226538 0.979144037 138.875732422
0.978175461 0.053091384 0.200883135 67.197235107 -0.051979899 0.998589635 -0.010807488 -4.008752346 -0.201173604 0.000129735 0.979555607 139.680801392
0.978516102 0.051188353 0.199714765 67.357032776 -0.051044453 0.998679101 -0.005872970 -4.028429985 -0.199751586 -0.004447535 0.979836464 140.482635498
0.978793859 0.050291412 0.198578402 67.509582520 -0.050099213 0.998726249 -0.005995377 -4.045711517 -0.198626980 -0.004080384 0.980066657 141.272644043
0.979438901 0.048205499 0.195897132 67.668220520 -0.047390763 0.998837233 -0.008846939 -4.063379765 -0.196095824 -0.000618679 0.980584562 142.065963745
0.980601251 0.043882657 0.191037893 67.824440002 -0.042259600 0.999027669 -0.012563846 -4.081223011 -0.191403478 0.004246938 0.981502235 142.847839355
0.982026279 0.040711351 0.184301227 67.974830627 -0.038860112 0.999151468 -0.013646962 -4.094821930 -0.184700429 0.006239709 0.982775033 143.632827759
0.983197570 0.039238900 0.178277537 68.116867065 -0.038354412 0.999228835 -0.008406428 -4.104263783 -0.178469911 0.001427450 0.983944356 144.432449341
0.984426439 0.036721308 0.171918869 68.256416321 -0.037260745 0.999305546 -0.000089243 -4.114919186 -0.171802759 -0.006317971 0.985111117 145.226837158
0.984986365 0.033775609 0.169295833 68.373687744 -0.035851572 0.999314606 0.009219663 -4.121801376 -0.168868393 -0.015150764 0.985522151 146.023834229
0.985445440 0.040381651 0.165125906 68.504470825 -0.042936515 0.999006569 0.011930659 -4.129684925 -0.164480090 -0.018846946 0.986200333 146.828125000
0.986103058 0.043317217 0.160388052 68.623306274 -0.045143768 0.998950362 0.007760294 -4.141605377 -0.159883544 -0.014892971 0.987023532 147.615341187
0.987348795 0.043979008 0.152342215 68.744247437 -0.044078171 0.999024332 -0.002727859 -4.143297672 -0.152313545 -0.004021617 0.988324046 148.389312744
0.988455296 0.040540941 0.145988315 68.859634399 -0.039789744 0.999175549 -0.008063228 -4.146326065 -0.146194845 0.002161303 0.989253461 149.191299438
0.989405632 0.039805923 0.139613852 68.966461182 -0.039269257 0.999206901 -0.006597701 -4.159231663 -0.139765739 0.001045270 0.990184069 149.987884521
0.990179002 0.046364032 0.131893650 69.059257507 -0.046372812 0.998919666 -0.003006660 -4.174042702 -0.131890565 -0.003139147 0.991259336 150.802230835
0.990935504 0.051924076 0.123898178 69.140357971 -0.051811188 0.998648345 -0.004135222 -4.189094067 -0.123945422 -0.002321573 0.992286325 151.618515015
0.992015064 0.054443259 0.113763124 69.220703125 -0.053616911 0.998508334 -0.010313231 -4.196029186 -0.114154913 0.004131254 0.993454397 152.429229736
0.993035257 0.053104691 0.105170406 69.314552307 -0.052066293 0.998564184 -0.012596454 -4.208695412 -0.105688334 0.007032889 0.994374454 153.236236572
0.993862748 0.053098664 0.097043060 69.385856628 -0.052396595 0.998578548 -0.009770539 -4.220368862 -0.097423919 0.004625849 0.995232224 154.059967041
0.994413078 0.055825938 0.089588493 69.443176270 -0.055806939 0.998437881 -0.002718883 -4.233029366 -0.089600332 -0.002295967 0.995975137 154.888153076
0.994890213 0.059389569 0.081647851 69.491729736 -0.059847381 0.998202503 0.003169149 -4.242414474 -0.081312872 -0.008039365 0.996656179 155.717346191
0.995535910 0.058157939 0.074336834 69.552169800 -0.058834575 0.998243570 0.006943238 -4.255105019 -0.073802464 -0.011285817 0.997209013 156.542007446
0.995939136 0.058841217 0.068139322 69.600227356 -0.059580449 0.998184144 0.008866068 -4.255867004 -0.067493901 -0.012889834 0.997636437 157.363021851
0.996239245 0.058440022 0.063970141 69.644485474 -0.059020966 0.998230577 0.007228146 -4.262073994 -0.063434541 -0.010976542 0.997925639 158.176391602
0.996212482 0.063758522 0.059123121 69.686889648 -0.063978791 0.997949541 0.001838217 -4.271374702 -0.058884691 -0.005613881 0.998248994 158.979980469
0.996041179 0.069555782 0.055352878 69.713127136 -0.069400631 0.997577667 -0.004722514 -4.279472828 -0.055547275 0.000862294 0.998455703 159.823608398
0.996126831 0.070807658 0.052130643 69.746826172 -0.070543945 0.997484922 -0.006883867 -4.286189556 -0.052486964 0.003179703 0.998616576 160.639602661
0.996127784 0.072679728 0.049467735 69.774124146 -0.072736546 0.997350991 -0.000652992 -4.297303200 -0.049384154 -0.002947649 0.998775482 161.464904785
0.996021211 0.075170502 0.047865570 69.797233582 -0.075705446 0.997085333 0.009460367 -4.300437450 -0.047014918 -0.013046411 0.998808980 162.308074951
0.996129274 0.075616546 0.044817824 69.830848694 -0.076441146 0.996929526 0.016977375 -4.306178570 -0.043396443 -0.020337587 0.998850882 163.139785767
0.996610940 0.072116531 0.039570868 69.862457275 -0.072707929 0.997258961 0.013713624 -4.306077480 -0.038473424 -0.016544264 0.999122679 163.950683594
0.997652471 0.059825201 0.033324126 69.902442932 -0.059998952 0.998189449 0.004237749 -4.314253807 -0.033010267 -0.006227213 0.999435604 164.758514404
0.997984648 0.057841960 0.026095254 69.920433044 -0.057854623 0.998324990 -0.000270196 -4.312247276 -0.026067173 -0.001240080 0.999659419 165.577072144
0.997878313 0.062031325 0.019772336 69.919624329 -0.062063221 0.998071730 0.001002969 -4.315560818 -0.019671993 -0.002227976 0.999804020 166.407653809
0.998106182 0.060161617 0.012830770 69.919342041 -0.060258437 0.998156130 0.007297460 -4.321313858 -0.012368085 -0.008056802 0.999891043 167.239059448
0.998511851 0.054302592 0.005026531 69.930763245 -0.054356102 0.998458743 0.011203797 -4.324836731 -0.004410388 -0.011460346 0.999924600 168.075866699
0.998980522 0.045138024 -0.000703721 69.936637878 -0.045121834 0.998862565 0.015415655 -4.319854259 0.001398753 -0.015368185 0.999880910 168.913467407
0.999111712 0.041553069 -0.007008579 69.936836243 -0.041440640 0.999020875 0.015489265 -4.323225498 0.007645343 -0.015185066 0.999855459 169.743240356
0.999165058 0.038510349 -0.013643779 69.926010132 -0.038389295 0.999222100 0.009026157 -4.330346107 0.013980766 -0.008494846 0.999866188 170.567596436
0.999333739 0.029591549 -0.021364741 69.915359497 -0.029617408 0.999560893 -0.000894909 -4.334177494 0.021328878 0.001527081 0.999771357 171.390136719
0.999426007 0.018839033 -0.028155331 69.903060913 -0.018993102 0.999805987 -0.005214701 -4.332150459 0.028051628 0.005746465 0.999589980 172.236389160
0.999157190 0.022791056 -0.034138970 69.871940613 -0.022717448 0.999738693 0.002542502 -4.339144230 0.034187995 -0.001764809 0.999413848 173.066467285
0.998670518 0.033589046 -0.039102364 69.821571350 -0.032990288 0.999329865 0.015858673 -4.341401100 0.039608836 -0.014547591 0.999109328 173.910430908
0.998303175 0.038455188 -0.043726284 69.771438599 -0.037450191 0.999020338 0.023575591 -4.342781067 0.044590052 -0.021898029 0.998765349 174.751235962
0.998152852 0.038482465 -0.047010709 69.719795227 -0.037532367 0.999076247 0.020928724 -4.342081070 0.047772668 -0.019125640 0.998675108 175.592956543
0.997982740 0.039817449 -0.049446885 69.669746399 -0.039371960 0.999175072 0.009951374 -4.336244106 0.049802333 -0.007984479 0.998727202 176.424713135
0.997357666 0.050257318 -0.052458741 69.606826782 -0.050290376 0.998734415 0.000690426 -4.332663536 0.052427046 0.001949568 0.998622835 177.257629395
0.997314632 0.048850190 -0.054563623 69.550346375 -0.049063835 0.998792291 -0.002582080 -4.339907169 0.054371592 0.005252247 0.998506963 178.095703125
0.997438550 0.043638319 -0.056674898 69.502983093 -0.043577354 0.999047399 0.002311723 -4.346359730 0.056721788 0.000163940 0.998390019 178.955688477
0.997456789 0.043989155 -0.056079634 69.450164795 -0.043445025 0.998996496 0.010885915 -4.347000599 0.056502223 -0.008421849 0.998366952 179.819595337
0.997389376 0.045688473 -0.055919994 69.393188477 -0.044821560 0.998856068 0.016660606 -4.352240562 0.056617223 -0.014110691 0.998296261 180.671264648
0.997287273 0.044984378 -0.058261972 69.354293823 -0.044139411 0.998901844 0.015710175 -4.349373817 0.058904704 -0.013095910 0.998177707 181.513732910
0.997273505 0.041816175 -0.060802821 69.301994324 -0.041484151 0.999116600 0.006713335 -4.351054668 0.061029833 -0.004172678 0.998127222 182.358032227
0.997483194 0.031087907 -0.063724183 69.263290405 -0.031456046 0.999493718 -0.004781706 -4.361347198 0.063543268 0.006774182 0.997956097 183.202148438
0.997668982 0.020578956 -0.065062769 69.210357666 -0.021206813 0.999734819 -0.008974123 -4.367286682 0.064860843 0.010332977 0.997840822 184.054199219
0.997532308 0.023237770 -0.066252135 69.155906677 -0.023554610 0.999714553 -0.004005119 -4.382510662 0.066140145 0.005555778 0.997794867 184.904525757
0.997328281 0.028942617 -0.067071654 69.087341309 -0.028565552 0.999570310 0.006574263 -4.389986038 0.067233108 -0.004640759 0.997726500 185.766235352
0.997171581 0.030273190 -0.068791963 69.025756836 -0.029634126 0.999507844 0.010291646 -4.401261330 0.069069669 -0.008223947 0.997577965 186.613204956
0.997152925 0.028608045 -0.069768794 68.964088440 -0.028241834 0.999581695 0.006229897 -4.404415607 0.069917835 -0.004241761 0.997543752 187.454315186
0.997143567 0.028997840 -0.069741234 68.900382996 -0.029077519 0.999577165 -0.000127349 -4.409375668 0.069708049 0.002154887 0.997565091 188.289459229
0.996927500 0.035519365 -0.069813944 68.828941345 -0.035599697 0.999366105 0.000093612 -4.419836044 0.069773011 0.002392030 0.997560024 189.122360229
0.996802270 0.038147680 -0.070214301 68.761650085 -0.038028818 0.999272048 0.003029270 -4.427785873 0.070278749 -0.000349416 0.997527361 189.960159302
0.996605396 0.042151343 -0.070717238 68.689216614 -0.041804951 0.999105453 0.006371809 -4.437547684 0.070922561 -0.003393849 0.997476041 190.796401978
0.996454775 0.045869656 -0.070525259 68.617660522 -0.045343686 0.998930514 0.009041712 -4.440172195 0.070864581 -0.005811782 0.997469008 191.621871948
0.996283412 0.048696879 -0.071049072 68.553222656 -0.048172105 0.998797774 0.009081993 -4.450233936 0.071405917 -0.005625656 0.997431457 192.444808960
0.996351004 0.046450563 -0.071603432 68.491592407 -0.046174165 0.998918176 0.005511439 -4.460199833 0.071781985 -0.002185100 0.997417927 193.261123657
0.996170402 0.048589326 -0.072688237 68.423645020 -0.048701722 0.998813331 0.000226341 -4.466765404 0.072612979 0.003314567 0.997354686 194.067199707
0.996039033 0.049432367 -0.073909804 68.359054565 -0.049558904 0.998771191 0.000122038 -4.463054180 0.073825017 0.003541334 0.997264922 194.871841431
0.995888948 0.049721841 -0.075716138 68.294448853 -0.049109366 0.998744011 0.009930747 -4.467103958 0.076114818 -0.006171549 0.997079968 195.673797607
0.995895386 0.048249546 -0.076579399 68.228149414 -0.046901949 0.998713017 0.019300442 -4.476154804 0.077412084 -0.015629498 0.996876657 196.457015991
0.996123552 0.042046152 -0.077265337 68.171852112 -0.040544003 0.998958945 0.020909024 -4.479772568 0.078064047 -0.017695326 0.996791303 197.229476929
0.996100426 0.040226482 -0.078522310 68.116455078 -0.039258622 0.999133348 0.013831570 -4.473100185 0.079010651 -0.010694955 0.996816397 197.993606567
0.996059000 0.041758891 -0.078247748 68.055175781 -0.041195530 0.999112368 0.008800807 -4.470262051 0.078545801 -0.005542665 0.996895075 198.730484009
0.996150374 0.040834133 -0.077569135 67.995101929 -0.040761847 0.999165714 0.002515654 -4.474622250 0.077607147 0.000655891 0.996983826 199.446426392
0.996284187 0.037705656 -0.077434346 67.946090698 -0.037854880 0.999283135 -0.000459666 -4.494321346 0.077361502 0.003389225 0.996997356 200.134017944
0.996607006 0.034508031 -0.074723788 67.898750305 -0.035012983 0.999371946 -0.005457750 -4.502676964 0.074488528 0.008055534 0.997189343 200.808547974
0.996989608 0.032521542 -0.070385166 67.856040955 -0.033083126 0.999429286 -0.006827442 -4.509187222 0.070122957 0.009135449 0.997496545 201.486312866
0.997240663 0.035078440 -0.065426379 67.808425903 -0.035271939 0.999376118 -0.001804424 -4.525571823 0.065322265 0.004107160 0.997855783 202.165924072
0.997525632 0.038641207 -0.058732565 67.761978149 -0.038291600 0.999241590 0.007066777 -4.531227589 0.058961090 -0.004800327 0.998248756 202.845321655
0.997610807 0.044829313 -0.052564561 67.713096619 -0.044288803 0.998953700 0.011403481 -4.538686752 0.053020772 -0.009048215 0.998552442 203.509902954
0.997858763 0.045928031 -0.046567060 67.679054260 -0.045544457 0.998919368 0.009265378 -4.539414406 0.046942279 -0.007124668 0.998872221 204.177658081
0.998219728 0.044174381 -0.040074393 67.658988953 -0.044164248 0.999023616 0.001138471 -4.547951221 0.040085558 0.000633411 0.999196053 204.823577881
0.998467922 0.044820759 -0.032447945 67.631713867 -0.045097295 0.998951852 -0.007841034 -4.559206963 0.032062493 0.009292335 0.999442697 205.466918945
0.998515666 0.047636233 -0.026405146 67.626136780 -0.047999475 0.998758852 -0.013297449 -4.568181038 0.025738934 0.014545144 0.999562860 206.113327026
0.998703957 0.047237080 -0.018950393 67.614135742 -0.047474675 0.998796821 -0.012290004 -4.579403400 0.018347049 0.013173739 0.999744892 206.755905151
0.998963833 0.043765001 -0.012487106 67.604866028 -0.043855608 0.999012828 -0.007076765 -4.591852188 0.012165065 0.007617062 0.999897003 207.407119751
0.999328852 0.036023170 -0.006649655 67.618621826 -0.036033280 0.999349594 -0.001406702 -4.608675003 0.006594656 0.001645366 0.999976873 208.063674927
0.999537706 0.030386511 -0.001020369 67.628601074 -0.030386629 0.999538243 -0.000100619 -4.622076988 0.001016841 0.000131578 0.999999464 208.700805664
0.999498308 0.031523589 0.003069821 67.628616333 -0.031527728 0.999502003 0.001309619 -4.638877392 -0.003027009 -0.001405746 0.999994457 209.339187622
0.999374032 0.035160575 0.003905256 67.624526978 -0.035172138 0.999376953 0.002933506 -4.643870354 -0.003799679 -0.003069026 0.999988079 209.982482910
0.999361634 0.035501502 0.003995145 67.619445801 -0.035519455 0.999358773 0.004516197 -4.642664909 -0.003832251 -0.004655220 0.999981821 210.628005981
0.999380469 0.035048440 0.003207987 67.623062134 -0.035071198 0.999357879 0.007335936 -4.649157524 -0.002948814 -0.007443899 0.999967933 211.273040771
0.999317825 0.036806222 0.003036223 67.623756409 -0.036832992 0.999278247 0.009291063 -4.656593800 -0.002692062 -0.009396558 0.999952257 211.928985596
0.998955965 0.045592424 0.002881376 67.601272583 -0.045604937 0.998949707 0.004436675 -4.659812450 -0.002676071 -0.004563448 0.999985993 212.586959839
0.998736978 0.050196420 0.002187996 67.592483521 -0.050186746 0.998730719 -0.004273286 -4.670791149 -0.002399723 0.004158080 0.999988496 213.235977173
0.998839676 0.048157841 -0.000422944 67.591102600 -0.048159327 0.998758912 -0.012701916 -4.680397511 -0.000189278 0.012707545 0.999919236 213.886428833
0.999093056 0.042384747 -0.004074653 67.590293884 -0.042447731 0.998956323 -0.016865408 -4.687852383 0.003355564 0.017023072 0.999849439 214.538009644
0.998983383 0.044370309 -0.007969609 67.580909729 -0.044458617 0.998947680 -0.011268225 -4.691589832 0.007461247 0.011611087 0.999904752 215.207504272
0.998603761 0.051681750 -0.010931489 67.548591614 -0.051672347 0.998663425 0.001141030 -4.698874950 0.010975849 -0.000574581 0.999939620 215.887603760
0.998804271 0.046531998 -0.014991781 67.539779663 -0.046298720 0.998806596 0.015548945 -4.705695152 0.015697414 -0.014836254 0.999766707 216.568771362
0.999037564 0.039493434 -0.019084647 67.545104980 -0.039001748 0.998914123 0.025483251 -4.710502625 0.020070344 -0.024714390 0.999493062 217.265930176
0.999041080 0.037930112 -0.021869710 67.529312134 -0.037414636 0.999023080 0.023516577 -4.704147816 0.022740331 -0.022675777 0.999484181 217.947189331
0.998794019 0.042646419 -0.024327263 67.491523743 -0.042234533 0.998959661 0.017200911 -4.697755337 0.025035510 -0.016152715 0.999556065 218.631713867
0.998744309 0.041237079 -0.028448118 67.468223572 -0.040998481 0.999119401 0.008920209 -4.696300507 0.028790908 -0.007742679 0.999555469 219.313980103
0.998978734 0.032904286 -0.030964971 67.457344055 -0.032794941 0.999453962 0.004032571 -4.686484814 0.031080751 -0.003012959 0.999512315 220.010711670
0.999173641 0.025267443 -0.031836908 67.442321777 -0.025002530 0.999649584 0.008691784 -4.680680752 0.032045372 -0.007888598 0.999455273 220.717910767
0.999270499 0.018251564 -0.033546325 67.429130554 -0.017834619 0.999760449 0.012686442 -4.683631420 0.033769839 -0.012078901 0.999356627 221.421234131
0.999291539 0.015128647 -0.034460429 67.399047852 -0.014581932 0.999764681 0.016061459 -4.694458961 0.034695305 -0.015547580 0.999276996 222.118164062
0.999291599 0.012359029 -0.035545692 67.394783020 -0.011903795 0.999844790 0.012990251 -4.698040485 0.035700720 -0.012557920 0.999283612 222.795578003
0.999303937 0.006093692 -0.036803242 67.377754211 -0.005801455 0.999950826 0.008042109 -4.695467949 0.036850441 -0.007822999 0.999290168 223.489608765
0.999289572 -0.001785755 -0.037645478 67.359214783 0.002034683 0.999976337 0.006575144 -4.691913605 0.037632845 -0.006647069 0.999269545 224.190826416
0.999246180 -0.003136340 -0.038694773 67.333625793 0.003536849 0.999940813 0.010286370 -4.700236320 0.038660221 -0.010415473 0.999198139 224.892028809
0.999224007 -0.004253965 -0.039157718 67.301780701 0.004830289 0.999881208 0.014635209 -4.699961185 0.039090812 -0.014812995 0.999125838 225.592468262
0.999181688 -0.006241934 -0.039963018 67.285263062 0.006952891 0.999819577 0.017676171 -4.701377869 0.039845478 -0.017939564 0.999044776 226.267150879
0.999155939 -0.007856894 -0.040320262 67.254409790 0.008482875 0.999845743 0.015377672 -4.703281403 0.040193222 -0.015706724 0.999068439 226.960479736
0.999143958 -0.010662860 -0.039970070 67.227714539 0.010995348 0.999906659 0.008107834 -4.706257343 0.039879888 -0.008540378 0.999167979 227.637451172
0.999119520 -0.012318947 -0.040105864 67.200218201 0.012266949 0.999923587 -0.001542373 -4.708797932 0.040121797 0.001049039 0.999194264 228.302398682
0.999130487 -0.011000357 -0.040215600 67.173095703 0.010733943 0.999919057 -0.006834605 -4.711912155 0.040287524 0.006396990 0.999167621 228.997085571
0.999172688 -0.007511573 -0.039968349 67.138481140 0.007292191 0.999957561 -0.005631858 -4.718564510 0.040008955 0.005335742 0.999185085 229.658020020
0.999142349 -0.009592311 -0.040281530 67.119232178 0.009633068 0.999953270 0.000817834 -4.731328487 0.040271804 -0.001205167 0.999188006 230.334579468
0.999089777 -0.011905715 -0.040961239 67.096878052 0.012272532 0.999886692 0.008715438 -4.741284847 0.040852837 -0.009210203 0.999122739 230.986755371
0.999072313 -0.011639703 -0.041460574 67.075859070 0.012203746 0.999836028 0.013377304 -4.746982574 0.041298069 -0.013870869 0.999050558 231.621078491
0.999060333 -0.010539982 -0.042039443 67.044166565 0.011247483 0.999798477 0.016628593 -4.752195358 0.041855708 -0.017085807 0.998977542 232.240097046
0.998927295 -0.012327417 -0.044634905 67.015121460 0.013192715 0.999729693 0.019143736 -4.749031067 0.044386849 -0.019712057 0.998819947 232.839843750
0.998586595 -0.018844407 -0.049696613 66.992156982 0.019801278 0.999626577 0.018832650 -4.753737926 0.049323164 -0.019790089 0.998586774 233.416305542
0.998076618 -0.023120640 -0.057519142 66.954055786 0.024107920 0.999572694 0.016530022 -4.751537323 0.057112377 -0.017884895 0.998207569 233.969161987
0.997337759 -0.025721202 -0.068233594 66.918182373 0.026657127 0.999562144 0.012841467 -4.762361050 0.067873418 -0.014626191 0.997586727 234.489547729
0.996201396 -0.027291365 -0.082692191 66.858764648 0.028159883 0.999559641 0.009354763 -4.762695789 0.082400471 -0.011647830 0.996531248 235.034500122
0.994435728 -0.028192673 -0.101502299 66.802368164 0.029048616 0.999553740 0.006964279 -4.768900394 0.101260662 -0.009874029 0.994810939 235.521911621
0.991846442 -0.031779978 -0.123412468 66.726310730 0.032945246 0.999429643 0.007412290 -4.767142296 0.123106524 -0.011417707 0.992327750 236.031097412
0.988509834 -0.029332882 -0.148283333 66.635269165 0.031132096 0.999466956 0.009826696 -4.772934437 0.147916049 -0.014330156 0.988896072 236.527862549
0.983892202 -0.029412121 -0.176326737 66.529876709 0.032133631 0.999404192 0.012598392 -4.779542446 0.175851136 -0.018061478 0.984251082 237.001571655
0.977654278 -0.030818267 -0.207947925 66.404472351 0.034049910 0.999348342 0.011978260 -4.787879944 0.207443267 -0.018791204 0.978066564 237.477005005
0.969400406 -0.028848374 -0.243784010 66.281959534 0.031877689 0.999455750 0.008489361 -4.792543888 0.243406430 -0.016000861 0.969792366 237.907897949
0.958738863 -0.024761511 -0.283207774 66.113716125 0.027122788 0.999622345 0.004419058 -4.800148010 0.282991409 -0.011918106 0.959048390 238.345489502
0.945334554 -0.020497946 -0.325457186 65.920043945 0.021938829 0.999759018 0.000757483 -4.803198814 0.325363249 -0.007856224 0.945556462 238.770111084
0.928781867 -0.014536208 -0.370341569 65.748680115 0.015574289 0.999878705 -0.000187198 -4.809346676 0.370299369 -0.005593940 0.928895593 239.147308350
0.908847451 -0.006652253 -0.417075604 65.532951355 0.006169886 0.999977827 -0.002504629 -4.792661667 0.417083025 -0.000296983 0.908868313 239.536071777
0.885821939 0.006358122 -0.463981837 65.281478882 -0.008378027 0.999962270 -0.002292240 -4.804838181 0.463949740 0.005917768 0.885841787 239.887481689
0.858490467 0.018497353 -0.512495875 65.021560669 -0.021548210 0.999767840 -0.000011464 -4.814552784 0.512376666 0.011053209 0.858689725 240.240676880
0.827249289 0.027508004 -0.561161220 64.745223999 -0.031254403 0.999507189 0.002921201 -4.815457344 0.560965061 0.015122198 0.827701330 240.564117432
0.792484879 0.034147926 -0.608934939 64.450057983 -0.037659451 0.999265909 0.007025897 -4.809417725 0.608727813 0.017364234 0.793189108 240.872772217
0.755066454 0.042110324 -0.654294610 64.138008118 -0.041702349 0.998999238 0.016170295 -4.805423737 0.654320717 0.015075970 0.756066918 241.169708252
0.715610385 0.053910710 -0.696416199 63.809139252 -0.046080768 0.998488843 0.029943826 -4.794718742 0.696978092 0.010663280 0.717013180 241.450469971
0.673977196 0.065711610 -0.735823870 63.470359802 -0.050366215 0.997805834 0.042974610 -4.785739422 0.737033248 0.008096753 0.675807953 241.715438843
0.631644368 0.073426820 -0.771773219 63.103897095 -0.054774102 0.997243643 0.050049260 -4.746792793 0.773320854 0.010659846 0.633925200 241.953796387
0.586808026 0.077493861 -0.806009352 62.738739014 -0.054146141 0.996937215 0.056430023 -4.732996941 0.807913721 0.010528701 0.589206755 242.173919678
0.540795803 0.080157600 -0.837325931 62.376907349 -0.053298529 0.996714175 0.060992502 -4.713798523 0.839463651 0.011643754 0.543291092 242.343719482
0.493021429 0.077339016 -0.866572917 61.999130249 -0.046335205 0.996961653 0.062614225 -4.690646172 0.868782461 0.009282680 0.495106936 242.499481201
0.443546653 0.070912443 -0.893441558 61.625732422 -0.038104571 0.997455657 0.060251135 -4.658204556 0.895440936 0.007320020 0.445120215 242.633544922
0.390640318 0.064060017 -0.918311715 61.241928101 -0.029073337 0.997936606 0.057247028 -4.638176918 0.920084119 0.004335389 0.391696751 242.763748169
0.337679684 0.058879528 -0.939417720 60.832611084 -0.024357352 0.998254001 0.053811781 -4.613584995 0.940945923 0.004710580 0.338524222 242.866897583
0.283240139 0.056501873 -0.957383215 60.433395386 -0.021715611 0.998384953 0.052497149 -4.596129417 0.958803177 0.005920861 0.284009635 242.980789185
0.233896196 0.056930996 -0.970593393 59.987945557 -0.021868970 0.998339653 0.053288437 -4.570862770 0.972015619 0.008761912 0.234752834 243.046813965
0.186976671 0.057790361 -0.980663121 59.530014038 -0.019760290 0.998287439 0.055061396 -4.546372414 0.982165694 0.009082983 0.187798381 243.106384277
0.143768311 0.057137907 -0.987960517 59.047149658 -0.017554093 0.998321950 0.055182677 -4.522116661 0.989455700 0.009409230 0.144530118 243.146377563
0.103484511 0.055952333 -0.993056059 58.566314697 -0.015450443 0.998386443 0.054642603 -4.499706268 0.994511127 0.009688489 0.104182065 243.168060303
0.067954838 0.054393589 -0.996204734 58.070968628 -0.014044969 0.998465896 0.053559002 -4.474133015 0.997589707 0.010352058 0.068614542 243.179016113
0.038485765 0.051793009 -0.997916102 57.565979004 -0.014742694 0.998576581 0.051258720 -4.447216988 0.999150515 0.012739233 0.039194524 243.173339844
0.013133943 0.049856514 -0.998669982 57.049804688 -0.014172614 0.998665154 0.049669880 -4.426633835 0.999813259 0.013501409 0.013823032 243.162490845
-0.008127213 0.048679728 -0.998781383 56.578857422 -0.015917948 0.998681486 0.048804387 -4.408394337 0.999840319 0.016295193 -0.007341623 243.118804932
-0.026900291 0.046775844 -0.998543203 56.042953491 -0.018140180 0.998717308 0.047272690 -4.384276390 0.999473631 0.019385397 -0.026017189 243.088226318
-0.041295290 0.045981340 -0.998088419 55.494796753 -0.020613728 0.998688638 0.046861876 -4.364902973 0.998934329 0.022509499 -0.040293217 243.041000366
-0.051434398 0.044213250 -0.997697175 54.929550171 -0.022356356 0.998718202 0.045411035 -4.343349457 0.998426080 0.024640562 -0.050379992 242.999206543
-0.057773471 0.042023577 -0.997444987 54.349060059 -0.022885691 0.998795331 0.043406047 -4.314775467 0.998067498 0.025334932 -0.056742191 242.958847046
-0.061288357 0.041695800 -0.997248888 53.758834839 -0.023183705 0.998798072 0.043185387 -4.290872097 0.997850895 0.025766682 -0.060248017 242.924926758
-0.063405871 0.041982882 -0.997104347 53.129302979 -0.021989260 0.998813450 0.043453146 -4.261700630 0.997745514 0.024680777 -0.062407494 242.873443604
-0.064692736 0.042316843 -0.997007728 52.488922119 -0.021673791 0.998805225 0.043799482 -4.233680248 0.997669995 0.024442436 -0.063698292 242.827957153
-0.064805746 0.043042172 -0.996969163 51.836608887 -0.021639200 0.998773813 0.044526692 -4.210563660 0.997663200 0.024459204 -0.063794851 242.785690308
-0.063920259 0.043472447 -0.997007847 51.164627075 -0.020971186 0.998771608 0.044893861 -4.187547207 0.997734785 0.023778057 -0.062930107 242.741882324
-0.062905431 0.041133314 -0.997171521 50.478668213 -0.019184664 0.998915851 0.042415511 -4.158066750 0.997835100 0.021798564 -0.062048078 242.695022583
-0.061979294 0.038591716 -0.997331262 49.759185791 -0.016912814 0.999068081 0.039709974 -4.129575729 0.997934282 0.019328864 -0.061268806 242.657440186
-0.060590625 0.037680462 -0.997451365 49.019287109 -0.016448667 0.999113858 0.038742445 -4.101566792 0.998027265 0.018754164 -0.059917092 242.610763550
-0.059390068 0.036454432 -0.997569144 48.254562378 -0.017314827 0.999144971 0.037542854 -4.066330433 0.998084843 0.019502398 -0.058708072 242.555633545
-0.058060169 0.036227204 -0.997655571 47.472808838 -0.017637659 0.999148130 0.037307858 -4.040660381 0.998157263 0.019762412 -0.057371736 242.504547119
-0.056461811 0.037182741 -0.997712195 46.681518555 -0.015508753 0.999153018 0.038114101 -4.013985157 0.998284340 0.017625257 -0.055837274 242.460449219
-0.055127025 0.037414182 -0.997778118 45.857421875 -0.012805472 0.999189019 0.038174588 -3.982104540 0.998397231 0.014881473 -0.054603219 242.416778564
-0.053236127 0.037479144 -0.997878492 45.017593384 -0.009749680 0.999228299 0.038049981 -3.956789017 0.998534441 0.011754624 -0.052829623 242.373275757
-0.051979661 0.037633970 -0.997938812 44.162368774 -0.008575385 0.999235988 0.038129557 -3.927825928 0.998611391 0.010539666 -0.051617146 242.326248169
-0.050649762 0.040501356 -0.997895062 43.286285400 -0.007891010 0.999129951 0.040952001 -3.897548199 0.998685479 0.009948600 -0.050286055 242.280441284
-0.050039053 0.044986326 -0.997733653 42.399978638 -0.006337970 0.998950660 0.045359068 -3.862841845 0.998727202 0.008593329 -0.049701452 242.240264893
-0.048933268 0.049708545 -0.997564375 41.510406494 -0.005128949 0.998735130 0.050018474 -3.831454277 0.998788893 0.007564023 -0.048616409 242.189453125
-0.048586965 0.050504517 -0.997541428 40.625732422 -0.004519118 0.998699486 0.050783269 -3.796153069 0.998808861 0.006975406 -0.048295498 242.147125244
-0.049330235 0.047484979 -0.997653127 39.734924316 -0.004756116 0.998846710 0.047776964 -3.767686844 0.998771191 0.007101804 -0.049047470 242.099487305
-0.050595999 0.043166488 -0.997785985 38.863006592 -0.003449785 0.999051988 0.043396194 -3.738002062 0.998713315 0.005637815 -0.050399065 242.050689697
-0.052658796 0.042241450 -0.997718751 37.975265503 -0.000981953 0.999102294 0.042351853 -3.706527948 0.998612106 0.003209910 -0.052569985 242.004302979
-0.055387020 0.047117218 -0.997352660 37.075149536 0.001423831 0.998888671 0.047110714 -3.673215389 0.998463988 0.001189261 -0.055392623 241.958312988
-0.057976961 0.053453885 -0.996885896 36.186508179 0.003249788 0.998570323 0.053355206 -3.643391609 0.998312652 -0.000146303 -0.058067799 241.899749756
-0.061071992 0.057633180 -0.996468067 35.305862427 0.005156952 0.998336494 0.057425182 -3.607302666 0.998120070 -0.001631667 -0.061267614 241.844818115
-0.063735008 0.057267692 -0.996322393 34.419097900 0.007311741 0.998352170 0.056916632 -3.565227032 0.997940123 -0.003657272 -0.064048648 241.782745361
-0.066417575 0.055707678 -0.996235549 33.559417725 0.007399969 0.998440266 0.055337615 -3.530842781 0.997764468 -0.003696720 -0.066726208 241.721130371
-0.069163203 0.052521329 -0.996221900 32.679809570 0.005480368 0.998618126 0.052267186 -3.491910934 0.997590363 -0.001844704 -0.069355488 241.653228760
-0.071221828 0.050775781 -0.996167302 31.796493530 0.004420056 0.998709738 0.050589360 -3.456238270 0.997450709 -0.000800050 -0.071354389 241.583465576
-0.072938442 0.050183114 -0.996073186 30.908752441 0.003995159 0.998739958 0.050024923 -3.419414520 0.997328520 -0.000330732 -0.073047042 241.518264771
-0.074747682 0.049014293 -0.995997131 30.061126709 0.000113364 0.998791754 0.049143311 -3.398180485 0.997202456 0.003560444 -0.074662924 241.441955566
-0.075427413 0.045401588 -0.996117234 29.200103760 -0.004378789 0.998938203 0.045861732 -3.366393089 0.997141778 0.007821014 -0.075148582 241.360260010
-0.076037884 0.042580925 -0.996195316 28.331939697 -0.006502796 0.999045312 0.043199092 -3.342069149 0.997083724 0.009762825 -0.075688362 241.289001465
-0.075286746 0.041241225 -0.996308744 27.480651855 -0.008294534 0.999083877 0.041982882 -3.311585903 0.997127414 0.011424671 -0.074875712 241.219467163
-0.073793650 0.041419778 -0.996412992 26.623565674 -0.009072719 0.999067903 0.042202059 -3.287152767 0.997232258 0.012154424 -0.073349118 241.153610229
-0.071895123 0.041364487 -0.996554255 25.775329590 -0.007947778 0.999084175 0.042042889 -3.267257452 0.997380674 0.010943066 -0.071500540 241.088592529
-0.069592476 0.042380441 -0.996674895 24.928787231 -0.006876915 0.999053061 0.042961743 -3.240504980 0.997551799 0.009843857 -0.069235086 241.025329590
-0.067867637 0.043434855 -0.996748507 24.088119507 -0.004795070 0.999026179 0.043860599 -3.215544939 0.997682869 0.007756191 -0.067593336 240.970413208
-0.066072822 0.045752659 -0.996765316 23.239791870 0.000416099 0.998949409 0.045825332 -3.191491127 0.997814715 0.002613054 -0.066022396 240.920593262
-0.064087510 0.045870129 -0.996889532 22.404266357 0.005547250 0.998943985 0.045608044 -3.162107468 0.997928917 -0.002607090 -0.064274311 240.876693726
-0.062084436 0.043981429 -0.997101367 21.574462891 0.004883958 0.999030054 0.043762404 -3.136219978 0.998058975 -0.002152837 -0.062239051 240.821304321
-0.060683012 0.043540504 -0.997207046 20.744628906 0.004842307 0.999049246 0.043326270 -3.112774849 0.998145342 -0.002199614 -0.060836196 240.771102905
-0.059759021 0.044024423 -0.997241557 19.924865723 0.007995311 0.999016047 0.043623649 -3.086552620 0.998180807 -0.005366350 -0.060052276 240.726562500
-0.059606552 0.047504582 -0.997091055 19.094909668 0.010468889 0.998841822 0.046962161 -3.052910328 0.998167157 -0.007639181 -0.060034871 240.675201416
-0.060367942 0.051791724 -0.996831715 18.270050049 0.008364771 0.998644173 0.051379327 -3.032582760 0.998141229 -0.005236610 -0.060719371 240.617584229
-0.061663151 0.053663671 -0.996653378 17.452713013 0.006522097 0.998553932 0.053362481 -2.995446205 0.998075724 -0.003209770 -0.061923981 240.559112549
-0.064421892 0.051907722 -0.996571839 16.639144897 0.005650647 0.998649240 0.051650647 -2.966187000 0.997906744 -0.002303840 -0.064628243 240.506866455
-0.067013979 0.048955072 -0.996550381 15.824371338 0.004674233 0.998800039 0.048751265 -2.935740471 0.997741163 -0.001391098 -0.067162395 240.443634033
-0.070300817 0.045824144 -0.996472776 15.034561157 0.003931168 0.998949289 0.045660686 -2.911619663 0.997518122 -0.000707315 -0.070407152 240.369934082
-0.074975133 0.044278465 -0.996201873 14.225921631 0.003169749 0.999019206 0.044165131 -2.885093212 0.997180402 0.000153578 -0.075042009 240.306838989
-0.079760432 0.043233793 -0.995876253 13.426208496 0.001625746 0.999063313 0.043241955 -2.858680248 0.996812940 0.001829949 -0.079756021 240.233474731
-0.084737182 0.043733802 -0.995443165 12.632995605 -0.000511606 0.999034226 0.043935124 -2.837689400 0.996403277 0.004232207 -0.084632993 240.158157349
-0.089148641 0.045241557 -0.994990289 11.858673096 -0.003025705 0.998950958 0.045692742 -2.814861774 0.996013761 0.007083995 -0.088918328 240.080856323
-0.093508363 0.047684591 -0.994476080 11.069915771 -0.005495416 0.998812497 0.048409246 -2.785795212 0.995603502 0.009991722 -0.093135238 239.997222900
-0.097693801 0.048917215 -0.994013667 10.285675049 -0.010249066 0.998688877 0.050154593 -2.763544083 0.995163798 0.015087503 -0.097064376 239.905929565
-0.101070404 0.048648141 -0.993689358 9.506561279 -0.013631112 0.998642266 0.050277077 -2.736778498 0.994786084 0.018626599 -0.100270033 239.822784424
-0.103243828 0.047178935 -0.993536711 8.736206055 -0.017787976 0.998627126 0.049269106 -2.711029530 0.994497180 0.022759724 -0.102262855 239.732223511
-0.104690790 0.046075933 -0.993436992 7.985809326 -0.023046644 0.998545527 0.048741579 -2.682050228 0.994237900 0.027998177 -0.103476644 239.640121460
-0.105527520 0.046069466 -0.993348837 7.222717285 -0.026611054 0.998437703 0.049132485 -2.655376196 0.994060457 0.031618875 -0.104136705 239.548141479
-0.106194973 0.046611603 -0.993252397 6.481201172 -0.028538195 0.998346329 0.049901854 -2.632150173 0.993935883 0.033644941 -0.104689121 239.463867188
-0.106055975 0.045961350 -0.993297577 5.757080078 -0.031949516 0.998257935 0.049602173 -2.605328083 0.993846953 0.036995970 -0.104402781 239.375228882
-0.105895042 0.046070158 -0.993309677 5.043151855 -0.034985267 0.998135090 0.050023679 -2.583037376 0.993761837 0.040048447 -0.104085684 239.293670654
-0.105468988 0.046024963 -0.993357003 4.346191406 -0.037293449 0.998042583 0.050201662 -2.557797909 0.993723094 0.042340420 -0.103546143 239.214828491
-0.104279160 0.046778247 -0.993447483 3.665771484 -0.038434852 0.997957528 0.051024999 -2.534330368 0.993805289 0.043503840 -0.102268219 239.137985229
-0.101453781 0.047925889 -0.993685305 2.996948242 -0.039639536 0.997851014 0.052173942 -2.511977911 0.994050324 0.044682458 -0.099336028 239.062118530
-0.098741889 0.048185740 -0.993945777 2.333984375 -0.040484507 0.997805476 0.052394722 -2.489466190 0.994289219 0.045412954 -0.096574426 239.004455566
-0.096182108 0.047281656 -0.994240165 1.693572998 -0.042216897 0.997778535 0.051533952 -2.468942165 0.994468093 0.046930373 -0.093972325 238.940124512
-0.092867255 0.045942817 -0.994617939 1.074035645 -0.041858990 0.997871578 0.050001469 -2.448148727 0.994798183 0.046277206 -0.090746522 238.876907349
-0.089987755 0.045231313 -0.994915366 0.463897705 -0.040056713 0.997995496 0.048994381 -2.427149773 0.995137155 0.044261921 -0.087995648 238.822052002
-0.086982131 0.044795979 -0.995202363 -0.132354736 -0.038033646 0.998110831 0.048251089 -2.407539129 0.995483756 0.042048145 -0.085114002 238.775558472
-0.083749890 0.045351610 -0.995454252 -0.715393066 -0.038640585 0.998064697 0.048721462 -2.386800289 0.995737314 0.042545356 -0.081835389 238.723999023
-0.080119133 0.046521191 -0.995699108 -1.283782959 -0.039215989 0.997989833 0.049783740 -2.367852449 0.996013582 0.043035958 -0.078133702 238.679992676
-0.076313257 0.046531420 -0.995997548 -1.842864990 -0.040340345 0.997948527 0.049713444 -2.350866079 0.996267498 0.043972682 -0.074279666 238.642913818
-0.071842670 0.046189405 -0.996345937 -2.375717163 -0.039834686 0.997997284 0.049138281 -2.333279610 0.996620238 0.043219347 -0.069858789 238.608154297
-0.067035794 0.046702180 -0.996657014 -2.887725830 -0.038883913 0.998022795 0.049381528 -2.319001675 0.996992648 0.042064246 -0.065087199 238.572845459
-0.062779665 0.047376908 -0.996902287 -3.378860474 -0.038670767 0.998007059 0.049864694 -2.301240921 0.997277975 0.041681461 -0.060822487 238.544998169
-0.058240175 0.048198096 -0.997138441 -3.861846924 -0.036526706 0.998062134 0.050376173 -2.286052465 0.997634172 0.039356101 -0.056366801 238.516235352
-0.053832054 0.049319763 -0.997331262 -4.324096680 -0.036428034 0.998017669 0.051319949 -2.267653465 0.997885346 0.039093472 -0.051928639 238.493637085
-0.048974752 0.051167227 -0.997488499 -4.782073975 -0.037069123 0.997905791 0.053008653 -2.256349564 0.998111904 0.039572112 -0.046975493 238.475967407
-0.044058442 0.052369181 -0.997655392 -5.212707520 -0.037549645 0.997832656 0.054036751 -2.244395256 0.998323023 0.039842382 -0.041996479 238.457962036
-0.038747311 0.052943617 -0.997845590 -5.631835938 -0.036728065 0.997845173 0.054369785 -2.229057789 0.998573959 0.038755611 -0.036719322 238.447357178
-0.032660484 0.053601053 -0.998028159 -6.027862549 -0.035749141 0.997859299 0.054761879 -2.212037086 0.998826921 0.037467204 -0.030674458 238.441513062
-0.026525378 0.053029809 -0.998240590 -6.410324097 -0.034057781 0.997964263 0.053920120 -2.200330973 0.999067843 0.035428107 -0.024665356 238.434631348
-0.020287395 0.051939782 -0.998444259 -6.771697998 -0.032514319 0.998087168 0.052581869 -2.189955950 0.999265432 0.033530481 -0.018559813 238.426544189
-0.014167786 0.051177755 -0.998589158 -7.110992432 -0.031348437 0.998175621 0.051601332 -2.178365469 0.999408185 0.032035280 -0.012537599 238.425216675
-0.008811474 0.050147779 -0.998702884 -7.422256470 -0.030750019 0.998255789 0.050396636 -2.161095858 0.999488235 0.031154208 -0.007254004 238.428344727
-0.003842115 0.050001603 -0.998741806 -7.733016968 -0.030795515 0.998269498 0.050096426 -2.152244806 0.999518394 0.030949239 -0.002295613 238.434570312
0.000492573 0.050678637 -0.998714924 -8.011444092 -0.030416379 0.998253703 0.050640229 -2.143160820 0.999537230 0.030352343 0.002033174 238.443710327
0.004598796 0.050337363 -0.998721838 -8.261795044 -0.030539626 0.998273432 0.050174143 -2.131394863 0.999523103 0.030269843 0.006128132 238.445785522
0.008139849 0.048345760 -0.998797655 -8.493164062 -0.028710809 0.998430073 0.048093986 -2.124266863 0.999554753 0.028284799 0.009515107 238.460021973
0.011724234 0.043237023 -0.998996139 -8.685607910 -0.027087692 0.998711824 0.042906817 -2.120217085 0.999564409 0.026557444 0.012880325 238.460769653
0.014413953 0.039692689 -0.999108016 -8.853958130 -0.025549090 0.998900175 0.039315842 -2.118299246 0.999569714 0.024959601 0.015412211 238.470184326
0.016687214 0.040180825 -0.999053061 -9.003707886 -0.025530249 0.998883545 0.039747573 -2.116519451 0.999534786 0.024842799 0.017694354 238.471969604
0.017827749 0.041815720 -0.998966277 -9.121154785 -0.025655024 0.998815238 0.041351549 -2.113755703 0.999511898 0.024891295 0.018879414 238.478820801
0.018947661 0.041030951 -0.998978376 -9.209899902 -0.025719929 0.998846948 0.040537722 -2.112963676 0.999489784 0.024925547 0.019981146 238.478683472
0.019893706 0.038453780 -0.999062419 -9.290588379 -0.025449198 0.998955786 0.037942924 -2.109234095 0.999478281 0.024670504 0.020851552 238.479934692
0.020499706 0.036871456 -0.999109805 -9.352706909 -0.025118008 0.999023318 0.036352891 -2.107763767 0.999474347 0.024350418 0.021405816 238.481918335
0.020432651 0.036206331 -0.999135435 -9.409408569 -0.025102224 0.999047577 0.035689797 -2.105408430 0.999476075 0.024351282 0.021322072 238.485610962
0.020795524 0.036371477 -0.999122024 -9.443740845 -0.025114929 0.999041677 0.035845816 -2.104283571 0.999468327 0.024347441 0.021689057 238.480560303
0.020805299 0.036353957 -0.999122441 -9.473159790 -0.025327768 0.999037147 0.035823438 -2.105486155 0.999462724 0.024560221 0.021706045 238.483001709
0.020827115 0.035971485 -0.999135911 -9.491470337 -0.025284508 0.999051869 0.035441402 -2.102795839 0.999463439 0.024524508 0.021716893 238.482910156
0.020938635 0.036062900 -0.999130189 -9.499877930 -0.025291914 0.999048531 0.035529912 -2.103978872 0.999460876 0.024525963 0.021830857 238.482406616
0.020905137 0.035916217 -0.999136209 -9.493789673 -0.025166763 0.999056756 0.035386790 -2.105204344 0.999464750 0.024405254 0.021789312 238.483764648
0.020995259 0.034696203 -0.999177396 -9.487030029 -0.025628975 0.999087870 0.034154564 -2.105652332 0.999451101 0.024890805 0.021865308 238.479537964
0.020611525 0.032689072 -0.999253154 -9.489624023 -0.025745407 0.999151289 0.032154690 -2.107357502 0.999456167 0.025063414 0.021435618 238.487823486
0.021166980 0.032145236 -0.999259174 -9.489761353 -0.026071414 0.999160826 0.031589810 -2.105897903 0.999436080 0.025383431 0.021987319 238.475372314
0.020510435 0.032936085 -0.999247074 -9.489440918 -0.025559615 0.999147832 0.032408182 -2.109059095 0.999462962 0.024875659 0.021334827 238.489166260
0.020773232 0.032585241 -0.999253213 -9.486190796 -0.025329372 0.999165058 0.032055803 -2.107484102 0.999463439 0.024644544 0.021581233 238.483856201
0.021020830 0.032164935 -0.999261558 -9.488830566 -0.025657518 0.999170542 0.031622265 -2.106595516 0.999449790 0.024973841 0.021828651 238.478424072
0.020822763 0.031798553 -0.999277532 -9.498779297 -0.025443748 0.999187231 0.031265490 -2.105029583 0.999459505 0.024774324 0.021614909 238.480773926
0.020852327 0.031141907 -0.999297500 -9.505584717 -0.025309632 0.999210894 0.030611074 -2.103709459 0.999462187 0.024653537 0.021624029 238.483230591
0.020994782 0.031232551 -0.999291718 -9.516357422 -0.025293317 0.999208629 0.030698551 -2.106237411 0.999459684 0.024630887 0.021768153 238.481323242
0.021114469 0.031441797 -0.999282658 -9.534820557 -0.025448300 0.999198437 0.030901434 -2.107325554 0.999453247 0.024777571 0.021897674 238.477874756
0.021225512 0.031053618 -0.999292433 -9.558898926 -0.025364267 0.999212503 0.030512383 -2.104066849 0.999453008 0.024698673 0.021996439 238.479278564
0.021103799 0.031038014 -0.999295533 -9.580093384 -0.025306033 0.999214351 0.030501064 -2.105708599 0.999457121 0.024644509 0.021872640 238.485412598
0.021281302 0.030015258 -0.999323070 -9.616333008 -0.025260346 0.999246299 0.029475017 -2.102116585 0.999454558 0.024615968 0.022023439 238.487442017
0.021737933 0.027749900 -0.999378622 -9.657165527 -0.025162272 0.999313235 0.027200768 -2.098340273 0.999447107 0.024555342 0.022421241 238.486160278
0.022632778 0.025299564 -0.999423683 -9.712387085 -0.025098305 0.999379039 0.024730062 -2.100025654 0.999428749 0.024524128 0.023253739 238.484970093
0.023793817 0.023059538 -0.999450982 -9.793884277 -0.025102705 0.999432504 0.022461493 -2.098666668 0.999401808 0.024554476 0.024359167 238.490341187
0.026052535 0.021997558 -0.999418557 -9.893783569 -0.024730889 0.999466062 0.021353927 -2.095437765 0.999354661 0.024160184 0.026582658 238.495666504
0.029891849 0.020943778 -0.999333680 -10.007415771 -0.024452662 0.999496579 0.020215768 -2.095810652 0.999253988 0.023832083 0.030388951 238.497909546
0.035369813 0.018903527 -0.999195516 -10.155059814 -0.023960054 0.999549747 0.018062085 -2.090632200 0.999087095 0.023301926 0.035806835 238.513977051
0.043059051 0.017569590 -0.998918116 -10.320434570 -0.023863629 0.999578178 0.016552541 -2.091595888 0.998787582 0.023125071 0.043460131 238.524810791
0.052629948 0.017079681 -0.998468101 -10.467926025 -0.024492940 0.999575019 0.015807575 -2.084972382 0.998313785 0.023623465 0.053025961 238.549392700
0.064695120 0.017376248 -0.997753859 -10.658981323 -0.025805840 0.999543130 0.015734136 -2.088151455 0.997571468 0.024729952 0.065113962 238.564941406
0.078812897 0.016214466 -0.996757746 -10.870452881 -0.027341973 0.999526739 0.014097597 -2.076594591 0.996514559 0.026142243 0.079218924 238.593139648
0.095613599 0.017449992 -0.995265663 -11.095764160 -0.028052904 0.999496460 0.014829170 -2.077323675 0.995023251 0.026502218 0.096054971 238.620895386
0.114907146 0.021896344 -0.993135035 -11.332809448 -0.027235996 0.999450624 0.018884344 -2.072361469 0.993002951 0.024879070 0.115440428 238.668228149
0.137691975 0.026537925 -0.990119576 -11.582977295 -0.027844716 0.999349594 0.022913061 -2.073999166 0.990083694 0.024414647 0.138341367 238.717010498
0.161478162 0.027503619 -0.986492932 -11.830520630 -0.029117379 0.999309182 0.023094740 -2.075126648 0.986446619 0.024994794 0.162167430 238.777496338
0.188216746 0.026716329 -0.981764138 -12.086395264 -0.027160415 0.999389231 0.021988956 -2.073256969 0.981751919 0.022526430 0.188827395 238.852432251
0.218363225 0.026479620 -0.975508273 -12.333206177 -0.025386168 0.999447644 0.021446859 -2.068998814 0.975537300 0.020081209 0.218914866 238.934478760
0.251922429 0.026448516 -0.967386007 -12.614303589 -0.021794841 0.999527991 0.021651566 -2.066695213 0.967502058 0.015629508 0.252380013 239.035339355
0.288232505 0.027054900 -0.957178175 -12.864685059 -0.017883556 0.999578536 0.022868130 -2.062831879 0.957393467 0.010526410 0.288594842 239.145355225
0.328249037 0.030702187 -0.944092214 -13.145568848 -0.016456950 0.999505818 0.026782380 -2.059605360 0.944447935 0.006745583 0.328592062 239.277694702
0.370670676 0.036120143 -0.928061783 -13.424667358 -0.018451385 0.999332666 0.031524468 -2.058503866 0.928581119 0.005438829 0.371089816 239.420181274
0.415575862 0.040592957 -0.908652246 -13.719253540 -0.024238115 0.999143064 0.033550125 -2.049709320 0.909235537 0.008081396 0.416203678 239.578765869
0.462723494 0.043842904 -0.885417819 -14.010581970 -0.029276552 0.998987257 0.034166414 -2.047558308 0.886019051 0.010112377 0.463538468 239.755584717
0.509564817 0.045474246 -0.859229803 -14.283302307 -0.029830026 0.998935819 0.035177458 -2.040724277 0.859915078 0.007705647 0.510379076 239.966995239
0.557359338 0.044797864 -0.829061925 -14.552459717 -0.027859205 0.998990119 0.035250723 -2.032331467 0.829803824 0.003449686 0.558044553 240.199188232
0.605076730 0.041891843 -0.795064330 -14.813705444 -0.025673063 0.999122083 0.033105362 -2.029924393 0.795753181 0.000380449 0.605620980 240.463043213
0.652196407 0.038195886 -0.757087052 -15.070060730 -0.025975538 0.999269307 0.028037492 -2.024192810 0.757604778 0.001379795 0.652712047 240.742736816
0.699030936 0.034026250 -0.714281440 -15.324535370 -0.027478177 0.999407709 0.020717321 -2.015857220 0.714563310 0.005145104 0.699551880 241.041992188
0.744603276 0.032445904 -0.666718245 -15.562356949 -0.030557079 0.999427676 0.014510527 -2.001176596 0.666807473 0.009568376 0.745168567 241.347335815
0.787394881 0.033037752 -0.615562975 -15.793408394 -0.033277184 0.999384820 0.011071400 -1.994106293 0.615550101 0.011766640 0.788009942 241.700576782
0.826008081 0.032383732 -0.562727273 -16.000381470 -0.031546187 0.999439418 0.011210009 -1.988813639 0.562774837 0.008492340 0.826566637 242.088592529
0.860269010 0.029717505 -0.508973539 -16.210836411 -0.028111868 0.999545932 0.010845834 -1.989808440 0.509064794 0.004977861 0.860713840 242.499511719
0.889708877 0.025902623 -0.455792964 -16.377990723 -0.023638887 0.999663651 0.010667529 -1.993909836 0.455915987 0.001283443 0.890021920 242.931686401
0.914950430 0.022712730 -0.402926594 -16.531490326 -0.020772997 0.999742031 0.009184323 -1.994331837 0.403031260 -0.000033208 0.915186226 243.389892578
0.935672343 0.019893683 -0.352308810 -16.686859131 -0.019125370 0.999801040 0.005661642 -1.991196275 0.352351338 0.001440594 0.935866714 243.879348755
0.952228248 0.018891126 -0.304802388 -16.805528641 -0.019647125 0.999806821 0.000587028 -1.988012075 0.304754585 0.005429505 0.952415466 244.380279541
0.965687931 0.018400185 -0.259052515 -16.916662216 -0.019768324 0.999800980 -0.002677099 -1.983664036 0.258951724 0.007706276 0.965859532 244.896789551
0.975982070 0.018414065 -0.217071325 -17.017217636 -0.019477207 0.999806523 -0.002759013 -1.991594672 0.216978520 0.006920690 0.976151824 245.438446045
0.983506322 0.018480666 -0.179927215 -17.095441818 -0.019189145 0.999813437 -0.002197708 -1.998438954 0.179853037 0.005614109 0.983677447 245.996627808
0.988831282 0.017617105 -0.147994295 -17.162773132 -0.018105770 0.999834180 -0.001955278 -1.999474883 0.147935316 0.004612990 0.988986254 246.581436157
0.992456615 0.015126280 -0.121659540 -17.223609924 -0.015473617 0.999878466 -0.001910686 -2.006908655 0.121615849 0.003778786 0.992570043 247.183685303
0.994847953 0.012038432 -0.100660659 -17.270006180 -0.012303374 0.999922276 -0.002011605 -2.010201931 0.100628622 0.003239707 0.994918764 247.800323486
0.996425748 0.010590389 -0.083806574 -17.314861298 -0.010771764 0.999940515 -0.001712331 -2.017608643 0.083783455 0.002608955 0.996480584 248.422698975
0.997414052 0.009406132 -0.071251184 -17.352830887 -0.009522747 0.999953806 -0.001297168 -2.026890278 0.071235694 0.001972320 0.997457564 249.078262329
0.998038650 0.009758634 -0.061835214 -17.392660141 -0.009926326 0.999947846 -0.002405284 -2.030250072 0.061808515 0.003014363 0.998083472 249.742935181
0.998517811 0.009786172 -0.053538859 -17.427650452 -0.009988177 0.999943972 -0.003506769 -2.034192324 0.053501543 0.004036327 0.998559594 250.419021606
0.998856783 0.008658892 -0.047012180 -17.454368591 -0.008901238 0.999948144 -0.004948078 -2.038542032 0.046966895 0.005360888 0.998882055 251.115631104
0.999029398 0.008230463 -0.043273304 -17.485055923 -0.008483552 0.999947965 -0.005668246 -2.048038960 0.043224402 0.006029856 0.999047220 251.826080322
0.999148428 0.007701934 -0.040535722 -17.513063431 -0.007919094 0.999955118 -0.005199402 -2.056786060 0.040493857 0.005515981 0.999164581 252.548660278
0.999227524 0.007701310 -0.038536940 -17.545324326 -0.007865031 0.999960661 -0.004098622 -2.065826416 0.038503859 0.004398550 0.999248743 253.286041260
0.999270856 0.008143988 -0.037301734 -17.577058792 -0.008226342 0.999964058 -0.002054865 -2.071367264 0.037283655 0.002360223 0.999301910 254.041213989
0.999310970 0.007619299 -0.036324728 -17.610555649 -0.007605868 0.999970973 0.000507893 -2.077308416 0.036327545 -0.000231262 0.999339938 254.809249878
0.999297976 0.007134203 -0.036778174 -17.637531281 -0.007094815 0.999974132 0.001201365 -2.084901333 0.036785793 -0.000939588 0.999322712 255.597122192
0.999232173 0.006480387 -0.038641013 -17.669446945 -0.006497844 0.999978840 -0.000326189 -2.088213205 0.038638081 0.000577022 0.999253094 256.396850586
0.999168873 0.004805619 -0.040477604 -17.704538345 -0.004969411 0.999979854 -0.003946827 -2.093937874 0.040457822 0.004144697 0.999172628 257.206604004
0.999081135 0.006680502 -0.042335127 -17.741376877 -0.007106441 0.999925554 -0.009918624 -2.099211693 0.042265713 0.010210361 0.999054253 258.026275635
0.999044776 0.008702057 -0.042823453 -17.786066055 -0.009300218 0.999861658 -0.013788704 -2.110263109 0.042697538 0.014173799 0.998987496 258.864990234
0.999016404 0.010764480 -0.043016288 -17.834676743 -0.011346146 0.999847174 -0.013300814 -2.125520468 0.042866535 0.013775799 0.998985827 259.715301514
0.999012530 0.010981510 -0.043051284 -17.862586975 -0.011275506 0.999914706 -0.006592091 -2.138085842 0.042975221 0.007071006 0.999051094 260.576232910
0.999036193 0.010486234 -0.042622488 -17.899654388 -0.010366865 0.999941707 0.003020693 -2.145445347 0.042651679 -0.002575920 0.999086678 261.465087891
0.999085963 0.008486154 -0.041895941 -17.949045181 -0.008140892 0.999931514 0.008404702 -2.156791687 0.041964397 -0.008055950 0.999086618 262.352996826
0.999077499 0.004817403 -0.042673089 -17.981708527 -0.004582242 0.999973774 0.005606855 -2.156303883 0.042698979 -0.005406145 0.999073327 263.256805420
0.999020040 0.001944537 -0.044216838 -18.018516541 -0.002022672 0.999996483 -0.001722419 -2.155034781 0.044213332 0.001810167 0.999020457 264.170532227
0.998958349 -0.000594875 -0.045627665 -18.059993744 0.000182111 0.999959052 -0.009049968 -2.159233093 0.045631178 0.009032232 0.998917520 265.091461182
0.998888314 -0.000726491 -0.047133520 -18.105566025 0.000104071 0.999912798 -0.013206575 -2.177554846 0.047139004 0.013186988 0.998801291 266.035156250
0.998870075 -0.000418162 -0.047522902 -18.154422760 -0.000245119 0.999902666 -0.013950392 -2.200557470 0.047524109 0.013946277 0.998772740 266.968078613
0.998850524 0.001838524 -0.047898926 -18.213258743 -0.002403700 0.999928117 -0.011744430 -2.220961809 0.047873892 0.011846066 0.998783112 267.932495117
0.998853624 0.004083289 -0.047694448 -18.269300461 -0.004362402 0.999973953 -0.005749496 -2.231055975 0.047669727 0.005950967 0.998845398 268.903442383
0.998843908 0.004778539 -0.047833584 -18.315299988 -0.004717885 0.999987900 0.001380838 -2.245761633 0.047839608 -0.001153568 0.998854339 269.898254395
0.998855054 0.004266003 -0.047648024 -18.359285355 -0.004028848 0.999979019 0.005072151 -2.250875473 0.047668662 -0.004874377 0.998851299 270.898529053
0.998890519 0.002887625 -0.047004752 -18.418272018 -0.002740493 0.999991119 0.003194301 -2.258153915 0.047013562 -0.003061941 0.998889565 271.904388428
0.998891413 0.001167573 -0.047059905 -18.460256577 -0.001216633 0.999998748 -0.001013868 -2.257905722 0.047058664 0.001069998 0.998891532 272.900268555
0.998874128 0.000536370 -0.047436390 -18.511590958 -0.000768845 0.999987781 -0.004882668 -2.264611959 0.047433190 0.004913642 0.998862326 273.914642334
0.998846650 -0.000854414 -0.048006903 -18.563095093 0.000535165 0.999977648 -0.006662511 -2.273886681 0.048011523 0.006629135 0.998824775 274.950988770
0.998786390 -0.001229836 -0.049236905 -18.611965179 0.000945026 0.999982715 -0.005807352 -2.296272993 0.049243197 0.005753774 0.998770237 275.994354248
0.998695910 -0.002768041 -0.050978523 -18.661678314 0.002614168 0.999991834 -0.003084813 -2.305006266 0.050986644 0.002947524 0.998694956 277.031738281
0.998623133 -0.002181277 -0.052412469 -18.721706390 0.002201268 0.999997497 0.000323675 -2.322513580 0.052411631 -0.000438603 0.998625457 278.072448730
0.998510957 -0.003656768 -0.054428741 -18.779865265 0.003582919 0.999992549 -0.001454333 -2.336160660 0.054433651 0.001257154 0.998516619 279.108764648
0.998410046 -0.006120603 -0.056035113 -18.846693039 0.005728220 0.999957979 -0.007160406 -2.348071098 0.056076583 0.006828040 0.998403132 280.159301758
0.998331189 -0.005498595 -0.057485297 -18.907884598 0.004866341 0.999926209 -0.011132744 -2.370661736 0.057542268 0.010834423 0.998284280 281.197662354
0.998214304 -0.005052673 -0.059520584 -18.964572906 0.004306312 0.999910593 -0.012661152 -2.388461590 0.059579235 0.012382229 0.998146772 282.253356934
0.998138249 -0.003021185 -0.060917683 -19.040271759 0.002363162 0.999938130 -0.010871003 -2.411959410 0.060946755 0.010706806 0.998083591 283.303161621
0.998063684 -0.002228298 -0.062160492 -19.115295410 0.001775009 0.999971449 -0.007346511 -2.427557945 0.062175088 0.007221950 0.998039126 284.351318359
0.997961044 0.000569058 -0.063823722 -19.185724258 -0.000703433 0.999997556 -0.002082949 -2.454405785 0.063822381 0.002123598 0.997959018 285.423278809
0.997869551 0.002632174 -0.065188013 -19.262510300 -0.002526129 0.999995351 0.001709125 -2.472818851 0.065192208 -0.001540811 0.997871518 286.475891113
0.997823894 0.004559892 -0.065777183 -19.334690094 -0.004404258 0.999987125 0.002510882 -2.485304117 0.065787785 -0.002215718 0.997831166 287.501342773
0.997809172 0.004983635 -0.065969720 -19.411796570 -0.004894849 0.999986887 0.001507425 -2.505442619 0.065976366 -0.001181210 0.997820497 288.556396484
0.997814775 0.004010641 -0.065951265 -19.479970932 -0.004085723 0.999991179 -0.001003615 -2.515007734 0.065946653 0.001270881 0.997822344 289.605285645
0.997818172 0.004757069 -0.065850064 -19.557363510 -0.005038370 0.999978900 -0.004106431 -2.535488844 0.065829135 0.004429248 0.997821093 290.629913330
0.997801781 0.003278777 -0.066187717 -19.620506287 -0.003803266 0.999962330 -0.007799820 -2.555123329 0.066159651 0.008034403 0.997776687 291.667358398
0.997799158 0.003709506 -0.066204384 -19.691577911 -0.004352029 0.999944806 -0.009563567 -2.572354794 0.066165254 0.009830643 0.997760236 292.690460205
0.997834086 0.004651588 -0.065616630 -19.766313553 -0.005176742 0.999955893 -0.007835618 -2.594701052 0.065577291 0.008158327 0.997814119 293.716400146
0.997833431 0.007050850 -0.065411806 -19.841382980 -0.007360488 0.999962807 -0.004493880 -2.622026205 0.065377690 0.004965607 0.997848213 294.767639160
0.997884512 0.008732839 -0.064422794 -19.921333313 -0.008953835 0.999954998 -0.003142473 -2.636941671 0.064392447 0.003712656 0.997917771 295.790130615
0.997869074 0.010576188 -0.064385571 -19.993583679 -0.010741049 0.999939859 -0.002214917 -2.653750181 0.064358272 0.002901765 0.997922659 296.823760986
0.997869790 0.012501121 -0.064027742 -20.061824799 -0.012420055 0.999921501 0.001663994 -2.664836645 0.064043514 -0.000865222 0.997946739 297.839263916
0.997904003 0.014326955 -0.063105762 -20.135438919 -0.013939641 0.999881208 0.006573557 -2.678395033 0.063192450 -0.005680107 0.997985184 298.852783203
0.997852325 0.016824873 -0.063306548 -20.196912766 -0.016420806 0.999841392 0.006897648 -2.691193104 0.063412555 -0.005843289 0.997970283 299.868621826
0.997827411 0.019595059 -0.062900670 -20.272897720 -0.019527880 0.999807894 0.001682637 -2.701205015 0.062921561 -0.000450665 0.998018384 300.866302490
0.997796237 0.021768861 -0.062679857 -20.347185135 -0.022013154 0.999752522 -0.003209471 -2.703200579 0.062594481 0.004582180 0.998028517 301.877563477
0.997790277 0.024371501 -0.061810628 -20.426036835 -0.024774956 0.999676406 -0.005769152 -2.716682911 0.061650023 0.007287759 0.998071194 302.881408691
0.997692049 0.027666874 -0.062009312 -20.483495712 -0.028128877 0.999582589 -0.006589817 -2.739937305 0.061801109 0.008318860 0.998053789 303.896026611
0.997650623 0.029897727 -0.061638746 -20.555192947 -0.030428646 0.999507368 -0.007692580 -2.757558107 0.061378386 0.009550091 0.998068869 304.901916504
0.997646987 0.030202569 -0.061548810 -20.625194550 -0.030651592 0.999509871 -0.006364101 -2.780593872 0.061326433 0.008235696 0.998083770 305.922607422
0.997637689 0.030392461 -0.061606131 -20.696537018 -0.030692607 0.999521136 -0.003931338 -2.795967102 0.061457146 0.005812903 0.998092771 306.931701660
0.997651756 0.029474987 -0.061823726 -20.758188248 -0.029665777 0.999557495 -0.002170239 -2.809983015 0.061732400 0.003999192 0.998084724 307.955261230
0.997630358 0.029903634 -0.061963264 -20.817909241 -0.030059498 0.999546826 -0.001584552 -2.827146530 0.061887801 0.003443382 0.998077154 308.970275879
0.997591794 0.030868934 -0.062110879 -20.880701065 -0.031066615 0.999514878 -0.002219297 -2.837756634 0.062012240 0.004143527 0.998066783 309.994659424
0.997649372 0.030631317 -0.061298527 -20.943193436 -0.030793523 0.999524295 -0.001703017 -2.852059603 0.061217200 0.003586611 0.998118043 311.018768311
0.997750938 0.030299453 -0.059791595 -21.018672943 -0.030455576 0.999534667 -0.001701333 -2.864358425 0.059712220 0.003518493 0.998209417 312.063140869
0.997824967 0.029929034 -0.058733184 -21.092407227 -0.030116869 0.999543726 -0.002315301 -2.874669552 0.058637090 0.004079125 0.998271048 313.093627930
0.997819960 0.030173669 -0.058693450 -21.142444611 -0.030370273 0.999535680 -0.002460321 -2.884971380 0.058591962 0.004237494 0.998273015 314.122772217
0.997833550 0.030216979 -0.058438938 -21.205331802 -0.030306261 0.999540448 -0.000641898 -2.902665854 0.058392689 0.002411573 0.998290777 315.200347900
0.997918129 0.028899450 -0.057655990 -21.274814606 -0.029059066 0.999575853 -0.001931746 -2.919533968 0.057575706 0.003603153 0.998334646 316.255584717
0.997865319 0.029879775 -0.058068905 -21.332424164 -0.030302415 0.999520242 -0.006411163 -2.932267666 0.057849482 0.008157105 0.998291969 317.315582275
0.997861505 0.029490726 -0.058333281 -21.397996902 -0.030101292 0.999500573 -0.009615818 -2.944947004 0.058020573 0.011351162 0.998250842 318.377166748
0.997916579 0.028035266 -0.058107834 -21.469366074 -0.028498903 0.999568164 -0.007165443 -2.959319115 0.057881854 0.008806524 0.998284578 319.455841064
0.997916639 0.028844744 -0.057709716 -21.542116165 -0.029028533 0.999575853 -0.002348760 -2.976061344 0.057617489 0.004019095 0.998330653 320.529968262
0.997922122 0.028735392 -0.057668883 -21.600826263 -0.028738154 0.999586642 0.000781608 -2.992944717 0.057667509 0.000877313 0.998335481 321.611785889
0.997970760 0.028077237 -0.057149373 -21.669473648 -0.027973270 0.999605238 0.002618545 -3.001598597 0.057200335 -0.001014577 0.998362184 322.684417725
0.997959852 0.028885763 -0.056936257 -21.734216690 -0.028676946 0.999578714 0.004481372 -3.012285948 0.057041716 -0.002839472 0.998367786 323.764648438
0.998024464 0.026592232 -0.056921430 -21.797693253 -0.026352780 0.999640405 0.004953340 -3.027084589 0.057032682 -0.003443517 0.998366356 324.835021973
0.998068571 0.024100292 -0.057256117 -21.860351562 -0.023970384 0.999708295 0.002954691 -3.034568071 0.057310622 -0.001576533 0.998355150 325.893829346
0.998078823 0.022266118 -0.057817310 -21.918426514 -0.022303820 0.999751210 -0.000006764 -3.042571545 0.057802778 0.001296298 0.998327196 326.966430664
0.998108089 0.019897131 -0.058175381 -21.982883453 -0.020009071 0.999798894 -0.001342221 -3.055575132 0.058136977 0.002503717 0.998305500 328.030120850
0.998117149 0.018534729 -0.058469228 -22.049417496 -0.018567134 0.999827623 -0.000010944 -3.071911573 0.058458947 0.001096530 0.998289227 329.082183838
0.998157144 0.016365374 -0.058433425 -22.115640640 -0.016223792 0.999864161 0.002896564 -3.082578659 0.058472890 -0.001943214 0.998287082 330.137329102
0.998145282 0.013906702 -0.059267528 -22.171133041 -0.013544858 0.999887109 0.006502673 -3.097194672 0.059351269 -0.005687842 0.998220980 331.202026367
0.998159528 0.010301209 -0.059761357 -22.233444214 -0.009855822 0.999921441 0.007742760 -3.104530573 0.059836421 -0.007139512 0.998182654 332.264007568
0.998166144 0.007524956 -0.060064517 -22.298946381 -0.007248094 0.999962091 0.004825960 -3.114328384 0.060098551 -0.004381756 0.998182833 333.298706055
0.998161018 0.003919129 -0.060491461 -22.362194061 -0.003930785 0.999992251 -0.000073682 -3.114969492 0.060490705 0.000311325 0.998168707 334.334075928
0.998142958 0.002684026 -0.060855433 -22.425411224 -0.002749713 0.999995708 -0.000995676 -3.130170584 0.060852502 0.001161162 0.998146117 335.375671387
0.998121262 0.001288531 -0.061255671 -22.496156693 -0.001269114 0.999999106 0.000355892 -3.148506403 0.061256077 -0.000277483 0.998122036 336.411315918
0.998040378 -0.000430341 -0.062571645 -22.556829453 0.000583254 0.999996901 0.002425555 -3.163491011 0.062570408 -0.002457297 0.998037517 337.423065186
0.997971714 -0.002086963 -0.063624412 -22.616355896 0.002423846 0.999983430 0.005218139 -3.175013304 0.063612469 -0.005361771 0.997960269 338.425079346
0.997899890 -0.004310351 -0.064631842 -22.679113388 0.004827837 0.999957502 0.007852622 -3.185668468 0.064595245 -0.008148164 0.997878253 339.429138184
0.997812986 -0.005864630 -0.065839738 -22.744150162 0.006469338 0.999938786 0.008975090 -3.194882154 0.065783076 -0.009381401 0.997789860 340.421844482
0.997729361 -0.007978773 -0.066876575 -22.813831329 0.008529169 0.999932051 0.007948549 -3.205436230 0.066808611 -0.008500902 0.997729599 341.406341553
0.997649431 -0.009411209 -0.067875482 -22.874807358 0.009879923 0.999929607 0.006573113 -3.215359926 0.067808844 -0.007228267 0.997672141 342.384979248
0.997586787 -0.008872871 -0.068860866 -22.950513840 0.009232680 0.999945343 0.004908646 -3.224635363 0.068813547 -0.005532571 0.997614205 343.357543945
0.997523904 -0.007995956 -0.069871828 -23.019889832 0.008296037 0.999957561 0.004005610 -3.230476379 0.069836840 -0.004575350 0.997547925 344.311859131
0.997470200 -0.007873643 -0.070648335 -23.086257935 0.008207356 0.999956489 0.004434541 -3.244349003 0.070610344 -0.005003159 0.997491419 345.254150391
0.997429490 -0.007404848 -0.071270883 -23.154735565 0.007805695 0.999955237 0.005347394 -3.253588200 0.071228102 -0.005889968 0.997442663 346.188934326
0.997412801 -0.005495949 -0.071676232 -23.232883453 0.005974419 0.999961257 0.006462759 -3.263605356 0.071637943 -0.006874262 0.997407019 347.109893799
0.997408032 -0.003001610 -0.071890123 -23.304609299 0.003394936 0.999979913 0.005349657 -3.278628588 0.071872622 -0.005579853 0.997398198 348.025573730
0.997404456 -0.002284938 -0.071966223 -23.375936508 0.002528124 0.999991417 0.003288270 -3.289930344 0.071958095 -0.003461674 0.997401655 348.916900635
0.997446597 -0.003165028 -0.071346290 -23.443401337 0.003296616 0.999993086 0.001726673 -3.296687365 0.071340330 -0.001957465 0.997450113 349.795928955
0.997528076 -0.002571801 -0.070221961 -23.502367020 0.002776387 0.999992192 0.002815965 -3.313586235 0.070214175 -0.003003967 0.997527421 350.671264648
0.997656524 -0.001898246 -0.068394892 -23.565269470 0.002122522 0.999992609 0.003206618 -3.325899124 0.068388298 -0.003344273 0.997653186 351.514709473
0.997764587 -0.003387526 -0.066740938 -23.619831085 0.003689911 0.999983490 0.004407966 -3.335365295 0.066724904 -0.004644380 0.997760594 352.351593018
0.997836471 -0.005266092 -0.065533392 -23.667016983 0.005570749 0.999974489 0.004467026 -3.343530893 0.065508202 -0.004822432 0.997840405 353.165649414
0.997963786 -0.005598682 -0.063536838 -23.721818924 0.005991948 0.999964058 0.006000716 -3.361512423 0.063500956 -0.006369207 0.997961462 353.957489014
0.998064458 -0.008482041 -0.061606903 -23.768888474 0.008976398 0.999929667 0.007752045 -3.366829634 0.061536819 -0.008290049 0.998070359 354.727691650
0.998159349 -0.009009835 -0.059972912 -23.815540314 0.009593264 0.999909341 0.009447407 -3.374566555 0.059882354 -0.010005354 0.998155296 355.472473145
0.998265803 -0.007017910 -0.058447551 -23.855844498 0.007673293 0.999910116 0.010996305 -3.383061647 0.058365125 -0.011425721 0.998229921 356.196197510
0.998351097 -0.007387756 -0.056925509 -23.894651413 0.008036666 0.999905229 0.011178783 -3.391110897 0.056837529 -0.011617841 0.998315871 356.896545410
0.998423517 -0.007672843 -0.055602059 -23.935192108 0.008114771 0.999937236 0.007726637 -3.401033878 0.055539284 -0.008165654 0.998423100 357.571868896
0.998498619 -0.007711128 -0.054231837 -23.971452713 0.007846097 0.999966621 0.002276283 -3.410017729 0.054212473 -0.002698374 0.998525798 358.218688965
0.998559892 -0.007385641 -0.053136967 -24.004020691 0.007389766 0.999972701 -0.000118860 -3.420546293 0.053136393 -0.000273981 0.998587251 358.849639893
0.998618126 -0.007202724 -0.052057561 -24.042081833 0.007236064 0.999973714 0.000451995 -3.424746752 0.052052937 -0.000828062 0.998643994 359.458831787
0.998638630 -0.007181587 -0.051665571 -24.072710037 0.007376575 0.999966383 0.003584343 -3.433582067 0.051638093 -0.003960578 0.998658001 360.051818848
0.998613536 -0.007416754 -0.052114986 -24.103036880 0.007783764 0.999946296 0.006842883 -3.444453239 0.052061435 -0.007239047 0.998617649 360.629577637
0.998511255 -0.007302204 -0.054054759 -24.136135101 0.007751952 0.999936998 0.008115247 -3.456233263 0.053992096 -0.008522195 0.998504996 361.157928467
0.998309970 -0.006070915 -0.057795320 -24.164535522 0.006426166 0.999961555 0.005962829 -3.465789080 0.057756897 -0.006324154 0.998310626 361.685089111
0.997994244 -0.005272054 -0.063084714 -24.213941574 0.005427590 0.999982655 0.002294395 -3.470591068 0.063071519 -0.002632191 0.998005509 362.172668457
0.997384965 -0.003972410 -0.072162747 -24.261127472 0.003940423 0.999992073 -0.000585614 -3.475003242 0.072164498 0.000299731 0.997392714 362.655364990
0.996459007 -0.004066313 -0.083981782 -24.304111481 0.003970182 0.999991238 -0.001311640 -3.485216618 0.083986379 0.000973573 0.996466398 363.100585938
0.995029211 -0.003706976 -0.099514626 -24.366016388 0.003521746 0.999991715 -0.002036936 -3.492990971 0.099521354 0.001676345 0.995034039 363.545593262
0.993020594 -0.001904955 -0.117925666 -24.445859909 0.001572473 0.999994516 -0.002912391 -3.500720501 0.117930569 0.002706629 0.993018150 363.986511230
0.990211666 0.001026563 -0.139569879 -24.532260895 -0.001359799 0.999996424 -0.002292257 -3.504573345 0.139567032 0.002459607 0.990209579 364.421325684
0.986276805 0.003720600 -0.165058374 -24.614776611 -0.003711155 0.999993026 0.000365619 -3.515554667 0.165058583 0.000251955 0.986283720 364.836730957
0.980915129 0.003756216 -0.194400191 -24.729570389 -0.002972304 0.999986231 0.004324000 -3.520841837 0.194413766 -0.003663661 0.980912805 365.260040283
0.973463178 0.002778557 -0.228826821 -24.845926285 -0.001424611 0.999980509 0.006081877 -3.524234772 0.228839263 -0.005594494 0.973448157 365.672332764
0.963621438 0.002763007 -0.267256588 -24.996301651 -0.001002734 0.999976873 0.006722704 -3.527590275 0.267268986 -0.006210155 0.963601947 366.067413330
0.951260269 0.006714788 -0.308316141 -25.159946442 -0.004286550 0.999954224 0.008552441 -3.530077219 0.308359474 -0.006813985 0.951245487 366.430480957
0.936304510 0.011036099 -0.351015747 -25.352722168 -0.007250472 0.999900520 0.012097326 -3.527839899 0.351114333 -0.008781752 0.936291397 366.811431885
0.918907285 0.014901311 -0.394191980 -25.557670593 -0.009006346 0.999818325 0.016800461 -3.527029037 0.394370705 -0.011887838 0.918874562 367.161529541
0.898368061 0.015337580 -0.438975602 -25.766426086 -0.006698125 0.999752343 0.021223046 -3.516500473 0.439192414 -0.016125795 0.898248315 367.512329102
0.874370575 0.020324217 -0.484833002 -25.909614563 -0.008532586 0.999611974 0.026515707 -3.533604860 0.485183805 -0.019047674 0.874204695 367.782623291
0.846421361 0.026889002 -0.531834364 -26.162286758 -0.012918464 0.999467254 0.029972136 -3.527733564 0.532356977 -0.018498573 0.846317828 368.102233887
0.814358413 0.033873495 -0.579372942 -26.421794891 -0.017033869 0.999260187 0.034479968 -3.517911911 0.580112278 -0.018210087 0.814332962 368.409637451
0.779310107 0.038722385 -0.625440955 -26.725099564 -0.017177343 0.999033928 0.040449064 -3.503663540 0.626403034 -0.020778950 0.779222369 368.716339111
0.740301192 0.039866563 -0.671092272 -27.038623810 -0.012037467 0.998866200 0.046059255 -3.495767117 0.672167599 -0.026019471 0.739941716 369.017578125
0.697399318 0.037496168 -0.715701222 -27.385421753 -0.004099877 0.998822808 0.048334103 -3.471166134 0.716671050 -0.030773886 0.696732104 369.330352783
0.651396275 0.037784085 -0.757796407 -27.758647919 0.002973869 0.998624444 0.052348211 -3.455324173 0.758731961 -0.036353022 0.650387883 369.607238770
0.601232171 0.037383806 -0.798199475 -28.152763367 0.010170972 0.998466074 0.054424468 -3.431239128 0.799009681 -0.040840209 0.599929690 369.872528076
0.546276927 0.033997618 -0.836914420 -28.539733887 0.019021086 0.998414755 0.052973766 -3.406966209 0.837388694 -0.044857372 0.544764280 370.114562988
0.488430798 0.029569833 -0.872101545 -28.974395752 0.027805330 0.998390734 0.049424559 -3.380885124 0.872159600 -0.048389547 0.486822605 370.333312988
0.427510977 0.027908493 -0.903579354 -29.434936523 0.029187609 0.998576105 0.044652179 -3.364816666 0.903538942 -0.045462620 0.426087677 370.513366699
0.366863787 0.027190695 -0.929877222 -29.966049194 0.028644847 0.998768568 0.040506385 -3.344439507 0.929833591 -0.041496515 0.365633130 370.645141602
0.301357210 0.023301825 -0.953226626 -30.472869873 0.033252485 0.998836458 0.034929357 -3.326645851 0.952931404 -0.042223368 0.300231695 370.770019531
0.236030519 0.019887904 -0.971542180 -31.002014160 0.046275657 0.998426199 0.031680640 -3.308848381 0.970643222 -0.052436348 0.234738767 370.873962402
0.170957685 0.023990972 -0.984986305 -31.565338135 0.048395682 0.998292327 0.032714784 -3.276869774 0.984089136 -0.053261921 0.169504702 370.964172363
0.110731423 0.033200469 -0.993295789 -32.111724854 0.042093817 0.998388350 0.038063269 -3.259559631 0.992958665 -0.046026412 0.109155416 370.978027344
0.056559563 0.041691024 -0.997528434 -32.674255371 0.031403717 0.998559117 0.043514688 -3.245988846 0.997905314 -0.033787273 0.055168808 370.953491211
0.008442521 0.045146465 -0.998944819 -33.245819092 0.021944148 0.998731375 0.045322288 -3.227784157 0.999723673 -0.022303630 0.007441103 370.914703369
-0.031140447 0.047498498 -0.998385847 -33.858398438 0.017943006 0.998735845 0.046955496 -3.210912704 0.999354005 -0.016451830 -0.031953335 370.871063232
-0.060218096 0.053102545 -0.996771872 -34.426605225 0.014475978 0.998525381 0.052321434 -3.181205750 0.998080373 -0.011278553 -0.060898066 370.794708252
-0.081985235 0.058753125 -0.994900405 -35.031311035 0.014095442 0.998229384 0.057788182 -3.151586533 0.996533990 -0.009285790 -0.082668185 370.727203369
-0.098327637 0.061050907 -0.993279636 -35.639282227 0.012155870 0.998115659 0.060144801 -3.131988525 0.995079815 -0.006160284 -0.098884463 370.647216797
-0.108059764 0.055233307 -0.992608964 -36.255798340 0.007365465 0.998472512 0.054757752 -3.100855827 0.994117200 -0.001393921 -0.108301520 370.562438965
-0.112900734 0.043849412 -0.992638290 -36.878692627 0.003418302 0.999036968 0.043743279 -3.076146126 0.993600488 0.001545506 -0.112941861 370.469207764
-0.115417361 0.031706396 -0.992811084 -37.481781006 0.002320395 0.999496341 0.031650148 -3.043944836 0.993314505 0.001349257 -0.115432739 370.397705078
-0.115085721 0.027332425 -0.992979586 -38.125732422 0.005314931 0.999624014 0.026899323 -3.018370152 0.993341446 -0.002181894 -0.115187764 370.323547363
-0.113816857 0.030835284 -0.993023217 -38.790557861 0.008497110 0.999511898 0.030062864 -2.999291420 0.993465543 -0.005016167 -0.114023328 370.253356934
-0.112321854 0.036367036 -0.993006349 -39.469085693 0.011333135 0.999311924 0.035316046 -2.986732483 0.993607461 -0.007287113 -0.112656832 370.174072266
-0.112101197 0.038485643 -0.992951334 -40.156494141 0.009923499 0.999243259 0.037609182 -2.970949173 0.993647277 -0.005637518 -0.112398267 370.101409912
-0.111082792 0.037733108 -0.993094683 -40.852722168 0.007389952 0.999282658 0.037141621 -2.948324203 0.993783772 -0.003213132 -0.111281991 370.018371582
-0.109769106 0.036668450 -0.993280590 -41.553894043 0.002727097 0.999326646 0.036590274 -2.924755096 0.993953466 0.001307706 -0.109795213 369.934692383
-0.106642008 0.034508720 -0.993698537 -42.280364990 -0.001724602 0.999389648 0.034891441 -2.904191971 0.994296074 0.005434625 -0.106517315 369.850738525
-0.101850033 0.033039790 -0.994250953 -43.007843018 -0.004797720 0.999420404 0.033703044 -2.880369663 0.994788229 0.008202789 -0.101632476 369.768249512
-0.097457647 0.033276074 -0.994683266 -43.766906738 -0.007839493 0.999384224 0.034201443 -2.858345509 0.995208859 0.011131000 -0.097136736 369.691467285
-0.093085647 0.036064465 -0.995004773 -44.539031982 -0.009179669 0.999270201 0.037077855 -2.831292152 0.995615840 0.012585231 -0.092686653 369.619201660
-0.088758349 0.039839786 -0.995256126 -45.327667236 -0.012620012 0.999074578 0.041118108 -2.810552120 0.995973229 0.016209720 -0.088173389 369.539672852
-0.085093379 0.041538816 -0.995506823 -46.125915527 -0.014036599 0.998981476 0.042883612 -2.784691811 0.996274173 0.017622635 -0.084423661 369.464477539
-0.082247734 0.039610550 -0.995824575 -46.955657959 -0.014672644 0.999053419 0.040950838 -2.751900673 0.996504009 0.017979486 -0.081588745 369.395507812
-0.078777432 0.036931254 -0.996208012 -47.784332275 -0.013074439 0.999189317 0.038075671 -2.717125893 0.996806622 0.016024360 -0.078230739 369.325866699
-0.075354576 0.037810538 -0.996439815 -48.638336182 -0.011253354 0.999184966 0.038765728 -2.683162689 0.997093439 0.014134458 -0.074867606 369.266876221
-0.072271228 0.042516276 -0.996478438 -49.519042969 -0.010932744 0.998997211 0.043416660 -2.654321194 0.997325063 0.014032019 -0.071733952 369.197570801
-0.068761230 0.047946963 -0.996480286 -50.400970459 -0.010205711 0.998758316 0.048760809 -2.620379448 0.997580945 0.013522644 -0.068186522 369.130554199
-0.066055775 0.052978702 -0.996408582 -51.292846680 -0.008733603 0.998520553 0.053669982 -2.583858490 0.997777820 0.012247443 -0.065495372 369.072692871
-0.063677430 0.054688547 -0.996470928 -52.190734863 -0.007658853 0.998441160 0.055286098 -2.546909332 0.997941136 0.011152300 -0.063159347 369.022552490
-0.060977340 0.053888418 -0.996683538 -53.087677002 -0.009712678 0.998462200 0.054578818 -2.512633324 0.998091996 0.013008533 -0.060360193 368.958312988
-0.059128284 0.048679683 -0.997062922 -53.996124268 -0.012007479 0.998703361 0.049471855 -2.465983391 0.998178303 0.014897391 -0.058467031 368.899627686
-0.057963610 0.045547467 -0.997279286 -54.908203125 -0.011161680 0.998866677 0.046268709 -2.431126595 0.998256445 0.013813211 -0.057389617 368.837127686
-0.057758927 0.045447517 -0.997295737 -55.812866211 -0.010272192 0.998883307 0.046114791 -2.399829388 0.998277903 0.012907944 -0.057227612 368.794128418
-0.058286905 0.046123013 -0.997233987 -56.738525391 -0.009684317 0.998858988 0.046764210 -2.362962723 0.998253107 0.012383260 -0.057773709 368.743347168
-0.058750987 0.047365967 -0.997148454 -57.665130615 -0.008511342 0.998813629 0.047946550 -2.330601692 0.998236537 0.011303969 -0.058278203 368.683990479
-0.059900284 0.048361443 -0.997032285 -58.593078613 -0.008428409 0.998765588 0.048951887 -2.296927452 0.998168945 0.011335622 -0.059418797 368.627319336
-0.061034679 0.049123142 -0.996926248 -59.513031006 -0.010616144 0.998699784 0.049860489 -2.264382362 0.998079300 0.013626722 -0.060433745 368.560882568
-0.062581897 0.049392432 -0.996816933 -60.431152344 -0.013282137 0.998645008 0.050316885 -2.228281975 0.997951508 0.016388781 -0.061841011 368.496551514
-0.063848615 0.049702510 -0.996721208 -61.359497070 -0.013759662 0.998620212 0.050678637 -2.194305897 0.997864783 0.016950306 -0.063076615 368.435791016
-0.064612985 0.050298937 -0.996641934 -62.272460938 -0.013187837 0.998598635 0.051252667 -2.160996437 0.997823238 0.016455140 -0.063859105 368.371032715
-0.066104412 0.049228393 -0.996597648 -63.183898926 -0.015774418 0.998605847 0.050373912 -2.124402046 0.997688055 0.019050682 -0.065235734 368.303344727
-0.067557096 0.046910238 -0.996612132 -64.095947266 -0.015768636 0.998719096 0.048078317 -2.088166714 0.997590899 0.018963234 -0.066730857 368.235839844
-0.070471883 0.045757521 -0.996463776 -65.011444092 -0.013890370 0.998805463 0.046847407 -2.056501865 0.997417092 0.017142672 -0.069752097 368.170257568
-0.074125528 0.048291992 -0.996078968 -65.913116455 -0.014682309 0.998665690 0.049510024 -2.025782585 0.997140825 0.018294694 -0.073317647 368.092132568
-0.078579187 0.052379444 -0.995530903 -66.825531006 -0.015642099 0.998431027 0.053766694 -1.987549782 0.996785164 0.019797135 -0.077636600 368.016815186
-0.081908703 0.054546583 -0.995146155 -67.740875244 -0.017456986 0.998269439 0.056154639 -1.953337669 0.996487021 0.021971801 -0.080814719 367.923522949
-0.085456610 0.052597165 -0.994952619 -68.640625000 -0.022180537 0.998257697 0.054676976 -1.918297291 0.996095002 0.026741093 -0.084141135 367.846008301
-0.087964296 0.050869640 -0.994823933 -69.540100098 -0.025229389 0.998261034 0.053276226 -1.878909111 0.995804131 0.029785201 -0.086527944 367.753265381
-0.090687394 0.046364732 -0.994799554 -70.425476074 -0.024790403 0.998501003 0.048797179 -1.848452091 0.995570838 0.029086772 -0.089402080 367.672363281
-0.092217565 0.044051018 -0.994764030 -71.323638916 -0.022385146 0.998676777 0.046299458 -1.814924717 0.995487213 0.026537562 -0.091109395 367.592315674
-0.093323112 0.046037540 -0.994570851 -72.222625732 -0.022629049 0.998574257 0.048346192 -1.776494503 0.995378613 0.027018012 -0.092148185 367.502014160
-0.093571663 0.048026085 -0.994453669 -73.119812012 -0.023641253 0.998447061 0.050443433 -1.747018337 0.995332003 0.028230198 -0.092290998 367.410552979
-0.092745900 0.049781192 -0.994444609 -74.007263184 -0.022742283 0.998382926 0.052099381 -1.714200497 0.995430052 0.027447945 -0.091463804 367.318511963
-0.091652751 0.045779448 -0.994738340 -74.896423340 -0.024023650 0.998550296 0.048168365 -1.681927681 0.995501339 0.028311994 -0.090420008 367.235443115
-0.088495731 0.044034954 -0.995102882 -75.788604736 -0.025725452 0.998588026 0.046476975 -1.647752762 0.995744467 0.029712470 -0.087237954 367.158813477
-0.085724711 0.044236157 -0.995336533 -76.669464111 -0.028636983 0.998491704 0.046842784 -1.618319988 0.995907426 0.032519005 -0.084328651 367.079650879
-0.081097364 0.046869326 -0.995603681 -77.555847168 -0.029129824 0.998355567 0.049371663 -1.588445663 0.996280491 0.033005666 -0.079598665 366.997253418
-0.076768637 0.048416369 -0.995872676 -78.453125000 -0.030554185 0.998236954 0.050886635 -1.555623055 0.996580601 0.034334574 -0.075153947 366.936553955
-0.071505427 0.049661603 -0.996203244 -79.338409424 -0.031204650 0.998159468 0.051998936 -1.522746086 0.996952057 0.034804374 -0.069824219 366.869354248
-0.065980077 0.050659318 -0.996534109 -80.218688965 -0.030958030 0.998125672 0.052789945 -1.489485741 0.997340560 0.034333821 -0.064288139 366.800292969
-0.060952306 0.050908051 -0.996841669 -81.102722168 -0.030903475 0.998123467 0.052863121 -1.451247215 0.997662246 0.034027994 -0.059264660 366.738800049
-0.055756211 0.049936537 -0.997194827 -81.992614746 -0.030081825 0.998211086 0.051669393 -1.418514729 0.997991145 0.032878336 -0.054154277 366.697937012
-0.050770760 0.048085332 -0.997552097 -82.871856689 -0.030345486 0.998304784 0.049666058 -1.385888100 0.998249233 0.032792788 -0.049225569 366.652343750
-0.045639277 0.046371590 -0.997881234 -83.740997314 -0.031514753 0.998357952 0.047835112 -1.352829933 0.998460829 0.033631131 -0.044102907 366.608459473
-0.040774345 0.045402929 -0.998136401 -84.623199463 -0.031619478 0.998408079 0.046706960 -1.321994305 0.998668075 0.033464991 -0.039273739 366.571411133
-0.035579920 0.046233345 -0.998296916 -85.496368408 -0.031497609 0.998381138 0.047359843 -1.293608665 0.998870432 0.033129018 -0.034066081 366.537719727
-0.030711651 0.047410671 -0.998403311 -86.372924805 -0.032002717 0.998315632 0.048390932 -1.259768486 0.999015927 0.033437774 -0.029142618 366.510925293
-0.025919557 0.049117293 -0.998456717 -87.250335693 -0.033123791 0.998201549 0.049964622 -1.226371765 0.999115169 0.034367725 -0.024245977 366.480468750
-0.021900535 0.051601514 -0.998427570 -88.104339600 -0.032314811 0.998108745 0.052293863 -1.196865559 0.999237776 0.033409264 -0.020191669 366.464965820
-0.018408775 0.052816730 -0.998434603 -88.966369629 -0.030012645 0.998124540 0.053353693 -1.164309025 0.999380052 0.030947831 -0.016789079 366.450256348
-0.015404820 0.053345516 -0.998457432 -89.802612305 -0.027732136 0.998168826 0.053757969 -1.137881279 0.999496818 0.028517479 -0.013897181 366.434020996
-0.013130903 0.051690482 -0.998576939 -90.655364990 -0.025768831 0.998313725 0.052015711 -1.101057053 0.999581814 0.026415166 -0.011776805 366.430816650
-0.011347890 0.049465027 -0.998711348 -91.454742432 -0.023330664 0.998490691 0.049719192 -1.071313858 0.999663353 0.023864808 -0.010176659 366.417846680
-0.010251999 0.049352273 -0.998728812 -92.253082275 -0.019777505 0.998575926 0.049547736 -1.043280602 0.999751806 0.020260330 -0.009261370 366.416290283
-0.010205507 0.049045753 -0.998744428 -93.019927979 -0.018224154 0.998621404 0.049225930 -1.019989014 0.999781907 0.018703643 -0.009297609 366.406372070
-0.010193825 0.046881918 -0.998848438 -93.768920898 -0.015363431 0.998775065 0.047035269 -0.998620033 0.999830008 0.015825206 -0.009461045 366.404541016
-0.011164188 0.046238821 -0.998867929 -94.498809814 -0.012819179 0.998841584 0.046380877 -0.978863716 0.999855459 0.013322474 -0.010558486 366.395843506
-0.013252378 0.045970093 -0.998854935 -95.213745117 -0.010377874 0.998882532 0.046109051 -0.953719139 0.999858379 0.010977043 -0.012760520 366.391906738
-0.016633391 0.048223283 -0.998698235 -95.884735107 -0.008513377 0.998793244 0.048369668 -0.936370850 0.999825597 0.009306835 -0.016202688 366.369384766
-0.020828009 0.050406944 -0.998511612 -96.555633545 -0.005692400 0.998706043 0.050535496 -0.917845726 0.999766946 0.006736475 -0.020514131 366.360107422
-0.025858164 0.051482115 -0.998339117 -97.193145752 -0.004574164 0.998656452 0.051616956 -0.897966385 0.999655187 0.005901283 -0.025587916 366.337646484
-0.031469226 0.051103864 -0.998197436 -97.799438477 -0.002668906 0.998684168 0.051212925 -0.876209259 0.999501169 0.004275724 -0.031291366 366.311889648
-0.038170218 0.049247459 -0.998057127 -98.401214600 -0.001445009 0.998781085 0.049338449 -0.860186577 0.999270320 0.003325457 -0.038052559 366.287719727
-0.045534015 0.046860963 -0.997863233 -98.996002197 -0.000545608 0.998897851 0.046934452 -0.838752747 0.998962820 0.002681546 -0.045458198 366.258331299
-0.053297400 0.047437809 -0.997451365 -99.588500977 -0.000878683 0.998868346 0.047552153 -0.826942444 0.998578429 0.003410845 -0.053195477 366.210388184
-0.060486078 0.048063762 -0.997011185 -100.190032959 0.000777102 0.998842001 0.048104879 -0.796747208 0.998168766 0.002134894 -0.060453415 366.174743652
-0.067983985 0.048286542 -0.996517241 -100.772979736 -0.000004207 0.998828113 0.048398804 -0.777162552 0.997686446 0.003294537 -0.067904115 366.126953125
-0.074648976 0.045862760 -0.996154726 -101.359161377 -0.000371620 0.998940527 0.046018869 -0.757576942 0.997209847 0.003805452 -0.074552894 366.065673828
-0.081467152 0.041985609 -0.995791495 -101.946136475 -0.002205349 0.999102294 0.042305630 -0.739461899 0.996673763 0.005642581 -0.081301451 366.005371094
-0.087755919 0.038950488 -0.995380282 -102.522216797 -0.001311852 0.999229848 0.039216787 -0.723959923 0.996141195 0.004747292 -0.087637186 365.955444336
-0.094120502 0.036384579 -0.994895816 -103.099731445 -0.000757452 0.999329031 0.036618367 -0.706651688 0.995560586 0.004200122 -0.094029784 365.894348145
-0.099534035 0.033673335 -0.994464338 -103.671783447 -0.001201104 0.999422431 0.033961441 -0.690109730 0.995033562 0.004574770 -0.099436164 365.824615479
-0.105137944 0.032503124 -0.993926346 -104.263183594 -0.003236663 0.999449253 0.033026110 -0.675065041 0.994452417 0.006689304 -0.104974866 365.754333496
-0.109517932 0.032259814 -0.993461251 -104.840728760 -0.004953210 0.999443054 0.033000097 -0.669507027 0.993972540 0.008534921 -0.109297156 365.674163818
-0.114294171 0.031585403 -0.992944837 -105.434875488 -0.004523985 0.999467552 0.032313630 -0.655161381 0.993436754 0.008185324 -0.114090443 365.611602783
-0.118608594 0.031344533 -0.992446423 -106.033050537 -0.003568496 0.999481738 0.031993210 -0.640696049 0.992934823 0.007336204 -0.118435264 365.534820557
-0.122253418 0.030322064 -0.992035806 -106.645172119 -0.004517484 0.999505877 0.031107103 -0.623011589 0.992488801 0.008284447 -0.122056007 365.448974609
-0.125598550 0.028090926 -0.991683602 -107.247070312 -0.009565928 0.999518275 0.029524403 -0.612744808 0.992035270 0.013194588 -0.125269413 365.355682373
-0.128160000 0.026657851 -0.991395175 -107.887359619 -0.012578427 0.999514580 0.028502220 -0.598199844 0.991673768 0.016123036 -0.127762556 365.277160645
-0.129411101 0.025944980 -0.991251707 -108.521392822 -0.013047817 0.999526560 0.027865002 -0.585247993 0.991505325 0.016539706 -0.129011273 365.187530518
-0.130126953 0.025362000 -0.991173029 -109.156158447 -0.011002339 0.999574304 0.027021425 -0.567553043 0.991436362 0.014421436 -0.129792571 365.103576660
-0.130259871 0.027169563 -0.991107702 -109.808837891 -0.012554447 0.999499142 0.029049614 -0.559675694 0.991400540 0.016226804 -0.129853487 365.004425049
-0.129664540 0.031490050 -0.991057873 -110.475616455 -0.012280635 0.999367893 0.033360828 -0.543985844 0.991482019 0.016496530 -0.129195809 364.923156738
-0.129523754 0.036726043 -0.990895987 -111.149841309 -0.015528929 0.999116182 0.039060555 -0.523673058 0.991454780 0.020446822 -0.128839016 364.824279785
-0.128949642 0.048613813 -0.990458965 -111.849670410 -0.016917437 0.998544455 0.051213179 -0.492674828 0.991506994 0.023359936 -0.127939463 364.734069824
-0.126985669 0.058743928 -0.990163565 -112.565063477 -0.020384837 0.997879386 0.061815981 -0.461058617 0.991695106 0.028034056 -0.125518799 364.634796143
-0.124331474 0.061411630 -0.990338564 -113.274414062 -0.022053510 0.997665286 0.064634658 -0.430877686 0.991995752 0.029876551 -0.122686744 364.543609619
-0.121547818 0.052652057 -0.991188288 -113.997467041 -0.026550870 0.998062313 0.056273099 -0.402268887 0.992230594 0.033156771 -0.119914293 364.453063965
-0.116767287 0.036459520 -0.992489874 -114.717132568 -0.028654117 0.998786271 0.040062007 -0.365746498 0.992745876 0.033116851 -0.115580916 364.359985352
-0.113510132 0.032561861 -0.993003190 -115.475006104 -0.030905591 0.998863399 0.036286838 -0.324607372 0.993056118 0.034808271 -0.112374783 364.269897461
-0.108698726 0.042908803 -0.993148267 -116.281585693 -0.029274756 0.998496473 0.046343960 -0.283516407 0.993643582 0.034111701 -0.107279181 364.182525635
-0.104825854 0.061744500 -0.992572010 -117.076019287 -0.029790893 0.997427881 0.065192796 -0.256278992 0.994044304 0.036403496 -0.102716804 364.097045898
-0.100811839 0.066229515 -0.992698729 -117.891906738 -0.027873619 0.997202158 0.069360629 -0.220501900 0.994515002 0.034662478 -0.098683715 364.017578125
-0.097503662 0.056469630 -0.993631899 -118.712921143 -0.027835349 0.997843683 0.059440434 -0.174533844 0.994845927 0.033453740 -0.095721602 363.935974121
-0.093902826 0.038656328 -0.994830668 -119.534301758 -0.029020607 0.998715043 0.041546542 -0.132812500 0.995158315 0.032771926 -0.092660308 363.857543945
-0.089766264 0.028939847 -0.995542288 -120.379455566 -0.031720262 0.998987615 0.031900156 -0.091350555 0.995457530 0.034442421 -0.088757396 363.777832031
-0.085749149 0.032473482 -0.995787442 -121.244750977 -0.037726171 0.998646080 0.035815377 -0.059289455 0.995602250 0.040638383 -0.084407926 363.692291260
-0.080477595 0.042855609 -0.995834887 -122.136810303 -0.043678045 0.997963965 0.046477038 -0.029995918 0.995799184 0.047236461 -0.078441858 363.607666016
-0.073964953 0.046359062 -0.996182799 -123.039062500 -0.047178298 0.997637808 0.049929686 0.001128197 0.996144354 0.050691247 -0.071603060 363.526397705
-0.067176700 0.036922276 -0.997057676 -123.940917969 -0.049632616 0.997954190 0.040299471 0.031470060 0.996505857 0.052193772 -0.065206766 363.465881348
-0.059378862 0.022531044 -0.997981191 -124.846588135 -0.047148138 0.998566210 0.025349524 0.063790023 0.997121453 0.048558187 -0.058231473 363.405761719
-0.051992655 0.014978828 -0.998535097 -125.774658203 -0.040125821 0.999048710 0.017075844 0.087110639 0.997840941 0.040954862 -0.051342249 363.363464355
-0.045501232 0.020008594 -0.998763859 -126.723419189 -0.035849925 0.999122679 0.021649018 0.105232254 0.998320758 0.036790665 -0.044744015 363.337280273
-0.037865400 0.032418277 -0.998756886 -127.700820923 -0.032977458 0.998888671 0.033672813 0.126069546 0.998738587 0.034211490 -0.036754251 363.295196533
-0.031738639 0.042421211 -0.998595595 -128.684494019 -0.030534912 0.998591423 0.043391529 0.151292324 0.999029696 0.031869214 -0.030398607 363.280700684
-0.026617289 0.043216757 -0.998711228 -129.655166626 -0.028649893 0.998621702 0.043976448 0.185739994 0.999235213 0.029783493 -0.025342464 363.253112793
-0.022593141 0.039403968 -0.998968065 -130.646926880 -0.027841724 0.998810589 0.040027436 0.217944145 0.999357104 0.028717326 -0.021469116 363.226562500
-0.019986629 0.035966877 -0.999153137 -131.623352051 -0.026527196 0.998981833 0.036491349 0.253839493 0.999448299 0.027234068 -0.019012094 363.200042725
-0.019326210 0.036624707 -0.999142289 -132.613235474 -0.024744835 0.999005198 0.037098322 0.281105518 0.999507070 0.025440579 -0.018400788 363.178833008
-0.019481301 0.037906140 -0.999091506 -133.616912842 -0.022300163 0.999015987 0.038338106 0.308285713 0.999561608 0.023026774 -0.018616796 363.168457031
-0.019741774 0.039167836 -0.999037623 -134.605117798 -0.022109669 0.998970866 0.039602123 0.333324432 0.999560654 0.022870203 -0.018855453 363.141906738
-0.022069454 0.041706756 -0.998886228 -135.601364136 -0.023248903 0.998837888 0.042218402 0.369560242 0.999486208 0.024154739 -0.021074176 363.116027832
-0.024291992 0.046605330 -0.998618126 -136.607925415 -0.023901332 0.998600125 0.047185913 0.397342682 0.999419332 0.025014536 -0.023144126 363.078857422
-0.027581573 0.046710268 -0.998527706 -137.608749390 -0.023169305 0.998609424 0.047354080 0.424202919 0.999351084 0.024441287 -0.026460886 363.051300049
-0.031076312 0.039245941 -0.998746216 -138.595184326 -0.020391649 0.998995960 0.039890248 0.456387043 0.999309003 0.021605724 -0.030244827 363.020385742
-0.034174919 0.031516198 -0.998918891 -139.574111938 -0.015870083 0.999359548 0.032073047 0.485988140 0.999289930 0.016949017 -0.033652902 362.975097656
-0.037664294 0.029583916 -0.998852432 -140.571960449 -0.010952082 0.999489427 0.030015757 0.514866352 0.999230444 0.012070036 -0.037321091 362.942932129
-0.041395903 0.036783490 -0.998465657 -141.561691284 -0.007649258 0.999281168 0.037130672 0.526111126 0.999113679 0.009174572 -0.041084766 362.915222168
-0.044650197 0.042700611 -0.998089731 -142.550491333 -0.007098411 0.999047279 0.043059133 0.550252914 0.998977482 0.009007450 -0.044304490 362.873321533
-0.047518849 0.043753903 -0.997911692 -143.541290283 -0.009118919 0.998979509 0.044234954 0.584244728 0.998828828 0.011201862 -0.047071338 362.822998047
-0.050019026 0.040518906 -0.997926116 -144.516769409 -0.013324532 0.999060690 0.041232843 0.610867977 0.998659492 0.015359320 -0.049432158 362.760620117
-0.051378608 0.036745653 -0.998003125 -145.502609253 -0.018183291 0.999122798 0.037722979 0.642269611 0.998513818 0.020085126 -0.050665379 362.691833496
-0.053494692 0.034277160 -0.997979701 -146.477661133 -0.019048123 0.999193788 0.035339896 0.666359425 0.998386502 0.020900132 -0.052798629 362.630920410
-0.055534482 0.033611849 -0.997891009 -147.437026978 -0.018292982 0.999231219 0.034675032 0.687976360 0.998289347 0.020180056 -0.054876924 362.565246582
-0.057604909 0.035671074 -0.997701943 -148.435363770 -0.016531475 0.999190390 0.036678776 0.717696190 0.998202562 0.018606363 -0.056968570 362.521118164
-0.059626698 0.041168116 -0.997371495 -149.401321411 -0.011513826 0.999054372 0.041925918 0.737293243 0.998154342 0.013983462 -0.059096336 362.459289551
-0.063296914 0.048023108 -0.996838748 -150.391799927 -0.011361972 0.998742163 0.048836268 0.779581070 0.997930169 0.014417232 -0.062671661 362.408569336
-0.066410899 0.051827818 -0.996445596 -151.352203369 -0.009873128 0.998567045 0.052596189 0.812580109 0.997743666 0.013330981 -0.065804005 362.339721680
-0.070165992 0.050117876 -0.996275544 -152.316665649 -0.011301959 0.998633027 0.051032446 0.842641830 0.997471333 0.014840604 -0.069503546 362.269073486
-0.073898077 0.042590331 -0.996356010 -153.272384644 -0.013542707 0.998952627 0.043705769 0.875618935 0.997173905 0.016723122 -0.073243856 362.191711426
-0.076361775 0.036745816 -0.996402860 -154.224349976 -0.015552047 0.999155223 0.038039189 0.909625053 0.996958911 0.018400840 -0.075725794 362.112274170
-0.077869654 0.037568007 -0.996255517 -155.181427002 -0.013155623 0.999164045 0.038705964 0.940715313 0.996876776 0.016120384 -0.077310324 362.033264160
-0.079805613 0.043079928 -0.995879114 -156.139434814 -0.011446713 0.998960197 0.044130500 0.963410378 0.996744752 0.014921404 -0.079229474 361.962829590
-0.081171870 0.048096765 -0.995539129 -157.086669922 -0.010599151 0.998736858 0.049115468 0.992495537 0.996643901 0.014538656 -0.080559611 361.877838135
-0.082783699 0.050175004 -0.995303631 -158.028915405 -0.007449354 0.998672664 0.050964434 1.028355598 0.996539712 0.011633391 -0.082300067 361.804138184
-0.082993269 0.052118365 -0.995186269 -158.976394653 -0.006741311 0.998579264 0.052858245 1.064824104 0.996527255 0.011095743 -0.082524061 361.722320557
-0.083054423 0.053578049 -0.995103836 -159.913940430 -0.008222566 0.998482823 0.054446265 1.099189758 0.996511221 0.012704296 -0.082487822 361.638366699
-0.082738519 0.052507222 -0.995187163 -160.846313477 -0.010897460 0.998503685 0.053588204 1.137715340 0.996511817 0.015278814 -0.082042575 361.555480957
-0.082230091 0.050418861 -0.995337248 -161.773422241 -0.014398493 0.998555183 0.051771402 1.174086571 0.996509373 0.018588526 -0.081385374 361.471954346
-0.081088781 0.047948129 -0.995553076 -162.697250366 -0.017824471 0.998612702 0.049547315 1.209171295 0.996547639 0.021762930 -0.080121636 361.388610840
-0.079576135 0.045222729 -0.995802641 -163.622955322 -0.016745960 0.998768806 0.046695631 1.237588882 0.996688306 0.020391520 -0.078720927 361.310607910
-0.078520775 0.042342100 -0.996013045 -164.550903320 -0.015528080 0.998924434 0.043690033 1.264929295 0.996791720 0.018896736 -0.077778816 361.237731934
-0.076665998 0.041962758 -0.996173561 -165.486602783 -0.014475313 0.998961806 0.043194242 1.302204132 0.996951938 0.017731443 -0.075978994 361.162902832
-0.075514793 0.046805173 -0.996045589 -166.380081177 -0.013332630 0.998761058 0.047943585 1.322420120 0.997055590 0.016900355 -0.074797273 361.097412109
-0.074770331 0.053173326 -0.995782316 -167.295516968 -0.010927849 0.998473704 0.054137591 1.356523514 0.997141123 0.014929634 -0.074075103 361.031829834
-0.073897362 0.056012429 -0.995691657 -168.187118530 -0.009688281 0.998333991 0.056880113 1.395500183 0.997218847 0.013849828 -0.073231578 360.963439941
-0.072437167 0.055675678 -0.995817840 -169.077331543 -0.011208993 0.998332202 0.056631617 1.428177834 0.997309983 0.015264354 -0.071692348 360.890533447
-0.070797920 0.053878713 -0.996034503 -169.970077515 -0.009758437 0.998454988 0.054703277 1.461638451 0.997442901 0.013592620 -0.070162773 360.831817627
-0.070065856 0.051522151 -0.996211171 -170.834396362 -0.010372598 0.998573661 0.052373875 1.493597984 0.997488618 0.014002909 -0.069431543 360.769409180
-0.069182873 0.052274320 -0.996233523 -171.690704346 -0.011730699 0.998514533 0.053208645 1.525811195 0.997535110 0.015367639 -0.068466902 360.703430176
-0.068593264 0.055562761 -0.996096313 -172.523132324 -0.013159246 0.998310626 0.056592453 1.564925194 0.997557938 0.016989734 -0.067746282 360.635070801
-0.067863107 0.058279850 -0.995990992 -173.351867676 -0.011608825 0.998178720 0.059198845 1.592196465 0.997627139 0.015579703 -0.067062974 360.579650879
-0.067067981 0.054022394 -0.996284962 -174.150360107 -0.006875588 0.998484373 0.054604512 1.623116493 0.997724891 0.010512252 -0.066594958 360.527282715
-0.066770554 0.047212072 -0.996650934 -174.931304932 -0.004021518 0.998859048 0.047586102 1.649653435 0.997760415 0.007185393 -0.066504598 360.479644775
-0.067243457 0.043925982 -0.996769249 -175.694580078 -0.002783424 0.999018252 0.044212867 1.678099632 0.997732759 0.005747456 -0.067055225 360.429901123
-0.067019582 0.048920285 -0.996551692 -176.429672241 0.000887065 0.998799801 0.048970990 1.705673218 0.997751296 0.002398006 -0.066982627 360.378448486
-0.068073869 0.056502927 -0.996079206 -177.157562256 0.006760415 0.998398185 0.056172468 1.729828835 0.997657597 -0.002910047 -0.068346739 360.335968018
-0.069792747 0.059717271 -0.995772600 -177.857147217 0.006164277 0.998213351 0.059431605 1.752318382 0.997542620 -0.001990330 -0.070036173 360.281677246
-0.071428180 0.056040082 -0.995870233 -178.542205811 0.005726408 0.998427033 0.055773236 1.771338463 0.997429311 -0.001718982 -0.071636677 360.231567383
-0.074855089 0.047639150 -0.996055901 -179.192184448 0.003073272 0.998864472 0.047542520 1.792140007 0.997189701 0.000497650 -0.074916482 360.178771973
-0.077114701 0.041051850 -0.996176720 -179.814559937 0.002194152 0.999156535 0.041004796 1.812227249 0.997019827 0.000976311 -0.077139735 360.116577148
-0.079676747 0.039792590 -0.996026158 -180.437088013 -0.002640192 0.999190986 0.040130228 1.834319115 0.996817231 0.005827148 -0.079507232 360.057250977
-0.084273219 0.042344805 -0.995542526 -181.042770386 -0.004558522 0.999069810 0.042880718 1.856647491 0.996432245 0.008151902 -0.084001780 360.000579834
-0.089271665 0.047048483 -0.994895518 -181.633804321 -0.005683026 0.998843372 0.047745116 1.865779877 0.995991111 0.009916303 -0.088901043 359.938049316
-0.095332146 0.049406935 -0.994218647 -182.227020264 -0.005076038 0.998730421 0.050117869 1.877958298 0.995432556 0.009824534 -0.094960332 359.878112793
-0.104131818 0.050532367 -0.993279040 -182.798080444 -0.004230550 0.998676896 0.051250495 1.895579338 0.994554639 0.009538921 -0.103780270 359.814605713
-0.115903139 0.050459914 -0.991978109 -183.350433350 -0.001276270 0.998700321 0.050950985 1.910320282 0.993259847 0.007171402 -0.115688086 359.734863281
-0.132413149 0.048934091 -0.989985943 -183.896987915 0.001171263 0.998787642 0.049212493 1.932997704 0.991193891 0.005356846 -0.132309914 359.658691406
-0.153093338 0.047365293 -0.987076044 -184.428405762 0.003002761 0.998868346 0.047465436 1.952947617 0.988207221 0.004302685 -0.153062224 359.560607910
-0.178878427 0.046381667 -0.982777357 -184.948211670 0.004788794 0.998917401 0.046271767 1.972148895 0.983859539 0.003570703 -0.178906918 359.451110840
-0.209015369 0.045999702 -0.976830006 -185.466552734 0.005930800 0.998934329 0.045771584 1.985529900 0.977894485 0.003773576 -0.209065437 359.311645508
-0.243735790 0.046534184 -0.968724608 -185.971801758 0.006736120 0.998905361 0.046289120 2.002040863 0.969818234 0.004756874 -0.243782520 359.165710449
-0.282816291 0.046992119 -0.958022356 -186.461730957 0.009165343 0.998885930 0.046290845 2.017987251 0.959130406 0.004311194 -0.282931924 358.988647461
-0.326410413 0.047498457 -0.944034100 -186.932983398 0.012725376 0.998866916 0.045857400 2.037365913 0.945142627 0.002955142 -0.326645017 358.796569824
-0.374072909 0.047966477 -0.926158130 -187.404327393 0.016530048 0.998847723 0.045054693 2.053987503 0.927252114 0.001544294 -0.374434829 358.583221436
-0.423859596 0.049632598 -0.904367089 -187.815246582 0.019608591 0.998766243 0.045623153 2.060834885 0.905515730 0.001604443 -0.424309850 358.373168945
-0.474049926 0.051251590 -0.879005075 -188.218841553 0.022655591 0.998683989 0.046011407 2.070367813 0.880206466 0.001897326 -0.474587202 358.128540039
-0.524196863 0.052087501 -0.850002885 -188.616424561 0.024776375 0.998637974 0.045916159 2.089186668 0.851236820 0.003009113 -0.524773479 357.848175049
-0.574923754 0.052281231 -0.816534996 -189.002227783 0.024940016 0.998612523 0.046379007 2.108471870 0.817826807 0.006299997 -0.575430036 357.538482666
-0.626001477 0.053120408 -0.778010786 -189.363494873 0.024976652 0.998531163 0.048080273 2.117567062 0.779422045 0.010666207 -0.626408696 357.203643799
-0.676312447 0.053324834 -0.734682620 -189.707824707 0.025158601 0.998466551 0.049311094 2.130985260 0.736185551 0.014866106 -0.676616907 356.833862305
-0.724582076 0.051686920 -0.687247634 -190.051422119 0.026725329 0.998540998 0.046921682 2.163146019 0.688670158 0.015631689 -0.724906206 356.430419922
-0.770384312 0.051209752 -0.635520160 -190.352691650 0.028897027 0.998549342 0.045433108 2.189686775 0.636924863 0.016636305 -0.770746589 356.006591797
-0.812859654 0.051718727 -0.580159366 -190.635437012 0.030288169 0.998455644 0.046571407 2.204640865 0.581672013 0.020284045 -0.813170791 355.547424316
-0.851322651 0.047583245 -0.522480130 -190.875854492 0.027739607 0.998567998 0.045742884 2.233493567 0.523908556 0.024448559 -0.851423502 355.064056396
-0.884968519 0.046048831 -0.463368386 -191.071105957 0.027662087 0.998539746 0.046402629 2.243176222 0.464828551 0.028247129 -0.884950042 354.589477539
-0.915120244 0.045806434 -0.400571138 -191.253448486 0.029766787 0.998489678 0.046176750 2.265904188 0.402081341 0.030333553 -0.915101647 354.081054688
-0.939952254 0.050617743 -0.337532073 -191.416961670 0.036540840 0.998181939 0.047933452 2.275182247 0.339344710 0.032721445 -0.940093040 353.535736084
-0.959834695 0.053075809 -0.275500357 -191.563415527 0.041639160 0.998017192 0.047200870 2.308452368 0.277459323 0.033833425 -0.960141540 352.966552734
-0.974611044 0.053592574 -0.217397302 -191.661254883 0.044361968 0.997903466 0.047123678 2.315703630 0.219466999 0.036283076 -0.974945188 352.403137207
-0.984905243 0.050286379 -0.165629834 -191.727966309 0.043726329 0.998116851 0.043020010 2.350160122 0.167481259 0.035128243 -0.985249400 351.835296631
-0.991755009 0.045242097 -0.119897842 -191.769470215 0.040590476 0.998335958 0.040959939 2.370606661 0.121551439 0.035755508 -0.991941094 351.237274170
-0.995679259 0.040298294 -0.083660811 -191.776596069 0.037179794 0.998566449 0.038505293 2.385175228 0.085092582 0.035228424 -0.995750189 350.634552002
-0.997891784 0.036281001 -0.053813916 -191.801193237 0.034133073 0.998604059 0.040310148 2.408877373 0.055201285 0.038388323 -0.997737050 350.015228271
-0.998826265 0.036202747 -0.032179687 -191.801040649 0.034855243 0.998530626 0.041492730 2.431818485 0.033634555 0.040322393 -0.998620510 349.380554199
-0.999222994 0.036450196 -0.014994005 -191.795684814 0.035827052 0.998560488 0.039917000 2.450312614 0.016427403 0.039348796 -0.999090552 348.743896484
-0.999220371 0.039479893 0.000582083 -191.793807983 0.039476868 0.998642802 0.033972815 2.467110157 0.000759950 0.033969298 -0.999422669 348.087585449
-0.998907804 0.044259164 0.014995863 -191.780502319 0.044638861 0.998664558 0.026009457 2.482385635 -0.013824680 0.026650442 -0.999549508 347.436767578
-0.998426914 0.047915183 0.029121406 -191.755981445 0.048422366 0.998682797 0.016967420 2.503173113 -0.028270051 0.018350855 -0.999431968 346.763397217
-0.997923493 0.046590317 0.044476014 -191.714736938 0.047230121 0.998793542 0.013444076 2.516590118 -0.043795995 0.015516766 -0.998920083 346.082092285
-0.997360706 0.043908894 0.057822283 -191.662231445 0.044749901 0.998909295 0.013330405 2.523949146 -0.057173893 0.015882764 -0.998237848 345.373718262
-0.996642351 0.043205477 0.069550805 -191.606124878 0.044294678 0.998917639 0.014194454 2.529883385 -0.068862252 0.017227525 -0.997477412 344.652282715
-0.995978355 0.043741837 0.078191899 -191.539047241 0.044873446 0.998911023 0.012773335 2.537968159 -0.077548020 0.016230704 -0.996856570 343.931762695
-0.995656133 0.041606184 0.083294220 -191.462966919 0.042810988 0.999002099 0.012730205 2.541615248 -0.082681447 0.016240815 -0.996443748 343.185180664
-0.995422840 0.037881128 0.087740757 -191.394271851 0.039146066 0.999152243 0.012740641 2.546243668 -0.087183751 0.016117031 -0.996061921 342.423645020
-0.995119810 0.036408037 0.091713302 -191.319564819 0.037625998 0.999224722 0.011585671 2.556010246 -0.091220386 0.014979933 -0.995718241 341.659851074
-0.994711637 0.036118120 0.096146800 -191.239532471 0.037519157 0.999213874 0.012803470 2.559860945 -0.095608778 0.016343107 -0.995284796 340.882904053
-0.994123936 0.037550949 0.101526834 -191.155914307 0.039146110 0.999138713 0.013764633 2.570353508 -0.100922510 0.017658131 -0.994737744 340.083648682
-0.993789911 0.034889609 0.105663151 -191.060150146 0.036954083 0.999161184 0.017643295 2.569328070 -0.104958951 0.021438409 -0.994245648 339.289276123
-0.993340492 0.031130224 0.110930875 -190.959075928 0.033402033 0.999267399 0.018679837 2.577015400 -0.110268101 0.022260753 -0.993652582 338.477783203
-0.992833138 0.029386852 0.115841135 -190.852325439 0.031910997 0.999290705 0.019995315 2.585930109 -0.115171365 0.023548612 -0.993066669 337.648345947
-0.992418408 0.028608266 0.119529106 -190.737060547 0.031067189 0.999341249 0.018758850 2.594486952 -0.118913710 0.022330062 -0.992653489 336.800506592
-0.992269158 0.025719475 0.121411107 -190.623519897 0.027666435 0.999513805 0.014377408 2.605347633 -0.120982297 0.017625269 -0.992498279 335.957946777
-0.992205977 0.023458749 0.122381978 -190.514312744 0.024914101 0.999635756 0.010374991 2.616279125 -0.122094013 0.013343163 -0.992429018 335.101440430
-0.992293358 0.022490062 0.121855065 -190.398544312 0.023600206 0.999692023 0.007674572 2.622637272 -0.121644937 0.010491229 -0.992518544 334.228759766
-0.992482543 0.022601059 0.120280743 -190.290618896 0.023904195 0.999670029 0.009402132 2.620621204 -0.120028555 0.012206666 -0.992695332 333.341339111
-0.992680073 0.020785831 0.118971519 -190.185272217 0.022442099 0.999668777 0.012598633 2.620852709 -0.118670240 0.015176383 -0.992817760 332.446105957
-0.993034363 0.018269304 0.116400622 -190.065597534 0.020032048 0.999701440 0.013991850 2.625159740 -0.116110243 0.016226130 -0.993103862 331.524444580
-0.993366838 0.016830903 0.113750637 -189.953918457 0.018527891 0.999732018 0.013877731 2.631647825 -0.113486581 0.015893236 -0.993412375 330.609863281
-0.993706107 0.014554647 0.111069709 -189.844528198 0.016312724 0.999755383 0.014936262 2.640953541 -0.110825144 0.016654102 -0.993700385 329.689971924
-0.994049549 0.012269182 0.108236060 -189.736785889 0.014152940 0.999761164 0.016653158 2.642485619 -0.108005889 0.018085923 -0.993985772 328.769134521
-0.994253993 0.012141591 0.106356576 -189.635528564 0.014345482 0.999697447 0.019981222 2.650033951 -0.106081791 0.021392146 -0.994127393 327.838287354
-0.994574070 0.011050777 0.103442296 -189.529266357 0.013671900 0.999602318 0.024664329 2.668275356 -0.103128597 0.025944756 -0.994329691 326.912567139
-0.994816065 0.010342870 0.101165242 -189.430313110 0.013639491 0.999396443 0.031949274 2.680762291 -0.100773729 0.033163488 -0.994356751 325.980895996
-0.995053887 0.009369351 0.098894507 -189.329711914 0.012941713 0.999284327 0.035543483 2.699688911 -0.098490715 0.036647540 -0.994462967 325.035064697
-0.995244741 0.007670016 0.097104773 -189.240722656 0.011038478 0.999354064 0.034199391 2.712401390 -0.096779741 0.035108645 -0.994686604 324.103515625
-0.995484591 0.005777677 0.094748512 -189.142333984 0.008667816 0.999508679 0.030120138 2.737403870 -0.094527937 0.030805394 -0.995045543 323.175354004
-0.995672226 0.006900958 0.092679828 -189.051696777 0.009601443 0.999541283 0.028723583 2.750123978 -0.092439093 0.029489130 -0.995281696 322.242401123
-0.995857716 0.005070721 0.090782270 -188.962509155 0.007803631 0.999526203 0.029774403 2.766563416 -0.090588272 0.030359505 -0.995425463 321.314483643
-0.996014595 0.007567048 0.088869579 -188.879943848 0.010217434 0.999515295 0.029406384 2.784605980 -0.088603988 0.030197203 -0.995609164 320.381042480
-0.996129751 0.009345177 0.087397933 -188.798294067 0.011819971 0.999542475 0.027841873 2.796319008 -0.087097757 0.028767157 -0.995784521 319.450408936
-0.996315718 0.008405240 0.085350648 -188.710845947 0.010730632 0.999582589 0.026823029 2.811395645 -0.085089572 0.027640067 -0.995990038 318.512145996
-0.996495128 0.004274096 0.083544135 -188.621887207 0.006503887 0.999629319 0.026436076 2.825671196 -0.083400175 0.026886776 -0.996153593 317.594787598
-0.996670842 0.000411427 0.081528611 -188.533935547 0.002423635 0.999694824 0.024583584 2.839179993 -0.081493616 0.024699340 -0.996367693 316.668029785
-0.996842742 -0.002910416 0.079347506 -188.451690674 -0.000995606 0.999707580 0.024160832 2.857368469 -0.079394624 0.024005551 -0.996554136 315.730987549
-0.997021914 -0.006419522 0.076850921 -188.366622925 -0.004447781 0.999657214 0.025800422 2.874320984 -0.076990210 0.025381770 -0.996708751 314.789978027
-0.997204185 -0.010692107 0.073957495 -188.279418945 -0.008655015 0.999575734 0.027809946 2.890380859 -0.074223466 0.027092090 -0.996873617 313.845611572
-0.997335076 -0.010696520 0.072171293 -188.201370239 -0.008577962 0.999525011 0.029600943 2.914096832 -0.072453640 0.028902968 -0.996953011 312.908843994
-0.997539163 -0.004170738 0.069985688 -188.142715454 -0.002107821 0.999561846 0.029524265 2.929802895 -0.070078164 0.029304096 -0.997110844 311.949859619
-0.997674704 0.003185224 0.068083622 -188.093978882 0.004977945 0.999644935 0.026177751 2.944420338 -0.067976058 0.026455792 -0.997336268 310.974212646
-0.997774124 0.002779863 0.066630930 -188.026351929 0.004360763 0.999712169 0.023592535 2.962208271 -0.066546164 0.023830574 -0.997499108 310.033111572
-0.997820616 0.001569582 0.065972686 -187.960083008 0.003414831 0.999605834 0.027866447 2.987364769 -0.065902941 0.028030990 -0.997432590 309.068786621
-0.997859836 0.003243375 0.065311432 -187.896881104 0.005654634 0.999307811 0.036768459 2.998471260 -0.065146968 0.037059076 -0.997187495 308.097778320
-0.997851014 0.004166579 0.065391198 -187.826370239 0.006670464 0.999250948 0.038119368 3.020505905 -0.065183386 0.038473636 -0.997131348 307.149932861
-0.997855783 -0.002730886 0.065398127 -187.741653442 -0.000514849 0.999425828 0.033878237 3.036375046 -0.065453097 0.033771917 -0.997284293 306.217742920
-0.997733951 -0.005886563 0.067025147 -187.672561646 -0.004140868 0.999649346 0.026154570 3.054236412 -0.067155607 0.025817759 -0.997408509 305.264099121
-0.997604370 -0.001988126 0.069150843 -187.609313965 -0.000483850 0.999763012 0.021763502 3.067552090 -0.069177724 0.021677902 -0.997368932 304.321441650
-0.997558475 -0.001846257 0.069816709 -187.533096313 -0.000427849 0.999793291 0.020325679 3.076681137 -0.069839805 0.020246174 -0.997353077 303.379241943
-0.997507572 -0.002096890 0.070528135 -187.463302612 -0.000538424 0.999755442 0.022108838 3.083640575 -0.070557244 0.022015758 -0.997264743 302.433258057
-0.997487307 -0.000751700 0.070844747 -187.392181396 0.000909758 0.999725401 0.023416920 3.093581200 -0.070842892 0.023422526 -0.997212648 301.490478516
-0.997581363 -0.001889062 0.069484204 -187.319702148 -0.000233509 0.999716103 0.023826724 3.101236820 -0.069509484 0.023752866 -0.997298598 300.562805176
-0.997750998 -0.002251668 0.066990234 -187.249298096 -0.000740936 0.999745011 0.022567835 3.112504005 -0.067023970 0.022467446 -0.997498274 299.626281738
-0.997916579 -0.002698605 0.064463504 -187.187667847 -0.001268339 0.999752343 0.022217860 3.117553234 -0.064507492 0.022089807 -0.997672915 298.699981689
-0.998068333 -0.001416152 0.062109992 -187.128234863 0.000142975 0.999685168 0.025091058 3.129513264 -0.062125970 0.025051469 -0.997753978 297.776977539
-0.998249292 -0.001836812 0.059124425 -187.067428589 -0.000409240 0.999708295 0.024148267 3.135713100 -0.059151534 0.024081785 -0.997958779 296.850769043
-0.998438954 -0.002125378 0.055814635 -187.002517700 -0.000971002 0.999785244 0.020701313 3.142061234 -0.055846646 0.020614801 -0.998226523 295.921508789
-0.998509049 0.001421220 0.054572474 -186.960708618 0.002382820 0.999843001 0.017559592 3.155438900 -0.054538950 0.017663442 -0.998355627 294.987030029
-0.998549104 0.000548978 0.053845391 -186.905120850 0.001664068 0.999785066 0.020666467 3.171260357 -0.053822473 0.020726087 -0.998335361 294.053497314
-0.998596668 0.000093139 0.052963585 -186.845520020 0.001445963 0.999673665 0.025504792 3.181455135 -0.052943926 0.025545577 -0.998270869 293.116699219
-0.998597503 0.002024740 0.052906130 -186.797332764 0.003404950 0.999655843 0.026010808 3.190215111 -0.052835260 0.026154470 -0.998260736 292.195281982
-0.998587370 0.002696394 0.053069793 -186.744064331 0.003881490 0.999745131 0.022240520 3.204176903 -0.052996296 0.022415087 -0.998343229 291.271545410
-0.998464465 0.004878890 0.055180840 -186.695159912 0.005896747 0.999815166 0.018298099 3.217321396 -0.055081367 0.018595388 -0.998308778 290.335327148
-0.998285055 0.009985182 0.057685524 -186.633911133 0.011055754 0.999771953 0.018269526 3.224753380 -0.057489946 0.018875947 -0.998167872 289.409484863
-0.997974038 0.014411472 0.061967764 -186.586822510 0.015679177 0.999676645 0.020020090 3.233165979 -0.061659206 0.020951133 -0.997877240 288.493316650
-0.997593760 0.018229019 0.066892363 -186.528457642 0.019607682 0.999607444 0.020011773 3.240527868 -0.066501312 0.021275220 -0.997559547 287.563507080
-0.997371197 0.013362237 0.071219742 -186.451431274 0.014654337 0.999736786 0.017650897 3.249374151 -0.070965149 0.018648172 -0.997304440 286.644561768
-0.997206330 0.009150621 0.074136205 -186.361877441 0.010309571 0.999830306 0.015265141 3.250590324 -0.073983938 0.015986804 -0.997131467 285.714172363
-0.997015834 0.008543534 0.076726772 -186.286895752 0.010075742 0.999757051 0.019604802 3.259464264 -0.076540634 0.020319372 -0.996859670 284.775695801
-0.996995687 0.007938808 0.077053756 -186.207107544 0.009876464 0.999643683 0.024798388 3.266810894 -0.076829426 0.025484895 -0.996718764 283.837707520
-0.997012496 0.006456029 0.076970525 -186.125930786 0.008692435 0.999548674 0.028755825 3.280989170 -0.076750137 0.029338978 -0.996618629 282.879852295
-0.996886849 0.008860529 0.078351110 -186.051208496 0.010615462 0.999701381 0.022010230 3.295298576 -0.078132689 0.022773433 -0.996683121 281.928649902
-0.996766567 0.015269031 0.078887887 -185.976287842 0.016453221 0.999761164 0.014382899 3.305289984 -0.078649431 0.015634352 -0.996779799 280.998474121
-0.996665239 0.018239399 0.079534307 -185.898971558 0.019149503 0.999759436 0.010695158 3.313078165 -0.079320103 0.012182534 -0.996774673 280.047637939
-0.996760488 0.015619820 0.078896679 -185.814208984 0.016969187 0.999720514 0.016461527 3.317203045 -0.078617498 0.017747009 -0.996747017 279.096282959
-0.996767521 0.013865004 0.079139151 -185.734069824 0.015790939 0.999592900 0.023762329 3.320187569 -0.078777470 0.024935191 -0.996580720 278.141754150
-0.996846318 0.011499778 0.078518853 -185.648986816 0.013717734 0.999520302 0.027766705 3.330737114 -0.078161880 0.028756239 -0.996525884 277.182006836
-0.996971965 0.013615814 0.076560318 -185.567779541 0.015768725 0.999495029 0.027586600 3.355431080 -0.076146044 0.028710326 -0.996683240 276.205902100
-0.997139096 0.015235240 0.074039645 -185.498718262 0.016990962 0.999587774 0.023141515 3.371428967 -0.073656559 0.024333309 -0.996986985 275.248046875
-0.997357965 0.017075535 0.070610434 -185.426223755 0.018640995 0.999593496 0.021571131 3.385779142 -0.070213392 0.022830384 -0.997270942 274.283966064
-0.997520089 0.017529991 0.068165503 -185.353271484 0.019153535 0.999546468 0.023237495 3.397124767 -0.067727238 0.024485478 -0.997403502 273.302825928
-0.997636318 0.020791722 0.065492384 -185.289596558 0.022756698 0.999308586 0.029401312 3.412827969 -0.064835802 0.030822212 -0.997419715 272.317993164
-0.997812510 0.019910621 0.063036203 -185.223068237 0.021930819 0.999262512 0.031520154 3.429635048 -0.062362127 0.032833640 -0.997513294 271.340576172
-0.997963905 0.018415520 0.061065037 -185.155487061 0.020323696 0.999319673 0.030775737 3.450343132 -0.060456742 0.031954143 -0.997659326 270.365600586
-0.997948289 0.015698899 0.062072594 -185.087814331 0.017515130 0.999431014 0.028824715 3.467910290 -0.061584756 0.029852780 -0.997655392 269.375518799
-0.997846961 0.018926559 0.062794268 -185.025665283 0.020738548 0.999383450 0.028330725 3.486164570 -0.062219352 0.029571991 -0.997624278 268.393463135
-0.997682095 0.020310648 0.064944245 -184.952667236 0.022212364 0.999341369 0.028695535 3.501950741 -0.064318642 0.030071590 -0.997476220 267.403930664
-0.997519493 0.018281624 0.067974783 -184.878051758 0.020277031 0.999380052 0.028781908 3.519502640 -0.067406461 0.030088840 -0.997271776 266.416351318
-0.997306943 0.016293012 0.071511522 -184.798461914 0.018666722 0.999292493 0.032651585 3.542063713 -0.070928939 0.033898529 -0.996905446 265.419586182
-0.997078419 0.016238255 0.074640863 -184.716506958 0.018914597 0.999198079 0.035290319 3.564697742 -0.074007951 0.036599014 -0.996585965 264.436614990
-0.996990681 0.016275262 0.075793713 -184.638275146 0.018798595 0.999288440 0.032698538 3.579425812 -0.075207606 0.034024950 -0.996587157 263.452301025
-0.996939301 0.016924631 0.076326497 -184.558334351 0.018941943 0.999488056 0.025783973 3.596507549 -0.075851038 0.027150827 -0.996749520 262.476104736
-0.996832848 0.016876739 0.077717014 -184.475799561 0.018534418 0.999614775 0.020657947 3.614104271 -0.077338435 0.022032956 -0.996761680 261.491241455
-0.996690154 0.015726067 0.079759277 -184.392898560 0.017406903 0.999639869 0.020422492 3.627993345 -0.079409391 0.021743257 -0.996604919 260.499298096
-0.996562243 0.015035937 0.081472345 -184.305603027 0.017165316 0.999527454 0.025499117 3.637370586 -0.081050441 0.026809953 -0.996349335 259.494537354
-0.996447206 0.009027046 0.083733901 -184.211135864 0.011719246 0.999428213 0.031716269 3.652882576 -0.083399720 0.032584887 -0.995983243 258.498138428
-0.996318579 0.006721666 0.085464910 -184.112167358 0.009307162 0.999509871 0.029889766 3.671008587 -0.085222110 0.030575164 -0.995892763 257.492095947
-0.996163249 0.008401270 0.087111041 -184.014862061 0.010540529 0.999653339 0.024127023 3.690671921 -0.086878143 0.024952648 -0.995906472 256.495208740
-0.995933652 0.012241456 0.089254156 -183.931228638 0.013150518 0.999867380 0.009604149 3.698867321 -0.089124754 0.010738833 -0.995962501 255.508972168
-0.995630860 0.016264725 0.091950990 -183.842315674 0.016303085 0.999867022 -0.000333989 3.698064327 -0.091944195 0.001166555 -0.995763659 254.516387939
-0.995440245 0.019637398 0.093345322 -183.744354248 0.019780662 0.999804139 0.000609685 3.690759659 -0.093315072 0.002453337 -0.995633721 253.511077881
-0.995260596 0.020000029 0.095167190 -183.649688721 0.021226373 0.999704003 0.011891265 3.685895443 -0.094901189 0.013854959 -0.995390415 252.495574951
-0.995225787 0.018468654 0.095837750 -183.547790527 0.020778416 0.999515831 0.023158919 3.696451664 -0.095363632 0.025039706 -0.995127678 251.481079102
-0.995325089 0.016734134 0.095121205 -183.438613892 0.019734539 0.999334097 0.030690193 3.706503868 -0.094544284 0.032423891 -0.994992495 250.473907471
-0.995398164 0.015292662 0.094597287 -183.343048096 0.018241417 0.999371767 0.030385844 3.719925404 -0.094073176 0.031971604 -0.995051742 249.462463379
-0.995483160 0.017021459 0.093399517 -183.248550415 0.019382693 0.999513566 0.024432302 3.734039307 -0.092938215 0.026132278 -0.995328903 248.466827393
-0.995573759 0.020241410 0.091780059 -183.157775879 0.022156373 0.999556541 0.019893931 3.749706745 -0.091336675 0.021839386 -0.995580673 247.469329834
-0.995687127 0.022875061 0.089912795 -183.072265625 0.024470547 0.999561369 0.016682569 3.758267164 -0.089491732 0.018810831 -0.995810151 246.481170654
-0.995836616 0.024979826 0.087667391 -182.978103638 0.026319850 0.999553263 0.014162648 3.757660151 -0.087274440 0.016411075 -0.996049166 245.493225098
-0.995902181 0.027569814 0.086134233 -182.893402100 0.028868059 0.999487102 0.013863067 3.761556149 -0.085707851 0.016292784 -0.996187210 244.500610352
-0.996020913 0.027939729 0.084626600 -182.809005737 0.029478911 0.999420941 0.016993031 3.762208700 -0.084102817 0.019420113 -0.996267796 243.508972168
-0.996072769 0.028603686 0.083793551 -182.731658936 0.030425740 0.999325812 0.020548616 3.769520998 -0.083149292 0.023017392 -0.996271491 242.534576416
-0.996281147 0.028283400 0.081387758 -182.633850098 0.030165574 0.999302983 0.021989830 3.772943020 -0.080709085 0.024363160 -0.996439934 241.555755615
-0.996433258 0.027028186 0.079939947 -182.552429199 0.028704854 0.999389827 0.019899599 3.783776760 -0.079353325 0.022123285 -0.996601105 240.589660645
-0.996588707 0.024821447 0.078709543 -182.473602295 0.026413152 0.999465823 0.019246135 3.786727428 -0.078189783 0.021259446 -0.996711850 239.627166748
-0.996654868 0.026079508 0.077453069 -182.395675659 0.027726619 0.999410093 0.020267058 3.792165995 -0.076878823 0.022346772 -0.996789932 238.684722900
-0.996659279 0.026493609 0.077256739 -182.325958252 0.028339330 0.999336183 0.022892887 3.798413277 -0.076598942 0.025005808 -0.996748447 237.729431152
-0.996760011 0.027194995 0.075698562 -182.244079590 0.029136300 0.999271214 0.024659893 3.808600187 -0.074972771 0.026785566 -0.996825933 236.783294678
-0.996603131 0.033344623 0.075302809 -182.189147949 0.035576422 0.998960674 0.028492952 3.821874857 -0.074274458 0.031075167 -0.996753573 235.845489502
-0.996458411 0.036500651 0.075752877 -182.121520996 0.038910333 0.998774648 0.030581042 3.834617138 -0.074543819 0.033420302 -0.996657610 234.923828125
-0.996512532 0.035133753 0.075687371 -182.046875000 0.037417512 0.998879731 0.028969441 3.839828491 -0.074584775 0.031700440 -0.996710777 234.008972168
-0.996136427 0.044470102 0.075730167 -181.989486694 0.046514034 0.998593569 0.025442373 3.855404615 -0.074492231 0.028866585 -0.996803999 233.110229492
-0.995942354 0.048757296 0.075640440 -181.924468994 0.050723914 0.998417079 0.024298923 3.868994713 -0.074335955 0.028037107 -0.996839046 232.231231689
-0.996503711 0.036759980 0.075028673 -181.843383789 0.038467683 0.999029756 0.021443447 3.867701769 -0.074167617 0.024254652 -0.996950865 231.360900879
-0.996983647 0.027401518 0.072612859 -181.758834839 0.028606787 0.999468863 0.015610699 3.873924732 -0.072146535 0.017640833 -0.997238040 230.523040771
-0.997158766 0.028203307 0.069851391 -181.699157715 0.028999401 0.999525249 0.010409058 3.885213852 -0.069524661 0.012405130 -0.997503161 229.680023193
-0.997522593 0.027885718 0.064584911 -181.640136719 0.028815186 0.999493539 0.013504737 3.883574724 -0.064175606 0.015332305 -0.997820973 228.848266602
-0.997927666 0.020862972 0.060874056 -181.580993652 0.022129325 0.999550939 0.020203300 3.884725809 -0.060425218 0.021508530 -0.997941256 228.024978638
-0.998217821 0.018270796 0.056807324 -181.525375366 0.019597819 0.999545872 0.022891341 3.888666868 -0.056363281 0.023963848 -0.998122573 227.198913574
-0.998373270 0.018156743 0.054048326 -181.480606079 0.019532798 0.999495566 0.025041295 3.890543222 -0.053566396 0.026056273 -0.998224378 226.404006958
-0.998520017 0.019848699 0.050637849 -181.437988281 0.021116050 0.999473929 0.024616750 3.904075623 -0.050122600 0.025649583 -0.998413801 225.625045776
-0.998673439 0.020877535 0.047069214 -181.408401489 0.022111801 0.999421120 0.025855977 3.900938988 -0.046502158 0.026862461 -0.998556852 224.872009277
-0.998839498 0.020223547 0.043713026 -181.375640869 0.021368369 0.999436557 0.025882879 3.911985874 -0.043164954 0.026786918 -0.998708844 224.123764038
-0.999021053 0.019601410 0.039662726 -181.334259033 0.020654278 0.999440372 0.026312161 3.916548491 -0.039124776 0.027105603 -0.998866796 223.414733887
-0.999127746 0.019836780 0.036746457 -181.303405762 0.020826209 0.999425411 0.026741698 3.919882298 -0.036194872 0.027483661 -0.998966813 222.720336914
-0.999132991 0.022691553 0.034907468 -181.280273438 0.023636939 0.999358296 0.026912659 3.926185369 -0.034274381 0.027714428 -0.999028206 222.043838501
-0.999093771 0.025129896 0.034357429 -181.265975952 0.026059490 0.999298871 0.026881879 3.932746410 -0.033657800 0.027752852 -0.999048114 221.379913330
-0.999047279 0.026912358 0.034353685 -181.247375488 0.027800325 0.999284685 0.025637209 3.935501337 -0.033639152 0.026567828 -0.999080777 220.749252319
-0.998964190 0.028511867 0.035462886 -181.221817017 0.029409532 0.999253392 0.025054021 3.940898418 -0.034722075 0.026071018 -0.999056816 220.145156860
-0.998749137 0.031783652 0.038601074 -181.201660156 0.032728191 0.999173939 0.024088893 3.943187952 -0.037803553 0.025322102 -0.998964310 219.559051514
-0.998439431 0.034989536 0.043525591 -181.176239014 0.036025435 0.999080420 0.023247361 3.943171263 -0.042672154 0.024779111 -0.998781800 218.989868164
-0.998114228 0.035558689 0.050034460 -181.143341064 0.036736559 0.999064386 0.022821605 3.950891495 -0.049176138 0.024616662 -0.998486638 218.446487427
-0.997668862 0.034814354 0.058695260 -181.103012085 0.036249530 0.999064863 0.023566173 3.953134298 -0.057819933 0.025638910 -0.997997880 217.926300049
-0.997006297 0.034400888 0.069246002 -181.056015015 0.036092408 0.999076188 0.023326283 3.959617615 -0.068379588 0.025755705 -0.997326851 217.433609009
-0.995873928 0.035789747 0.083396591 -181.013809204 0.037791770 0.999031126 0.022551958 3.960275412 -0.082508661 0.025610603 -0.996261597 216.954406738
-0.994099975 0.039446812 0.101041444 -180.970336914 0.041719619 0.998919427 0.020479530 3.960702181 -0.100124411 0.024574108 -0.994671464 216.493331909
-0.991628170 0.040248800 0.122693494 -180.906661987 0.042654637 0.998944461 0.017044280 3.962516069 -0.121877976 0.022135034 -0.992298245 216.039886475
-0.988090158 0.040188771 0.148535609 -180.824096680 0.042837176 0.998974323 0.014672855 3.967075348 -0.147793576 0.020860950 -0.988798261 215.594329834
-0.983058691 0.038922593 0.179111719 -180.714889526 0.041990615 0.999028563 0.013368487 3.965544701 -0.178417400 0.020663016 -0.983738065 215.187530518
-0.975585222 0.038888354 0.216152564 -180.590820312 0.042682495 0.999005258 0.012910910 3.965062380 -0.215435460 0.021821618 -0.976274610 214.765502930
-0.965550780 0.038305495 0.257380337 -180.447448730 0.042876903 0.999006212 0.012170301 3.968120575 -0.256658375 0.022786714 -0.966233611 214.353027344
-0.953042865 0.035459694 0.300753236 -180.284942627 0.040786710 0.999102294 0.011449948 3.970633507 -0.300077230 0.023179021 -0.953633547 213.950439453
-0.938007712 0.029306484 0.345373303 -180.097152710 0.034974638 0.999336243 0.010190270 3.966962337 -0.344845414 0.021637857 -0.938410163 213.583221436
-0.920556188 0.023706488 0.389890641 -179.883544922 0.029027455 0.999548495 0.007760160 3.960671902 -0.389530629 0.018461194 -0.920828700 213.215698242
-0.900859356 0.019948849 0.433652401 -179.689300537 0.024915526 0.999672890 0.005772046 3.950750589 -0.433395416 0.016004479 -0.901061773 212.905639648
-0.878112197 0.019949218 0.478039026 -179.454254150 0.024208108 0.999703169 0.002749012 3.950246811 -0.477842271 0.013986360 -0.878334403 212.560852051
-0.852757573 0.021177080 0.521877468 -179.190017700 0.025204308 0.999682128 0.000618565 3.951975346 -0.521698475 0.013681046 -0.853020310 212.209686279
-0.824151516 0.020726740 0.565990448 -178.942047119 0.025505692 0.999674559 0.000531023 3.947179317 -0.565795243 0.014873620 -0.824411869 211.884490967
-0.793018579 0.018505806 0.608916461 -178.615066528 0.024815692 0.999690175 0.001936606 3.952226639 -0.608691931 0.016646447 -0.793232083 211.536987305
-0.757240534 0.016312411 0.652932405 -178.313735962 0.026086202 0.999645770 0.005279102 3.938202858 -0.652615011 0.021030078 -0.757397771 211.197875977
-0.718747377 0.016363448 0.695078731 -177.935745239 0.029211612 0.999550939 0.006675026 3.946238995 -0.694657385 0.025102029 -0.718902707 210.864501953
-0.676688075 0.017611161 0.736059308 -177.545333862 0.031671554 0.999484777 0.005202936 3.942034245 -0.735588491 0.026832907 -0.676897168 210.544708252
-0.631236434 0.017537335 0.775392354 -177.132843018 0.029691799 0.999557853 0.001564315 3.941909313 -0.775022149 0.024010245 -0.631478071 210.248413086
-0.582762718 0.018043337 0.812442124 -176.694213867 0.028942456 0.999580026 -0.001439092 3.936822414 -0.812126875 0.022675421 -0.583040118 209.966537476
-0.533013463 0.018442437 0.845905960 -176.211166382 0.026143465 0.999644041 -0.005320993 3.934483767 -0.845702946 0.019278750 -0.533305764 209.708404541
-0.482997298 0.023419099 0.875308752 -175.701950073 0.027123025 0.999562740 -0.011777006 3.932255030 -0.875201821 0.018052759 -0.483421206 209.464050293
-0.433510542 0.027942978 0.900715351 -175.162109375 0.028182499 0.999450624 -0.017441941 3.926068544 -0.900707901 0.017823145 -0.434059858 209.243392944
-0.380412936 0.027719645 0.924401224 -174.643936157 0.027344851 0.999450803 -0.018717075 3.910569906 -0.924412370 0.018157395 -0.380962014 209.041351318
-0.327777147 0.024190109 0.944445372 -174.081817627 0.024400726 0.999555409 -0.017133182 3.898177624 -0.944439948 0.017429287 -0.328221679 208.873199463
-0.275552154 0.020002022 0.961078167 -173.507934570 0.018135991 0.999713719 -0.015606315 3.885399818 -0.961115181 0.013129749 -0.275835991 208.756164551
-0.224064469 0.016946247 0.974427044 -172.902755737 0.010032874 0.999835908 -0.015081127 3.871725082 -0.974522769 0.006397159 -0.224197745 208.663406372
-0.175708413 0.012399619 0.984364331 -172.253662109 0.005232230 0.999918342 -0.011661599 3.860165834 -0.984428525 0.003101381 -0.175758958 208.573852539
-0.133726478 0.007729785 0.990988195 -171.609970093 0.004315678 0.999964654 -0.007217434 3.847348213 -0.991008937 0.003311624 -0.133755088 208.515396118
-0.098496318 0.007995912 0.995105386 -170.960388184 0.003295342 0.999964833 -0.007708785 3.832057953 -0.995132089 0.002519926 -0.098519206 208.475952148
-0.069149256 0.012908340 0.997522831 -170.300888062 0.000151912 0.999916434 -0.012928782 3.818315268 -0.997606337 -0.000742479 -0.069145441 208.462326050
-0.045919538 0.019602071 0.998752832 -169.617324829 -0.004670524 0.999792337 -0.019837210 3.800680399 -0.998934269 -0.005575614 -0.045818448 208.466003418
-0.025933862 0.026209543 0.999320149 -168.965637207 -0.007079213 0.999626338 -0.026401291 3.800073385 -0.999638736 -0.007759082 -0.025738597 208.444808960
-0.010273695 0.026036806 0.999608219 -168.260726929 -0.007092305 0.999633908 -0.026110368 3.785105228 -0.999922156 -0.007357774 -0.010085225 208.451446533
-0.000595808 0.019330390 0.999813080 -167.540115356 -0.005026343 0.999800444 -0.019333143 3.768853426 -0.999987304 -0.005036922 -0.000498533 208.461486816
0.005773008 0.013781095 0.999888480 -166.816482544 -0.004443444 0.999895513 -0.013755539 3.741652250 -0.999973595 -0.004363536 0.005833626 208.472259521
0.010508180 0.012501864 0.999866724 -166.081954956 -0.002760093 0.999918401 -0.012473503 3.720930338 -0.999941111 -0.002628650 0.010541856 208.486495972
0.015379727 0.015706073 0.999758363 -165.327301025 -0.000230229 0.999876678 -0.015704390 3.703071356 -0.999881685 0.000011355 0.015381455 208.482437134
0.019622684 0.025022088 0.999494374 -164.588104248 0.001228062 0.999685407 -0.025050981 3.683910847 -0.999806762 0.001719010 0.019585788 208.499969482
0.021993041 0.032827955 0.999219179 -163.831008911 0.001691556 0.999458075 -0.032873046 3.662288666 -0.999756873 0.002413220 0.021925569 208.527633667
0.024785638 0.034243301 0.999106228 -163.056915283 0.003269750 0.999405026 -0.034334663 3.637560368 -0.999687493 0.004117836 0.024658918 208.547515869
0.026836634 0.028694406 0.999227881 -162.280548096 0.004499879 0.999574363 -0.028825209 3.609045982 -0.999629676 0.005269976 0.026696086 208.566955566
0.029183447 0.019690368 0.999380171 -161.483749390 0.005597451 0.999787092 -0.019861842 3.578766346 -0.999558449 0.006173620 0.029067039 208.593276978
0.031446993 0.016302265 0.999372542 -160.685516357 0.007627334 0.999833941 -0.016549801 3.551900387 -0.999476373 0.008142991 0.031317413 208.620635986
0.034096241 0.017525481 0.999264896 -159.884963989 0.011247300 0.999776185 -0.017918222 3.530185461 -0.999355257 0.011849975 0.033891499 208.642227173
0.036511958 0.019585764 0.999141276 -159.080184937 0.013636818 0.999705076 -0.020095151 3.511999607 -0.999240220 0.014358822 0.036234081 208.672286987
0.038667977 0.020964433 0.999032199 -158.228500366 0.014415040 0.999664128 -0.021535635 3.481968641 -0.999148190 0.015233828 0.038352787 208.708526611
0.040358722 0.021039963 0.998963773 -157.400314331 0.014978781 0.999653161 -0.021659637 3.458639860 -0.999073088 0.015837416 0.040029585 208.746032715
0.041859925 0.022832152 0.998862624 -156.564422607 0.011405308 0.999662817 -0.023328412 3.430991650 -0.999058485 0.012368862 0.041585386 208.790161133
0.042777181 0.023781385 0.998801589 -155.694198608 0.010666233 0.999648809 -0.024258377 3.405581474 -0.999027729 0.011691157 0.042508483 208.837509155
0.044614136 0.023506252 0.998727739 -154.836059570 0.011152612 0.999649107 -0.024026137 3.381693363 -0.998942077 0.012210330 0.044336319 208.877197266
0.045255184 0.018435694 0.998805404 -153.960906982 0.014395099 0.999713838 -0.019104697 3.355080366 -0.998871803 0.015242491 0.044976890 208.925765991
0.046572447 0.014341143 0.998812020 -153.056655884 0.015088401 0.999772787 -0.015058478 3.333678722 -0.998800993 0.015771786 0.046345472 208.962692261
0.048578143 0.014023301 0.998721063 -152.169982910 0.015648082 0.999768019 -0.014799135 3.308872938 -0.998696923 0.016346984 0.048347473 209.010757446
0.051967025 0.016351184 0.998515010 -151.283203125 0.020524727 0.999637246 -0.017437762 3.284463882 -0.998437941 0.021400437 0.051612556 209.052520752
0.056263983 0.017115630 0.998269260 -150.362915039 0.024338219 0.999532402 -0.018509027 3.262306213 -0.998119295 0.025337486 0.055821121 209.100311279
0.060403824 0.014246861 0.998072445 -149.465118408 0.025000757 0.999562860 -0.015781200 3.239020348 -0.997860968 0.025905810 0.060021281 209.156555176
0.065270722 0.011087674 0.997806132 -148.555572510 0.023837289 0.999635577 -0.012667305 3.210989475 -0.997582972 0.024611793 0.064982653 209.219909668
0.069665313 0.010151352 0.997518778 -147.638793945 0.023795009 0.999646783 -0.011834818 3.180721760 -0.997286618 0.024560444 0.069399118 209.299774170
0.074890912 0.009647469 0.997145116 -146.745986938 0.025090905 0.999618411 -0.011555859 3.156758308 -0.996876061 0.025884699 0.074620247 209.368911743
0.080869019 0.005424154 0.996710062 -145.845901489 0.024526091 0.999671578 -0.007430220 3.144486904 -0.996423006 0.025046276 0.080709398 209.440887451
0.085845768 0.001988344 0.996306479 -144.947799683 0.024650987 0.999687612 -0.004119121 3.123147964 -0.996003449 0.024913546 0.085769951 209.514343262
0.091122746 0.003169155 0.995834589 -144.056381226 0.024078090 0.999695599 -0.005384680 3.100271702 -0.995548487 0.024468461 0.091018736 209.598983765
0.096715391 0.011627453 0.995244205 -143.168411255 0.018281056 0.999742329 -0.013456514 3.080594778 -0.995144188 0.019495565 0.096477866 209.690795898
0.101839602 0.016942190 0.994656622 -142.290618896 0.015345537 0.999709249 -0.018599436 3.059379339 -0.994682550 0.017157700 0.101550043 209.782287598
0.105742693 0.016001655 0.994264781 -141.390609741 0.015966842 0.999714315 -0.017787475 3.038022757 -0.994265378 0.017756164 0.105457008 209.892089844
0.109555364 0.010409648 0.993926346 -140.504745483 0.012499666 0.999851644 -0.011849483 3.011660337 -0.993902266 0.013721921 0.109409034 209.993499756
0.111098528 0.006604411 0.993787527 -139.617782593 0.006657986 0.999950528 -0.007389686 2.986570120 -0.993787169 0.007437606 0.111049056 210.111694336
0.112325907 0.008010042 0.993639231 -138.720458984 0.004533000 0.999952972 -0.008573374 2.961042404 -0.993661225 0.005467180 0.112284362 210.218231201
0.111874282 0.008929050 0.993682325 -137.846343994 0.002510136 0.999953926 -0.009268011 2.935962439 -0.993719280 0.003531130 0.111846685 210.325363159
0.111312747 0.010502188 0.993730009 -136.984115601 -0.000159004 0.999944329 -0.010550055 2.922312975 -0.993785501 0.001016350 0.111308217 210.432769775
0.110687494 0.010321712 0.993801773 -136.092849731 -0.004721540 0.999940217 -0.009859593 2.900763035 -0.993844151 -0.003600940 0.110729635 210.540771484
0.109395087 0.013859389 0.993901730 -135.196090698 -0.010961864 0.999858797 -0.012735926 2.877204895 -0.993937910 -0.009501768 0.109531522 210.657943726
0.107460737 0.014985863 0.994096518 -134.333068848 -0.014329068 0.999805868 -0.013522975 2.852475882 -0.994106174 -0.012791283 0.107654631 210.765380859
0.106220484 0.019684177 0.994147778 -133.470916748 -0.015769368 0.999711633 -0.018109452 2.828618765 -0.994217575 -0.013753486 0.106500268 210.861877441
0.103731871 0.021630945 0.994370103 -132.619705200 -0.019403683 0.999617219 -0.019720912 2.796708107 -0.994416058 -0.017248753 0.104111910 210.964355469
0.102813125 0.021837290 0.994461119 -131.786331177 -0.019828467 0.999605298 -0.019900272 2.771564960 -0.994503200 -0.017672623 0.103205562 211.051025391
0.100593626 0.019889178 0.994728923 -130.959777832 -0.018366504 0.999666929 -0.018130569 2.743442059 -0.994758189 -0.016445870 0.100925386 211.138977051
0.097754598 0.018503534 0.995038569 -130.114868164 -0.019668212 0.999667764 -0.016657373 2.715640068 -0.995016217 -0.017942293 0.098086059 211.228958130
0.094874501 0.018743996 0.995312810 -129.321533203 -0.021474857 0.999628603 -0.016778260 2.690970421 -0.995257616 -0.019782368 0.095241785 211.313201904
0.091953754 0.018441418 0.995592535 -128.523025513 -0.026579050 0.999517739 -0.016059261 2.668608189 -0.995408475 -0.024985194 0.092399538 211.399536133
0.088238657 0.018255636 0.995932102 -127.759979248 -0.027735220 0.999489427 -0.015863530 2.644740820 -0.995713174 -0.026222620 0.088699877 211.469787598
0.082876682 0.018531276 0.996387482 -127.005859375 -0.026975650 0.999502420 -0.016345451 2.619953156 -0.996194661 -0.025523545 0.083335340 211.545623779
0.076869369 0.021409245 0.996811390 -126.278610229 -0.027281111 0.999440253 -0.019361915 2.598925352 -0.996667981 -0.025705779 0.077410400 211.608154297
0.069893122 0.023031503 0.997288585 -125.573501587 -0.027278349 0.999403715 -0.021168595 2.568701267 -0.997181416 -0.025724845 0.070479751 211.663848877
0.064033151 0.023695091 0.997666419 -124.899566650 -0.025076751 0.999440610 -0.022127727 2.549740791 -0.997632623 -0.023601325 0.064591527 211.706665039
0.058855653 0.022807216 0.998006046 -124.238555908 -0.022463046 0.999516070 -0.021517007 2.521433830 -0.998013854 -0.021151854 0.059339464 211.743286133
0.053512990 0.023580043 0.998288691 -123.607589722 -0.018417096 0.999574423 -0.022623166 2.495682955 -0.998397291 -0.017174944 0.053924501 211.769226074
0.047597945 0.024323346 0.998570442 -122.978637695 -0.015772445 0.999597132 -0.023596546 2.466579676 -0.998742104 -0.014626748 0.047962427 211.793212891
0.041110933 0.026257314 0.998809516 -122.352584839 -0.016661990 0.999533653 -0.025590545 2.443058491 -0.999015689 -0.015590103 0.041529238 211.823272705
0.034913480 0.029450309 0.998956382 -121.740203857 -0.014424046 0.999476433 -0.028961521 2.419120312 -0.999286294 -0.013397842 0.035319984 211.845642090
0.029459774 0.030448336 0.999102175 -121.136993408 -0.014367024 0.999445558 -0.030035174 2.387623787 -0.999462783 -0.013469292 0.029880881 211.866394043
0.024785638 0.030868353 0.999216259 -120.519927979 -0.014375326 0.999430835 -0.030518403 2.351442337 -0.999589562 -0.013607634 0.025215268 211.878448486
0.019420981 0.031926252 0.999301612 -119.911041260 -0.017048905 0.999355257 -0.031596631 2.344311953 -0.999666154 -0.016423356 0.019952774 211.896026611
0.015722573 0.028655844 0.999465644 -119.302322388 -0.015656525 0.999473751 -0.028409783 2.329211712 -0.999753773 -0.015201487 0.016162992 211.911682129
0.014759481 0.020224903 0.999686539 -118.698562622 -0.012749584 0.999717951 -0.020037303 2.305485725 -0.999809802 -0.012449848 0.015013158 211.914871216
0.013315380 0.014918032 0.999800026 -118.101730347 -0.011360131 0.999826431 -0.014767132 2.281715393 -0.999846816 -0.011161230 0.013482511 211.933135986
0.013963759 0.010985552 0.999842107 -117.515762329 -0.011967977 0.999869823 -0.010818713 2.253625631 -0.999830842 -0.011815018 0.014093399 211.946960449
0.016261160 0.004388871 0.999858260 -116.916229248 -0.015658809 0.999868870 -0.004134249 2.247471094 -0.999745250 -0.015589360 0.016327739 211.972778320
0.020186245 -0.000028228 0.999796331 -116.303955078 -0.015491832 0.999879956 0.000341018 2.234139919 -0.999676347 -0.015495560 0.020183384 211.967651367
0.025505662 0.001553245 0.999673605 -115.724060059 -0.010264039 0.999946475 -0.001291791 2.218685627 -0.999622166 -0.010227739 0.025520205 211.981323242
0.033971190 0.004547528 0.999412537 -115.140701294 -0.001646127 0.999988556 -0.004494196 2.204242468 -0.999421537 -0.001492486 0.033978283 211.995513916
0.045752764 0.009607677 0.998906732 -114.563568115 0.003239506 0.999947071 -0.009766064 2.187313557 -0.998947680 0.003682790 0.045719266 212.026153564
0.062278807 0.017709680 0.997901738 -113.995391846 0.008727708 0.999794662 -0.018287972 2.175218105 -0.998020709 0.009848350 0.062111497 212.059417725
0.082573950 0.019886909 0.996386647 -113.427429199 0.012527229 0.999701202 -0.020991243 2.168226004 -0.996506393 0.014215296 0.082300127 212.120147705
0.105022907 0.017343480 0.994318604 -112.860733032 0.016244151 0.999684572 -0.019152835 2.142041206 -0.994337142 0.018163348 0.104708076 212.190429688
0.128565133 0.017915176 0.991539299 -112.301925659 0.015138715 0.999684870 -0.020025272 2.116652966 -0.991585612 0.017585184 0.128253400 212.284820557
0.155035675 0.022342209 0.987656236 -111.735107422 0.015113808 0.999573588 -0.024984265 2.101438046 -0.987793326 0.018800702 0.154631913 212.381256104
0.185157657 0.022135433 0.982459605 -111.192825317 0.014798652 0.999570131 -0.025309952 2.080888271 -0.982597530 0.019225411 0.184750497 212.498886108
0.219626606 0.018845078 0.975402057 -110.650665283 0.014717449 0.999635637 -0.022627139 2.052027941 -0.975473046 0.019324953 0.219269276 212.618331909
0.256465316 0.016626738 0.966410577 -110.107604980 0.013198699 0.999698579 -0.020702112 2.038943291 -0.966463447 0.018064735 0.256168544 212.767883301
0.294562101 0.012714210 0.955547869 -109.583007812 0.008089499 0.999842465 -0.015797293 2.021605492 -0.955598176 0.012383187 0.294412851 212.971801758
0.335134447 0.007202383 0.942142844 -109.094360352 0.004583255 0.999946475 -0.009274608 1.987058640 -0.942159235 0.007426322 0.335083544 213.188781738
0.379261672 0.007815439 0.925256371 -108.598617554 0.003939107 0.999941647 -0.010060924 1.981358528 -0.925280988 0.007460407 0.379208744 213.420745850
0.423815310 0.006837372 0.905722976 -108.119537354 0.003493132 0.999951720 -0.009183257 1.958634973 -0.905742049 0.007055815 0.423770964 213.681549072
0.471658885 0.006903503 0.881754100 -107.631652832 0.003205754 0.999949336 -0.009543676 1.943833828 -0.881775320 0.007328046 0.471612871 213.952453613
0.517861009 0.009878866 0.855407774 -107.175201416 0.002116788 0.999915481 -0.012829243 1.947088480 -0.855462193 0.008454483 0.517796338 214.268020630
0.563879192 0.013014824 0.825754702 -106.786941528 0.003494658 0.999829233 -0.018144816 1.922383547 -0.825849891 0.013117215 0.563737392 214.565841675
0.608734488 0.017084010 0.793190122 -106.381729126 0.003385272 0.999703109 -0.024129992 1.909879446 -0.793366849 0.017373923 0.608495891 214.912750244
0.652123153 0.020135146 0.757845640 -105.996490479 0.001273070 0.999616742 -0.027654219 1.893392086 -0.758112013 0.018998750 0.651847601 215.283248901
0.692829728 0.020118877 0.720820546 -105.626106262 0.002254385 0.999545395 -0.030065233 1.884701967 -0.721097767 0.022455094 0.692469358 215.680938721
0.730921328 0.013198523 0.682334065 -105.319290161 0.008641845 0.999553800 -0.028591774 1.865174055 -0.682407022 0.026794963 0.730481148 216.050460815
0.765930235 0.006635993 0.642889500 -104.981666565 0.011399589 0.999649346 -0.023899842 1.849188328 -0.642822683 0.025634287 0.765586019 216.488418579
0.798415840 0.002116228 0.602102697 -104.674987793 0.012174243 0.999732673 -0.019657394 1.828128338 -0.601983368 0.023024920 0.798176587 216.932327271
0.827978015 0.002214296 0.560756207 -104.433364868 0.009897098 0.999778748 -0.018561341 1.805694461 -0.560673237 0.020918241 0.827772915 217.363693237
0.855162144 0.000491173 0.518360376 -104.183227539 0.011817396 0.999721169 -0.020442972 1.793106794 -0.518225908 0.023607725 0.854917884 217.830902100
0.880090237 0.000125590 0.474806488 -103.953086853 0.011863153 0.999681950 -0.022253692 1.775623679 -0.474658281 0.025217958 0.879808843 218.302536011
0.901795864 0.001441524 0.432159811 -103.762451172 0.009177970 0.999705017 -0.022486484 1.762123466 -0.432064742 0.024244567 0.901516676 218.779571533
0.920866072 0.005170856 0.389844745 -103.600173950 0.003418431 0.999766529 -0.021335589 1.735897064 -0.389864057 0.020979878 0.920633435 219.239410400
0.937685192 0.009696633 0.347350627 -103.441009521 -0.003187192 0.999808550 -0.019306699 1.725531936 -0.347471327 0.016996533 0.937536538 219.714950562
0.950938940 0.013788587 0.309071124 -103.318878174 -0.008819005 0.999808490 -0.017470449 1.716593981 -0.309252828 0.013887632 0.950878441 220.219116211
0.961204767 0.018494522 0.275215060 -103.204925537 -0.015271936 0.999787509 -0.013847836 1.700060487 -0.275412679 0.009107539 0.961282969 220.696334839
0.968467593 0.026397077 0.247737095 -103.109046936 -0.024376979 0.999639869 -0.011218571 1.690098524 -0.247944012 0.004825742 0.968762338 221.201492310
0.973307252 0.038402155 0.226270318 -103.022605896 -0.037141103 0.999261677 -0.009829392 1.677910805 -0.226480722 0.001163089 0.974014938 221.724105835
0.976297319 0.046984974 0.211272225 -102.929969788 -0.046425480 0.998892784 -0.007610447 1.660841584 -0.211395875 -0.002378356 0.977397621 222.267974854
0.978464961 0.048608478 0.200607985 -102.838058472 -0.048002761 0.998816073 -0.007885578 1.655289054 -0.200753778 -0.001913974 0.979639888 222.775711060
0.979883492 0.049095068 0.193437383 -102.752517700 -0.048254363 0.998794019 -0.009058256 1.647036910 -0.193648800 -0.000458162 0.981070817 223.278915405
0.980740130 0.047985721 0.189330801 -102.654083252 -0.046865035 0.998847127 -0.010394403 1.634486198 -0.189611316 0.001321213 0.981858373 223.781768799
0.980593741 0.052415814 0.188914105 -102.568901062 -0.051418591 0.998625338 -0.010179274 1.615728140 -0.189187974 0.000268034 0.981940866 224.284927368
0.980068088 0.055415772 0.190776467 -102.469474792 -0.054247595 0.998463094 -0.011344507 1.606478572 -0.191111922 0.000769225 0.981567979 224.806228638
0.979380250 0.051661074 0.195308685 -102.371078491 -0.049914580 0.998657346 -0.013856823 1.596215844 -0.195762321 0.003822348 0.980643928 225.297088623
0.977478206 0.047028609 0.205729559 -102.259613037 -0.044662416 0.998871863 -0.016132900 1.579792976 -0.206256181 0.006581180 0.978475869 225.778259277
0.974091351 0.043060970 0.222017542 -102.137207031 -0.040479161 0.999049544 -0.016168293 1.565244555 -0.222502753 0.006762311 0.974908590 226.252655029
0.969133079 0.042138364 0.242910445 -102.011589050 -0.039849158 0.999102890 -0.014332146 1.547968388 -0.243296474 0.004209980 0.969942808 226.721420288
0.961758316 0.044382252 0.270279735 -101.872863770 -0.042768486 0.999014616 -0.011860189 1.546711922 -0.270539790 -0.000152820 0.962708771 227.180786133
0.951726973 0.042359762 0.304008871 -101.716552734 -0.042730864 0.999071836 -0.005435127 1.531057358 -0.303956926 -0.007817807 0.952653706 227.611557007
0.939525306 0.035433725 0.340641469 -101.539787292 -0.038659085 0.999248862 0.002683403 1.521075249 -0.340290517 -0.015690012 0.940189421 228.032394409
0.924893558 0.015751611 0.379899681 -101.324127197 -0.018534927 0.999821484 0.003669480 1.505703092 -0.379774064 -0.010435292 0.925020397 228.408432007
0.906320035 0.004940837 0.422563076 -101.108795166 -0.004909139 0.999987245 -0.001163194 1.491752386 -0.422563434 -0.001020195 0.906332791 228.747558594
0.883055210 0.006001435 0.469230801 -100.897262573 -0.001310802 0.999945879 -0.010322424 1.471024275 -0.469267339 0.008500202 0.883015275 229.074798584
0.855400324 0.017618792 0.517667711 -100.686737061 -0.008771670 0.999770761 -0.019532731 1.453566313 -0.517893136 0.012167495 0.855358779 229.398620605
0.823344231 0.032088272 0.566634476 -100.463958740 -0.021658173 0.999449611 -0.025128154 1.449457884 -0.567128897 0.008416855 0.823586047 229.706588745
0.787405372 0.035766002 0.615397096 -100.196884155 -0.027065355 0.999358535 -0.023450963 1.442417145 -0.615841091 0.001809473 0.787868321 229.996826172
0.748407960 0.028022690 0.662646413 -99.911804199 -0.020894157 0.999607265 -0.018674109 1.442374468 -0.662909448 0.000130415 0.748699546 230.261581421
0.707348228 0.015604381 0.706693053 -99.598487854 -0.008512245 0.999871850 -0.013557882 1.434230328 -0.706814051 0.003574600 0.707390428 230.496597290
0.663964510 0.010903263 0.747684598 -99.280479431 -0.003343297 0.999926984 -0.011612698 1.413079858 -0.747756660 0.005210687 0.663952470 230.708969116
0.618469954 0.011283596 0.785727441 -98.959503174 0.000399159 0.999892235 -0.014673344 1.405073285 -0.785808384 0.009388653 0.618398786 230.905090332
0.571465015 0.012723001 0.820527792 -98.633651733 0.003027398 0.999840319 -0.017611859 1.389014006 -0.820620835 0.012548626 0.571335256 231.083206177
0.526303887 0.014385158 0.850174904 -98.305923462 0.005694633 0.999774814 -0.020441711 1.378720284 -0.850277543 0.015599987 0.526103497 231.221847534
0.482231200 0.016422862 0.875890136 -98.005416870 0.004103090 0.999770939 -0.021004623 1.369032860 -0.876034439 0.013722941 0.482053399 231.363510132
0.442133725 0.017413886 0.896780193 -97.664276123 0.001134815 0.999799848 -0.019973841 1.364594936 -0.896948516 0.009848791 0.442025483 231.503692627
0.401813209 0.018329088 0.915538192 -97.304931641 -0.002439933 0.999817550 -0.018945519 1.361069679 -0.915718377 0.005378708 0.401784658 231.634735107
0.361083865 0.017545270 0.932368398 -96.931289673 -0.002807857 0.999838889 -0.017727515 1.350902915 -0.932529211 0.003783164 0.361074984 231.751617432
0.322021961 0.013700584 0.946633101 -96.531158447 0.000026381 0.999895155 -0.014480419 1.338237166 -0.946732223 0.004687987 0.321987808 231.862319946
0.285509288 0.009987059 0.958324015 -96.133102417 0.003639384 0.999927223 -0.011504889 1.325454473 -0.958369136 0.006772463 0.285452127 231.952331543
0.251664639 0.009543474 0.967767477 -95.720275879 0.006604236 0.999911189 -0.011577863 1.313705444 -0.967791975 0.009305104 0.251579285 232.034149170
0.222810626 0.011287803 0.974796474 -95.295989990 0.009173142 0.999864399 -0.013674800 1.300512314 -0.974818647 0.011988836 0.222676873 232.107467651
0.199777722 0.014859308 0.979728639 -94.858810425 0.011361300 0.999782681 -0.017480165 1.292085171 -0.979775429 0.014623139 0.199565470 232.181472778
0.181009293 0.019159477 0.983294845 -94.406250000 0.010693328 0.999712765 -0.021447860 1.282277822 -0.983423352 0.014396958 0.180752456 232.254699707
0.165263057 0.023412516 0.985971570 -93.930511475 0.008989887 0.999640882 -0.025243938 1.270613194 -0.986208558 0.013035664 0.164993227 232.330444336
0.150285959 0.027586009 0.988257706 -93.449020386 0.007907577 0.999545097 -0.029103605 1.257263184 -0.988610983 0.012188588 0.149999440 232.393615723
0.134840488 0.030425550 0.990400195 -92.944824219 0.007660332 0.999466598 -0.031747013 1.241042614 -0.990837812 0.011867579 0.134535491 232.460632324
0.120671868 0.031146152 0.992203772 -92.426467896 0.010651876 0.999409497 -0.032667831 1.218884468 -0.992635369 0.014510922 0.120268881 232.509536743
0.109365880 0.030510312 0.993533194 -91.881759644 0.014854847 0.999366999 -0.032324649 1.205722332 -0.993890584 0.018293997 0.108843446 232.553314209
0.102037668 0.028683001 0.994367123 -91.326782227 0.018345816 0.999359965 -0.030709600 1.185525894 -0.994611561 0.021376016 0.101446152 232.599151611
0.098740458 0.026385207 0.994763494 -90.754730225 0.020328153 0.999386311 -0.028525610 1.169404030 -0.994905710 0.023038337 0.098143518 232.654251099
0.098289192 0.023644751 0.994877040 -90.158187866 0.020592628 0.999455333 -0.025788020 1.152843475 -0.994944930 0.023021819 0.097748756 232.711822510
0.097623646 0.020625176 0.995009780 -89.555541992 0.020458395 0.999532402 -0.022726167 1.136298656 -0.995013237 0.022574913 0.097156048 232.773406982
0.095587969 0.019755853 0.995225012 -88.935745239 0.019871248 0.999565899 -0.021750594 1.116507530 -0.995222747 0.021855459 0.095153928 232.836364746
0.094049394 0.019937672 0.995367885 -88.302734375 0.018951308 0.999582410 -0.021812746 1.100081444 -0.995387137 0.020915002 0.093632281 232.897308350
0.093047976 0.020392884 0.995452821 -87.647018433 0.018402547 0.999584198 -0.022197664 1.084106922 -0.995491624 0.020384317 0.092634022 232.957229614
0.090398550 0.022370718 0.995654523 -86.976791382 0.018386677 0.999539793 -0.024127401 1.069388390 -0.995736063 0.020487860 0.089945614 233.023025513
0.088098824 0.024767077 0.995803773 -86.294692993 0.017808424 0.999491930 -0.026434317 1.042873383 -0.995952547 0.020062530 0.087612987 233.074142456
0.085231423 0.026826587 0.996000051 -85.598312378 0.017093390 0.999450982 -0.028382285 1.023682594 -0.996214628 0.019444082 0.084726036 233.140487671
0.082775891 0.027971098 0.996175647 -84.884384155 0.016688971 0.999426961 -0.029449141 0.997889996 -0.996428549 0.019062826 0.082261622 233.196868896
0.080571949 0.027834548 0.996360064 -84.157989502 0.014944344 0.999463916 -0.029129751 0.976665497 -0.996636748 0.017236987 0.080112755 233.261856079
0.078611016 0.027362470 0.996529818 -83.403869629 0.014319275 0.999489129 -0.028573301 0.950805187 -0.996802568 0.016515762 0.078179061 233.322357178
0.076495767 0.025970731 0.996731639 -82.648605347 0.014801655 0.999520957 -0.027179386 0.925575733 -0.996960044 0.016832385 0.076074719 233.379577637
0.073876619 0.024757145 0.996960104 -81.879837036 0.015141045 0.999548733 -0.025943412 0.898288250 -0.997152507 0.017011629 0.073468387 233.441818237
0.070748210 0.023639409 0.997214079 -81.097335815 0.015859758 0.999566138 -0.024820352 0.872345924 -0.997368097 0.017571568 0.070342600 233.502166748
0.068074822 0.022948325 0.997416377 -80.302978516 0.016691390 0.999569297 -0.024137072 0.843400002 -0.997540712 0.018291393 0.067662477 233.557403564
0.065976560 0.023319533 0.997548699 -79.507492065 0.017206622 0.999551654 -0.024504382 0.818057537 -0.997672856 0.018781159 0.065545738 233.609848022
0.063950360 0.023212865 0.997683227 -78.703613281 0.020306699 0.999492168 -0.024556596 0.794548512 -0.997746587 0.021830054 0.063446462 233.660446167
0.062246323 0.023375062 0.997787178 -77.887695312 0.020945521 0.999474943 -0.024721280 0.769562244 -0.997841120 0.022437980 0.061724007 233.714431763
0.060749173 0.024245547 0.997858703 -77.065963745 0.021821504 0.999433756 -0.025612306 0.742630482 -0.997914612 0.023330703 0.060185671 233.765853882
0.059486151 0.026268672 0.997883558 -76.233932495 0.021550920 0.999386907 -0.027592953 0.715969563 -0.997996569 0.023146708 0.058883548 233.815734863
0.057687998 0.029332055 0.997903764 -75.408432007 0.020258056 0.999328077 -0.030545028 0.681846619 -0.998129249 0.021977674 0.057055056 233.866058350
0.055815458 0.031451225 0.997945666 -74.584030151 0.018556401 0.999298453 -0.032531727 0.648530960 -0.998268723 0.020334056 0.055192709 233.912765503
0.054016888 0.033468571 0.997978985 -73.714340210 0.017274737 0.999257207 -0.034446456 0.619251251 -0.998390615 0.019100517 0.053398609 233.965240479
0.052744567 0.032870404 0.998066962 -72.856414795 0.018347310 0.999257505 -0.033879213 0.584424496 -0.998439491 0.020098787 0.052102327 234.008987427
0.052471280 0.031250846 0.998133421 -71.984146118 0.019130347 0.999295354 -0.032292899 0.552267551 -0.998439252 0.020789089 0.051836491 234.056732178
0.053881347 0.027627479 0.998165250 -71.105651855 0.021074116 0.999363065 -0.028798230 0.518000126 -0.998325109 0.022587139 0.053264797 234.101928711
0.056156158 0.025322815 0.998100877 -70.225830078 0.023709415 0.999362588 -0.026688790 0.481192112 -0.998140454 0.025163125 0.055519938 234.144104004
0.059390306 0.024109021 0.997943699 -69.343856812 0.026647583 0.999313772 -0.025727991 0.448962688 -0.997879088 0.028120779 0.058707118 234.192794800
0.062297642 0.023817785 0.997773409 -68.471069336 0.027757935 0.999287128 -0.025587033 0.414451599 -0.997671604 0.029290142 0.061592102 234.257522583
0.065757453 0.024498679 0.997534990 -67.579284668 0.028853707 0.999233842 -0.026442446 0.380499840 -0.997418523 0.030521370 0.065000236 234.310424805
0.068890214 0.027098527 0.997256219 -66.698394775 0.027254784 0.999206781 -0.029034289 0.343812466 -0.997251928 0.029180182 0.068096995 234.379287720
0.071746945 0.029311890 0.996992230 -65.832550049 0.026460061 0.999160349 -0.031279799 0.307694435 -0.997071981 0.028624706 0.070911109 234.441162109
0.073708057 0.029020330 0.996857524 -64.961380005 0.026571235 0.999164522 -0.031052178 0.266002655 -0.996925831 0.028776530 0.072875321 234.500930786
0.075014830 0.030247496 0.996723652 -64.086547852 0.024109939 0.999192655 -0.032136977 0.228324890 -0.996891022 0.026441697 0.074225008 234.572174072
0.075928032 0.029905856 0.996664703 -63.206314087 0.022652887 0.999240398 -0.031708885 0.188353062 -0.996855915 0.024984926 0.075192869 234.651290894
0.077712953 0.026311636 0.996628582 -62.338623047 0.020871185 0.999389648 -0.028011981 0.154616833 -0.996757388 0.022977713 0.077116370 234.718902588
0.079599440 0.017550223 0.996672451 -61.462921143 0.018792916 0.999640882 -0.019103395 0.118261814 -0.996649742 0.020251002 0.079241037 234.797439575
0.081219792 0.013269221 0.996607900 -60.587692261 0.024031496 0.999594629 -0.015267463 0.092819214 -0.996406496 0.025189998 0.080867946 234.864318848
0.083190858 0.016298974 0.996400356 -59.730987549 0.024347207 0.999534547 -0.018383024 0.054593086 -0.996236205 0.025788866 0.082755327 234.938995361
0.084127069 0.027111394 0.996086121 -58.880157471 0.020833572 0.999363422 -0.028960148 0.033148289 -0.996237218 0.023188364 0.083508730 235.021759033
0.085040092 0.035791304 0.995734632 -58.031051636 0.021020480 0.999067724 -0.037706360 -0.000951290 -0.996155918 0.024137374 0.084208488 235.102279663
0.085982621 0.035998557 0.995646119 -57.177612305 0.024607673 0.998965383 -0.038243655 -0.037799835 -0.995992720 0.027788825 0.085007846 235.172561646
0.085637033 0.029239176 0.995897353 -56.326568604 0.026915947 0.999136567 -0.031648781 -0.071931362 -0.995962858 0.029515827 0.084776103 235.241668701
0.085018218 0.020019136 0.996178269 -55.470977783 0.024714541 0.999448180 -0.022194097 -0.114134312 -0.996072829 0.026506992 0.084476531 235.314636230
0.084564269 0.017615672 0.996262372 -54.624267578 0.024629291 0.999501288 -0.019763514 -0.148869038 -0.996113658 0.026208522 0.084088206 235.388504028
0.084512115 0.021453172 0.996191561 -53.795257568 0.026908517 0.999354422 -0.023804078 -0.179300785 -0.996059120 0.028817769 0.083880246 235.458145142
0.085115373 0.025510954 0.996044517 -52.965850830 0.029936334 0.999155402 -0.028148795 -0.210774422 -0.995921314 0.032213818 0.084279776 235.524230957
0.085832000 0.025232170 0.995990098 -52.137100220 0.031829916 0.999099493 -0.028053971 -0.242048740 -0.995801091 0.034110211 0.084951580 235.594772339
0.087298870 0.021991866 0.995939493 -51.316558838 0.030892225 0.999215722 -0.024772068 -0.275253773 -0.995703161 0.032929361 0.086551011 235.667327881
0.088360786 0.020075930 0.995886266 -50.497833252 0.029872315 0.999293745 -0.022795072 -0.310801506 -0.995640576 0.031763617 0.087698638 235.743988037
0.089846075 0.021152481 0.995731056 -49.699462891 0.029957227 0.999264657 -0.023930630 -0.337033272 -0.995505035 0.031979416 0.089146376 235.809951782
0.091125309 0.023899486 0.995552659 -48.902938843 0.029295696 0.999214947 -0.026668914 -0.372767925 -0.995408475 0.031595621 0.090353608 235.883758545
0.092103899 0.025960490 0.995410979 -48.096160889 0.030394953 0.999120951 -0.028869651 -0.402629852 -0.995285451 0.032914478 0.091233909 235.962768555
0.093464315 0.025504865 0.995296001 -47.298614502 0.030540016 0.999127984 -0.028470960 -0.436803341 -0.995154262 0.033057373 0.092603862 236.037994385
0.094281912 0.024096143 0.995253980 -46.495223999 0.031647731 0.999129236 -0.027188011 -0.466904163 -0.995042503 0.034060866 0.093437254 236.118377686
0.095414937 0.021859718 0.995197594 -45.706146240 0.031567521 0.999189556 -0.024973955 -0.498610497 -0.994937003 0.033798810 0.094647527 236.197555542
0.096950471 0.020802403 0.995071769 -44.919113159 0.031430759 0.999218941 -0.023951417 -0.532864571 -0.994792819 0.033597961 0.096220911 236.276657104
0.098067760 0.020480318 0.994969010 -44.145370483 0.032170467 0.999200463 -0.023738259 -0.561943054 -0.994659662 0.034336578 0.097330451 236.359771729
0.099261761 0.020883305 0.994842231 -43.390960693 0.031231662 0.999221802 -0.024091426 -0.591776848 -0.994571149 0.033461936 0.098532319 236.439422607
0.100074053 0.020648727 0.994765818 -42.633178711 0.029104115 0.999296069 -0.023670662 -0.621071815 -0.994554341 0.031320598 0.099402666 236.519119263
0.100964963 0.020901226 0.994670451 -41.907852173 0.026443671 0.999369681 -0.023684165 -0.647532940 -0.994538546 0.028694009 0.100348592 236.601562500
0.101834297 0.021756005 0.994563580 -41.193603516 0.023207661 0.999436796 -0.024238864 -0.677013874 -0.994530737 0.025549840 0.101272047 236.690338135
0.102614582 0.022791548 0.994460106 -40.492187500 0.019433295 0.999500751 -0.024912322 -0.709830284 -0.994531393 0.021882003 0.102120459 236.770996094
0.101991713 0.024622733 0.994480491 -39.808746338 0.015842350 0.999526620 -0.026372429 -0.735080242 -0.994659126 0.018444678 0.101553380 236.856414795
0.101866663 0.025522569 0.994470596 -39.109848022 0.013526192 0.999542892 -0.027038276 -0.768053532 -0.994706094 0.016205698 0.101474881 236.930740356
0.101184309 0.025957642 0.994529068 -38.417999268 0.012216543 0.999551773 -0.027331663 -0.795902967 -0.994792759 0.014915245 0.100821793 237.005035400
0.100470960 0.026407016 0.994589508 -37.746994019 0.008878073 0.999584138 -0.027436469 -0.821258307 -0.994900405 0.011586607 0.100194693 237.077270508
0.099230289 0.024866119 0.994753718 -37.062667847 0.008030516 0.999635160 -0.025789212 -0.846786022 -0.995032072 0.010547457 0.098994434 237.157669067
0.098380208 0.022643352 0.994891226 -36.374084473 0.009280978 0.999676764 -0.023670021 -0.873311758 -0.995105565 0.011562224 0.098138273 237.224227905
0.096857071 0.020714317 0.995082736 -35.704711914 0.011249001 0.999696791 -0.021905296 -0.900942087 -0.995234728 0.013315371 0.096594691 237.287841797
0.094551861 0.020597188 0.995306849 -35.046493530 0.012494252 0.999682665 -0.021874668 -0.927693844 -0.995441556 0.014503906 0.094264507 237.353530884
0.092353702 0.022227351 0.995478153 -34.391830444 0.012281910 0.999649346 -0.023459919 -0.953561306 -0.995650530 0.014392983 0.092048347 237.416946411
0.090436339 0.025048804 0.995587289 -33.764221191 0.012424148 0.999577463 -0.026277775 -0.974705696 -0.995824873 0.014745791 0.090086877 237.474243164
0.087848186 0.026795663 0.995773554 -33.154113770 0.012183707 0.999534488 -0.027971731 -0.999536276 -0.996059477 0.014589482 0.087480843 237.529281616
0.084591091 0.027193842 0.996044695 -32.560058594 0.012470609 0.999520302 -0.028347829 -1.024034977 -0.996337771 0.014819258 0.084211409 237.582504272
0.080472291 0.026614672 0.996401548 -31.990997314 0.011451858 0.999552786 -0.027623734 -1.049112082 -0.996691167 0.013633598 0.080131531 237.631912231
0.075808108 0.025828816 0.996787906 -31.435012817 0.011078720 0.999580920 -0.026743755 -1.073940516 -0.997060955 0.013070530 0.075490236 237.673385620
0.070427239 0.023632415 0.997237027 -30.895538330 0.009681810 0.999656022 -0.024373494 -1.100675106 -0.997470021 0.011371618 0.070174217 237.714767456
0.063938737 0.022160726 0.997707903 -30.381072998 0.008588308 0.999704182 -0.022755457 -1.120903969 -0.997916996 0.010023579 0.063729465 237.749816895
0.056550801 0.022536891 0.998145401 -29.887908936 0.008181852 0.999701142 -0.023035569 -1.143290997 -0.998366237 0.009469359 0.056349516 237.779724121
0.048843741 0.022873724 0.998544633 -29.412078857 0.008001029 0.999696672 -0.023291487 -1.168488503 -0.998774529 0.009127029 0.048645914 237.799575806
0.040446818 0.022847382 0.998920500 -28.948089600 0.009431125 0.999685287 -0.023246748 -1.182710886 -0.999137223 0.010361202 0.040218651 237.818054199
0.032048523 0.021767760 0.999249458 -28.509643555 0.010890725 0.999695837 -0.022126783 -1.205474615 -0.999427140 0.011591683 0.031801701 237.810150146
0.022644937 0.022048946 0.999500513 -28.074966431 0.011958496 0.999679267 -0.022323826 -1.216610432 -0.999672174 0.012458045 0.022374034 237.812423706
0.013221502 0.022371341 0.999662459 -27.664581299 0.012251657 0.999671042 -0.022533577 -1.236652374 -0.999837697 0.012545451 0.012943089 237.817092896
0.003671050 0.021789048 0.999755979 -27.265838623 0.012794528 0.999679744 -0.021834372 -1.251704216 -0.999911547 0.012871562 0.003391087 237.810363770
-0.006228566 0.020809293 0.999764085 -26.877502441 0.013024588 0.999700308 -0.020726822 -1.264569283 -0.999895811 0.012892418 -0.006497741 237.797439575
-0.016665220 0.019283609 0.999675214 -26.513961792 0.012407743 0.999741018 -0.019078037 -1.279540777 -0.999784172 0.012085776 -0.016900182 237.786895752
-0.027774572 0.017837465 0.999455154 -26.161132812 0.013378199 0.999757886 -0.017471094 -1.289071321 -0.999524772 0.012885657 -0.028006434 237.768737793
-0.039308071 0.019075161 0.999045193 -25.832092285 0.018059721 0.999668002 -0.018376486 -1.302633524 -0.999064028 0.017320132 -0.039639592 237.744155884
-0.050879240 0.020948242 0.998485267 -25.525634766 0.024280183 0.999510407 -0.019732527 -1.315128803 -0.998409748 0.023239430 -0.051362872 237.711059570
-0.063000321 0.020738166 0.997798026 -25.223373413 0.030108780 0.999368489 -0.018869761 -1.326090336 -0.997559249 0.028853681 -0.063584924 237.672180176
-0.074837327 0.018701285 0.997020423 -24.946929932 0.031864766 0.999358416 -0.016353341 -1.333114147 -0.996686578 0.030545982 -0.075385213 237.636520386
-0.087544203 0.016300928 0.996027231 -24.694381714 0.031729069 0.999404430 -0.013567421 -1.344720840 -0.995655179 0.030415269 -0.088009357 237.609695435
-0.100407481 0.015572206 0.994824708 -24.455657959 0.028883554 0.999501705 -0.012730212 -1.347768307 -0.994527221 0.027455863 -0.100807309 237.579711914
-0.113796711 0.014493759 0.993398488 -24.262207031 0.027004065 0.999569297 -0.011490405 -1.357299566 -0.993137181 0.025518226 -0.114139080 237.547760010
-0.127228260 0.014270664 0.991770864 -24.072509766 0.026672833 0.999584138 -0.010961396 -1.361176252 -0.991514802 0.025058737 -0.127555966 237.514221191
-0.140303373 0.016128954 0.989977360 -23.906646729 0.028163675 0.999527752 -0.012293091 -1.369074345 -0.989708066 0.026156636 -0.140691400 237.473846436
-0.154356718 0.020226266 0.987808168 -23.747680664 0.029142171 0.999448657 -0.015910806 -1.373980522 -0.987585306 0.026330933 -0.154861093 237.440078735
-0.167030334 0.023318466 0.985676110 -23.587982178 0.031393331 0.999339163 -0.018321864 -1.381808281 -0.985451996 0.027883349 -0.167652011 237.395477295
-0.180229783 0.023649579 0.983340383 -23.421752930 0.035812914 0.999205828 -0.017467253 -1.388368607 -0.982972562 0.032068163 -0.180933595 237.344879150
-0.194713593 0.022499111 0.980602205 -23.263610840 0.038746495 0.999132991 -0.015230580 -1.396434307 -0.980094671 0.035029296 -0.195416570 237.294860840
-0.209496140 0.022800231 0.977543592 -23.105010986 0.040133368 0.999086142 -0.014701759 -1.397012711 -0.976985455 0.036152158 -0.210219741 237.251342773
-0.223313928 0.023676939 0.974459171 -22.950347900 0.040465467 0.999068320 -0.015001540 -1.406752586 -0.973906457 0.036081888 -0.224063993 237.201599121
-0.238273978 0.024990091 0.970876396 -22.790405273 0.039487753 0.999091566 -0.016025193 -1.405810833 -0.970394850 0.034519341 -0.239044309 237.144989014
-0.254029632 0.025749175 0.966853678 -22.634399414 0.038708154 0.999115348 -0.016438249 -1.415166855 -0.966421604 0.033249319 -0.254801512 237.093811035
-0.269625425 0.027139120 0.962582946 -22.487457275 0.037612952 0.999136806 -0.017634107 -1.418912888 -0.962230563 0.031450979 -0.270413518 237.044158936
-0.287022471 0.030216651 0.957447171 -22.362243652 0.036009442 0.999136269 -0.020737469 -1.422993660 -0.957246780 0.028525017 -0.287862659 236.998748779
-0.306787372 0.034925774 0.951137245 -22.189331055 0.035598055 0.999048352 -0.025202997 -1.423996449 -0.951112330 0.026126673 -0.307738781 236.929214478
-0.328841090 0.037971087 0.943621755 -21.998199463 0.035830289 0.998973608 -0.027712001 -1.430273533 -0.943705499 0.024697397 -0.329864144 236.849578857
-0.354257584 0.039398633 0.934317708 -21.792541504 0.035762727 0.998952031 -0.028564302 -1.435818672 -0.934463918 0.023294626 -0.355295300 236.759185791
-0.382893682 0.040145453 0.922919869 -21.575805664 0.037196871 0.998915076 -0.028019184 -1.444699764 -0.923043430 0.023601362 -0.383971453 236.641998291
-0.415905118 0.040973846 0.908484638 -21.345031738 0.038854536 0.998872876 -0.027262839 -1.453347206 -0.908577740 0.023959996 -0.417028427 236.510437012
-0.450798988 0.041323971 0.891668558 -21.112609863 0.040013585 0.998859167 -0.026062096 -1.466454029 -0.891728282 0.023930090 -0.451938152 236.359619141
-0.487148404 0.041099567 0.872351706 -20.860321045 0.039973881 0.998894453 -0.024738785 -1.470952988 -0.872403979 0.022819823 -0.488252759 236.200286865
-0.524477959 0.041689634 0.850402772 -20.614166260 0.040793322 0.998883903 -0.023809783 -1.482603550 -0.850446224 0.022203051 -0.525593162 236.018829346
-0.564274311 0.041537117 0.824541807 -20.353088379 0.038724843 0.998965919 -0.023822598 -1.488943577 -0.824678659 0.018487772 -0.565299273 235.818786621
-0.604515433 0.039246358 0.795626342 -20.081054688 0.034791172 0.999133348 -0.022850621 -1.500733376 -0.795833588 0.013867219 -0.605357051 235.582473755
-0.644821882 0.036723599 0.763450086 -19.801757812 0.031380072 0.999274909 -0.021563180 -1.509431601 -0.763688385 0.010052711 -0.645506740 235.326721191
-0.684204936 0.037182588 0.728341401 -19.530761719 0.031836960 0.999270201 -0.021106103 -1.513762951 -0.728594661 0.008747278 -0.684889436 235.035888672
-0.723218322 0.038536880 0.689543605 -19.278198242 0.033566866 0.999223351 -0.020637976 -1.521390915 -0.689803362 0.008220056 -0.723950148 234.715362549
-0.761020184 0.041028701 0.647429764 -19.041412354 0.036892675 0.999120057 -0.019950479 -1.529534817 -0.647678614 0.008702701 -0.761864185 234.368835449
-0.798035502 0.044089615 0.600995421 -18.803329468 0.039286427 0.999004722 -0.021121247 -1.534160852 -0.601328492 0.006755456 -0.798973322 234.005538940
-0.833173633 0.045363154 0.551148295 -18.579666138 0.039713155 0.998964787 -0.022186864 -1.538599968 -0.551584184 0.003402328 -0.834112525 233.611221313
-0.865023136 0.045042604 0.499706477 -18.382156372 0.039561763 0.998984456 -0.021562723 -1.550749660 -0.500170231 0.001117018 -0.865926623 233.192520142
-0.893588781 0.043037854 0.446818620 -18.182373047 0.038772464 0.999073267 -0.018690657 -1.564976454 -0.447208911 0.000622496 -0.894429326 232.751174927
-0.917508483 0.045197897 0.395139456 -18.019927979 0.042051218 0.998977125 -0.016625308 -1.570885062 -0.395486712 0.001362235 -0.918470621 232.275375366
-0.936847091 0.051511068 0.345925242 -17.883537292 0.049627136 0.998665333 -0.014307379 -1.575268745 -0.346200526 0.003763453 -0.938153148 231.772445679
-0.952886224 0.054125343 0.298460454 -17.752136230 0.053256441 0.998519719 -0.011049719 -1.579677820 -0.298616707 0.005365817 -0.954358220 231.232772827
-0.965943933 0.052448165 0.253380686 -17.627044678 0.052620526 0.998595953 -0.006101697 -1.583533049 -0.253344953 0.007439128 -0.967347503 230.698394775
-0.975718498 0.050176788 0.213203534 -17.523345947 0.051067267 0.998694301 -0.001332053 -1.584364414 -0.212992013 0.009588012 -0.977006912 230.116317749
-0.982555509 0.049985364 0.179126740 -17.435348511 0.051304631 0.998679280 0.002737139 -1.586918473 -0.178753346 0.011879421 -0.983822346 229.515838623
-0.987334609 0.050798994 0.150298908 -17.341522217 0.052208077 0.998621404 0.005441698 -1.586574078 -0.149815276 0.013219594 -0.988625646 228.907333374
-0.990437388 0.052777939 0.127471194 -17.274715424 0.054001227 0.998521864 0.006157378 -1.585029125 -0.126957804 0.012982095 -0.991823435 228.265136719
-0.992644072 0.053331986 0.108691856 -17.214103699 0.054362938 0.998499811 0.006541961 -1.581502438 -0.108179905 0.012402645 -0.994054198 227.597930908
-0.994484067 0.052604780 0.090743154 -17.146041870 0.053528033 0.998536110 0.007769196 -1.577714682 -0.090201624 0.012583644 -0.995844007 226.898391724
-0.995967865 0.050615728 0.074071370 -17.092195511 0.051406302 0.998638988 0.008804638 -1.571804762 -0.073524900 0.012576869 -0.997214317 226.188171387
-0.996873736 0.051017653 0.060334478 -17.053686142 0.051777776 0.998596907 0.011101835 -1.569046021 -0.059683435 0.014191111 -0.998116612 225.446319580
-0.997279167 0.054364566 0.049792390 -17.025257111 0.055077475 0.998396695 0.013058297 -1.558230519 -0.049002651 0.015765203 -0.998674512 224.685653687
-0.997426629 0.057530161 0.042786147 -17.008712769 0.058189850 0.998202622 0.014335063 -1.545593977 -0.041884545 0.016787892 -0.998981595 223.895187378
-0.997549295 0.059304923 0.037126914 -16.986539841 0.059893019 0.998093128 0.014932625 -1.536562920 -0.036170539 0.017119672 -0.999199033 223.106750488
-0.997657895 0.059856758 0.033103552 -16.952754974 0.060399160 0.998051882 0.015634321 -1.529831290 -0.032103240 0.017597131 -0.999329686 222.294601440
-0.997652888 0.061126601 0.030862849 -16.926513672 0.061643507 0.997968614 0.016083531 -1.515321374 -0.029817024 0.017948274 -0.999394298 221.448822021
-0.997582555 0.062800713 0.029755900 -16.905378342 0.063294955 0.997867107 0.015968658 -1.498526454 -0.028689589 0.017813452 -0.999429822 220.607574463
-0.997539163 0.063729741 0.029234277 -16.874135971 0.064224057 0.997802496 0.016292451 -1.490816116 -0.028131722 0.018129898 -0.999440074 219.746704102
-0.997476578 0.064485401 0.029703600 -16.850757599 0.064992338 0.997750521 0.016428733 -1.479264498 -0.028577369 0.018317783 -0.999423742 218.842269897
-0.997360110 0.065720521 0.030883664 -16.818470001 0.066224314 0.997683108 0.015581954 -1.467543483 -0.029788056 0.017586067 -0.999401689 217.942276001
-0.997247815 0.066625439 0.032527596 -16.791250229 0.067130722 0.997635961 0.014695828 -1.456096768 -0.031471584 0.016838981 -0.999362946 217.018081665
-0.997070193 0.068887241 0.033250596 -16.761640549 0.069353603 0.997506380 0.013080732 -1.445590019 -0.032266583 0.015348456 -0.999361396 216.072555542
-0.996991396 0.069382019 0.034568734 -16.723728180 0.069802620 0.997498930 0.011110932 -1.440219045 -0.033711378 0.013490487 -0.999340892 215.121658325
-0.996771693 0.071623586 0.036282502 -16.690479279 0.072004862 0.997360826 0.009311443 -1.435559511 -0.035519827 0.011893898 -0.999298334 214.142745972
-0.996435881 0.075033873 0.038542852 -16.651870728 0.075434595 0.997109711 0.009047842 -1.428556323 -0.037752554 0.011923058 -0.999216080 213.168823242
-0.996278405 0.075326420 0.041902456 -16.604845047 0.075762667 0.997085989 0.008920124 -1.426107168 -0.041108429 0.012061566 -0.999082208 212.172393799
-0.996203661 0.073750019 0.046250191 -16.556024551 0.074190289 0.997213006 0.007873837 -1.425509691 -0.045540597 0.011275260 -0.998898864 211.160095215
-0.996108532 0.072692990 0.049834311 -16.499933243 0.073118970 0.997300208 0.006776345 -1.429248452 -0.049207177 0.010393809 -0.998734474 210.137771606
-0.996100783 0.070149541 0.053502958 -16.436550140 0.070664734 0.997469664 0.007796747 -1.424714565 -0.052820638 0.011547116 -0.998537421 209.102523804
-0.996051431 0.067928284 0.057160269 -16.370800018 0.068518594 0.997614205 0.008429392 -1.427113891 -0.056451302 0.012312650 -0.998329401 208.046127319
-0.995985270 0.066867083 0.059517663 -16.301122665 0.067459166 0.997690022 0.007992711 -1.429100156 -0.058845729 0.011975633 -0.998195410 206.987869263
-0.995817184 0.067001618 0.062122293 -16.229351044 0.067614265 0.997680962 0.007810425 -1.426586032 -0.061454918 0.011978107 -0.998038173 205.909561157
-0.995636344 0.067237429 0.064715348 -16.155071259 0.067975931 0.997643828 0.009275685 -1.424300909 -0.063939191 0.013634291 -0.997860909 204.810226440
-0.995318532 0.069186255 0.067484841 -16.091796875 0.070059866 0.997485816 0.010662702 -1.428255558 -0.066577457 0.015340765 -0.997663260 203.706451416
-0.995082378 0.070030540 0.070050366 -16.014135361 0.070922062 0.997428477 0.010318676 -1.424177647 -0.069147609 0.015236048 -0.997490287 202.602188110
-0.994955540 0.069727436 0.072122745 -15.925869942 0.070573598 0.997463703 0.009248153 -1.420456648 -0.071294971 0.014291462 -0.997352839 201.487991333
-0.994899750 0.068754390 0.073806293 -15.839686394 0.069653615 0.997524321 0.009676519 -1.426896811 -0.072958268 0.014768041 -0.997225642 200.356719971
-0.994857192 0.067368791 0.075638361 -15.754106522 0.068317413 0.997613311 0.010022113 -1.428391576 -0.074782662 0.015137985 -0.997085214 199.233718872
-0.994837880 0.066533424 0.076621793 -15.661252022 0.067484833 0.997671247 0.009892509 -1.427090168 -0.075785175 0.015012252 -0.997011185 198.104187012
-0.994852543 0.066408448 0.076540753 -15.566524506 0.067413099 0.997668684 0.010614783 -1.425807834 -0.075657398 0.015719991 -0.997009993 196.967453003
-0.994721413 0.067241281 0.077512093 -15.480414391 0.068245381 0.997614622 0.010375743 -1.426148653 -0.076629519 0.015610815 -0.996937513 195.830276489
-0.994647145 0.067105874 0.078575321 -15.394639015 0.068090737 0.997629821 0.009919552 -1.418316245 -0.077723421 0.015216704 -0.996858954 194.663665771
-0.994621158 0.067904107 0.078216583 -15.302696228 0.068945535 0.997563183 0.010688925 -1.421530008 -0.077300161 0.016024115 -0.996879101 193.531082153
-0.994663239 0.066914640 0.078535855 -15.211873055 0.068029203 0.997615874 0.011600128 -1.421561480 -0.077572398 0.016880950 -0.996843934 192.381362915
-0.994782209 0.066049263 0.077756822 -15.116734505 0.067183852 0.997667670 0.012064265 -1.420208454 -0.076778628 0.017225318 -0.996899486 191.238739014
-0.994921565 0.064456634 0.077309057 -15.024408340 0.065616019 0.997766018 0.012548811 -1.413329244 -0.076327503 0.017557792 -0.996928334 190.080352783
-0.995105982 0.062718116 0.076356791 -14.926904678 0.063881896 0.997874200 0.012892985 -1.413667560 -0.075385846 0.017707704 -0.996997118 188.910034180
-0.995302200 0.061587412 0.074703000 -14.831033707 0.062655509 0.997962594 0.012037435 -1.412480354 -0.073809452 0.016661439 -0.997133136 187.742828369
-0.995523572 0.060232151 0.072837718 -14.735594749 0.061182875 0.998067141 0.010890655 -1.404938221 -0.072040968 0.015298322 -0.997284532 186.559204102
-0.995598793 0.060366221 0.071688287 -14.661104202 0.061366841 0.998045087 0.011836488 -1.408234954 -0.070833616 0.016183674 -0.997357011 185.379348755
-0.995648026 0.060887441 0.070555627 -14.582199097 0.062098667 0.997955799 0.015100545 -1.407988071 -0.069491968 0.019416235 -0.997393727 184.191986084
-0.995742440 0.060769308 0.069313467 -14.494059563 0.062209819 0.997885764 0.018814841 -1.399962902 -0.068023555 0.023046711 -0.997417569 183.002685547
-0.995844126 0.061719857 0.066971406 -14.399677277 0.063231982 0.997784197 0.020696877 -1.390961409 -0.065545611 0.024845598 -0.997540236 181.796859741
-0.995864034 0.062721454 0.065732919 -14.323608398 0.064196847 0.997725070 0.020576555 -1.370983124 -0.064292789 0.024711296 -0.997625113 180.584197998
-0.996001959 0.062640496 0.063688785 -14.237744331 0.064010449 0.997754753 0.019700207 -1.364093304 -0.062311757 0.023698192 -0.997775316 179.368103027
-0.996025085 0.063814789 0.062143747 -14.163362503 0.065050602 0.997718394 0.018068478 -1.346145868 -0.060848922 0.022039142 -0.997903705 178.143127441
-0.995993614 0.065875836 0.060472753 -14.085051537 0.067060895 0.997590482 0.017778546 -1.342928529 -0.059155863 0.021762677 -0.998011470 176.915969849
-0.995953679 0.067962594 0.058799762 -14.015428543 0.069046043 0.997475505 0.016592452 -1.337158203 -0.057523653 0.020585204 -0.998131990 175.682571411
-0.995902419 0.069869138 0.057420678 -13.946767807 0.070821591 0.997380376 0.014720699 -1.323522687 -0.056241736 0.018726999 -0.998241663 174.442199707
-0.995839357 0.071802534 0.056111660 -13.871954918 0.072698288 0.997254491 0.014086503 -1.328580141 -0.054946158 0.018107114 -0.998325229 173.194564819
-0.995893359 0.071457103 0.055597052 -13.804368019 0.072241083 0.997312367 0.012218988 -1.321612358 -0.054574493 0.016185194 -0.998378873 171.943939209
-0.996032715 0.070405446 0.054428462 -13.728000641 0.071214564 0.997375369 0.013069523 -1.317497373 -0.053365443 0.016893769 -0.998432398 170.679519653
-0.996194124 0.068655662 0.053702705 -13.660498619 0.069610707 0.997444034 0.016118247 -1.312222719 -0.052458830 0.019795183 -0.998427033 169.410980225
-0.996400833 0.065946087 0.053259142 -13.586854935 0.067003071 0.997584760 0.018308537 -1.305096269 -0.051923133 0.021811167 -0.998412848 168.138427734
-0.996440649 0.065917701 0.052544389 -13.509548187 0.066877872 0.997620940 0.016727898 -1.302235007 -0.051316720 0.020182416 -0.998478532 166.871765137
-0.996367931 0.067297079 0.052175824 -13.438043594 0.068108208 0.997580767 0.013925138 -1.295848846 -0.051112477 0.017428162 -0.998540878 165.600997925
-0.996273398 0.068365492 0.052589700 -13.371933937 0.069056831 0.997547150 0.011440964 -1.289198160 -0.051678538 0.015030006 -0.998550773 164.314376831
-0.996134996 0.069633201 0.053536788 -13.307496071 0.070309773 0.997466087 0.010857542 -1.286611557 -0.052645087 0.014579738 -0.998506784 163.026260376
-0.996109247 0.070266984 0.053188205 -13.237557411 0.071086489 0.997376442 0.013673653 -1.285528898 -0.052087855 0.017401414 -0.998490930 161.720413208
-0.996011019 0.070610911 0.054560445 -13.177095413 0.071591944 0.997301817 0.016237831 -1.278419852 -0.053266663 0.020079141 -0.998378754 160.417160034
-0.995953083 0.071556062 0.054381799 -13.100605965 0.072531909 0.997234762 0.016185088 -1.273243785 -0.053073280 0.020064002 -0.998389125 159.137603760
-0.995915174 0.071723334 0.054852854 -13.024299622 0.072664000 0.997238338 0.015348751 -1.266270280 -0.053600509 0.019271880 -0.998376608 157.843536377
-0.995861292 0.071922325 0.055567276 -12.953498840 0.072842546 0.997234941 0.014713799 -1.262397408 -0.054355375 0.018700562 -0.998346686 156.553054810
-0.995738745 0.073506758 0.055689577 -12.871215820 0.074413285 0.997123778 0.014380495 -1.257469058 -0.054472338 0.018463260 -0.998344660 155.227767944
-0.995691419 0.073378794 0.056693386 -12.800464630 0.074301310 0.997132778 0.014336363 -1.251976848 -0.055478849 0.018486988 -0.998288751 153.922836304
-0.995705009 0.072583325 0.057473104 -12.726118088 0.073568903 0.997174025 0.015219756 -1.249234080 -0.056205988 0.019382622 -0.998231053 152.617797852
-0.995736837 0.072012298 0.057641871 -12.639143944 0.073036976 0.997202992 0.015869133 -1.247734427 -0.056337874 0.020011466 -0.998211265 151.318023682
-0.995768547 0.070910715 0.058453929 -12.553306580 0.071978219 0.997272015 0.016361048 -1.237239957 -0.057134297 0.020499224 -0.998156071 150.019699097
-0.995672464 0.070862390 0.060122360 -12.486458778 0.072026201 0.997250736 0.017413612 -1.235163212 -0.058723096 0.021668643 -0.998039007 148.719985962
-0.995652556 0.071065485 0.060215611 -12.394079208 0.072288260 0.997214496 0.018374871 -1.232812405 -0.058742061 0.022647869 -0.998016357 147.414596558
-0.995548129 0.071164712 0.061802369 -12.318238258 0.072433859 0.997200847 0.018541126 -1.226158857 -0.060309902 0.022935165 -0.997916222 146.118103027
-0.995511413 0.070984639 0.062596992 -12.243052483 0.072187401 0.997243404 0.017163914 -1.215804815 -0.061206065 0.021605585 -0.997891307 144.831665039
-0.995463729 0.070973717 0.063364714 -12.158568382 0.072136052 0.997262478 0.016245382 -1.209568381 -0.062038258 0.020742564 -0.997858405 143.542373657
-0.995386839 0.071505204 0.063971736 -12.070206642 0.072698697 0.997217059 0.016524488 -1.208212256 -0.062612124 0.021098917 -0.997815013 142.255371094
-0.995248675 0.073013633 0.064414755 -11.983454704 0.074262664 0.997090161 0.017210932 -1.208899260 -0.062970683 0.021912767 -0.997774839 140.970947266
-0.995250940 0.072167061 0.065329865 -11.898800850 0.073392726 0.997165680 0.016556710 -1.202531219 -0.063949846 0.021272812 -0.997726679 139.679962158
-0.995314837 0.070535161 0.066129431 -11.810528755 0.071726434 0.997298956 0.015813524 -1.199350476 -0.064835407 0.020482665 -0.997685671 138.398895264
-0.995347857 0.069484025 0.066745102 -11.718112946 0.070844084 0.997320831 0.018227950 -1.190158367 -0.065299734 0.022871643 -0.997603655 137.123840332
-0.995367765 0.068377241 0.067584649 -11.629888535 0.070133120 0.997249961 0.023955794 -1.182267904 -0.065760761 0.028584747 -0.997425914 135.821624756
-0.995295048 0.068909332 0.068114318 -11.531227112 0.070964202 0.997079551 0.028220598 -1.167732239 -0.065970734 0.032921497 -0.997278452 134.529022217
-0.995218635 0.068900265 0.069228113 -11.439488411 0.070945404 0.997100294 0.027528074 -1.153435946 -0.067130677 0.032307871 -0.997220993 133.254592896
-0.995017767 0.070659734 0.070336625 -11.361601830 0.072620817 0.997027874 0.025722999 -1.145505428 -0.068309993 0.030702740 -0.997191787 131.990798950
-0.994971037 0.070338018 0.071312442 -11.265540123 0.072262488 0.997077942 0.024772581 -1.126978874 -0.069361612 0.029801212 -0.997146487 130.728210449
-0.994904637 0.070846058 0.071734004 -11.176006317 0.072870575 0.997002244 0.026006984 -1.116279125 -0.069676474 0.031101765 -0.997084856 129.462692261
-0.994727969 0.072375327 0.072652377 -11.085340500 0.074476629 0.996866882 0.026639231 -1.097999334 -0.070496731 0.031909689 -0.997001648 128.206359863
-0.994601369 0.073242933 0.073509187 -10.993619919 0.075472206 0.996754229 0.028017746 -1.082230330 -0.071218491 0.033414390 -0.996900916 126.945228577
-0.994463682 0.075393587 0.073195852 -10.894498825 0.077657223 0.996570230 0.028584851 -1.075131655 -0.070789695 0.034110785 -0.996907830 125.696846008
-0.994455218 0.075053118 0.073660240 -10.797777176 0.077328019 0.996597409 0.028529800 -1.057282686 -0.071268350 0.034067608 -0.996875286 124.471420288
-0.994479895 0.075334974 0.073038362 -10.707859039 0.077346481 0.996688008 0.025110746 -1.046403646 -0.070904739 0.030621389 -0.997012973 123.240150452
-0.994565725 0.074582323 0.072639279 -10.622343063 0.076399297 0.996822000 0.022561064 -1.035758257 -0.070725776 0.027988052 -0.997103095 122.002525330
-0.994761705 0.072136492 0.072428115 -10.526970863 0.073947087 0.997005284 0.022632752 -1.031674504 -0.070578568 0.027870037 -0.997116923 120.813278198
-0.994866133 0.071426138 0.071692079 -10.432729721 0.073199540 0.997065306 0.022418261 -1.019722939 -0.069880433 0.027550995 -0.997174978 119.626274109
-0.995004535 0.071061678 0.070118777 -10.351412773 0.072811686 0.997086823 0.022722580 -1.020358682 -0.068299808 0.027714532 -0.997280002 118.457244873
-0.995099068 0.070721313 0.069112860 -10.262007713 0.072435215 0.997116745 0.022612328 -1.020932317 -0.067314416 0.027507709 -0.997352600 117.310302734
-0.995131135 0.071074143 0.068281569 -10.188379288 0.072754338 0.997097373 0.022440502 -1.013176322 -0.066488430 0.027299026 -0.997413635 116.175216675
-0.995288253 0.070205852 0.066877529 -10.115696907 0.071850792 0.997161269 0.022514053 -1.010983825 -0.065107062 0.027213171 -0.997507334 115.061714172
-0.995368600 0.069885977 0.066010073 -10.043415070 0.071469732 0.997201443 0.021941060 -1.006226301 -0.064291969 0.026557164 -0.997577786 113.972587585
-0.995542645 0.068890721 0.064416580 -9.962854385 0.070418701 0.997280240 0.021756064 -1.009851098 -0.062742598 0.026195213 -0.997686148 112.909408569
-0.995536208 0.069981903 0.063325360 -9.902521133 0.071408272 0.997235537 0.020546116 -1.000678778 -0.061712444 0.024976358 -0.997781396 111.825088501
-0.995598793 0.070023879 0.062291104 -9.835910797 0.071408242 0.997240961 0.020279991 -0.993891001 -0.060699157 0.024638826 -0.997852206 110.792404175
-0.995537758 0.071719758 0.061328560 -9.771570206 0.073081441 0.997120321 0.020253187 -0.996709466 -0.059699401 0.024644786 -0.997912288 109.766929626
-0.995564103 0.072487585 0.059981469 -9.714390755 0.073836334 0.997057974 0.020581042 -0.997545600 -0.058313135 0.024918558 -0.997987390 108.763023376
-0.995613694 0.072849013 0.058710746 -9.654557228 0.074224405 0.997007728 0.021593729 -0.993902683 -0.056961987 0.025856776 -0.998041749 107.793777466
-0.995695949 0.072734274 0.057444166 -9.595508575 0.074089177 0.997012913 0.021817096 -0.992107749 -0.055685729 0.025979180 -0.998110533 106.863342285
-0.995776534 0.072255507 0.056642324 -9.546669960 0.073650286 0.997020423 0.022933418 -0.986869574 -0.054816484 0.027008282 -0.998131156 105.914680481
-0.995955229 0.070698082 0.055457257 -9.489591599 0.072097614 0.997117102 0.023652555 -0.985360503 -0.053625185 0.027555214 -0.998181105 105.028663635
-0.996085763 0.069929749 0.054066889 -9.436390877 0.071337551 0.997149825 0.024559891 -0.983432531 -0.052195322 0.028320754 -0.998235464 104.154396057
-0.996096969 0.070256799 0.053432431 -9.401965141 0.071721375 0.997085690 0.026002584 -0.982512593 -0.051449858 0.029733339 -0.998232961 103.296806335
-0.996150017 0.070070475 0.052681562 -9.354870796 0.071595624 0.997050703 0.027640935 -0.975937128 -0.050589371 0.031306285 -0.998228788 102.483894348
-0.996035337 0.071964718 0.052297439 -9.314106941 0.073554762 0.996865332 0.029141042 -0.971855879 -0.050036378 0.032872230 -0.998206496 101.672439575
-0.995843410 0.073947206 0.053179048 -9.270448685 0.075643390 0.996664643 0.030621039 -0.967117786 -0.050737336 0.034516398 -0.998115540 100.900779724
-0.995376468 0.077296861 0.057019904 -9.229962349 0.079101019 0.996412396 0.030090086 -0.957669973 -0.054489471 0.034461290 -0.997919679 100.149986267
-0.994611740 0.081324749 0.064297073 -9.179979324 0.083363555 0.996076941 0.029684888 -0.952198267 -0.061630718 0.034884967 -0.997489333 99.429512024
-0.993365645 0.085559487 0.076840632 -9.130692482 0.088030651 0.995684862 0.029363722 -0.949513674 -0.073996708 0.035933241 -0.996610999 98.726356506
-0.991777182 0.087566614 0.093330428 -9.057520866 0.090581253 0.995479405 0.028561285 -0.942789555 -0.090407506 0.036780410 -0.995225668 98.053153992
-0.989512801 0.088837050 0.113896601 -8.968746185 0.092630036 0.995294273 0.028443344 -0.940852404 -0.110833816 0.038695298 -0.993085384 97.396697998
-0.986122251 0.090100862 0.139445037 -8.883277893 0.094672568 0.995155871 0.026492938 -0.937128544 -0.136382505 0.039326891 -0.989875436 96.756278992
-0.981193304 0.092830427 0.169240788 -8.767283440 0.098148026 0.994898736 0.023311717 -0.930792570 -0.166213408 0.039483946 -0.985299110 96.140342712
-0.974824548 0.092465289 0.202898160 -8.628726959 0.098598041 0.994920135 0.020306692 -0.928905010 -0.199989796 0.039800815 -0.978989363 95.548667908
-0.966922760 0.089399099 0.238890842 -8.463726044 0.096225709 0.995213628 0.017043751 -0.936593771 -0.236223713 0.039467424 -0.970897198 95.000701904
-0.957218647 0.084298842 0.276814938 -8.287181854 0.091746829 0.995683372 0.014041152 -0.941467762 -0.274436384 0.038837340 -0.960820794 94.479331970
-0.945357800 0.079124585 0.316287875 -8.077362061 0.087100312 0.996137321 0.011135451 -0.941890001 -0.314185053 0.038075756 -0.948597908 93.953018188
-0.930667877 0.073934644 0.358317047 -7.856121063 0.082761988 0.996525586 0.009338511 -0.950936317 -0.356381655 0.038346078 -0.933553338 93.445518494
-0.913386941 0.066126347 0.401686072 -7.598297119 0.075659469 0.997102439 0.007895797 -0.960612774 -0.400000036 0.037603270 -0.915743470 92.968017578
-0.892992735 0.056170929 0.446552336 -7.333106995 0.066421986 0.997764766 0.007320464 -0.969621181 -0.445143014 0.036198013 -0.894727707 92.510650635
-0.868993163 0.047307927 0.492557675 -7.031791687 0.058441725 0.998264670 0.007226814 -0.973583221 -0.491361022 0.035065968 -0.870249987 92.063285828
-0.841294289 0.038706135 0.539190352 -6.716346741 0.050636981 0.998690307 0.007316805 -0.977997303 -0.538200974 0.033458553 -0.842152357 91.640899658
-0.810944915 0.031872306 0.584253907 -6.372947693 0.044876296 0.998962164 0.007792797 -0.976248503 -0.583399177 0.032538678 -0.811533570 91.232009888
-0.777799368 0.023259858 0.628082335 -6.044845581 0.038391016 0.999207199 0.010538564 -0.995481253 -0.627339244 0.032309607 -0.778075695 90.876899719
-0.739906549 0.018632296 0.672451854 -5.667335510 0.035961684 0.999282539 0.011880931 -1.004571915 -0.671747983 0.032973275 -0.740045786 90.512763977
-0.697858453 0.016073084 0.716055214 -5.284584045 0.035340365 0.999303162 0.012011212 -1.013016224 -0.715363204 0.033687782 -0.697940230 90.168830872
-0.653301835 0.016711140 0.756913304 -4.884742737 0.036674302 0.999281228 0.009591925 -1.007380009 -0.756208956 0.034025684 -0.653445125 89.860527039
-0.606700301 0.018266903 0.794720829 -4.451004028 0.038344759 0.999244690 0.006304943 -1.015847445 -0.794005394 0.034298588 -0.606942534 89.566635132
-0.557315707 0.017973261 0.830106318 -4.010017395 0.036328450 0.999336123 0.002752755 -1.019650817 -0.829505742 0.031690624 -0.557598591 89.300773621
-0.512979984 0.015412106 0.858262181 -3.504440308 0.033416197 0.999439478 0.002025458 -1.019626856 -0.857749879 0.029718878 -0.513207436 89.128463745
-0.460890174 0.012938826 0.887362957 -3.032257080 0.030571720 0.999531746 0.001304353 -1.028642297 -0.886930585 0.027729373 -0.461069942 88.934921265
-0.407890916 0.010921970 0.912965238 -2.555397034 0.025736343 0.999668658 -0.000460839 -1.035074472 -0.912667811 0.023308417 -0.408036828 88.773590088
-0.354372382 0.010324934 0.935047507 -2.109184265 0.025872216 0.999664485 -0.001233171 -1.048534989 -0.934746504 0.023754748 -0.354520679 88.629699707
-0.303786397 0.012370198 0.952660024 -1.636001587 0.025908049 0.999653220 -0.004718787 -1.062677383 -0.952387989 0.023248058 -0.304001570 88.519531250
-0.254917145 0.014857695 0.966848791 -1.154533386 0.025252141 0.999643207 -0.008703731 -1.083890438 -0.966633141 0.022196271 -0.255201459 88.419364929
-0.210171342 0.015743369 0.977537751 -0.584785461 0.017481593 0.999770999 -0.012342883 -1.075834394 -0.977508247 0.014494799 -0.210398436 88.331230164
-0.170052409 0.014453526 0.985329211 -0.075088501 0.014184567 0.999824762 -0.012218126 -1.080684185 -0.985333085 0.011898747 -0.170227647 88.277252197
-0.135027528 0.015186536 0.990725577 0.439338684 0.011613349 0.999838114 -0.013743420 -1.093660474 -0.990773916 0.009649903 -0.135182023 88.238159180
-0.105674982 0.018089490 0.994236171 0.951240540 0.013927569 0.999763370 -0.016709726 -1.114519000 -0.994303167 0.012081494 -0.105901837 88.204483032
-0.082320571 0.020423004 0.996396720 1.474845886 0.014881218 0.999703705 -0.019261330 -1.135857582 -0.996494889 0.013241993 -0.082600117 88.184005737
-0.063072205 0.025685282 0.997678399 1.999900818 0.012085074 0.999615133 -0.024971137 -1.149807811 -0.997935772 0.010482030 -0.063358307 88.153739929
-0.047925830 0.032240275 0.998330534 2.536231995 0.010444581 0.999440491 -0.031774722 -1.158968568 -0.998796344 0.008904316 -0.048235774 88.139160156
-0.036749363 0.033969223 0.998747051 3.084236145 0.012590875 0.999358535 -0.033526734 -1.172821879 -0.999245226 0.011343013 -0.037153482 88.129524231
-0.028264999 0.030716011 0.999128461 3.647018433 0.015741194 0.999417484 -0.030279586 -1.198471308 -0.999476552 0.014871622 -0.028732061 88.117828369
-0.021364212 0.026507022 0.999420285 4.238471985 0.015821813 0.999532223 -0.026171774 -1.221206188 -0.999646544 0.015253501 -0.021773577 88.113189697
-0.017267227 0.023359301 0.999578059 4.816337585 0.015156275 0.999618292 -0.023098426 -1.242772102 -0.999736071 0.014751034 -0.017614603 88.111373901
-0.015859842 0.023187364 0.999605417 5.403770447 0.015157493 0.999621749 -0.022947256 -1.263480783 -0.999759376 0.014787572 -0.016205311 88.107124329
-0.015370727 0.023494184 0.999605834 6.012664795 0.017639499 0.999574721 -0.023222214 -1.284887433 -0.999726295 0.017275603 -0.015778661 88.089996338
-0.014010429 0.024552751 0.999600530 6.656562805 0.021028820 0.999484599 -0.024255170 -1.306515694 -0.999680817 0.020680591 -0.014519572 88.086570740
-0.013882637 0.025762308 0.999571741 7.287063599 0.024217863 0.999383450 -0.025421105 -1.323469162 -0.999610364 0.023854578 -0.014497995 88.074584961
-0.014037251 0.026192162 0.999558449 7.945320129 0.026787285 0.999307930 -0.025809418 -1.345064640 -0.999542654 0.026413167 -0.014729142 88.063461304
-0.014183283 0.026419926 0.999550343 8.612594604 0.028572071 0.999253392 -0.026006652 -1.363034368 -0.999491155 0.028190365 -0.014927506 88.053199768
-0.014334798 0.025657939 0.999568164 9.291343689 0.030053424 0.999230146 -0.025218274 -1.388342261 -0.999445677 0.029678944 -0.015094876 88.048492432
-0.013735294 0.025688197 0.999575675 9.990982056 0.033516955 0.999119997 -0.025215924 -1.407746673 -0.999343753 0.033156380 -0.014584303 88.033546448
-0.012387514 0.025811387 0.999590039 10.701530457 0.038577937 0.998934865 -0.025316386 -1.427191019 -0.999178827 0.038248517 -0.013370156 88.019607544
-0.009624481 0.025940947 0.999617100 11.428977966 0.042940073 0.998752058 -0.025505064 -1.451455355 -0.999031246 0.042678162 -0.010726333 88.009536743
-0.005067587 0.025617298 0.999659002 12.167068481 0.046311561 0.998605192 -0.025355523 -1.478420019 -0.998914242 0.046167277 -0.006246924 87.997146606
0.001328349 0.025840903 0.999665320 12.930160522 0.049580477 0.998434901 -0.025874987 -1.500848889 -0.998769343 0.049598251 0.000045061 87.995849609
0.009770393 0.025546020 0.999626040 13.704002380 0.052270357 0.998293877 -0.026022876 -1.521115899 -0.998585284 0.052505057 0.008418441 88.000228882
0.019354880 0.023926083 0.999526441 14.494659424 0.054971989 0.998175919 -0.024958242 -1.545910954 -0.998300374 0.055429019 0.018004298 88.014663696
0.029609799 0.022702143 0.999303877 15.299621582 0.055587076 0.998157561 -0.024323184 -1.569620252 -0.998014867 0.056268580 0.028293312 88.038925171
0.040293097 0.020836908 0.998970687 16.124252319 0.052335296 0.998366177 -0.022935228 -1.593760610 -0.997816443 0.053205557 0.039136767 88.088928223
0.050595403 0.020720094 0.998504400 16.962318420 0.050367489 0.998459578 -0.023271358 -1.624505281 -0.997448504 0.051469583 0.049473882 88.143539429
0.061352134 0.022333449 0.997866333 17.801597595 0.047731820 0.998540163 -0.025283242 -1.647677422 -0.996974230 0.049181156 0.060196519 88.208572388
0.071709394 0.027042171 0.997059047 18.669551849 0.042798996 0.998628259 -0.030162884 -1.686154723 -0.996507049 0.044836089 0.070453644 88.286659241
0.080809295 0.031383380 0.996235549 19.528514862 0.039464392 0.998619676 -0.034659635 -1.710555077 -0.995948136 0.042116649 0.079459250 88.359764099
0.087342560 0.032714706 0.995641053 20.395626068 0.032714974 0.998827338 -0.035689324 -1.746042013 -0.995641053 0.035689570 0.086169899 88.453994751
0.090731323 0.030353639 0.995412827 21.278381348 0.027060971 0.999091148 -0.032932404 -1.794273615 -0.995507777 0.029924836 0.089827478 88.541656494
0.090934992 0.028706092 0.995442986 22.141960144 0.021924119 0.999284506 -0.030819668 -1.830527067 -0.995615482 0.024626799 0.090240598 88.638603210
0.088447809 0.027720872 0.995694995 23.004405975 0.017980713 0.999405384 -0.029421402 -1.867296219 -0.995918512 0.020505566 0.087896764 88.729644775
0.084439158 0.027079837 0.996060669 23.879108429 0.013448277 0.999508619 -0.028313633 -1.906504989 -0.996337950 0.015786082 0.084033489 88.809196472
0.078332722 0.027747460 0.996541142 24.737831116 0.010941469 0.999528468 -0.028690690 -1.947330117 -0.996867359 0.013151045 0.077992201 88.877769470
0.069760978 0.028797474 0.997148037 25.594177246 0.007715229 0.999537766 -0.029406251 -1.983207345 -0.997533917 0.009744634 0.069506526 88.947128296
0.059684694 0.029502194 0.997781277 26.460521698 0.004802566 0.999543130 -0.029841566 -2.018655539 -0.998205781 0.006572996 0.059515715 89.002426147
0.048367441 0.028078541 0.998435020 27.321239471 0.003568883 0.999593556 -0.028284017 -2.054337025 -0.998823404 0.004931328 0.048247576 89.052726746
0.036870718 0.025628190 0.998991549 28.179450989 0.002956754 0.999663949 -0.025754573 -2.089085817 -0.999315858 0.003903366 0.036782563 89.083503723
0.024771810 0.023765340 0.999410748 29.033866882 0.002830650 0.999711692 -0.023842664 -2.123888016 -0.999689281 0.003419611 0.024697363 89.106407166
0.012812555 0.024889264 0.999608099 29.885192871 0.003975545 0.999680996 -0.024942037 -2.158324718 -0.999909997 0.004293559 0.012709558 89.118339539
0.001008272 0.026340939 0.999652505 30.732215881 0.005745408 0.999636352 -0.026346307 -2.189163208 -0.999983013 0.005769976 0.000856578 89.115074158
-0.010874987 0.027125904 0.999572933 31.583267212 0.007765551 0.999604106 -0.027042268 -2.216879845 -0.999910772 0.007468152 -0.011081338 89.099998474
-0.023315787 0.026329150 0.999381363 32.428661346 0.009895549 0.999610245 -0.026104314 -2.249695063 -0.999679208 0.009280784 -0.023567200 89.083602905
-0.034342766 0.025234459 0.999091625 33.267929077 0.010578429 0.999634385 -0.024884548 -2.286025763 -0.999354303 0.009714218 -0.034597158 89.050453186
-0.044653773 0.025615493 0.998674154 34.102169037 0.013499426 0.999595404 -0.025035527 -2.309488058 -0.998911440 0.012363597 -0.044981599 89.013259888
-0.052263498 0.026112098 0.998292029 34.945384979 0.015155002 0.999563694 -0.025351960 -2.341997623 -0.998518467 0.013804138 -0.052636385 88.966140747
-0.057897687 0.027529890 0.997942924 35.777050018 0.017134549 0.999499857 -0.026578747 -2.372936726 -0.998175561 0.015560455 -0.058340430 88.916633606
-0.061237693 0.030213259 0.997665942 36.616535187 0.017467882 0.999421120 -0.029194223 -2.408874273 -0.997970462 0.015639326 -0.061730027 88.854820251
-0.063548803 0.033306807 0.997422814 37.483028412 0.019073760 0.999300897 -0.032154281 -2.439116240 -0.997796476 0.016981240 -0.064139605 88.806747437
-0.064196110 0.034941278 0.997325540 38.345481873 0.019911937 0.999232709 -0.033726409 -2.476930141 -0.997738779 0.017693587 -0.064842582 88.750747681
-0.063744545 0.035254527 0.997343421 39.210979462 0.020160915 0.999217391 -0.034032203 -2.516044855 -0.997762620 0.017937990 -0.064405441 88.701629639
-0.061554193 0.034823492 0.997496188 40.094276428 0.020181382 0.999230266 -0.033638667 -2.547348022 -0.997899771 0.018060248 -0.062209606 88.648025513
-0.058949113 0.032724995 0.997724533 40.985916138 0.020259518 0.999295890 -0.031579535 -2.588297367 -0.998055458 0.018351836 -0.059570551 88.594818115
-0.056529045 0.030076873 0.997947931 41.883377075 0.020244908 0.999375165 -0.028973114 -2.627760172 -0.998195767 0.018565541 -0.057102680 88.544326782
-0.054238677 0.028481340 0.998121798 42.785114288 0.020348420 0.999417067 -0.027412558 -2.662211895 -0.998320699 0.018823385 -0.054786563 88.500900269
-0.052747607 0.026917618 0.998245060 43.688095093 0.018005997 0.999499738 -0.026000010 -2.696016550 -0.998445511 0.016602961 -0.053205848 88.459495544
-0.052390933 0.026943900 0.998263121 44.598209381 0.016062587 0.999529362 -0.026135080 -2.727466345 -0.998497486 0.014665448 -0.052799106 88.418472290
-0.054082274 0.027115462 0.998168290 45.487197876 0.011796349 0.999578834 -0.026514636 -2.764778376 -0.998466790 0.010340767 -0.054379463 88.378318787
-0.058401585 0.027178071 0.997923195 46.361305237 0.007006564 0.999615908 -0.026814125 -2.804219961 -0.998268664 0.005426027 -0.058569551 88.339920044
-0.064633489 0.027630655 0.997526586 47.280696869 0.001089847 0.999617934 -0.027617972 -2.836768866 -0.997908592 -0.000697892 -0.064638853 88.284500122
-0.074871421 0.027987430 0.996800542 48.175182343 -0.004156610 0.999588609 -0.028377924 -2.874631882 -0.997184694 -0.006267998 -0.074724197 88.230003357
-0.088527799 0.030544877 0.995605290 49.059165955 -0.007312055 0.999482870 -0.031314019 -2.915337563 -0.996046901 -0.010052082 -0.088258624 88.160202026
-0.105410814 0.034387290 0.993834019 49.944587708 -0.011481438 0.999293208 -0.035793956 -2.955962181 -0.994362473 -0.015183713 -0.104941487 88.083908081
-0.123582006 0.035915572 0.991684258 50.828262329 -0.011651297 0.999223411 -0.037640583 -2.987699032 -0.992265999 -0.016206106 -0.123067617 87.976165771
-0.143651247 0.032355692 0.989099324 51.715099335 -0.009555660 0.999373436 -0.034079593 -3.034804106 -0.989582241 -0.014347075 -0.143252134 87.853958130
-0.164060831 0.028168764 0.986048043 52.598533630 -0.006247431 0.999542475 -0.029593725 -3.067731142 -0.986430585 -0.011015433 -0.163809776 87.703041077
-0.185832977 0.026404535 0.982226491 53.439998627 -0.005199738 0.999598444 -0.027855301 -3.113874674 -0.982567608 -0.010283754 -0.185621023 87.544250488
-0.207049489 0.027060831 0.977955997 54.298206329 -0.000148265 0.999616504 -0.027691582 -3.151746273 -0.978330314 -0.005878529 -0.206966162 87.363319397
-0.226874232 0.029080423 0.973489940 55.129417419 0.004861450 0.999575496 -0.028726690 -3.194103003 -0.973912060 -0.001784770 -0.226919293 87.153175354
-0.246836543 0.028396349 0.968641162 55.975624084 0.009826299 0.999592543 -0.026799701 -3.229652882 -0.969007492 0.002903018 -0.247014999 86.933616638
-0.265914321 0.028037030 0.963589072 56.805130005 0.013974213 0.999584019 -0.025228007 -3.265364170 -0.963895559 0.006756912 -0.266195536 86.699005127
-0.281553507 0.030316828 0.959066570 57.622215271 0.019309850 0.999477386 -0.025925446 -3.297985315 -0.959351301 0.011220033 -0.281991720 86.440475464
-0.296513915 0.031952929 0.954493999 58.447692871 0.020813756 0.999418974 -0.026991056 -3.326307535 -0.954801857 0.011863382 -0.297006726 86.179321289
-0.309050560 0.029608522 0.950584829 59.275863647 0.023462396 0.999448419 -0.023502514 -3.352215767 -0.950756431 0.015039534 -0.309574723 85.904586792
-0.319382548 0.020570513 0.947402596 60.108238220 0.025677923 0.999585152 -0.013047144 -3.374354362 -0.947277904 0.020160301 -0.319778323 85.628494263
-0.327132344 0.010003265 0.944925725 60.949684143 0.023987025 0.999709666 -0.002278943 -3.394177198 -0.944674194 0.021920439 -0.327277303 85.339935303
-0.331645250 0.006744585 0.943379998 61.776329041 0.025132593 0.999682724 0.001688250 -3.411686420 -0.943069279 0.024269488 -0.331709504 85.047912598
-0.333366990 0.014444067 0.942686617 62.619735718 0.027130941 0.999615490 -0.005721898 -3.423666716 -0.942406774 0.023668481 -0.333630681 84.754501343
-0.333745122 0.026736487 0.942284226 63.445755005 0.029083379 0.999413908 -0.018056531 -3.436028481 -0.942214668 0.021378530 -0.334327102 84.457809448
-0.333173275 0.036133729 0.942172766 64.283134460 0.029633194 0.999173045 -0.027840808 -3.458564281 -0.942399621 0.018643772 -0.333968520 84.163795471
-0.332557678 0.037473511 0.942338169 65.143547058 0.030148571 0.999121964 -0.029091967 -3.492683649 -0.942600906 0.018735394 -0.333395481 83.863769531
-0.333446026 0.033958759 0.942157388 65.991462708 0.030055780 0.999225974 -0.025378449 -3.523710728 -0.942290008 0.019854933 -0.334208608 83.574569702
-0.335643649 0.028840639 0.941547632 66.843688965 0.029904764 0.999353647 -0.019950837 -3.552864313 -0.941514432 0.021460388 -0.336289167 83.266418457
-0.340333223 0.024734870 0.939979613 67.711463928 0.030933619 0.999407411 -0.015098707 -3.580971241 -0.939796031 0.023938380 -0.340896726 82.954849243
-0.346293926 0.022535108 0.937855422 68.571861267 0.031793587 0.999419093 -0.012274910 -3.601948023 -0.937587202 0.025567060 -0.346809268 82.635711670
-0.354961872 0.023616616 0.934582531 69.433662415 0.031902038 0.999404669 -0.013138005 -3.624161720 -0.934336364 0.025151594 -0.355504036 82.308944702
-0.365956068 0.026825953 0.930245638 70.316787720 0.030891843 0.999383748 -0.016666967 -3.646094322 -0.930119455 0.022637624 -0.366559267 81.970947266
-0.379533291 0.029355494 0.924712241 71.187774658 0.033616602 0.999274015 -0.017925102 -3.664997816 -0.924567103 0.024282509 -0.380244613 81.613342285
-0.393655181 0.030857256 0.918740153 72.043945312 0.033296812 0.999259233 -0.019294830 -3.691768169 -0.918654978 0.022995606 -0.394390941 81.237380981
-0.407471061 0.035371151 0.912532985 72.906738281 0.033312637 0.999160290 -0.023853948 -3.723362446 -0.912610471 0.020679086 -0.408307195 80.856750488
-0.419466615 0.045312349 0.906639218 73.765556335 0.036313500 0.998791575 -0.033117134 -3.751357555 -0.907044172 0.019031713 -0.420605183 80.461318970
-0.429717541 0.049913473 0.901582778 74.620246887 0.039070368 0.998563707 -0.036660597 -3.788017273 -0.902117729 0.019471467 -0.431050539 80.044570923
-0.437508702 0.047405429 0.897963762 75.497131348 0.038775839 0.998675108 -0.033829715 -3.826449871 -0.898377776 0.020018505 -0.438767314 79.617828369
-0.442539930 0.041920047 0.895768464 76.369201660 0.039565068 0.998846769 -0.027197409 -3.868113041 -0.895875573 0.023405200 -0.443688154 79.193557739
-0.444571495 0.041038163 0.894802928 77.266868591 0.040371135 0.998852849 -0.025752304 -3.899661064 -0.894833267 0.024675470 -0.445718169 78.738304138
-0.445861578 0.040893335 0.894167483 78.151245117 0.041573931 0.998823881 -0.024949500 -3.930257797 -0.894136071 0.026050033 -0.447037220 78.299270630
-0.446383595 0.041642066 0.893872261 79.031997681 0.042377796 0.998779595 -0.025366589 -3.967914820 -0.893837690 0.026557107 -0.447603583 77.855789185
-0.447279096 0.039956223 0.893501461 79.918243408 0.041664679 0.998847902 -0.023810199 -4.000195980 -0.893423378 0.026577644 -0.448428512 77.416175842
-0.448211074 0.039792310 0.893041849 80.804878235 0.040303614 0.998892426 -0.024280742 -4.034120083 -0.893018901 0.025109919 -0.449318409 76.977935791
-0.449106574 0.037552528 0.892688751 81.674407959 0.037426874 0.999030113 -0.023196721 -4.068062305 -0.892693996 0.022992747 -0.450076461 76.537109375
-0.451224923 0.036161736 0.891677380 82.547561646 0.033805072 0.999154150 -0.023413692 -4.105287075 -0.891769826 0.019578377 -0.452065706 76.102066040
-0.456216097 0.033821311 0.889225900 83.425079346 0.029303540 0.999306500 -0.022974029 -4.145650864 -0.889386237 0.015576344 -0.456890821 75.671951294
-0.463015914 0.032213405 0.885764420 84.303878784 0.025582844 0.999408722 -0.022973483 -4.178742886 -0.885980725 0.012023285 -0.463566184 75.222625732
-0.471847177 0.027067296 0.881264865 85.160057068 0.019531358 0.999604285 -0.020244505 -4.208601475 -0.881464064 0.007659988 -0.472189069 74.778030396
-0.481781244 0.024237229 0.875956535 86.002342224 0.018668225 0.999674439 -0.017392810 -4.249108791 -0.876092911 0.007973026 -0.482076764 74.319381714
-0.492904782 0.022768367 0.869785309 86.868591309 0.019081980 0.999700010 -0.015355442 -4.268471718 -0.869874001 0.009028454 -0.493191361 73.839553833
-0.504250288 0.022284700 0.863269925 87.695373535 0.017375534 0.999726415 -0.015657889 -4.296435356 -0.863382697 0.007104282 -0.504499555 73.359527588
-0.516706109 0.020931402 0.855906963 88.522911072 0.017008444 0.999754786 -0.014181335 -4.318229675 -0.855993867 0.007230062 -0.516935349 72.865844727
-0.529185414 0.019970641 0.848271370 89.338203430 0.015411452 0.999784291 -0.013923398 -4.359913826 -0.848366439 0.005705035 -0.529379010 72.361282349
-0.542354345 0.020966738 0.839888155 90.139724731 0.016040202 0.999764740 -0.014599957 -4.387244225 -0.839996696 0.005553626 -0.542563081 71.848701477
-0.555098176 0.022833616 0.831471443 90.926933289 0.014922922 0.999735653 -0.017491752 -4.417435169 -0.831651032 0.002698342 -0.555292130 71.326309204
-0.567715406 0.023413127 0.822891951 91.703628540 0.014826247 0.999724150 -0.018215735 -4.441985130 -0.823091447 0.001859047 -0.567905903 70.793601990
-0.579829454 0.023123633 0.814409733 92.456115723 0.015677433 0.999728739 -0.017223669 -4.467489243 -0.814587116 0.002781064 -0.580034733 70.251251221
-0.592223883 0.021707425 0.805481374 93.216827393 0.016457034 0.999754369 -0.014843115 -4.495034695 -0.805605710 0.004465390 -0.592435598 69.696655273
-0.603584766 0.022061866 0.796993852 93.956352234 0.017783415 0.999740958 -0.014206332 -4.523160934 -0.797100782 0.005598546 -0.603820682 69.130294800
-0.613475919 0.023998672 0.789348900 94.687980652 0.020727055 0.999683142 -0.014284587 -4.548969269 -0.789441586 0.007597627 -0.613778949 68.563789368
-0.621983767 0.026387807 0.782585382 95.411247253 0.024527725 0.999598145 -0.014211043 -4.573542595 -0.782645881 0.010356002 -0.622381091 67.988830566
-0.627681851 0.029054733 0.777927876 96.118415833 0.028988620 0.999482512 -0.013939692 -4.597834110 -0.777930319 0.013801365 -0.628199339 67.405532837
-0.631569982 0.029737858 0.774748385 96.827857971 0.031651940 0.999420047 -0.012559170 -4.628012657 -0.774672568 0.016590293 -0.632144928 66.823684692
-0.633914709 0.031991869 0.772741139 97.521125793 0.034794696 0.999312162 -0.012828358 -4.651691914 -0.772620022 0.018755209 -0.634591818 66.251625061
-0.634609103 0.033474140 0.772108078 98.211898804 0.036827929 0.999236405 -0.013051597 -4.673288345 -0.771955371 0.020152478 -0.635357261 65.684036255
-0.633816600 0.035787031 0.772655070 98.890754700 0.040502928 0.999094188 -0.013050049 -4.699090481 -0.772422194 0.023023458 -0.634691954 65.122787476
-0.631782889 0.036685094 0.774276912 99.559219360 0.042309441 0.999022424 -0.012810475 -4.719391823 -0.773989975 0.024665786 -0.632717371 64.586334229
-0.627990246 0.036414973 0.777369022 100.207244873 0.043240339 0.998994231 -0.011865467 -4.751493454 -0.777019262 0.026162302 -0.628933311 64.064910889
-0.623057604 0.038181275 0.781243801 100.842788696 0.045972742 0.998868763 -0.012152967 -4.772581577 -0.780824065 0.028343918 -0.624108076 63.550426483
-0.617269874 0.038812440 0.785793543 101.460586548 0.047016691 0.998817146 -0.012400894 -4.794478416 -0.785345376 0.029290715 -0.618364573 63.066505432
-0.612617850 0.038688771 0.789431751 102.072624207 0.047487028 0.998798609 -0.012098428 -4.818130016 -0.788951337 0.030076053 -0.613719106 62.600952148
-0.607931614 0.037330102 0.793111384 102.663520813 0.045910519 0.998875558 -0.011823907 -4.842440128 -0.792660952 0.029224029 -0.608961821 62.166374207
-0.603375554 0.036701273 0.796612263 103.251922607 0.045827273 0.998885334 -0.011309536 -4.865635395 -0.796139419 0.029682672 -0.604384899 61.717140198
-0.600001216 0.036039412 0.799187005 103.810890198 0.045712374 0.998897076 -0.010726134 -4.887565613 -0.798692107 0.030097041 -0.600986838 61.303977966
-0.597979903 0.037571918 0.800629973 104.369056702 0.045241538 0.998890340 -0.013085565 -4.905694008 -0.800233245 0.028396830 -0.599016190 60.897323608
-0.597768188 0.040239755 0.800658584 104.916458130 0.044969846 0.998849988 -0.016626241 -4.926542282 -0.800406814 0.026066853 -0.598890305 60.492210388
-0.599099278 0.045375392 0.799388230 105.451171875 0.046529852 0.998678625 -0.021815987 -4.951208115 -0.799321830 0.024125472 -0.600418925 60.084083557
-0.601851225 0.051034074 0.796976030 105.997619629 0.049418334 0.998423517 -0.026614524 -4.976996899 -0.797077835 0.023367243 -0.603424430 59.670326233
-0.605139375 0.052531116 0.794384718 106.527595520 0.051698402 0.998307526 -0.026633795 -4.993935108 -0.794439375 0.024951262 -0.606830955 59.257911682
-0.609308481 0.048754372 0.791433215 107.064414978 0.052072085 0.998413682 -0.021415679 -5.009903431 -0.791221857 0.028162820 -0.610880733 58.841972351
-0.613098025 0.040218089 0.788982630 107.592559814 0.050778460 0.998644352 -0.011446894 -5.037720680 -0.788373411 0.033045251 -0.614309192 58.421997070
-0.618056297 0.033624906 0.785414338 108.118637085 0.049060863 0.998787165 -0.004152900 -5.055343151 -0.784601390 0.035966381 -0.618956327 58.013229370
-0.623192191 0.032487556 0.781393766 108.643898010 0.046461135 0.998910069 -0.004476531 -5.076366425 -0.780687511 0.033514701 -0.624022245 57.597030640
-0.627195954 0.035074770 0.778071523 109.162651062 0.044468917 0.998968542 -0.009186651 -5.097663403 -0.777591169 0.028838165 -0.628108740 57.191314697
-0.630096674 0.039430495 0.775515079 109.680839539 0.043772090 0.998925507 -0.015225349 -5.102362633 -0.775282145 0.024352472 -0.631145597 56.766639709
-0.632099509 0.039956853 0.773856521 110.202323914 0.041278526 0.998987973 -0.017864147 -5.111221313 -0.773787141 0.020651737 -0.633109212 56.339797974
-0.633989096 0.039249077 0.772345543 110.733840942 0.039335519 0.999055147 -0.018480990 -5.131850243 -0.772341132 0.018663866 -0.634933949 55.913970947
-0.635481834 0.038285054 0.771166205 111.264671326 0.037092611 0.999130487 -0.019036217 -5.157511711 -0.771224499 0.016507398 -0.636349440 55.481513977
-0.636242986 0.039127689 0.770495832 111.814125061 0.036736835 0.999116719 -0.020401895 -5.168998241 -0.770613492 0.015325015 -0.637118459 55.031349182
-0.635629177 0.038957000 0.771011114 112.355659485 0.037511960 0.999104798 -0.019556699 -5.183770180 -0.771082759 0.016491327 -0.636521459 54.583045959
-0.634520769 0.036036432 0.772065282 112.911872864 0.039385878 0.999122262 -0.014265176 -5.198499680 -0.771901667 0.021356920 -0.635383129 54.128982544
-0.630916834 0.028559277 0.775324821 113.489013672 0.037866011 0.999264836 -0.005994886 -5.216312885 -0.774926066 0.025576182 -0.631534457 53.662994385
-0.625561833 0.026483264 0.779725254 114.058113098 0.039534945 0.999215722 -0.002219947 -5.230570316 -0.779172480 0.029437676 -0.626118183 53.211235046
-0.619064808 0.026438156 0.784894824 114.644256592 0.039369516 0.999221325 -0.002605814 -5.244667053 -0.784352541 0.029287759 -0.619623661 52.757087708
-0.612158060 0.027000932 0.790274560 115.243453979 0.035487283 0.999347985 -0.006655292 -5.248448372 -0.789938986 0.023970604 -0.612717152 52.312904358
-0.605646849 0.024505919 0.795356095 115.852592468 0.032288976 0.999459326 -0.006207221 -5.254283428 -0.795078158 0.021921849 -0.606110573 51.858215332
-0.599121809 0.019397657 0.800422788 116.477333069 0.024573587 0.999680996 -0.005833035 -5.263635635 -0.800280571 0.016174560 -0.599407434 51.413742065
-0.593985081 0.016247520 0.804312170 117.121200562 0.018766781 0.999803782 -0.006337275 -5.278987885 -0.804257333 0.011330103 -0.594173431 50.956672668
-0.590463877 0.015343812 0.806918144 117.759262085 0.009017297 0.999882281 -0.012414662 -5.292563915 -0.807013631 -0.000054190 -0.590532780 50.510910034
-0.588481784 0.017416200 0.808323026 118.411148071 0.001444875 0.999789000 -0.020489635 -5.304565430 -0.808509350 -0.010889849 -0.588382840 50.058555603
-0.586173058 0.014852674 0.810049951 119.084808350 -0.008569750 0.999662340 -0.024530606 -5.325931072 -0.810140789 -0.021321101 -0.585847855 49.598075867
-0.584771633 0.014475431 0.811068833 119.743057251 -0.008856213 0.999667287 -0.024226645 -5.351273537 -0.811149597 -0.021350054 -0.584448934 49.135658264
-0.582583547 0.012756987 0.812671065 120.417312622 -0.007719852 0.999744833 -0.021227768 -5.371287346 -0.812734544 -0.018640639 -0.582336426 48.650283813
-0.581530571 0.008884407 0.813476264 121.115417480 -0.010357657 0.999778450 -0.018323500 -5.402415276 -0.813458800 -0.019081380 -0.581309676 48.164291382
-0.581215143 0.008200876 0.813708663 121.836647034 -0.010138932 0.999798596 -0.017318394 -5.421280861 -0.813686788 -0.018315848 -0.581014991 47.670494080
-0.581096172 0.012165654 0.813744128 122.543128967 -0.006275686 0.999791563 -0.019428583 -5.441967964 -0.813810885 -0.016396673 -0.580898643 47.162208557
-0.582839370 0.015543129 0.812438667 123.252777100 -0.004019390 0.999749660 -0.022010151 -5.461551666 -0.812577367 -0.016093891 -0.582630992 46.653038025
-0.584834218 0.013396199 0.811042190 123.986656189 -0.006187907 0.999760866 -0.020975353 -5.485361099 -0.811129212 -0.017285759 -0.584611535 46.139862061
-0.585375667 0.011691614 0.810678124 124.691513062 -0.004289572 0.999837339 -0.017517094 -5.515515327 -0.810751081 -0.013731538 -0.585230231 45.610450745
-0.587180734 0.010817231 0.809383571 125.461288452 -0.001659350 0.999892533 -0.014567143 -5.529223919 -0.809454143 -0.009896596 -0.587099671 45.073173523
-0.588547349 0.009388815 0.808408499 126.206649780 -0.004779517 0.999874711 -0.015092136 -5.546387196 -0.808448851 -0.012746235 -0.588428736 44.536796570
-0.590179443 0.007162795 0.807240367 126.977523804 -0.009078332 0.999838531 -0.015508990 -5.571943760 -0.807221115 -0.016481481 -0.590019107 43.989913940
-0.591494441 0.007236531 0.806276560 127.749061584 -0.010106785 0.999814630 -0.016388046 -5.589382172 -0.806245685 -0.017842302 -0.591311693 43.436286926
-0.593554497 0.005873182 0.804772496 128.523590088 -0.008649570 0.999869049 -0.013676417 -5.609734058 -0.804747462 -0.015078633 -0.593425989 42.873947144
-0.594908953 -0.001667598 0.803791344 129.304000854 -0.012686972 0.999892771 -0.007315548 -5.626320839 -0.803692937 -0.014549763 -0.594866276 42.312812805
-0.596393466 -0.007925841 0.802653432 130.079467773 -0.013044803 0.999914885 0.000181068 -5.641766548 -0.802586555 -0.010362467 -0.596446157 41.743721008
-0.596115828 -0.012448072 0.802802265 130.846649170 -0.015651966 0.999869943 0.003881495 -5.658826351 -0.802746177 -0.010251611 -0.596233130 41.171096802
-0.597204924 -0.011564069 0.802005410 131.619918823 -0.019189926 0.999815822 0.000126710 -5.670974731 -0.801859140 -0.015314751 -0.597316861 40.613586426
-0.596742392 -0.010413440 0.802365482 132.402984619 -0.023818618 0.999705076 -0.004739994 -5.686565399 -0.802079439 -0.021939788 -0.596814394 40.042221069
-0.595916510 -0.009331414 0.802992523 133.181823730 -0.028668458 0.999542296 -0.009659938 -5.699097157 -0.802534878 -0.028777068 -0.595911264 39.482284546
-0.594417691 -0.010719180 0.804084957 133.969757080 -0.028340634 0.999569237 -0.007625578 -5.719157696 -0.803656816 -0.027321057 -0.594465375 38.916473389
-0.592433572 -0.009013263 0.805569112 134.757507324 -0.024168404 0.999686182 -0.006588804 -5.738685608 -0.805256903 -0.023372745 -0.592465520 38.337707520
-0.589765191 -0.004669077 0.807561278 135.539566040 -0.016768217 0.999838531 -0.006465130 -5.761573792 -0.807400703 -0.017354272 -0.589748263 37.770812988
-0.585731387 -0.001092971 0.810504735 136.327270508 -0.013424003 0.999875009 -0.008352848 -5.780475616 -0.810394287 -0.015772741 -0.585672855 37.201446533
-0.581569076 0.004489873 0.813484907 137.103912354 -0.005535528 0.999939799 -0.009476382 -5.800946236 -0.813478470 -0.010014236 -0.581509113 36.638214111
-0.579034328 0.010603719 0.815234125 137.872344971 0.004709640 0.999942243 -0.009661105 -5.822298527 -0.815289497 -0.001754653 -0.579050779 36.082397461
-0.578493953 0.009472212 0.815631688 138.651947021 0.000828760 0.999938905 -0.011024829 -5.843085766 -0.815686285 -0.005701834 -0.578466415 35.543609619
-0.578995824 0.005740896 0.815310478 139.428054810 -0.001680236 0.999964714 -0.008234340 -5.858847618 -0.815328956 -0.006137561 -0.578965783 34.997650146
-0.579968214 0.000111408 0.814639390 140.209381104 -0.004229857 0.999986112 -0.003148128 -5.878895760 -0.814628363 -0.005271621 -0.579959750 34.450531006
-0.581052065 -0.005171669 0.813850164 140.988433838 -0.009236773 0.999957323 -0.000240334 -5.895609379 -0.813814163 -0.007656995 -0.581074953 33.909698486
-0.583613992 -0.007204410 0.811999202 141.766448975 -0.010742288 0.999941647 0.001151035 -5.905629158 -0.811960101 -0.008050970 -0.583657384 33.375000000
-0.586050034 -0.005992975 0.810252845 142.537994385 -0.013956900 0.999898970 -0.002699245 -5.917746067 -0.810154796 -0.012890509 -0.586074471 32.833816528
-0.586793184 -0.012192536 0.809645116 143.304183960 -0.021311536 0.999772787 -0.000389921 -5.927211285 -0.809456408 -0.017483585 -0.586919785 32.293472290
-0.589000940 -0.005430302 0.808114052 144.056701660 -0.018224683 0.999812365 -0.006564758 -5.942478180 -0.807926774 -0.018594271 -0.588989496 31.747711182
-0.590395927 -0.002761638 0.807109237 144.817260742 -0.019663723 0.999746561 -0.010963128 -5.961770058 -0.806874394 -0.022343356 -0.590300560 31.198486328
-0.592394948 0.002469247 0.805643976 145.571350098 -0.021319672 0.999597073 -0.018740186 -5.981087208 -0.805365622 -0.028277656 -0.592103601 30.651458740
-0.594279766 0.002570607 0.804254413 146.333343506 -0.017147994 0.999727070 -0.015866386 -6.004434109 -0.804075658 -0.023220418 -0.594073534 30.102447510
-0.594388247 -0.000346307 0.804178238 147.092605591 -0.015917139 0.999809086 -0.011334202 -6.025787830 -0.804020762 -0.019537132 -0.594280243 29.547805786
-0.594831944 -0.005765149 0.803829372 147.851699829 -0.016858781 0.999843836 -0.005304475 -6.046827316 -0.803673267 -0.016706856 -0.594836235 28.997955322
-0.594552040 -0.001073684 0.804056525 148.590972900 -0.012283411 0.999894559 -0.007747659 -6.068817616 -0.803963363 -0.014482941 -0.594502568 28.454193115
-0.593503475 0.000309491 0.804831564 149.331405640 -0.014896064 0.999824405 -0.011369212 -6.086770058 -0.804693758 -0.018736485 -0.593394637 27.911300659
-0.593166232 0.005548547 0.805061102 150.075546265 -0.014815305 0.999731660 -0.017806098 -6.106651306 -0.804943860 -0.022489198 -0.592924833 27.380752563
-0.593156695 0.003076198 0.805081427 150.818237305 -0.018663807 0.999671400 -0.017570579 -6.128807068 -0.804870963 -0.025447985 -0.592904449 26.849029541
-0.593186975 -0.001965005 0.805062473 151.557739258 -0.021277685 0.999685943 -0.013237800 -6.152237892 -0.804783642 -0.024982352 -0.593042493 26.317749023
-0.593945622 -0.005670080 0.804485261 152.263397217 -0.018304175 0.999811530 -0.006467082 -6.175045967 -0.804296970 -0.018566534 -0.593937397 25.796585083
-0.594990015 -0.004596450 0.803720236 152.965240479 -0.015560624 0.999862075 -0.005801267 -6.198627949 -0.803582728 -0.015958082 -0.594979405 25.284332275
-0.596390247 0.002738456 0.802690089 153.624862671 -0.014651635 0.999790430 -0.014296894 -6.226732254 -0.802561045 -0.020287249 -0.596225142 24.784011841
-0.598528028 0.014125515 0.800977349 154.293319702 -0.012982456 0.999542177 -0.027328378 -6.248069763 -0.800996661 -0.026755454 -0.598070621 24.287628174
-0.602909565 0.016145986 0.797646105 154.940856934 -0.008877139 0.999597549 -0.026943777 -6.277935505 -0.797760129 -0.023325477 -0.602523565 23.817626953
-0.607034326 0.010596433 0.794605136 155.581115723 -0.005811243 0.999825180 -0.017772606 -6.304241657 -0.794654548 -0.015406223 -0.606866598 23.328964233
-0.611515164 0.001080370 0.791232049 156.205520630 -0.004032661 0.999981821 -0.004482103 -6.331954002 -0.791222513 -0.005931644 -0.611499667 22.845092773
-0.614982963 -0.004146091 0.788529634 156.804550171 -0.005840019 0.999982715 0.000703219 -6.354260921 -0.788518906 -0.004172560 -0.614996433 22.381439209
-0.619530678 -0.000118261 0.784972429 157.373199463 -0.005198804 0.999978662 -0.003952445 -6.370326519 -0.784955204 -0.006529578 -0.619518161 21.943420410
-0.621606708 0.010661401 0.783257067 157.911788940 -0.000470054 0.999902129 -0.013983335 -6.389864445 -0.783329487 -0.009060306 -0.621540785 21.507186890
-0.623924494 0.017604800 0.781286597 158.437744141 0.000877728 0.999761403 -0.021826774 -6.409048080 -0.781484425 -0.012932498 -0.623791099 21.083358765
-0.624997973 0.021862701 0.780320287 158.946563721 0.005110507 0.999700904 -0.023915956 -6.432016373 -0.780609787 -0.010959590 -0.624922752 20.676239014
-0.622189164 0.024172489 0.782493711 159.432861328 0.011708356 0.999698699 -0.021572564 -6.445845604 -0.782779455 -0.004260499 -0.622284651 20.283126831
-0.617186785 0.028406952 0.786303759 159.915634155 0.020988423 0.999586821 -0.019638008 -6.467928886 -0.786536753 0.004382959 -0.617527962 19.925811768
-0.605325699 0.029741036 0.795422077 160.387008667 0.026033016 0.999506831 -0.017560381 -6.489802361 -0.795552075 0.010077486 -0.605801463 19.571777344
-0.587203026 0.035234865 0.808672547 160.860473633 0.033874098 0.999246597 -0.018941350 -6.514266968 -0.808730721 0.016270636 -0.587954283 19.228210449
-0.563374996 0.041398853 0.825163603 161.346435547 0.042384364 0.998876929 -0.021176500 -6.531191826 -0.825113595 0.023043722 -0.564496875 18.907943726
-0.532799125 0.044605084 0.845065534 161.841201782 0.048272401 0.998585820 -0.022273449 -6.565839767 -0.844864011 0.028926067 -0.534198761 18.606445312
-0.497079730 0.044024304 0.866587460 162.343383789 0.050834268 0.998474240 -0.021565575 -6.565770149 -0.866214693 0.033332527 -0.498559237 18.313110352
-0.459410071 0.039080724 0.887364149 162.837524414 0.044353813 0.998794615 -0.021025226 -6.589959621 -0.887116194 0.029698784 -0.460589647 18.082839966
-0.419645071 0.036990725 0.906934261 163.355560303 0.038862228 0.998985291 -0.022763334 -6.610634327 -0.906856000 0.025692964 -0.420656800 17.875350952
-0.380344033 0.040435892 0.923960745 163.876007080 0.037894238 0.998886168 -0.028115923 -6.636724472 -0.924068511 0.024319066 -0.381452680 17.686752319
-0.339699268 0.045283534 0.939443409 164.402130127 0.038696751 0.998667419 -0.034145679 -6.662529945 -0.939737797 0.024754148 -0.340998888 17.507705688
-0.298861146 0.050744630 0.952946663 164.945999146 0.037053213 0.998449266 -0.041547116 -6.683278084 -0.953577161 0.022892918 -0.300277948 17.364074707
-0.257671118 0.051141657 0.964878440 165.506866455 0.034994163 0.998437107 -0.043575179 -6.711013317 -0.965598941 0.022537049 -0.259058118 17.237792969
-0.216692090 0.048772015 0.975021005 166.072631836 0.030929752 0.998592854 -0.043077182 -6.732615948 -0.975750029 0.020822672 -0.217895627 17.146545410
-0.174943686 0.043768134 0.983605325 166.616943359 0.028594311 0.998815894 -0.039359208 -6.763347149 -0.984163284 0.021239877 -0.175988078 17.067947388
-0.138600469 0.036854941 0.989662409 167.204925537 0.021658452 0.999181092 -0.034176189 -6.795281410 -0.990111589 0.016697720 -0.139285207 17.022491455
-0.105599523 0.029528851 0.993970335 167.803771973 0.016253484 0.999476731 -0.027965667 -6.821587086 -0.994276047 0.013202321 -0.106024265 16.991424561
-0.076505899 0.027172180 0.996698976 168.400939941 0.010854622 0.999592066 -0.026417863 -6.842925072 -0.997010231 0.008797671 -0.076769590 16.978012085
-0.052104712 0.025097383 0.998326242 168.990783691 0.005658276 0.999675512 -0.024835987 -6.859961033 -0.998625636 0.004354734 -0.052229881 16.959808350
-0.034742832 0.021492524 0.999165237 169.609085083 -0.003855070 0.999758422 -0.021639332 -6.884389877 -0.999388933 -0.004603661 -0.034651637 16.969970703
-0.022428274 0.019881656 0.999550879 170.237518311 -0.016402166 0.999660373 -0.020251872 -6.906926155 -0.999614060 -0.016849009 -0.022094607 16.993835449
-0.014296055 0.022324491 0.999648690 170.853271484 -0.023688672 0.999462545 -0.022659106 -6.927446365 -0.999617279 -0.024004279 -0.013759494 16.999801636
-0.009807587 0.025142699 0.999635756 171.508880615 -0.028792452 0.999262273 -0.025415793 -6.940470695 -0.999537289 -0.029031232 -0.009076476 17.004302979
-0.008728147 0.027119903 0.999594271 172.154693604 -0.029749632 0.999182642 -0.027368499 -6.959693909 -0.999519467 -0.029976429 -0.007914186 17.006439209
-0.010401130 0.025490798 0.999620974 172.808486938 -0.030804768 0.999192357 -0.025800396 -6.978636742 -0.999471366 -0.031061444 -0.009607553 17.003662109
-0.013833761 0.023792053 0.999621272 173.457946777 -0.029870242 0.999260843 -0.024196850 -7.001703262 -0.999458134 -0.030193659 -0.013112783 16.997055054
-0.018483281 0.018760197 0.999653220 174.106369019 -0.030915273 0.999335170 -0.019325837 -7.029667854 -0.999351203 -0.031261753 -0.017890930 16.984268188
-0.023886681 0.020326830 0.999508083 174.810317993 -0.030005272 0.999328256 -0.021040251 -7.052304268 -0.999264359 -0.030493090 -0.023260713 16.969329834
-0.029612184 0.027482579 0.999183774 175.481369019 -0.031335384 0.999105096 -0.028409081 -7.077418804 -0.999070346 -0.032151051 -0.028724432 16.955459595
-0.036214113 0.037817609 0.998628318 176.161499023 -0.031374201 0.998748124 -0.038959898 -7.104544163 -0.998851538 -0.032742061 -0.034982324 16.938980103
-0.042591333 0.043126594 0.998161316 176.848907471 -0.029872660 0.998566270 -0.044418752 -7.128896713 -0.998645902 -0.031709589 -0.041242003 16.900421143
-0.048868299 0.040382046 0.997988582 177.549270630 -0.029698692 0.998681784 -0.041864347 -7.159549713 -0.998363614 -0.031684797 -0.047604561 16.865020752
-0.056254983 0.033072863 0.997868657 178.260482788 -0.032095909 0.998874724 -0.034915622 -7.189245224 -0.997900546 -0.033991676 -0.055130243 16.836395264
-0.063266754 0.026801340 0.997636855 178.992874146 -0.035950642 0.998929322 -0.029115930 -7.228665352 -0.997349083 -0.037707746 -0.062235475 16.799575806
-0.069342256 0.025376428 0.997270346 179.712799072 -0.039218534 0.998834252 -0.028143166 -7.257530689 -0.996822000 -0.041062977 -0.068266153 16.755065918
-0.074959874 0.028985241 0.996765256 180.434997559 -0.042799346 0.998562872 -0.032256160 -7.287477493 -0.996267676 -0.045078818 -0.073611617 16.715530396
-0.078297019 0.031754993 0.996424317 181.158065796 -0.040408768 0.998570085 -0.034998618 -7.314944267 -0.996110857 -0.043004557 -0.076901913 16.658828735
-0.079623580 0.034147147 0.996240139 181.887573242 -0.032062404 0.998808265 -0.036797725 -7.345137119 -0.996309400 -0.034871809 -0.078433752 16.584182739
-0.081012845 0.032959338 0.996168017 182.630432129 -0.029128872 0.998947918 -0.035420205 -7.375086784 -0.996287405 -0.031886738 -0.079967499 16.521865845
-0.081350327 0.030478157 0.996219397 183.374237061 -0.035328053 0.998816073 -0.033442453 -7.406681061 -0.996059239 -0.037915051 -0.080177307 16.474639893
-0.079880357 0.026651479 0.996448159 184.129791260 -0.040026370 0.998750508 -0.029921774 -7.437343121 -0.996000588 -0.042274360 -0.078713775 16.432495117
-0.077277064 0.026338767 0.996661663 184.879760742 -0.036035333 0.998924017 -0.029192585 -7.465875149 -0.996358156 -0.038170952 -0.076244712 16.369049072
-0.076573372 0.026743922 0.996705174 185.634918213 -0.031792656 0.999066412 -0.029249797 -7.497708797 -0.996556938 -0.033927660 -0.075651646 16.311706543
-0.076009750 0.025356837 0.996784627 186.399688721 -0.034829848 0.998999000 -0.028069112 -7.526967525 -0.996498585 -0.036851380 -0.075050473 16.258666992
-0.075870514 0.022609347 0.996861339 187.161987305 -0.038501475 0.998930931 -0.025586614 -7.551555634 -0.996374130 -0.040321901 -0.074918985 16.211578369
-0.074435115 0.019473901 0.997035801 187.942382812 -0.040930629 0.998907149 -0.022566181 -7.579436302 -0.996385634 -0.042489011 -0.073556662 16.166229248
-0.073074222 0.017137088 0.997179329 188.713729858 -0.041654136 0.998927474 -0.020219585 -7.604199409 -0.996456325 -0.043014172 -0.072282076 16.117752075
-0.071881056 0.018786008 0.997236311 189.492630005 -0.039690088 0.998976827 -0.021679670 -7.633315086 -0.996623218 -0.041138753 -0.071061969 16.056167603
-0.071395993 0.023903215 0.997161567 190.264450073 -0.034905106 0.999040604 -0.026447434 -7.659399033 -0.996837080 -0.036694270 -0.070493102 15.998901367
-0.071558952 0.027543506 0.997056186 191.031250000 -0.036132701 0.998890936 -0.030187441 -7.687962532 -0.996781886 -0.038186502 -0.070484400 15.951339722
-0.072652817 0.029037081 0.996934533 191.816879272 -0.041245703 0.998633504 -0.032092396 -7.710717678 -0.996504068 -0.043450866 -0.071355939 15.902252197
-0.073657870 0.026330220 0.996936083 192.610061646 -0.041233722 0.998716176 -0.029423751 -7.734016418 -0.996430933 -0.043274663 -0.072477579 15.848129272
-0.074825525 0.023895821 0.996910334 193.382720947 -0.037940700 0.998920798 -0.026791738 -7.770658970 -0.996474683 -0.039828178 -0.073838115 15.789825439
-0.075981617 0.025676174 0.996778607 194.160858154 -0.040267229 0.998773873 -0.028797025 -7.797805786 -0.996295869 -0.042325553 -0.074854493 15.737121582
-0.078330278 0.030371634 0.996464670 194.957641602 -0.043922812 0.998460114 -0.033885147 -7.829222679 -0.995959401 -0.046421763 -0.076875687 15.690521240
-0.081011772 0.035040069 0.996097207 195.745895386 -0.043903306 0.998286426 -0.038687699 -7.862433434 -0.995745897 -0.046866104 -0.079334617 15.631973267
-0.083739042 0.035712808 0.995847583 196.504028320 -0.044843148 0.998210132 -0.039568312 -7.898415089 -0.995478272 -0.047970355 -0.081987739 15.557632446
-0.086823821 0.036430839 0.995557308 197.325637817 -0.042857502 0.998269379 -0.040267739 -7.938919067 -0.995301366 -0.046163302 -0.085112214 15.492919922
-0.087802291 0.035142995 0.995517790 198.146942139 -0.042410534 0.998339474 -0.038983110 -7.976722717 -0.995234668 -0.045643244 -0.086166024 15.423995972
-0.089405298 0.034953810 0.995381832 198.956390381 -0.037147280 0.998571634 -0.038402393 -8.010793686 -0.995302379 -0.040409103 -0.087979078 15.348922729
-0.089698076 0.030825106 0.995491982 199.772155762 -0.034377597 0.998829544 -0.034026023 -8.054110527 -0.995375633 -0.037274685 -0.088533401 15.276916504
-0.089714766 0.027922103 0.995576203 200.600204468 -0.032803036 0.998981774 -0.030973606 -8.083677292 -0.995427310 -0.035436697 -0.088707447 15.205795288
-0.090283394 0.026628917 0.995560288 201.438079834 -0.028595436 0.999161005 -0.029318437 -8.118488312 -0.995505750 -0.031115439 -0.089446187 15.132476807
-0.089084506 0.027638609 0.995640516 202.262878418 -0.026913075 0.999183178 -0.030144988 -8.153018951 -0.995660365 -0.029481201 -0.088267922 15.053833008
-0.089439988 0.028292207 0.995590389 203.094375610 -0.023952764 0.999246240 -0.030547921 -8.182638168 -0.995704234 -0.026579339 -0.088694811 14.990844727
-0.088301420 0.030095194 0.995639145 203.926986694 -0.017761460 0.999337018 -0.031782202 -8.216617584 -0.995935500 -0.020490415 -0.087708354 14.912460327
-0.086295962 0.030339777 0.995807528 204.773986816 -0.015846336 0.999367952 -0.031821489 -8.257418633 -0.996143579 -0.018525966 -0.085760713 14.842926025
-0.083919644 0.029440593 0.996037662 205.584472656 -0.019031942 0.999333799 -0.031141531 -8.291110992 -0.996290863 -0.021569911 -0.083303452 14.775863647
-0.080087423 0.026695669 0.996430397 206.418212891 -0.023446435 0.999314249 -0.028657423 -8.321406364 -0.996512175 -0.025657834 -0.079406619 14.718368530
-0.077859044 0.025238696 0.996645033 207.255004883 -0.020526100 0.999427021 -0.026912669 -8.361088753 -0.996753216 -0.022552622 -0.077296376 14.660156250
-0.075895905 0.032095764 0.996599257 208.082031250 -0.019572115 0.999241292 -0.033671364 -8.402450562 -0.996923804 -0.022061061 -0.075210094 14.601409912
-0.074371576 0.042786114 0.996312380 208.909194946 -0.021948926 0.998766899 -0.044529941 -8.436872482 -0.996989071 -0.025179740 -0.073340654 14.546920776
-0.073204041 0.043244187 0.996379197 209.738052368 -0.024484782 0.998680413 -0.045142967 -8.466484070 -0.997016549 -0.027700763 -0.072048545 14.502136230
-0.072106123 0.032151029 0.996878803 210.575622559 -0.027876725 0.999024868 -0.034236621 -8.509620667 -0.997007489 -0.030258376 -0.071139574 14.450607300
-0.072950125 0.020923993 0.997116089 211.410552979 -0.027679244 0.999352336 -0.022995960 -8.553083420 -0.996951461 -0.029276974 -0.072323680 14.399581909
-0.074213266 0.020667583 0.997028351 212.253341675 -0.027502010 0.999362528 -0.022763068 -8.591552734 -0.996863246 -0.029109599 -0.073597550 14.338653564
-0.076118469 0.028069369 0.996703625 213.090606689 -0.030776363 0.999061286 -0.030486165 -8.621256828 -0.996623755 -0.032995474 -0.075183153 14.287612915
-0.077538252 0.032674693 0.996453822 213.923690796 -0.039287400 0.998586357 -0.035801739 -8.648314476 -0.996215045 -0.041924082 -0.076144934 14.236068726
-0.078362823 0.032801747 0.996385157 214.742706299 -0.040605336 0.998524129 -0.036065653 -8.683499336 -0.996097684 -0.043284759 -0.076915264 14.163436890
-0.079121709 0.027308688 0.996490896 215.594177246 -0.036909271 0.998859048 -0.030304195 -8.723444939 -0.996181488 -0.039177470 -0.078023434 14.106307983
-0.079767466 0.021871375 0.996573567 216.455139160 -0.035717361 0.999054551 -0.024784705 -8.753353119 -0.996173441 -0.037571989 -0.078910947 14.042816162
-0.079921246 0.019903852 0.996602595 217.302993774 -0.032139286 0.999229372 -0.022533678 -8.785955429 -0.996283054 -0.033831008 -0.079219937 13.974243164
-0.079440475 0.024186421 0.996546209 218.157180786 -0.028439708 0.999243677 -0.026518986 -8.819659233 -0.996433914 -0.030448161 -0.078692555 13.909667969
-0.078558326 0.029442944 0.996474624 219.023376465 -0.025649292 0.999173164 -0.031544771 -8.855615616 -0.996579528 -0.028036974 -0.077738166 13.834152222
-0.077432871 0.033298280 0.996441543 219.889373779 -0.022554213 0.999127865 -0.035140723 -8.888021469 -0.996742606 -0.025194993 -0.076614380 13.766525269
-0.076376200 0.030769980 0.996604264 220.773666382 -0.020455029 0.999265015 -0.032419734 -8.920888901 -0.996869326 -0.022861661 -0.075690627 13.699447632
-0.075389028 0.026165245 0.996810973 221.657928467 -0.016547497 0.999485195 -0.027486932 -8.957067490 -0.997017026 -0.018566933 -0.074917197 13.630966187
-0.075120330 0.024581427 0.996871650 222.545227051 -0.016128972 0.999535382 -0.025862528 -8.990974426 -0.997044206 -0.018021310 -0.074688911 13.567886353
-0.075141072 0.024542345 0.996870935 223.423477173 -0.024146270 0.999359190 -0.026423676 -9.023759842 -0.996880651 -0.026056217 -0.074500322 13.519821167
-0.075124621 0.024642186 0.996869624 224.317657471 -0.027498843 0.999263227 -0.026773684 -9.056785583 -0.996794879 -0.029424123 -0.074391603 13.462020874
-0.075531125 0.023662725 0.996862769 225.204406738 -0.028934093 0.999245405 -0.025911584 -9.087812424 -0.996723652 -0.030800443 -0.074789405 13.400985718
-0.077280641 0.024717497 0.996703029 226.097442627 -0.032164302 0.999110460 -0.027271096 -9.131451607 -0.996490538 -0.034165777 -0.076416850 13.344833374
-0.079368472 0.025625002 0.996516168 227.020156860 -0.033920772 0.999021173 -0.028391069 -9.151989937 -0.996268272 -0.036055941 -0.078421593 13.288848877
-0.080901980 0.023468301 0.996445775 227.890975952 -0.030911054 0.999182820 -0.026042450 -9.176433563 -0.996242642 -0.032908075 -0.080110550 13.206924438
-0.081868172 0.020723810 0.996427655 228.785980225 -0.025869561 0.999402761 -0.022911172 -9.210730553 -0.996307373 -0.027652841 -0.081283092 13.123626709
-0.083628178 0.023619896 0.996217191 229.674026489 -0.027851028 0.999273121 -0.026030326 -9.253678322 -0.996107876 -0.029922536 -0.082909584 13.060058594
-0.085094571 0.031284288 0.995881796 230.558090210 -0.020846354 0.999232292 -0.033170789 -9.289096832 -0.996154964 -0.023583151 -0.084377170 12.980957031
-0.085679412 0.033206616 0.995769203 231.466720581 -0.018804660 0.999212503 -0.034939460 -9.322991371 -0.996145248 -0.021718696 -0.084987521 12.903915405
-0.088150382 0.026089862 0.995765507 232.368240356 -0.024655402 0.999293506 -0.028364925 -9.360649109 -0.995802045 -0.027051376 -0.087444901 12.843719482
-0.089029312 0.017448073 0.995876133 233.265975952 -0.031159673 0.999308407 -0.020293821 -9.397102356 -0.995541453 -0.032837924 -0.088424087 12.771011353
-0.090733886 0.015199164 0.995759189 234.156112671 -0.035202667 0.999209702 -0.018459510 -9.434162140 -0.995252788 -0.036728282 -0.090127110 12.702239990
-0.093666792 0.016387643 0.995468795 235.089782715 -0.035785355 0.999163032 -0.019815616 -9.459460258 -0.994960368 -0.037479267 -0.093001962 12.647216797
-0.094789267 0.022982705 0.995232046 235.986236572 -0.040351462 0.998823166 -0.026908841 -9.488487244 -0.994679213 -0.042709734 -0.093750238 12.583038330
-0.093711257 0.028297480 0.995197237 236.868225098 -0.036912598 0.998809993 -0.031876024 -9.528131485 -0.994914949 -0.039722454 -0.092555165 12.492614746
-0.093058228 0.034648608 0.995057642 237.749114990 -0.031807162 0.998780787 -0.037752874 -9.565527916 -0.995152473 -0.035163172 -0.091842771 12.408386230
-0.092357993 0.030850219 0.995247841 238.638946533 -0.029080054 0.999010026 -0.033665434 -9.606199265 -0.995301127 -0.032051131 -0.091369390 12.329620361
-0.090518713 0.026882078 0.995531857 239.537139893 -0.027231349 0.999195039 -0.029457003 -9.645206451 -0.995522380 -0.029776085 -0.089713812 12.249511719
-0.087460756 0.026583010 0.995813370 240.415313721 -0.029441662 0.999138236 -0.029257581 -9.689928055 -0.995732963 -0.031877283 -0.086602807 12.180175781
-0.085618019 0.034204088 0.995740771 241.288772583 -0.029204853 0.998894930 -0.036823593 -9.728402138 -0.995899916 -0.032233223 -0.084524393 12.108856201
-0.083512783 0.037325967 0.995807469 242.163421631 -0.028693657 0.998793840 -0.039844282 -9.764986038 -0.996093571 -0.031900860 -0.082340956 12.044677734
-0.080797195 0.031113338 0.996244967 243.042572021 -0.029176172 0.999010563 -0.033565946 -9.808066368 -0.996303618 -0.031778641 -0.079809427 11.978424072
-0.079671741 0.023987813 0.996532440 243.925811768 -0.026207207 0.999314427 -0.026150018 -9.856724739 -0.996476531 -0.028199751 -0.078988552 11.916015625
-0.078477502 0.025433438 0.996591508 244.784591675 -0.026321346 0.999273121 -0.027574573 -9.897426605 -0.996568441 -0.028395608 -0.077751040 11.865356445
-0.076271415 0.034909576 0.996475816 245.648406982 -0.028344952 0.998907089 -0.037164304 -9.933159828 -0.996684134 -0.031079631 -0.075198531 11.809539795
-0.073855758 0.038673628 0.996518731 246.486724854 -0.028578181 0.998755336 -0.040878464 -9.967439651 -0.996859372 -0.031497803 -0.072658539 11.732543945
-0.073051572 0.035296772 0.996703386 247.355682373 -0.026478823 0.998952627 -0.037317146 -10.008473396 -0.996976614 -0.029117610 -0.072040439 11.677673340
-0.072303057 0.026999556 0.997017205 248.219680786 -0.029074442 0.999151647 -0.029165814 -10.057670593 -0.996958852 -0.031096494 -0.071456671 11.625823975
-0.069631457 0.024450736 0.997273207 249.077621460 -0.030802177 0.999170184 -0.026647909 -10.091214180 -0.997097254 -0.032573711 -0.068820477 11.567749023
-0.068185329 0.024380406 0.997374713 249.927062988 -0.028012274 0.999260426 -0.026341556 -10.128883362 -0.997279346 -0.029734844 -0.067451954 11.537322998
-0.065491080 0.027002798 0.997487903 250.749267578 -0.022397490 0.999342144 -0.028523525 -10.165139198 -0.997601926 -0.024209252 -0.064843178 11.475463867
-0.064361095 0.028672209 0.997514784 251.561035156 -0.022879524 0.999282002 -0.030199226 -10.204958916 -0.997664452 -0.024766315 -0.063658834 11.430084229
-0.063032866 0.028757622 0.997597098 252.367202759 -0.024380807 0.999242067 -0.030345535 -10.240652084 -0.997713685 -0.026234986 -0.062283993 11.389923096
-0.060657620 0.025262885 0.997839093 253.156524658 -0.024858512 0.999331355 -0.026811788 -10.269534111 -0.997849226 -0.026431123 -0.059988976 11.337768555
-0.060991168 0.018112775 0.997974038 253.938537598 -0.025445085 0.999482214 -0.019695226 -10.302544594 -0.997814000 -0.026594765 -0.060498714 11.299682617
-0.060934186 0.014647373 0.998034358 254.710266113 -0.026056904 0.999528229 -0.016260179 -10.329566956 -0.997801661 -0.026996484 -0.060523748 11.253417969
-0.061553359 0.017972417 0.997941971 255.461334229 -0.025119498 0.999493301 -0.019549733 -10.362079620 -0.997787654 -0.026271151 -0.061070681 11.216735840
-0.062066436 0.024333840 0.997775435 256.184173584 -0.025468936 0.999338567 -0.025956249 -10.383591652 -0.997747123 -0.027023284 -0.061405659 11.175292969
-0.062780619 0.029614339 0.997587979 256.892761230 -0.024927491 0.999201298 -0.031230977 -10.410921097 -0.997716069 -0.026828060 -0.061992168 11.126922607
-0.064791322 0.030389421 0.997436106 257.616790771 -0.026037997 0.999144375 -0.032132842 -10.451734543 -0.997559190 -0.028053163 -0.063944578 11.093444824
-0.067642808 0.030140942 0.997254372 258.313385010 -0.022642104 0.999239743 -0.031736743 -10.481432915 -0.997452796 -0.024726693 -0.066908956 11.037445068
-0.073360920 0.029062843 0.996881962 259.015930176 -0.022730019 0.999266922 -0.030805085 -10.516963959 -0.997046471 -0.024919033 -0.072646499 11.000488281
-0.080121756 0.029405128 0.996351302 259.695800781 -0.022211118 0.999263942 -0.031277198 -10.547005653 -0.996537626 -0.024636056 -0.079409719 10.946777344
-0.088403583 0.031064942 0.995600224 260.354217529 -0.022030421 0.999208093 -0.033133689 -10.579745293 -0.995841086 -0.024862625 -0.087649107 10.891326904
-0.097930551 0.031198548 0.994704187 260.995544434 -0.021396833 0.999211431 -0.033446476 -10.611335754 -0.994963288 -0.024558945 -0.097185850 10.821807861
-0.109341860 0.031719215 0.993497968 261.636383057 -0.019944604 0.999219477 -0.034096938 -10.644689560 -0.993804097 -0.023543146 -0.108623862 10.745025635
-0.121167541 0.028461421 0.992224097 262.258270264 -0.016862663 0.999385595 -0.030726066 -10.674779892 -0.992488980 -0.020454535 -0.120613217 10.660797119
-0.133270860 0.026085893 0.990736365 262.872070312 -0.010387681 0.999561846 -0.027715586 -10.698305130 -0.991025269 -0.013985130 -0.132941484 10.569366455
-0.144856691 0.021743566 0.989213586 263.466522217 -0.006069341 0.999720156 -0.022863276 -10.728120804 -0.989433885 -0.009315777 -0.144684196 10.467926025
-0.156336308 0.017142883 0.987555027 264.050903320 -0.001992761 0.999841869 -0.017671634 -10.748665810 -0.987701833 -0.004730680 -0.156277418 10.362548828
-0.167620778 0.015015789 0.985737324 264.614196777 0.001599050 0.999886811 -0.014959418 -10.773790359 -0.985850334 -0.000931263 -0.167625785 10.261169434
-0.178345442 0.016399091 0.983831227 265.154785156 0.006579361 0.999858618 -0.015473560 -10.796165466 -0.983945906 0.003713341 -0.178428173 10.152832031
-0.187980533 0.019675501 0.981975675 265.675933838 0.011561758 0.999774396 -0.017818850 -10.815326691 -0.982104719 0.008003769 -0.188165665 10.037475586
-0.198835969 0.023298865 0.979755938 266.180847168 0.014695352 0.999675870 -0.020790232 -10.833481789 -0.979922712 0.010264014 -0.199113846 9.936950684
-0.208158731 0.025891947 0.977752268 266.657409668 0.017662333 0.999586046 -0.022709901 -10.853704453 -0.977935553 0.012542120 -0.208529949 9.826995850
-0.216908574 0.026757272 0.975825131 267.113922119 0.021227924 0.999517202 -0.022688322 -10.860740662 -0.975961089 0.015793452 -0.217371821 9.728118896
-0.223426104 0.025787354 0.974379718 267.550537109 0.024005931 0.999492347 -0.020947393 -10.877943993 -0.974425256 0.018710699 -0.223931670 9.623840332
-0.228700280 0.025554940 0.973161459 267.952667236 0.026833083 0.999441028 -0.019939059 -10.896263123 -0.973127067 0.021552851 -0.229258180 9.527618408
-0.230927467 0.026884008 0.972599447 268.355041504 0.029102720 0.999361753 -0.020713801 -10.914771080 -0.972535610 0.023521902 -0.231562495 9.420867920
-0.231068373 0.026986407 0.972563267 268.720977783 0.031243397 0.999305546 -0.020305421 -10.931861877 -0.972435772 0.025694238 -0.231751084 9.329437256
-0.227898359 0.027387129 0.973299801 269.078704834 0.033653140 0.999228656 -0.020236844 -10.934078217 -0.973103344 0.028142653 -0.228644252 9.242340088
-0.222781897 0.027736444 0.974473774 269.400329590 0.034217343 0.999201715 -0.020617593 -10.947549820 -0.974267721 0.028750675 -0.223553181 9.167388916
-0.215271473 0.028104262 0.976149857 269.712829590 0.032859266 0.999228239 -0.021522222 -10.970418930 -0.976001322 0.027442446 -0.216028929 9.108306885
-0.203811646 0.029330216 0.978570819 270.011962891 0.030961640 0.999244273 -0.023501329 -10.983326912 -0.978520572 0.025508313 -0.204565763 9.050994873
-0.190922737 0.032124557 0.981079280 270.260925293 0.029268758 0.999206245 -0.027022269 -10.996168137 -0.981168628 0.023555808 -0.191711426 9.035095215
-0.174289227 0.035763323 0.984044969 270.523620605 0.028752008 0.999098957 -0.031218022 -11.002658844 -0.984274745 0.022852303 -0.175160408 8.999053955
-0.154394150 0.037074290 0.987313569 270.783935547 0.028267704 0.999052405 -0.033094648 -11.015621185 -0.987604916 0.022799471 -0.155295849 8.977081299
-0.130874753 0.035822067 0.990751684 271.050842285 0.029498909 0.999045193 -0.032225244 -11.026179314 -0.990960062 0.025008623 -0.131806493 8.942199707
-0.105527759 0.034867171 0.993804932 271.309692383 0.028400321 0.999083102 -0.032036651 -11.032250404 -0.994010746 0.024843624 -0.106421232 8.945709229
-0.074986935 0.034401372 0.996590912 271.578552246 0.024886861 0.999158025 -0.032617413 -11.039608955 -0.996873915 0.022356141 -0.075780034 8.948364258
-0.041658163 0.033231270 0.998579323 271.821228027 0.022292588 0.999228835 -0.032322902 -11.045160294 -0.998883367 0.020914404 -0.042366862 8.964385986
-0.006029725 0.027919462 0.999592066 272.060485840 0.019559791 0.999422193 -0.027796734 -11.066333771 -0.999790609 0.019384209 -0.006572247 8.982482910
0.030211210 0.024666598 0.999239326 272.318695068 0.016950591 0.999539077 -0.025186492 -11.066338539 -0.999399960 0.017698610 0.029779136 9.016235352
0.068701267 0.020885909 0.997418642 272.536254883 0.011217131 0.999701440 -0.021706335 -11.085435867 -0.997574270 0.012679429 0.068446457 9.074935913
0.109091103 0.018912598 0.993851840 272.707427979 0.005574403 0.999791622 -0.019637510 -11.111188889 -0.994016171 0.007682410 0.108962953 9.142105103
0.154683411 0.019989779 0.987761915 272.944213867 -0.003580165 0.999800086 -0.019672750 -11.116136551 -0.987957656 -0.000493301 0.154724061 9.229003906
0.202859819 0.021037193 0.978981793 273.181884766 -0.007127028 0.999774456 -0.020007174 -11.126168251 -0.979181886 -0.002918578 0.202964008 9.320526123
0.253150642 0.022460423 0.967166185 273.431304932 -0.010978900 0.999732792 -0.020343047 -11.142812729 -0.967364669 -0.005468563 0.253329575 9.426361084
0.304540396 0.025653025 0.952154040 273.694549561 -0.013925158 0.999650359 -0.022478806 -11.136041641 -0.952397704 -0.006413187 0.304791152 9.556930542
0.357344329 0.025567641 0.933622658 273.925201416 -0.010555924 0.999671936 -0.023336146 -11.157646179 -0.933913052 -0.001516211 0.357497036 9.707580566
0.413218677 0.025822530 0.910265744 274.170806885 -0.000954900 0.999609590 -0.027923571 -11.161125183 -0.910631478 0.010669330 0.413082004 9.852127075
0.468792260 0.024911620 0.882957101 274.441772461 0.004185182 0.999528348 -0.030422602 -11.154738426 -0.883298516 0.017957216 0.468466878 10.014633179
0.524340510 0.023044989 0.851196766 274.639801025 -0.000278913 0.999638319 -0.026892031 -11.185489655 -0.851508617 0.013863171 0.524157286 10.184906006
0.575688899 0.027519034 0.817205608 274.843933105 -0.006201750 0.999551713 -0.029290570 -11.185546875 -0.817645311 0.011794151 0.575601459 10.424758911
0.627218723 0.034093607 0.778096616 275.070831299 -0.016320320 0.999397397 -0.030634567 -11.197651863 -0.778672159 0.006515791 0.627397180 10.683403015
0.677206159 0.037379760 0.734843254 275.300079346 -0.023357239 0.999297559 -0.029306708 -11.196607590 -0.735422492 0.002682775 0.677603483 10.966293335
0.725525141 0.034810603 0.687314749 275.525085449 -0.021513419 0.999379039 -0.027906369 -11.208727837 -0.687859356 0.005460283 0.725823462 11.269561768
0.769765615 0.034392592 0.637399435 275.745330811 -0.023119453 0.999394476 -0.026004426 -11.205032349 -0.637907803 0.005280990 0.770094633 11.596321106
0.807437599 0.034217305 0.588959813 275.941101074 -0.027768010 0.999414384 -0.019995138 -11.214108467 -0.589299142 -0.000209415 0.807914913 11.944957733
0.840264797 0.037381727 0.540886104 276.114593506 -0.035579894 0.999271691 -0.013788432 -11.226866722 -0.541007578 -0.007658733 0.840982854 12.319370270
0.868976831 0.042973232 0.492983341 276.283355713 -0.042676289 0.999018550 -0.011859128 -11.231293678 -0.493009120 -0.010733392 0.869957924 12.717130661
0.893218815 0.045989878 0.447264016 276.443847656 -0.045765616 0.998888135 -0.011313308 -11.228896141 -0.447287023 -0.010364052 0.894330442 13.123713493
0.913023055 0.052123006 0.404564083 276.604980469 -0.052328963 0.998574078 -0.010557371 -11.235512733 -0.404537499 -0.011531296 0.914448738 13.559412956
0.928308368 0.061123360 0.366752654 276.741790771 -0.060965665 0.998067439 -0.012025264 -11.234966278 -0.366778910 -0.011196167 0.930240750 14.024363518
0.940147579 0.068507671 0.333810121 276.873840332 -0.067870714 0.997601628 -0.013585201 -11.235049248 -0.333940208 -0.009883835 0.942542434 14.519071579
0.949770093 0.068948820 0.305258632 277.011993408 -0.068705656 0.997570097 -0.011553163 -11.242192268 -0.305313438 -0.010000145 0.952199399 15.022626877
0.957864642 0.064265653 0.279937863 277.155456543 -0.064024679 0.997898042 -0.010015065 -11.251598358 -0.279993087 -0.008329855 0.959965885 15.548814774
0.964291334 0.063182570 0.257196754 277.290832520 -0.062687919 0.997981787 -0.010130905 -11.250070572 -0.257317752 -0.006353984 0.966305971 16.100078583
0.970170617 0.064211085 0.233764634 277.408599854 -0.063834541 0.997918248 -0.009184522 -11.259105682 -0.233867750 -0.006011704 0.972249866 16.677783966
0.976006269 0.063445739 0.208294064 277.522338867 -0.063565820 0.997958839 -0.006124032 -11.259668350 -0.208257452 -0.007263289 0.978047073 17.284847260
0.981347263 0.062215604 0.181897596 277.625823975 -0.062755398 0.998025060 -0.002792202 -11.254938126 -0.181712076 -0.008674935 0.983313501 17.925113678
0.985405684 0.061610483 0.158681333 277.720642090 -0.061766505 0.998082817 -0.003953197 -11.265838623 -0.158620670 -0.005905689 0.987321913 18.562261581
0.988289058 0.065347783 0.137892529 277.790252686 -0.064678013 0.997862518 -0.009337202 -11.278065681 -0.138207942 0.000309240 0.990403175 19.225231171
0.990271389 0.070657693 0.119875416 277.847625732 -0.069264509 0.997473955 -0.015754230 -11.279316902 -0.120685756 0.007297853 0.992663920 19.913696289
0.991655529 0.074860245 0.104953520 277.900512695 -0.073015817 0.997103035 -0.021312676 -11.274569511 -0.106244944 0.013471567 0.994248748 20.615228653
0.992995143 0.075869225 0.090578511 277.961700439 -0.074862100 0.997088909 -0.014469875 -11.276793480 -0.091412649 0.007587618 0.995784163 21.338315964
0.994405746 0.071463533 0.077782840 278.015655518 -0.071493812 0.997438133 -0.002398931 -11.289063454 -0.077755012 -0.003175480 0.996967435 22.093259811
0.995468378 0.066450171 0.068023033 278.062744141 -0.066956796 0.997742355 0.005192662 -11.302690506 -0.067524411 -0.009723735 0.997670233 22.870534897
0.995961666 0.067156360 0.059585452 278.102996826 -0.067478389 0.997714937 0.003406597 -11.299783707 -0.059220519 -0.007413570 0.998217404 23.651435852
0.995977283 0.071808830 0.053597569 278.131866455 -0.071885630 0.997412741 -0.000496052 -11.294493675 -0.053494520 -0.003358839 0.998562515 24.445510864
0.995867074 0.075860187 0.049939625 278.155975342 -0.075748593 0.997118413 -0.004126148 -11.292733192 -0.050108727 0.000326240 0.998743713 25.264148712
0.995839596 0.077892572 0.047289010 278.196350098 -0.077813283 0.996961772 -0.003517968 -11.290258408 -0.047419354 -0.000176381 0.998875082 26.093076706
0.995695949 0.080208339 0.046435084 278.229309082 -0.080170982 0.996777534 -0.002669406 -11.293387413 -0.046499558 -0.001064829 0.998917758 26.947080612
0.995853066 0.077920429 0.046958011 278.267272949 -0.077792466 0.996959209 -0.004549263 -11.303909302 -0.047169704 0.000877419 0.998886526 27.813968658
0.996072531 0.073771343 0.048961882 278.313629150 -0.073537715 0.997270882 -0.006558533 -11.311421394 -0.049312089 0.002932230 0.998779118 28.695816040
0.995838463 0.075366907 0.051239982 278.353729248 -0.075040236 0.997146189 -0.008272261 -11.316788673 -0.051717207 0.004392776 0.998652101 29.592336655
0.995692074 0.075158365 0.054300249 278.395538330 -0.075033732 0.997171581 -0.004333082 -11.325670242 -0.054472331 0.000240066 0.998515248 30.512100220
0.996023476 0.068056829 0.057493642 278.456115723 -0.068290792 0.997663200 0.002112223 -11.328478813 -0.057215542 -0.006030110 0.998343647 31.444225311
0.995951891 0.066537641 0.060436998 278.515777588 -0.067015879 0.997734368 0.005918480 -11.337463379 -0.059906270 -0.009944759 0.998154461 32.374958038
0.995892704 0.064559974 0.063480146 278.570709229 -0.064974688 0.997876823 0.004488373 -11.339490891 -0.063055597 -0.008594540 0.997973025 33.314750671
0.995938659 0.061572157 0.065688930 278.630645752 -0.061794162 0.998088002 0.001351255 -11.342682838 -0.065480135 -0.005404959 0.997839212 34.245979309
0.995892048 0.059374578 0.068364002 278.695404053 -0.059216630 0.998235762 -0.004336425 -11.359919548 -0.068500862 0.000270326 0.997651041 35.192359924
0.995703518 0.059648748 0.070827335 278.755645752 -0.058967788 0.998191714 -0.011668530 -11.368073463 -0.071395271 0.007441866 0.997420311 36.145755768
0.995538235 0.060383812 0.072508216 278.826934814 -0.059707683 0.998150110 -0.011458434 -11.380181313 -0.073065989 0.007078012 0.997301996 37.114963531
0.995676696 0.056292892 0.073885113 278.905029297 -0.056147024 0.998414278 -0.004051463 -11.395151138 -0.073996022 -0.000114481 0.997258544 38.091590881
0.995813072 0.051300883 0.075660907 278.971191406 -0.051738877 0.998653293 0.003838903 -11.404882431 -0.075362079 -0.007737441 0.997126222 39.089805603
0.995807290 0.050666913 0.076162674 279.048583984 -0.051330071 0.998658776 0.006773671 -11.407914162 -0.075717323 -0.010654707 0.997072399 40.089229584
0.995666027 0.052961051 0.076447770 279.108856201 -0.053462997 0.998559535 0.004532842 -11.414241791 -0.076097593 -0.008600324 0.997063279 41.076438904
0.995823503 0.051018644 0.075714387 279.186157227 -0.050890602 0.998697698 -0.003620747 -11.425510406 -0.075800508 -0.000247526 0.997122943 42.058902740
0.995692670 0.053662926 0.075606540 279.249359131 -0.053030740 0.998539269 -0.010345897 -11.436832428 -0.076051287 0.006291863 0.997084081 43.076305389
0.995514989 0.056832772 0.075630389 279.320312500 -0.056382302 0.998376548 -0.008079855 -11.455650330 -0.075966805 0.003779401 0.997103214 44.072658539
0.995519578 0.057416771 0.075126737 279.388732910 -0.057488602 0.998345435 -0.001207824 -11.472348213 -0.075071789 -0.003116519 0.997173250 45.114665985
0.995468259 0.058873937 0.074678376 279.455017090 -0.059248582 0.998239279 0.002809409 -11.478904724 -0.074381486 -0.007221266 0.997203708 46.115268707
0.995157361 0.063565925 0.074974686 279.507507324 -0.063971654 0.997947156 0.003020076 -11.489328384 -0.074628793 -0.007801705 0.997180879 47.131694794
0.995058954 0.065742940 0.074400850 279.577148438 -0.066199295 0.997799635 0.003681659 -11.493234634 -0.073995098 -0.008588752 0.997221649 48.136348724
0.994716763 0.071755558 0.073414579 279.634582520 -0.072726972 0.997295082 0.010641909 -11.495551109 -0.072452381 -0.015924904 0.997244716 49.157562256
0.994676530 0.072423272 0.073303595 279.697906494 -0.073824584 0.997133255 0.016587561 -11.500809669 -0.071892135 -0.021910865 0.997171700 50.179798126
0.994611740 0.074782595 0.071798399 279.759399414 -0.076002926 0.997003376 0.014414039 -11.498254776 -0.070505328 -0.019793261 0.997314990 51.187385559
0.994721115 0.074648462 0.070409335 279.819122314 -0.075537950 0.997092247 0.010052550 -11.492030144 -0.069454193 -0.015318060 0.997467518 52.186660767
0.994986773 0.072273858 0.069121808 279.882812500 -0.073115945 0.997276008 0.009727950 -11.482700348 -0.068230443 -0.014733088 0.997560799 53.212085724
0.994906545 0.073184393 0.069317907 279.941284180 -0.073750898 0.997260690 0.005645466 -11.486582756 -0.068714865 -0.010728968 0.997578621 54.220008850
0.994840026 0.074529886 0.068837680 280.006561279 -0.074502148 0.997216403 -0.002973780 -11.493270874 -0.068867706 -0.002170120 0.997623444 55.225406647
0.995166659 0.069232948 0.069642805 280.073791504 -0.069132000 0.997600019 -0.003861537 -11.500097275 -0.069743007 -0.000971673 0.997564495 56.230545044
0.995153725 0.067594722 0.071414798 280.139190674 -0.067848556 0.997694969 0.001131786 -11.509414673 -0.071173683 -0.005971693 0.997446060 57.253997803
0.994517028 0.074018128 0.073872864 280.193359375 -0.074668773 0.997189820 0.006081312 -11.518199921 -0.073215149 -0.011563964 0.997249126 58.263698578
0.994556367 0.072250135 0.075083934 280.274230957 -0.072780460 0.997338533 0.004347486 -11.527166367 -0.074569993 -0.009788463 0.997167766 59.263046265
0.993847311 0.079994038 0.076605946 280.339172363 -0.080212563 0.996777773 -0.000224996 -11.535984039 -0.076377101 -0.005921147 0.997061431 60.270080566
0.993432105 0.081392646 0.080423035 280.411376953 -0.081631012 0.996662557 -0.000324968 -11.544275284 -0.080181077 -0.006242180 0.996760786 61.275039673
0.992745459 0.086430244 0.083584182 280.477905273 -0.087096773 0.996190310 0.004354280 -11.548829079 -0.082889415 -0.011602605 0.996491194 62.288108826
0.992538869 0.085349783 0.087074980 280.565399170 -0.086672008 0.996170402 0.011512000 -11.552656174 -0.085758969 -0.018973071 0.996135235 63.288879395
0.992631674 0.082934648 0.088341132 280.648162842 -0.084496222 0.996324301 0.014079752 -11.553812981 -0.086848713 -0.021440500 0.995990753 64.299026489
0.993155539 0.076916099 0.087897748 280.741119385 -0.078120001 0.996890426 0.010334564 -11.557192802 -0.086829528 -0.017130401 0.996075869 65.294082642
0.994034231 0.067287512 0.085838743 280.840515137 -0.067709640 0.997703016 0.002012496 -11.559736252 -0.085506156 -0.007812601 0.996307015 66.303741455
0.994141757 0.068437427 0.083656669 280.922393799 -0.068787396 0.997630477 0.001304906 -11.567595482 -0.083369136 -0.007051785 0.996493757 67.294677734
0.994390011 0.067617938 0.081340440 280.995178223 -0.068592325 0.997601986 0.009241805 -11.575648308 -0.080520466 -0.014769289 0.996643543 68.308525085
0.994534135 0.068678901 0.078645088 281.063415527 -0.069968648 0.997454286 0.013759859 -11.577032089 -0.077499866 -0.019187339 0.996807694 69.319503784
0.994584739 0.070849255 0.076037005 281.139099121 -0.071943045 0.997339666 0.011740136 -11.581341743 -0.075002946 -0.017146895 0.997035861 70.337905884
0.994411945 0.076168783 0.073096953 281.190490723 -0.076349773 0.997081041 -0.000319036 -11.586766243 -0.072907887 -0.005263682 0.997324765 71.340072632
0.994385779 0.079701349 0.069603190 281.257873535 -0.079264827 0.996812820 -0.009015568 -11.596304893 -0.070099905 0.003447868 0.997534037 72.338279724
0.994590700 0.078746080 0.067737982 281.319763184 -0.078394078 0.996891618 -0.007843229 -11.607725143 -0.068145044 0.002490546 0.997672319 73.345764160
0.994668126 0.078998782 0.066290967 281.376525879 -0.079175994 0.996860623 0.000046247 -11.627165794 -0.066079207 -0.005294653 0.997800350 74.357376099
0.994498432 0.081248112 0.066117942 281.426513672 -0.081685014 0.996650457 0.003927135 -11.634986877 -0.065577403 -0.009306374 0.997804105 75.377624512
0.994279087 0.085032858 0.064641230 281.480041504 -0.085389599 0.996343791 0.002771202 -11.640330315 -0.064169243 -0.008275037 0.997904718 76.382133484
0.994240224 0.085168839 0.065058969 281.535614014 -0.085300393 0.996354997 -0.000758077 -11.648921013 -0.064886391 -0.004795845 0.997881114 77.389228821
0.993970275 0.087135270 0.066561922 281.591186523 -0.087130003 0.996192455 -0.002987588 -11.657941818 -0.066568807 -0.002829966 0.997777820 78.397331238
0.993917584 0.087012328 0.067502998 281.655181885 -0.086953036 0.996205091 -0.003821659 -11.676944733 -0.067579359 -0.002071176 0.997711778 79.394004822
0.994123340 0.083426483 0.068984337 281.723999023 -0.083602637 0.996499121 -0.000334634 -11.689426422 -0.068770751 -0.005434606 0.997617662 80.398521423
0.994088888 0.082460031 0.070622891 281.790954590 -0.082897402 0.996552706 0.003279669 -11.704560280 -0.070108995 -0.009114736 0.997497678 81.397666931
0.994206786 0.079338707 0.072513998 281.863586426 -0.079797097 0.996805191 0.003441828 -11.719634056 -0.072009265 -0.009208295 0.997361481 82.384231567
0.994462490 0.076599389 0.071950801 281.938995361 -0.076434985 0.997061849 -0.005039578 -11.733357430 -0.072125420 -0.000487887 0.997395456 83.373291016
0.994545877 0.074710160 0.072779864 282.006988525 -0.074145667 0.997192860 -0.010431076 -11.746344566 -0.073354870 0.004977872 0.997293472 84.365432739
0.994433224 0.073987000 0.075022973 282.072174072 -0.073945202 0.997256696 -0.003338451 -11.757060051 -0.075064167 -0.002227722 0.997176230 85.378311157
0.994474232 0.070699289 0.077605739 282.145812988 -0.071653344 0.997383654 0.009575127 -11.767848015 -0.076725744 -0.015082927 0.996938169 86.395263672
0.994563818 0.068275049 0.078621104 282.219543457 -0.069615081 0.997469604 0.014428103 -11.779221535 -0.077437080 -0.019822884 0.996800184 87.383979797
0.994355619 0.070826054 0.078997403 282.299102783 -0.071334653 0.997445822 0.003631234 -11.785655022 -0.078538448 -0.009245991 0.996868193 88.380821228
0.994129121 0.073264509 0.079621494 282.372467041 -0.072529063 0.997292995 -0.012093775 -11.790748596 -0.080292001 0.006247903 0.996751785 89.366882324
0.994005084 0.072639950 0.081714787 282.443695068 -0.071345001 0.997277141 -0.018660754 -11.808147430 -0.082847804 0.012718944 0.996481061 90.361549377
0.993763685 0.072351925 0.084846400 282.526367188 -0.071576476 0.997361124 -0.012150104 -11.831426620 -0.085501581 0.006001326 0.996319950 91.360557556
0.993482590 0.071062408 0.089120910 282.609802246 -0.071276382 0.997456312 -0.000783244 -11.851754189 -0.088949874 -0.005574076 0.996020496 92.370903015
0.993317008 0.068925843 0.092577122 282.699737549 -0.069870658 0.997531474 0.006999722 -11.864071846 -0.091866136 -0.013421368 0.995680928 93.391616821
0.993143022 0.066495799 0.096152000 282.797790527 -0.067613021 0.997676194 0.008404655 -11.872187614 -0.095369689 -0.014848151 0.995331168 94.396858215
0.992903948 0.065205902 0.099448010 282.894714355 -0.065812938 0.997827947 0.002832175 -11.876474380 -0.099047333 -0.009357043 0.995038748 95.390357971
0.992413938 0.066466361 0.103425197 282.988067627 -0.066361494 0.997785687 -0.004458421 -11.889404297 -0.103492513 -0.002438851 0.994627237 96.390480042
0.991639614 0.069754474 0.108559564 283.081817627 -0.069480419 0.997563362 -0.006309699 -11.904119492 -0.108735174 -0.001285816 0.994069934 97.390991211
0.991211891 0.065956660 0.114667930 283.194000244 -0.065795511 0.997819602 -0.005193755 -11.922520638 -0.114760466 -0.002396523 0.993390322 98.384140015
0.990480602 0.064945422 0.121368125 283.306671143 -0.065186121 0.997871161 -0.001990406 -11.934137344 -0.121239014 -0.005940059 0.992605567 99.387596130
0.989623964 0.065682389 0.127789974 283.429809570 -0.065941952 0.997821033 -0.002203075 -11.943782806 -0.127656221 -0.006246504 0.991798818 100.396636963
0.989401340 0.056815825 0.133630082 283.570343018 -0.057589293 0.998338521 0.001926924 -11.956723213 -0.133298576 -0.009602161 0.991029382 101.387985229
0.988853812 0.054022219 0.138743609 283.709350586 -0.055162910 0.998467743 0.004386595 -11.972371101 -0.138294041 -0.011991202 0.990318596 102.383201599
0.988321304 0.048517462 0.144454241 283.855682373 -0.049433138 0.998773634 0.002754253 -11.979104996 -0.144143462 -0.009862913 0.989507675 103.364006042
0.987843752 0.044836149 0.148843765 284.009490967 -0.045484722 0.998964608 0.000954516 -11.987792969 -0.148646846 -0.007713030 0.988860250 104.340209961
0.987078130 0.051970560 0.151577905 284.153320312 -0.052749772 0.998607159 0.001121370 -11.997344017 -0.151308492 -0.009102579 0.988444686 105.317558289
0.986135840 0.056679942 0.155959830 284.289398193 -0.057064395 0.998368442 -0.002014766 -12.006853104 -0.155819565 -0.006912920 0.987761319 106.293144226
0.985683560 0.057355262 0.158550456 284.438537598 -0.057272837 0.998345554 -0.005092889 -12.030244827 -0.158580258 -0.004060658 0.987337768 107.254623413
0.985239983 0.059976406 0.160327896 284.580627441 -0.059776004 0.998193324 -0.006077180 -12.042292595 -0.160402715 -0.003596280 0.987045109 108.209350586
0.985131323 0.059402384 0.161206976 284.722076416 -0.059639119 0.998214304 -0.003374206 -12.061045647 -0.161119536 -0.006290204 0.986914873 109.163581848
0.985489428 0.055391397 0.160444483 284.871826172 -0.055917114 0.998434663 -0.001240103 -12.082443237 -0.160262018 -0.007749483 0.987044096 110.116394043
0.986183226 0.049157083 0.158196628 285.036895752 -0.049435746 0.998774946 -0.002175492 -12.094386101 -0.158109769 -0.005675136 0.987405241 111.085029602
0.986959040 0.043365728 0.155020401 285.196258545 -0.043819610 0.999039352 -0.000489668 -12.107184410 -0.154892713 -0.006309651 0.987911165 112.034934998
0.987577438 0.040127896 0.151922673 285.335662842 -0.040954310 0.999158323 0.002313236 -12.119150162 -0.151701987 -0.008506388 0.988389671 112.991706848
0.988145828 0.041223548 0.147879928 285.475372314 -0.042192448 0.999103665 0.003419622 -12.127875328 -0.147606418 -0.009618501 0.988999426 113.941596985
0.988734961 0.040562980 0.144075945 285.612457275 -0.041063659 0.999156415 0.000501918 -12.138759613 -0.143934041 -0.006412549 0.989566505 114.893928528
0.989267588 0.039583433 0.140651241 285.740478516 -0.039164253 0.999216259 -0.005748151 -12.150264740 -0.140768528 0.000177960 0.990042508 115.823822021
0.989749134 0.036688238 0.138024181 285.872222900 -0.035562150 0.999311090 -0.010616669 -12.165079117 -0.138318598 0.005599402 0.990371943 116.747940063
0.990148962 0.034475710 0.135707229 286.001464844 -0.033750087 0.999401093 -0.007644741 -12.179450035 -0.135889500 0.002989302 0.990719497 117.676467896
0.990628541 0.028064877 0.133669376 286.135406494 -0.028298944 0.999599516 -0.000148841 -12.196144104 -0.133620024 -0.003635256 0.991025984 118.603858948
0.990894616 0.017744867 0.133465186 286.265441895 -0.019043861 0.999782860 0.008462477 -12.206158638 -0.133286029 -0.010927116 0.991017401 119.519401550
0.991131723 0.008023622 0.132640541 286.406250000 -0.009936143 0.999855936 0.013763211 -12.221025467 -0.132510990 -0.014959090 0.991068661 120.432342529
0.991151929 0.004207117 0.132665768 286.532958984 -0.006042626 0.999891460 0.013436020 -12.227889061 -0.132594854 -0.014118787 0.991069734 121.326705933
0.991037428 0.005768572 0.133460030 286.648986816 -0.006772433 0.999952078 0.007069069 -12.233850479 -0.133412868 -0.007909562 0.991028965 122.200576782
0.990807831 0.007208654 0.135084555 286.764556885 -0.007263825 0.999973595 -0.000084460 -12.232479095 -0.135081589 -0.000897547 0.990834057 123.064987183
0.990480661 0.007583598 0.137442887 286.884002686 -0.007450262 0.999971151 -0.001484535 -12.240345001 -0.137450173 0.000446418 0.990508556 123.920051575
0.989970624 0.008088406 0.141041800 287.002380371 -0.008749892 0.999953449 0.004070471 -12.251919746 -0.141002312 -0.005263747 0.989995301 124.775192261
0.989335716 0.008185204 0.145423099 287.122863770 -0.009591562 0.999913752 0.008972276 -12.264637947 -0.145337105 -0.010271427 0.989328861 125.609764099
0.988511682 0.006962657 0.150984049 287.247467041 -0.008554803 0.999914408 0.009898147 -12.272074699 -0.150902212 -0.011076072 0.988486648 126.432456970
0.987559497 0.006305990 0.157119155 287.380493164 -0.007791176 0.999930561 0.008838506 -12.276525497 -0.157052517 -0.009952694 0.987540126 127.236770630
0.986280382 0.005174876 0.164997593 287.505950928 -0.006370342 0.999957144 0.006717002 -12.284855843 -0.164955765 -0.007675938 0.986271083 128.034133911
0.984914601 0.003031515 0.173014656 287.655487061 -0.003666564 0.999987662 0.003351016 -12.296271324 -0.173002362 -0.003934834 0.984913528 128.787719727
0.983250439 0.003658696 0.182223022 287.797729492 -0.004034459 0.999990404 0.001691457 -12.303673744 -0.182215095 -0.002398296 0.983255744 129.547393799
0.981329083 0.007023643 0.192208081 287.938049316 -0.007655736 0.999967456 0.002546107 -12.309763908 -0.192183942 -0.003970063 0.981350899 130.283081055
0.979290366 0.009244572 0.202249691 288.081176758 -0.010636407 0.999926627 0.005795987 -12.323879242 -0.202181280 -0.007827164 0.979316831 131.013244629
0.977387786 0.011362839 0.211149201 288.231323242 -0.012459805 0.999914885 0.003865465 -12.337282181 -0.211087316 -0.006408935 0.977446198 131.699096680
0.975366354 0.015451061 0.220049486 288.382324219 -0.015064741 0.999880612 -0.003433663 -12.356283188 -0.220076263 0.000034091 0.975482643 132.365463257
0.973177731 0.021495190 0.229048252 288.529724121 -0.019409752 0.999747157 -0.011354012 -12.369480133 -0.229234383 0.006603702 0.973348856 133.014617920
0.971195281 0.025724443 0.236892268 288.675140381 -0.023089083 0.999636889 -0.013892784 -12.375022888 -0.237163633 0.008022982 0.971436560 133.638809204
0.969513297 0.027431227 0.243498385 288.821624756 -0.026151661 0.999621987 -0.008486602 -12.391633987 -0.243639126 0.001859988 0.969864190 134.237365723
0.968080759 0.024703335 0.249418125 288.975006104 -0.026083596 0.999657273 0.002229825 -12.403077126 -0.249277547 -0.008664372 0.968393326 134.831436157
0.967240691 0.019631732 0.253100783 289.131286621 -0.022475317 0.999712527 0.008348269 -12.415414810 -0.252864122 -0.013763306 0.967403889 135.395431519
0.966796935 0.012398530 0.255244911 289.284729004 -0.014976895 0.999854565 0.008160363 -12.427192688 -0.255106598 -0.011712190 0.966841996 135.939224243
0.966684401 0.009145020 0.255807757 289.436462402 -0.011191159 0.999915957 0.006544243 -12.440692902 -0.255726397 -0.009189002 0.966705501 136.475494385
0.966966450 0.012552266 0.254594386 289.567382812 -0.013415736 0.999908626 0.001655368 -12.445768356 -0.254550338 -0.005016256 0.967046499 137.004440308
0.967900455 0.017830726 0.250700682 289.694946289 -0.016837338 0.999839604 -0.006106883 -12.453308105 -0.250769347 0.001689723 0.968045413 137.532562256
0.969540358 0.013129242 0.244579375 289.823608398 -0.011237934 0.999895215 -0.009126832 -12.461130142 -0.244673565 0.006100265 0.969586313 138.054962158
0.971988261 0.002822222 0.235012546 289.973388672 -0.001161768 0.999973357 -0.007203537 -12.466497421 -0.235026628 0.006728723 0.971965671 138.580368042
0.974943817 -0.002246627 0.222439781 290.088073730 0.002806327 0.999993622 -0.002200143 -12.473350525 -0.222433418 0.002769254 0.974943936 139.116622925
0.978548527 -0.000727419 0.206015155 290.186218262 0.000170757 0.999996305 0.002719810 -12.475845337 -0.206016377 -0.002626287 0.978545010 139.649139404
0.982590377 0.003234442 0.185757071 290.251007080 -0.004634688 0.999963999 0.007104298 -12.484038353 -0.185727417 -0.007841541 0.982569993 140.190368652
0.987329304 0.001817742 0.158674181 290.342437744 -0.003261327 0.999955654 0.008837874 -12.499258041 -0.158651084 -0.009243381 0.987291455 140.720062256
0.991823435 -0.000765658 0.127615541 290.399749756 0.000040772 0.999983847 0.005682751 -12.502532005 -0.127617821 -0.005631083 0.991807461 141.242538452
0.995670021 -0.000732035 0.092955098 290.433654785 0.000624831 0.999999106 0.001182391 -12.509078026 -0.092955880 -0.001119190 0.995669603 141.765289307
0.998527288 0.000684289 0.054247506 290.437011719 -0.000492657 0.999993563 -0.003545857 -12.510836601 -0.054249585 0.003513909 0.998521209 142.293731689
0.999949396 0.001958186 0.009865364 290.427246094 -0.001893008 0.999976337 -0.006611795 -12.509175301 -0.009878078 0.006592785 0.999929488 142.831268311
0.999405682 0.000593967 -0.034465734 290.368591309 -0.000777444 0.999985576 -0.005310299 -12.527931213 0.034462083 0.005333939 0.999391794 143.327651978
0.996493757 0.000909825 -0.083662070 290.298370361 -0.001078970 0.999997437 -0.001976581 -12.530536652 0.083660066 0.002059920 0.996492207 143.861602783
0.990807772 0.001965300 -0.135262877 290.196685791 -0.001560151 0.999993980 0.003101214 -12.538334846 0.135268152 -0.002861677 0.990804911 144.395660400
0.981842816 0.003658209 -0.189660951 290.072143555 -0.002542071 0.999978006 0.006127853 -12.541401863 0.189679205 -0.005534457 0.981830537 144.922149658
0.969566584 0.006240925 -0.244748190 289.918060303 -0.004530163 0.999961197 0.007552207 -12.538284302 0.244785830 -0.006213618 0.969557285 145.426971436
0.953569829 0.009669505 -0.301016808 289.722442627 -0.006919469 0.999924004 0.010200676 -12.534568787 0.301092565 -0.007644181 0.953564286 145.944793701
0.933743000 0.013176065 -0.357701659 289.492034912 -0.008878585 0.999867380 0.013653840 -12.527946472 0.357834101 -0.009573292 0.933736086 146.454574585
0.910424232 0.013945346 -0.413440704 289.231933594 -0.007507724 0.999824047 0.017191531 -12.520878792 0.413607687 -0.012547589 0.910368741 146.947723389
0.883664489 0.016152374 -0.467842102 288.936584473 -0.006553169 0.999733448 0.022138381 -12.520345688 0.468074977 -0.016497053 0.883534789 147.434631348
0.853095651 0.019697431 -0.521382630 288.637054443 -0.006192910 0.999598980 0.027631124 -12.513889313 0.521717787 -0.020343116 0.852875531 147.878967285
0.819103956 0.026329981 -0.573040485 288.270294189 -0.009461261 0.999430299 0.032397751 -12.501733780 0.573567033 -0.021115441 0.818886399 148.331970215
0.781958520 0.032716136 -0.622471333 287.868530273 -0.013406200 0.999273360 0.035679188 -12.488375664 0.623186350 -0.019554671 0.781828880 148.766815186
0.742975354 0.038522128 -0.668209314 287.442596436 -0.016264396 0.999086678 0.039512921 -12.467590332 0.669121146 -0.018489107 0.742923319 149.161392212
0.701752007 0.039965652 -0.711299479 286.995544434 -0.011658219 0.998935759 0.044625286 -12.432362556 0.712325990 -0.023023402 0.701471090 149.590881348
0.660048902 0.044109829 -0.749926507 286.509582520 -0.013165049 0.998800516 0.047161080 -12.409910202 0.751107275 -0.021255801 0.659837902 149.973434448
0.618003249 0.044029545 -0.784941733 285.998901367 -0.012118977 0.998845398 0.046486441 -12.389546394 0.786082208 -0.019216081 0.617823243 150.336959839
0.578183413 0.042235561 -0.814812958 285.458068848 -0.012887064 0.999007463 0.042638686 -12.368692398 0.815805078 -0.014152435 0.578153789 150.669540405
0.540503621 0.035699725 -0.840583980 284.925537109 -0.013217097 0.999336362 0.033943247 -12.336096764 0.841237903 -0.007236371 0.540616751 150.990066528
0.506678700 0.032824919 -0.861509919 284.345794678 -0.018438851 0.999458969 0.027236585 -12.311584473 0.861937821 0.002085052 0.507009864 151.298034668
0.480282784 0.036101852 -0.876370490 283.729248047 -0.023878178 0.999320447 0.028080637 -12.286464691 0.876788676 0.007439482 0.480818450 151.597549438
0.460843325 0.044045307 -0.886387944 283.093383789 -0.029686026 0.998973846 0.034205683 -12.269309998 0.886984944 0.010549870 0.461677909 151.901138306
0.447526276 0.050534129 -0.892841876 282.459289551 -0.031532377 0.998672962 0.040718861 -12.250962257 0.893714786 0.009930661 0.448525846 152.206344604
0.438694775 0.056017663 -0.896888375 281.803649902 -0.034712467 0.998366654 0.045376867 -12.227581024 0.897965372 0.011226623 0.439922750 152.510681152
0.434455097 0.059364974 -0.898735046 281.133911133 -0.038472299 0.998138011 0.047333144 -12.198528290 0.899871528 0.014012274 0.435930014 152.818862915
0.433197081 0.059493784 -0.899333477 280.461364746 -0.041913521 0.998069286 0.045836281 -12.172909737 0.900324106 0.017838093 0.434854329 153.140121460
0.433841050 0.059504136 -0.899022341 279.777893066 -0.044439252 0.998015523 0.044611216 -12.142801285 0.899892807 0.020597704 0.435624421 153.461868286
0.434896290 0.058916580 -0.898551106 279.092315674 -0.044688329 0.998039842 0.043810870 -12.112543106 0.899371028 0.021101560 0.436676681 153.790573120
0.436938584 0.058968164 -0.897556424 278.395202637 -0.046943888 0.997983873 0.042713396 -12.081999779 0.898265541 0.023471653 0.438825846 154.124374390
0.439423025 0.059634000 -0.896298647 277.670104980 -0.050811902 0.997846484 0.041479100 -12.057722092 0.896842003 0.027315769 0.441506803 154.465896606
0.442399681 0.059044585 -0.894872308 276.946197510 -0.054444943 0.997758090 0.038917050 -12.028751373 0.895163894 0.031504370 0.444622517 154.813354492
0.445195854 0.057198558 -0.893604517 276.209045410 -0.059696592 0.997633398 0.034116339 -12.002019882 0.893441141 0.038156684 0.447556853 155.168212891
0.448532164 0.056352027 -0.891988516 275.472473145 -0.061829761 0.997575760 0.031931780 -11.978470802 0.891625524 0.040828995 0.450929046 155.531829834
0.451688051 0.056908660 -0.890359104 274.724334717 -0.061964203 0.997554779 0.032325175 -11.957645416 0.890021563 0.040569495 0.454109907 155.921951294
0.455424547 0.059368983 -0.888292730 273.954772949 -0.063105315 0.997416973 0.034308415 -11.931772232 0.888035119 0.040431086 0.457994699 156.311706543
0.459196627 0.061287742 -0.886218011 273.174804688 -0.063583769 0.997326076 0.036025461 -11.907383919 0.886056244 0.039806303 0.461865664 156.704620361
0.461448669 0.061493129 -0.885033190 272.377136230 -0.063450918 0.997327745 0.036212724 -11.882109642 0.884894967 0.039445851 0.464117348 157.126251221
0.462738216 0.059040871 -0.884526730 271.574340820 -0.060970325 0.997536659 0.034687627 -11.846473694 0.884395838 0.037878592 0.465198100 157.549652100
0.463543892 0.056467287 -0.884272933 270.764831543 -0.058900524 0.997723699 0.032835755 -11.820884705 0.884114206 0.036863316 0.465814710 157.977127075
0.464431763 0.055005319 -0.883899152 269.938293457 -0.057864696 0.997821331 0.031690583 -11.792293549 0.883716524 0.036428437 0.466602802 158.404205322
0.464791119 0.058925435 -0.883457482 269.097045898 -0.059396744 0.997610450 0.035290379 -11.765949249 0.883425951 0.036071833 0.467180431 158.851409912
0.465930879 0.063961826 -0.882506371 268.250335693 -0.059555981 0.997388959 0.040844865 -11.735420227 0.882814646 0.033527635 0.468523622 159.297653198
0.468292296 0.067802437 -0.880968273 267.404296875 -0.060043670 0.997188568 0.044830021 -11.708593369 0.881531119 0.031903017 0.471046865 159.736129761
0.471291482 0.063599117 -0.879681468 266.564422607 -0.058996223 0.997436106 0.040505160 -11.682293892 0.880002141 0.032808151 0.473835230 160.188278198
0.474443257 0.057016455 -0.878437698 265.718444824 -0.059371822 0.997700512 0.032690749 -11.657659531 0.878281653 0.036644533 0.476737499 160.643463135
0.477969229 0.052599043 -0.876800358 264.870452881 -0.059907086 0.997833252 0.027202696 -11.630644798 0.876331389 0.039524503 0.480084598 161.103424072
0.482162952 0.054169081 -0.874405265 264.025207520 -0.061599888 0.997712553 0.027840622 -11.608239174 0.873913229 0.040439546 0.484396875 161.564910889
0.488177896 0.058804944 -0.870760858 263.167724609 -0.061258618 0.997575402 0.033025444 -11.588783264 0.870591700 0.037219308 0.490596533 162.039611816
0.495663822 0.063365065 -0.866199911 262.316802979 -0.061741807 0.997382522 0.037631072 -11.566118240 0.866317093 0.034828387 0.498278677 162.520385742
0.504560828 0.065325208 -0.860901237 261.474609375 -0.063479751 0.997241557 0.038466215 -11.544692993 0.861039281 0.035241254 0.507315874 163.005767822
0.513526678 0.062446274 -0.855798364 260.662261963 -0.062475421 0.997422338 0.035291623 -11.526510239 0.855796218 0.035343174 0.516104341 163.497863770
0.522671759 0.058808953 -0.850503266 259.836212158 -0.059937749 0.997684181 0.032151543 -11.501541138 0.850424469 0.034172542 0.524986207 164.004577637
0.531683087 0.057245601 -0.845006585 259.021850586 -0.057160616 0.997863650 0.031635221 -11.480978012 0.845012307 0.031481173 0.533819437 164.523635864
0.540362120 0.057406485 -0.839472055 258.204833984 -0.055673450 0.997923017 0.032405403 -11.463319778 0.839588761 0.029225647 0.542435825 165.052368164
0.548936129 0.057678882 -0.833871841 257.408386230 -0.052268330 0.998032629 0.034625739 -11.442327499 0.834228456 0.024577770 0.550870955 165.582305908
0.557050049 0.055997975 -0.828588903 256.617309570 -0.046415098 0.998263896 0.036260713 -11.419591904 0.829180896 0.018259998 0.558682084 166.119522095
0.563500881 0.057111438 -0.824138939 255.826263428 -0.044136837 0.998263955 0.038999666 -11.398859024 0.824935555 0.014398540 0.565043390 166.658462524
0.567980409 0.053863760 -0.821277678 255.025878906 -0.039292946 0.998492956 0.038312215 -11.370720863 0.822103620 0.010509830 0.569240928 167.222015381
0.570971727 0.046748295 -0.819637716 254.243713379 -0.029841715 0.998899460 0.036184371 -11.345131874 0.820427239 0.003799138 0.571738362 167.778411865
0.571551085 0.042344071 -0.819473267 253.459793091 -0.023383508 0.999102592 0.035316832 -11.321005821 0.820233285 -0.001023215 0.572028279 168.333496094
0.570224464 0.041414592 -0.820444345 252.667144775 -0.019286284 0.999128044 0.037029900 -11.296079636 0.821262479 -0.005292035 0.570526004 168.894363403
0.566618025 0.043885265 -0.822811127 251.864471436 -0.017519386 0.998996556 0.041217759 -11.268810272 0.823794365 -0.008939583 0.566818357 169.443389893
0.561977983 0.041859828 -0.826092362 251.054397583 -0.013177872 0.999044955 0.041659001 -11.235148430 0.827047229 -0.012525304 0.561992884 169.995361328
0.556330442 0.038719427 -0.830058515 250.242492676 -0.005569512 0.999065101 0.042870156 -11.200202942 0.830942452 -0.019226955 0.556026042 170.561187744
0.549822986 0.040310539 -0.834308028 249.412841797 -0.009176438 0.999066055 0.042223588 -11.166808128 0.835230887 -0.015559527 0.549679399 171.097656250
0.543446660 0.041162252 -0.838433862 248.575363159 -0.010365217 0.999049962 0.042329162 -11.140932083 0.839379668 -0.014313092 0.543357015 171.620300293
0.535901129 0.034721516 -0.843566477 247.741317749 -0.006189465 0.999288678 0.037199058 -11.113019943 0.844258070 -0.014713793 0.535734892 172.153137207
0.528903484 0.028784079 -0.848193765 246.905960083 -0.002708442 0.999476850 0.032229096 -11.084251404 0.848677695 -0.014748800 0.528704762 172.676055908
0.523257136 0.025289649 -0.851799488 246.052352905 0.001995768 0.999520421 0.030901426 -11.059968948 0.852172494 -0.017869385 0.522955716 173.195236206
0.516326308 0.030137885 -0.855861545 245.196502686 0.004313119 0.999276400 0.037790060 -11.043790817 0.856381178 -0.023203434 0.515822649 173.713272095
0.509204149 0.032537147 -0.860030532 244.345062256 0.011483542 0.998939276 0.044591561 -11.017354965 0.860569179 -0.032582402 0.508290350 174.222930908
0.502491713 0.031230915 -0.864017785 243.490402222 0.018493347 0.998730481 0.046855543 -10.985018730 0.864384234 -0.039523106 0.501276255 174.731002808
0.496136010 0.030492799 -0.867709219 242.624008179 0.020658614 0.998685598 0.046907652 -10.949980736 0.867999017 -0.041198242 0.494853914 175.218429565
0.489486575 0.028914213 -0.871531367 241.748046875 0.022668980 0.998690426 0.045864683 -10.918336868 0.871716142 -0.042206872 0.488190114 175.706649780
0.482590914 0.023825161 -0.875521779 240.879211426 0.028415035 0.998677850 0.042839024 -10.886255264 0.875384808 -0.045551706 0.481275856 176.191528320
0.476213455 0.019757645 -0.879107773 240.015441895 0.031598713 0.998717308 0.039562881 -10.857450485 0.878761828 -0.046619050 0.474978328 176.657684326
0.470565140 0.018653516 -0.882168114 239.143798828 0.033156142 0.998696625 0.038803637 -10.823480606 0.881742120 -0.047508929 0.469333291 177.129882812
0.466280818 0.019305144 -0.884426177 238.255508423 0.035813503 0.998530328 0.040677138 -10.794752121 0.883911610 -0.050641365 0.464904130 177.596649170
0.461791873 0.023890626 -0.886666536 237.378433228 0.036361545 0.998286963 0.045835912 -10.768141747 0.886242747 -0.053407215 0.460132122 178.054122925
0.457826078 0.027863238 -0.888605118 236.486434937 0.031981744 0.998345673 0.047781881 -10.733775139 0.888466418 -0.050294928 0.456177592 178.497344971
0.455882609 0.029696492 -0.889544427 235.595001221 0.032606456 0.998215079 0.050034832 -10.701119423 0.889442503 -0.051814895 0.454100549 178.957046509
0.454399049 0.030995199 -0.890258968 234.718185425 0.030083878 0.998290420 0.050111607 -10.663680077 0.890290201 -0.049553107 0.452689767 179.397766113
0.454652011 0.031117141 -0.890125513 233.836181641 0.025449824 0.998527586 0.047905769 -10.634832382 0.890305519 -0.044433992 0.453190684 179.830261230
0.454262495 0.024836302 -0.890521586 232.949783325 0.026164826 0.998808146 0.041203268 -10.601646423 0.890483558 -0.042017445 0.453071237 180.285278320
0.454341173 0.021690981 -0.890563726 232.078079224 0.025701931 0.998968184 0.037443750 -10.569915771 0.890456975 -0.039901443 0.453314841 180.723815918
0.454968989 0.019705215 -0.890289307 231.215988159 0.029180063 0.998888373 0.037020933 -10.541995049 0.890029132 -0.042822070 0.453888237 181.169555664
0.457028270 0.019178646 -0.889245510 230.341094971 0.026236771 0.999041796 0.035031069 -10.525011063 0.889065206 -0.039341118 0.456087172 181.611740112
0.459770143 0.018078420 -0.887853920 229.485641479 0.020365156 0.999315202 0.030893970 -10.507827759 0.887804389 -0.032285407 0.459087133 182.046417236
0.462689579 0.016655456 -0.886363924 228.628448486 0.016849771 0.999477684 0.027576676 -10.484678268 0.886360228 -0.027694467 0.462167263 182.486984253
0.465487897 0.021195233 -0.884800434 227.767349243 0.014656771 0.999391496 0.031651076 -10.469403267 0.884932935 -0.027701508 0.464893997 182.929824829
0.467683792 0.026709944 -0.883492172 226.909378052 0.011830084 0.999264657 0.036472354 -10.449241638 0.883816659 -0.027509317 0.467023909 183.374511719
0.469369173 0.029568337 -0.882506907 226.066711426 0.012181960 0.999127209 0.039954782 -10.427659988 0.882918060 -0.029504206 0.468599319 183.826080322
0.469511867 0.030782007 -0.882389486 225.232910156 0.014447547 0.998990417 0.042537034 -10.402242661 0.882808030 -0.032720007 0.468593121 184.271881104
0.468861699 0.031165313 -0.882721663 224.403198242 0.017158806 0.998867333 0.044379931 -10.374547958 0.883104980 -0.035954505 0.467795908 184.718368530
0.467830598 0.030782416 -0.883281946 223.564895630 0.017679647 0.998867393 0.044174608 -10.350036621 0.883641362 -0.036282349 0.466756523 185.158538818
0.467406869 0.028436324 -0.883584917 222.749099731 0.016732434 0.999018908 0.041002609 -10.325810432 0.883884013 -0.033949427 0.466472507 185.579940796
0.466620684 0.026270682 -0.884067297 221.924880981 0.013963019 0.999215424 0.037062224 -10.301694870 0.884347320 -0.029638248 0.465887725 186.006103516
0.465889335 0.027369574 -0.884419620 221.109573364 0.010362633 0.999284208 0.036382981 -10.275285721 0.884782314 -0.026115356 0.465272248 186.423736572
0.464750469 0.030486939 -0.884916782 220.300964355 0.010251882 0.999154806 0.039806847 -10.256628036 0.885382414 -0.027572313 0.464045107 186.831207275
0.462998092 0.032509770 -0.885762930 219.491790771 0.015472025 0.998878479 0.044748802 -10.236032486 0.886224270 -0.034423158 0.461975813 187.276184082
0.461973846 0.033569079 -0.886258006 218.702499390 0.020057175 0.998632431 0.048280593 -10.208082199 0.886666715 -0.040080205 0.460668743 187.691604614
0.460647047 0.035872165 -0.886858284 217.913742065 0.016643895 0.998658180 0.049039405 -10.177375793 0.887427449 -0.037350636 0.459431887 188.091888428
0.459003031 0.030463619 -0.887912273 217.154235840 0.016126731 0.998961627 0.042610295 -10.157924652 0.888288319 -0.033877376 0.458035111 188.485687256
0.457103372 0.019939095 -0.889190137 216.410446167 0.019353721 0.999288976 0.032357052 -10.135450363 0.889203072 -0.031999655 0.456392467 188.873504639
0.455783069 0.015843902 -0.889949799 215.661605835 0.023201693 0.999290347 0.029673127 -10.112653732 0.889788389 -0.034172852 0.455092013 189.261474609
0.454535127 0.022434087 -0.890446305 214.926528931 0.021381671 0.999119937 0.036086470 -10.095890999 0.890472174 -0.035441797 0.453655422 189.629180908
0.452429473 0.032386534 -0.891211927 214.192626953 0.020160286 0.998713553 0.046527628 -10.078009605 0.891572297 -0.039017554 0.451194525 189.993957520
0.450095177 0.034491904 -0.892314196 213.482330322 0.020533444 0.998589814 0.048957273 -10.061433792 0.892744482 -0.040357716 0.448752224 190.353866577
0.448104620 0.030319393 -0.893466830 212.811935425 0.020586990 0.998809695 0.044219248 -10.043797493 0.893744051 -0.038208645 0.446947098 190.688568115
0.446894944 0.026929697 -0.894181013 212.136108398 0.017747050 0.999083221 0.038958639 -10.023656845 0.894410372 -0.033279493 0.446007311 191.017852783
0.446114123 0.027332090 -0.894558668 211.476852417 0.013607934 0.999210894 0.037315849 -10.003967285 0.894872665 -0.028820226 0.445390165 191.333114624
0.444932222 0.029623387 -0.895074189 210.830734253 0.013380150 0.999121308 0.039718069 -9.987581253 0.895464301 -0.029648075 0.444144905 191.647247314
0.443702877 0.031963725 -0.895603836 210.200790405 0.011843199 0.999067307 0.041523695 -9.972066879 0.896095753 -0.029030997 0.442910492 191.953979492
0.442483544 0.036525778 -0.896032572 209.583587646 0.007422743 0.998986781 0.044388134 -9.950345039 0.896746039 -0.026292041 0.441764057 192.248214722
0.441354096 0.041329335 -0.896380782 208.976699829 0.005447693 0.998796940 0.048733726 -9.927206039 0.897316515 -0.026392035 0.440597951 192.540695190
0.440546453 0.042664830 -0.896715462 208.401168823 0.008066271 0.998641610 0.051477242 -9.911240578 0.897693634 -0.029911267 0.439603865 192.819702148
0.439698696 0.039667837 -0.897269011 207.848144531 0.011730739 0.998685300 0.049899958 -9.901556015 0.898068786 -0.032466579 0.438655317 193.098510742
0.440357089 0.035349499 -0.897126555 207.320037842 0.011260622 0.998928547 0.044888116 -9.884365082 0.897752106 -0.029869005 0.439487219 193.353790283
0.441465914 0.032744337 -0.896680415 206.807205200 0.009274746 0.999113977 0.041051213 -9.862571716 0.897230148 -0.026439199 0.440771103 193.603027344
0.443005860 0.033543032 -0.895891011 206.312881470 0.007768303 0.999118686 0.041249298 -9.841953278 0.896485090 -0.025233235 0.442354858 193.835586548
0.445848107 0.034153473 -0.894456863 205.839920044 0.009712618 0.999028385 0.042987701 -9.824626923 0.895056009 -0.027853504 0.445083201 194.080017090
0.450289309 0.036850404 -0.892121971 205.384857178 0.009569762 0.998891413 0.046090916 -9.828479767 0.892831445 -0.029291641 0.449437499 194.304931641
0.454883516 0.037193742 -0.889773905 204.961563110 0.008702301 0.998894095 0.046204034 -9.817786217 0.890508413 -0.028760536 0.454056799 194.526397705
0.459737062 0.034410391 -0.887388229 204.560134888 0.010869623 0.998956144 0.044367999 -9.799363136 0.887988627 -0.030043188 0.458883107 194.741638184
0.466065049 0.032933861 -0.884137332 204.190948486 0.011570015 0.998994648 0.043311294 -9.789375305 0.884674847 -0.030415364 0.465215445 194.941986084
0.473532498 0.034203872 -0.880112052 203.832382202 0.011731541 0.998912096 0.045132812 -9.778167725 0.880698264 -0.031696923 0.472616076 195.139007568
0.480346739 0.039554268 -0.876186311 203.502426147 0.009689239 0.998682320 0.050396066 -9.763100624 0.877025127 -0.032697164 0.479330540 195.326004028
0.488641798 0.044460732 -0.871351004 203.192092896 0.008061778 0.998428047 0.055465788 -9.751152039 0.872447312 -0.034127541 0.487515211 195.502548218
0.497464180 0.046884753 -0.866216660 202.916732788 0.006522939 0.998308003 0.057780415 -9.746080399 0.867460072 -0.034393966 0.496316612 195.664398193
0.506058335 0.047279418 -0.861202478 202.672134399 0.004535879 0.998336732 0.057473361 -9.737584114 0.862487376 -0.032991182 0.505002141 195.820556641
0.515674829 0.046842724 -0.855502903 202.447921753 0.003288234 0.998388767 0.056648448 -9.728851318 0.856778085 -0.032025278 0.514689922 195.961029053
0.524093270 0.045604456 -0.850439072 202.247665405 0.003654365 0.998435676 0.055792768 -9.724058151 0.851653099 -0.032348428 0.523106694 196.105087280
0.532359421 0.042438082 -0.845453978 202.049682617 0.005142403 0.998562038 0.053361468 -9.719879150 0.846502781 -0.032755148 0.531375647 196.244583130
0.540683866 0.039326288 -0.840306163 201.852371216 0.004465060 0.998758435 0.049614828 -9.713708878 0.841214061 -0.030577954 0.539836943 196.373779297
0.548938155 0.037744459 -0.835010350 201.661376953 0.001678305 0.998928130 0.046257257 -9.706228256 0.835861325 -0.026793776 0.548286438 196.509323120
0.557275414 0.036793683 -0.829512119 201.471954346 -0.001239877 0.999053478 0.043480869 -9.698905945 0.830326796 -0.023202332 0.556793571 196.639739990
0.565107286 0.035203639 -0.824266076 201.282211304 -0.002581034 0.999159753 0.040903665 -9.689982414 0.825013459 -0.020987503 0.564723313 196.781448364
0.572742641 0.031629287 -0.819124877 201.093353271 -0.001599762 0.999296546 0.037467778 -9.682001114 0.819733739 -0.020148991 0.572390318 196.927368164
0.580348253 0.029050658 -0.813850045 200.903259277 -0.000491469 0.999375820 0.035322599 -9.674403191 0.814368248 -0.020099426 0.580000281 197.069656372
0.587885857 0.028910203 -0.808427215 200.715927124 -0.002468554 0.999420643 0.033945210 -9.669469833 0.808940172 -0.017960267 0.587616682 197.211013794
0.594997942 0.031089788 -0.803125739 200.519958496 -0.007522077 0.999423206 0.033115909 -9.664412498 0.803692102 -0.013662727 0.594888628 197.353500366
0.601622760 0.034734268 -0.798024833 200.325805664 -0.013289815 0.999351084 0.033477999 -9.657920837 0.798669815 -0.009535526 0.601693988 197.494506836
0.607719660 0.037192330 -0.793280363 200.133163452 -0.016920941 0.999282420 0.033887710 -9.648531914 0.793971479 -0.007171181 0.607912898 197.646438599
0.614033699 0.032933738 -0.788592398 199.935424805 -0.016091116 0.999443769 0.029210189 -9.648065567 0.789115787 -0.005246711 0.614222169 197.811141968
0.620328426 0.022890097 -0.784008205 199.736358643 -0.011840113 0.999733448 0.019820251 -9.644434929 0.784252882 -0.003012322 0.620434046 197.986694336
0.626045942 0.015549033 -0.779631138 199.517227173 -0.009622704 0.999879122 0.012214620 -9.633392334 0.779726803 -0.000144754 0.626119912 198.170303345
0.631329775 0.013940154 -0.775389254 199.256195068 -0.010799445 0.999899507 0.009183442 -9.631811142 0.775439322 0.002575992 0.631416857 198.382919312
0.634952962 0.017083907 -0.772361934 198.974639893 -0.013724804 0.999847114 0.010832603 -9.630227089 0.772428870 0.003722321 0.635090351 198.612731934
0.636711776 0.019191090 -0.770863056 198.664154053 -0.014795105 0.999810278 0.012670514 -9.625110626 0.770959973 0.003337533 0.636874914 198.862930298
0.636176467 0.021518074 -0.771243513 198.333267212 -0.019567680 0.999739468 0.011752410 -9.612591743 0.771295488 0.007614837 0.636431754 199.123947144
0.634009123 0.022333419 -0.773003042 197.976654053 -0.023904478 0.999671221 0.009276054 -9.600031853 0.772956073 0.012597132 0.634334505 199.393722534
0.630542159 0.023983799 -0.775784433 197.612060547 -0.024496911 0.999639452 0.010993795 -9.589022636 0.775768399 0.012072267 0.630902350 199.678619385
0.626408398 0.023631241 -0.779136777 197.221801758 -0.019786444 0.999700308 0.014413085 -9.586083412 0.779243946 0.006387867 0.626688242 200.005249023
0.621264935 0.025911322 -0.783172190 196.813659668 -0.017716104 0.999662101 0.019020306 -9.582704544 0.783400416 0.002058107 0.621514022 200.324874878
0.615042150 0.030337086 -0.787910402 196.377548218 -0.017061744 0.999537647 0.025167035 -9.570783615 0.788309634 -0.002035663 0.615275383 200.647918701
0.607136786 0.037718620 -0.793701589 195.926162720 -0.018593106 0.999273598 0.033265222 -9.551126480 0.794379771 -0.005439161 0.607397079 200.984512329
0.598028660 0.043119948 -0.800313890 195.451461792 -0.020066438 0.999044240 0.038832799 -9.534254074 0.801223457 -0.007163674 0.598322332 201.328292847
0.589096427 0.045327865 -0.806790471 194.967727661 -0.018043386 0.998914421 0.042947166 -9.518411636 0.807861269 -0.010742795 0.589274764 201.669006348
0.579947233 0.044008393 -0.813464522 194.475448608 -0.010854536 0.998868585 0.046300173 -9.499216080 0.814581752 -0.018021878 0.579768777 202.025375366
0.570850790 0.039774016 -0.820089936 193.962539673 -0.006811018 0.999020994 0.043711066 -9.472030640 0.821025610 -0.019366853 0.570562840 202.375762939
0.561027765 0.033198480 -0.827131033 193.435607910 -0.002623493 0.999261796 0.038327806 -9.447981834 0.827792823 -0.019332988 0.560700655 202.735916138
0.550778747 0.030041499 -0.834110498 192.885620117 -0.000783836 0.999370217 0.035475951 -9.423595428 0.834650934 -0.018885594 0.550455451 203.086746216
0.540202379 0.025017796 -0.841163218 192.319900513 0.004085017 0.999468267 0.032349523 -9.402215004 0.841525257 -0.020911455 0.539812922 203.445053101
0.529350996 0.019832972 -0.848171115 191.745101929 0.009751020 0.999518454 0.029457660 -9.380830765 0.848346949 -0.023863975 0.528902650 203.805755615
0.519846916 0.016598754 -0.854098201 191.159912109 0.017957807 0.999377966 0.030352175 -9.361276627 0.854070723 -0.031116214 0.519225419 204.174163818
0.510749578 0.014415271 -0.859608710 190.551757812 0.023360284 0.999257565 0.030636989 -9.344285965 0.859412134 -0.035728533 0.510033607 204.535751343
0.502429962 0.014463814 -0.864496946 189.919265747 0.025447795 0.999179542 0.031506974 -9.321522713 0.864243329 -0.037829589 0.501649678 204.900619507
0.495114505 0.017884556 -0.868643761 189.270339966 0.026133321 0.999029160 0.035464697 -9.301881790 0.868434727 -0.040259629 0.494166434 205.262619019
0.489310503 0.021105258 -0.871854246 188.635650635 0.032389905 0.998577654 0.042351071 -9.279294014 0.871507943 -0.048962098 0.487930954 205.625320435
0.485059083 0.023946857 -0.874153495 187.970336914 0.037871722 0.998111844 0.048357259 -9.250560760 0.873660982 -0.056561824 0.483236313 206.006195068
0.482367456 0.025697267 -0.875591934 187.296035767 0.038814891 0.997960806 0.050671898 -9.226225853 0.875108540 -0.058428481 0.480386376 206.371383667
0.480740964 0.023386791 -0.876550794 186.622116089 0.039015502 0.998083770 0.048027262 -9.196572304 0.875994325 -0.057287741 0.478907287 206.733306885
0.479154468 0.018391639 -0.877537906 185.939605713 0.040544674 0.998249471 0.043059800 -9.163636208 0.876793683 -0.056211784 0.477569997 207.111999512
0.478095889 0.018983698 -0.878102481 185.247177124 0.039022125 0.998320043 0.042828858 -9.131190300 0.877440393 -0.054741725 0.476551950 207.483306885
0.477405608 0.022412254 -0.878397226 184.531845093 0.036797334 0.998287737 0.045470469 -9.104146957 0.877912283 -0.054030530 0.475763440 207.869201660
0.476458073 0.025871554 -0.878816426 183.822174072 0.032620139 0.998358548 0.047076061 -9.074851036 0.878591776 -0.051096886 0.474832058 208.244796753
0.475818336 0.025857940 -0.879163444 183.087127686 0.027476795 0.998642862 0.044242982 -9.044772148 0.879114330 -0.045208216 0.474462092 208.632385254
0.475462258 0.022772226 -0.879441321 182.361846924 0.025510032 0.998887658 0.039656941 -9.016854286 0.879366159 -0.041289952 0.474352419 209.020660400
0.474883080 0.018639214 -0.879851580 181.615478516 0.023687094 0.999142766 0.033951003 -8.987167358 0.879730105 -0.036963884 0.474034488 209.416580200
0.474934340 0.017675370 -0.879843712 180.867202759 0.023228724 0.999198139 0.032611832 -8.964440346 0.879714608 -0.035926126 0.474142969 209.817367554
0.475255787 0.019289620 -0.879636228 180.107177734 0.023684815 0.999116838 0.034706317 -8.940736771 0.879528880 -0.037328403 0.474379182 210.215957642
0.475027263 0.023251753 -0.879663944 179.341079712 0.025722984 0.998856723 0.040292993 -8.915461540 0.879595160 -0.041767851 0.473886073 210.646957397
0.475190818 0.027499650 -0.879453003 178.570907593 0.027626097 0.998552382 0.046150863 -8.887466431 0.879449010 -0.046226323 0.473743200 211.067260742
0.475685477 0.031328753 -0.879057407 177.798583984 0.027613893 0.998341084 0.050522652 -8.858600616 0.879181921 -0.048307087 0.474031210 211.475494385
0.476156414 0.032527909 -0.878758788 177.014999390 0.023614742 0.998482227 0.049755234 -8.829107285 0.879043460 -0.044442937 0.474665582 211.894149780
0.476865828 0.032668814 -0.878368855 176.241836548 0.018517876 0.998713911 0.047198102 -8.795638084 0.878781080 -0.038772687 0.475647569 212.303741455
0.477476299 0.028904142 -0.878169000 175.469177246 0.019260773 0.998874307 0.043349467 -8.764562607 0.878433406 -0.037612557 0.476382077 212.721939087
0.477593780 0.029250750 -0.878093719 174.693817139 0.018613061 0.998884439 0.043398101 -8.736085892 0.878383577 -0.037070677 0.476516545 213.143005371
0.477319896 0.029540654 -0.878233016 173.923294067 0.019158095 0.998847365 0.044010133 -8.708827972 0.878520846 -0.037832186 0.476203740 213.561279297
0.477051318 0.030891553 -0.878332496 173.147476196 0.020429209 0.998722315 0.046221528 -8.681767464 0.878638089 -0.039993681 0.475810707 213.986358643
0.476545751 0.030756390 -0.878611505 172.379318237 0.020410622 0.998731434 0.046031687 -8.651017189 0.878912747 -0.039869212 0.475313425 214.404388428
0.476184726 0.033003215 -0.878725767 171.610534668 0.017939307 0.998722851 0.047231451 -8.621419907 0.879162312 -0.038254626 0.474984527 214.814605713
0.476337254 0.033842418 -0.878611147 170.843307495 0.019518267 0.998605788 0.049046174 -8.588832855 0.879046023 -0.040511485 0.475012541 215.228469849
0.476335049 0.032319631 -0.878669679 170.068923950 0.024195446 0.998463988 0.049842544 -8.562172890 0.878930867 -0.045001559 0.474821389 215.653900146
0.475881100 0.028140789 -0.879059315 169.315261841 0.024854647 0.998658538 0.045424577 -8.537103653 0.879158378 -0.043465406 0.474543333 216.059707642
0.475065410 0.019917365 -0.879725099 168.562927246 0.025207486 0.999025464 0.036230825 -8.512699127 0.879589438 -0.039387669 0.474100411 216.464843750
0.473435581 0.015221965 -0.880696952 167.813827515 0.028260525 0.999073446 0.032459978 -8.488838196 0.880375028 -0.040256668 0.472566724 216.870758057
0.472426057 0.016646879 -0.881213129 167.064392090 0.032244503 0.998825848 0.036155250 -8.463317871 0.880780280 -0.045494959 0.471334636 217.277618408
0.471793950 0.023256250 -0.881402075 166.319900513 0.030228086 0.998637795 0.042529963 -8.448341370 0.881190538 -0.046708476 0.470448315 217.671875000
0.471358359 0.025355075 -0.881577313 165.578872681 0.026195575 0.998743117 0.042731043 -8.431232452 0.881552756 -0.043235060 0.470101714 218.057846069
0.470509827 0.021907520 -0.882122695 164.858886719 0.027569626 0.998838723 0.039511345 -8.405347824 0.881963909 -0.042910270 0.469359457 218.440841675
0.469445407 0.018762095 -0.882762194 164.157241821 0.032294504 0.998740435 0.038401026 -8.381973267 0.882370770 -0.046535552 0.468248188 218.818649292
0.468175888 0.021140462 -0.883382320 163.473266602 0.031888757 0.998658359 0.040799595 -8.366746902 0.883059680 -0.047271352 0.466873586 219.179580688
0.466834664 0.023425486 -0.884034276 162.787124634 0.033079930 0.998486936 0.043926917 -8.352775574 0.883725703 -0.049750399 0.465353429 219.544342041
0.464015484 0.021655858 -0.885562301 162.140533447 0.035815310 0.998425007 0.043182287 -8.336962700 0.885102689 -0.051753942 0.462509036 219.887481689
0.460882664 0.021282133 -0.887205958 161.505966187 0.036802039 0.998394132 0.043067098 -8.319141388 0.886697769 -0.052499864 0.459359288 220.213516235
0.456592798 0.024062883 -0.889350295 160.889602661 0.033631977 0.998452842 0.044281509 -8.300085068 0.889039874 -0.050129227 0.455077112 220.517745972
0.450626314 0.024774069 -0.892368913 160.284515381 0.032884955 0.998475730 0.044325989 -8.282375336 0.892106831 -0.049319964 0.449124694 220.817245483
0.443615854 0.028968057 -0.895748794 159.699203491 0.029214067 0.998478949 0.046758443 -8.262147903 0.895740807 -0.046911251 0.442094803 221.095077515
0.435626030 0.030753424 -0.899602294 159.131072998 0.027561979 0.998491824 0.047480717 -8.242791176 0.899705708 -0.045478657 0.434121430 221.356124878
0.425997436 0.029476583 -0.904244065 158.582717896 0.025134038 0.998697758 0.044396464 -8.231433868 0.904375196 -0.041640088 0.424701869 221.604156494
0.414298475 0.023194546 -0.909845531 158.051406860 0.028437072 0.998857260 0.038412545 -8.227876663 0.909696758 -0.041787602 0.413165450 221.839553833
0.399145424 0.014801260 -0.916768134 157.506668091 0.034111511 0.998937786 0.030979469 -8.213141441 0.916252851 -0.043637659 0.398216546 222.077713013
0.379265308 0.010687756 -0.925226212 156.969604492 0.037497509 0.998934329 0.026910033 -8.199317932 0.924527824 -0.044899721 0.378460348 222.287963867
0.353207409 0.012734418 -0.935458422 156.427520752 0.036916673 0.998938859 0.027537465 -8.188852310 0.934816480 -0.044260446 0.352362514 222.485656738
0.323938489 0.018737037 -0.945892692 155.868606567 0.033453867 0.998951733 0.031244982 -8.171997070 0.945486546 -0.041765220 0.322972119 222.654937744
0.292683125 0.024760198 -0.955888927 155.305358887 0.030574132 0.998911202 0.035236079 -8.161375046 0.955720663 -0.039538480 0.291607440 222.817687988
0.259139121 0.029551322 -0.965387881 154.749465942 0.027961077 0.998883367 0.038082246 -8.146986008 0.965435266 -0.036861885 0.258023441 222.943832397
0.223766863 0.034473091 -0.974032938 154.187835693 0.023618586 0.998889029 0.040778760 -8.135253906 0.974356592 -0.032130219 0.222704053 223.045745850
0.188408852 0.037282579 -0.981382906 153.637237549 0.021396764 0.998886168 0.042055346 -8.119419098 0.981857717 -0.028922016 0.187401235 223.119201660
0.153584599 0.039264493 -0.987355113 153.095123291 0.019345870 0.998899221 0.042732853 -8.103149414 0.987946153 -0.025664352 0.152655959 223.177703857
0.118649840 0.040808957 -0.992097199 152.540008545 0.018188819 0.998898089 0.043263998 -8.086553574 0.992769539 -0.023178345 0.117776811 223.216217041
0.083426416 0.042492766 -0.995607674 151.985183716 0.015181808 0.998920321 0.043906305 -8.071489334 0.996398389 -0.018778073 0.082691252 223.235382080
0.048988044 0.040805537 -0.997965515 151.420745850 0.010353358 0.999090672 0.041359767 -8.046442986 0.998745799 -0.012358429 0.048520982 223.226806641
0.016891599 0.041241750 -0.999006569 150.880996704 0.003666684 0.999139667 0.041309249 -8.032537460 0.999850750 -0.004360826 0.016725838 223.216857910
-0.010986924 0.042947270 -0.999017060 150.299560547 -0.000921981 0.999076366 0.042959966 -8.004369736 0.999939322 0.001393065 -0.010937095 223.189559937
-0.033150077 0.047355365 -0.998327911 149.709381104 -0.000870784 0.998875141 0.047410242 -7.978290558 0.999450028 0.002440983 -0.033071637 223.145935059
-0.051123023 0.054244399 -0.997218311 149.111679077 -0.001768212 0.998517334 0.054405719 -7.953512669 0.998690963 0.004544666 -0.050951242 223.098480225
-0.064326882 0.061310649 -0.996043742 148.477218628 -0.003399989 0.998091638 0.061656285 -7.929329395 0.997923136 0.007352692 -0.063995719 223.049484253
-0.076211929 0.062247287 -0.995146871 147.844680786 -0.008852322 0.997967839 0.063101694 -7.895959854 0.997052491 0.013618450 -0.075506091 222.983062744
-0.085753679 0.063057631 -0.994319022 147.212677002 -0.013173711 0.997836113 0.064416833 -7.860694408 0.996229410 0.018622847 -0.084737420 222.913223267
-0.089863777 0.063514195 -0.993926764 146.557556152 -0.012438185 0.997815073 0.064887233 -7.823812008 0.995876372 0.018193658 -0.088877439 222.836288452
-0.092553139 0.063080825 -0.993707597 145.874252319 -0.008375901 0.997906566 0.064127505 -7.775435448 0.995672524 0.014258398 -0.091831088 222.779525757
-0.094431400 0.063218839 -0.993522167 145.188934326 -0.002868591 0.997960269 0.063773893 -7.738638878 0.995527327 0.008872260 -0.094057441 222.718170166
-0.095630646 0.060714453 -0.993563652 144.485519409 -0.000834909 0.998132885 0.061074033 -7.698047638 0.995416641 0.006670078 -0.095401406 222.646636963
-0.095782399 0.056073733 -0.993821800 143.768814087 0.002608248 0.998422742 0.056081958 -7.656817913 0.995399058 0.002779521 -0.095777512 222.582672119
-0.095885038 0.052156866 -0.994025052 143.030868530 0.007922053 0.998634636 0.051634561 -7.623095036 0.995360911 -0.002923739 -0.096167326 222.510131836
-0.095572472 0.049995501 -0.994166195 142.273788452 0.010587615 0.998732448 0.049207311 -7.579941273 0.995366216 -0.005822985 -0.095980644 222.441329956
-0.094252229 0.052290179 -0.994174302 141.505554199 0.010750465 0.998614907 0.051504556 -7.542509079 0.995490432 -0.005833424 -0.094683886 222.356689453
-0.093271017 0.057832737 -0.993959665 140.712722778 0.011075358 0.998310089 0.057046574 -7.500255108 0.995579123 -0.005687671 -0.093753815 222.288497925
-0.091516376 0.060708698 -0.993951380 139.908859253 0.012036060 0.998134434 0.059855994 -7.460566044 0.995730937 -0.006485457 -0.092076302 222.213882446
-0.088841081 0.056258082 -0.994455874 139.092224121 0.009462483 0.998406291 0.055636223 -7.420866013 0.996001005 -0.004467250 -0.089231849 222.134674072
-0.084925175 0.047500495 -0.995254397 138.261230469 0.007674284 0.998864591 0.047017947 -7.373636246 0.996357739 -0.003644859 -0.085193276 222.058410645
-0.081073999 0.041480999 -0.995844603 137.424942017 0.011727239 0.999104142 0.040662035 -7.328651428 0.996639192 -0.008381877 -0.081487775 221.994705200
-0.076635838 0.042577177 -0.996149719 136.558853149 0.017146651 0.998996377 0.041379724 -7.295372486 0.996911764 -0.013909462 -0.077288985 221.930816650
-0.071578145 0.045823928 -0.996381819 135.667495728 0.022452381 0.998765051 0.044320595 -7.271562099 0.997182250 -0.019198759 -0.072518587 221.875076294
-0.067259312 0.048517983 -0.996555209 134.770858765 0.023051444 0.998625934 0.047063015 -7.230133533 0.997469246 -0.019806614 -0.068285346 221.811386108
-0.063221335 0.050740384 -0.996708989 133.846923828 0.024868920 0.998476684 0.049252946 -7.186723232 0.997689843 -0.021673249 -0.064386845 221.763214111
-0.059151292 0.054892894 -0.996738672 132.959960938 0.027553482 0.998196304 0.053338014 -7.148549557 0.997868717 -0.024308609 -0.060557127 221.715209961
-0.056372046 0.056333207 -0.996819437 132.029571533 0.025709532 0.998157799 0.054954927 -7.105541706 0.998078883 -0.022529850 -0.057716489 221.659545898
-0.053604364 0.052452821 -0.997183740 131.074096680 0.032963719 0.998168111 0.050732616 -7.059656620 0.998018086 -0.030151391 -0.055235267 221.613128662
-0.051496983 0.048031472 -0.997517467 130.100509644 0.041790053 0.998071492 0.045900732 -7.013812065 0.997798443 -0.039322559 -0.053404927 221.570495605
-0.051217556 0.039680716 -0.997898877 129.127136230 0.041480053 0.998432636 0.037572958 -6.975347519 0.997825682 -0.039468504 -0.052783251 221.518798828
-0.051256061 0.034258813 -0.998097897 128.136505127 0.044486202 0.998497725 0.031988014 -6.942056656 0.997694373 -0.042762000 -0.052703023 221.468765259
-0.051107764 0.032877523 -0.998151839 127.141937256 0.047019552 0.998428881 0.030479141 -6.912661552 0.997585714 -0.045374930 -0.052573323 221.422973633
-0.051155329 0.040332880 -0.997875988 126.129837036 0.040921275 0.998429656 0.038257468 -6.884593010 0.997852027 -0.038877282 -0.052725434 221.363983154
-0.050789833 0.052354909 -0.997336268 125.104888916 0.038446277 0.997987270 0.050431196 -6.853180885 0.997969210 -0.035782475 -0.052700520 221.292358398
-0.052342892 0.061863326 -0.996711135 124.065811157 0.035351202 0.997568607 0.060060050 -6.806342125 0.998003244 -0.032091219 -0.054402590 221.227905273
-0.054183602 0.061939273 -0.996608138 123.043167114 0.035838116 0.997551858 0.060049482 -6.759851456 0.997887731 -0.032462858 -0.056270719 221.161163330
-0.057601690 0.052052297 -0.996981800 122.024276733 0.040336043 0.997945786 0.049772169 -6.717473030 0.997524500 -0.037347339 -0.059582949 221.110977173
-0.060306907 0.042801429 -0.997261763 121.014907837 0.041428272 0.998326719 0.040341858 -6.674648285 0.997319758 -0.038881939 -0.061979175 221.051727295
-0.062555194 0.039620787 -0.997254848 119.990402222 0.042970337 0.998392045 0.036970560 -6.644893646 0.997116148 -0.040539674 -0.064157128 220.982421875
-0.065394759 0.041908331 -0.996979058 118.980087280 0.043644853 0.998281658 0.039100301 -6.620862007 0.996904552 -0.040956054 -0.067111492 220.909484863
-0.068009853 0.045994632 -0.996623993 117.956436157 0.041525796 0.998201609 0.043233719 -6.592556953 0.996820211 -0.038445286 -0.069797516 220.831054688
-0.069711089 0.053046547 -0.996155858 116.933181763 0.042319827 0.997843444 0.050174870 -6.553526878 0.996669173 -0.038659401 -0.071805716 220.755889893
-0.071099520 0.061242476 -0.995587409 115.907150269 0.041477792 0.997431576 0.058393799 -6.515110970 0.996606529 -0.037142999 -0.073457122 220.679916382
-0.071972251 0.061603684 -0.995502532 114.899642944 0.039034370 0.997500122 0.058905229 -6.472929001 0.996642649 -0.034619272 -0.074196935 220.596405029
-0.073351026 0.054765075 -0.995801449 113.891036987 0.036490515 0.997969925 0.052196432 -6.429644585 0.996638477 -0.032508645 -0.075200558 220.518676758
-0.073566675 0.047770005 -0.996145546 112.911727905 0.039350938 0.998213291 0.044963047 -6.395175934 0.996513605 -0.035891481 -0.075314999 220.438537598
-0.073991776 0.046196569 -0.996188343 111.914916992 0.038694169 0.998307288 0.043420833 -6.355897903 0.996507943 -0.035333898 -0.075654030 220.356567383
-0.073558569 0.050987706 -0.995986640 110.906814575 0.040960990 0.998003960 0.048065804 -6.323916435 0.996449351 -0.037260946 -0.075500250 220.282577515
-0.073871970 0.058006376 -0.995579362 109.903198242 0.040885486 0.997643769 0.055092957 -6.283906937 0.996429324 -0.036634918 -0.076069593 220.207931519
-0.073308945 0.060031775 -0.995500922 108.906768799 0.042603511 0.997464001 0.057012826 -6.247652054 0.996398926 -0.038232289 -0.075680614 220.131866455
-0.071843147 0.056782447 -0.995798409 107.926757812 0.041540049 0.997682333 0.053892918 -6.204475403 0.996550620 -0.037493676 -0.074035406 220.052673340
-0.070333004 0.051520325 -0.996192276 106.957077026 0.041702054 0.997944117 0.048666690 -6.169295311 0.996651590 -0.038120393 -0.072336912 219.979858398
-0.069677591 0.047785629 -0.996424377 105.986755371 0.043961313 0.998028755 0.044788457 -6.136130333 0.996600449 -0.040683370 -0.071640968 219.914611816
-0.068860769 0.040052000 -0.996822000 105.012420654 0.047045883 0.998212516 0.036857925 -6.111207962 0.996516407 -0.044358302 -0.070621967 219.847076416
-0.068238735 0.038606614 -0.996921897 104.037048340 0.048186205 0.998212337 0.035358276 -6.080953598 0.996504784 -0.045625079 -0.069977045 219.784515381
-0.066385031 0.044233449 -0.996813118 103.064712524 0.051288188 0.997847497 0.040863693 -6.051910400 0.996475041 -0.048411999 -0.068510771 219.713165283
-0.065105796 0.051748272 -0.996535659 102.091506958 0.055435289 0.997299850 0.048166249 -6.024116516 0.996337354 -0.052107345 -0.067798615 219.650543213
-0.063590527 0.051880125 -0.996626735 101.138549805 0.054339942 0.997346342 0.048450388 -5.993202209 0.996495664 -0.051075652 -0.066240907 219.586120605
-0.062692761 0.050723989 -0.996743143 100.180618286 0.054503109 0.997391284 0.047328867 -5.956619263 0.996543646 -0.051358420 -0.065293789 219.517761230
-0.062874913 0.049413029 -0.996797502 99.220397949 0.059603084 0.997176766 0.045672260 -5.923099518 0.996240139 -0.056540564 -0.065642595 219.468750000
-0.063116431 0.047764461 -0.996862590 98.272094727 0.062005933 0.997112036 0.043850508 -5.892307281 0.996078193 -0.059043705 -0.065895915 219.405822754
-0.064010024 0.046246551 -0.996877193 97.323608398 0.062520288 0.997149229 0.042244717 -5.864677429 0.995989025 -0.059620965 -0.066718936 219.345993042
-0.065192223 0.050066624 -0.996615946 96.365798950 0.066390179 0.996745229 0.045730304 -5.831291199 0.995661736 -0.063184254 -0.068303943 219.286773682
-0.066518903 0.055995043 -0.996212840 95.427810669 0.069024578 0.996290445 0.051390529 -5.798290253 0.995394945 -0.065344736 -0.070137143 219.219818115
-0.069000006 0.057075687 -0.995982826 94.493576050 0.067849807 0.996318817 0.052394450 -5.768121719 0.995306849 -0.063962027 -0.072618484 219.151092529
-0.071700573 0.056239452 -0.995839357 93.548645020 0.068719134 0.996315241 0.051318534 -5.732980728 0.995056093 -0.064753652 -0.075301170 219.086349487
-0.075157046 0.057325006 -0.995522738 92.630035400 0.067887306 0.996324062 0.052246008 -5.692718506 0.994858265 -0.063656703 -0.078772426 219.014831543
-0.078593612 0.061190363 -0.995027065 91.698623657 0.065447547 0.996277928 0.056097813 -5.656738281 0.994756103 -0.060713138 -0.082305908 218.938674927
-0.081354618 0.062126480 -0.994747102 90.808670044 0.062689461 0.996398151 0.057102598 -5.623792648 0.994711757 -0.057714604 -0.084956288 218.849075317
-0.084424496 0.059703689 -0.994639814 89.913452148 0.060719509 0.996656537 0.054670922 -5.582383156 0.994578302 -0.055778474 -0.087767482 218.766098022
-0.087129235 0.057996497 -0.994507372 89.030197144 0.061437204 0.996716440 0.052742783 -5.545262337 0.994300723 -0.056504313 -0.090406299 218.687255859
-0.089569449 0.056904193 -0.994353771 88.171539307 0.060895700 0.996811569 0.051559489 -5.516731262 0.994117320 -0.055933714 -0.092749119 218.616271973
-0.090329528 0.056607936 -0.994302034 87.337188721 0.058412042 0.996965706 0.051453039 -5.488585472 0.994197667 -0.053431489 -0.093361974 218.527832031
-0.091537952 0.055415317 -0.994258523 86.507293701 0.056962177 0.997106910 0.050329771 -5.460865974 0.994171143 -0.052028053 -0.094429612 218.456787109
-0.091907978 0.056690749 -0.994152606 85.700927734 0.056934852 0.997043967 0.051592097 -5.434650421 0.994138658 -0.051860202 -0.094864011 218.380737305
-0.091558933 0.058728967 -0.994066358 84.914306641 0.053699788 0.997098029 0.053962041 -5.403602600 0.994350731 -0.048440453 -0.094446898 218.302215576
-0.089972377 0.059581861 -0.994160533 84.157028198 0.050651439 0.997190893 0.055179484 -5.376870155 0.994655550 -0.045391031 -0.092737556 218.226989746
-0.087809682 0.061065078 -0.994263947 83.414611816 0.050086074 0.997127473 0.056817546 -5.359115601 0.994877458 -0.044809651 -0.090615988 218.169433594
-0.083262205 0.062323641 -0.994576871 82.691940308 0.050925333 0.997004449 0.058212485 -5.326403618 0.995225608 -0.045802254 -0.086186647 218.112579346
-0.076809287 0.063675024 -0.995010614 81.995574951 0.049715482 0.996961832 0.059962150 -5.298347473 0.995805740 -0.044861782 -0.079741597 218.057006836
-0.069195628 0.064051367 -0.995544851 81.313583374 0.047927484 0.996997833 0.060813647 -5.271570206 0.996451199 -0.043505929 -0.072057605 218.017150879
-0.059416294 0.062889360 -0.996250451 80.651168823 0.046027657 0.997124612 0.060199473 -5.235336304 0.997171700 -0.042278253 -0.062140107 217.997680664
-0.045675635 0.060134634 -0.997144878 80.010864258 0.045508392 0.997275412 0.058057945 -5.203841209 0.997919321 -0.042726621 -0.048287868 217.973114014
-0.028618693 0.057244554 -0.997950017 79.386520386 0.046397932 0.997358859 0.055880077 -5.176226616 0.998513103 -0.044703603 -0.031199098 217.961791992
-0.008348346 0.056074794 -0.998391688 78.785629272 0.048568886 0.997270823 0.055605713 -5.151159286 0.998784959 -0.048026551 -0.011049151 217.970397949
0.014754474 0.056191631 -0.998311043 78.186233521 0.048398934 0.997209191 0.056844927 -5.131290436 0.998719215 -0.049155910 0.011993706 217.981857300
0.040472984 0.056518070 -0.997581005 77.592407227 0.046323769 0.997219265 0.058376994 -5.103259087 0.998106360 -0.048574403 0.037742317 218.010665894
0.070019305 0.059860539 -0.995747983 76.998626709 0.042264070 0.997123599 0.062915176 -5.105879784 0.996649921 -0.046489641 0.067287982 218.041015625
0.099500597 0.058217999 -0.993333042 76.440765381 0.039503586 0.997268796 0.062405691 -5.049370766 0.994253159 -0.045449618 0.096929014 218.139190674
0.133131206 0.056045908 -0.989512563 75.867706299 0.038647454 0.997346878 0.061689369 -5.017223358 0.990344703 -0.046454925 0.130611956 218.241516113
0.170116246 0.052219909 -0.984039485 75.299453735 0.033442859 0.997713745 0.058727019 -4.983566284 0.984856486 -0.042899515 0.167980909 218.357421875
0.210088372 0.047924485 -0.976507068 74.726379395 0.025539238 0.998188019 0.054483108 -4.947346687 0.977348745 -0.036385514 0.208483696 218.480941772
0.251754582 0.045655601 -0.966713786 74.173248291 0.018796170 0.998467565 0.052050225 -4.927558899 0.967608750 -0.031274401 0.250510633 218.633956909
0.297452569 0.045268495 -0.953662932 73.622985840 0.010250508 0.998666286 0.050601918 -4.915892124 0.954681695 -0.024827207 0.296591878 218.798568726
0.344105363 0.043489020 -0.937923491 73.102981567 0.001464063 0.998900712 0.046853516 -4.880825520 0.938930035 -0.017495731 0.343663394 219.019104004
0.395295501 0.045453757 -0.917428672 72.577331543 -0.011776831 0.998943627 0.044418070 -4.877196789 0.918478489 -0.006753857 0.395413220 219.239318848
0.445628405 0.044390514 -0.894116759 72.146888733 -0.010430645 0.998959482 0.044397037 -4.848388672 0.895157278 -0.010458368 0.445627749 219.510040283
0.497849107 0.046462204 -0.866018236 71.660202026 -0.013756027 0.998861372 0.045681339 -4.824839592 0.867154598 -0.010829447 0.497921348 219.819625854
0.551107645 0.050821707 -0.832885087 71.192840576 -0.017316494 0.998625159 0.049476914 -4.805286884 0.834254503 -0.012844461 0.551230073 220.154922485
0.601899385 0.051162791 -0.796931326 70.745452881 -0.017415371 0.998549163 0.050953276 -4.781407833 0.798382044 -0.016789895 0.601917148 220.528228760
0.649400890 0.049430184 -0.758838058 70.333023071 -0.016993651 0.998579264 0.050503884 -4.765628815 0.760256350 -0.019901840 0.649318278 220.924331665
0.692250967 0.045569837 -0.720216632 69.953598022 -0.017362501 0.998767078 0.046506073 -4.760739803 0.721447945 -0.019689117 0.692188740 221.347808838
0.733461201 0.042110380 -0.678425729 69.581207275 -0.022899479 0.999043405 0.037254222 -4.738953590 0.679345548 -0.011788935 0.733723879 221.760925293
0.770341516 0.040679689 -0.636332572 69.230751038 -0.032305751 0.999171138 0.024766156 -4.720503807 0.636812627 0.001478797 0.771017194 222.215438843
0.804486215 0.034263227 -0.592982292 68.901069641 -0.031554997 0.999390423 0.014935995 -4.706599712 0.593132555 0.006695751 0.805076957 222.705062866
0.836084723 0.024891175 -0.548035383 68.612762451 -0.022940181 0.999682665 0.010406886 -4.696884155 0.548120499 0.003870991 0.836390436 223.228637695
0.865243435 0.019669550 -0.500966072 68.340423584 -0.017270721 0.999806404 0.009426516 -4.693439007 0.501054525 0.000495813 0.865415633 223.780929565
0.891288340 0.020108856 -0.452990890 68.070808411 -0.016800724 0.999794722 0.011325701 -4.696236134 0.453125626 -0.002483892 0.891443253 224.354187012
0.914273262 0.020894302 -0.404558837 67.816833496 -0.018782275 0.999781370 0.009189275 -4.691971302 0.404662400 -0.000802974 0.914465785 224.921173096
0.933314204 0.018172573 -0.358600557 67.616928101 -0.015855089 0.999830067 0.009402403 -4.691020489 0.358710498 -0.003089753 0.933443785 225.523117065
0.949332297 0.017111981 -0.313807875 67.439140320 -0.014909936 0.999844491 0.009416070 -4.693752289 0.313920200 -0.004260125 0.949439824 226.148727417
0.962866366 0.020374814 -0.269208550 67.276016235 -0.019142643 0.999790847 0.007201646 -4.693772316 0.269298971 -0.001780860 0.963054955 226.795745850
0.973652065 0.019777814 -0.227179468 67.137336731 -0.019707426 0.999802470 0.002578272 -4.693860054 0.227185592 0.001966783 0.973849475 227.427490234
0.981753707 0.008924783 -0.189947367 67.036788940 -0.010403930 0.999922812 -0.006791370 -4.700907230 0.189872086 0.008643651 0.981770813 228.097640991
0.987205088 0.003368930 -0.159420043 66.947250366 -0.005960024 0.999857783 -0.015777916 -4.706809044 0.159344211 0.016526185 0.987084746 228.775726318
0.991255581 0.001634855 -0.131945834 66.864891052 -0.004129918 0.999817789 -0.018638309 -4.713900089 0.131891310 0.019020254 0.991081715 229.470642090
0.993945181 0.001601897 -0.109865494 66.801063538 -0.003187947 0.999893188 -0.014262148 -4.718246460 0.109830916 0.014526038 0.993844151 230.185165405
0.995798051 0.001489614 -0.091564320 66.746269226 -0.001842307 0.999991179 -0.003767464 -4.732427120 0.091557905 0.003920322 0.995792031 230.921600342
0.997139871 0.005202801 -0.075399145 66.688285828 -0.004753053 0.999969840 0.006143120 -4.745891571 0.075428829 -0.005767174 0.997134507 231.667724609
0.998009920 0.001792873 -0.063031510 66.647964478 -0.001185939 0.999952614 0.009665160 -4.746966362 0.063045844 -0.009571175 0.997964740 232.405410767
0.998464406 -0.007068069 -0.054944765 66.620231628 0.007569089 0.999931633 0.008915876 -4.745222569 0.054877985 -0.009318066 0.998449564 233.167526245
0.998663068 -0.012552723 -0.050144475 66.595130920 0.012837702 0.999903202 0.005365132 -4.748561859 0.050072275 -0.006001699 0.998727560 233.928283691
0.998783767 -0.015998792 -0.046636563 66.565307617 0.016104739 0.999868512 0.001896884 -4.755244255 0.046600085 -0.002645646 0.998910129 234.688583374
0.998800337 -0.017909750 -0.045575988 66.535644531 0.017865514 0.999839425 -0.001377782 -4.758654118 0.045593344 0.000561891 0.998959899 235.456481934
0.998778522 -0.018993467 -0.045615278 66.502372742 0.018995071 0.999819517 -0.000398320 -4.760050297 0.045614608 -0.000468632 0.998959005 236.237884521
0.998825788 -0.019660093 -0.044278026 66.464294434 0.019811712 0.999799252 0.002987997 -4.764700890 0.044210393 -0.003861712 0.999014795 237.032730103
0.998685181 -0.025009589 -0.044748139 66.433547974 0.025260918 0.999668062 0.005059797 -4.773597717 0.044606742 -0.006183524 0.998985469 237.840652466
0.998570800 -0.027483394 -0.045836292 66.401962280 0.027483270 0.999622047 -0.000633026 -4.783101559 0.045836367 -0.000627609 0.998948753 238.633453369
0.998466432 -0.030373208 -0.046284262 66.366333008 0.030018525 0.999514580 -0.008339177 -4.791235924 0.046515081 0.006937003 0.998893499 239.443908691
0.998066604 -0.040306851 -0.047311939 66.335021973 0.039639588 0.999102056 -0.014958396 -4.798198223 0.047872383 0.013054050 0.998768151 240.268463135
0.997561812 -0.049571570 -0.049123321 66.314834595 0.048760742 0.998655915 -0.017569825 -4.821475029 0.049928263 0.015131697 0.998638153 241.085281372
0.996973515 -0.058887579 -0.050754841 66.281166077 0.058071360 0.998160601 -0.017410258 -4.842307568 0.051686730 0.014410164 0.998559356 241.926605225
0.996557057 -0.063948907 -0.052768771 66.240005493 0.063354000 0.997908115 -0.012872271 -4.851416588 0.053481549 0.009484841 0.998523772 242.779830933
0.996531188 -0.062197648 -0.055290166 66.184959412 0.062002558 0.998062253 -0.005238526 -4.877444744 0.055508852 0.001792223 0.998456597 243.638809204
0.996477902 -0.060123418 -0.058454707 66.147293091 0.060404312 0.998169363 0.003048724 -4.882028103 0.058164395 -0.006568903 0.998285413 244.505859375
0.996784925 -0.052731533 -0.060325865 66.078979492 0.053246412 0.998557150 0.006958435 -4.884799004 0.059871897 -0.010148199 0.998154461 245.382980347
0.997049570 -0.046073314 -0.061395485 66.018135071 0.046821114 0.998844922 0.010796832 -4.885159016 0.060827121 -0.013639581 0.998055100 246.263305664
0.997323513 -0.037976410 -0.062478807 65.968360901 0.038804013 0.999173760 0.012086052 -4.897579670 0.061968200 -0.014478132 0.997973084 247.119857788
0.997351468 -0.036802180 -0.062735185 65.895866394 0.037263609 0.999286234 0.006200709 -4.891764641 0.062462203 -0.008522025 0.998010933 248.035003662
0.997367382 -0.035163134 -0.063418590 65.839637756 0.035013970 0.999380827 -0.003462281 -4.896458626 0.063501067 0.001232630 0.997981012 248.928558350
0.997422040 -0.033690572 -0.063358061 65.779205322 0.033175718 0.999407530 -0.009160930 -4.902112961 0.063629165 0.007035364 0.997948825 249.839523315
0.997495830 -0.032350428 -0.062892847 65.720863342 0.031844582 0.999452055 -0.009029059 -4.916971684 0.063150480 0.007003651 0.997979462 250.776290894
0.997679651 -0.028198356 -0.061968919 65.655738831 0.028041709 0.999601007 -0.003396251 -4.928601265 0.062039960 0.001650657 0.998072326 251.717849731
0.997900248 -0.023196127 -0.060473755 65.592643738 0.023315556 0.999727368 0.001269901 -4.943983555 0.060427811 -0.002677213 0.998169005 252.663314819
0.998040378 -0.020163793 -0.059235692 65.527885437 0.020595046 0.999765575 0.006678744 -4.946333885 0.059087139 -0.007885618 0.998221695 253.647079468
0.998154879 -0.017721094 -0.058075368 65.468017578 0.018388378 0.999770701 0.010975696 -4.941359520 0.057867549 -0.012023357 0.998251855 254.623916626
0.998295844 -0.014913846 -0.056418478 65.401275635 0.015609827 0.999807179 0.011915517 -4.945923328 0.056229889 -0.012775893 0.998336077 255.614883423
0.998306155 -0.016049255 -0.055921830 65.354934692 0.016347960 0.999854386 0.004888098 -4.948925972 0.055835236 -0.005794026 0.998423159 256.590698242
0.998327553 -0.016100720 -0.055523343 65.283500671 0.015793083 0.999857426 -0.005975006 -4.955527306 0.055611629 0.005088128 0.998439491 257.600006104
0.998230100 -0.018708581 -0.056450136 65.227348328 0.018259415 0.999797463 -0.008462228 -4.959917545 0.056597020 0.007416504 0.998369575 258.609924316
0.998143077 -0.017139731 -0.058452409 65.171623230 0.017260768 0.999849796 0.001566363 -4.971386909 0.058416780 -0.002572388 0.998288989 259.639831543
0.998068929 -0.017304327 -0.059657145 65.108207703 0.018024512 0.999770761 0.011555089 -4.978932381 0.059443519 -0.012608065 0.998152018 260.681610107
0.998009205 -0.016846977 -0.060776427 65.040336609 0.017654289 0.999762595 0.012770828 -4.979084015 0.060546849 -0.013818368 0.998069704 261.730407715
0.997919738 -0.017891234 -0.061935879 64.976776123 0.018371070 0.999805391 0.007186472 -4.971714497 0.061795253 -0.008309350 0.998054266 262.763031006
0.997819364 -0.020193316 -0.062838815 64.910644531 0.020372283 0.999790013 0.002208560 -4.978924274 0.062781021 -0.003483914 0.998021245 263.806518555
0.997772276 -0.018399904 -0.064124048 64.839454651 0.018478476 0.999829054 0.000632384 -4.986937523 0.064101450 -0.001815889 0.997941732 264.847137451
0.997761607 -0.018682120 -0.064208448 64.761314392 0.018907640 0.999817014 0.002906419 -4.999305725 0.064142406 -0.004113944 0.997932255 265.913146973
0.997756898 -0.018127667 -0.064440630 64.673950195 0.018482629 0.999817073 0.004916463 -5.001943111 0.064339720 -0.006096466 0.997909427 266.985382080
0.997717559 -0.014971720 -0.065844275 64.616790771 0.015467789 0.999855638 0.007030620 -5.005739689 0.065729514 -0.008033039 0.997805119 268.024200439
0.997707546 -0.013911942 -0.066227391 64.536598206 0.014635686 0.999838233 0.010455544 -5.009800434 0.066071220 -0.011400859 0.997749805 269.094299316
0.997654915 -0.014037245 -0.066989496 64.467117310 0.014951034 0.999801636 0.013158968 -5.014476299 0.066791497 -0.014129671 0.997666895 270.153564453
0.997667372 -0.014064957 -0.066797808 64.400764465 0.014912970 0.999814212 0.012213589 -5.018941402 0.066613607 -0.013181253 0.997691751 271.209045410
0.997616410 -0.017798243 -0.066669114 64.328819275 0.018343547 0.999803066 0.007576019 -5.019720554 0.066521145 -0.008780909 0.997746348 272.274902344
0.997582972 -0.018399211 -0.067004807 64.251625061 0.018617216 0.999823213 0.002630552 -5.019658089 0.066944562 -0.003871637 0.997749209 273.333190918
0.997487903 -0.017928328 -0.068530910 64.186027527 0.018172963 0.999830484 0.002947854 -5.039907932 0.068466447 -0.004185858 0.997644663 274.380096436
0.997347713 -0.020238085 -0.069913976 64.117538452 0.020379880 0.999791443 0.001315395 -5.053233147 0.069872774 -0.002736745 0.997552156 275.434906006
0.997281313 -0.020226005 -0.070858277 64.028678894 0.020021912 0.999793112 -0.003589449 -5.062881947 0.070916213 0.002160972 0.997479916 276.486480713
0.997189164 -0.019336628 -0.072387174 63.951805115 0.019046785 0.999807596 -0.004692261 -5.075749874 0.072463974 0.003300329 0.997365594 277.552368164
0.997163355 -0.018014446 -0.073079899 63.879627228 0.018287141 0.999828100 0.003064034 -5.087302685 0.073012136 -0.004391764 0.997321367 278.582611084
0.997144580 -0.017548477 -0.073448747 63.796783447 0.018469749 0.999758780 0.011882643 -5.095004559 0.073222503 -0.013205294 0.997228205 279.636077881
0.997191966 -0.016103351 -0.073135719 63.710655212 0.017043421 0.999779761 0.012247892 -5.099597454 0.072922379 -0.013459982 0.997246802 280.676086426
0.997256160 -0.014606494 -0.072572641 63.645172119 0.015058879 0.999870420 0.005690272 -5.100909233 0.072480127 -0.006767522 0.997346878 281.702362061
0.997362137 -0.011587471 -0.071655154 63.561588287 0.011748584 0.999929309 0.001827373 -5.105801582 0.071628913 -0.002664399 0.997427821 282.744720459
0.997475088 -0.009158994 -0.070424214 63.479274750 0.009181741 0.999957860 -0.000000715 -5.113641262 0.070421249 -0.000645903 0.997517109 283.780456543
0.997612476 -0.006139046 -0.068786792 63.399291992 0.006402965 0.999972939 0.003616942 -5.130462170 0.068762727 -0.004048746 0.997624815 284.819549561
0.997669339 -0.004388879 -0.068092562 63.325523376 0.004744727 0.999975920 0.005065100 -5.138929844 0.068068691 -0.005376376 0.997666121 285.863983154
0.997703552 -0.001170734 -0.067722015 63.255695343 0.001697931 0.999968708 0.007727677 -5.145181656 0.067710854 -0.007824918 0.997674286 286.890960693
0.997738957 -0.000679033 -0.067205101 63.177951813 0.001033395 0.999985754 0.005238218 -5.156222820 0.067200586 -0.005295823 0.997725427 287.913574219
0.997717500 -0.000249976 -0.067525841 63.104434967 0.000365604 0.999998510 0.001700005 -5.162059784 0.067525312 -0.001720812 0.997716069 288.938079834
0.997704387 0.001410230 -0.067704611 63.030941010 -0.001461243 0.999998689 -0.000703937 -5.174307823 0.067703523 0.000801254 0.997705162 289.956970215
0.997709453 0.003520474 -0.067553580 62.950138092 -0.003389719 0.999992132 0.002050091 -5.187065601 0.067560270 -0.001816408 0.997713566 290.987548828
0.997763336 0.004535800 -0.066691250 62.890361786 -0.004190692 0.999977112 0.005313701 -5.193752766 0.066713825 -0.005022334 0.997759521 291.979888916
0.997764409 0.006847406 -0.066477828 62.816146851 -0.006219002 0.999934077 0.009655181 -5.199490070 0.066539556 -0.009220171 0.997741163 293.002716064
0.997704268 0.008264889 -0.067214876 62.740516663 -0.007642624 0.999925554 0.009509733 -5.205883980 0.067288466 -0.008974203 0.997693181 294.030334473
0.997746825 0.005126416 -0.066895440 62.660346985 -0.004550852 0.999951303 0.008753479 -5.210517883 0.066937059 -0.008429325 0.997721612 295.043457031
0.997634649 -0.001722167 -0.068718255 62.612621307 0.002193721 0.999974549 0.006787262 -5.218188286 0.068704821 -0.006921956 0.997613013 296.044586182
0.997507215 -0.001648620 -0.070545338 62.536552429 0.002063350 0.999980986 0.005806451 -5.222333431 0.070534423 -0.005937537 0.997491658 297.049041748
0.997328341 0.001341091 -0.073036887 62.450164795 -0.001174401 0.999996603 0.002325174 -5.234637260 0.073039755 -0.002233187 0.997326553 298.035888672
0.997158229 -0.003263126 -0.075265214 62.378665924 0.003595780 0.999984384 0.004284664 -5.234739780 0.075250059 -0.004543125 0.997154355 299.060852051
0.996906757 0.001601744 -0.078576669 62.312564850 -0.000497528 0.999900877 0.014070277 -5.246927738 0.078591421 -0.013987660 0.996808767 300.042846680
0.996663570 0.006357695 -0.081371449 62.217216492 -0.004665438 0.999769211 0.020969961 -5.249639034 0.081485987 -0.020520363 0.996463239 301.047241211
0.996411026 0.007184311 -0.084341243 62.126056671 -0.005438135 0.999766469 0.020915220 -5.241828918 0.084471807 -0.020381497 0.996217430 302.051361084
0.996146321 0.004392086 -0.087597005 62.045570374 -0.002954674 0.999858975 0.016532283 -5.239095211 0.087657265 -0.016209753 0.996018827 303.044769287
0.995867372 -0.000824189 -0.090815932 61.957656860 0.001566717 0.999965906 0.008105198 -5.242689133 0.090806156 -0.008213985 0.995834708 304.039031982
0.995560348 -0.003680181 -0.094053604 61.863044739 0.003792660 0.999992311 0.001017178 -5.244667053 0.094049133 -0.001369375 0.995566607 305.030090332
0.995197117 -0.007155694 -0.097629078 61.767173767 0.007381979 0.999970853 0.001956794 -5.249836922 0.097612232 -0.002668092 0.995220959 306.016143799
0.994735122 -0.007892848 -0.102174975 61.670112610 0.008455112 0.999951422 0.005071031 -5.265347004 0.102129981 -0.005908233 0.994753540 307.012878418
0.994155467 -0.007168867 -0.107719436 61.560390472 0.007294366 0.999973118 0.000771076 -5.277312279 0.107711010 -0.001552314 0.994181037 307.997863770
0.993634284 -0.008450317 -0.112336531 61.444770813 0.007971787 0.999957144 -0.004708306 -5.285898685 0.112371504 0.003782812 0.993659079 308.973937988
0.993097365 -0.004950251 -0.117188424 61.322883606 0.004549055 0.999982834 -0.003690738 -5.297520638 0.117204688 0.003132165 0.993102849 309.977050781
0.992561877 -0.003307193 -0.121696226 61.196582794 0.003869216 0.999982893 0.004382222 -5.311960697 0.121679656 -0.004820496 0.992557704 310.972686768
0.991894484 -0.000528279 -0.127063408 61.064102173 0.001393788 0.999976456 0.006722810 -5.317478180 0.127056867 -0.006845418 0.991871834 311.973022461
0.991258204 0.000635115 -0.131934837 60.918636322 0.000536370 0.999960780 0.008843539 -5.320593834 0.131935284 -0.008836997 0.991218925 312.959808350
0.990700722 0.003430098 -0.136015773 60.787986755 -0.002418777 0.999968171 0.007599892 -5.324133873 0.136037514 -0.007200227 0.990677536 313.931762695
0.990218699 0.013764431 -0.138843268 60.634513855 -0.012656156 0.999880612 0.008861972 -5.322263241 0.138948664 -0.007018068 0.990274727 314.904083252
0.989874899 0.025576811 -0.139619336 60.466835022 -0.024667097 0.999661744 0.008242559 -5.332808971 0.139782920 -0.004715099 0.990170956 315.873107910
0.989513218 0.034805041 -0.140186206 60.306030273 -0.033762697 0.999381781 0.009807573 -5.338232040 0.140440881 -0.004971659 0.990076602 316.845153809
0.989578009 0.039135460 -0.138577566 60.148094177 -0.038764402 0.999233902 0.005376616 -5.343207836 0.138681829 0.000051294 0.990337014 317.810974121
0.989602685 0.041017562 -0.137855232 60.035255432 -0.041073114 0.999153137 0.002442861 -5.346857548 0.137838691 0.003244682 0.990449369 318.778442383
0.989990175 0.041492701 -0.134899423 59.888065338 -0.041845635 0.999124050 0.000219334 -5.354113102 0.134790361 0.005427813 0.990859270 319.748962402
0.990427196 0.044081099 -0.130808368 59.750762939 -0.043860730 0.999027193 0.004566675 -5.363493919 0.130882427 0.001214391 0.991397142 320.739349365
0.991160393 0.042637691 -0.125630751 59.622817993 -0.042100061 0.999089360 0.006932632 -5.367593288 0.125811934 -0.001582288 0.992052853 321.723754883
0.991834641 0.044229984 -0.119615078 59.509376526 -0.043179300 0.999002695 0.011362677 -5.374551296 0.119998358 -0.006105001 0.992755294 322.700164795
0.992471039 0.047364566 -0.112950549 59.389297485 -0.045842744 0.998819947 0.016034249 -5.375514030 0.113576718 -0.010735565 0.993471205 323.693817139
0.992769241 0.054837823 -0.106780492 59.268810272 -0.053165030 0.998415232 0.018451985 -5.374104977 0.107623138 -0.012641575 0.994111359 324.672760010
0.993119478 0.059049349 -0.101127855 59.163639069 -0.058060579 0.998232305 0.012695606 -5.370336533 0.101698764 -0.006736713 0.994792402 325.655242920
0.993527532 0.061629917 -0.095419012 59.058036804 -0.061452568 0.998098493 0.004798950 -5.371554375 0.095533334 0.001095854 0.995425642 326.638427734
0.993995130 0.062115133 -0.090085365 58.959999084 -0.062396254 0.998051405 -0.000305038 -5.374256611 0.089890875 0.005924196 0.995934010 327.632049561
0.994771004 0.057078373 -0.084692121 58.871788025 -0.057120714 0.998365402 0.001925162 -5.380636215 0.084663570 0.002922578 0.996405303 328.638122559
0.995378017 0.051747113 -0.080900036 58.796588898 -0.051360048 0.998656631 0.006859557 -5.394304276 0.081146315 -0.002672823 0.996698618 329.649444580
0.996043265 0.044169169 -0.077115886 58.723632812 -0.043783944 0.999018669 0.006679830 -5.400122643 0.077335253 -0.003276962 0.996999741 330.653076172
0.996297836 0.042279415 -0.074853800 58.646114349 -0.042172704 0.999105811 0.003006338 -5.407595634 0.074913971 0.000161578 0.997189999 331.657409668
0.996484816 0.044041902 -0.071262173 58.574264526 -0.043963991 0.999029577 0.002662173 -5.405465126 0.071310267 0.000480154 0.997454047 332.673187256
0.996726215 0.045218799 -0.067023434 58.494705200 -0.044988569 0.998975277 0.004941232 -5.412733555 0.067178190 -0.001909767 0.997739196 333.684448242
0.996745527 0.049205340 -0.063852422 58.422946930 -0.049135186 0.998788595 0.002669463 -5.423766613 0.063906416 0.000476625 0.997955799 334.696136475
0.996680140 0.053684250 -0.061210502 58.346138000 -0.053824093 0.998550236 -0.000636910 -5.431599140 0.061087567 0.003929395 0.998124659 335.706573486
0.996844828 0.052260928 -0.059742838 58.283542633 -0.052136209 0.998633325 0.003645560 -5.440040112 0.059851710 -0.000519293 0.998207152 336.711822510
0.996989906 0.050748069 -0.058615446 58.228431702 -0.050121214 0.998669624 0.012116401 -5.454257965 0.059152350 -0.009142052 0.998207092 337.735626221
0.996979654 0.052088004 -0.057605807 58.158065796 -0.051345229 0.998578548 0.014300920 -5.454483032 0.058268830 -0.011299943 0.998236954 338.750396729
0.996858537 0.054448403 -0.057519060 58.093383789 -0.054058727 0.998503149 0.008310257 -5.460112095 0.057885446 -0.005174743 0.998309791 339.747070312
0.996857762 0.055046655 -0.056959994 58.023159027 -0.055112433 0.998480082 0.000416689 -5.464198112 0.056896355 0.002723824 0.998376369 340.733947754
0.996962011 0.052726734 -0.057329670 57.978511810 -0.052863903 0.998601317 -0.000877635 -5.469619751 0.057203207 0.003905639 0.998354912 341.747222900
0.997125983 0.050208222 -0.056735195 57.920818329 -0.050003521 0.998736441 0.005022827 -5.482320309 0.056915693 -0.002171432 0.998376608 342.752899170
0.997364342 0.046323515 -0.055843197 57.858493805 -0.045905866 0.998907566 0.008739355 -5.494393349 0.056187030 -0.006152791 0.998401284 343.763977051
0.997479975 0.043187056 -0.056290302 57.804374695 -0.042884309 0.999058425 0.006575797 -5.497458935 0.056521289 -0.004145255 0.998392761 344.753479004
0.997537673 0.041836545 -0.056287900 57.754234314 -0.041522097 0.999114811 0.006744946 -5.501278400 0.056520261 -0.004391147 0.998391807 345.746795654
0.997588217 0.041429933 -0.055689245 57.692794800 -0.040886980 0.999104798 0.010854404 -5.505375385 0.056089092 -0.008551261 0.998389125 346.725921631
0.997702658 0.040714357 -0.054146029 57.628852844 -0.040025160 0.999104023 0.013753000 -5.509875774 0.054657459 -0.011554201 0.998438299 347.691192627
0.997824490 0.038205035 -0.053727973 57.571342468 -0.037716623 0.999237657 0.010075583 -5.518122196 0.054071952 -0.008027226 0.998504758 348.652130127
0.997983456 0.034251828 -0.053439528 57.540714264 -0.033914629 0.999398768 0.007204301 -5.520257950 0.053654157 -0.005377392 0.998545110 349.568542480
0.998176038 0.029543648 -0.052647874 57.495750427 -0.029289141 0.999555290 0.005599267 -5.524307251 0.052789882 -0.004047043 0.998597443 350.496917725
0.998330951 0.027362214 -0.050858308 57.443195343 -0.027117914 0.999617159 0.005487546 -5.531230450 0.050988987 -0.004099216 0.998690784 351.417816162
0.998492658 0.026424035 -0.048105843 57.401531219 -0.026243115 0.999645948 0.004388684 -5.542400360 0.048204780 -0.003119621 0.998832583 352.316772461
0.998483479 0.032191578 -0.044659644 57.342357635 -0.032021739 0.999476969 0.004513381 -5.550482750 0.044781577 -0.003076457 0.998992085 353.211944580
0.998522341 0.036517296 -0.040244352 57.308433533 -0.036278445 0.999319613 0.006649699 -5.562465191 0.040459801 -0.005179870 0.999167740 354.082672119
0.998545885 0.040838625 -0.035190079 57.268886566 -0.040661529 0.999156535 0.005733929 -5.567974567 0.035394564 -0.004294708 0.999364197 354.946624756
0.998630166 0.043402743 -0.029224025 57.238204956 -0.043394610 0.999057591 0.000912765 -5.578355312 0.029236101 0.000356650 0.999572456 355.789581299
0.998743713 0.044237964 -0.023537571 57.208080292 -0.044296622 0.999016464 -0.001976338 -5.590818882 0.023426993 0.003016490 0.999720991 356.630004883
0.998920560 0.042703696 -0.018279806 57.204391479 -0.042697694 0.999087751 0.000718765 -5.601427555 0.018293826 0.000062516 0.999832630 357.437988281
0.999122739 0.039865054 -0.012826847 57.196361542 -0.039760895 0.999174953 0.008275339 -5.615748882 0.013146161 -0.007758073 0.999883473 358.247924805
0.999353468 0.035186291 -0.007391049 57.193130493 -0.035066374 0.999260545 0.015772143 -5.618376255 0.007940547 -0.015502768 0.999848306 359.029541016
0.999508739 0.031153979 -0.003420077 57.190734863 -0.031089216 0.999361873 0.017588235 -5.628606796 0.003965838 -0.017473267 0.999839485 359.813598633
0.999479353 0.032214962 -0.001802362 57.185615540 -0.032187916 0.999391615 0.013430090 -5.633671761 0.002233915 -0.013365082 0.999908209 360.556152344
0.999490619 0.031907801 -0.000670311 57.183059692 -0.031900980 0.999455094 0.008478292 -5.640395164 0.000940469 -0.008452590 0.999963820 361.269073486
0.999599874 0.028280184 -0.000590052 57.186790466 -0.028276641 0.999585927 0.005332264 -5.642769337 0.000740605 -0.005313446 0.999985635 361.967620850
0.999735951 0.022974115 -0.000433700 57.192985535 -0.022973362 0.999734700 0.001665425 -5.652027607 0.000471846 -0.001655022 0.999998510 362.649139404
0.999742091 0.022704586 -0.000447846 57.187854767 -0.022706112 0.999735117 -0.003760471 -5.667228222 0.000362347 0.003769670 0.999992847 363.329071045
0.999714911 0.023818638 -0.001679472 57.183292389 -0.023832349 0.999678254 -0.008680765 -5.677258968 0.001472168 0.008718316 0.999960899 363.997039795
0.999699295 0.024246613 -0.003658191 57.173824310 -0.024283115 0.999652207 -0.010287725 -5.689194202 0.003407476 0.010373465 0.999940395 364.676391602
0.999787748 0.019551110 -0.006499571 57.168273926 -0.019592229 0.999788046 -0.006324202 -5.692312717 0.006374548 0.006450201 0.999958873 365.354431152
0.999837697 0.014309662 -0.010946215 57.170116425 -0.014288868 0.999895930 0.001975546 -5.708658695 0.010973345 -0.001818816 0.999938130 366.032623291
0.999798656 0.010877741 -0.016861057 57.156761169 -0.010762442 0.999918163 0.006913878 -5.718990326 0.016934885 -0.006731019 0.999833941 366.700805664
0.999628007 0.008674185 -0.025856381 57.140686035 -0.008530830 0.999947667 0.005649445 -5.721049786 0.025904031 -0.005426767 0.999649704 367.363464355
0.999275565 0.008775651 -0.037031699 57.106002808 -0.008651394 0.999956429 0.003514342 -5.732513905 0.037060924 -0.003191420 0.999307930 368.023468018
0.998702347 0.009642546 -0.050005987 57.060520172 -0.009596050 0.999953270 0.001169824 -5.732622623 0.050014932 -0.000688446 0.998748243 368.675567627
0.997914493 0.006469564 -0.064224616 57.007656097 -0.006522739 0.999978542 -0.000618313 -5.735882759 0.064219236 0.001035944 0.997935295 369.326446533
0.996780157 0.006128122 -0.079948880 56.948909760 -0.006101241 0.999981225 0.000580515 -5.739359379 0.079950936 -0.000090859 0.996798813 369.980102539
0.995457411 0.011296357 -0.094535530 56.873172760 -0.011125031 0.999935389 0.002339148 -5.754630566 0.094555840 -0.001276812 0.995518744 370.652862549
0.993854165 0.019272437 -0.109006882 56.776809692 -0.018945294 0.999812365 0.004036104 -5.758483410 0.109064214 -0.001946132 0.994032800 371.333282471
0.992186487 0.023135783 -0.122599892 56.666236877 -0.022806536 0.999731541 0.004088388 -5.763745308 0.122661568 -0.001260364 0.992447734 372.009887695
0.990615010 0.024518045 -0.134464711 56.557464600 -0.024471171 0.999698520 0.002001593 -5.763009071 0.134473249 0.001307701 0.990916371 372.705657959
0.989142060 0.030204738 -0.143825188 56.443420410 -0.030493645 0.999534965 0.000195676 -5.764469147 0.143764213 0.004192203 0.989603102 373.418243408
0.988043904 0.038355101 -0.149325699 56.311946869 -0.039207898 0.999227226 -0.002770197 -5.767932892 0.149104059 0.008591823 0.988784194 374.131927490
0.987197101 0.044890299 -0.153058112 56.179729462 -0.046234436 0.998916924 -0.005232134 -5.774930000 0.152657464 0.012241703 0.988203347 374.862426758
0.987283587 0.041573428 -0.153436393 56.063755035 -0.042796474 0.999072850 -0.004675392 -5.781665802 0.153099760 0.011182474 0.988147438 375.602416992
0.987389684 0.044843096 -0.151824713 55.944839478 -0.045406528 0.998968542 -0.000244311 -5.781167984 0.151657164 0.007135063 0.988407433 376.373535156
0.987768292 0.052041858 -0.146987900 55.811889648 -0.051508270 0.998644888 0.007436650 -5.785658836 0.147175729 0.000225405 0.989110351 377.153808594
0.988465965 0.054973494 -0.141113162 55.690841675 -0.053841863 0.998479426 0.011827757 -5.783399105 0.141548797 -0.004093541 0.989922822 377.953796387
0.989777207 0.047832098 -0.134362027 55.588886261 -0.047280863 0.998854995 0.007292302 -5.783845901 0.134556994 -0.000865002 0.990905464 378.764709473
0.991116285 0.045213144 -0.125077039 55.498626709 -0.045672275 0.998956144 -0.000804210 -5.788589001 0.124910124 0.006509618 0.992146730 379.577148438
0.992201507 0.047256112 -0.115338981 55.387775421 -0.048153590 0.998827398 -0.005005787 -5.784150600 0.114967182 0.010520735 0.993313551 380.426147461
0.993281960 0.048788015 -0.104931735 55.294879913 -0.049349524 0.998777747 -0.002759983 -5.785734653 0.104668826 0.007919772 0.994475603 381.275604248
0.994384050 0.049220271 -0.093689792 55.213413239 -0.049227968 0.998785079 0.002230405 -5.791920185 0.093685746 0.002394279 0.995598912 382.147003174
0.995463073 0.049815495 -0.081065625 55.142810822 -0.049665309 0.998758435 0.003869232 -5.799235821 0.081157722 0.000174471 0.996701241 383.021057129
0.996267080 0.051424861 -0.069335565 55.075809479 -0.051667679 0.998662889 -0.001712071 -5.809026718 0.069154814 0.005288088 0.997591913 383.920471191
0.997058988 0.048533842 -0.059311744 55.023979187 -0.049219877 0.998736262 -0.010160062 -5.821474552 0.058743685 0.013049498 0.998187780 384.830993652
0.997714937 0.044916313 -0.050471526 54.974044800 -0.045814380 0.998809040 -0.016779242 -5.833785534 0.049657755 0.019053223 0.998584569 385.754821777
0.998118818 0.043099284 -0.043604262 54.934261322 -0.043853231 0.998901963 -0.016484004 -5.851016045 0.042845935 0.018365182 0.998912871 386.695678711
0.998437583 0.040974274 -0.037993364 54.902187347 -0.041421574 0.999080539 -0.011061293 -5.870114326 0.037505202 0.012617755 0.999216795 387.653869629
0.998767138 0.037598137 -0.032412283 54.871665955 -0.037791274 0.999271214 -0.005366767 -5.885169506 0.032186884 0.006585053 0.999460161 388.636138916
0.999030352 0.034745846 -0.027039532 54.849376678 -0.034804568 0.999392688 -0.001703960 -5.900600433 0.026963905 0.002643407 0.999632895 389.617645264
0.999147296 0.034091055 -0.023290444 54.821853638 -0.034169186 0.999411643 -0.002964891 -5.908637524 0.023175664 0.003758179 0.999724329 390.611938477
0.999230802 0.032136314 -0.022474276 54.797706604 -0.032257710 0.999466777 -0.005059977 -5.916718960 0.022299683 0.005781054 0.999734640 391.614990234
0.999342203 0.027709933 -0.023394959 54.778995514 -0.027793456 0.999608397 -0.003252430 -5.922201157 0.023295673 0.003900517 0.999720991 392.634490967
0.999326587 0.026339132 -0.025546266 54.754665375 -0.026329167 0.999653041 0.000726383 -5.932340622 0.025556535 -0.000053282 0.999673367 393.672210693
0.999242604 0.027545694 -0.027484732 54.712867737 -0.027526852 0.999620497 0.001063779 -5.936340809 0.027503602 -0.000306405 0.999621630 394.720977783
0.999090075 0.030114284 -0.030201795 54.667789459 -0.030140843 0.999545574 -0.000424445 -5.946105003 0.030175289 0.001334366 0.999543726 395.781799316
0.999045372 0.027127858 -0.034240577 54.634349823 -0.027125815 0.999631882 0.000524342 -5.947255135 0.034242198 0.000404962 0.999413490 396.848693848
0.999000371 0.023790054 -0.037846234 54.587528229 -0.023641039 0.999710917 0.004380150 -5.953166485 0.037939496 -0.003481047 0.999273956 397.934387207
0.998925745 0.020210732 -0.041699294 54.543552399 -0.020015597 0.999786675 0.005091813 -5.962521553 0.041793309 -0.004251707 0.999117255 399.003387451
0.998795271 0.016758658 -0.046121038 54.491394043 -0.016801706 0.999858677 -0.000545827 -5.975233078 0.046105374 0.001320082 0.998935699 400.069213867
0.998661757 0.013116950 -0.050027005 54.436717987 -0.013463305 0.999887645 -0.006592681 -5.987825871 0.049934909 0.007257387 0.998726130 401.131256104
0.998473346 0.013397553 -0.053586219 54.390670776 -0.013672558 0.999895155 -0.004768701 -6.008147240 0.053516712 0.005494081 0.998551846 402.175598145
0.998312294 0.015670145 -0.055919375 54.323272705 -0.015570185 0.999876320 0.002222816 -6.021051407 0.055947293 -0.001348390 0.998432815 403.245147705
0.998135865 0.019084424 -0.057970051 54.258457184 -0.018559167 0.999781787 0.009585785 -6.030920982 0.058140341 -0.008492040 0.998272300 404.310516357
0.998006105 0.021575887 -0.059315275 54.187324524 -0.021057786 0.999734581 0.009345980 -6.036419392 0.059501179 -0.008078297 0.998195529 405.380767822
0.997869849 0.022042140 -0.061399307 54.117336273 -0.021714127 0.999746203 0.006004516 -6.035050392 0.061516076 -0.004658493 0.998095214 406.441314697
0.997737586 0.022947542 -0.063191317 54.043231964 -0.022653705 0.999728978 0.005362603 -6.040844917 0.063297257 -0.003918954 0.997987032 407.499267578
0.997627735 0.023662724 -0.064645052 53.967391968 -0.023276083 0.999706447 0.006727674 -6.054654121 0.064785272 -0.005207031 0.997885644 408.563232422
0.997470975 0.025656303 -0.066283129 53.888511658 -0.025500407 0.999669671 0.003197101 -6.064581871 0.066343263 -0.001498769 0.997795761 409.611450195
0.997425258 0.026705857 -0.066555880 53.805332184 -0.026885573 0.999636889 -0.001805826 -6.071399689 0.066483490 0.003590569 0.997781038 410.659027100
0.997416019 0.026767910 -0.066669501 53.740447998 -0.026976353 0.999633610 -0.002228065 -6.084981918 0.066585436 0.004020808 0.997772634 411.696014404
0.997460961 0.027038060 -0.065883026 53.663532257 -0.026975695 0.999634385 0.001836154 -6.098628044 0.065908588 -0.000054251 0.997825682 412.740661621
0.997519016 0.026353654 -0.065278620 53.585582733 -0.025818322 0.999625862 0.009030924 -6.109675884 0.065492190 -0.007323134 0.997826219 413.782928467
0.997529209 0.025791863 -0.065347485 53.519096375 -0.024886409 0.999583185 0.014632443 -6.111364841 0.065697648 -0.012970026 0.997755289 414.843902588
0.997575760 0.024402415 -0.065170228 53.451515198 -0.023501497 0.999617815 0.014555223 -6.107829094 0.065500505 -0.012988340 0.997767985 415.882171631
0.997622371 0.024234906 -0.064515471 53.381435394 -0.023705535 0.999678850 0.008958321 -6.106616497 0.064711854 -0.007407648 0.997876525 416.907684326
0.997561336 0.027688062 -0.064068772 53.313743591 -0.027492668 0.999614298 0.003929523 -6.117546082 0.064152859 -0.002158519 0.997937739 417.926025391
0.997404397 0.032458786 -0.064272329 53.245204926 -0.032521855 0.999471009 0.000064990 -6.128269672 0.064240441 0.002025434 0.997932374 418.951110840
0.997482717 0.030599730 -0.063967787 53.176979065 -0.030860173 0.999518931 -0.003087168 -6.144190788 0.063842550 0.005053454 0.997947216 419.971954346
0.997598171 0.028225476 -0.063255295 53.109951019 -0.028634140 0.999574482 -0.005563182 -6.162344456 0.063071355 0.007361081 0.997981846 420.987365723
0.997791708 0.023900010 -0.061971936 53.043163300 -0.024140129 0.999703705 -0.003128697 -6.176767349 0.061878797 0.004617798 0.998072982 421.997802734
0.997850716 0.021699948 -0.061830714 52.989910126 -0.021452662 0.999759018 0.004660536 -6.194706440 0.061916947 -0.003324086 0.998075783 423.011718750
0.997954071 0.018272562 -0.061268296 52.928512573 -0.017757712 0.999802351 0.008937232 -6.205542564 0.061419491 -0.007830963 0.998081326 424.009887695
0.997973561 0.018902866 -0.060757291 52.862590790 -0.018518295 0.999804795 0.006886549 -6.218021870 0.060875606 -0.005747473 0.998128831 424.986053467
0.997975171 0.019760776 -0.060457129 52.797515869 -0.019620165 0.999803245 0.002918598 -6.230307102 0.060502909 -0.001726509 0.998166502 425.948822021
0.997753739 0.025081705 -0.062116142 52.737720490 -0.025131209 0.999684155 -0.000015668 -6.240595818 0.062096130 0.001576686 0.998068929 426.889770508
0.997527361 0.026121240 -0.065244921 52.670372009 -0.026149577 0.999657929 0.000419783 -6.254495621 0.065233573 0.001287382 0.997869194 427.824249268
0.997228682 0.025715254 -0.069811672 52.601154327 -0.025600711 0.999669015 0.002535112 -6.272432327 0.069853753 -0.000740858 0.997556984 428.748992920
0.996856749 0.027103487 -0.074444935 52.518585205 -0.026941884 0.999631941 0.003174343 -6.284456253 0.074503578 -0.001158678 0.997220099 429.652526855
0.996436298 0.025140863 -0.080515087 52.458782196 -0.024871735 0.999681234 0.004343885 -6.293658733 0.080598630 -0.002325854 0.996743917 430.520904541
0.995912015 0.022688927 -0.087432414 52.382705688 -0.022125736 0.999727786 0.007405309 -6.299216747 0.087576635 -0.005440530 0.996142924 431.393493652
0.995277822 0.024526114 -0.093917631 52.288955688 -0.023494491 0.999651074 0.012074510 -6.311120510 0.094180994 -0.009810945 0.995506763 432.253845215
0.994575083 0.025747053 -0.100784309 52.197536469 -0.024407471 0.999596894 0.014502386 -6.309035778 0.101117074 -0.011963822 0.994802594 433.095611572
0.993790150 0.027194431 -0.107896030 52.102008820 -0.025861118 0.999571145 0.013737693 -6.308629513 0.108223349 -0.010862073 0.994067252 433.911254883
0.993024945 0.028155901 -0.114493027 52.001304626 -0.026989678 0.999566972 0.011723719 -6.320218563 0.114773542 -0.008551816 0.993354857 434.713531494
0.992272139 0.028249267 -0.120822102 51.902183533 -0.027447192 0.999588788 0.008297876 -6.326021194 0.121006832 -0.004917524 0.992639482 435.486267090
0.991410434 0.028184047 -0.127714425 51.779220581 -0.027722428 0.999601126 0.005390948 -6.328893661 0.127815410 -0.001804089 0.991796315 436.272979736
0.990187109 0.029911479 -0.136509210 51.685924530 -0.029761786 0.999552071 0.003137839 -6.342003822 0.136541933 0.000955710 0.990633845 437.034515381
0.988826215 0.031119602 -0.145788684 51.562957764 -0.031125266 0.999512970 0.002242744 -6.347361565 0.145787477 0.002320027 0.989313185 437.779602051
0.987357140 0.030266481 -0.155595243 51.449859619 -0.029979507 0.999541700 0.004191199 -6.355263233 0.155650780 0.000526457 0.987811983 438.495788574
0.985947907 0.032309677 -0.163898617 51.308578491 -0.031635564 0.999476850 0.006722177 -6.364385605 0.164030075 -0.001442692 0.986454308 439.205505371
0.984397054 0.035982858 -0.172243088 51.187175751 -0.034953043 0.999348342 0.009008999 -6.371459484 0.172455013 -0.002848013 0.985013306 439.875762939
0.982921720 0.040395934 -0.179535553 51.054698944 -0.038957912 0.999174356 0.011529760 -6.380477428 0.179853082 -0.004338522 0.983683944 440.545928955
0.981596768 0.049800906 -0.184357375 50.916538239 -0.047925342 0.998743951 0.014618297 -6.386431694 0.184853822 -0.005513882 0.982750535 441.178070068
0.981271148 0.058775801 -0.183445737 50.778324127 -0.056649577 0.998252511 0.016814210 -6.383005142 0.184113443 -0.006107179 0.982886016 441.788452148
0.982019842 0.066521354 -0.176669165 50.649085999 -0.064191416 0.997759044 0.018877326 -6.382814407 0.177529007 -0.007197266 0.984089255 442.383270264
0.983666480 0.070502199 -0.165619254 50.550323486 -0.068160087 0.997478127 0.019790018 -6.384853840 0.166596815 -0.008178153 0.985991180 442.944366455
0.986051440 0.073532231 -0.149317205 50.474063873 -0.071730614 0.997271836 0.017422993 -6.390798569 0.150190994 -0.006469353 0.988635838 443.496734619
0.988892615 0.077054352 -0.127098441 50.417175293 -0.075982988 0.997020900 0.013263592 -6.395319939 0.127741814 -0.003458950 0.991801441 444.026824951
0.991856754 0.082110636 -0.097355083 50.370952606 -0.081443153 0.996619284 0.010817137 -6.398254871 0.097914152 -0.002800146 0.995190918 444.555358887
0.994605958 0.084447756 -0.060229149 50.356155396 -0.083991773 0.996415615 0.010067263 -6.402516842 0.060863420 -0.004954206 0.998133838 445.076171875
0.996294558 0.084523037 -0.015905164 50.381309509 -0.084400743 0.996398091 0.008210426 -6.407874107 0.016541844 -0.006837595 0.999839783 445.571746826
0.996029675 0.081570446 0.035653077 50.435054779 -0.081805095 0.996634960 0.005170713 -6.429734230 -0.035111327 -0.008066787 0.999350846 446.067077637
0.992356241 0.082490735 0.091784537 50.510047913 -0.082847327 0.996562243 0.000075272 -6.444472313 -0.091462791 -0.007678800 0.995778859 446.501983643
0.984604239 0.084849522 0.152823493 50.612377167 -0.084927537 0.996368885 -0.006029225 -6.451704979 -0.152780145 -0.007042523 0.988235116 446.965881348
0.972965240 0.079657324 0.216779634 50.752868652 -0.079167627 0.996801078 -0.010956590 -6.466598988 -0.216958940 -0.006501545 0.976159096 447.398284912
0.956760764 0.068224557 0.282761872 50.923706055 -0.066440597 0.997663617 -0.015905252 -6.478388786 -0.283186346 -0.003569344 0.959058285 447.811187744
0.934643447 0.060333952 0.350430369 51.115688324 -0.056912158 0.998177528 -0.020065106 -6.499590874 -0.351002336 -0.001190028 0.936373830 448.176605225
0.907169223 0.054436974 0.417229652 51.342559814 -0.048607033 0.998515129 -0.024593988 -6.526907444 -0.417948961 0.002030617 0.908468246 448.524017334
0.874088347 0.053259261 0.482838571 51.590457916 -0.045890726 0.998579562 -0.027071295 -6.548912525 -0.483594537 0.001504896 0.875290871 448.880157471
0.837092519 0.047642481 0.544982851 51.865402222 -0.039900035 0.998864472 -0.026034508 -6.570284367 -0.545604348 0.000048458 0.838042855 449.222167969
0.797435999 0.040386636 0.602050483 52.167320251 -0.033218332 0.999182761 -0.023028200 -6.592045307 -0.602488518 -0.001635597 0.798125863 449.528533936
0.753127575 0.032960888 0.657048345 52.489089966 -0.025825907 0.999455512 -0.020535382 -6.605031967 -0.657367468 -0.001503106 0.753568709 449.821166992
0.707173109 0.024842309 0.706603885 52.820610046 -0.018185085 0.999691010 -0.016946735 -6.625744343 -0.706806540 -0.000865375 0.707406342 450.045196533
0.657940745 0.020635935 0.752786934 53.171340942 -0.011410627 0.999782920 -0.017433802 -6.637479782 -0.752983272 0.002880639 0.658033371 450.284118652
0.605689645 0.018432708 0.795487404 53.532966614 -0.005017462 0.999800265 -0.019346630 -6.657643795 -0.795685112 0.007726726 0.605661154 450.490600586
0.550920367 0.015982898 0.834404886 53.899765015 0.000462567 0.999810576 -0.019456634 -6.673887730 -0.834557772 0.011105025 0.550808609 450.674133301
0.495224893 0.013997287 0.868652046 54.261367798 -0.000145767 0.999871552 -0.016028630 -6.682917595 -0.868764758 0.007811156 0.495163321 450.838623047
0.437571228 0.013284398 0.899085641 54.649765015 -0.004437425 0.999910593 -0.012614506 -6.689271927 -0.899172843 0.001530121 0.437591016 450.995178223
0.380251586 0.016451482 0.924736738 55.047653198 -0.007473509 0.999863803 -0.014714921 -6.698645592 -0.924852908 -0.001315657 0.380322695 451.116210938
0.324764013 0.017555304 0.945632041 55.466827393 0.001158338 0.999819577 -0.018959088 -6.706980228 -0.945794284 0.007252589 0.324685097 451.208068848
0.273234367 0.016088741 0.961812973 55.883346558 0.013137139 0.999704480 -0.020454608 -6.727055073 -0.961857855 0.018224375 0.272942305 451.267333984
0.226516306 0.018105039 0.973839164 56.332366943 0.015853761 0.999626219 -0.022272069 -6.745661259 -0.973878443 0.020484002 0.226144612 451.333496094
0.184717834 0.023311643 0.982515216 56.794921875 0.012196200 0.999587297 -0.026009656 -6.756514072 -0.982716024 0.016787402 0.184357285 451.397186279
0.146603465 0.029265676 0.988762498 57.280792236 0.006984924 0.999506712 -0.030619344 -6.766464710 -0.989170849 0.011395336 0.146326780 451.461090088
0.114400744 0.031486150 0.992935717 57.771514893 0.007687751 0.999439597 -0.032578137 -6.780655384 -0.993405044 0.011360407 0.114094555 451.489624023
0.087841153 0.029940551 0.995684564 58.289611816 0.012708431 0.999433160 -0.031174440 -6.796022415 -0.996053517 0.015391988 0.087410867 451.524658203
0.068187535 0.029498678 0.997236371 58.823883057 0.017302562 0.999377489 -0.030745102 -6.820190430 -0.997522533 0.019351175 0.067634642 451.540191650
0.053959250 0.030752232 0.998069584 59.365234375 0.021650748 0.999254644 -0.031959269 -6.837711811 -0.998308480 0.023333455 0.053253233 451.556365967
0.047515213 0.030879186 0.998393238 59.937713623 0.024037143 0.999197245 -0.032048032 -6.854351044 -0.998581409 0.025521291 0.046734869 451.576965332
0.047523081 0.029428106 0.998436570 60.515502930 0.023741007 0.999250293 -0.030582104 -6.870258808 -0.998588026 0.025157249 0.046788812 451.600494385
0.049876273 0.027359495 0.998380721 61.109405518 0.022644913 0.999336779 -0.028516978 -6.890668392 -0.998498797 0.024030566 0.049223661 451.635192871
0.052291453 0.025371268 0.998309553 61.724456787 0.021009341 0.999428034 -0.026500165 -6.915619850 -0.998410881 0.022359557 0.051728487 451.676757812
0.054707646 0.025008513 0.998189211 62.349121094 0.022648564 0.999397993 -0.026280098 -6.939476967 -0.998245537 0.024045274 0.054108322 451.716613770
0.057431698 0.025735009 0.998017669 62.993103027 0.023402553 0.999358296 -0.027116297 -6.958847046 -0.998075068 0.024913495 0.056792617 451.751800537
0.059876263 0.025765650 0.997873306 63.651947021 0.023946866 0.999342024 -0.027240485 -6.974420071 -0.997918606 0.025526997 0.059219837 451.793548584
0.062570751 0.024820289 0.997731984 64.329406738 0.023540048 0.999375880 -0.026337456 -6.993688583 -0.997762978 0.025134612 0.061947405 451.841796875
0.065541923 0.025992019 0.997511268 65.021942139 0.023905097 0.999332905 -0.027610181 -7.019014835 -0.997563481 0.025655227 0.064876854 451.889007568
0.068069577 0.029969888 0.997230411 65.723266602 0.022401860 0.999250770 -0.031559728 -7.045513630 -0.997429132 0.024488075 0.067347169 451.943603516
0.070594311 0.036386281 0.996841252 66.440551758 0.022615556 0.999019206 -0.038067371 -7.071258545 -0.997248709 0.025231460 0.069702208 451.996459961
0.073225141 0.040497407 0.996492982 67.179718018 0.021296006 0.998883903 -0.042159472 -7.093642235 -0.997088134 0.024308454 0.072280943 452.057250977
0.075289905 0.038060423 0.996435046 67.930603027 0.019042432 0.999034226 -0.039598532 -7.127126217 -0.996979833 0.021955917 0.074492455 452.114837646
0.076746583 0.033432476 0.996489942 68.688903809 0.014983115 0.999286115 -0.034680244 -7.160877228 -0.996938050 0.017592115 0.076190889 452.182556152
0.078399539 0.027323024 0.996547520 69.476531982 0.014280392 0.999490976 -0.028527183 -7.191741943 -0.996819735 0.016467607 0.077969432 452.250488281
0.080180883 0.026907437 0.996417224 70.268829346 0.013621483 0.999512672 -0.028087143 -7.220663071 -0.996687353 0.015824733 0.079775333 452.317749023
0.081745327 0.026993660 0.996287763 71.083129883 0.013077579 0.999518037 -0.028154200 -7.248264790 -0.996567547 0.015330506 0.081352890 452.387512207
0.083373785 0.025132511 0.996201336 71.910247803 0.012862296 0.999571502 -0.026294000 -7.275241852 -0.996435344 0.015005666 0.083014786 452.462554932
0.084873080 0.021744965 0.996154547 72.751983643 0.014919731 0.999621987 -0.023091830 -7.301733494 -0.996280134 0.016822234 0.084516585 452.529174805
0.085348904 0.019766333 0.996155024 73.596588135 0.016763816 0.999633193 -0.021271644 -7.332264423 -0.996210098 0.018514870 0.084986269 452.605865479
0.085672498 0.023566863 0.996044695 74.455688477 0.017851846 0.999523401 -0.025184659 -7.357595921 -0.996163547 0.019938871 0.085210919 452.685119629
0.085588396 0.033385389 0.995771170 75.314666748 0.013999021 0.999299467 -0.034706928 -7.385199070 -0.996232331 0.016910335 0.085061073 452.767700195
0.084982872 0.042528041 0.995474458 76.189636230 0.013134039 0.998954058 -0.043797940 -7.423125744 -0.996295869 0.016796678 0.084335446 452.841186523
0.083324671 0.045892186 0.995465219 77.083465576 0.011145999 0.998833597 -0.046980444 -7.460301876 -0.996460199 0.015010087 0.082715988 452.923095703
0.080532253 0.041252565 0.995898008 77.991607666 0.007595984 0.999088764 -0.041998975 -7.507693768 -0.996723115 0.010947099 0.080145538 453.004333496
0.077561975 0.033601116 0.996421218 78.913970947 0.004145457 0.999412417 -0.034024674 -7.552976608 -0.996978998 0.006769645 0.077377081 453.086242676
0.074533224 0.027677538 0.996834397 79.834075928 0.005094419 0.999591172 -0.028134990 -7.589499474 -0.997205555 0.007175284 0.074361742 453.155517578
0.072038949 0.026020125 0.997062445 80.762420654 0.008424434 0.999608099 -0.026695238 -7.631925106 -0.997366309 0.010322787 0.071791530 453.219116211
0.069960356 0.025935909 0.997212648 81.699859619 0.010250065 0.999590516 -0.026716858 -7.664915562 -0.997497201 0.012090617 0.069665849 453.287200928
0.068530500 0.028836060 0.997232318 82.643310547 0.015244042 0.999435246 -0.029947348 -7.697093964 -0.997532666 0.017254163 0.068052232 453.348541260
0.068667889 0.028427500 0.997234523 83.587951660 0.016018905 0.999433637 -0.029593229 -7.734524727 -0.997511029 0.018006712 0.068173647 453.407836914
0.068434179 0.028225509 0.997256398 84.547088623 0.012736021 0.999493539 -0.029162809 -7.770327568 -0.997574449 0.014696810 0.068040013 453.485473633
0.068845153 0.028665656 0.997215569 85.506866455 0.009930174 0.999517918 -0.029417396 -7.804890633 -0.997578025 0.011927770 0.068527281 453.560943604
0.069480300 0.028143462 0.997186244 86.467163086 0.008812945 0.999545634 -0.028824104 -7.842752934 -0.997544408 0.010790856 0.069200695 453.628082275
0.070378959 0.026644269 0.997164547 87.435577393 0.006660929 0.999608397 -0.027179694 -7.878234863 -0.997498214 0.008554922 0.070173919 453.701843262
0.070655286 0.027654104 0.997117460 88.400146484 0.003609392 0.999602020 -0.027978772 -7.917168617 -0.997494340 0.005575838 0.070527315 453.781494141
0.071303904 0.031018887 0.996972263 89.356445312 0.002960976 0.999505341 -0.031309471 -7.954010010 -0.997450292 0.005184500 0.071176767 453.854797363
0.071814716 0.034805104 0.996810615 90.323181152 0.002810968 0.999379933 -0.035097338 -7.996908665 -0.997414112 0.005322511 0.071672320 453.930114746
0.072574317 0.034429383 0.996768594 91.292236328 0.002362955 0.999395251 -0.034692157 -8.036375046 -0.997360229 0.004873078 0.072449028 454.004028320
0.073259950 0.033813898 0.996739626 92.254577637 0.004250768 0.999405384 -0.034216769 -8.081947327 -0.997303963 0.006743632 0.073072672 454.065979004
0.073753119 0.030641828 0.996805727 93.229553223 0.004117299 0.999509990 -0.031029595 -8.121964455 -0.997268081 0.006392679 0.073590815 454.142822266
0.072944701 0.026690366 0.996978819 94.197601318 0.006688511 0.999606252 -0.027250078 -8.159118652 -0.997313559 0.008656052 0.072737455 454.215148926
0.072861671 0.020475065 0.997131944 95.182525635 0.007821737 0.999746740 -0.021100305 -8.201529503 -0.997311473 0.009336709 0.072683096 454.280090332
0.071392655 0.018996162 0.997267544 96.155883789 0.006513050 0.999788463 -0.019510442 -8.237008095 -0.997427225 0.007888158 0.071253836 454.354187012
0.070133746 0.019779833 0.997341633 97.121246338 0.005665762 0.999779344 -0.020226603 -8.267410278 -0.997521639 0.007069270 0.070006192 454.430603027
0.068278372 0.023809902 0.997382283 98.090728760 0.006889952 0.999680102 -0.024336429 -8.298225403 -0.997642636 0.008533570 0.068092465 454.499450684
0.066583216 0.026421430 0.997431159 99.058746338 0.008902472 0.999593794 -0.027073007 -8.335153580 -0.997741342 0.010682215 0.066320956 454.566833496
0.064883947 0.027293561 0.997519672 100.029846191 0.010014665 0.999557734 -0.028000740 -8.368807793 -0.997842729 0.011806628 0.064581871 454.631591797
0.064225852 0.025428280 0.997611463 101.015899658 0.013592813 0.999560297 -0.026353059 -8.401374817 -0.997842908 0.015252897 0.063851953 454.693176270
0.064142406 0.022831503 0.997679532 101.965118408 0.016247310 0.999581873 -0.023919601 -8.442401886 -0.997808456 0.017743869 0.063744664 454.756011963
0.064831078 0.023812793 0.997612059 102.930511475 0.016180441 0.999558747 -0.024910767 -8.480563164 -0.997765005 0.017756797 0.064417183 454.820007324
0.065582871 0.028710177 0.997434139 103.875396729 0.014376307 0.999455035 -0.029713618 -8.519157410 -0.997743666 0.016288126 0.065134406 454.885620117
0.066286504 0.035493445 0.997169197 104.823730469 0.010743778 0.999283791 -0.036282904 -8.560834885 -0.997742832 0.013118434 0.065857708 454.958312988
0.067000747 0.043662298 0.996797264 105.764709473 0.005865873 0.999007523 -0.044153403 -8.604454994 -0.997735798 0.008805403 0.066678107 455.024810791
0.067250192 0.045500636 0.996698201 106.707702637 0.004424190 0.998936176 -0.045901321 -8.656105995 -0.997726440 0.007496456 0.066977322 455.098632812
0.067558467 0.039021034 0.996952057 107.654663086 0.006870097 0.999193013 -0.039574299 -8.704917908 -0.997691751 0.009522737 0.067235827 455.167419434
0.067846477 0.028806085 0.997279882 108.599456787 0.004886863 0.999561489 -0.029204452 -8.749982834 -0.997683823 0.006854992 0.067675948 455.227142334
0.067929149 0.020180084 0.997485995 109.533203125 0.008094364 0.999751389 -0.020777144 -8.793012619 -0.997657299 0.009485389 0.067748904 455.297241211
0.069568396 0.022346977 0.997326851 110.457031250 0.011419725 0.999665737 -0.023195965 -8.822502136 -0.997511864 0.013002903 0.069289923 455.362701416
0.069466710 0.024196884 0.997290790 111.372711182 0.015226579 0.999563634 -0.025312643 -8.862383842 -0.997468054 0.016943714 0.069067955 455.425781250
0.069539785 0.029902594 0.997131050 112.287536621 0.013983382 0.999423206 -0.030946538 -8.901723862 -0.997481287 0.016095281 0.069081545 455.501403809
0.070633829 0.034955718 0.996889651 113.195159912 0.011425973 0.999291897 -0.035849527 -8.939097404 -0.997436881 0.013922621 0.070184410 455.578918457
0.072356522 0.039290600 0.996604621 114.136840820 0.009897265 0.999146283 -0.040109374 -8.984438896 -0.997329712 0.012765834 0.071905851 455.628143311
0.073183775 0.042459592 0.996414363 115.051025391 0.008045785 0.999035656 -0.043162242 -9.033100128 -0.997286141 0.011175716 0.072771609 455.699279785
0.074143112 0.042999066 0.996320248 115.953338623 0.004246633 0.999047339 -0.043432787 -9.085926056 -0.997238636 0.007451250 0.073889852 455.780212402
0.077025592 0.040601447 0.996202111 116.861816406 0.001548423 0.999164402 -0.040841900 -9.132116318 -0.997027934 0.004688413 0.076898336 455.862609863
0.081873357 0.033834241 0.996068299 117.761444092 0.001824402 0.999416828 -0.034097943 -9.178459167 -0.996641099 0.004608945 0.081763923 455.924987793
0.087861001 0.027571131 0.995751202 118.665252686 0.003569620 0.999601781 -0.027992718 -9.219115257 -0.996126473 0.006013925 0.087727606 456.010192871
0.095504165 0.024542274 0.995126486 119.561737061 0.003489380 0.999681652 -0.024989499 -9.256793022 -0.995422959 0.005858976 0.095388114 456.102111816
0.104422450 0.021219857 0.994306743 120.467498779 0.008287115 0.999719083 -0.022205682 -9.289185524 -0.994498610 0.010558707 0.104217231 456.190246582
0.114627540 0.019886129 0.993209541 121.361480713 0.009714527 0.999729395 -0.021137837 -9.321729660 -0.993361056 0.012071539 0.114403307 456.291809082
0.125037432 0.022312757 0.991901219 122.250091553 0.004746056 0.999722183 -0.023086974 -9.356326103 -0.992140830 0.007594357 0.124896824 456.417785645
0.135540605 0.026627883 0.990413845 123.111206055 0.002621318 0.999625623 -0.027234280 -9.390445709 -0.990768254 0.006287538 0.135420024 456.546081543
0.145858109 0.030698640 0.988829136 123.981353760 0.001002515 0.999513328 -0.031178214 -9.425614357 -0.989305019 0.005538913 0.145756364 456.685424805
0.155408204 0.030013707 0.987394333 124.847671509 -0.002049769 0.999545991 -0.030060461 -9.462528229 -0.987848282 0.002647713 0.155399203 456.836486816
0.165184140 0.024872046 0.985949099 125.732055664 -0.005409008 0.999689758 -0.024312461 -9.490119934 -0.986247957 -0.001316974 0.165267408 456.990478516
0.174568534 0.021179300 0.984417260 126.603347778 -0.005890669 0.999773204 -0.020465074 -9.527335167 -0.984627426 -0.002226317 0.174653709 457.155090332
0.183541000 0.023117615 0.982740343 127.463241577 -0.007310334 0.999727905 -0.022151915 -9.556694031 -0.982985020 -0.003118371 0.183660030 457.322998047
0.191896856 0.030298850 0.980947435 128.315124512 -0.007937881 0.999538541 -0.029320244 -9.593540192 -0.981383145 -0.002160177 0.192048848 457.484375000
0.198717356 0.033079877 0.979498565 129.165802002 -0.007920175 0.999451756 -0.032146927 -9.628284454 -0.980024993 -0.001369640 0.198870420 457.667663574
0.206457257 0.031069061 0.977962315 130.025466919 -0.007162445 0.999516964 -0.030241776 -9.657527924 -0.978429496 -0.000760965 0.206580043 457.860229492
0.213707924 0.023542687 0.976613879 130.872375488 -0.007214476 0.999720335 -0.022520991 -9.690827370 -0.976870954 -0.002232844 0.213817954 458.050872803
0.222074151 0.015163925 0.974911869 131.715698242 -0.004371735 0.999884486 -0.014556520 -9.723714828 -0.975019991 -0.001029430 0.222114801 458.232421875
0.231687903 0.017699983 0.972629249 132.552078247 -0.006111820 0.999841213 -0.016739307 -9.748649597 -0.972771108 -0.002066238 0.231759310 458.436950684
0.241162121 0.025615763 0.970146775 133.371047974 -0.007861119 0.999670386 -0.024441164 -9.776021004 -0.970453084 -0.001732154 0.241284013 458.653564453
0.250844777 0.030523894 0.967545986 134.192718506 -0.005993829 0.999532580 -0.029979046 -9.806385994 -0.968008816 0.001720783 0.250910461 458.868896484
0.260546207 0.025684765 0.965119720 135.028884888 -0.003052188 0.999662995 -0.025780091 -9.838052750 -0.965456605 0.003771180 0.260536790 459.086181641
0.271208823 0.017057341 0.962369502 135.858963013 0.000031735 0.999842823 -0.017730476 -9.873355865 -0.962520659 0.004839204 0.271165609 459.325866699
0.283275783 0.011435647 0.958970368 136.669113159 0.004324361 0.999903500 -0.013201172 -9.902662277 -0.959028840 0.007886508 0.283198953 459.572479248
0.295087695 0.014003885 0.955367565 137.482086182 0.008034780 0.999820888 -0.017137216 -9.923040390 -0.955436409 0.012733149 0.294922292 459.811950684
0.306085706 0.020142576 0.951790929 138.273986816 0.012050065 0.999614060 -0.025029819 -9.951868057 -0.951927781 0.019130412 0.305724859 460.067260742
0.315686464 0.026067562 0.948505461 139.058639526 0.016972478 0.999307513 -0.033112612 -9.981147766 -0.948711812 0.026551692 0.315025449 460.328796387
0.324970186 0.028798537 0.945285797 139.877593994 0.016291695 0.999217451 -0.036042351 -10.017496109 -0.945583999 0.027112998 0.324246705 460.601074219
0.332964301 0.029019857 0.942492843 140.665374756 0.011452048 0.999328136 -0.034815636 -10.055035591 -0.942869961 0.022385838 0.332408309 460.892913818
0.340279162 0.023225782 0.940037668 141.454437256 0.011413286 0.999519289 -0.028826851 -10.097273827 -0.940255284 0.020538097 0.339850485 461.183959961
0.347280681 0.016429821 0.937617302 142.240570068 0.013385532 0.999657810 -0.022474773 -10.125664711 -0.937665701 0.020355562 0.346941948 461.475524902
0.353534341 0.009970792 0.935368478 143.024139404 0.012716787 0.999799550 -0.015464083 -10.159230232 -0.935335159 0.017361967 0.353336632 461.778930664
0.360433280 0.011458615 0.932714581 143.801116943 0.007512996 0.999856472 -0.015186751 -10.186971664 -0.932754755 0.012481292 0.360295475 462.092468262
0.367411733 0.017401829 0.929895580 144.565750122 0.008116477 0.999726892 -0.021915544 -10.221487045 -0.930022955 0.015599505 0.367170155 462.398437500
0.375162482 0.022177067 0.926693797 145.328948975 0.011393268 0.999527931 -0.028532539 -10.246008873 -0.926889062 0.021262407 0.374732733 462.708435059
0.381811619 0.024507055 0.923915207 146.082794189 0.008465452 0.999513745 -0.030010704 -10.276271820 -0.924201429 0.019279795 0.381418467 463.037780762
0.388212681 0.021164486 0.921326816 146.840972900 0.004943758 0.999674022 -0.025047377 -10.312972069 -0.921556592 0.014278527 0.387981474 463.377258301
0.395833850 0.016857082 0.918167412 147.604583740 0.006608455 0.999753356 -0.021203948 -10.347974777 -0.918298364 0.014460908 0.395624816 463.696105957
0.403088629 0.018520001 0.914973617 148.354888916 0.009617972 0.999654293 -0.024471195 -10.385500908 -0.915110528 0.018664252 0.402771175 464.024841309
0.409712136 0.025171196 0.911867559 149.091796875 0.009060820 0.999457598 -0.031660162 -10.416412354 -0.912169933 0.021233819 0.409261823 464.368591309
0.417122900 0.031195439 0.908314586 149.825210571 0.008532821 0.999232292 -0.038236454 -10.448025703 -0.908810079 0.023699787 0.416536510 464.707183838
0.424516380 0.031128179 0.904884994 150.557037354 0.007447738 0.999255002 -0.037868541 -10.484935760 -0.905389607 0.022815162 0.423968256 465.079559326
0.433781981 0.029435150 0.900536954 151.312789917 0.004875508 0.999374926 -0.035014287 -10.523559570 -0.901004672 0.019579142 0.433367312 465.425903320
0.442045510 0.029654255 0.896502376 152.036163330 0.002417041 0.999410391 -0.034250010 -10.563507080 -0.896989405 0.017306948 0.441713154 465.803222656
0.450560808 0.031088091 0.892204344 152.756195068 -0.000784096 0.999406874 -0.034427509 -10.604098320 -0.892745435 0.014812115 0.450317919 466.184448242
0.459012270 0.032226644 0.887845278 153.457931519 -0.001810564 0.999373734 -0.035338808 -10.638281822 -0.888428092 0.014613446 0.458783150 466.554260254
0.467638314 0.030916689 0.883379102 154.191711426 -0.002604938 0.999431968 -0.033599347 -10.680759430 -0.883916080 0.013411192 0.467453241 466.942047119
0.475620925 0.030114649 0.879134834 154.886688232 -0.004443919 0.999483347 -0.031832971 -10.721289635 -0.879639208 0.011233624 0.475508988 467.328552246
0.483821869 0.030736970 0.874626637 155.575897217 -0.006355700 0.999480128 -0.031608876 -10.758087158 -0.875143468 0.009734205 0.483765721 467.718994141
0.492383599 0.034743540 0.869684637 156.256195068 -0.007303971 0.999332726 -0.035787687 -10.797114372 -0.870347738 0.011269122 0.492308795 468.111419678
0.500588894 0.039469566 0.864784956 156.932601929 -0.007319597 0.999117374 -0.041363608 -10.837450981 -0.865654290 0.014376289 0.500435948 468.516357422
0.509069562 0.042462021 0.859677315 157.617324829 -0.007460261 0.998962522 -0.044924036 -10.881823540 -0.860692978 0.016456043 0.508858204 468.910827637
0.516620636 0.039074641 0.855322361 158.284210205 -0.008224236 0.999138474 -0.040677261 -10.916900635 -0.856174946 0.013980342 0.516496956 469.324829102
0.524570346 0.030731490 0.850812256 158.944427490 -0.008208956 0.999484420 -0.031040302 -10.951462746 -0.851327538 0.009298542 0.524552166 469.742248535
0.532465100 0.020496134 0.846203744 159.604888916 -0.006299768 0.999775052 -0.020251762 -10.990348816 -0.846428454 0.005452469 0.532474518 470.159301758
0.540304661 0.015590469 0.841325104 160.245285034 -0.004527593 0.999867737 -0.015620750 -11.022771835 -0.841457307 0.004630787 0.540303767 470.576599121
0.548445642 0.015899355 0.836035073 160.873580933 -0.003088337 0.999850929 -0.016988760 -11.047297478 -0.836180508 0.006735454 0.548412979 470.991577148
0.555792332 0.020868439 0.831059217 161.470108032 -0.004887873 0.999749601 -0.021835476 -11.073389053 -0.831306815 0.008073879 0.555755198 471.409484863
0.563531041 0.023588013 0.825758040 162.076599121 -0.005367325 0.999675691 -0.024893139 -11.097328186 -0.826077461 0.009595945 0.563474894 471.820190430
0.570449591 0.025950469 0.820922613 162.650817871 -0.006742283 0.999615014 -0.026914043 -11.122781754 -0.821304977 0.009818212 0.570404887 472.230834961
0.576317191 0.026953105 0.816781580 163.207214355 -0.009793746 0.999611974 -0.026075939 -11.150693893 -0.817167461 0.007028665 0.576357603 472.641418457
0.581152439 0.026483871 0.813363731 163.754821777 -0.011240960 0.999636233 -0.024517354 -11.180590630 -0.813717127 0.005105331 0.581238687 473.051513672
0.585961223 0.026765494 0.809896886 164.298156738 -0.012788130 0.999635339 -0.023783749 -11.212540627 -0.810238123 0.003579289 0.586089849 473.424652100
0.588366985 0.026776729 0.808150530 164.814956665 -0.013334675 0.999636948 -0.023413120 -11.235489845 -0.808484018 0.002999082 0.588510454 473.801391602
0.589294672 0.028258896 0.807423770 165.310028076 -0.015454531 0.999599516 -0.023705402 -11.271381378 -0.807770312 0.001491113 0.589495420 474.179626465
0.589158714 0.031958535 0.807385147 165.778533936 -0.016682215 0.999485612 -0.027389193 -11.292425156 -0.807845175 0.002667612 0.589388847 474.518127441
0.586570859 0.036589634 0.809071004 166.241973877 -0.020282933 0.999329269 -0.030488938 -11.326003075 -0.809643924 0.001473592 0.586919606 474.869262695
0.582578778 0.038563795 0.811858833 166.695617676 -0.021073395 0.999254644 -0.032343231 -11.348357201 -0.812501013 0.001733858 0.582957208 475.183593750
0.575741053 0.039135691 0.816695035 167.130157471 -0.022420838 0.999233902 -0.032076985 -11.369469643 -0.817324698 0.000157052 0.576177359 475.494140625
0.566460609 0.035662819 0.823316872 167.548614502 -0.023113336 0.999357700 -0.027385710 -11.390961647 -0.823764682 -0.003516668 0.566921115 475.781219482
0.555620670 0.029262580 0.830920756 167.956909180 -0.022895986 0.999539971 -0.019890744 -11.407522202 -0.831120551 -0.007973040 0.556035042 476.051025391
0.543854117 0.022656063 0.838873982 168.348007202 -0.020136166 0.999700010 -0.013945037 -11.426733971 -0.838938236 -0.009307636 0.544147134 476.293304443
0.530776024 0.017048698 0.847340703 168.709503174 -0.016068524 0.999820352 -0.010051268 -11.446955681 -0.847359836 -0.008280541 0.530954599 476.521728516
0.518479705 0.013799523 0.854978621 169.072677612 -0.010916562 0.999895096 -0.009518437 -11.469849586 -0.855020285 -0.004398311 0.518575907 476.698150635
0.503582716 0.013894601 0.863835275 169.407638550 -0.007720926 0.999903142 -0.011582219 -11.489750862 -0.863912463 -0.000837002 0.503641248 476.879943848
0.486945629 0.017420547 0.873258591 169.755599976 -0.002388170 0.999823868 -0.018613698 -11.503828049 -0.873429060 0.006978371 0.486901462 477.049804688
0.467945755 0.024783827 0.883409619 170.098220825 -0.002835382 0.999643683 -0.026542831 -11.517837524 -0.883752644 0.009915803 0.467849255 477.220031738
0.445200324 0.030537944 0.894910097 170.440429688 -0.005711918 0.999494791 -0.031265225 -11.537122726 -0.895412743 0.008807637 0.445149839 477.386596680
0.419039249 0.033638693 0.907344878 170.790405273 -0.009145075 0.999419153 -0.032828767 -11.545742035 -0.907922149 0.005458807 0.419103444 477.532470703
0.389156520 0.032443747 0.920600235 171.152648926 -0.007895300 0.999460340 -0.031885434 -11.556386948 -0.921137929 0.005140013 0.389202654 477.664367676
0.356216550 0.030804953 0.933895588 171.513061523 -0.006023199 0.999511361 -0.030671887 -11.568321228 -0.934384048 0.005300797 0.356227994 477.777465820
0.321071386 0.028214103 0.946634650 171.875930786 -0.000854406 0.999564350 -0.029501863 -11.581529617 -0.947054625 0.008663394 0.320955575 477.866119385
0.284610689 0.024668355 0.958325803 172.210937500 0.005439022 0.999611199 -0.027346410 -11.596092224 -0.958627820 0.012995436 0.284365892 477.927978516
0.246332049 0.022803286 0.968917310 172.569793701 0.009445225 0.999619186 -0.025927156 -11.616024971 -0.969139576 0.015538334 0.246022880 477.989715576
0.206539273 0.024791602 0.978124201 172.921966553 0.009366468 0.999583066 -0.027313307 -11.637947083 -0.978393495 0.014802838 0.206220925 478.032226562
0.163879037 0.029065697 0.986052275 173.277908325 0.004481802 0.999533594 -0.030207951 -11.658782005 -0.986470401 0.009369746 0.163672388 478.072631836
0.118555248 0.033930361 0.992367625 173.633087158 0.000906909 0.999411881 -0.034279563 -11.672756195 -0.992947102 0.004964011 0.118454754 478.095855713
0.071626604 0.036260862 0.996772230 174.004608154 0.002354649 0.999330044 -0.036523111 -11.687514305 -0.997428775 0.004963075 0.071493208 478.087585449
0.022321224 0.039433423 0.998972893 174.387420654 0.004003907 0.999210298 -0.039532263 -11.697916985 -0.999742866 0.004882205 0.022145689 478.069152832
-0.027455330 0.041213550 0.998773158 174.778381348 0.009398449 0.999116182 -0.040969353 -11.715415955 -0.999578953 0.008262095 -0.027818441 478.007568359
-0.080606461 0.039922468 0.995946169 175.150909424 0.010993364 0.999172390 -0.039162051 -11.726696014 -0.996685386 0.007792085 -0.080978632 477.962951660
-0.133463025 0.034714673 0.990445733 175.550079346 0.009251351 0.999386430 -0.033781420 -11.745942116 -0.991010725 0.004654394 -0.133702278 477.885864258
-0.186373115 0.029359007 0.982040346 175.962402344 0.005942727 0.999568820 -0.028755218 -11.756488800 -0.982461095 0.000476798 -0.186467171 477.783813477
-0.239951372 0.024212271 0.970483065 176.365570068 0.003605975 0.999704242 -0.024049729 -11.781582832 -0.970778346 -0.002271226 -0.239967704 477.654205322
-0.293988109 0.021267081 0.955572546 176.772338867 0.003537040 0.999769807 -0.021162536 -11.794604301 -0.955802679 -0.002841634 -0.293995619 477.489318848
-0.348606586 0.018050851 0.937095523 177.186462402 0.003540827 0.999832749 -0.017942118 -11.819691658 -0.937262654 -0.002936644 -0.348612189 477.294342041
-0.404508352 0.016429203 0.914386690 177.576904297 0.001872087 0.999851406 -0.017136607 -11.829799652 -0.914532363 -0.005220091 -0.404479027 477.099365234
-0.458840609 0.015792733 0.888378322 178.003173828 -0.000438257 0.999837875 -0.018000511 -11.835354805 -0.888518572 -0.008648701 -0.458759308 476.848144531
-0.511349797 0.015298046 0.859236717 178.438598633 -0.001692856 0.999821663 -0.018808510 -11.838027000 -0.859371185 -0.011072288 -0.511232734 476.558959961
-0.559393883 0.013806097 0.828787029 178.873291016 -0.001340653 0.999844909 -0.017560493 -11.852184296 -0.828900933 -0.010934348 -0.559288621 476.223205566
-0.602853060 0.014710694 0.797716618 179.311706543 0.001052470 0.999843776 -0.017642746 -11.851330757 -0.797851562 -0.009796411 -0.602774382 475.872131348
-0.638641119 0.015378269 0.769351304 179.747924805 0.004607826 0.999858797 -0.016160827 -11.861075401 -0.769491136 -0.006775929 -0.638621807 475.477233887
-0.667693257 0.015847465 0.744268060 180.198608398 0.006864235 0.999861956 -0.015131747 -11.869384766 -0.744405091 -0.004994532 -0.667709947 475.050079346
-0.690847993 0.015558627 0.722832978 180.664978027 0.007894549 0.999871135 -0.013976526 -11.878456116 -0.722957313 -0.003949212 -0.690881729 474.588867188
-0.709012628 0.015635323 0.705022693 181.129699707 0.009006252 0.999873400 -0.013117025 -11.889579773 -0.705138505 -0.002950523 -0.709063649 474.110229492
-0.723643780 0.016333103 0.689980686 181.599731445 0.010182603 0.999863803 -0.012989212 -11.900426865 -0.690098882 -0.002373761 -0.723711491 473.601104736
-0.735618591 0.017622728 0.677166760 182.079833984 0.011572583 0.999842584 -0.013448604 -11.906142235 -0.677297175 -0.002056474 -0.735706806 473.069335938
-0.745549798 0.018673027 0.666188240 182.577392578 0.012683893 0.999823928 -0.013829821 -11.914682388 -0.666329205 -0.001860960 -0.745655298 472.505950928
-0.754360199 0.018608462 0.656197011 183.082031250 0.012330910 0.999823451 -0.014177496 -11.926469803 -0.656345010 -0.002603431 -0.754456401 471.926208496
-0.761746407 0.019333394 0.647587061 183.581298828 0.013844179 0.999812186 -0.013564218 -11.936658859 -0.647727668 -0.001367181 -0.761870980 471.325073242
-0.767460465 0.018441020 0.640830934 184.094787598 0.014748720 0.999829531 -0.011108725 -11.957317352 -0.640926540 0.000925929 -0.767601609 470.706909180
-0.771266818 0.017823212 0.636262536 184.627258301 0.016344983 0.999832809 -0.008194562 -11.964850426 -0.636302233 0.004079507 -0.771429181 470.057830811
-0.773621321 0.017855868 0.633396864 185.174194336 0.017966837 0.999819100 -0.006241134 -11.974878311 -0.633393705 0.006551864 -0.773802161 469.399658203
-0.775381446 0.019891664 0.631179869 185.752685547 0.018576100 0.999789715 -0.008688362 -11.984044075 -0.631219983 0.004988066 -0.775587916 468.712707520
-0.776360393 0.022038447 0.629903972 186.297729492 0.017807407 0.999756515 -0.013030742 -11.993129730 -0.630037785 0.001100405 -0.776563764 468.018280029
-0.777613521 0.022804720 0.628328800 186.880187988 0.016266005 0.999737203 -0.016154060 -12.000110626 -0.628532052 -0.002341216 -0.777780056 467.306579590
-0.779130697 0.020821614 0.626516044 187.482421875 0.015850978 0.999783039 -0.013514605 -12.012696266 -0.626661539 -0.000598749 -0.779291630 466.580352783
-0.780587673 0.018404109 0.624775589 188.080749512 0.016834503 0.999822855 -0.008419100 -12.031892776 -0.624819875 0.003945941 -0.780759215 465.830657959
-0.782012582 0.017310545 0.623022199 188.706054688 0.017754629 0.999827266 -0.005494526 -12.043097496 -0.623009682 0.006764740 -0.782184839 465.042877197
-0.783141613 0.017880356 0.621586561 189.328125000 0.018539378 0.999813557 -0.005402410 -12.050560951 -0.621567249 0.007292977 -0.783327103 464.268615723
-0.783430219 0.018952759 0.621190786 189.953735352 0.019737652 0.999789476 -0.005611316 -12.063446045 -0.621166348 0.007864771 -0.783639312 463.483795166
-0.783488035 0.021413265 0.621037781 190.580627441 0.022065362 0.999734521 -0.006633463 -12.078474045 -0.621014953 0.008506184 -0.783752561 462.695037842
-0.782453775 0.024666429 0.622219980 191.191711426 0.024316613 0.999663353 -0.009050656 -12.084383011 -0.622233748 0.008048562 -0.782790184 461.897521973
-0.782202482 0.026518034 0.622459650 191.827209473 0.026034029 0.999612331 -0.009870312 -12.114455223 -0.622480035 0.008484549 -0.782589674 461.127929688
-0.781027198 0.027687265 0.623882890 192.461914062 0.026869738 0.999581456 -0.010722648 -12.131114960 -0.623918653 0.008388890 -0.781444311 460.345794678
-0.779575825 0.027648686 0.625697255 193.092529297 0.027163019 0.999577701 -0.010326681 -12.153180122 -0.625718534 0.008945395 -0.779997587 459.564239502
-0.778188348 0.028761227 0.627372384 193.728515625 0.029964138 0.999513507 -0.008654348 -12.179665565 -0.627316117 0.012063960 -0.778671503 458.765625000
-0.777215600 0.027845342 0.628618002 194.363220215 0.030290131 0.999517858 -0.006824424 -12.200926781 -0.628504932 0.013736871 -0.777684331 457.992126465
-0.776008606 0.028182209 0.630092502 195.001037598 0.030993801 0.999498248 -0.006533350 -12.221054077 -0.629960418 0.014459024 -0.776492715 457.213562012
-0.775045037 0.028330950 0.631270468 195.648193359 0.030722259 0.999502480 -0.007137538 -12.237596512 -0.631158590 0.013862140 -0.775529861 456.436279297
-0.774016619 0.028858982 0.632507324 196.285888672 0.032054912 0.999465764 -0.006375471 -12.262190819 -0.632353425 0.015340247 -0.774528146 455.655578613
-0.772935033 0.028855301 0.633828700 196.931884766 0.032238036 0.999461055 -0.006187541 -12.277060509 -0.633665621 0.015650826 -0.773448706 454.879180908
-0.771572113 0.031057512 0.635383368 197.575622559 0.033380628 0.999408126 -0.008315562 -12.302836418 -0.635265589 0.014793441 -0.772152066 454.099151611
-0.770832062 0.032515615 0.636208296 198.222900391 0.032935880 0.999395013 -0.011172317 -12.324264526 -0.636186719 0.012342099 -0.771436572 453.328002930
-0.770077109 0.032581061 0.637118518 198.869262695 0.032229617 0.999406636 -0.012152278 -12.346236229 -0.637136400 0.011175895 -0.770670295 452.553802490
-0.769564629 0.030175837 0.637855709 199.512573242 0.031232389 0.999466062 -0.009601523 -12.373941422 -0.637804806 0.012532764 -0.770096183 451.785125732
-0.769414425 0.027469018 0.638158917 200.155517578 0.029944932 0.999527574 -0.006919871 -12.392642975 -0.638047516 0.013785377 -0.769873500 451.023254395
-0.769353032 0.026503574 0.638273954 200.799438477 0.029339723 0.999550641 -0.006140097 -12.414682388 -0.638149858 0.014002879 -0.769784927 450.256317139
-0.769500136 0.026345160 0.638103306 201.458251953 0.028660621 0.999566674 -0.006706432 -12.433012009 -0.638003469 0.013127837 -0.769921780 449.480438232
-0.769789338 0.025527462 0.637787640 202.110351562 0.026474670 0.999617040 -0.008055616 -12.452512741 -0.637749016 0.010684090 -0.770170331 448.726348877
-0.769618154 0.026249291 0.637964606 202.716552734 0.027406069 0.999591827 -0.008066857 -12.490398407 -0.637915969 0.011275702 -0.770023465 447.991058350
-0.769905210 0.025889313 0.637633026 203.355163574 0.027036926 0.999602914 -0.007940559 -12.508249283 -0.637585342 0.011126158 -0.770299435 447.219116211
-0.770732403 0.025298644 0.636656761 204.005615234 0.026391838 0.999621451 -0.007771890 -12.523866653 -0.636612415 0.010812495 -0.771108270 446.449218750
-0.771183372 0.025606461 0.636097848 204.639770508 0.027041432 0.999606490 -0.007455586 -12.547381401 -0.636038423 0.011451372 -0.771572351 445.685668945
-0.771438599 0.027066233 0.635727823 205.243835449 0.029454837 0.999542892 -0.006813078 -12.572864532 -0.635621667 0.013469387 -0.771883249 444.935363770
-0.772118688 0.028367754 0.634845257 205.874267578 0.029805984 0.999520302 -0.008412124 -12.593656540 -0.634779334 0.012427029 -0.772593856 444.189392090
-0.772206664 0.028609447 0.634727061 206.495483398 0.029275592 0.999526858 -0.009435716 -12.612447739 -0.634696722 0.011295688 -0.772678852 443.442993164
-0.772122860 0.026463488 0.634922504 207.124511719 0.028507696 0.999569118 -0.006994004 -12.631960869 -0.634833992 0.012699947 -0.772544503 442.690856934
-0.771306038 0.023393579 0.636034429 207.752685547 0.027978905 0.999604464 -0.002836372 -12.644199371 -0.635849237 0.015607835 -0.771655560 441.915832520
-0.770579100 0.020692494 0.637008429 208.378417969 0.026871532 0.999638915 0.000033937 -12.658852577 -0.636777699 0.017143544 -0.770856977 441.164550781
-0.769536972 0.019944292 0.638290763 209.007141113 0.026328087 0.999653220 0.000506132 -12.677975655 -0.638059318 0.017194461 -0.769795299 440.413391113
-0.767940879 0.020978641 0.640177310 209.640991211 0.027338620 0.999626219 0.000036930 -12.692601204 -0.639937282 0.017529923 -0.768227339 439.659759521
-0.766041756 0.020883834 0.642451525 210.271423340 0.025109695 0.999681413 -0.002556001 -12.705556870 -0.642300248 0.014173758 -0.766322136 438.924987793
-0.764451504 0.022717884 0.644280910 210.918762207 0.025106600 0.999669850 -0.005459744 -12.720819473 -0.644192219 0.012001993 -0.764769435 438.176818848
-0.762672424 0.022938790 0.646378458 211.546752930 0.025579488 0.999658763 -0.005294421 -12.739740372 -0.646279335 0.012496120 -0.762998939 437.428558350
-0.761479378 0.023545668 0.647761643 212.215942383 0.026431449 0.999636769 -0.005264460 -12.743990898 -0.647650301 0.013112499 -0.761825204 436.645263672
-0.760214686 0.026370723 0.649136484 212.866210938 0.027656779 0.999583721 -0.008218081 -12.759659767 -0.649082959 0.011705518 -0.760627627 435.888000488
-0.758857369 0.030777732 0.650529623 213.512756348 0.030611934 0.999464273 -0.011576972 -12.774559021 -0.650537491 0.011128699 -0.759393096 435.126190186
-0.758294940 0.030998999 0.651174366 214.177368164 0.031957638 0.999435484 -0.010363104 -12.797620773 -0.651128054 0.012951706 -0.758857489 434.355255127
-0.758657336 0.028089331 0.650884151 214.876770020 0.028902473 0.999537587 -0.009447566 -12.815802574 -0.650848508 0.011644695 -0.759118319 433.573883057
-0.758688092 0.026671676 0.650907874 215.549987793 0.025450377 0.999612272 -0.011295666 -12.835941315 -0.650956810 0.007995963 -0.759072781 432.794860840
-0.759830475 0.024191866 0.649671376 216.249023438 0.021282667 0.999697387 -0.012334439 -12.857501030 -0.649773180 0.004454659 -0.760115385 432.008087158
-0.760892987 0.020197157 0.648562908 216.939758301 0.017854873 0.999788702 -0.010187508 -12.881457329 -0.648631632 0.003828406 -0.761092782 431.214935303
-0.761319637 0.017648716 0.648136556 217.624511719 0.016212076 0.999835074 -0.008182279 -12.896493912 -0.648174107 0.004278310 -0.761480212 430.407714844
-0.761733651 0.017772891 0.647646964 218.318237305 0.018439520 0.999813437 -0.005749396 -12.913114548 -0.647628307 0.007562790 -0.761919260 429.603149414
-0.762070060 0.018644989 0.647226274 219.015930176 0.021030419 0.999770701 -0.004038869 -12.929012299 -0.647153139 0.010533538 -0.762287378 428.792053223
-0.761999965 0.020484656 0.647253275 219.685424805 0.023720283 0.999711752 -0.003714004 -12.947415352 -0.647142768 0.012522959 -0.762266278 427.996704102
-0.761982679 0.022458488 0.647208035 220.381530762 0.026031194 0.999652982 -0.004041015 -12.971837997 -0.647074163 0.013768414 -0.762302876 427.173309326
-0.761702180 0.022692515 0.647530079 221.072326660 0.025751909 0.999657154 -0.004740244 -12.994611740 -0.647415578 0.013064479 -0.762025476 426.367889404
-0.760923743 0.023484331 0.648416281 221.764282227 0.026306629 0.999639690 -0.005333815 -13.010008812 -0.648307860 0.012999020 -0.761267424 425.566833496
-0.759859920 0.023946898 0.649645507 222.451232910 0.026501020 0.999631643 -0.005850901 -13.033531189 -0.649546325 0.012770403 -0.760214686 424.766540527
-0.758843541 0.023633512 0.650844216 223.139221191 0.025372958 0.999655485 -0.006716303 -13.055510521 -0.650778711 0.011417220 -0.759181857 423.976226807
-0.758074164 0.023958188 0.651728272 223.836242676 0.025092330 0.999656558 -0.007561610 -13.076411247 -0.651685596 0.010621118 -0.758414984 423.185791016
-0.756861091 0.023500811 0.653153121 224.536071777 0.024504188 0.999671042 -0.007573746 -13.102627754 -0.653116286 0.010272715 -0.757187963 422.387359619
-0.755659103 0.025899174 0.654452801 225.209228516 0.025682861 0.999621093 -0.009904260 -13.124192238 -0.654461324 0.009323975 -0.756037951 421.597229004
-0.754878044 0.026934557 0.655312121 225.899658203 0.024792895 0.999614120 -0.012526176 -13.149700165 -0.655396640 0.006791351 -0.755254626 420.819641113
-0.753927112 0.026495192 0.656424046 226.576660156 0.022922546 0.999638915 -0.014020978 -13.176280975 -0.656558514 0.004476117 -0.754262209 420.056457520
-0.753303051 0.025501492 0.657179058 227.235961914 0.022184821 0.999664605 -0.013361727 -13.198800087 -0.657299340 0.004513970 -0.753616095 419.299499512
-0.752722502 0.024216928 0.657892346 227.918212891 0.021973863 0.999690592 -0.011657248 -13.228397369 -0.657971084 0.005681763 -0.753021717 418.521362305
-0.752629638 0.021276845 0.658100665 228.596740723 0.019873356 0.999756455 -0.009594872 -13.255038261 -0.658144534 0.005857285 -0.752869129 417.761352539
-0.752872109 0.018268753 0.657913208 229.273864746 0.017313763 0.999818504 -0.007949968 -13.281182289 -0.657939076 0.005405646 -0.753051758 417.006896973
-0.753178716 0.018458972 0.657557189 229.918518066 0.018600779 0.999804139 -0.006760853 -13.310798645 -0.657553196 0.007138945 -0.753374577 416.269989014
-0.753806829 0.018239629 0.656843066 230.565673828 0.019830346 0.999790847 -0.005005102 -13.327890396 -0.656796932 0.009252544 -0.754010797 415.531372070
-0.754821181 0.016338296 0.655727029 231.200256348 0.019159444 0.999812365 -0.002856791 -13.347659111 -0.655650675 0.010407000 -0.754992604 414.812591553
-0.755890131 0.016100952 0.654500663 231.814086914 0.019802475 0.999802411 -0.001725403 -13.365370750 -0.654399097 0.011656517 -0.756059647 414.104553223
-0.757802367 0.016163383 0.652284026 232.433166504 0.019959684 0.999799550 -0.001586190 -13.388872147 -0.652178884 0.011817365 -0.757973075 413.398895264
-0.760421872 0.016650941 0.649215937 233.018066406 0.020082217 0.999796093 -0.002120385 -13.405113220 -0.649118900 0.011425309 -0.760601163 412.723205566
-0.763674498 0.016404603 0.645393252 233.588623047 0.019685622 0.999803960 -0.002119609 -13.427539825 -0.645301521 0.011086277 -0.763847709 412.051605225
-0.767764091 0.016911888 0.640509546 234.127685547 0.019307880 0.999808311 -0.003254831 -13.445693016 -0.640441775 0.009867939 -0.767943382 411.410278320
-0.772540927 0.018047582 0.634708405 234.651000977 0.020223595 0.999788225 -0.003813098 -13.463807106 -0.634642839 0.009890311 -0.772742271 410.770172119
-0.778891087 0.019149549 0.626867115 235.147766113 0.022321276 0.999746919 -0.002805802 -13.483598709 -0.626762211 0.011807059 -0.779121399 410.154113770
-0.786609054 0.019426003 0.617145836 235.614929199 0.022775404 0.999737620 -0.002439568 -13.501693726 -0.617031336 0.012136760 -0.786845207 409.552612305
-0.795853257 0.020006826 0.605158925 236.066467285 0.022739029 0.999736488 -0.003147311 -13.515934944 -0.605062425 0.011255928 -0.796098471 408.956359863
-0.807514906 0.019578815 0.589522123 236.482543945 0.021303549 0.999764979 -0.004022374 -13.534669876 -0.589462340 0.009310787 -0.807742238 408.386932373
-0.821237564 0.021489562 0.570181847 236.862182617 0.022012798 0.999739826 -0.005973953 -13.550796509 -0.570161879 0.007645263 -0.821496964 407.824523926
-0.837402463 0.022514591 0.546123326 237.210998535 0.022273062 0.999726951 -0.007062384 -13.567296982 -0.546133220 0.006249781 -0.837675333 407.273101807
-0.855751514 0.022781335 0.516885459 237.530029297 0.022499241 0.999723673 -0.006812499 -13.589714050 -0.516897798 0.005799725 -0.856027603 406.724761963
-0.875740647 0.023098366 0.482229412 237.812927246 0.022556258 0.999721587 -0.006923073 -13.604377747 -0.482255071 0.004814474 -0.876017809 406.177673340
-0.897340894 0.025533054 0.440598994 238.061706543 0.025033001 0.999662459 -0.006948045 -13.623921394 -0.440627694 0.004794750 -0.897677183 405.623168945
-0.919457197 0.027190693 0.392249465 238.269958496 0.026763216 0.999620259 -0.006558944 -13.633418083 -0.392278880 0.004467190 -0.919835806 405.055297852
-0.940334916 0.027407324 0.339145243 238.434295654 0.028651072 0.999588549 -0.001339993 -13.648671150 -0.339042455 0.008456832 -0.940733314 404.508666992
-0.959696531 0.026510874 0.279785782 238.571807861 0.028995162 0.999568284 0.004743353 -13.655852318 -0.279539257 0.012664611 -0.960050941 403.931610107
-0.976434708 0.026338475 0.214201406 238.665924072 0.029390411 0.999506652 0.011075210 -13.668866158 -0.213804036 0.017109681 -0.976727128 403.354553223
-0.989237189 0.027082259 0.143793434 238.708709717 0.029567657 0.999447584 0.015175407 -13.672809601 -0.143303022 0.019263709 -0.989491582 402.781188965
-0.997140169 0.028703181 0.069913730 238.718048096 0.029979365 0.999401271 0.017273150 -13.673289299 -0.069376081 0.019319717 -0.997403622 402.216918945
-0.999508977 0.031091828 -0.003918849 238.671752930 0.031012058 0.999338508 0.018993953 -13.668550491 0.004506814 0.018863091 -0.999812126 401.654968262
-0.996388435 0.032778040 -0.078332700 238.596252441 0.031193681 0.999284983 0.021365076 -13.665762901 0.078976996 0.018844426 -0.996698380 401.120574951
-0.987791419 0.034716044 -0.151866704 238.481445312 0.031435724 0.999218822 0.023948601 -13.659531593 0.152579471 0.018882176 -0.988111019 400.585754395
-0.973850608 0.038384318 -0.223924145 238.314147949 0.033211052 0.999088287 0.026824826 -13.653261185 0.224749655 0.018686613 -0.974237561 400.059020996
-0.954777479 0.041236531 -0.294448286 238.124496460 0.033859182 0.998972893 0.030111235 -13.642776489 0.295387536 0.018779747 -0.955193043 399.556701660
-0.931179285 0.043889597 -0.361910194 237.880065918 0.033967353 0.998853385 0.033736493 -13.629039764 0.362975925 0.019121589 -0.931602359 399.051239014
-0.903698087 0.048245851 -0.425443709 237.606262207 0.035282750 0.998643100 0.038302217 -13.611352921 0.426714361 0.019602813 -0.904174089 398.545989990
-0.874592423 0.049985535 -0.482275784 237.309646606 0.033278137 0.998514533 0.043142293 -13.592658043 0.483715862 0.021682674 -0.874956608 398.106933594
-0.843809843 0.052596007 -0.534058809 236.970321655 0.031694818 0.998332679 0.048241735 -13.571708679 0.535705686 0.023779951 -0.844069958 397.643218994
-0.811913610 0.053686358 -0.581304312 236.607376099 0.028914280 0.998238444 0.051807463 -13.552488327 0.583061635 0.025255173 -0.812035680 397.185913086
-0.779325485 0.054202721 -0.624270976 236.227172852 0.025776915 0.998181641 0.054488458 -13.529543877 0.626089275 0.026372455 -0.779305577 396.733032227
-0.747117519 0.053525012 -0.662533641 235.860504150 0.020914432 0.998151958 0.057054561 -13.514435768 0.664363146 0.028769936 -0.746856213 396.308837891
-0.717818618 0.054972101 -0.694056809 235.427581787 0.018911520 0.998049736 0.059490599 -13.483726501 0.695973516 0.029577777 -0.717458248 395.897613525
-0.691052794 0.055046156 -0.720705211 234.974487305 0.014250493 0.997939646 0.062556647 -13.457034111 0.722663879 0.032959543 -0.690413475 395.483032227
-0.664770246 0.054179348 -0.745081067 234.499984741 0.008580456 0.997854590 0.064904466 -13.421568871 0.746999025 0.036753401 -0.663808823 395.072418213
-0.636602759 0.053305887 -0.769347548 234.004104614 0.002350811 0.997737765 0.067185201 -13.395807266 0.771188438 0.040961687 -0.635288000 394.676818848
-0.605971336 0.049568217 -0.793940604 233.497955322 -0.006179136 0.997733295 0.067007832 -13.357965469 0.795462489 0.045510694 -0.604291439 394.262176514
-0.576537848 0.047805872 -0.815670967 232.958862305 -0.011341551 0.997722507 0.066492289 -13.320039749 0.816991985 0.047586281 -0.574682593 393.895812988
-0.546492934 0.046637986 -0.836164296 232.400604248 -0.015268200 0.997727334 0.065628201 -13.285307884 0.837324739 0.048632056 -0.544538856 393.542968750
-0.518247724 0.045397177 -0.854025066 231.818756104 -0.018241936 0.997776210 0.064108267 -13.248584747 0.855036199 0.048803017 -0.516267061 393.211547852
-0.491376996 0.045988049 -0.869732141 231.194152832 -0.017999589 0.997855484 0.062932037 -13.214237213 0.870761096 0.046578173 -0.489495516 392.900146484
-0.462573647 0.044681214 -0.885454297 230.572326660 -0.018494030 0.998025656 0.060023252 -13.163365364 0.886388004 0.044140790 -0.460834026 392.561096191
-0.436114430 0.045785811 -0.898725867 229.911651611 -0.017342683 0.998091698 0.059263714 -13.124225616 0.899724305 0.041432068 -0.434488177 392.265045166
-0.410126567 0.046047352 -0.910865545 229.231689453 -0.017124390 0.998159766 0.058170810 -13.085301399 0.911867917 0.039455406 -0.408583403 391.976623535
-0.384797454 0.046350639 -0.921836495 228.527221680 -0.014145629 0.998324871 0.056101263 -13.047503471 0.922892630 0.034627579 -0.383497119 391.702331543
-0.360277772 0.047013674 -0.931659818 227.810760498 -0.009569298 0.998490393 0.054086596 -13.005077362 0.932796180 0.028401516 -0.359284043 391.428710938
-0.336994886 0.049802646 -0.940188468 227.061309814 -0.002054085 0.998558700 0.053630833 -12.963842392 0.941504359 0.020004539 -0.336406946 391.184020996
-0.315824032 0.054374196 -0.947258711 226.288024902 0.002727317 0.998404503 0.056400746 -12.923333168 0.948814094 0.015229224 -0.315468431 390.945617676
-0.296042681 0.059382364 -0.953327060 225.481781006 0.007233983 0.998176396 0.059929602 -12.880517960 0.955147326 0.010845372 -0.295932412 390.715820312
-0.278024793 0.061358325 -0.958612382 224.656707764 0.007686027 0.998067975 0.061654616 -12.836061478 0.960543334 0.009773578 -0.277959228 390.478363037
-0.261949658 0.059447628 -0.963249087 223.826995850 0.006017114 0.998182237 0.059967246 -12.789367676 0.965063035 0.009912405 -0.261831164 390.261383057
-0.245547175 0.055361200 -0.967802525 222.977691650 0.004417528 0.998421431 0.055991895 -12.740085602 0.969374537 0.009473360 -0.245404124 390.048065186
-0.228108287 0.053157568 -0.972183704 222.116638184 0.000700847 0.998517156 0.054433007 -12.696951866 0.973635674 0.011735257 -0.227807283 389.840026855
-0.211031914 0.054085813 -0.975981712 221.225677490 -0.001824353 0.998444498 0.055725101 -12.649505615 0.977477491 0.013540310 -0.210605025 389.651672363
-0.195000052 0.056551583 -0.979171693 220.314422607 0.000137172 0.998337924 0.057631213 -12.602632523 0.980803370 0.011103770 -0.194683671 389.477050781
-0.180382013 0.056829311 -0.981953621 219.375671387 0.002858452 0.998355567 0.057253469 -12.557025909 0.983592510 0.007520628 -0.180247784 389.300323486
-0.168924689 0.053293161 -0.984187245 218.428955078 0.007407178 0.998577595 0.052801035 -12.506000519 0.985601246 0.001629344 -0.169079185 389.145812988
-0.159485579 0.047374699 -0.986063004 217.466918945 0.009349282 0.998875558 0.046478126 -12.462027550 0.987156093 -0.001806398 -0.159749150 388.997924805
-0.150430679 0.043009795 -0.987684488 216.481445312 0.012112008 0.999058425 0.041660342 -12.425321579 0.988546312 -0.005695847 -0.150810003 388.856262207
-0.143193364 0.041673426 -0.988817036 215.478393555 0.013287633 0.999103963 0.040182751 -12.386144638 0.989605606 -0.007385138 -0.143618822 388.711120605
-0.139478207 0.043539654 -0.989267468 214.458526611 0.011597292 0.999036193 0.042334478 -12.350234985 0.990157247 -0.005568092 -0.139848709 388.570373535
-0.135863423 0.046140023 -0.989652574 213.383758545 0.012145669 0.998917460 0.044904567 -12.306707382 0.990653157 -0.005919107 -0.136276722 388.432678223
-0.131498098 0.046961270 -0.990203679 212.344604492 0.014107600 0.998864770 0.045498569 -12.272603989 0.991216242 -0.007986433 -0.132011294 388.290466309
-0.128037095 0.047237862 -0.990643799 211.295806885 0.012108416 0.998865068 0.046064917 -12.230662346 0.991695464 -0.006097112 -0.128463745 388.153015137
-0.125456929 0.046703395 -0.990999281 210.236572266 0.010548975 0.998897672 0.045740172 -12.185806274 0.992043138 -0.004715609 -0.125811338 388.003234863
-0.123001337 0.046778578 -0.991303384 209.103149414 0.011546168 0.998888314 0.045703847 -12.138223648 0.992339373 -0.005824124 -0.123404741 387.886535645
-0.119919896 0.045676559 -0.991732359 208.021697998 0.011871239 0.998935580 0.044572860 -12.098207474 0.992712736 -0.006427921 -0.120334506 387.759674072
-0.116776824 0.044776533 -0.992148340 206.944885254 0.007901424 0.998993397 0.044155452 -12.064380646 0.993126810 -0.002683053 -0.117013097 387.619079590
-0.114388824 0.045195624 -0.992407620 205.846649170 0.006071420 0.998977721 0.044795029 -12.024184227 0.993417680 -0.000901277 -0.114546299 387.494689941
-0.111929655 0.046071108 -0.992647648 204.759643555 0.003925972 0.998937368 0.045920346 -11.985744476 0.993708491 0.001242739 -0.111991644 387.358154297
-0.109017253 0.045712765 -0.992988408 203.673614502 0.003266827 0.998953104 0.045628708 -11.949218750 0.994034708 0.001730387 -0.109052539 387.233703613
-0.106009960 0.045814503 -0.993309081 202.563201904 0.000682635 0.998941123 0.046001416 -11.907707214 0.994364858 0.004198539 -0.105929017 387.116699219
-0.102468133 0.046797387 -0.993634999 201.459045410 -0.001598798 0.998883724 0.047209468 -11.868937492 0.994735122 0.006426080 -0.102278829 386.990295410
-0.099965692 0.046360541 -0.993910313 200.347747803 -0.003418598 0.998892009 0.046936747 -11.827678680 0.994985104 0.008089839 -0.099696398 386.873229980
-0.098086119 0.046077184 -0.994110703 199.229339600 -0.003918656 0.998901904 0.046685904 -11.782405853 0.995170236 0.008474815 -0.097797871 386.764648438
-0.095945358 0.046704791 -0.994290471 198.110748291 -0.005005473 0.998863339 0.047402609 -11.736669540 0.995374203 0.009524941 -0.095602512 386.653076172
-0.093121529 0.049785711 -0.994409263 196.987945557 -0.006947403 0.998692274 0.050650734 -11.694466591 0.995630503 0.011625235 -0.092653871 386.530578613
-0.090417624 0.049855087 -0.994655430 195.865814209 -0.008504865 0.998671114 0.050829493 -11.651637077 0.995867789 0.013055285 -0.089873433 386.416015625
-0.087748408 0.048019078 -0.994984627 194.724548340 -0.011152642 0.998727500 0.049183272 -11.606857300 0.996080220 0.015412459 -0.087101221 386.324890137
-0.085087776 0.047273703 -0.995251417 193.605682373 -0.012285716 0.998748124 0.048490144 -11.564225197 0.996297777 0.016353287 -0.084400415 386.222808838
-0.082384109 0.048163913 -0.995436192 192.485595703 -0.014156765 0.998674154 0.049492221 -11.521289825 0.996500194 0.018169524 -0.081593037 386.122802734
-0.079440832 0.047892109 -0.995688438 191.367431641 -0.014109743 0.998691142 0.049162284 -11.479572296 0.996739686 0.017954404 -0.078661084 386.025817871
-0.077787638 0.048414327 -0.995793760 190.227996826 -0.013344164 0.998680174 0.049597062 -11.447197914 0.996880651 0.017146075 -0.077038884 385.944763184
-0.075818777 0.050425943 -0.995845914 189.110565186 -0.013904780 0.998569846 0.051622517 -11.404953003 0.997024834 0.017760960 -0.075009227 385.852172852
-0.074351788 0.051982414 -0.995876372 187.987335205 -0.015687739 0.998455942 0.053288303 -11.360153198 0.997108757 0.019585123 -0.073421478 385.767669678
-0.072650313 0.052421238 -0.995978951 186.876678467 -0.016553018 0.998416841 0.053756990 -11.312219620 0.997220159 0.020391917 -0.071667552 385.680145264
-0.070877194 0.053699169 -0.996038616 185.758209229 -0.017473174 0.998329818 0.055066071 -11.275825500 0.997332036 0.021306880 -0.069820523 385.594421387
-0.069642305 0.055403739 -0.996032357 184.654693604 -0.016740438 0.998251021 0.056697641 -11.230727196 0.997431576 0.020622568 -0.068593025 385.518066406
-0.067614317 0.057498109 -0.996053398 183.545776367 -0.015542681 0.998156190 0.058674563 -11.178078651 0.997590542 0.019448575 -0.066595912 385.436126709
-0.066301823 0.058839194 -0.996063232 182.441802979 -0.015079038 0.998086751 0.059962440 -11.128856659 0.997685671 0.018995296 -0.065287709 385.358581543
-0.064953446 0.059374198 -0.996120453 181.351104736 -0.014480875 0.998067141 0.060434483 -11.074225426 0.997783303 0.018350119 -0.063968062 385.288208008
-0.063540220 0.058285013 -0.996275902 180.253967285 -0.014610699 0.998131752 0.059325423 -11.024738312 0.997872412 0.018325830 -0.062569857 385.217407227
-0.062101007 0.056443438 -0.996472597 179.161682129 -0.015570158 0.998223364 0.057512950 -10.979843140 0.997948408 0.019086847 -0.061111808 385.147064209
-0.061657071 0.054949522 -0.996583641 178.070587158 -0.015542816 0.998309433 0.056006290 -10.931224823 0.997976363 0.018942902 -0.060698748 385.073699951
-0.061171174 0.055287331 -0.996594965 176.991119385 -0.014305316 0.998313606 0.056260742 -10.882583618 0.998024821 0.017698139 -0.060277104 385.000976562
-0.061249495 0.057214290 -0.996481299 175.908172607 -0.013057332 0.998224378 0.058116950 -10.837166786 0.998037100 0.016571023 -0.060393691 384.938964844
-0.061447620 0.058683712 -0.996383727 174.832550049 -0.011181227 0.998166978 0.059478294 -10.787882805 0.998047769 0.014795588 -0.060678840 384.876770020
-0.061265469 0.059525814 -0.996344924 173.760406494 -0.010619302 0.998124719 0.060285129 -10.741766930 0.998064995 0.014273882 -0.060518384 384.803833008
-0.061198950 0.059485167 -0.996351421 172.700012207 -0.011414235 0.998115540 0.060291588 -10.694008827 0.998060286 0.015062369 -0.060404539 384.725585938
-0.061421990 0.058780748 -0.996379554 171.629547119 -0.012480814 0.998141110 0.059654053 -10.638534546 0.998033881 0.016099697 -0.060574174 384.658508301
-0.061093569 0.058733657 -0.996402621 170.569885254 -0.013755121 0.998122871 0.059678450 -10.588184357 0.998037398 0.017351599 -0.060171008 384.584533691
-0.061066389 0.058234695 -0.996433437 169.518035889 -0.014725192 0.998135388 0.059236594 -10.536287308 0.998025060 0.018290043 -0.060095072 384.511108398
-0.060546994 0.057889212 -0.996485293 168.471313477 -0.015119973 0.998149097 0.058904570 -10.488909721 0.998050809 0.018633327 -0.059559703 384.433349609
-0.060725570 0.058328368 -0.996448815 167.425445557 -0.012578956 0.998167157 0.059195541 -10.448904037 0.998075247 0.016128965 -0.059880495 384.391662598
-0.060199380 0.058077361 -0.996495485 166.386688232 -0.012011860 0.998191535 0.058901865 -10.400952339 0.998114169 0.015515615 -0.059392929 384.321929932
-0.059790015 0.058033232 -0.996522725 165.348785400 -0.012075990 0.998193502 0.058855079 -10.360460281 0.998138070 0.015552938 -0.058981299 384.264709473
-0.058545351 0.057380553 -0.996634483 164.319793701 -0.012101077 0.998232543 0.058183424 -10.311237335 0.998211563 0.015466705 -0.057747483 384.199432373
-0.056826711 0.056333713 -0.996793449 163.282623291 -0.012492791 0.998288572 0.057130415 -10.269722939 0.998305857 0.015699266 -0.056025743 384.137268066
-0.054687619 0.053060465 -0.997092724 162.264068604 -0.012937470 0.998465598 0.053843103 -10.227539062 0.998419762 0.015844405 -0.053917289 384.074462891
-0.052265525 0.050038185 -0.997378826 161.250122070 -0.012657427 0.998630464 0.050764266 -10.186730385 0.998553038 0.015277471 -0.051560640 384.019531250
-0.049395919 0.049089167 -0.997572422 160.251403809 -0.010661102 0.998708606 0.049672984 -10.151203156 0.998722613 0.013088853 -0.048808813 383.967468262
-0.047073245 0.050023261 -0.997638106 159.260314941 -0.011179023 0.998656332 0.050601799 -10.115287781 0.998828888 0.013534609 -0.046450734 383.926666260
-0.043896317 0.051646262 -0.997700393 158.273132324 -0.008464136 0.998607814 0.052065641 -10.081751823 0.999000371 0.010730154 -0.043398142 383.875671387
-0.041188955 0.054051265 -0.997688293 157.298309326 -0.006936226 0.998496175 0.054381389 -10.046562195 0.999127328 0.009160103 -0.040752053 383.835449219
-0.037803888 0.054157089 -0.997816682 156.345184326 -0.006832321 0.998492956 0.054452654 -10.010452271 0.999261975 0.008875910 -0.037376881 383.797607422
-0.034147143 0.054409370 -0.997934639 155.402252197 -0.006444896 0.998484254 0.054659866 -9.980452538 0.999396026 0.008298062 -0.033744812 383.760070801
-0.030423641 0.053677980 -0.998094857 154.507476807 -0.006968555 0.998521328 0.053913336 -9.940986633 0.999512911 0.008595508 -0.030004621 383.732727051
-0.026580334 0.053215656 -0.998229384 153.612060547 -0.005613425 0.998558342 0.053382672 -9.909311295 0.999631107 0.007022409 -0.026243329 383.710021973
-0.024163246 0.054310828 -0.998231828 152.729095459 -0.004881780 0.998504877 0.054443859 -9.877687454 0.999696255 0.006188681 -0.023862004 383.694549561
-0.022889137 0.053264000 -0.998318255 151.873382568 -0.001556378 0.998576641 0.053313475 -9.857273102 0.999736965 0.002774052 -0.022773743 383.669860840
-0.023856997 0.051808961 -0.998372138 151.047851562 0.001499814 0.998656988 0.051787909 -9.824870110 0.999714375 -0.000261876 -0.023902655 383.658020020
-0.026573181 0.050760735 -0.998357356 150.228393555 0.004408926 0.998706162 0.050661121 -9.792868614 0.999637246 -0.003055462 -0.026762605 383.639465332
-0.029906273 0.052438952 -0.998176277 149.435119629 0.006433930 0.998612285 0.052269094 -9.765218735 0.999532044 -0.004859020 -0.030202150 383.604278564
-0.035268068 0.056018990 -0.997806728 148.655822754 0.009766178 0.998399377 0.055707082 -9.743552208 0.999330282 -0.007780086 -0.035758615 383.565612793
-0.043670297 0.057307228 -0.997400999 147.900054932 0.012974208 0.998301804 0.056790922 -9.715456963 0.998961747 -0.010460408 -0.044339657 383.540649414
-0.054710388 0.057019934 -0.996872902 147.155670166 0.015222250 0.998299778 0.056266125 -9.687416077 0.998386264 -0.012096308 -0.055485368 383.500762939
-0.066788435 0.056238353 -0.996180952 146.426635742 0.017254664 0.998326063 0.055202622 -9.663010597 0.997617960 -0.013501871 -0.067646980 383.440582275
-0.080082893 0.056852516 -0.995165706 145.736236572 0.018676175 0.998282492 0.055527672 -9.635374069 0.996613324 -0.014139074 -0.081007123 383.367980957
-0.095560193 0.058357548 -0.993711710 145.073638916 0.019935708 0.998192012 0.056703556 -9.608225822 0.995224178 -0.014391750 -0.096550822 383.296630859
-0.113468170 0.061278258 -0.991650283 144.428558350 0.021987382 0.998006642 0.059155181 -9.587680817 0.993298471 -0.015091566 -0.114589334 383.205261230
-0.136880279 0.064356387 -0.988494992 143.815948486 0.025748171 0.997781336 0.061395552 -9.564004898 0.990253031 -0.017048102 -0.138233662 383.117797852
-0.166931510 0.066532217 -0.983721256 143.231079102 0.031179274 0.997577906 0.062178459 -9.535886765 0.985475481 -0.020292172 -0.168601632 383.001861572
-0.204466105 0.068147458 -0.976498604 142.676208496 0.035639662 0.997430563 0.062145770 -9.511082649 0.978224635 -0.022095378 -0.206369400 382.869842529
-0.247620940 0.069199830 -0.966382563 142.169860840 0.038164385 0.997368574 0.061639600 -9.497401237 0.968105078 -0.021618141 -0.249610305 382.721069336
-0.296829343 0.069701396 -0.952383339 141.674285889 0.040496513 0.997354209 0.060371097 -9.473206520 0.954071462 -0.020648293 -0.298866630 382.528076172
-0.351528645 0.070250861 -0.933537543 141.195495605 0.041886967 0.997362137 0.059281044 -9.454379082 0.935239553 -0.018264072 -0.353543997 382.315948486
-0.407863021 0.070483252 -0.910318553 140.779479980 0.044342611 0.997368574 0.057355821 -9.435114861 0.911965728 -0.016972581 -0.409915090 382.074188232
-0.467678785 0.071987569 -0.880962312 140.402679443 0.048628252 0.997264028 0.055675730 -9.418684006 0.882559955 -0.016801301 -0.469899774 381.849273682
-0.528042436 0.075337403 -0.845869720 140.007598877 0.054538015 0.997009397 0.054752786 -9.404696465 0.847464979 -0.017220268 -0.530571938 381.564178467
-0.588294506 0.079219535 -0.804757237 139.621429443 0.059064373 0.996741116 0.054940969 -9.388511658 0.806487024 -0.015211022 -0.591056347 381.240112305
-0.647355914 0.079787008 -0.758000255 139.248474121 0.061013695 0.996738970 0.052809011 -9.367489815 0.759741843 -0.012062171 -0.650112987 380.888000488
-0.702811360 0.076429568 -0.707258940 138.937133789 0.059649993 0.997041881 0.048469957 -9.350713730 0.708871365 -0.008122765 -0.705291390 380.517425537
-0.753425241 0.076740287 -0.653040290 138.658477783 0.061280824 0.997038543 0.046463463 -9.338285446 0.654671907 -0.005012103 -0.755896688 380.127532959
-0.798694611 0.078257374 -0.596626043 138.413223267 0.063088872 0.996932983 0.046308100 -9.317483902 0.598420143 -0.000654433 -0.801182270 379.713439941
-0.839222312 0.080384813 -0.537814736 138.209365845 0.064255796 0.996743858 0.048712302 -9.302249908 0.539979279 0.006322727 -0.841654897 379.297332764
-0.876031637 0.079537794 -0.475649655 138.007125854 0.062147286 0.996700585 0.052207321 -9.292530060 0.478232771 0.016174922 -0.878084302 378.846527100
-0.906945467 0.074608020 -0.414588332 137.848724365 0.058227859 0.996946573 0.052029248 -9.275084496 0.417204201 0.023047103 -0.908520460 378.380462646
-0.931777954 0.071889184 -0.355839938 137.706069946 0.057452925 0.997045338 0.050987586 -9.260287285 0.358454019 0.027065059 -0.933155179 377.893768311
-0.951013565 0.069763102 -0.301175475 137.593093872 0.058172558 0.997185647 0.047294308 -9.250469208 0.303627253 0.027457373 -0.952395320 377.404998779
-0.965575099 0.067987040 -0.251083046 137.491149902 0.059273303 0.997353017 0.042114601 -9.234007835 0.253281683 0.025782285 -0.967049003 376.900360107
-0.976544261 0.062317189 -0.206101298 137.420928955 0.056256812 0.997797728 0.035141349 -9.220182419 0.207837313 0.022722483 -0.977899432 376.384246826
-0.984236836 0.055866215 -0.167800114 137.369888306 0.051793661 0.998249531 0.028552983 -9.203166962 0.169101521 0.019411914 -0.985407472 375.861999512
-0.989668250 0.045211934 -0.136060908 137.338912964 0.041966707 0.998764098 0.026627345 -9.188052177 0.137096629 0.020642212 -0.990342617 375.322540283
-0.993190169 0.041215446 -0.108971402 137.297683716 0.038472306 0.998890579 0.027157659 -9.173896790 0.109969825 0.022780335 -0.993673921 374.782714844
-0.995504022 0.041839898 -0.084979586 137.265960693 0.039452776 0.998783529 0.029579019 -9.164869308 0.086113796 0.026093347 -0.995943666 374.212310791
-0.996873140 0.046118446 -0.064168476 137.235168457 0.044145063 0.998517632 0.031839095 -9.154702187 0.065541722 0.028906809 -0.997431397 373.630920410
-0.997816801 0.046375781 -0.047023654 137.223358154 0.044893242 0.998475671 0.032108597 -9.142334938 0.048441034 0.029927449 -0.998377681 373.028808594
-0.998536706 0.043438528 -0.032214396 137.211059570 0.042506438 0.998673022 0.029075695 -9.124339104 0.033434656 0.027663825 -0.999058127 372.420288086
-0.999086618 0.037881311 -0.019780969 137.218658447 0.037361164 0.998962641 0.026034122 -9.111833572 0.020746656 0.025271298 -0.999465466 371.803497314
-0.999140978 0.040104166 -0.010456126 137.220596313 0.039850190 0.998930216 0.023460768 -9.101257324 0.011385815 0.023023933 -0.999670267 371.172027588
-0.999007225 0.044476837 -0.002571142 137.221740723 0.044408269 0.998762190 0.022405360 -9.086719513 0.003564479 0.022268932 -0.999745727 370.522247314
-0.998916149 0.046424408 0.003411274 137.218521118 0.046487551 0.998684466 0.021640278 -9.070605278 -0.002402149 0.021775402 -0.999760151 369.850067139
-0.998898625 0.046491671 0.006344606 137.225677490 0.046615515 0.998691857 0.021012796 -9.062248230 -0.005359386 0.021285409 -0.999759197 369.164672852
-0.998856306 0.047134601 0.008032023 137.245468140 0.047282100 0.998695374 0.019287309 -9.053388596 -0.007112444 0.019645019 -0.999781847 368.466918945
-0.998742461 0.048664317 0.012064868 137.258026123 0.048865326 0.998661280 0.016966626 -9.039022446 -0.011223047 0.017534841 -0.999783397 367.754364014
-0.998331785 0.055066034 0.017364223 137.261459351 0.055338077 0.998345852 0.015595742 -9.027957916 -0.016476704 0.016530626 -0.999727726 367.008392334
-0.997939229 0.059841327 0.023156017 137.277343750 0.060170278 0.998093009 0.013779166 -9.018991470 -0.022287294 0.015144075 -0.999636889 366.260925293
-0.997767448 0.060009394 0.029313786 137.305969238 0.060447041 0.998069286 0.014278301 -9.013265610 -0.028400356 0.016018353 -0.999468327 365.489837646
-0.997689128 0.058365390 0.034787752 137.350112915 0.058884531 0.998165369 0.014089409 -9.004911423 -0.033901595 0.016105309 -0.999295592 364.705108643
-0.997413278 0.058941830 0.041145857 137.387054443 0.059507791 0.998147488 0.012667329 -8.990241051 -0.040322997 0.015083059 -0.999073029 363.896728516
-0.997115374 0.059925701 0.046583634 137.400085449 0.060503546 0.998106360 0.011093776 -8.992142677 -0.045830619 0.013880248 -0.998852849 363.073425293
-0.997040272 0.058780391 0.049555816 137.453872681 0.059272435 0.998205483 0.008517422 -8.983872414 -0.048966233 0.011429505 -0.998735070 362.239654541
-0.996724248 0.061176505 0.052901786 137.501022339 0.061646987 0.998071253 0.007306485 -8.976253510 -0.052352767 0.010543784 -0.998573184 361.380554199
-0.996245146 0.066320211 0.055654947 137.549209595 0.066936851 0.997713983 0.009287726 -8.972873688 -0.054911755 0.012978218 -0.998407006 360.495117188
-0.995966554 0.067530580 0.059079673 137.598480225 0.068376966 0.997582197 0.012421438 -8.967813492 -0.058098003 0.016411023 -0.998176098 359.606414795
-0.995625138 0.070335656 0.061509028 137.653839111 0.071382403 0.997336447 0.014986498 -8.956766129 -0.060291111 0.019311598 -0.997993946 358.671386719
-0.995243669 0.072285764 0.065306135 137.705505371 0.073422931 0.997185349 0.015180791 -8.934806824 -0.064024970 0.019903554 -0.997749805 357.743133545
-0.995458722 0.067379296 0.067248806 137.783157349 0.068626121 0.997507572 0.016403237 -8.927667618 -0.065975957 0.020943766 -0.997601628 356.800659180
-0.995825648 0.059811205 0.068952255 137.872543335 0.061297044 0.997926414 0.019636346 -8.914179802 -0.067634806 0.023780940 -0.997426987 355.826019287
-0.996060848 0.053668208 0.070585765 137.951797485 0.055505134 0.998162091 0.024323974 -8.902463913 -0.069150612 0.028146032 -0.997209072 354.847198486
-0.996242285 0.049341410 0.071180239 138.027389526 0.051224083 0.998377502 0.024869930 -8.888353348 -0.069837630 0.028422620 -0.997153401 353.852661133
-0.996269107 0.050268937 0.070150249 138.107360840 0.051730361 0.998477042 0.019172784 -8.870776176 -0.069079615 0.022730149 -0.997352242 352.854339600
-0.996282220 0.050968751 0.069454789 138.191833496 0.052125201 0.998528779 0.014939876 -8.863660812 -0.068591140 0.018504677 -0.997473240 351.829986572
-0.996101260 0.054647621 0.069251515 138.250427246 0.055830639 0.998323560 0.015262743 -8.850643158 -0.068301342 0.019069595 -0.997482419 350.842102051
-0.995979309 0.056921273 0.069175683 138.322891235 0.058273993 0.998143792 0.017695095 -8.844074249 -0.068040051 0.021655090 -0.997447610 349.816070557
-0.996141791 0.054457288 0.068819687 138.392257690 0.055697907 0.998315632 0.016237319 -8.836584091 -0.067819528 0.020007782 -0.997497082 348.776519775
-0.996340513 0.051437207 0.068263859 138.473297119 0.052686125 0.998472750 0.016621817 -8.828584671 -0.067304626 0.020157546 -0.997528911 347.731719971
-0.996439219 0.049497865 0.068256989 138.553497314 0.050794646 0.998557627 0.017394621 -8.813934326 -0.067297541 0.020799771 -0.997516155 346.713043213
-0.996405363 0.049624402 0.068659641 138.631729126 0.050894629 0.998561442 0.016875342 -8.808302879 -0.067723438 0.020309083 -0.997497559 345.665008545
-0.996170044 0.053005259 0.069542110 138.706054688 0.054063875 0.998447180 0.013428501 -8.801514626 -0.068722345 0.017136782 -0.997488737 344.602783203
-0.995933175 0.056298528 0.070340112 138.795700073 0.057229493 0.998297215 0.011289193 -8.794593811 -0.069584772 0.015268811 -0.997459292 343.543640137
-0.995641828 0.058164459 0.072899178 138.860382080 0.059077997 0.998198807 0.010436715 -8.799462318 -0.072160825 0.014697966 -0.997284770 342.478240967
-0.995558619 0.057198774 0.074777544 138.941131592 0.058039542 0.998272657 0.009117533 -8.791410446 -0.074126862 0.013417092 -0.997158647 341.407379150
-0.995625973 0.054073211 0.076192245 139.030288696 0.055263292 0.998379230 0.013597025 -8.794948578 -0.075333521 0.017748183 -0.997000456 340.340972900
-0.995745659 0.051607233 0.076336913 139.120315552 0.053054016 0.998446167 0.017046275 -8.794799805 -0.075338580 0.021023734 -0.996936440 339.281646729
-0.995873332 0.050098095 0.075677976 139.213165283 0.051343229 0.998574376 0.014596870 -8.795108795 -0.074838817 0.018422181 -0.997025728 338.218078613
-0.995885015 0.050504647 0.075249255 139.292404175 0.051461458 0.998616278 0.010829705 -8.789407730 -0.074598178 0.014657577 -0.997105956 337.165618896
-0.995689631 0.054486360 0.075056143 139.370468140 0.055408735 0.998411059 0.010260579 -8.785824776 -0.074377820 0.014375118 -0.997126460 336.106140137
-0.995473504 0.059293862 0.074275643 139.448257446 0.060687568 0.998017967 0.016647717 -8.783679962 -0.073141322 0.021079967 -0.997098804 335.045623779
-0.995475888 0.059922084 0.073737033 139.522781372 0.061729208 0.997839868 0.022475682 -8.776515007 -0.072230965 0.026925728 -0.997024417 333.981872559
-0.995651841 0.058144953 0.072781906 139.607101440 0.059949595 0.997939646 0.022859428 -8.768749237 -0.071302794 0.027123269 -0.997086167 332.920928955
-0.995812893 0.056473661 0.071883619 139.687530518 0.057939839 0.998149097 0.018475812 -8.755411148 -0.070707172 0.022563379 -0.997241855 331.864532471
-0.996137261 0.052314501 0.070527278 139.776168823 0.053504188 0.998453677 0.015084950 -8.752693176 -0.069629058 0.018800182 -0.997395992 330.799560547
-0.996399403 0.049278308 0.068994679 139.855224609 0.050420281 0.998616815 0.014908092 -8.752920151 -0.068164602 0.018333143 -0.997505784 329.760498047
-0.996487856 0.048273303 0.068424776 139.934219360 0.049759112 0.998557389 0.020178072 -8.744820595 -0.067352004 0.023511957 -0.997452378 328.701538086
-0.996606231 0.045739826 0.068443477 140.010192871 0.047485564 0.998581171 0.024099734 -8.738327980 -0.067244053 0.027268015 -0.997364163 327.634094238
-0.996689320 0.045415025 0.067438394 140.087219238 0.046967108 0.998662651 0.021609724 -8.721195221 -0.066366799 0.024705566 -0.997489452 326.587249756
-0.996601105 0.047955595 0.066985764 140.162033081 0.049217917 0.998637855 0.017322216 -8.705890656 -0.066063821 0.020560235 -0.997603893 325.518341064
-0.996538758 0.050221477 0.066244081 140.234954834 0.051384944 0.998551130 0.015976993 -8.695951462 -0.065345712 0.019325642 -0.997675538 324.461090088
-0.996553183 0.050361473 0.065919898 140.309967041 0.051800046 0.998451173 0.020297812 -8.684483528 -0.064795569 0.023642505 -0.997618437 323.380157471
-0.996413708 0.052677196 0.066217668 140.372070312 0.054464508 0.998190522 0.025481239 -8.678932190 -0.064755566 0.028996371 -0.997479796 322.299102783
-0.996257782 0.055638958 0.066144504 140.445220947 0.057432648 0.998022854 0.025531415 -8.660076141 -0.064593181 0.029234719 -0.997483492 321.208618164
-0.996035933 0.060411271 0.065290272 140.519409180 0.062035467 0.997805655 0.023140533 -8.638008118 -0.063749053 0.027099116 -0.997597933 320.117156982
-0.995934844 0.062522195 0.064847723 140.599548340 0.064199530 0.997645795 0.024110848 -8.621934891 -0.063187592 0.028176019 -0.997604132 319.029663086
-0.995806217 0.064518295 0.064864367 140.661285400 0.066299997 0.997468710 0.025699183 -8.607399940 -0.063042112 0.029891912 -0.997563124 317.918090820
-0.995621681 0.066848867 0.065338030 140.729080200 0.068620048 0.997323334 0.025248114 -8.585614204 -0.063475333 0.029621065 -0.997543931 316.801910400
-0.995439410 0.068722576 0.066164501 140.802062988 0.070251524 0.997306883 0.021063166 -8.566514015 -0.064538799 0.025615262 -0.997586489 315.685852051
-0.995319724 0.071135379 0.065411650 140.882568359 0.072402485 0.997227073 0.017206106 -8.558981895 -0.064006306 0.021861542 -0.997710228 314.595062256
-0.995375872 0.070254661 0.065508448 140.966278076 0.071401723 0.997329772 0.015333516 -8.550776482 -0.064256273 0.019940026 -0.997734308 313.475708008
-0.995587826 0.067317598 0.065375701 141.057296753 0.068559848 0.997503102 0.016945420 -8.540454865 -0.064071737 0.021352796 -0.997717142 312.336486816
-0.995459437 0.067981169 0.066627994 141.114791870 0.069521338 0.997357845 0.021073814 -8.529308319 -0.065019324 0.025610194 -0.997555375 311.189636230
-0.995576501 0.066070408 0.066800751 141.197875977 0.067827955 0.997398853 0.024391353 -8.511201859 -0.065015443 0.028814413 -0.997468352 310.041137695
-0.995603800 0.066429004 0.066032521 141.283767700 0.068394765 0.997266293 0.027966265 -8.491668701 -0.063994236 0.032359596 -0.997425556 308.898223877
-0.995641232 0.067126475 0.064749688 141.368682861 0.069195323 0.997144282 0.030253952 -8.471910477 -0.062533937 0.034602460 -0.997442842 307.729736328
-0.995611072 0.068166539 0.064126797 141.437850952 0.070005760 0.997184277 0.026882719 -8.449301720 -0.062113736 0.031253975 -0.997579694 306.573211670
-0.995701313 0.068331353 0.062528290 141.522369385 0.069858052 0.997301757 0.022562172 -8.432950974 -0.060817868 0.026833288 -0.997788191 305.421081543
-0.995648980 0.068907723 0.062731713 141.594284058 0.070432097 0.997264624 0.022419177 -8.412699699 -0.061015263 0.026739951 -0.997778773 304.252258301
-0.995666504 0.069126353 0.062212620 141.679901123 0.070705160 0.997219443 0.023541786 -8.399453163 -0.060412273 0.027838513 -0.997785568 303.081817627
-0.995671630 0.068522930 0.062793724 141.750305176 0.069909811 0.997349620 0.020159397 -8.384079933 -0.061245915 0.024462033 -0.997823119 301.897583008
-0.995586157 0.069059126 0.063556656 141.829589844 0.070203416 0.997405231 0.015948059 -8.369779587 -0.062290382 0.020339558 -0.997851014 300.722412109
-0.995428801 0.070153870 0.064810976 141.905700684 0.071223684 0.997357249 0.014343545 -8.363790512 -0.063633442 0.018894050 -0.997794747 299.544860840
-0.995366931 0.070530161 0.065348968 141.981185913 0.071759865 0.997282743 0.016662300 -8.362434387 -0.063996203 0.021274533 -0.997723460 298.369598389
-0.995347857 0.069518939 0.066709772 142.067871094 0.071037471 0.997259557 0.020665014 -8.356139183 -0.065090351 0.025307765 -0.997558594 297.189300537
-0.995217204 0.069349192 0.068801418 142.153167725 0.071202330 0.997152150 0.024855204 -8.349933624 -0.066881791 0.029635143 -0.997320890 296.006866455
-0.995266438 0.067239933 0.070170492 142.232681274 0.069018118 0.997344911 0.023229117 -8.342876434 -0.068422265 0.027962191 -0.997264743 294.836822510
-0.995319843 0.066512294 0.070104420 142.325256348 0.067641236 0.997613549 0.013852044 -8.331399918 -0.069015794 0.018529164 -0.997443557 293.676757812
-0.995446801 0.063625999 0.070976213 142.420608521 0.064140595 0.997928381 0.004992478 -8.333304405 -0.070511527 0.009522201 -0.997465730 292.527221680
-0.995299935 0.064074464 0.072613664 142.496551514 0.064587317 0.997900844 0.004734452 -8.336865425 -0.072157882 0.009402121 -0.997349024 291.366577148
-0.995219231 0.063350238 0.074333653 142.590530396 0.064307310 0.997874379 0.010550898 -8.345994949 -0.073507242 0.015280654 -0.997177720 290.214660645
-0.995053530 0.064998761 0.075125918 142.674011230 0.066420674 0.997653902 0.016583605 -8.342086792 -0.073871747 0.021491485 -0.997036338 289.038574219
-0.995044708 0.063844830 0.076223999 142.763198853 0.065708905 0.997591853 0.022200434 -8.328630447 -0.074623063 0.027099015 -0.996843696 287.877471924
-0.995047927 0.063997462 0.076054081 142.859115601 0.066072479 0.997499466 0.025085317 -8.322512627 -0.074258506 0.029986171 -0.996788144 286.722045898
-0.995171428 0.063000172 0.075267427 142.958694458 0.064945325 0.997607827 0.023678973 -8.303667068 -0.073595591 0.028452899 -0.996882439 285.569030762
-0.995273352 0.062902987 0.073988713 143.052093506 0.064853400 0.997599900 0.024258368 -8.294709206 -0.072285205 0.028942123 -0.996964097 284.405975342
-0.995286107 0.063316144 0.073462501 143.130157471 0.065260909 0.997570395 0.024379341 -8.277936935 -0.071740411 0.029058648 -0.996999979 283.268768311
-0.995261669 0.064654432 0.072622053 143.216217041 0.066182517 0.997629762 0.018833611 -8.267209053 -0.071232244 0.023550682 -0.997181773 282.122894287
-0.995408416 0.063754395 0.071398802 143.307739258 0.064577326 0.997869611 0.009275178 -8.261709213 -0.070655361 0.013843332 -0.997404814 280.975097656
-0.995513201 0.062827736 0.070756420 143.389373779 0.063471839 0.997959852 0.006889584 -8.266208649 -0.070179209 0.011349711 -0.997469902 279.828430176
-0.995726705 0.059758425 0.070408896 143.477432251 0.060759574 0.998078346 0.012162300 -8.271028519 -0.069546796 0.016388340 -0.997444153 278.687774658
-0.996196985 0.051948015 0.069950402 143.572113037 0.053511444 0.998353422 0.020664103 -8.268947601 -0.068761766 0.024328664 -0.997336507 277.537902832
-0.996465445 0.048367407 0.068682648 143.662597656 0.050534140 0.998266637 0.030167088 -8.250651360 -0.067104496 0.033531278 -0.997182369 276.385681152
-0.996442556 0.049610689 0.068124652 143.736694336 0.052165456 0.997980356 0.036248107 -8.230447769 -0.066188768 0.039672907 -0.997018099 275.243469238
-0.996647239 0.047039408 0.066947848 143.828994751 0.049535874 0.998118639 0.036130652 -8.206892014 -0.065122329 0.039325826 -0.997102380 274.124023438
-0.996295691 0.054873195 0.066210859 143.889785767 0.056726228 0.998039663 0.026437869 -8.189819336 -0.064630330 0.030095829 -0.997455359 273.012390137
-0.995824814 0.064317696 0.064783178 143.958190918 0.065100528 0.997828186 0.010044212 -8.179385185 -0.063996457 0.014219690 -0.997849107 271.910278320
-0.995736718 0.065541886 0.064905308 144.026031494 0.065902956 0.997820139 0.003435383 -8.178890228 -0.064538665 0.007698189 -0.997885585 270.786254883
-0.995664477 0.066249199 0.065295108 144.104431152 0.067087777 0.997689366 0.010732744 -8.184532166 -0.064433202 0.015066715 -0.997808456 269.669494629
-0.995632887 0.065477088 0.066543728 144.181564331 0.067147076 0.997473896 0.023174951 -8.181818962 -0.064858206 0.027541960 -0.997514486 268.542877197
-0.995755792 0.063328765 0.066783726 144.262496948 0.065592147 0.997324944 0.032259423 -8.168808937 -0.064562127 0.036502991 -0.997245908 267.423675537
-0.995867610 0.061182965 0.067113616 144.339202881 0.063889869 0.997196376 0.038955230 -8.143340111 -0.064542055 0.043082137 -0.996984482 266.291687012
-0.995984316 0.058401145 0.067858770 144.422348022 0.061433755 0.997162998 0.043496028 -8.116402626 -0.065126039 0.047490172 -0.996746421 265.182525635
-0.996177316 0.055269744 0.067648567 144.508728027 0.058123332 0.997468531 0.040966257 -8.094136238 -0.065213121 0.044741608 -0.996868014 264.123931885
-0.996341467 0.052508753 0.067433119 144.590911865 0.054850195 0.997937381 0.033352431 -8.071842194 -0.065542743 0.036929119 -0.997166514 263.031066895
-0.996336222 0.053192921 0.066973567 144.659255981 0.054999106 0.998162806 0.025418708 -8.051890373 -0.065498427 0.029009053 -0.997431278 261.952270508
-0.996450067 0.053503189 0.065001637 144.742828369 0.054859798 0.998308182 0.019266678 -8.040628433 -0.063860834 0.022764252 -0.997699380 260.871520996
-0.996600986 0.053383175 0.062745005 144.800064087 0.054328214 0.998432517 0.013452059 -8.032293320 -0.061928540 0.016815158 -0.997939110 259.796325684
-0.996623993 0.055233020 0.060749047 144.867340088 0.056082558 0.998349547 0.012368066 -8.029877663 -0.059965659 0.015733270 -0.998076797 258.728027344
-0.996677041 0.055529196 0.059595209 144.926818848 0.056664828 0.998239219 0.017536726 -8.025147438 -0.058516476 0.020855401 -0.998068690 257.659454346
-0.996810079 0.054507334 0.058300547 145.004364014 0.056196209 0.998034537 0.027731063 -8.020348549 -0.056674413 0.030918868 -0.997914076 256.578125000
-0.996972561 0.050083537 0.059477460 145.064025879 0.052337829 0.997944951 0.036967926 -8.002695084 -0.057503745 0.039968923 -0.997544885 255.522827148
-0.997200370 0.044787012 0.059879582 145.139648438 0.047228783 0.998082757 0.040003851 -7.976493835 -0.057973124 0.042719893 -0.997403622 254.479049683
-0.997364044 0.039205704 0.061060544 145.212127686 0.041522752 0.998446584 0.037151486 -7.961508274 -0.059509143 0.039588951 -0.997442603 253.447463989
-0.997410059 0.037181694 0.061571158 145.282241821 0.039075170 0.998790622 0.029839151 -7.948356628 -0.060387228 0.032167766 -0.997656703 252.445861816
-0.997233510 0.040074188 0.062609032 145.350463867 0.041418996 0.998934984 0.020330779 -7.937546253 -0.061727613 0.022867732 -0.997831225 251.453552246
-0.996943474 0.043707605 0.064759366 145.413070679 0.044780511 0.998881042 0.015209126 -7.934859276 -0.064022146 0.018062593 -0.997785211 250.470001221
-0.996632338 0.047554698 0.066803358 145.476715088 0.048606019 0.998717070 0.014200426 -7.931425095 -0.066042356 0.017399648 -0.997665167 249.489883423
-0.996345162 0.050527867 0.068875976 145.541809082 0.052024465 0.998443305 0.020109959 -7.931054592 -0.067752644 0.023619689 -0.997422814 248.534317017
-0.996002555 0.054007411 0.071153633 145.603668213 0.055899784 0.998126447 0.024876960 -7.933274746 -0.069676779 0.028754979 -0.997155428 247.585601807
-0.995907903 0.054764085 0.071891591 145.670410156 0.056519337 0.998145461 0.022610828 -7.928667545 -0.070520006 0.026581567 -0.997156143 246.681625366
-0.995806098 0.055278439 0.072902642 145.736816406 0.056591559 0.998268068 0.016069490 -7.926891804 -0.071888082 0.020127770 -0.997209668 245.796157837
-0.995689511 0.056563415 0.073503457 145.802719116 0.057573847 0.998272717 0.011699680 -7.918118000 -0.072714716 0.015881127 -0.997226238 244.920806885
-0.995868683 0.052512929 0.074084885 145.888122559 0.053497642 0.998503268 0.011369154 -7.930109978 -0.073376976 0.015285548 -0.997187376 244.055557251
-0.995837331 0.050932940 0.075592257 145.947463989 0.051956009 0.998581648 0.011628451 -7.928094864 -0.074892774 0.015507516 -0.997071147 243.196640015
-0.995726466 0.051159699 0.076890104 146.013351440 0.052167010 0.998576164 0.011148382 -7.930469513 -0.076210275 0.015111862 -0.996977448 242.366210938
-0.995859861 0.046270862 0.078248784 146.088012695 0.047436208 0.998788357 0.013099205 -7.932742119 -0.077547863 0.016756792 -0.996848106 241.554687500
-0.996012688 0.038624704 0.080417693 146.161026001 0.040174849 0.999035060 0.017747674 -7.933187962 -0.079654597 0.020907678 -0.996603370 240.755279541
-0.995938659 0.035407417 0.082782753 146.231124878 0.037661128 0.998956859 0.025822753 -7.928178310 -0.081782080 0.028835563 -0.996233225 239.955276489
-0.995685101 0.035764404 0.085629798 146.297561646 0.038368769 0.998843789 0.028963689 -7.926945210 -0.084494926 0.032124218 -0.995906234 239.200561523
-0.995541096 0.035653703 0.087333120 146.365905762 0.038112730 0.998917937 0.026652630 -7.924212933 -0.086288355 0.029862288 -0.995822787 238.473770142
-0.995340466 0.034628715 0.089992084 146.431579590 0.036768790 0.999076486 0.022232208 -7.924121857 -0.089139096 0.025437512 -0.995694399 237.771041870
-0.995033860 0.037193194 0.092328854 146.497161865 0.039026201 0.999073744 0.018126966 -7.918105602 -0.091569141 0.021640187 -0.995563626 237.098297119
-0.994797826 0.035269514 0.095569953 146.561569214 0.037403993 0.999087155 0.020635046 -7.916923523 -0.094754927 0.024102394 -0.995208979 236.442031860
-0.994747162 0.033876829 0.096595272 146.628219604 0.036630116 0.998967469 0.026873436 -7.920621872 -0.095585153 0.030270565 -0.994961023 235.807373047
-0.994989157 0.026343936 0.096453004 146.700881958 0.029417230 0.999099314 0.030580768 -7.914599419 -0.095560513 0.033264905 -0.994867921 235.204071045
-0.995158315 0.024186358 0.095264971 146.758636475 0.027359713 0.999108613 0.032146569 -7.915454865 -0.094402544 0.034597341 -0.994933009 234.618759155
-0.995514631 0.020698501 0.092318356 146.815841675 0.023847153 0.999166369 0.033134691 -7.910355091 -0.091555558 0.035187595 -0.995178342 234.053390503
-0.996101856 0.019828975 0.085956007 146.869110107 0.022614062 0.999246359 0.031549547 -7.893416405 -0.085265629 0.033370364 -0.995799541 233.478500366
-0.996833324 0.017764928 0.077510193 146.914230347 0.020034147 0.999390244 0.028597657 -7.885416985 -0.076954894 0.030059945 -0.996581435 232.962631226
-0.997671008 0.014591513 0.066630304 146.954605103 0.016337367 0.999535322 0.025732793 -7.885515213 -0.066223860 0.026761428 -0.997445822 232.450714111
-0.998636484 0.011371489 0.050953127 146.982299805 0.012670211 0.999601185 0.025238484 -7.876766205 -0.050645806 0.025849652 -0.998382330 231.951049805
-0.999441147 0.010993484 0.031569514 146.988327026 0.011828780 0.999581575 0.026395226 -7.869925022 -0.031266131 0.026753901 -0.999153018 231.462860107
-0.999845624 0.015817715 0.007700454 146.972976685 0.016029397 0.999472320 0.028251452 -7.861875057 -0.007249518 0.028370513 -0.999571562 230.995880127
-0.999542356 0.022097342 -0.020657305 146.943252563 0.021511421 0.999371707 0.028168332 -7.852354050 0.021266771 0.027711075 -0.999389648 230.548614502
-0.998313665 0.024122665 -0.052801017 146.892120361 0.022719210 0.999376655 0.027020907 -7.851101398 0.053419922 0.025775744 -0.998239398 230.108764648
-0.995540023 0.024624065 -0.091069669 146.844329834 0.022257350 0.999389946 0.026913021 -7.849821091 0.091676824 0.024766020 -0.995480776 229.669921875
-0.991168976 0.026325379 -0.129966140 146.768218994 0.022800971 0.999332786 0.028532069 -7.848100185 0.130630538 0.025316745 -0.991107821 229.262573242
-0.984880805 0.033224724 -0.170018092 146.664718628 0.028718840 0.999169827 0.028894048 -7.838359833 0.170836940 0.023574468 -0.985017419 228.844879150
-0.976645947 0.040096100 -0.211081013 146.542327881 0.034840215 0.998984694 0.028561719 -7.833118439 0.212011918 0.020540576 -0.977051377 228.429046631
-0.966262341 0.047048725 -0.253227025 146.401580811 0.041428559 0.998763382 0.027484011 -7.813984871 0.254206985 0.016065929 -0.967016578 228.038177490
-0.953910351 0.050801724 -0.295760393 146.245269775 0.043993235 0.998592198 0.029634142 -7.813933849 0.296849489 0.015256861 -0.954802394 227.651184082
-0.939743161 0.051811129 -0.337933093 146.090896606 0.043374173 0.998530924 0.032475192 -7.807316780 0.339119226 0.015860764 -0.940609932 227.280181885
-0.923868775 0.057123631 -0.378422350 145.876556396 0.046640083 0.998232961 0.036819655 -7.791828156 0.379856914 0.016366879 -0.924900532 226.903442383
-0.904010773 0.060365237 -0.423226386 145.670471191 0.047432296 0.998031199 0.041034970 -7.777791023 0.424870223 0.017021457 -0.905094266 226.541809082
-0.879670858 0.062406078 -0.471471220 145.448440552 0.047666095 0.997930646 0.043155286 -7.761930466 0.473188728 0.015489249 -0.880825162 226.183166504
-0.853106976 0.064344756 -0.517753422 145.192276001 0.047687504 0.997828543 0.045431864 -7.736918449 0.519552469 0.014067864 -0.854323030 225.840454102
-0.823467255 0.067377187 -0.563349128 144.921188354 0.046808369 0.997606575 0.050893433 -7.731795311 0.565429807 0.015539618 -0.824650168 225.513824463
-0.790186286 0.066938147 -0.609200239 144.624084473 0.042570699 0.997611403 0.054398332 -7.715361595 0.611386418 0.017050739 -0.791148424 225.173080444
-0.753934860 0.067008927 -0.653523088 144.293762207 0.039661787 0.997612536 0.056534428 -7.692369938 0.655751169 0.016703371 -0.754792571 224.847015381
-0.714446545 0.062449709 -0.696897805 143.951080322 0.032922462 0.997906208 0.055671897 -7.668414116 0.698915303 0.016830994 -0.715006590 224.529052734
-0.672732711 0.059103820 -0.737521291 143.566253662 0.029961316 0.998162806 0.052661918 -7.643151283 0.739278853 0.013330282 -0.673267603 224.221496582
-0.630042791 0.054800857 -0.774624348 143.182907104 0.026166743 0.998438656 0.049351823 -7.627827168 0.776119351 0.010824368 -0.630493045 223.948669434
-0.586142659 0.050786760 -0.808614671 142.761230469 0.022999253 0.998674214 0.046052329 -7.602858543 0.809881449 0.008395698 -0.586533666 223.675262451
-0.541433334 0.049178448 -0.839304149 142.330581665 0.021329554 0.998769939 0.044762589 -7.581658363 0.840473115 0.006333971 -0.541816354 223.434906006
-0.496085525 0.048834406 -0.866899371 141.868484497 0.016912609 0.998771131 0.046584759 -7.560330868 0.868109047 0.008448492 -0.496301770 223.199172974
-0.451620340 0.050318465 -0.890790224 141.377929688 0.013322068 0.998677373 0.049658604 -7.537841797 0.892110825 0.010559665 -0.451693416 222.980865479
-0.407447934 0.052431211 -0.911722124 140.870330811 0.012941569 0.998581767 0.051642749 -7.506573200 0.913136780 0.009242616 -0.407548666 222.783996582
-0.364000916 0.054702822 -0.929790735 140.343948364 0.014200781 0.998483717 0.053184845 -7.475576878 0.931290269 0.006155580 -0.364225745 222.607086182
-0.321503282 0.056200005 -0.945239305 139.799316406 0.011870689 0.998397946 0.055323038 -7.451011658 0.946834147 0.006565889 -0.321655273 222.445739746
-0.283446431 0.053046007 -0.957519948 139.247039795 0.006282643 0.998550296 0.053459272 -7.428141594 0.958967626 0.009137081 -0.283368826 222.301559448
-0.248690605 0.048351888 -0.967375338 138.680664062 0.004501304 0.998800099 0.048765395 -7.399416447 0.968572497 0.007773046 -0.248609900 222.170837402
-0.217699051 0.045099568 -0.974973440 138.097671509 0.006708967 0.998977423 0.044711899 -7.372727394 0.975992918 0.003192673 -0.217778921 222.062973022
-0.190554023 0.043764364 -0.980700672 137.494018555 0.011787945 0.999035716 0.042292133 -7.347691536 0.981605887 -0.003501510 -0.190886259 221.967605591
-0.166887999 0.044272438 -0.984981418 136.854324341 0.015205784 0.998988152 0.042325649 -7.312826157 0.985858619 -0.007913774 -0.167392254 221.884918213
-0.145709395 0.046109337 -0.988252461 136.244171143 0.019284723 0.998855889 0.043760706 -7.297303677 0.989139616 -0.012681835 -0.146431923 221.806274414
-0.127641082 0.045027453 -0.990797818 135.570632935 0.017534036 0.998915255 0.043137506 -7.267705917 0.991665423 -0.011866567 -0.128292084 221.719787598
-0.112615824 0.045617677 -0.992591023 134.890655518 0.019415356 0.998855889 0.043702811 -7.235567093 0.993449032 -0.014349885 -0.113372684 221.654083252
-0.100610614 0.047407724 -0.993795872 134.191406250 0.021085240 0.998741388 0.045509007 -7.205733299 0.994702518 -0.016375739 -0.101483583 221.591217041
-0.090640426 0.050426960 -0.994606316 133.468780518 0.025159620 0.998514414 0.048332267 -7.170476437 0.995565951 -0.020643063 -0.091774583 221.532135010
-0.082840443 0.052358858 -0.995186567 132.712829590 0.025516057 0.998402894 0.050404102 -7.136454105 0.996236265 -0.021217743 -0.084044099 221.475463867
-0.075312018 0.051444039 -0.995832264 131.940887451 0.023072889 0.998490870 0.049836453 -7.103052616 0.996893167 -0.019223452 -0.076385379 221.409454346
-0.067546248 0.047292642 -0.996594667 131.159774780 0.025032451 0.998641849 0.045693167 -7.064141750 0.997402072 -0.021860806 -0.068638325 221.359466553
-0.060043454 0.042786088 -0.997278571 130.342346191 0.029802272 0.998712420 0.041053303 -7.025894165 0.997750998 -0.027256189 -0.061241269 221.320770264
-0.053276181 0.035321549 -0.997954965 129.517471313 0.030665962 0.998960733 0.033720039 -6.991348743 0.998108864 -0.028806774 -0.054304004 221.276016235
-0.049409866 0.030870177 -0.998301566 128.659667969 0.035151511 0.998956740 0.029150659 -6.966426373 0.998160005 -0.033651475 -0.050443530 221.242584229
-0.047569633 0.029209360 -0.998440802 127.786346436 0.038751356 0.998873830 0.027375767 -6.936768055 0.998116016 -0.037388682 -0.048647881 221.212646484
-0.045776606 0.032592744 -0.998419881 126.887252808 0.038743548 0.998773515 0.030827934 -6.907331467 0.998200178 -0.037271131 -0.046983242 221.171005249
-0.045114517 0.039239518 -0.998210847 125.954879761 0.035222024 0.998669446 0.037665673 -6.880345345 0.998360693 -0.033459734 -0.046436667 221.118164062
-0.045337796 0.048706595 -0.997783601 125.004257202 0.033231612 0.998331428 0.047223344 -6.839812756 0.998418808 -0.031016957 -0.046880722 221.062652588
-0.046020746 0.055057131 -0.997422218 124.047576904 0.030122763 0.998102427 0.053704832 -6.804087639 0.998486340 -0.027573574 -0.047591925 221.012725830
-0.045874000 0.053554699 -0.997510731 123.089370728 0.029849872 0.998189449 0.052218392 -6.769492149 0.998501241 -0.027380100 -0.047389627 220.970520020
-0.045926809 0.044307075 -0.997961879 122.128845215 0.032442942 0.998555064 0.042840376 -6.723617077 0.998417974 -0.030409303 -0.047297835 220.923385620
-0.046113253 0.038796593 -0.998182535 121.145706177 0.034018259 0.998726904 0.037246201 -6.686073780 0.998356819 -0.032238889 -0.047374368 220.874206543
-0.046524048 0.037630398 -0.998208165 120.140808105 0.037143979 0.998664260 0.035916410 -6.651103020 0.998226345 -0.035406452 -0.047859550 220.847488403
-0.046884775 0.042126689 -0.998011649 119.167785645 0.039748866 0.998397648 0.040275652 -6.635443687 0.998109162 -0.037781514 -0.048484206 220.796920776
-0.048065305 0.044046767 -0.997872531 118.169235229 0.038971782 0.998349190 0.042190623 -6.599942207 0.998083591 -0.036860965 -0.049702525 220.741760254
-0.050241947 0.049892552 -0.997490227 117.174545288 0.040960863 0.998014033 0.047855638 -6.563817024 0.997896910 -0.038453709 -0.052185774 220.687957764
-0.053910255 0.056455530 -0.996948659 116.164627075 0.042178459 0.997638106 0.054213766 -6.529135704 0.997654617 -0.039127082 -0.056164145 220.633621216
-0.057108641 0.059946980 -0.996566713 115.168228149 0.039657567 0.997544050 0.057733189 -6.488651276 0.997580111 -0.036224347 -0.059345722 220.562225342
-0.060297608 0.053770430 -0.996731162 114.171356201 0.039193377 0.997905552 0.051462766 -6.449319839 0.997410715 -0.035962176 -0.062278748 220.494445801
-0.064306974 0.047648739 -0.996792078 113.183517456 0.039878372 0.998184264 0.045142595 -6.404060364 0.997133195 -0.036847468 -0.066090345 220.431610107
-0.067015171 0.044836652 -0.996744037 112.191894531 0.040006835 0.998307168 0.042217150 -6.368917465 0.996949553 -0.037047390 -0.068695426 220.354217529
-0.069927454 0.049557973 -0.996320426 111.170440674 0.043120969 0.997981787 0.046614151 -6.332137108 0.996619761 -0.039702699 -0.071923256 220.291076660
-0.072136641 0.056130454 -0.995814085 110.183670044 0.042858943 0.997667432 0.053130224 -6.295861244 0.996473491 -0.038846906 -0.074374080 220.208251953
-0.074207783 0.060422603 -0.995410740 109.192687988 0.043387223 0.997413218 0.057309657 -6.259044647 0.996298671 -0.038935285 -0.076637387 220.131927490
-0.075759768 0.057868406 -0.995445609 108.204666138 0.043066047 0.997572899 0.054714482 -6.218619347 0.996195793 -0.038724754 -0.078068137 220.057327271
-0.076221704 0.052473694 -0.995709300 107.222213745 0.042964637 0.997859597 0.049298074 -6.175552368 0.996164918 -0.039022706 -0.078312993 219.980773926
-0.076212049 0.047644481 -0.995952845 106.248184204 0.043287277 0.998074055 0.044433549 -6.147614479 0.996151745 -0.039725710 -0.078127742 219.890563965
-0.076317430 0.041349895 -0.996225834 105.269500732 0.045405611 0.998247325 0.037955437 -6.120743752 0.996049225 -0.042337582 -0.078061223 219.818649292
-0.075791717 0.037320901 -0.996425092 104.302032471 0.045273107 0.998397529 0.033951148 -6.091938972 0.996095419 -0.042538043 -0.077359915 219.744125366
-0.074556589 0.042738963 -0.996300578 103.324172974 0.047418486 0.998102963 0.039267793 -6.061492920 0.996088803 -0.044315390 -0.076441765 219.669647217
-0.073194623 0.050769512 -0.996024728 102.350143433 0.051220287 0.997576833 0.047084626 -6.036942482 0.996001661 -0.047570325 -0.075617790 219.598983765
-0.071563959 0.052860472 -0.996034443 101.380401611 0.050969955 0.997483850 0.049275275 -6.006033897 0.996133029 -0.047241498 -0.074078202 219.526382446
-0.070712209 0.050624296 -0.996211410 100.420410156 0.049303308 0.997668028 0.047198724 -5.967978477 0.996277690 -0.045778994 -0.073043227 219.454116821
-0.069862247 0.049869984 -0.996309340 99.468612671 0.053496376 0.997499704 0.046178352 -5.941487312 0.996121228 -0.050072823 -0.072355390 219.390777588
-0.068808556 0.047796499 -0.996484220 98.493560791 0.055258822 0.997500777 0.044029567 -5.904323578 0.996098280 -0.052034937 -0.071277738 219.322662354
-0.067589521 0.046025608 -0.996651053 97.543502808 0.055106264 0.997582734 0.042331513 -5.873128891 0.996190250 -0.052060548 -0.069962382 219.254821777
-0.068006635 0.048007336 -0.996529162 96.591400146 0.058626015 0.997307956 0.044044007 -5.842653275 0.995960891 -0.055427246 -0.070638061 219.191314697
-0.069686055 0.054271132 -0.996091664 95.632781982 0.062955432 0.996767879 0.049903657 -5.813055992 0.995580494 -0.059231795 -0.072877407 219.130981445
-0.071012259 0.056716301 -0.995861769 94.691833496 0.061908931 0.996707976 0.052349936 -5.782231331 0.995552421 -0.057935249 -0.074289799 219.059936523
-0.072228432 0.055500373 -0.995842755 93.747375488 0.061357595 0.996806741 0.051103842 -5.750123978 0.995499015 -0.057411369 -0.075403094 218.989044189
-0.073546290 0.055767734 -0.995731354 92.822708130 0.060750481 0.996831656 0.051342230 -5.705880165 0.995439768 -0.056715127 -0.076701283 218.917816162
-0.074412465 0.059492752 -0.995451450 91.884506226 0.058497526 0.996760368 0.055198148 -5.667609215 0.995510399 -0.054124013 -0.077651620 218.841583252
-0.075108290 0.061348874 -0.995286524 90.971221924 0.055546585 0.996813357 0.057251234 -5.634899139 0.995627224 -0.050984729 -0.078276634 218.760604858
-0.076506615 0.059711549 -0.995279431 90.056564331 0.055085156 0.996933758 0.055576425 -5.595336914 0.995546222 -0.050573159 -0.079561234 218.695587158
-0.076914072 0.057878289 -0.995356441 89.173522949 0.055654626 0.997006357 0.053673640 -5.553853989 0.995483279 -0.051267933 -0.079905033 218.621002197
-0.077566028 0.057773467 -0.995312035 88.297546387 0.056606878 0.996964335 0.053457946 -5.521534920 0.995379031 -0.052194986 -0.080600977 218.560943604
-0.077378511 0.056821823 -0.995381296 87.457901001 0.055317946 0.997081339 0.052618597 -5.494771004 0.995465994 -0.050990902 -0.080295920 218.491271973
-0.077777028 0.055735368 -0.995411694 86.636306763 0.054641258 0.997173727 0.051564611 -5.465677261 0.995472372 -0.050380006 -0.080602646 218.425491333
-0.078261971 0.056784533 -0.995314360 85.830291748 0.055686913 0.997066736 0.052505836 -5.443325043 0.995376408 -0.051316783 -0.081194520 218.361694336
-0.078165889 0.059255555 -0.995177805 85.042236328 0.053570986 0.997039437 0.055158690 -5.411792755 0.995500028 -0.049001131 -0.081108809 218.301818848
-0.077112556 0.060891226 -0.995161414 84.288055420 0.051509455 0.997043669 0.057015073 -5.387138367 0.995691061 -0.046863645 -0.080021024 218.240509033
-0.074990034 0.061785180 -0.995268345 83.562454224 0.050199855 0.997047067 0.058113214 -5.357464790 0.995919943 -0.045604415 -0.077870250 218.187011719
-0.071796775 0.063937999 -0.995368004 82.867736816 0.051828768 0.996834219 0.060293742 -5.333363533 0.996071935 -0.047259800 -0.074883342 218.143554688
-0.068641424 0.065490276 -0.995489657 82.199386597 0.054290973 0.996609628 0.061820474 -5.298774719 0.996163189 -0.049802653 -0.071964264 218.108520508
-0.065703750 0.067429371 -0.995558381 81.552444458 0.053373575 0.996523380 0.063972250 -5.277243614 0.996410787 -0.048933290 -0.069074273 218.070358276
-0.062010169 0.068106443 -0.995749116 80.945114136 0.053294823 0.996471703 0.064836934 -5.255375862 0.996651590 -0.049047716 -0.065421104 218.048095703
-0.056609273 0.066788048 -0.996160150 80.376953125 0.053180654 0.996545255 0.063791759 -5.231396675 0.996979177 -0.049365241 -0.059965491 218.020309448
-0.050475359 0.063231513 -0.996721625 79.834640503 0.053856689 0.996713996 0.060503650 -5.195341110 0.997272134 -0.050626181 -0.053714871 217.999023438
-0.043890595 0.059759442 -0.997247517 79.317367554 0.055008236 0.996839583 0.057314005 -5.167837143 0.997520924 -0.052341290 -0.047039151 217.983001709
-0.036251664 0.057008922 -0.997715354 78.818466187 0.057073511 0.996860147 0.054886311 -5.139490128 0.997711658 -0.054953396 -0.039391518 217.980926514
-0.026071787 0.056695737 -0.998051226 78.333190918 0.055938706 0.996908784 0.055169594 -5.119502068 0.998093963 -0.054391321 -0.029162765 217.972473145
-0.012463927 0.057171158 -0.998286724 77.862426758 0.051509045 0.997075319 0.056458689 -5.104785919 0.998594880 -0.050717101 -0.015372396 217.963653564
0.004507363 0.056237943 -0.998407364 77.395553589 0.047357969 0.997285068 0.056388546 -5.082262039 0.998867989 -0.047536712 0.001831830 217.967102051
0.023952067 0.055568855 -0.998167694 76.942169189 0.043729704 0.997440040 0.056577709 -5.057195663 0.998756409 -0.045004737 0.021460772 217.996520996
0.048150718 0.055340756 -0.997305989 76.479476929 0.042357657 0.997452617 0.057393968 -5.040524483 0.997941732 -0.045007106 0.045683920 218.027557373
0.075771749 0.054837003 -0.995616257 76.024078369 0.042584434 0.997397661 0.058176037 -5.027080536 0.996215522 -0.046805859 0.073239386 218.072845459
0.106141329 0.052336771 -0.992972910 75.576965332 0.041399371 0.997515380 0.057001490 -5.001435280 0.993488967 -0.047158670 0.103710949 218.143264771
0.140570402 0.048289698 -0.988892317 75.122512817 0.037347857 0.997840285 0.054035615 -4.963146210 0.989365995 -0.044528816 0.138463318 218.210449219
0.176034272 0.046315849 -0.983293831 74.685958862 0.032220334 0.998086154 0.052780855 -4.956386566 0.983856559 -0.040973295 0.174205065 218.319580078
0.215030015 0.044419795 -0.975596726 74.249633789 0.026295081 0.998339593 0.051250961 -4.930288315 0.976253390 -0.036673885 0.213504910 218.433563232
0.255937576 0.044241641 -0.965680480 73.826293945 0.020311106 0.998485565 0.051127698 -4.913460732 0.966479957 -0.032699540 0.254651427 218.560516357
0.297675431 0.043740809 -0.953664601 73.428146362 0.015239275 0.998604834 0.050558805 -4.905218601 0.954545557 -0.029583272 0.296593547 218.706802368
0.339734197 0.040815935 -0.939635515 73.040573120 0.009645339 0.998854160 0.046875644 -4.891362190 0.940472126 -0.024988364 0.338951230 218.876220703
0.383300543 0.038267966 -0.922830641 72.647689819 -0.000546005 0.999150515 0.041206021 -4.868855000 0.923623562 -0.015290423 0.382995844 219.049789429
0.427255630 0.036384530 -0.903398573 72.253753662 -0.003766325 0.999252915 0.038463831 -4.857846737 0.904123127 -0.013031400 0.427073479 219.253906250
0.470398068 0.036178429 -0.881712437 71.864952087 -0.002787329 0.999215186 0.039512750 -4.837479115 0.882449985 -0.016129104 0.470129728 219.495925903
0.513850212 0.036253534 -0.857113600 71.467712402 -0.000611380 0.999121904 0.041893564 -4.821748734 0.857879758 -0.021002995 0.513421178 219.765136719
0.556740522 0.040346079 -0.829706132 71.076354980 -0.004780799 0.998958886 0.045368366 -4.807399750 0.830672741 -0.021291755 0.556353807 220.052993774
0.598536372 0.042797383 -0.799951732 70.697326660 -0.007871766 0.998837948 0.047548018 -4.786768436 0.801057041 -0.022162190 0.598177731 220.365325928
0.638594151 0.044065233 -0.768281102 70.349754333 -0.011506042 0.998794377 0.047722656 -4.775764942 0.769457757 -0.021635536 0.638331234 220.694030762
0.678578019 0.042855419 -0.733277082 70.004646301 -0.013863984 0.998865962 0.045547623 -4.758197308 0.734397471 -0.020741479 0.678402662 221.044860840
0.717459440 0.042886727 -0.695278883 69.675750732 -0.019596327 0.998950601 0.041396558 -4.741906643 0.696324646 -0.016075440 0.717546940 221.410537720
0.753540099 0.040347707 -0.656162679 69.366683960 -0.024182076 0.999140501 0.033666752 -4.732047558 0.656957090 -0.009501875 0.753868163 221.800613403
0.786932349 0.038412929 -0.615842402 69.074104309 -0.029597046 0.999261379 0.024509002 -4.721268177 0.616329014 -0.001059809 0.787488043 222.201477051
0.818106294 0.030072797 -0.574280202 68.812644958 -0.023777239 0.999546647 0.018469825 -4.707968235 0.574575305 -0.001455484 0.818450451 222.628753662
0.845977783 0.018888831 -0.532883465 68.583557129 -0.013087142 0.999806821 0.014663149 -4.695570946 0.533057511 -0.005430776 0.846061587 223.085113525
0.869896233 0.012139696 -0.493085414 68.363563538 -0.006574710 0.999893665 0.013018209 -4.688511848 0.493191004 -0.008082598 0.869883537 223.546966553
0.890784144 0.012608618 -0.454251766 68.153350830 -0.007035126 0.999877810 0.013957676 -4.692979336 0.454372257 -0.009237559 0.890763998 224.004272461
0.909028232 0.016418144 -0.416411012 67.958160400 -0.011254583 0.999826372 0.014852059 -4.694925308 0.416582555 -0.008814410 0.909055173 224.474380493
0.925265551 0.017721849 -0.378905863 67.783218384 -0.013047206 0.999803841 0.014901441 -4.694350719 0.379095614 -0.008844127 0.925315261 224.952468872
0.939435601 0.014013588 -0.342438817 67.624465942 -0.009450608 0.999843001 0.014989980 -4.689920902 0.342595100 -0.010845867 0.939420581 225.459121704
0.951540172 0.008308793 -0.307412267 67.505928040 -0.004043184 0.999886572 0.014510156 -4.689080715 0.307497948 -0.012564071 0.951465786 225.936386108
0.961791575 0.009474982 -0.273618728 67.376678467 -0.006314155 0.999902785 0.012430292 -4.691072464 0.273709923 -0.010227678 0.961757898 226.444503784
0.970256329 0.012806172 -0.241740823 67.268585205 -0.010991840 0.999900401 0.008852434 -4.690083504 0.241830111 -0.005931954 0.970300496 226.938201904
0.977361619 0.011716628 -0.211250931 67.172668457 -0.011039916 0.999929428 0.004382519 -4.697502136 0.211287379 -0.001951113 0.977422059 227.442276001
0.983294427 0.004201245 -0.181973785 67.108078003 -0.004693690 0.999986410 -0.002275557 -4.702013969 0.181961745 0.003091670 0.983300745 227.952301025
0.988002837 0.000277840 -0.154435426 67.050430298 -0.001588245 0.999963760 -0.008361812 -4.707817078 0.154427499 0.008506775 0.987967491 228.466415405
0.991657615 -0.001819922 -0.128886819 66.997879028 0.000465897 0.999944389 -0.010534909 -4.712056637 0.128898829 0.010386975 0.991603374 228.992996216
0.994195938 -0.000506846 -0.107583545 66.948585510 -0.000512947 0.999955177 -0.009451192 -4.712167263 0.107583515 0.009451521 0.994151115 229.524078369
0.995787024 -0.003512027 -0.091629006 66.912506104 0.003083804 0.999983668 -0.004814608 -4.716851711 0.091644414 0.004511759 0.995781600 230.059692383
0.996739924 -0.006194251 -0.080443725 66.885322571 0.006361332 0.999978125 0.001820874 -4.728125095 0.080430686 -0.002326667 0.996757507 230.598571777
0.997428656 -0.006661328 -0.071355812 66.854080200 0.007173547 0.999950290 0.006924505 -4.738487244 0.071306139 -0.007418574 0.997426867 231.146270752
0.997911990 -0.002662800 -0.064533472 66.809326172 0.003284179 0.999949217 0.009524630 -4.742904663 0.064504832 -0.009716682 0.997870088 231.686325073
0.998183250 -0.002435242 -0.060202088 66.776855469 0.003034788 0.999946713 0.009869457 -4.746413231 0.060174841 -0.010034228 0.998137414 232.225830078
0.998108089 -0.010976344 -0.060495999 66.753189087 0.011647370 0.999874353 0.010750599 -4.747161388 0.060370397 -0.011434879 0.998110533 232.766769409
0.997609556 -0.019994250 -0.066146873 66.732032776 0.020682836 0.999738634 0.009741519 -4.747632504 0.065934815 -0.011086337 0.997762322 233.320846558
0.996873558 -0.023395950 -0.075470231 66.692230225 0.024068736 0.999678135 0.008017278 -4.753674984 0.075258367 -0.009808686 0.997115850 233.846221924
0.995860100 -0.022899866 -0.087967537 66.635017395 0.023612985 0.999696136 0.007074459 -4.750773430 0.087778799 -0.009122347 0.996098220 234.371810913
0.994365156 -0.024000060 -0.103256479 66.560302734 0.024857882 0.999666274 0.007028728 -4.760409832 0.103053331 -0.009555859 0.994629920 234.907104492
0.992051840 -0.027393583 -0.122811824 66.491569519 0.028201375 0.999590516 0.004843667 -4.759423256 0.122628845 -0.008268631 0.992418170 235.434204102
0.988736212 -0.030345587 -0.146559983 66.404998779 0.031491529 0.999488890 0.005504489 -4.764512062 0.146318033 -0.010057885 0.989186466 235.958801270
0.984420955 -0.027578821 -0.173651367 66.307121277 0.029532151 0.999526203 0.008674361 -4.763805389 0.173329860 -0.013667521 0.984768987 236.464263916
0.978587925 -0.023476960 -0.204486042 66.166923523 0.026531193 0.999573469 0.012206990 -4.766709805 0.204112247 -0.017370872 0.978793383 236.983779907
0.970453501 -0.021295846 -0.240346670 66.020149231 0.024731839 0.999630392 0.011288383 -4.768764019 0.240017444 -0.016899066 0.970621467 237.473510742
0.959861219 -0.017503494 -0.279928595 65.872749329 0.020786831 0.999745488 0.008764497 -4.783505440 0.279703945 -0.014231530 0.959980845 237.936370850
0.946197808 -0.013400089 -0.323311239 65.697257996 0.016424529 0.999843121 0.006627876 -4.788811684 0.323171735 -0.011581516 0.946269453 238.386596680
0.929544508 -0.007863142 -0.368626088 65.477691650 0.010389517 0.999934196 0.004869148 -4.788789749 0.368563533 -0.008355936 0.929565012 238.830062866
0.909024239 0.001889222 -0.416738957 65.234642029 -0.001194223 0.999997437 0.001928401 -4.782353401 0.416741550 -0.001255284 0.909024179 239.258636475
0.884144008 0.014751225 -0.466981530 64.965995789 -0.015498130 0.999877393 0.002241712 -4.786169529 0.466957331 0.005255344 0.884264231 239.656936646
0.854837596 0.029049071 -0.518081903 64.663742065 -0.030110126 0.999526322 0.006362012 -4.790117741 0.518021345 0.010161024 0.855307341 240.051635742
0.821485221 0.039400358 -0.568866968 64.349304199 -0.040878523 0.999112368 0.010168077 -4.794590950 0.568762660 0.014901519 0.822366714 240.426284790
0.783978045 0.046250526 -0.619063258 64.018745422 -0.046794135 0.998786449 0.015360017 -4.787951946 0.619022429 0.016926611 0.785190940 240.766632080
0.742392600 0.051381622 -0.667991936 63.672550201 -0.045339871 0.998622119 0.026423730 -4.781425476 0.668429196 0.010669883 0.743699312 241.105285645
0.697155714 0.058869287 -0.714498699 63.284339905 -0.045810770 0.998244166 0.037548959 -4.760063171 0.715454638 0.006554256 0.698628485 241.433441162
0.649872243 0.065960392 -0.757175922 62.883529663 -0.045018714 0.997818589 0.048284810 -4.736371517 0.758709073 0.002708124 0.651424050 241.720046997
0.599338412 0.074472085 -0.797024131 62.470443726 -0.050636157 0.997196138 0.055098809 -4.714343071 0.798892736 0.007335402 0.601428866 241.975952148
0.546453893 0.075969331 -0.834036529 62.069648743 -0.049992349 0.997060359 0.058064006 -4.696750164 0.835995793 0.009966137 0.548645377 242.174758911
0.489537120 0.069602065 -0.869200230 61.649642944 -0.044179246 0.997508764 0.054994572 -4.664927959 0.870862603 0.011478720 0.491392553 242.366302490
0.430044889 0.059804253 -0.900824487 61.216064453 -0.029297374 0.998202503 0.052282732 -4.644589424 0.902332008 0.003907872 0.431023955 242.554443359
0.369324088 0.053531278 -0.927757680 60.732406616 -0.018492082 0.998565197 0.050255477 -4.613402367 0.929116786 -0.001404394 0.369784117 242.724655151
0.309584141 0.054203812 -0.949325979 60.251998901 -0.015125829 0.998528361 0.052080456 -4.582440376 0.950751841 -0.001763947 0.309948444 242.840820312
0.253798008 0.057821188 -0.965527534 59.754455566 -0.016041523 0.998326004 0.055568680 -4.559342861 0.967124283 0.001385304 0.254300654 242.925598145
0.201877654 0.060670204 -0.977529943 59.240890503 -0.018297296 0.998138964 0.058170583 -4.532373428 0.979239941 0.006142806 0.202612042 242.990203857
0.153316557 0.060089253 -0.986348510 58.728637695 -0.017944343 0.998154163 0.058019221 -4.508224487 0.988014221 0.008804066 0.154111803 243.036560059
0.109366715 0.058533877 -0.992276669 58.216323853 -0.015023449 0.998247981 0.057230271 -4.483572960 0.993888080 0.008648320 0.110054493 243.061630249
0.070451558 0.055320155 -0.995980203 57.694717407 -0.013235927 0.998424947 0.054519694 -4.457942009 0.997427523 0.009341712 0.071072817 243.068420410
0.037916839 0.051816501 -0.997936666 57.188415527 -0.013807841 0.998586535 0.051325615 -4.430171013 0.999185622 0.011833238 0.038578689 243.059326172
0.011760533 0.049534228 -0.998703241 56.674377441 -0.018098833 0.998619199 0.049316932 -4.409190178 0.999767065 0.017495366 0.012640774 243.038299561
-0.007775426 0.047437042 -0.998844028 56.131500244 -0.022603378 0.998610616 0.047601912 -4.388479710 0.999714315 0.022947369 -0.006692410 243.008377075
-0.022302866 0.045297913 -0.998724580 55.564636230 -0.024815349 0.998640120 0.045848243 -4.363681793 0.999443293 0.025806241 -0.021148443 242.973724365
-0.034920931 0.043856326 -0.998427391 54.980316162 -0.023582052 0.998722374 0.044694085 -4.339018822 0.999111891 0.025105719 -0.033842087 242.953491211
-0.044307232 0.042377546 -0.998118818 54.388488770 -0.021672968 0.998824000 0.043369565 -4.322252274 0.998782933 0.023553776 -0.043336749 242.913208008
-0.049786568 0.041164037 -0.997911334 53.777542114 -0.022014020 0.998862326 0.042301565 -4.290684700 0.998517334 0.024074085 -0.048823714 242.870605469
-0.052713990 0.040851068 -0.997773826 53.148086548 -0.023845239 0.998826563 0.042153951 -4.258195877 0.998325050 0.026014250 -0.051678061 242.826843262
-0.053629518 0.041338276 -0.997705042 52.495117188 -0.024697904 0.998782158 0.042710494 -4.233966827 0.998255551 0.026931761 -0.052543283 242.785720825
-0.052697659 0.042191278 -0.997718871 51.823013306 -0.024080995 0.998762846 0.043507338 -4.207471848 0.998320162 0.026318794 -0.051616430 242.748046875
-0.051609159 0.042666163 -0.997755587 51.128463745 -0.022545261 0.998782575 0.043876234 -4.186323643 0.998412907 0.024759071 -0.050584435 242.715835571
-0.050651670 0.041274603 -0.997863173 50.415924072 -0.019448727 0.998915434 0.042305350 -4.159244061 0.998527050 0.021550005 -0.049794078 242.683013916
-0.049409628 0.038866561 -0.998022079 49.678741455 -0.016537616 0.999073744 0.039726254 -4.126787186 0.998641670 0.018467767 -0.048721075 242.650131226
-0.048642635 0.037813853 -0.998100281 48.923812866 -0.015679933 0.999131024 0.038617071 -4.097030163 0.998693287 0.017528579 -0.048007369 242.610977173
-0.048126340 0.037275128 -0.998145580 48.152755737 -0.015908768 0.999148071 0.038079619 -4.069053650 0.998714626 0.017711900 -0.047492385 242.574310303
-0.047700405 0.037671112 -0.998151064 47.353057861 -0.015516473 0.999140024 0.038449951 -4.043452263 0.998741150 0.017321862 -0.047074795 242.532806396
-0.047456622 0.038716435 -0.998122692 46.536834717 -0.013412834 0.999133766 0.039393377 -4.011749268 0.998783231 0.015257128 -0.046896219 242.491928101
-0.046865821 0.038642496 -0.998153567 45.706893921 -0.010318981 0.999179423 0.039166715 -3.980727196 0.998848021 0.012135504 -0.046428561 242.450302124
-0.046824455 0.038191088 -0.998172939 44.853240967 -0.008059156 0.999221861 0.038609281 -3.953333139 0.998870790 0.009852285 -0.046480298 242.413482666
-0.047337532 0.037815873 -0.998162985 43.987609863 -0.006330813 0.999251664 0.038157359 -3.918910027 0.998858988 0.008125456 -0.047062755 242.366821289
-0.049223185 0.039327070 -0.998013437 43.105712891 -0.004973516 0.999202490 0.039619230 -3.886908054 0.998775601 0.006913814 -0.048988342 242.315963745
-0.052015305 0.042478424 -0.997742593 42.198852539 -0.002666136 0.999085486 0.042674597 -3.862591028 0.998642862 0.004879848 -0.051854491 242.268493652
-0.055387139 0.044317074 -0.997480929 41.273330688 -0.000895105 0.999011874 0.044434793 -3.827594757 0.998464525 0.003353967 -0.055292845 242.220001221
-0.058767080 0.041587107 -0.997405171 40.332489014 -0.001496053 0.999127090 0.041747052 -3.788874626 0.998270631 0.003945523 -0.058653593 242.160385132
-0.061679244 0.036807552 -0.997417212 39.367401123 -0.002915483 0.999308884 0.037057653 -3.754339695 0.998091877 0.005193635 -0.061529279 242.083343506
-0.064523935 0.033375707 -0.997358024 38.404464722 -0.002187557 0.999433398 0.033586685 -3.717873573 0.997913897 0.004348918 -0.064414382 242.025375366
-0.066529274 0.036005784 -0.997134745 37.408554077 -0.001263723 0.999344885 0.036169909 -3.681313515 0.997783780 0.003666453 -0.066440105 241.952804565
-0.068122745 0.042389624 -0.996776164 36.395874023 0.000472428 0.999098241 0.042456090 -3.647486448 0.997676969 0.002421315 -0.068081379 241.881301880
-0.069384456 0.048091520 -0.996430278 35.372985840 0.003352760 0.998842955 0.047974508 -3.614751339 0.997584522 -0.000012119 -0.069465399 241.806259155
-0.070366025 0.048574086 -0.996338010 34.325714111 0.006253692 0.998815536 0.048253216 -3.562732697 0.997501731 -0.002835404 -0.070586443 241.736267090
-0.071493983 0.046660896 -0.996349096 33.282287598 0.005933364 0.998907387 0.046354957 -3.518058777 0.997423470 -0.002597607 -0.071692705 241.659439087
-0.072136641 0.044242810 -0.996413052 32.224761963 0.004014562 0.999020457 0.044067949 -3.472010612 0.997386694 -0.000821251 -0.072243571 241.571136475
-0.072073460 0.042907704 -0.996476054 31.137969971 0.003482630 0.999078989 0.042767894 -3.429988861 0.997393370 -0.000387932 -0.072156429 241.484008789
-0.071580529 0.043323800 -0.996493578 30.054946899 -0.001054102 0.999052405 0.043510772 -3.396515846 0.997434378 0.004164924 -0.071466923 241.396499634
-0.071020365 0.041060675 -0.996629357 28.964401245 -0.005459002 0.999121428 0.041552357 -3.356151581 0.997459948 0.008391668 -0.070733786 241.309432983
-0.070729494 0.039995085 -0.996693432 27.881164551 -0.007334950 0.999148011 0.040614098 -3.322296143 0.997468591 0.010183310 -0.070375800 241.225204468
-0.070396781 0.039719779 -0.996728063 26.798706055 -0.009035996 0.999140561 0.040454112 -3.290621042 0.997478247 0.011854264 -0.069977403 241.144699097
-0.069125414 0.040362999 -0.996791303 25.724807739 -0.008296864 0.999123335 0.041032806 -3.263130665 0.997573674 0.011106645 -0.068729877 241.063079834
-0.068410158 0.040201649 -0.996847153 24.644439697 -0.007185342 0.999141991 0.040787306 -3.230201721 0.997631550 0.009952946 -0.068062663 240.981201172
-0.068419218 0.042121090 -0.996767163 23.556518555 -0.003499086 0.999092042 0.042459518 -3.200169563 0.997650564 0.006392820 -0.068209648 240.913040161
-0.068082809 0.043957397 -0.996711016 22.475845337 0.004880660 0.999031603 0.043726366 -3.164837837 0.997667909 -0.001887600 -0.068231463 240.847991943
-0.068414211 0.043335125 -0.996715546 21.401763916 0.006118376 0.999055624 0.043016907 -3.126615047 0.997638404 -0.003155319 -0.068614721 240.776977539
-0.069765210 0.043811616 -0.996600866 20.325759888 0.010055634 0.999015212 0.043213829 -3.097339153 0.997512758 -0.007006636 -0.070137024 240.703338623
-0.072685122 0.046169452 -0.996285796 19.255401611 0.012799700 0.998888850 0.045356270 -3.062496185 0.997272849 -0.009455438 -0.073195219 240.628479004
-0.075465798 0.050477542 -0.995870113 18.179626465 0.009825690 0.998707056 0.049876768 -3.024526119 0.997100174 -0.006021126 -0.075864196 240.535202026
-0.078411818 0.052765422 -0.995523632 17.112762451 0.007842121 0.998600066 0.052310795 -2.985200882 0.996890187 -0.003705231 -0.078715801 240.445922852
-0.081321955 0.051611900 -0.995350659 16.050384521 0.004144731 0.998667240 0.051445242 -2.945699215 0.996679306 0.000058170 -0.081427574 240.344863892
-0.083002090 0.047385111 -0.995422304 15.001556396 0.001145434 0.998872757 0.047453858 -2.907570839 0.996548831 0.002798575 -0.082962751 240.237762451
-0.085050464 0.043976754 -0.995405674 13.948699951 -0.002371999 0.999013722 0.044338826 -2.872809887 0.996373832 0.006132138 -0.084862232 240.148345947
-0.086135745 0.042942800 -0.995357692 12.914733887 -0.004041840 0.999047339 0.043451760 -2.842130661 0.996275365 0.007765817 -0.085880160 240.043548584
-0.087600827 0.044438187 -0.995164096 11.890533447 -0.007030817 0.998952031 0.045226235 -2.807227612 0.996130943 0.010958665 -0.087196589 239.946395874
-0.088282943 0.048632473 -0.994907558 10.869750977 -0.010083111 0.998712659 0.049713194 -2.776376009 0.996044457 0.014420589 -0.087678909 239.845489502
-0.089535356 0.050427943 -0.994706392 9.866149902 -0.014723325 0.998541296 0.051947638 -2.743171453 0.995875001 0.019296529 -0.088662267 239.741210938
-0.090386629 0.049825776 -0.994659603 8.869506836 -0.018750113 0.998485506 0.051721290 -2.706464529 0.995730281 0.023324894 -0.089315534 239.641632080
-0.091636896 0.047779463 -0.994645596 7.890533447 -0.025261754 0.998415232 0.050287910 -2.672942877 0.995472074 0.029734714 -0.090284586 239.542175293
-0.092075229 0.047696855 -0.994609058 6.938476562 -0.028371748 0.998320937 0.050501350 -2.638803244 0.995347798 0.032868717 -0.090567350 239.445358276
-0.092423677 0.046927139 -0.994613469 5.985046387 -0.031672817 0.998244822 0.050041646 -2.604920864 0.995216012 0.036127239 -0.090775132 239.344360352
-0.092191100 0.046653591 -0.994647980 5.064971924 -0.035199285 0.998124778 0.050079193 -2.579411030 0.995119214 0.039627742 -0.090376019 239.249008179
-0.092102170 0.046772558 -0.994650602 4.153656006 -0.037907038 0.998007417 0.050440505 -2.548411608 0.995027959 0.042349920 -0.090145588 239.157730103
-0.091728687 0.048764631 -0.994589388 3.262145996 -0.038397405 0.997884154 0.052467480 -2.520605087 0.995043576 0.043002419 -0.089662194 239.069183350
-0.091923952 0.050559595 -0.994481683 2.389373779 -0.038795110 0.997770071 0.054312766 -2.489771366 0.995010018 0.043573663 -0.089757442 238.991104126
-0.091838002 0.050226778 -0.994506598 1.548126221 -0.039884094 0.997740149 0.054073196 -2.463318110 0.994975030 0.044630956 -0.089627266 238.904647827
-0.091781974 0.049205448 -0.994562626 0.736450195 -0.039590310 0.997808337 0.053019572 -2.435535908 0.994991779 0.044241283 -0.089632750 238.823150635
-0.092203140 0.048225209 -0.994571686 -0.055877686 -0.036935065 0.997973502 0.051814273 -2.409112215 0.995054960 0.041512012 -0.090235114 238.754058838
-0.092835546 0.048176516 -0.994515240 -0.818237305 -0.037054140 0.997969687 0.051802766 -2.383739710 0.994991720 0.041660044 -0.090861917 238.681152344
-0.092875838 0.049001310 -0.994471192 -1.563995361 -0.037771944 0.997895896 0.052697659 -2.356477022 0.994960964 0.042457446 -0.090829492 238.611022949
-0.092452049 0.048585318 -0.994531095 -2.278656006 -0.039229020 0.997855663 0.052394476 -2.335009575 0.994944096 0.043858457 -0.090347767 238.537582397
-0.091338158 0.049087226 -0.994609296 -2.968170166 -0.039636377 0.997813642 0.052885305 -2.314132452 0.995030761 0.044253159 -0.089192867 238.476150513
-0.088983536 0.050912119 -0.994731069 -3.622985840 -0.039650209 0.997720122 0.054612011 -2.289298296 0.995243549 0.044300869 -0.086762071 238.412597656
-0.085806489 0.053320792 -0.994884014 -4.256805420 -0.039035033 0.997620225 0.056834120 -2.272259235 0.995546877 0.043712061 -0.083520889 238.363052368
-0.081695318 0.055038422 -0.995136440 -4.850021362 -0.040213957 0.997478902 0.058469325 -2.252948761 0.995845675 0.044795051 -0.079276085 238.313262939
-0.076026082 0.056957424 -0.995477736 -5.413986206 -0.040673386 0.997359037 0.060171347 -2.236236095 0.996275961 0.045064036 -0.073508620 238.265975952
-0.069689155 0.057712995 -0.995898008 -5.952239990 -0.040779304 0.997325778 0.060649317 -2.210533619 0.996735036 0.044838618 -0.067149401 238.225784302
-0.062610745 0.057451963 -0.996383131 -6.446029663 -0.039805032 0.997403681 0.060012084 -2.191944599 0.997244000 0.043418456 -0.060161352 238.203582764
-0.054730415 0.055931263 -0.996933460 -6.907897949 -0.038306464 0.997577310 0.058070362 -2.176023006 0.997766137 0.041367210 -0.052455306 238.189987183
-0.045633912 0.053963169 -0.997499764 -7.339141846 -0.037409421 0.997747183 0.055687975 -2.154376984 0.998257637 0.039857138 -0.043512464 238.171951294
-0.036385894 0.052564837 -0.997954428 -7.733383179 -0.037496071 0.997840703 0.053925969 -2.146712542 0.998634160 0.039381512 -0.034336329 238.163162231
-0.027515411 0.051695637 -0.998283982 -8.095870972 -0.037472177 0.997906625 0.052708935 -2.133111477 0.998919010 0.038858164 -0.025520682 238.167999268
-0.018034458 0.050903469 -0.998540878 -8.440994263 -0.037186086 0.997978032 0.051546391 -2.120282412 0.999145746 0.038061429 -0.016105056 238.165985107
-0.008507013 0.046252359 -0.998893559 -8.746719360 -0.035247643 0.998295069 0.046524830 -2.120218277 0.999342442 0.035604425 -0.006862164 238.168655396
0.001294017 0.040330991 -0.999185562 -9.035934448 -0.033321917 0.998633206 0.040265545 -2.111966133 0.999443889 0.033242673 0.002636135 238.185302734
0.012088597 0.037828345 -0.999211133 -9.302322388 -0.031693269 0.998796582 0.037429225 -2.103799105 0.999424577 0.031215800 0.013272941 238.198669434
0.022574782 0.038091749 -0.999019265 -9.545074463 -0.031289082 0.998811305 0.037376776 -2.101692915 0.999255478 0.030414619 0.023739815 238.211349487
0.033572078 0.036617238 -0.998765469 -9.784957886 -0.031206779 0.998879731 0.035572458 -2.093643188 0.998949170 0.029974001 0.034677207 238.233612061
0.045922875 0.033371639 -0.998387516 -10.019744873 -0.031094300 0.999005318 0.031962041 -2.090172768 0.998461008 0.029576365 0.046914876 238.254455566
0.060238481 0.029719716 -0.997741580 -10.249908447 -0.031079894 0.999127865 0.027884563 -2.087709904 0.997700155 0.029329972 0.061109662 238.279861450
0.076700747 0.026622925 -0.996698737 -10.468399048 -0.031303331 0.999214947 0.024281194 -2.080646515 0.996562719 0.029337602 0.077473879 238.308837891
0.095282018 0.025138777 -0.995132983 -10.697402954 -0.031974889 0.999242544 0.022181056 -2.078088522 0.994936764 0.029705804 0.096013665 238.343750000
0.114660025 0.024505842 -0.993102610 -10.915405273 -0.033008885 0.999237657 0.020846142 -2.073561430 0.992856324 0.030390983 0.115381539 238.384597778
0.134285927 0.025992267 -0.990601778 -11.133010864 -0.031048508 0.999275506 0.022010922 -2.072697401 0.990456223 0.027800944 0.134995639 238.436737061
0.155506492 0.029988000 -0.987379670 -11.349288940 -0.029984474 0.999221861 0.025625285 -2.070950985 0.987379789 0.025621161 0.156284630 238.490310669
0.177839339 0.033291083 -0.983496249 -11.559753418 -0.029543625 0.999157727 0.028479034 -2.073125362 0.983615935 0.023991352 0.178673089 238.544097900
0.200700045 0.032839719 -0.979102194 -11.764114380 -0.031646743 0.999133706 0.027024519 -2.073549747 0.979141474 0.025561571 0.201565504 238.597976685
0.227267683 0.027059997 -0.973456264 -11.974578857 -0.031927910 0.999283493 0.020323897 -2.068996191 0.973308802 0.026461458 0.227968812 238.669494629
0.256666839 0.020926831 -0.966273308 -12.201370239 -0.029816279 0.999461174 0.013725624 -2.063569307 0.966039896 0.025287764 0.257152498 238.754409790
0.288374662 0.018491002 -0.957339108 -12.452972412 -0.026064027 0.999594629 0.011456024 -2.059144735 0.957162857 0.021648485 0.288739741 238.854873657
0.322122097 0.020110071 -0.946484685 -12.704238892 -0.020397419 0.999689698 0.014298564 -2.067518950 0.946478486 0.014699956 0.322432280 238.976928711
0.359075665 0.024112253 -0.932996988 -12.976982117 -0.019120285 0.999646485 0.018476050 -2.064627171 0.933112681 0.011204868 0.359409750 239.116561890
0.398619056 0.029914061 -0.916628659 -13.262916565 -0.020838447 0.999505281 0.023556607 -2.054561138 0.916879833 0.009711003 0.399045229 239.272201538
0.439883173 0.035965838 -0.897334695 -13.552749634 -0.025047716 0.999300361 0.027774038 -2.059524059 0.897705793 0.010258843 0.440476239 239.441986084
0.483816624 0.040209521 -0.874245226 -13.866249084 -0.029928580 0.999119878 0.029390138 -2.047585487 0.874657571 0.011945480 0.484594226 239.633697510
0.528083563 0.043080587 -0.848099053 -14.176155090 -0.031439159 0.999019504 0.031170703 -2.040830612 0.848610342 0.010202780 0.528920174 239.859954834
0.572884440 0.043702573 -0.818470299 -14.467468262 -0.029642288 0.999028981 0.032595601 -2.037855148 0.819100022 0.005587816 0.573623538 240.113983154
0.618560135 0.041146260 -0.784659386 -14.755928040 -0.027376067 0.999150217 0.030812796 -2.030964851 0.785260379 0.002421319 0.619160891 240.401107788
0.664697468 0.039532747 -0.746066034 -15.035675049 -0.028677367 0.999213219 0.027396865 -2.030395508 0.746562064 0.003184582 0.665308177 240.696472168
0.710589111 0.034757301 -0.702748179 -15.308393478 -0.029207373 0.999375343 0.019894965 -2.014550686 0.703000724 0.006388283 0.711160421 241.024230957
0.755013883 0.032919906 -0.654881954 -15.576030731 -0.032064911 0.999397695 0.013270525 -2.002617121 0.654924393 0.010979297 0.755614698 241.377471924
0.797141075 0.032953516 -0.602893174 -15.843945503 -0.034683451 0.999359906 0.008765762 -1.986625195 0.602796137 0.013922864 0.797773778 241.772033691
0.835554838 0.033611841 -0.548377872 -16.088958740 -0.034562059 0.999365628 0.008592659 -1.987532616 0.548318803 0.011773433 0.836186528 242.204101562
0.869596481 0.030927377 -0.492793530 -16.302465439 -0.030900957 0.999488831 0.008198572 -1.984119177 0.492795169 0.008098340 0.870107651 242.662902832
0.899173975 0.027238460 -0.436742723 -16.493061066 -0.026493855 0.999618590 0.007797463 -1.986006737 0.436788529 0.004559722 0.899552643 243.155944824
0.924073517 0.025189089 -0.381383926 -16.667011261 -0.024884984 0.999673903 0.005729973 -1.985068917 0.381403893 0.004195816 0.924398959 243.675048828
0.944799781 0.023652319 -0.326793462 -16.822338104 -0.024854580 0.999690950 0.000496971 -1.981412411 0.326704204 0.007652775 0.945095658 244.223037720
0.961634219 0.024377208 -0.273249716 -16.951608658 -0.026430313 0.999643326 -0.003834513 -1.981282711 0.273058772 0.010909474 0.961935520 244.784667969
0.974692583 0.025729327 -0.222063944 -17.059558868 -0.027577320 0.999606013 -0.005224709 -1.983406544 0.221842036 0.011216413 0.975018084 245.385467529
0.984229863 0.026156303 -0.174949780 -17.147634506 -0.027496047 0.999608219 -0.005237936 -1.990915060 0.174744219 0.009965761 0.984563410 246.015762329
0.990608156 0.023643458 -0.134671584 -17.212259293 -0.024605978 0.999682188 -0.005486980 -2.000334740 0.134499058 0.008749173 0.990875125 246.668090820
0.994568288 0.019684339 -0.102207839 -17.258182526 -0.020384680 0.999775290 -0.005812091 -2.007378817 0.102070466 0.007863996 0.994746089 247.342453003
0.996922672 0.014434623 -0.077050894 -17.295597076 -0.014954705 0.999869108 -0.006177093 -2.009470463 0.076951645 0.007310358 0.997008026 248.041854858
0.998214364 0.010419373 -0.058817890 -17.322639465 -0.010801154 0.999922574 -0.006176710 -2.016826391 0.058748979 0.006800982 0.998249590 248.757736206
0.998844624 0.008175711 -0.047356125 -17.347120285 -0.008484639 0.999943972 -0.006326174 -2.026100874 0.047301751 0.006720664 0.998858035 249.500122070
0.999159634 0.005335388 -0.040639997 -17.380044937 -0.005617843 0.999960840 -0.006839124 -2.035045147 0.040601917 0.007061685 0.999150455 250.271438599
0.999291003 0.004279923 -0.037404988 -17.406579971 -0.004586959 0.999956489 -0.008126462 -2.042231083 0.037368581 0.008292275 0.999267161 251.064453125
0.999355257 0.004862227 -0.035573192 -17.437437057 -0.005184554 0.999946296 -0.008974341 -2.051903248 0.035527647 0.009152985 0.999326766 251.873764038
0.999382257 0.005210427 -0.034755591 -17.467168808 -0.005514198 0.999947369 -0.008650077 -2.057117224 0.034708690 0.008836382 0.999358416 252.702087402
0.999387741 0.005749190 -0.034511305 -17.505842209 -0.005984107 0.999959588 -0.006707546 -2.064855576 0.034471348 0.006909959 0.999381781 253.552322388
0.999385715 0.004870942 -0.034705635 -17.545917511 -0.004998878 0.999981046 -0.003600481 -2.075270414 0.034687441 0.003771758 0.999391079 254.410598755
0.999320924 0.005467707 -0.036438197 -17.575366974 -0.005528186 0.999983490 -0.001559227 -2.082750320 0.036429070 0.001759606 0.999334693 255.306411743
0.999247193 0.004716739 -0.038507756 -17.610532761 -0.004800993 0.999986291 -0.002095815 -2.090759516 0.038497340 0.002279112 0.999256074 256.224822998
0.999139428 0.003286309 -0.041346814 -17.651193619 -0.003531597 0.999976575 -0.005860801 -2.094722986 0.041326586 0.006001778 0.999127686 257.148101807
0.999015808 0.002755831 -0.044269275 -17.694313049 -0.003323982 0.999912977 -0.012765496 -2.100044250 0.044230245 0.012900082 0.998938084 258.096801758
0.998890400 0.005775863 -0.046740040 -17.755205154 -0.006615338 0.999819219 -0.017825808 -2.119025469 0.046628632 0.018115230 0.998748004 259.069702148
0.998750746 0.008394466 -0.049258772 -17.796058655 -0.009276070 0.999800384 -0.017696181 -2.126609802 0.049100388 0.018131003 0.998629272 260.059539795
0.998729289 0.009938223 -0.049407460 -17.863040924 -0.010381631 0.999908030 -0.008725996 -2.143286943 0.049316194 0.009227837 0.998740613 261.074279785
0.998738050 0.008439266 -0.049508672 -17.921581268 -0.008419015 0.999964356 0.000617552 -2.152299404 0.049512122 -0.000199959 0.998773515 262.131805420
0.998716652 0.005789645 -0.050314430 -17.972358704 -0.005678663 0.999981105 0.002348447 -2.159874439 0.050327078 -0.002059714 0.998730659 263.195739746
0.998667836 0.001775395 -0.051569309 -18.021806717 -0.001994581 0.999989212 -0.004199166 -2.161312342 0.051561296 0.004296431 0.998660564 264.276550293
0.998621225 -0.000449223 -0.052492607 -18.083305359 -0.000210587 0.999921083 -0.012563368 -2.165853739 0.052494105 0.012557100 0.998542309 265.369476318
0.998580873 -0.001343395 -0.053239256 -18.145139694 0.000408199 0.999845505 -0.017572885 -2.184931755 0.053254638 0.017526215 0.998427153 266.473937988
0.998557091 0.000828494 -0.053693965 -18.213760376 -0.001706645 0.999865532 -0.016310971 -2.211928844 0.053673230 0.016379073 0.998424232 267.597656250
0.998513699 0.002793502 -0.054430179 -18.277198792 -0.003304125 0.999951363 -0.009293517 -2.230922461 0.054401569 0.009459549 0.998474300 268.748046875
0.998472273 0.003972709 -0.055112530 -18.348579407 -0.003959233 0.999992073 0.000353688 -2.246227741 0.055113498 -0.000134944 0.998480082 269.908142090
0.998454094 0.004277942 -0.055417899 -18.421098709 -0.004012500 0.999979973 0.004900215 -2.250845432 0.055437747 -0.004670275 0.998451233 271.074279785
0.998437822 0.002281589 -0.055827178 -18.489574432 -0.002138485 0.999994278 0.002622961 -2.254700184 0.055832844 -0.002499478 0.998436987 272.247344971
0.998381555 0.001438048 -0.056852713 -18.554485321 -0.001613079 0.999994099 -0.003032898 -2.259255409 0.056848019 0.003119698 0.998377979 273.418518066
0.998314619 -0.000687115 -0.058029868 -18.622091293 0.000257918 0.999972582 -0.007403295 -2.270284891 0.058033362 0.007375850 0.998287380 274.608062744
0.998212099 -0.000298914 -0.059770539 -18.684461594 -0.000259657 0.999956369 -0.009337273 -2.289015293 0.059770722 0.009336099 0.998168468 275.827239990
0.998209059 -0.001009909 -0.059813764 -18.763227463 0.000640806 0.999980628 -0.006189742 -2.310147285 0.059818856 0.006140327 0.998190343 277.035125732
0.998169243 0.000359487 -0.060481582 -18.846452713 -0.000478568 0.999997973 -0.001954410 -2.324278116 0.060480755 0.001979777 0.998167396 278.255584717
0.998120606 -0.001262262 -0.061267126 -18.923181534 0.001059706 0.999993861 -0.003338500 -2.338980436 0.061270963 0.003267300 0.998115838 279.474182129
0.998056233 -0.002434216 -0.062271804 -18.999921799 0.001929372 0.999964774 -0.008165946 -2.356855154 0.062289491 0.008029928 0.998025835 280.691589355
0.998004615 -0.002580539 -0.063088506 -19.080108643 0.001851074 0.999930799 -0.011618289 -2.376823664 0.063114122 0.011478324 0.997940302 281.912322998
0.997942924 -0.001501326 -0.064091168 -19.160726547 0.000722842 0.999925733 -0.012167977 -2.404283285 0.064104676 0.012096618 0.997869849 283.132232666
0.997938573 0.000558015 -0.064174093 -19.253910065 -0.001193138 0.999950707 -0.009858967 -2.432566881 0.064165428 0.009915212 0.997889996 284.363433838
0.997942626 0.003176321 -0.064034447 -19.337388992 -0.003542179 0.999978065 -0.005600743 -2.459339857 0.064015254 0.005816042 0.997931957 285.595703125
0.997992277 0.006524378 -0.062998421 -19.428827286 -0.006637671 0.999976695 -0.001589224 -2.480113983 0.062986590 0.002004196 0.998012364 286.827697754
0.998044074 0.008150958 -0.061980676 -19.512546539 -0.008200975 0.999966204 -0.000552643 -2.492724419 0.061974078 0.001059865 0.998077214 288.091735840
0.998133898 0.007113305 -0.060647879 -19.587743759 -0.007220055 0.999972761 -0.001541196 -2.511916161 0.060635261 0.001976201 0.998158038 289.331085205
0.998210251 0.007183217 -0.059369169 -19.668167114 -0.007521086 0.999956787 -0.005469479 -2.532990217 0.059327312 0.005906210 0.998221099 290.570129395
0.998254061 0.005588133 -0.058801737 -19.733718872 -0.006201387 0.999928236 -0.010251859 -2.557990074 0.058740228 0.010598613 0.998217046 291.816375732
0.998326659 0.005407288 -0.057572946 -19.813312531 -0.006142358 0.999901772 -0.012598328 -2.580821276 0.057499167 0.012930881 0.998261809 293.064697266
0.998396993 0.005724763 -0.056309193 -19.892623901 -0.006327187 0.999924600 -0.010526049 -2.608457088 0.056244686 0.010865455 0.998357892 294.322845459
0.998412430 0.008646644 -0.055658508 -19.967502594 -0.009053799 0.999934018 -0.007067250 -2.634313583 0.055593729 0.007559951 0.998424828 295.583282471
0.998443067 0.010391581 -0.054803353 -20.049495697 -0.010652481 0.999933243 -0.004470671 -2.654254436 0.054753236 0.005047502 0.998487175 296.838378906
0.998436093 0.012720455 -0.054438904 -20.125980377 -0.012712310 0.999919057 0.000495906 -2.670871496 0.054440808 0.000196914 0.998516977 298.102203369
0.998429179 0.015402174 -0.053869989 -20.196468353 -0.015147815 0.999872148 0.005126859 -2.685606480 0.053942066 -0.004302793 0.998534799 299.356292725
0.998383701 0.018896196 -0.053599283 -20.275337219 -0.018750440 0.999818981 0.003220988 -2.693805456 0.053650446 -0.002210772 0.998557329 300.605590820
0.998336613 0.021846998 -0.053354636 -20.355854034 -0.021995397 0.999755681 -0.002195712 -2.701504946 0.053293630 0.003365616 0.998573184 301.846069336
0.998253226 0.024140835 -0.053923640 -20.431375504 -0.024514232 0.999679804 -0.006273801 -2.724469900 0.053754918 0.007584739 0.998525381 303.103912354
0.998129785 0.027994329 -0.054344244 -20.504318237 -0.028534343 0.999550581 -0.009186429 -2.744324684 0.054062653 0.010719926 0.998480022 304.362182617
0.998078525 0.029233212 -0.054632239 -20.585876465 -0.029792242 0.999511480 -0.009446151 -2.767715693 0.054329410 0.011055617 0.998461843 305.624176025
0.997988820 0.030577285 -0.055527490 -20.657482147 -0.030941930 0.999504805 -0.005718902 -2.801898479 0.055325124 0.007425528 0.998440802 306.890686035
0.998021364 0.029127205 -0.055722654 -20.733257294 -0.029283781 0.999569118 -0.001995279 -2.825060368 0.055640530 0.003623100 0.998444319 308.158264160
0.997968078 0.029379282 -0.056538437 -20.806749344 -0.029464502 0.999565601 -0.000674082 -2.838836193 0.056494072 0.002338589 0.998400211 309.424560547
0.997960210 0.028517544 -0.057115555 -20.878347397 -0.028569363 0.999591827 -0.000090759 -2.854552746 0.057089653 0.001722328 0.998367548 310.685028076
0.997923553 0.028075090 -0.057969045 -20.957254410 -0.028085928 0.999605298 0.000627926 -2.868970156 0.057963796 0.001001493 0.998318195 311.963745117
0.997910619 0.027160494 -0.058623802 -21.032585144 -0.027194999 0.999630153 0.000209292 -2.886589766 0.058607802 0.001385419 0.998280108 313.229553223
0.997819662 0.028318116 -0.059615523 -21.112575531 -0.028315598 0.999598622 0.000887164 -2.896229506 0.059616718 0.000802820 0.998221040 314.492462158
0.997804463 0.027864235 -0.060081553 -21.191923141 -0.027822819 0.999611735 0.001525947 -2.909985542 0.060100742 0.000149042 0.998192310 315.765869141
0.997743189 0.028685689 -0.060709730 -21.270889282 -0.028792387 0.999585032 -0.000883259 -2.928272486 0.060659200 0.002629243 0.998155057 317.038421631
0.997700989 0.029656392 -0.060936466 -21.355760574 -0.030053001 0.999532580 -0.005602187 -2.942380905 0.060741842 0.007420632 0.998125911 318.303527832
0.997774780 0.027794389 -0.060604703 -21.439865112 -0.028102547 0.999596059 -0.004238141 -2.964973688 0.060462426 0.005931857 0.998152852 319.566192627
0.997759223 0.029438680 -0.060082242 -21.524383545 -0.029526873 0.999563813 -0.000580353 -2.981804371 0.060038950 0.002353093 0.998193264 320.830505371
0.997829258 0.028400593 -0.059414960 -21.605987549 -0.028311009 0.999596417 0.002349198 -2.999247074 0.059457697 -0.000662001 0.998230636 322.093963623
0.997847319 0.028908901 -0.058863886 -21.684972763 -0.028712751 0.999579012 0.004175527 -3.008493662 0.058959812 -0.002476395 0.998257279 323.362548828
0.997892082 0.028369850 -0.058365516 -21.765329361 -0.028113918 0.999591172 0.005201616 -3.025193453 0.058489222 -0.003549768 0.998281717 324.623504639
0.997969329 0.024605196 -0.058752153 -21.833751678 -0.024454700 0.999695539 0.003279311 -3.033143044 0.058814954 -0.001835885 0.998267233 325.887542725
0.998012066 0.022478461 -0.058878541 -21.909608841 -0.022479972 0.999747097 0.000636794 -3.048607349 0.058877964 0.000688060 0.998264968 327.136322021
0.998070955 0.019231344 -0.059029765 -21.986711502 -0.019303972 0.999813437 -0.000660325 -3.064408064 0.059006054 0.001798560 0.998256028 328.381927490
0.998091638 0.017008230 -0.059361730 -22.068675995 -0.017003797 0.999855280 0.000579828 -3.079705715 0.059363000 0.000430654 0.998236358 329.629699707
0.998075485 0.014355462 -0.060326632 -22.137199402 -0.014136928 0.999891877 0.004047774 -3.093113899 0.060378216 -0.003187151 0.998170495 330.875305176
0.998072445 0.010695189 -0.061131500 -22.212539673 -0.010253737 0.999919057 0.007530520 -3.098098516 0.061207090 -0.006889178 0.998101294 332.118896484
0.998046279 0.006605112 -0.062129244 -22.280258179 -0.006239356 0.999962032 0.006079190 -3.111341476 0.062167037 -0.005679667 0.998049617 333.338714600
0.997992516 0.002989726 -0.063261427 -22.358028412 -0.002873053 0.999993980 0.001935181 -3.123941898 0.063266836 -0.001749543 0.997995138 334.568237305
0.997933209 0.001309419 -0.064246595 -22.435827255 -0.001279731 0.999999046 0.000503244 -3.138292074 0.064247198 -0.000419985 0.997933924 335.784973145
0.997887015 0.000225555 -0.064972654 -22.517452240 -0.000098180 0.999998093 0.001963620 -3.153827906 0.064972967 -0.001953092 0.997885108 336.972534180
0.997838378 -0.001709728 -0.065693207 -22.595176697 0.002057800 0.999984205 0.005231146 -3.173839092 0.065683231 -0.005355022 0.997826159 338.173797607
0.997804880 -0.003438431 -0.066132739 -22.678512573 0.004031775 0.999952793 0.008840636 -3.182578802 0.066099219 -0.009087862 0.997771680 339.350952148
0.997752726 -0.005754114 -0.066755854 -22.755264282 0.006545581 0.999910772 0.011643493 -3.199002028 0.066682898 -0.012054282 0.997701406 340.512756348
0.997676015 -0.008621230 -0.067589022 -22.828571320 0.009382809 0.999895930 0.010958434 -3.203131914 0.067487508 -0.011567142 0.997653067 341.650695801
0.997622371 -0.009739683 -0.068225905 -22.901720047 0.010396210 0.999902964 0.009274397 -3.215344191 0.068128951 -0.009961637 0.997626781 342.758300781
0.997611940 -0.007995822 -0.068604037 -22.987726212 0.008467672 0.999942422 0.006589826 -3.225302935 0.068547398 -0.007155006 0.997622192 343.863677979
0.997606218 -0.007524981 -0.068740577 -23.066036224 0.007822945 0.999961138 0.004066446 -3.236976147 0.068707310 -0.004594465 0.997626305 344.941680908
0.997638583 -0.006169858 -0.068404719 -23.144701004 0.006440849 0.999972284 0.003741735 -3.251947403 0.068379737 -0.004173484 0.997650623 346.013916016
0.997753084 -0.003675774 -0.066897921 -23.225870132 0.004001318 0.999980807 0.004732934 -3.263729095 0.066879243 -0.004989979 0.997748613 347.075714111
0.997891128 -0.001358793 -0.064895630 -23.304721832 0.001694944 0.999985456 0.005125097 -3.278076410 0.064887717 -0.005224283 0.997878909 348.142822266
0.998016715 -0.001086465 -0.062940024 -23.367887497 0.001280079 0.999994576 0.003035929 -3.290030718 0.062936381 -0.003110476 0.998012722 349.170196533
0.998163760 -0.002188870 -0.060533371 -23.430658340 0.002369633 0.999992967 0.002914536 -3.306065559 0.060526561 -0.003052626 0.998161912 350.196014404
0.998323262 -0.001902174 -0.057853248 -23.495365143 0.002112315 0.999991417 0.003571366 -3.323110819 0.057845958 -0.003687582 0.998318732 351.204315186
0.998466849 -0.003970782 -0.055210847 -23.551095963 0.004227716 0.999980748 0.004537662 -3.336301088 0.055191766 -0.004764121 0.998464406 352.175231934
0.998569787 -0.005376583 -0.053192370 -23.599540710 0.005657553 0.999970794 0.005132966 -3.345988750 0.053163219 -0.005426563 0.998571098 353.138397217
0.998690069 -0.006188232 -0.050792746 -23.650384903 0.006505482 0.999960363 0.006083031 -3.359070539 0.050753087 -0.006405494 0.998690665 354.082794189
0.998778999 -0.009830499 -0.048413612 -23.693132401 0.010247483 0.999912441 0.008372286 -3.371186495 0.048327066 -0.008858182 0.998792291 355.001342773
0.998877347 -0.008806650 -0.046545289 -23.737125397 0.009316053 0.999898970 0.010738684 -3.378954649 0.046446014 -0.011160246 0.998858452 355.894195557
0.998984575 -0.008329941 -0.044276148 -23.773422241 0.008858893 0.999891579 0.011763895 -3.390703201 0.044173352 -0.012144187 0.998950064 356.765167236
0.999071956 -0.007833246 -0.042353783 -23.809391022 0.008234895 0.999922693 0.009317031 -3.399678469 0.042277526 -0.009657163 0.999059260 357.604125977
0.999160171 -0.007102239 -0.040354639 -23.846055984 0.007264321 0.999966145 0.003871234 -3.408787251 0.040325779 -0.004161132 0.999177933 358.418762207
0.999237239 -0.006092115 -0.038571864 -23.874814987 0.006120315 0.999981105 0.000613051 -3.420681715 0.038567401 -0.000848655 0.999255657 359.201812744
0.999293208 -0.005970721 -0.037113711 -23.901470184 0.006040680 0.999980211 0.001773141 -3.430296421 0.037102386 -0.001996080 0.999309480 359.973052979
0.999360442 -0.005251328 -0.035371576 -23.939699173 0.005468705 0.999966741 0.006051604 -3.447429895 0.035338618 -0.006241170 0.999355912 360.714080811
0.999389529 -0.004912384 -0.034589268 -23.967483521 0.005176208 0.999958158 0.007541934 -3.460437775 0.034550771 -0.007716371 0.999373138 361.428131104
0.999336600 -0.003148403 -0.036283661 -23.998123169 0.003311890 0.999984622 0.004446573 -3.468188286 0.036269102 -0.004563790 0.999331653 362.110046387
0.999168098 -0.002187371 -0.040722162 -24.029817581 0.002228971 0.999997020 0.000976194 -3.484982491 0.040719908 -0.001066151 0.999170005 362.758270264
0.998911619 -0.001010194 -0.046632532 -24.058723450 0.000980577 0.999999285 -0.000657983 -3.488922834 0.046633165 0.000611540 0.998911917 363.378631592
0.998581707 0.003174268 -0.053146355 -24.108556747 -0.003203476 0.999994755 -0.000464394 -3.503799915 0.053144604 0.000633989 0.998586655 363.970367432
0.998133004 0.006950355 -0.060680944 -24.158309937 -0.006988022 0.999975502 -0.000408539 -3.512153625 0.060676619 0.000831816 0.998157144 364.547668457
0.997357190 0.010169061 -0.071939163 -24.214681625 -0.010156577 0.999948263 0.000539327 -3.523208380 0.071940921 0.000192754 0.997408867 365.089569092
0.996074319 0.009061119 -0.088056251 -24.272834778 -0.008894218 0.999957800 0.002287565 -3.535506248 0.088073261 -0.001495393 0.996112883 365.616912842
0.994017065 0.008590505 -0.108886376 -24.342391968 -0.008409737 0.999962389 0.002119265 -3.542569637 0.108900487 -0.001190880 0.994051933 366.130706787
0.990644574 0.006175539 -0.136327371 -24.432149887 -0.005823495 0.999978602 0.002981011 -3.556132078 0.136342868 -0.002159221 0.990659356 366.632415771
0.984848619 0.005918954 -0.173315287 -24.541959763 -0.005192656 0.999975741 0.004643742 -3.558403015 0.173338562 -0.003673416 0.984855473 367.113067627
0.976027966 0.006803112 -0.217538908 -24.689128876 -0.005047350 0.999950051 0.008625666 -3.559168339 0.217586726 -0.007320896 0.976013541 367.587249756
0.963427961 0.007251079 -0.267869443 -24.855484009 -0.004026013 0.999912679 0.012587000 -3.561191320 0.267937303 -0.011048222 0.963373005 368.036804199
0.945773184 0.008551795 -0.324715137 -25.057197571 -0.003140186 0.999847353 0.017186100 -3.558974743 0.324812561 -0.015234487 0.945655704 368.487121582
0.922791064 0.010825305 -0.385148615 -25.297060013 -0.001961093 0.999724269 0.023400430 -3.557354212 0.385295719 -0.020838395 0.922557831 368.912109375
0.894619048 0.016097460 -0.446539611 -25.548248291 -0.002958572 0.999542356 0.030105501 -3.551970482 0.446819872 -0.025611836 0.894257247 369.291320801
0.860664010 0.024456954 -0.508585632 -25.771541595 -0.005460472 0.999231637 0.038810637 -3.555501223 0.509144068 -0.030625802 0.860136271 369.644775391
0.822351813 0.030644998 -0.568153501 -26.062000275 -0.005882231 0.998953044 0.045367412 -3.538480282 0.568948984 -0.033965964 0.821671128 370.000732422
0.779744148 0.034077618 -0.625170290 -26.394634247 -0.004416612 0.998792231 0.048934888 -3.527968407 0.626082778 -0.035395563 0.778952837 370.337097168
0.730970383 0.034622319 -0.681530416 -26.737331390 0.001933793 0.998603046 0.052803956 -3.514994621 0.682406545 -0.039916065 0.729882240 370.653717041
0.675818920 0.037561577 -0.736110032 -27.114410400 0.004383816 0.998478174 0.054974236 -3.483434200 0.737054706 -0.040379602 0.674625754 370.938903809
0.616621614 0.042418242 -0.786116064 -27.530563354 0.004010858 0.998365164 0.057017121 -3.459456444 0.787249446 -0.038310990 0.615443349 371.187744141
0.551581204 0.049280681 -0.832664192 -27.959976196 0.002767869 0.998139560 0.060907751 -3.429071426 0.834116638 -0.035900276 0.550418615 371.424346924
0.483295977 0.048904169 -0.874090075 -28.423217773 0.014544344 0.997852206 0.063870259 -3.400712013 0.875336230 -0.043581307 0.481546700 371.632812500
0.410210669 0.043619871 -0.910947144 -28.904418945 0.027470002 0.997811317 0.060149375 -3.371104240 0.911577106 -0.049697638 0.408114612 371.810272217
0.332962275 0.038701367 -0.942145705 -29.407302856 0.034284461 0.997999847 0.053112164 -3.350833893 0.942316771 -0.049985304 0.330969393 371.958953857
0.254778862 0.032361552 -0.966457725 -29.912918091 0.037516713 0.998356581 0.043319888 -3.331433296 0.966271341 -0.047295310 0.253146052 372.043273926
0.177383363 0.028291451 -0.983735204 -30.444641113 0.038890962 0.998604417 0.035731759 -3.305449486 0.983373225 -0.044596631 0.176035523 372.104614258
0.105256379 0.025883477 -0.994108260 -30.985565186 0.041935336 0.998656452 0.030442022 -3.274496078 0.993560553 -0.044892479 0.104029536 372.126068115
0.039662480 0.029010067 -0.998792112 -31.541717529 0.040140375 0.998725295 0.030602131 -3.250699043 0.998406708 -0.041305643 0.038447440 372.108703613
-0.017039180 0.038340624 -0.999119461 -32.106292725 0.037539605 0.998584509 0.037679888 -3.242382050 0.999149919 -0.036864515 -0.018454432 372.057189941
-0.064540267 0.045566957 -0.996874213 -32.672119141 0.033955682 0.998478770 0.043441921 -3.230494499 0.997337222 -0.031045789 -0.065989256 371.984191895
-0.102069974 0.047005821 -0.993666172 -33.228576660 0.032378983 0.998510718 0.043909010 -3.227649689 0.994250238 -0.027692107 -0.103440046 371.889648438
-0.132145524 0.042340938 -0.990325570 -33.806945801 0.027589407 0.998857319 0.039024275 -3.199401855 0.990846217 -0.022165608 -0.133162737 371.784118652
-0.153421164 0.043475285 -0.987204134 -34.393920898 0.023015626 0.998917878 0.040414296 -3.180701256 0.987892866 -0.016520709 -0.154255748 371.663238525
-0.167551756 0.048946604 -0.984647512 -35.000579834 0.020493209 0.998723865 0.046159126 -3.154360771 0.985650301 -0.012444546 -0.168341041 371.538787842
-0.174903274 0.053302336 -0.983141840 -35.624298096 0.018219765 0.998537779 0.050895713 -3.127676964 0.984417140 -0.009010787 -0.175618768 371.410705566
-0.177647829 0.054388136 -0.982590079 -36.253112793 0.017849192 0.998485446 0.052040920 -3.105715752 0.983932257 -0.008293483 -0.178349614 371.290710449
-0.178566456 0.048555698 -0.982729137 -36.888977051 0.016319754 0.998790383 0.046383899 -3.081479073 0.983792603 -0.007755292 -0.179142833 371.167114258
-0.179102659 0.037419450 -0.983118474 -37.541931152 0.017446943 0.999240100 0.034854621 -3.050714493 0.983675659 -0.010909856 -0.179619431 371.046386719
-0.178556204 0.030167619 -0.983467221 -38.219543457 0.021204205 0.999415696 0.026807049 -3.021807671 0.983701289 -0.016067078 -0.179091573 370.928649902
-0.177668929 0.029720666 -0.983641505 -38.931030273 0.025223436 0.999352992 0.025639443 -2.993103981 0.983767092 -0.020255489 -0.178303599 370.804504395
-0.176019073 0.033534382 -0.983815551 -39.661621094 0.028191427 0.999181390 0.029014291 -2.978842735 0.983983159 -0.022628099 -0.176820278 370.679748535
-0.173496246 0.034295715 -0.984237313 -40.412994385 0.024939727 0.999225974 0.030421754 -2.955982208 0.984518826 -0.019268552 -0.174217343 370.541778564
-0.169547558 0.034942556 -0.984902561 -41.181335449 0.021176433 0.999269664 0.031806834 -2.934357643 0.985294640 -0.015463955 -0.170163631 370.407501221
-0.163390040 0.034186509 -0.985969126 -41.967468262 0.015989520 0.999359906 0.032001108 -2.912788391 0.986432076 -0.010536512 -0.163832068 370.265411377
-0.156153202 0.031910621 -0.987217247 -42.767181396 0.008424208 0.999484658 0.030974649 -2.890276432 0.987696886 -0.003479731 -0.156341553 370.131500244
-0.146437883 0.030918607 -0.988736570 -43.590454102 0.004043357 0.999521792 0.030657025 -2.864953518 0.989211619 0.000491533 -0.146492839 370.000762939
-0.136470675 0.033385359 -0.990081429 -44.431884766 -0.000335347 0.999430358 0.033746827 -2.839056969 0.990644038 0.004937474 -0.136381745 369.879150391
-0.126342654 0.036965374 -0.991297781 -45.300262451 -0.005854993 0.999260247 0.038008526 -2.808526516 0.991969466 0.010606136 -0.126032829 369.759887695
-0.116213679 0.039805915 -0.992426336 -46.184143066 -0.009784481 0.999102235 0.041219454 -2.783593655 0.993176103 0.014500638 -0.115719795 369.653076172
-0.106707215 0.038568940 -0.993542254 -47.089385986 -0.012207468 0.999121249 0.040096607 -2.751416683 0.994215667 0.016407225 -0.106142640 369.553039551
-0.097152352 0.037024353 -0.994580626 -47.998565674 -0.010301507 0.999216914 0.038203213 -2.715989590 0.995216250 0.013957214 -0.096694946 369.457183838
-0.090363145 0.038993027 -0.995145380 -48.946380615 -0.008132726 0.999171019 0.039889250 -2.681204319 0.995875776 0.011697757 -0.089971185 369.377746582
-0.085623145 0.042857066 -0.995405555 -49.905212402 -0.006049695 0.999033630 0.043533660 -2.646383286 0.996309340 0.009749379 -0.085281134 369.304504395
-0.082418680 0.048311129 -0.995426238 -50.877166748 -0.004517729 0.998795986 0.048848733 -2.611421585 0.996587634 0.008523110 -0.082101107 369.221405029
-0.080445766 0.051044218 -0.995451093 -51.869506836 -0.002729000 0.998672903 0.051429961 -2.565177917 0.996755183 0.006853911 -0.080199718 369.140625000
-0.079004288 0.050965957 -0.995570600 -52.863037109 -0.002900166 0.998676240 0.051355090 -2.518870354 0.996870041 0.006944593 -0.078751922 369.061065674
-0.077799082 0.047581840 -0.995832980 -53.873748779 -0.007474105 0.998804510 0.048307735 -2.474789619 0.996941090 0.011201255 -0.077350378 368.970184326
-0.076920629 0.043747183 -0.996077120 -54.890441895 -0.009637772 0.998957634 0.044617962 -2.429933548 0.996990740 0.013032001 -0.076418757 368.882537842
-0.076075077 0.042166468 -0.996210337 -55.916381836 -0.010392778 0.999017596 0.043078940 -2.390284061 0.997048140 0.013630616 -0.075562119 368.808258057
-0.074601531 0.041791759 -0.996337473 -56.975402832 -0.011670062 0.999016464 0.042777937 -2.353293419 0.997145295 0.014818612 -0.074040413 368.725219727
-0.072669148 0.042980582 -0.996429741 -58.028717041 -0.011576843 0.998967350 0.043934342 -2.317377567 0.997289121 0.014728171 -0.072096586 368.644104004
-0.070784569 0.043101974 -0.996560097 -59.098175049 -0.012521789 0.998948872 0.044094704 -2.277888298 0.997413158 0.015599933 -0.070170403 368.567260742
-0.068902254 0.044796765 -0.996617138 -60.168365479 -0.015379431 0.998824894 0.045959275 -2.238261700 0.997504890 0.018494098 -0.068132281 368.486053467
-0.066774964 0.045732729 -0.996719539 -61.245117188 -0.017848434 0.998734415 0.047020931 -2.195875645 0.997608542 0.020929696 -0.065874219 368.403625488
-0.065032363 0.047153171 -0.996768594 -62.332672119 -0.016625144 0.998693109 0.048328895 -2.157834053 0.997744739 0.019714359 -0.064163446 368.333435059
-0.064371824 0.046507210 -0.996841908 -63.411590576 -0.018068714 0.998695374 0.047760487 -2.116765499 0.997762620 0.021086067 -0.063447475 368.256896973
-0.064301252 0.044221986 -0.996950328 -64.489074707 -0.017517706 0.998813689 0.045434494 -2.074234962 0.997776866 0.020385766 -0.063450336 368.178436279
-0.064811110 0.044051636 -0.996924758 -65.578247070 -0.017935123 0.998812377 0.045301031 -2.039661407 0.997736335 0.020815982 -0.063944101 368.101715088
-0.064940095 0.047909148 -0.996738553 -66.672454834 -0.018539460 0.998616517 0.049207311 -1.999160290 0.997717023 0.021674516 -0.063962102 368.027008057
-0.065390587 0.051555224 -0.996527135 -67.776885986 -0.019326178 0.998411655 0.052920870 -1.959124088 0.997672677 0.022719575 -0.064290285 367.947357178
-0.066497684 0.051153656 -0.996474564 -68.865570068 -0.023482408 0.998328149 0.052815858 -1.912632465 0.997510314 0.026911745 -0.065185308 367.866210938
-0.067839622 0.049621262 -0.996461689 -69.954010010 -0.022414079 0.998434544 0.051245473 -1.867526054 0.997444630 0.025811234 -0.066621304 367.790802002
-0.069665909 0.045711979 -0.996522665 -71.046569824 -0.019017516 0.998707175 0.047141682 -1.827749252 0.997389257 0.022235539 -0.068706512 367.714782715
-0.071623087 0.043849945 -0.996467531 -72.128570557 -0.019051623 0.998790741 0.045321554 -1.786763191 0.997249901 0.022230387 -0.070701122 367.627899170
-0.073538542 0.047504202 -0.996160448 -73.219940186 -0.018144198 0.998635828 0.048961692 -1.750603199 0.997127414 0.021675097 -0.072576284 367.549621582
-0.074507117 0.049054224 -0.996013343 -74.312927246 -0.016629651 0.998589396 0.050425086 -1.712882996 0.997081876 0.020320376 -0.073586226 367.468658447
-0.075563788 0.046713036 -0.996046245 -75.391235352 -0.016357685 0.998709619 0.048078898 -1.668065071 0.997006893 0.019926030 -0.074702144 367.382080078
-0.076609015 0.046003260 -0.995999455 -76.466125488 -0.019094026 0.998684168 0.047595911 -1.628317356 0.996878445 0.022663912 -0.075629830 367.299774170
-0.076408982 0.046674270 -0.995983481 -77.544097900 -0.021323655 0.998598814 0.048432715 -1.596132755 0.996848524 0.024938701 -0.075306654 367.209625244
-0.075070858 0.049015403 -0.995972812 -78.620483398 -0.023201557 0.998434961 0.050885376 -1.556157589 0.996908247 0.026928129 -0.073816180 367.120880127
-0.073270321 0.051236533 -0.995995164 -79.701812744 -0.024050584 0.998298228 0.053124290 -1.516207695 0.997022092 0.027846698 -0.071913362 367.043365479
-0.070613027 0.052782521 -0.996106267 -80.772216797 -0.023202779 0.998241961 0.054540507 -1.479404926 0.997233868 0.026963709 -0.069264174 366.959106445
-0.067797780 0.051901788 -0.996348202 -81.840759277 -0.023663554 0.998281360 0.053612709 -1.433650970 0.997418463 0.027211964 -0.066453099 366.884918213
-0.063939691 0.049570505 -0.996721864 -82.904235840 -0.023723649 0.998407841 0.051176220 -1.390149593 0.997671723 0.026918067 -0.062661886 366.809295654
-0.060183287 0.046945866 -0.997082889 -83.957580566 -0.025805594 0.998486400 0.048569560 -1.349373341 0.997853816 0.028653385 -0.058880687 366.736358643
-0.056455374 0.046005972 -0.997344553 -85.016571045 -0.027219551 0.998495519 0.047599841 -1.315093040 0.998034000 0.029834535 -0.055118203 366.671691895
-0.052877784 0.047277752 -0.997481227 -86.061279297 -0.028551390 0.998398721 0.048834782 -1.275867939 0.998192787 0.031061748 -0.051443219 366.614898682
-0.049010873 0.050177138 -0.997537017 -87.125000000 -0.030180726 0.998206854 0.051693667 -1.237163067 0.998342156 0.032639947 -0.047408700 366.560974121
-0.045226336 0.054513529 -0.997488379 -88.152679443 -0.030511731 0.997968733 0.055923190 -1.198029995 0.998510778 0.032964293 -0.043471217 366.509368896
-0.041290760 0.056448784 -0.997551382 -89.156494141 -0.029760974 0.997890294 0.057699833 -1.159276962 0.998703897 0.032070566 -0.039523721 366.458312988
-0.037755489 0.055383269 -0.997751057 -90.163787842 -0.028505100 0.997996986 0.056475569 -1.118377686 0.998880386 0.030573258 -0.036101222 366.426879883
-0.034454107 0.051478282 -0.998079777 -91.138580322 -0.026883079 0.998263419 0.052415773 -1.085322857 0.999044776 0.028637387 -0.033010364 366.387634277
-0.031868100 0.049164537 -0.998282313 -92.107574463 -0.024176857 0.998459280 0.049945053 -1.043232918 0.999199748 0.025726970 -0.030630350 366.360198975
-0.029803991 0.048342608 -0.998386145 -93.055084229 -0.020674422 0.998586297 0.048969477 -1.017295837 0.999342024 0.022100538 -0.028762460 366.334930420
-0.028429627 0.046595119 -0.998509169 -93.974212646 -0.018044904 0.998726249 0.047119025 -0.990394592 0.999432862 0.019357583 -0.027552605 366.308135986
-0.027508736 0.045040116 -0.998606443 -94.884155273 -0.015566288 0.998843968 0.045479637 -0.962937355 0.999500453 0.016795676 -0.026775837 366.287719727
-0.026804686 0.045323193 -0.998612761 -95.782379150 -0.014022016 0.998856306 0.045710627 -0.931695938 0.999542415 0.015227817 -0.026138544 366.263305664
-0.026647091 0.046265040 -0.998573661 -96.655029297 -0.011038164 0.998853922 0.046572577 -0.915362358 0.999583900 0.012263444 -0.026105881 366.235382080
-0.028745890 0.044687621 -0.998587370 -97.535583496 -0.007938879 0.998958468 0.044932760 -0.888405800 0.999555230 0.009219293 -0.028361201 366.208190918
-0.032589197 0.044510022 -0.998477280 -98.415313721 -0.002639196 0.999000549 0.044619489 -0.863121986 0.999465406 0.004089294 -0.032439232 366.183227539
-0.039723873 0.045906503 -0.998155653 -99.289428711 0.001183255 0.998945534 0.045895744 -0.831222534 0.999210060 0.000642081 -0.039736271 366.147735596
-0.049292564 0.048448201 -0.997608781 -100.160614014 0.005256642 0.998821557 0.048247375 -0.798884392 0.998770654 -0.002865842 -0.049489141 366.108062744
-0.060840011 0.049145103 -0.996937037 -101.027801514 0.005239190 0.998789132 0.048916675 -0.770015717 0.998133898 -0.002247059 -0.061023831 366.039550781
-0.073660374 0.045820139 -0.996230304 -101.880554199 0.004730479 0.998948812 0.045595407 -0.747498512 0.997272193 -0.001354075 -0.073799610 365.970092773
-0.087038875 0.039674073 -0.995414734 -102.736968994 0.004529044 0.999212086 0.039429411 -0.718881607 0.996194780 -0.001076390 -0.087149978 365.882141113
-0.100037694 0.034214322 -0.994395316 -103.585693359 0.003214108 0.999414504 0.034063675 -0.692952156 0.994978547 0.000211555 -0.100089073 365.791229248
-0.111130118 0.030697776 -0.993331671 -104.447418213 -0.000838350 0.999519587 0.030982798 -0.670507431 0.993805528 0.004275880 -0.111050963 365.681823730
-0.119596243 0.029669717 -0.992379248 -105.305908203 -0.004123037 0.999529898 0.030380391 -0.656375408 0.992814064 0.007724993 -0.119417667 365.563385010
-0.124902725 0.029768296 -0.991722345 -106.180541992 -0.005844570 0.999510407 0.030738164 -0.636314392 0.992151856 0.009635468 -0.124667525 365.440124512
-0.128291011 0.028545706 -0.991325617 -107.067810059 -0.010333247 0.999492943 0.030118149 -0.616358757 0.991682708 0.014107502 -0.127930999 365.316192627
-0.128976822 0.027307099 -0.991271675 -107.954742432 -0.013559532 0.999478757 0.029297451 -0.598535061 0.991555035 0.017219869 -0.128539324 365.191009521
-0.128337026 0.025982900 -0.991390347 -108.852416992 -0.015764305 0.999476969 0.028235555 -0.580917835 0.991605520 0.019252241 -0.127860308 365.068481445
-0.126410365 0.026287163 -0.991629660 -109.755584717 -0.014359189 0.999495566 0.028326152 -0.561653614 0.991874099 0.017819716 -0.125969172 364.951416016
-0.124243140 0.030220689 -0.991791546 -110.680236816 -0.013737186 0.999387920 0.032173034 -0.536293030 0.992156744 0.017621702 -0.123751879 364.835449219
-0.122381926 0.039263181 -0.991706192 -111.622070312 -0.015466448 0.999020398 0.041461408 -0.509624004 0.992362618 0.020412296 -0.121654749 364.711853027
-0.119394898 0.054062482 -0.991374016 -112.576049805 -0.019978479 0.998183370 0.056839902 -0.472009659 0.992645979 0.026592525 -0.118097901 364.590698242
-0.114480257 0.059069693 -0.991667867 -113.547393799 -0.023139978 0.997801244 0.062106363 -0.424839020 0.993156075 0.030057117 -0.112861633 364.474700928
-0.108931065 0.050374880 -0.992772281 -114.518066406 -0.031475447 0.998039544 0.054095767 -0.376649857 0.993551075 0.037140645 -0.107131958 364.355102539
-0.101353168 0.038453441 -0.994107068 -115.506805420 -0.034038857 0.998533607 0.042095065 -0.318019152 0.994268000 0.038104735 -0.099895597 364.245971680
-0.096181154 0.040006008 -0.994559526 -116.529541016 -0.035544116 0.998416662 0.043598533 -0.271722317 0.994728982 0.039544098 -0.094606876 364.139007568
-0.089903831 0.050980102 -0.994644821 -117.586334229 -0.032042090 0.998024046 0.054049522 -0.226932049 0.995434880 0.036729760 -0.088092685 364.045776367
-0.084811807 0.054340843 -0.994914234 -118.648773193 -0.029199027 0.997947335 0.056995597 -0.178359032 0.995969176 0.033884417 -0.083050966 363.956939697
-0.080749631 0.044186745 -0.995754480 -119.705932617 -0.028008642 0.998521805 0.046580866 -0.126706123 0.996340811 0.031651117 -0.079392672 363.873779297
-0.077250957 0.034701779 -0.996407747 -120.786560059 -0.031115590 0.998823345 0.037198283 -0.077232599 0.996526182 0.033877410 -0.076080322 363.786346436
-0.073065758 0.036018260 -0.996676505 -121.880615234 -0.038301334 0.998509109 0.038892336 -0.039380312 0.996591389 0.041015737 -0.071577311 363.691772461
-0.068175077 0.042108979 -0.996784508 -123.000854492 -0.044078059 0.998006165 0.045175303 -0.001420021 0.996699393 0.047016140 -0.066183090 363.597473145
-0.062821507 0.037263878 -0.997328937 -124.123352051 -0.047634672 0.998051882 0.040291391 0.033118725 0.996887445 0.050038598 -0.060924172 363.517028809
-0.057052851 0.024583124 -0.998068511 -125.249237061 -0.043820355 0.998671710 0.027102897 0.075546563 0.997409046 0.045282010 -0.055899858 363.450195312
-0.052299142 0.018557426 -0.998459160 -126.401367188 -0.036642183 0.999118388 0.020488990 0.089987502 0.997959137 0.037657276 -0.051573038 363.398620605
-0.046827435 0.024757065 -0.998596311 -127.558654785 -0.031182034 0.999169409 0.026233502 0.121308923 0.998416305 0.032366704 -0.046016574 363.355651855
-0.040683508 0.037121307 -0.998482466 -128.752410889 -0.028371671 0.998863757 0.038291499 0.149249077 0.998769343 0.029886439 -0.039584041 363.310302734
-0.034256101 0.043366060 -0.998471856 -129.939117432 -0.028812516 0.998600006 0.044360142 0.187101364 0.998997748 0.030288089 -0.032958627 363.262481689
-0.029196024 0.042582661 -0.998666286 -131.119293213 -0.029834714 0.998609900 0.043452479 0.227406502 0.999128401 0.031063564 -0.027885079 363.217895508
-0.024710298 0.040688250 -0.998866439 -132.298507690 -0.030040164 0.998689950 0.041424207 0.270189762 0.999243379 0.031029707 -0.023455620 363.175262451
-0.021899343 0.039262805 -0.998989046 -133.479614258 -0.026619041 0.998851418 0.039840925 0.306203842 0.999405861 0.027464610 -0.020828962 363.152496338
-0.020100951 0.039161567 -0.999030709 -134.659072876 -0.024185473 0.998921156 0.039643891 0.333954811 0.999505401 0.024958909 -0.019132137 363.133544922
-0.019287109 0.042769145 -0.998898923 -135.845397949 -0.025197564 0.998746514 0.043249145 0.366808891 0.999496520 0.026003962 -0.018185258 363.102020264
-0.019580841 0.047265504 -0.998690486 -137.027542114 -0.025012193 0.998546124 0.047749080 0.403567314 0.999495447 0.025914403 -0.018370152 363.076904297
-0.020453334 0.044713300 -0.998790562 -138.195129395 -0.023023767 0.998713434 0.045181330 0.443655014 0.999525726 0.023920024 -0.019397616 363.046722412
-0.023217678 0.036561888 -0.999061704 -139.370895386 -0.015873903 0.999191582 0.036935542 0.477833271 0.999604464 0.016716564 -0.022618532 363.023895264
-0.028890252 0.031595498 -0.999083221 -140.526214600 -0.007963610 0.999461353 0.031837743 0.508523464 0.999550998 0.008876105 -0.028623104 363.000427246
-0.035716891 0.035133570 -0.998744309 -141.712570190 -0.001085702 0.999379873 0.035194758 0.529105186 0.999361515 0.002341382 -0.035656571 362.964599609
-0.043113232 0.041776128 -0.998196542 -142.882888794 0.001198144 0.999126792 0.041763317 0.555674553 0.999069631 0.000604562 -0.043125629 362.921813965
-0.050082922 0.042407021 -0.997844517 -144.053894043 -0.002704564 0.999088705 0.042595647 0.595917702 0.998741567 0.004832042 -0.049922585 362.855346680
-0.055640578 0.039933566 -0.997652054 -145.215911865 -0.009275406 0.999136090 0.040510274 0.628840446 0.998407900 0.011507636 -0.055222034 362.782836914
-0.059475541 0.035876524 -0.997584999 -146.369567871 -0.014594063 0.999215901 0.036805268 0.661280632 0.998123169 0.016747827 -0.058905363 362.692169189
-0.062547326 0.033321343 -0.997485757 -147.524093628 -0.016926832 0.999263346 0.034442123 0.696265697 0.997898579 0.019038528 -0.061937213 362.614562988
-0.064849496 0.035492182 -0.997263908 -148.689163208 -0.016190849 0.999198318 0.036613878 0.723569393 0.997763932 0.018520929 -0.064222813 362.540771484
-0.066486478 0.042634740 -0.996876121 -149.855087280 -0.012279344 0.998976052 0.043543525 0.753610611 0.997711837 0.015136039 -0.065894842 362.465667725
-0.068223953 0.049527507 -0.996440113 -151.006118774 -0.009838586 0.998685062 0.050312724 0.793525696 0.997621715 0.013236087 -0.067646980 362.389343262
-0.069400668 0.051348209 -0.996266603 -152.155639648 -0.011257794 0.998570502 0.052251182 0.836392403 0.997525454 0.014842024 -0.068723440 362.305358887
-0.069558620 0.046065245 -0.996513844 -153.293014526 -0.014566817 0.998779893 0.047186792 0.877879143 0.997471690 0.017798275 -0.068802714 362.218078613
-0.070193529 0.038010877 -0.996809065 -154.427627563 -0.016736342 0.999088228 0.039276335 0.914384842 0.997393072 0.019439874 -0.069493413 362.131469727
-0.070307016 0.037272114 -0.996828854 -155.564804077 -0.013416597 0.999175966 0.038306154 0.954300880 0.997435212 0.016067237 -0.069748998 362.052673340
-0.072225213 0.042202692 -0.996495187 -156.710906982 -0.010287177 0.999019742 0.043055221 0.979970932 0.997335434 0.013360793 -0.071720362 361.972259521
-0.075477242 0.047788367 -0.996001840 -157.846893311 -0.006180444 0.998809338 0.048391432 1.021424294 0.997128427 0.009808180 -0.075091958 361.889099121
-0.078310728 0.051836733 -0.995580494 -158.983596802 -0.002646829 0.998632967 0.052203860 1.061506271 0.996925533 0.006723251 -0.078066468 361.802062988
-0.080695152 0.054309983 -0.995258152 -160.112884521 -0.003595946 0.998492062 0.054778017 1.107337952 0.996732414 0.007999212 -0.080378175 361.705139160
-0.083260179 0.052803174 -0.995128095 -161.231613159 -0.006139623 0.998549044 0.053498391 1.152305603 0.996509135 0.010563988 -0.082815170 361.602722168
-0.085910916 0.050331574 -0.995030880 -162.344894409 -0.011409723 0.998607934 0.051497635 1.193434715 0.996237695 0.015777221 -0.085216999 361.493896484
-0.088186264 0.046150923 -0.995034456 -163.455093384 -0.013723604 0.998775005 0.047540691 1.228856087 0.996009588 0.017847884 -0.087444782 361.382751465
-0.089737654 0.042838648 -0.995043755 -164.551879883 -0.011954955 0.998956263 0.044085242 1.258473396 0.995893717 0.015851807 -0.089131832 361.271972656
-0.090822816 0.042088777 -0.994977295 -165.669357300 -0.011664153 0.998993039 0.043323368 1.299072266 0.995798767 0.015540317 -0.090240479 361.167022705
-0.092583418 0.047677927 -0.994562924 -166.780670166 -0.010064250 0.998757064 0.048815873 1.334522247 0.995654166 0.014529067 -0.091988564 361.060089111
-0.093500972 0.054913424 -0.994103789 -167.883285522 -0.007629252 0.998408973 0.055868816 1.369768143 0.995590091 0.012808050 -0.092933297 360.957458496
-0.093996406 0.056720793 -0.993955433 -168.990402222 -0.008591318 0.998292327 0.057780746 1.413609505 0.995535493 0.013970566 -0.093348503 360.847412109
-0.093995929 0.054586016 -0.994075000 -170.085372925 -0.009145392 0.998406291 0.055688608 1.456156731 0.995530546 0.014325705 -0.093346834 360.743347168
-0.094022512 0.050694507 -0.994278550 -171.163482666 -0.010772556 0.998592436 0.051933151 1.504545212 0.995511830 0.015593809 -0.093344092 360.636810303
-0.093956232 0.050847530 -0.994277060 -172.263916016 -0.013050993 0.998546183 0.052299138 1.546301842 0.995490849 0.017890129 -0.093155980 360.525939941
-0.094322324 0.053079650 -0.994125724 -173.342041016 -0.012917140 0.998428285 0.054534957 1.587904930 0.995458007 0.017985119 -0.093488455 360.417053223
-0.093978882 0.051218946 -0.994255841 -174.407882690 -0.008425022 0.998599052 0.052239034 1.627882957 0.995538592 0.013285989 -0.093415737 360.312896729
-0.094662309 0.043025419 -0.994579256 -175.483566284 -0.007739468 0.999003589 0.043953445 1.667964935 0.995479405 0.011858251 -0.094235063 360.216979980
-0.094538689 0.039777309 -0.994726241 -176.548263550 -0.003989078 0.999178290 0.040334459 1.704961777 0.995513260 0.007781203 -0.094302297 360.117156982
-0.095492601 0.045031171 -0.994411170 -177.620010376 -0.001857883 0.998966455 0.045415867 1.736817360 0.995428562 0.006184370 -0.095310211 360.014862061
-0.094952464 0.048339829 -0.994307399 -178.672760010 -0.004007309 0.998793662 0.048940614 1.766980171 0.995473742 0.008631530 -0.094644189 359.901977539
-0.093782663 0.043830421 -0.994627476 -179.746688843 -0.006735669 0.998979628 0.044657312 1.806313515 0.995569944 0.010887560 -0.093391776 359.798156738
-0.091823697 0.036854897 -0.995093167 -180.796890259 -0.014311666 0.999162793 0.038326256 1.839972019 0.995672584 0.017760694 -0.091219425 359.683410645
-0.088946700 0.035669655 -0.995397627 -181.862426758 -0.020917373 0.999071240 0.037670437 1.871757984 0.995816886 0.024171760 -0.088117957 359.577239990
-0.085776210 0.038889453 -0.995555222 -182.943145752 -0.024516340 0.998852968 0.041130580 1.902545929 0.996012807 0.027935388 -0.084724307 359.478881836
-0.081313610 0.041121043 -0.995839953 -184.011260986 -0.024749825 0.998757124 0.043262403 1.939446926 0.996381283 0.028164681 -0.080194712 359.382415771
-0.076749563 0.040446311 -0.996229708 -185.081039429 -0.022290416 0.998857558 0.042270254 1.974304676 0.996801198 0.025450598 -0.075760365 359.299621582
-0.071931362 0.039772078 -0.996616364 -186.156616211 -0.019436061 0.998959064 0.041268378 2.005753040 0.997220218 0.022338785 -0.071083546 359.223571777
-0.067151666 0.037474465 -0.997038782 -187.229278564 -0.015083427 0.999142051 0.038569406 2.036761284 0.997628808 0.017628757 -0.066528797 359.149780273
-0.063313961 0.035070501 -0.997377276 -188.309631348 -0.010352306 0.999305487 0.035795473 2.069569588 0.997939944 0.012591507 -0.062906981 359.087219238
-0.059462309 0.034039680 -0.997650087 -189.393157959 -0.005182712 0.999394417 0.034408100 2.096138477 0.998217225 0.007216514 -0.059249878 359.027587891
-0.055780768 0.039890323 -0.997645915 -190.480972290 0.000351350 0.999202311 0.039932910 2.126767159 0.998443007 0.001876960 -0.055750251 358.968597412
-0.053516030 0.046000116 -0.997506857 -191.572494507 0.006299903 0.998934090 0.045727938 2.160120964 0.998547077 -0.003837020 -0.053748727 358.912322998
-0.052033067 0.047630221 -0.997509003 -192.663391113 0.007213142 0.998853803 0.047318183 2.200176239 0.998619497 -0.004733075 -0.052316904 358.854187012
-0.049886346 0.045947473 -0.997697473 -193.768936157 0.009590155 0.998917222 0.045524124 2.246814728 0.998708904 -0.007297040 -0.050272942 358.799743652
-0.049043298 0.046095185 -0.997732460 -194.860229492 0.006831902 0.998926580 0.045814537 2.279742241 0.998773336 -0.004569512 -0.049305558 358.740600586
-0.046446681 0.048653785 -0.997735202 -195.952056885 0.002083543 0.998815715 0.048609484 2.317635536 0.998918593 0.000178927 -0.046493053 358.677612305
-0.043217182 0.048327286 -0.997896314 -197.045516968 -0.005188617 0.998805046 0.048596010 2.357473373 0.999052346 0.007277879 -0.042914867 358.608520508
-0.039091229 0.045656368 -0.998192072 -198.149536133 -0.011155369 0.998873413 0.046124399 2.398283958 0.999173403 0.012938261 -0.038537860 358.553283691
-0.034699917 0.044058986 -0.998426259 -199.280197144 -0.016342880 0.998869181 0.044646524 2.440432549 0.999264300 0.017866381 -0.033940554 358.511596680
-0.030106544 0.044924803 -0.998536646 -200.397201538 -0.020252153 0.998756945 0.045545332 2.483427048 0.999341547 0.021593725 -0.029159307 358.460449219
-0.025165558 0.046416465 -0.998605132 -201.510864258 -0.020890232 0.998678923 0.046946347 2.522488594 0.999465048 0.022042530 -0.024162650 358.418334961
-0.021058917 0.048151013 -0.998618126 -202.629928589 -0.020773195 0.998602867 0.048588343 2.559462547 0.999562442 0.021767698 -0.020029187 358.390411377
-0.017492294 0.050100848 -0.998591065 -203.772994995 -0.020126075 0.998523772 0.050450023 2.604078293 0.999644518 0.020980200 -0.016458154 358.367706299
-0.015034795 0.051732186 -0.998547971 -204.905975342 -0.018351361 0.998478174 0.052004885 2.649347305 0.999718666 0.019106586 -0.014062524 358.346069336
-0.013038516 0.051850803 -0.998569727 -206.042068481 -0.017703125 0.998486102 0.052077614 2.692226410 0.999758303 0.018356815 -0.012100816 358.330139160
-0.011689901 0.050811484 -0.998639882 -207.177795410 -0.017538266 0.998544037 0.051011909 2.736056328 0.999777853 0.018110735 -0.010781765 358.313110352
-0.010276437 0.052597880 -0.998562932 -208.305587769 -0.017516330 0.998452961 0.052772351 2.781133652 0.999793828 0.018033467 -0.009339213 358.293487549
-0.008750796 0.054371964 -0.998482466 -209.446868896 -0.018258708 0.998345494 0.054524530 2.829887390 0.999795079 0.018708128 -0.007743597 358.283325195
-0.007459044 0.054584906 -0.998481333 -210.584503174 -0.017856950 0.998342574 0.054710716 2.873570442 0.999812841 0.018237917 -0.006471992 358.273925781
-0.005787253 0.052655485 -0.998596013 -211.713302612 -0.016817996 0.998466313 0.052746113 2.917786598 0.999841809 0.017099638 -0.004892826 358.258666992
-0.004609823 0.052300192 -0.998620808 -212.847412109 -0.014142048 0.998528123 0.052360620 2.964221001 0.999889374 0.014363918 -0.003863454 358.257476807
-0.002998233 0.052338526 -0.998625100 -213.988174438 -0.014849241 0.998516977 0.052377447 3.008526802 0.999885440 0.014985852 -0.002216578 358.246276855
-0.000263691 0.050206695 -0.998738825 -215.110198975 -0.013555808 0.998646915 0.050205652 3.052243233 0.999908090 0.013551952 0.000417233 358.246765137
0.001998961 0.047459494 -0.998871267 -216.234680176 -0.011929831 0.998803198 0.047432393 3.097551346 0.999926925 0.011821543 0.002562761 358.254394531
0.005530715 0.048259586 -0.998819590 -217.351486206 -0.012948721 0.998754501 0.048184745 3.134047508 0.999900937 0.012666935 0.006148696 358.251159668
0.009929061 0.051269758 -0.998635471 -218.467224121 -0.012711584 0.998610497 0.051142089 3.172963142 0.999869883 0.012186446 0.010566950 358.252807617
0.013880253 0.054797821 -0.998401165 -219.563247681 -0.012682320 0.998426497 0.054622903 3.209498405 0.999823391 0.011903851 0.014553368 358.279724121
0.019235849 0.056662973 -0.998208165 -220.662872314 -0.014935498 0.998297632 0.056380246 3.251196861 0.999703526 0.013824205 0.020049393 358.294128418
0.024863839 0.056979451 -0.998065770 -221.751159668 -0.018216219 0.998234391 0.056535278 3.296451569 0.999524951 0.016775291 0.025857925 358.317565918
0.032229781 0.055869460 -0.997917771 -222.809478760 -0.019259071 0.998285770 0.055268057 3.335509300 0.999294937 0.017437695 0.033250511 358.338256836
0.039641917 0.054317724 -0.997736514 -223.867828369 -0.020495405 0.998355508 0.053537101 3.373476982 0.999003768 0.018326700 0.040690005 358.368469238
0.046045482 0.053813033 -0.997488916 -224.922546387 -0.019997699 0.998397470 0.052938931 3.414361000 0.998739243 0.017509880 0.047047853 358.416320801
0.050689518 0.054166127 -0.997244477 -225.944305420 -0.018187743 0.998412609 0.053305101 3.448222160 0.998548806 0.015435617 0.051594198 358.476745605
0.053868651 0.053368915 -0.997120917 -226.946319580 -0.015372681 0.998496711 0.052612059 3.480045319 0.998429775 0.012494275 0.054608107 358.536193848
0.056938648 0.052235018 -0.997010410 -227.937927246 -0.013352710 0.998580873 0.051554739 3.515374184 0.998288512 0.010377325 0.057555318 358.595947266
0.059334159 0.054337546 -0.996758342 -228.923858643 -0.012372714 0.998480737 0.053694934 3.547323227 0.998161674 0.009146651 0.059916317 358.652801514
0.061815739 0.059539646 -0.996310174 -229.892303467 -0.009488657 0.998209059 0.059064407 3.587511063 0.998042524 0.005802532 0.062269986 358.715698242
0.063559771 0.061588325 -0.996075928 -230.847457886 -0.007059859 0.998096704 0.061262786 3.623369217 0.997953176 0.003138296 0.063873649 358.777404785
0.065709054 0.053740378 -0.996390760 -231.775573730 -0.006317003 0.998551071 0.053440314 3.655593872 0.997818947 0.002782685 0.065953374 358.834259033
0.068400681 0.042942185 -0.996733367 -232.682922363 -0.004656132 0.999076068 0.042723592 3.689564705 0.997647107 0.001718596 0.068537474 358.901062012
0.071298659 0.044930987 -0.996442556 -233.578338623 -0.009439942 0.998970568 0.044369522 3.723605156 0.997410357 0.006242871 0.071649432 358.955352783
0.076228619 0.056980595 -0.995460927 -234.473358154 -0.012234188 0.998344064 0.056208782 3.751664162 0.997015357 0.007893935 0.076799512 359.017761230
0.081700563 0.065997206 -0.994469523 -235.334350586 -0.016763574 0.997754991 0.064838037 3.776474953 0.996516049 0.011373543 0.082623541 359.081970215
0.090440631 0.062851280 -0.993916571 -236.159332275 -0.020319857 0.997915268 0.061255153 3.814640045 0.995694518 0.014656288 0.091529250 359.146118164
0.099328697 0.060774796 -0.993196964 -236.965484619 -0.022746496 0.998010933 0.058794510 3.852571487 0.994794667 0.016751770 0.100513577 359.221038818
0.109451771 0.060918678 -0.992123604 -237.745910645 -0.021183109 0.998036444 0.058944806 3.886145592 0.993766367 0.014564648 0.110527337 359.312561035
0.121938109 0.059506591 -0.990752399 -238.499069214 -0.020288782 0.998142004 0.057453364 3.903623581 0.992330432 0.013095395 0.122918844 359.406250000
0.137149036 0.050004512 -0.989287496 -239.209655762 -0.019298770 0.998670340 0.047803305 3.930166245 0.990362465 0.012535850 0.137931705 359.509948730
0.153961122 0.041766450 -0.987193882 -239.900680542 -0.017678952 0.999062717 0.039511424 3.955798626 0.987918854 0.011369321 0.154555202 359.626098633
0.169918776 0.038724110 -0.984696984 -240.580474854 -0.013005647 0.999228716 0.037051339 3.979283333 0.985372305 0.006510900 0.170291364 359.759216309
0.185743511 0.044141244 -0.981606364 -241.233215332 -0.006594842 0.999023974 0.043676589 3.986089706 0.982576191 -0.001639109 0.185853362 359.893829346
0.200643897 0.048972551 -0.978439569 -241.865280151 -0.000178417 0.998751581 0.049952619 3.996383667 0.979664385 -0.009848126 0.200402141 360.037536621
0.213733494 0.049364604 -0.975643992 -242.484451294 0.005943473 0.998638213 0.051830076 4.016170502 0.976873994 -0.016876541 0.213149071 360.190643311
0.223618627 0.047775816 -0.973505080 -243.062789917 0.012542437 0.998574197 0.051887162 4.035749435 0.974596024 -0.023813061 0.222700536 360.339843750
0.230413377 0.045768883 -0.972015917 -243.628250122 0.017439846 0.998538613 0.051151808 4.052328110 0.972936571 -0.028737873 0.229278445 360.481079102
0.234031856 0.042604573 -0.971295059 -244.176971436 0.021287337 0.998575330 0.048930340 4.071524620 0.971995950 -0.032127548 0.232791483 360.618530273
0.235648096 0.041211214 -0.970964313 -244.724151611 0.025102209 0.998509049 0.048472494 4.084996700 0.971514225 -0.035795800 0.234262288 360.763031006
0.235692441 0.041358322 -0.970947385 -245.249298096 0.027334319 0.998416603 0.049163669 4.110176563 0.971443295 -0.038127691 0.234188735 360.890441895
0.232522547 0.042403992 -0.971666276 -245.758804321 0.028766166 0.998312175 0.050450668 4.130631447 0.972165585 -0.039682034 0.230910301 361.013885498
0.226732731 0.043545265 -0.972983181 -246.258300781 0.029101083 0.998251081 0.051457502 4.150471687 0.973522246 -0.039981965 0.225068986 361.131774902
0.220042706 0.045375593 -0.974434316 -246.732452393 0.027580855 0.998228788 0.052711803 4.160423279 0.975100279 -0.038474578 0.218401492 361.221801758
0.211566865 0.046356611 -0.976263583 -247.198287964 0.027561851 0.998194337 0.053370919 4.172323227 0.976974845 -0.038199153 0.209907174 361.319305420
0.201899111 0.045090504 -0.978367805 -247.625991821 0.027132384 0.998298764 0.051608201 4.186976433 0.979030430 -0.036965106 0.200332224 361.397735596
0.190321803 0.043748390 -0.980746567 -248.051116943 0.029143002 0.998314559 0.050187487 4.204361916 0.981289148 -0.038133673 0.188726068 361.475372314
0.175563812 0.042434875 -0.983553171 -248.468627930 0.032038424 0.998295069 0.048789762 4.216333389 0.983946681 -0.040077209 0.173904955 361.538452148
0.156091809 0.041066267 -0.986888587 -248.878479004 0.033311233 0.998348117 0.046811815 4.228541374 0.987180769 -0.040181417 0.154465973 361.595581055
0.134588540 0.042047869 -0.990009129 -249.289306641 0.032394584 0.998378515 0.046807282 4.241264343 0.990372002 -0.038370658 0.133008182 361.628021240
0.112891674 0.043594990 -0.992650568 -249.701339722 0.029852655 0.998437166 0.047244202 4.252322197 0.993158817 -0.034966733 0.111413836 361.655731201
0.091790199 0.045381445 -0.994743824 -250.101226807 0.027567359 0.998462260 0.048094880 4.265114784 0.995396793 -0.031837098 0.090398014 361.672973633
0.071311474 0.046394158 -0.996374547 -250.508972168 0.025676439 0.998501301 0.048330873 4.281084061 0.997123539 -0.029029898 0.070013404 361.683471680
0.050917864 0.047391172 -0.997577846 -250.911407471 0.024775509 0.998506129 0.048699856 4.295631409 0.998395503 -0.027195195 0.049667656 361.687561035
0.031834006 0.047509979 -0.998363435 -251.307449341 0.023526538 0.998557270 0.048269380 4.311244011 0.999216318 -0.025024643 0.030670345 361.681884766
0.014016867 0.047711093 -0.998762965 -251.708175659 0.021712089 0.998610914 0.048008554 4.323482513 0.999666154 -0.022358166 0.012961447 361.666503906
-0.001118898 0.047255296 -0.998882294 -252.095825195 0.018408719 0.998714566 0.047226746 4.337962151 0.999830008 -0.018335307 -0.001987338 361.649780273
-0.012441993 0.045741428 -0.998875916 -252.492996216 0.014928791 0.998850286 0.045554310 4.350618362 0.999811232 -0.014345227 -0.013110518 361.625549316
-0.020083547 0.044592682 -0.998803377 -252.901763916 0.009578826 0.998967588 0.044407405 4.365342140 0.999752402 -0.008675505 -0.020489931 361.605133057
-0.024335027 0.044800155 -0.998699546 -253.315124512 0.004861574 0.998988867 0.044694673 4.381432533 0.999692023 -0.003767606 -0.024528146 361.580505371
-0.026513577 0.045683403 -0.998604059 -253.741043091 0.002614560 0.998955011 0.045630042 4.394902229 0.999645054 -0.001401092 -0.026605368 361.565979004
-0.025360465 0.046391714 -0.998601496 -254.171218872 0.000354413 0.998923004 0.046397656 4.410896301 0.999678433 0.000822745 -0.025349617 361.550537109
-0.022389054 0.046945579 -0.998646557 -254.602203369 -0.002821014 0.998889923 0.047020271 4.425027847 0.999745429 0.003869934 -0.022231698 361.538299561
-0.018997788 0.046945475 -0.998716831 -255.032531738 -0.004911958 0.998880625 0.047046609 4.438225746 0.999807537 0.005799437 -0.018746018 361.529541016
-0.014841914 0.047049694 -0.998782337 -255.455017090 -0.008862634 0.998846889 0.047184438 4.450733185 0.999850631 0.009552147 -0.014407873 361.520843506
-0.006772518 0.046121605 -0.998912930 -255.888763428 -0.012952886 0.998847902 0.046206422 4.466154099 0.999893188 0.013251735 -0.006167293 361.511474609
0.003548443 0.045520034 -0.998957157 -256.325531006 -0.016912019 0.998823285 0.045453861 4.483593941 0.999850750 0.016733091 0.004314125 361.509979248
0.014302909 0.045714524 -0.998852193 -256.758575439 -0.019349679 0.998779893 0.045434143 4.501558304 0.999710500 0.018677626 0.015170038 361.522247314
0.025535107 0.046905074 -0.998573065 -257.177856445 -0.020487547 0.998713374 0.046387769 4.515823364 0.999464095 0.019273788 0.026463211 361.533172607
0.036629021 0.048349760 -0.998158693 -257.610595703 -0.020961791 0.998646319 0.047604155 4.531388283 0.999109149 0.019179495 0.037592888 361.546630859
0.047248006 0.051139779 -0.997573316 -258.033264160 -0.024771396 0.998441398 0.050011043 4.538542747 0.998576105 0.022348357 0.048441172 361.565673828
0.059234083 0.056487389 -0.996644616 -258.463256836 -0.027844444 0.998102725 0.054915141 4.538368225 0.997855663 0.024498170 0.060694575 361.584930420
0.070321858 0.058056656 -0.995833397 -258.887786865 -0.029989598 0.997976661 0.056063857 4.559455872 0.997073412 0.025922129 0.071920693 361.625122070
0.081664324 0.056278802 -0.995069742 -259.298431396 -0.027855610 0.998143315 0.054166555 4.570786476 0.996270657 0.023294792 0.083080411 361.666961670
0.092327774 0.054263566 -0.994249105 -259.693115234 -0.025063017 0.998324275 0.052158587 4.582085609 0.995413303 0.020103186 0.093533099 361.718444824
0.102377772 0.053776190 -0.993291020 -260.077178955 -0.024819570 0.998364925 0.051492754 4.585149765 0.994435966 0.019381339 0.103545070 361.769256592
0.111986518 0.052055784 -0.992345333 -260.432678223 -0.027802264 0.998400152 0.049235910 4.604465485 0.993320763 0.022075688 0.113254607 361.805267334
0.120438099 0.049958069 -0.991463006 -260.784210205 -0.030291855 0.998452783 0.046630565 4.619395256 0.992258608 0.024417158 0.121765077 361.840789795
0.125376880 0.046600681 -0.991014183 -261.113769531 -0.030111974 0.998614788 0.043148510 4.627120972 0.991652191 0.024431566 0.126606405 361.907348633
0.129757047 0.041981980 -0.990656674 -261.441955566 -0.025432499 0.998915493 0.039000798 4.646863461 0.991219640 0.020134246 0.130684018 361.967651367
0.133087158 0.040467009 -0.990277886 -261.762512207 -0.018673563 0.999091148 0.038317550 4.657651901 0.990928411 0.013392442 0.133721888 362.012054443
0.132639349 0.040815081 -0.990323782 -262.087951660 -0.014895677 0.999121010 0.039182600 4.666181564 0.991052568 0.009554384 0.133130729 362.057891846
0.127878964 0.041159183 -0.990935445 -262.409637451 -0.013691301 0.999116540 0.039732151 4.673247337 0.991695344 0.008486287 0.128329515 362.098815918
0.117149055 0.040570062 -0.992285430 -262.724029541 -0.013674493 0.999136388 0.039235763 4.689782619 0.993020296 0.008972563 0.117602646 362.142181396
0.101748765 0.041690875 -0.993936181 -263.042053223 -0.015473726 0.999066889 0.040322047 4.693473816 0.994689822 0.011277179 0.102298915 362.167480469
0.082502782 0.041726615 -0.995716989 -263.354217529 -0.015909443 0.999050915 0.040548112 4.697175980 0.996463954 0.012495966 0.083088279 362.184783936
0.060003698 0.039398286 -0.997420430 -263.669250488 -0.015803955 0.999133050 0.038515188 4.722498417 0.998073101 0.013452131 0.060574293 362.182800293
0.032240927 0.037173808 -0.998788655 -263.977142334 -0.013377996 0.999234617 0.036758568 4.722986698 0.999390662 0.012176658 0.032713532 362.189239502
0.002910316 0.033861019 -0.999422431 -264.296356201 -0.012472642 0.999350011 0.033822250 4.732862473 0.999918103 0.012367001 0.003330767 362.167175293
-0.029497027 0.033485938 -0.999003947 -264.626525879 -0.012028420 0.999354422 0.033852845 4.735655308 0.999492645 0.013014991 -0.029075146 362.134643555
-0.067329526 0.036047276 -0.997079551 -264.964508057 -0.013686864 0.999219716 0.037048880 4.733343601 0.997637093 0.016141370 -0.066783667 362.109161377
-0.107111573 0.038439110 -0.993503809 -265.317932129 -0.015156181 0.999073148 0.040288612 4.748599529 0.994131625 0.019373091 -0.106429696 362.044006348
-0.149928451 0.040101573 -0.987883449 -265.681518555 -0.012596542 0.999018550 0.042465333 4.767286777 0.988616765 0.018810669 -0.149276257 361.971710205
-0.194873571 0.040420603 -0.979995131 -266.051940918 -0.009049428 0.999033868 0.043005362 4.775802135 0.980786622 0.017249003 -0.194319487 361.878967285
-0.241795182 0.039408389 -0.969526708 -266.426727295 -0.006447651 0.999087632 0.042217966 4.801914215 0.970305920 0.016459269 -0.241320491 361.761291504
-0.291447520 0.041390236 -0.955690920 -266.812072754 -0.004066663 0.999000847 0.044506121 4.813377857 0.956578135 0.016857674 -0.290987968 361.630432129
-0.339080930 0.040587246 -0.939881325 -267.187744141 -0.004094179 0.998995781 0.044617064 4.834479332 0.940748334 0.018976836 -0.338574290 361.446258545
-0.387495756 0.040196128 -0.920994759 -267.564300537 0.000142319 0.999051571 0.043542977 4.837994576 0.921871543 0.016741641 -0.387133956 361.252960205
-0.438871026 0.037144784 -0.897782266 -267.961181641 0.003927419 0.999214947 0.039421584 4.861724377 0.898541749 0.013775017 -0.438672423 361.038757324
-0.490239024 0.037070252 -0.870799541 -268.361602783 0.010583820 0.999274671 0.036581054 4.877775669 0.871523976 0.008717068 -0.490275741 360.795166016
-0.541919351 0.037961788 -0.839572966 -268.753753662 0.014432150 0.999252379 0.035866275 4.899785995 0.840306818 0.007319781 -0.542062044 360.521667480
-0.591180086 0.043135237 -0.805385590 -269.137969971 0.021602709 0.999057412 0.037650906 4.906135559 0.806250572 0.004859948 -0.591554761 360.202941895
-0.640949965 0.045319583 -0.766243696 -269.519927979 0.024573121 0.998955309 0.038528342 4.926012993 0.767189264 0.005865737 -0.641394019 359.858581543
-0.686183214 0.044645987 -0.726057529 -269.866973877 0.025767714 0.998980165 0.037075695 4.963434219 0.726972342 0.006731875 -0.686633945 359.470062256
-0.730745673 0.048996277 -0.680889487 -270.222564697 0.031176003 0.998775542 0.038412344 4.972362518 0.681937814 0.006842236 -0.731378436 359.045593262
-0.771718860 0.052606747 -0.633784592 -270.561920166 0.036310889 0.998591959 0.038673837 4.992071152 0.634926677 0.006832043 -0.772542357 358.580322266
-0.810305119 0.056852993 -0.583243966 -270.902191162 0.042081755 0.998358428 0.038852714 5.007618904 0.584495425 0.006938626 -0.811367512 358.085266113
-0.844135880 0.059682693 -0.532797158 -271.218292236 0.046409156 0.998188496 0.038286529 5.025053978 0.534117043 0.007592365 -0.845376611 357.563415527
-0.872512102 0.059683532 -0.484933585 -271.484863281 0.047307812 0.998167455 0.037732016 5.053109169 0.486296922 0.009980490 -0.873736739 357.004089355
-0.896551728 0.058699228 -0.439033091 -271.748809814 0.046869218 0.998187602 0.037746996 5.079323769 0.440453112 0.013264989 -0.897678018 356.403869629
-0.915531516 0.059774958 -0.397780627 -271.979705811 0.048113331 0.998070657 0.039243676 5.085803032 0.399358958 0.016790265 -0.916641116 355.802520752
-0.931201577 0.060567517 -0.359437555 -272.212066650 0.049823482 0.997992814 0.039089523 5.112800598 0.361083657 0.018491792 -0.932350159 355.166076660
-0.944577694 0.062136333 -0.322354376 -272.416259766 0.051971082 0.997844994 0.040054414 5.136599541 0.324148536 0.021081395 -0.945771456 354.486145020
-0.955791473 0.062456798 -0.287336022 -272.606658936 0.053316925 0.997794807 0.039532848 5.157082081 0.289171487 0.022465283 -0.957013726 353.797393799
-0.964558721 0.064672545 -0.255820394 -272.792205811 0.057465870 0.997714162 0.035554279 5.186721802 0.257535011 0.019593246 -0.966070414 353.076232910
-0.971365094 0.067479052 -0.227807969 -272.948211670 0.062599845 0.997629285 0.028584465 5.210453987 0.229196757 0.013505206 -0.973286390 352.334259033
-0.977079272 0.070534952 -0.200850815 -273.108581543 0.067450486 0.997476339 0.022168096 5.226465225 0.201907560 0.008112499 -0.979371071 351.570159912
-0.981825829 0.073451549 -0.174994558 -273.235992432 0.071246013 0.997280419 0.018861309 5.244356155 0.175904036 0.006050854 -0.984388828 350.781738281
-0.985637903 0.079748273 -0.148856372 -273.364288330 0.077641711 0.996782303 0.019918961 5.259443283 0.149965897 0.008075420 -0.988658190 349.957153320
-0.988630533 0.084424645 -0.124428429 -273.476226807 0.082283393 0.996360421 0.022257835 5.276693344 0.125854671 0.011766379 -0.991979003 349.103088379
-0.991119146 0.084296957 -0.102846421 -273.550781250 0.082179412 0.996312320 0.024663217 5.292669296 0.104546197 0.015992321 -0.994391680 348.238586426
-0.992781758 0.084466875 -0.085147321 -273.617095947 0.082836255 0.996308863 0.022511447 5.307653427 0.086734504 0.015295667 -0.996114254 347.342224121
-0.994310856 0.078258455 -0.072259933 -273.688537598 0.077043191 0.996837854 0.019458989 5.326131821 0.073554263 0.013781147 -0.997195959 346.414276123
-0.995360374 0.070348099 -0.065644063 -273.727539062 0.069479138 0.997464061 0.015430706 5.340792656 0.066563115 0.010798218 -0.997723937 345.495086670
-0.995824933 0.067052551 -0.061941866 -273.773071289 0.066283666 0.997697055 0.014387945 5.352794647 0.062763967 0.010222139 -0.997976184 344.533447266
-0.995791793 0.068747416 -0.060601603 -273.832458496 0.067930251 0.997570515 0.015445238 5.366471291 0.061516192 0.011263559 -0.998042464 343.544219971
-0.995776057 0.070319392 -0.059040025 -273.900909424 0.069456600 0.997447789 0.016543321 5.383491516 0.060052659 0.012372719 -0.998118758 342.553741455
-0.995697379 0.072123051 -0.058180455 -273.957702637 0.071247473 0.997313976 0.016988534 5.401857376 0.059249446 0.012770228 -0.998161435 341.539306641
-0.995823860 0.071504846 -0.056766301 -274.011840820 0.070616826 0.997349977 0.017500898 5.415024757 0.057867270 0.013419152 -0.998234272 340.496673584
-0.995921016 0.071206927 -0.055415712 -274.068603516 0.070253074 0.997348666 0.018976944 5.435339928 0.056620080 0.015006413 -0.998282909 339.431396484
-0.996054292 0.070331372 -0.054126620 -274.122558594 0.069320656 0.997387230 0.020331820 5.451216698 0.055415165 0.016499503 -0.998327255 338.355926514
-0.996342182 0.067003362 -0.053039048 -274.167449951 0.065990634 0.997607112 0.020622445 5.478323936 0.054293904 0.017046930 -0.998379588 337.256134033
-0.996366978 0.068330556 -0.050832510 -274.238128662 0.067187384 0.997454822 0.023869833 5.484579563 0.052334171 0.020367807 -0.998422027 336.129180908
-0.996508360 0.067880712 -0.048616581 -274.292144775 0.066738985 0.997463822 0.024736393 5.503487587 0.050172403 0.021405399 -0.998511314 335.014343262
-0.996693254 0.066335440 -0.046932120 -274.327209473 0.065303624 0.997595966 0.023188915 5.522547722 0.048357539 0.020047393 -0.998629093 333.929046631
-0.996724129 0.067607403 -0.044390354 -274.391357422 0.066735029 0.997552872 0.020850273 5.543837070 0.045691356 0.017819574 -0.998796701 332.740570068
-0.996766448 0.068722174 -0.041646983 -274.429656982 0.067918733 0.997482061 0.020410467 5.558393478 0.042944770 0.017515853 -0.998924136 331.605285645
-0.996835947 0.069350027 -0.038845781 -274.468536377 0.068544827 0.997412205 0.021691628 5.573206902 0.040249567 0.018960312 -0.999009848 330.455169678
-0.996873617 0.070497088 -0.035686985 -274.517211914 0.069653742 0.997274041 0.024349315 5.588086605 0.037306260 0.021787452 -0.999066472 329.293151855
-0.996870995 0.072242424 -0.032081474 -274.555145264 0.071328461 0.997037709 0.028775271 5.613235474 0.034065235 0.026396912 -0.999071002 328.110778809
-0.996893167 0.073678002 -0.027859468 -274.587799072 0.072666034 0.996715665 0.035742562 5.640561104 0.030401409 0.033607069 -0.998973012 326.907897949
-0.996733904 0.077089161 -0.024063248 -274.623718262 0.076127589 0.996350586 0.038602091 5.669868946 0.026951235 0.036644131 -0.998965025 325.710449219
-0.996826649 0.076639205 -0.021513222 -274.642425537 0.075925499 0.996592283 0.032234788 5.694589138 0.023910360 0.030499099 -0.999248624 324.527496338
-0.997058153 0.074114703 -0.019552113 -274.666351318 0.073755585 0.997104883 0.018491210 5.714017868 0.020865979 0.016994732 -0.999637961 323.337158203
-0.997344851 0.070474885 -0.018351853 -274.688079834 0.070354126 0.997496486 0.007145511 5.721287727 0.018809486 0.005835409 -0.999806166 322.148406982
-0.997658253 0.066670537 -0.015278557 -274.700775146 0.066556647 0.997751772 0.007845965 5.715113640 0.015767302 0.006810701 -0.999852657 320.960113525
-0.997783065 0.065528624 -0.011614137 -274.709991455 0.065312736 0.997700989 0.018084032 5.718842506 0.012772458 0.017285390 -0.999768972 319.766204834
-0.997909546 0.064255074 -0.006943186 -274.713165283 0.064037859 0.997555971 0.027949732 5.728964806 0.008722128 0.027446672 -0.999585390 318.574920654
-0.998007894 0.063067913 -0.001788299 -274.702789307 0.062983796 0.997544765 0.030618872 5.748472214 0.003714977 0.030445233 -0.999529719 317.388488770
-0.997971654 0.063545130 0.003836264 -274.700012207 0.063630678 0.997540593 0.029392613 5.766461372 -0.001959071 0.029577097 -0.999560595 316.222442627
-0.997923136 0.063771322 0.009117148 -274.684600830 0.064001933 0.997563779 0.027753314 5.785749912 -0.007325072 0.028279183 -0.999573469 315.045928955
-0.997851014 0.063889347 0.014566893 -274.659057617 0.064283825 0.997526169 0.028445711 5.796700478 -0.012713479 0.029320987 -0.999489546 313.858032227
-0.997730613 0.064217433 0.020240212 -274.636810303 0.064781711 0.997490168 0.028578449 5.816481113 -0.018354177 0.029824790 -0.999386668 312.691192627
-0.997581959 0.064714640 0.025346804 -274.591552734 0.065445676 0.997430027 0.029159084 5.834925175 -0.023394644 0.030747410 -0.999253392 311.536956787
-0.997278571 0.066726707 0.031355519 -274.557861328 0.067678280 0.997245967 0.030334448 5.852914810 -0.029245047 0.032373980 -0.999047995 310.351593018
-0.996977925 0.068384916 0.036860287 -274.516540527 0.069548190 0.997088730 0.031257920 5.869267464 -0.034615409 0.033727020 -0.998831511 309.205657959
-0.996649623 0.069744654 0.042726930 -274.463317871 0.071074106 0.997006834 0.030427437 5.886221886 -0.040476892 0.033362266 -0.998623490 308.046295166
-0.996191859 0.072687805 0.048150282 -274.408935547 0.074161977 0.996807694 0.029569630 5.909662247 -0.045847222 0.033027943 -0.998402357 306.891143799
-0.995922804 0.072499916 0.053682607 -274.344238281 0.074131787 0.996825099 0.029055746 5.929351330 -0.051405627 0.032916863 -0.998135448 305.736236572
-0.995493412 0.074160472 0.059103746 -274.285095215 0.076011613 0.996664226 0.029709939 5.940912247 -0.056703284 0.034068618 -0.997809768 304.562103271
-0.995123267 0.075512812 0.063468367 -274.207336426 0.077396646 0.996613741 0.027762882 5.957231522 -0.061156996 0.032539718 -0.997598052 303.418945312
-0.994504094 0.079567187 0.068049155 -274.141418457 0.081438161 0.996360481 0.025172776 5.971119881 -0.065798558 0.030576227 -0.997364283 302.281646729
-0.994068742 0.081173249 0.072378643 -274.053100586 0.083170839 0.996221125 0.025021330 5.986106396 -0.070074067 0.030892707 -0.997063518 301.147369385
-0.993440151 0.083777070 0.077835232 -273.972229004 0.086046472 0.995944738 0.026269268 6.001515865 -0.075318828 0.032794390 -0.996620178 300.001617432
-0.992749929 0.086607590 0.083346784 -273.884246826 0.088968322 0.995719850 0.025032734 6.012123108 -0.080822028 0.032266468 -0.996206164 298.862854004
-0.992220521 0.088251404 0.087807909 -273.782226562 0.090639703 0.995604396 0.023586480 6.026952267 -0.085340403 0.031361870 -0.995858192 297.732849121
-0.991754770 0.089101546 0.092108414 -273.674499512 0.091817029 0.995445013 0.025668235 6.040411472 -0.089401782 0.033913705 -0.995418310 296.604949951
-0.991171598 0.090981565 0.096444234 -273.569976807 0.093965314 0.995213330 0.026851501 6.052180767 -0.093539596 0.035676856 -0.994976282 295.471313477
-0.990819573 0.090900168 0.100072607 -273.450073242 0.093911633 0.995246291 0.025795143 6.066519260 -0.097252116 0.034956302 -0.994646072 294.354095459
-0.990515113 0.090260103 0.103602529 -273.326660156 0.093178943 0.995367765 0.023678295 6.075803757 -0.100985408 0.033107277 -0.994337201 293.210327148
-0.990350842 0.088683486 0.106491737 -273.205383301 0.091496781 0.995566308 0.021819798 6.082485199 -0.104084522 0.031352907 -0.994074106 292.105224609
-0.990051150 0.088526912 0.109370463 -273.073730469 0.091340564 0.995598674 0.020979496 6.095007420 -0.107031837 0.030760730 -0.993779659 290.982727051
-0.989616513 0.089270249 0.112650111 -272.955383301 0.092200696 0.995517552 0.021067252 6.105195045 -0.110264480 0.031234918 -0.993411422 289.832672119
-0.989137888 0.090218082 0.116049066 -272.822998047 0.093175963 0.995442510 0.020309916 6.116309643 -0.113687851 0.030902287 -0.993036032 288.691589355
-0.988602519 0.091732077 0.119374484 -272.685852051 0.094614856 0.995338321 0.018697748 6.126739502 -0.117102817 0.029779242 -0.992673159 287.555206299
-0.988212109 0.091645882 0.122630022 -272.538513184 0.094512179 0.995365441 0.017752048 6.137198448 -0.120434776 0.029132817 -0.992293835 286.426269531
-0.987840772 0.091046400 0.126019686 -272.395019531 0.094058730 0.995401204 0.018150881 6.140580177 -0.123787574 0.029783435 -0.991861582 285.283325195
-0.987584352 0.089124076 0.129360095 -272.236816406 0.092273869 0.995560825 0.018551247 6.144467354 -0.127132475 0.030257476 -0.991424084 284.138519287
-0.987286806 0.087428503 0.132744417 -272.077026367 0.090604447 0.995723128 0.018064767 6.156721592 -0.130597293 0.029862341 -0.990985751 283.003845215
-0.986969590 0.086612001 0.135607868 -271.917694092 0.089875817 0.995788097 0.018122036 6.155815125 -0.133467123 0.030073766 -0.990596890 281.843750000
-0.986538053 0.086495914 0.138784170 -271.749572754 0.089781336 0.995806396 0.017577896 6.164462566 -0.136681736 0.029801494 -0.990166664 280.701416016
-0.986049771 0.086860470 0.141990378 -271.584655762 0.090098925 0.995795667 0.016527396 6.182029724 -0.139957815 0.029090013 -0.989730120 279.536071777
-0.985486507 0.087577946 0.145419091 -271.410217285 0.091065891 0.995691240 0.017491478 6.185872078 -0.143260643 0.030480333 -0.989215612 278.388031006
-0.984975100 0.087094471 0.149126410 -271.239318848 0.090865225 0.995688558 0.018648673 6.184542656 -0.146859258 0.031918880 -0.988642335 277.241699219
-0.984577894 0.085802384 0.152460888 -271.053497314 0.089774407 0.995774150 0.019349847 6.191116333 -0.150156349 0.032738518 -0.988119960 276.090148926
-0.984151721 0.084081501 0.156128332 -270.867431641 0.088110715 0.995928407 0.019055774 6.200247288 -0.153890401 0.032510348 -0.987553120 274.942657471
-0.983711004 0.082832448 0.159536064 -270.689147949 0.086826243 0.996056914 0.018215841 6.213472843 -0.157398149 0.031771038 -0.987024188 273.792999268
-0.983392119 0.080282271 0.162773967 -270.485748291 0.084086478 0.996320069 0.016606532 6.220375538 -0.160841763 0.030017812 -0.986523986 272.640747070
-0.982955337 0.078385137 0.166296348 -270.293090820 0.081955470 0.996527493 0.014706445 6.230673313 -0.164566115 0.028084677 -0.985966086 271.462554932
-0.982681513 0.074980915 0.169454977 -270.077972412 0.078455001 0.996820867 0.013890004 6.238275528 -0.167874768 0.026944039 -0.985440016 270.303771973
-0.982002378 0.073603302 0.173936203 -269.879394531 0.077506661 0.996867478 0.015747068 6.236317158 -0.172232315 0.028944874 -0.984630942 269.128845215
-0.981464744 0.072090425 0.177567050 -269.658721924 0.076272659 0.996944904 0.016831616 6.241662025 -0.175811172 0.030063147 -0.983964801 267.951232910
-0.980635643 0.071864583 0.182179183 -269.440643311 0.076123632 0.996962070 0.016485337 6.249116421 -0.180441037 0.030034252 -0.983127117 266.765258789
-0.979897618 0.071819238 0.186127350 -269.209655762 0.075996183 0.996989250 0.015395028 6.252252102 -0.184461311 0.029230511 -0.982405305 265.594207764
-0.978901386 0.072803304 0.190924168 -268.986206055 0.076939240 0.996932805 0.014329887 6.257852077 -0.189295307 0.028717104 -0.981500387 264.408966064
-0.977995038 0.072655469 0.195569396 -268.744567871 0.077142090 0.996900976 0.015412743 6.260049343 -0.193843499 0.030160213 -0.980569005 263.233734131
-0.977093220 0.071186967 0.200552464 -268.504425049 0.076364987 0.996913970 0.018191909 6.265459061 -0.198638514 0.033090379 -0.979514122 262.061218262
-0.976052403 0.070253059 0.205878839 -268.250549316 0.076227292 0.996864617 0.021221478 6.266376495 -0.203742459 0.036406860 -0.978347301 260.884490967
-0.975186706 0.068274967 0.210593149 -267.982543945 0.074380286 0.997004628 0.021198276 6.279709816 -0.208515018 0.036336254 -0.977344036 259.720977783
-0.973831773 0.066428959 0.217344984 -267.736389160 0.072426021 0.997178555 0.019734630 6.289390087 -0.215420812 0.034959644 -0.975895286 258.509796143
-0.972604513 0.067003421 0.222600654 -267.461395264 0.072554044 0.997222245 0.016842237 6.303391457 -0.220853835 0.032531414 -0.974764228 257.328308105
-0.971492290 0.065978147 0.227705151 -267.188293457 0.071198009 0.997352719 0.014777126 6.309969425 -0.226127386 0.030568017 -0.973617911 256.154663086
-0.970104456 0.067850649 0.233010501 -266.901855469 0.073046669 0.997233987 0.013732937 6.312691212 -0.231434196 0.030343020 -0.972377419 254.965545654
-0.968882561 0.067491136 0.238142297 -266.609130859 0.072995223 0.997228920 0.014359831 6.322128296 -0.236513227 0.031296238 -0.971124172 253.772430420
-0.967812777 0.064805396 0.243185207 -266.295532227 0.070954286 0.997341394 0.016601974 6.324927330 -0.241462767 0.033322632 -0.969837904 252.568756104
-0.966658354 0.062987998 0.248201877 -265.992431641 0.069848239 0.997378170 0.018922197 6.333141804 -0.246359244 0.035627764 -0.968523502 251.367370605
-0.965553641 0.061069049 0.252936453 -265.670135498 0.068468116 0.997441709 0.020545954 6.345831871 -0.251034647 0.037156299 -0.967264771 250.152618408
-0.964246154 0.061336353 0.257812470 -265.349578857 0.068979502 0.997403324 0.020697724 6.350562572 -0.255873501 0.037741475 -0.965973258 248.955993652
-0.962757349 0.063908033 0.262705922 -265.017791748 0.071184032 0.997295976 0.018262682 6.361565113 -0.260828435 0.036282994 -0.964703202 247.749450684
-0.960862875 0.068807252 0.268343389 -264.690032959 0.076041840 0.996965647 0.016647751 6.366780281 -0.266383648 0.036401529 -0.963179588 246.551483154
-0.959056854 0.071273260 0.274098963 -264.349670410 0.078727104 0.996763349 0.016275845 6.370634079 -0.272051752 0.037188478 -0.961563945 245.361297607
-0.957267642 0.073261090 0.279771417 -264.004699707 0.081046499 0.996576309 0.016345140 6.371046543 -0.277616113 0.038321160 -0.959927797 244.178131104
-0.955551267 0.074398920 0.285283446 -263.648101807 0.082832560 0.996408165 0.017593270 6.375889301 -0.282949835 0.040442031 -0.958281755 242.978668213
-0.954120159 0.073418431 0.290283799 -263.284973145 0.082780801 0.996365309 0.020088101 6.380021572 -0.287753880 0.043196384 -0.956729889 241.787750244
-0.952788830 0.073604897 0.294577092 -262.921203613 0.083392709 0.996299982 0.020786047 6.386754513 -0.291957170 0.044370294 -0.955401659 240.605285645
-0.951713324 0.074608929 0.297784388 -262.545166016 0.083775036 0.996319950 0.018118627 6.393697739 -0.295336723 0.042190634 -0.954461336 239.443176270
-0.950265884 0.078446127 0.301398784 -262.177001953 0.086514391 0.996159196 0.013493188 6.398996353 -0.299182683 0.038897444 -0.953402877 238.243713379
-0.949340701 0.079150543 0.304117888 -261.794250488 0.086002663 0.996252596 0.009180279 6.398345947 -0.302251607 0.034870159 -0.952590346 237.084625244
-0.948021054 0.080337189 0.307899863 -261.420043945 0.087262742 0.996146739 0.008766734 6.385940552 -0.306009144 0.035179231 -0.951378584 235.902008057
-0.946871281 0.079418801 0.311653197 -261.029541016 0.087685876 0.996068716 0.012580137 6.386946678 -0.309428900 0.039239351 -0.950112820 234.720977783
-0.945713043 0.079068452 0.315237820 -260.643249512 0.088550717 0.995945573 0.015847394 6.387959480 -0.312706679 0.042901624 -0.948880315 233.533447266
-0.944481850 0.078596093 0.319025099 -260.245635986 0.088473402 0.995940804 0.016564379 6.391289711 -0.316428214 0.043869983 -0.947601676 232.356414795
-0.943487763 0.078471445 0.321983218 -259.844482422 0.088012643 0.996003985 0.015159095 6.397722244 -0.319507003 0.042641014 -0.946624041 231.208374023
-0.942288160 0.078100346 0.325566590 -259.433685303 0.087583430 0.996050954 0.014549686 6.401080132 -0.323144555 0.042224228 -0.945407271 230.038238525
-0.940847039 0.079595521 0.329350591 -259.026519775 0.088815257 0.995963037 0.013017612 6.397568226 -0.326984882 0.041498933 -0.944118142 228.880065918
-0.939038515 0.081174508 0.334091544 -258.604614258 0.089668453 0.995920956 0.010053377 6.395376682 -0.331912667 0.039397981 -0.942486882 227.722808838
-0.937205315 0.083676778 0.338591874 -258.205200195 0.091691174 0.995757639 0.007713319 6.385077000 -0.336510003 0.038274851 -0.940901756 226.596832275
-0.935433865 0.084016144 0.343373537 -257.773223877 0.092179760 0.995714188 0.007490321 6.380252838 -0.341272593 0.038658783 -0.939169407 225.445922852
-0.933512330 0.084073134 0.348549038 -257.357666016 0.093475275 0.995569229 0.010212899 6.379920959 -0.346146077 0.042114586 -0.937234998 224.279968262
-0.931682587 0.083406910 0.353569090 -256.921630859 0.094652668 0.995403290 0.014601740 6.375496387 -0.350725949 0.047070440 -0.935294628 223.126770020
-0.929817915 0.084943771 0.358082950 -256.475799561 0.097353205 0.995109200 0.016734725 6.381866932 -0.354910105 0.050420765 -0.933539987 221.976074219
-0.927860856 0.086803563 0.362683892 -256.038452148 0.099475615 0.994905293 0.016372902 6.385132790 -0.359414905 0.051269971 -0.931768537 220.818695068
-0.926288009 0.089366354 0.366066605 -255.582885742 0.101535000 0.994732320 0.014082203 6.387554646 -0.362879813 0.050212741 -0.930482388 219.677032471
-0.924856186 0.090972967 0.369277149 -255.115585327 0.101928212 0.994739234 0.010221381 6.382153034 -0.366404593 0.047093056 -0.929263473 218.514251709
-0.923825741 0.090618722 0.371932983 -254.675094604 0.100409724 0.994921565 0.006997419 6.377910137 -0.369410068 0.043810084 -0.928233266 217.406158447
-0.922810555 0.088716693 0.374900132 -254.208969116 0.098423831 0.995121479 0.006782244 6.367147446 -0.372469455 0.043157831 -0.927040339 216.273223877
-0.922127604 0.084786221 0.377481222 -253.739074707 0.095073223 0.995432556 0.008664467 6.364691257 -0.375022471 0.043878101 -0.925976753 215.116699219
-0.921411157 0.082105227 0.379816264 -253.262435913 0.092894040 0.995624483 0.010130222 6.363234520 -0.377322614 0.044616763 -0.925006628 213.988067627
-0.920657754 0.081174985 0.381837785 -252.795333862 0.092133194 0.995691657 0.010470097 6.353007317 -0.379342765 0.044819310 -0.924170136 212.859466553
-0.919857979 0.081783578 0.383631080 -252.320220947 0.092101932 0.995712698 0.008570068 6.354928493 -0.381285429 0.043216407 -0.923446655 211.746063232
-0.918884873 0.081116006 0.386096895 -251.849014282 0.090834573 0.995841682 0.006961507 6.343285561 -0.383926660 0.041467771 -0.922431946 210.617492676
-0.918057680 0.081371322 0.388006777 -251.370269775 0.091190889 0.995809317 0.006928101 6.338506699 -0.385817021 0.041743070 -0.921630740 209.499359131
-0.917182326 0.080671899 0.390216589 -250.889144897 0.091864966 0.995720506 0.010071951 6.331677437 -0.387734145 0.045085043 -0.920668125 208.361694336
-0.916318297 0.079296142 0.392521113 -250.403747559 0.091808572 0.995689511 0.013175178 6.327001572 -0.389784425 0.048109461 -0.919648647 207.250610352
-0.915292382 0.079551190 0.394856989 -249.913513184 0.091548100 0.995733082 0.011602953 6.326399803 -0.392249137 0.046768494 -0.918669581 206.134277344
-0.913653970 0.081078097 0.398325562 -249.434997559 0.092005193 0.995723426 0.008358796 6.327666283 -0.395944387 0.044285059 -0.917206287 204.998962402
-0.912324309 0.081196591 0.401337743 -248.939147949 0.091231659 0.995812118 0.005920934 6.326530933 -0.399176240 0.042016514 -0.915911317 203.890655518
-0.910901546 0.080640852 0.404667079 -248.441864014 0.090522304 0.995880306 0.005308735 6.318438053 -0.402571857 0.041467130 -0.914448619 202.780395508
-0.909347892 0.081823684 0.407911152 -247.947769165 0.092556603 0.995685518 0.006608018 6.309524059 -0.405610532 0.043763857 -0.912997842 201.615020752
-0.907969117 0.080597349 0.411213309 -247.439407349 0.092401139 0.995682359 0.008871336 6.304733753 -0.408722818 0.046051472 -0.911496162 200.508178711
-0.906482220 0.079072461 0.414774269 -246.930801392 0.091895208 0.995707750 0.011013935 6.293130875 -0.412123054 0.048099700 -0.909857750 199.387817383
-0.904931188 0.075414151 0.418822974 -246.414642334 0.087988928 0.996063352 0.010760244 6.290261745 -0.416362733 0.046589062 -0.908004403 198.283203125
-0.903471708 0.072866969 0.422409147 -245.892913818 0.084867768 0.996345520 0.009646898 6.280173302 -0.420162529 0.044564620 -0.906353951 197.168640137
-0.902200699 0.069543853 0.425672919 -245.365295410 0.080174237 0.996755719 0.007082969 6.277694225 -0.423799306 0.040518261 -0.904849410 196.075073242
-0.900709987 0.067017123 0.429220527 -244.837631226 0.076361850 0.997069716 0.004564386 6.273568153 -0.427656919 0.036887262 -0.903188229 194.972015381
-0.898815036 0.066096567 0.433316052 -244.305953979 0.075394444 0.997144580 0.004287450 6.261783600 -0.431795359 0.036523249 -0.901231766 193.879333496
-0.896607280 0.065988526 0.437882483 -243.775527954 0.076333195 0.997064054 0.006042943 6.260206223 -0.436198115 0.038843114 -0.899011970 192.794464111
-0.894309878 0.063594408 0.442905903 -243.233947754 0.075686924 0.997084856 0.009660166 6.253337860 -0.441000432 0.042161368 -0.896516085 191.713348389
-0.891756535 0.062503599 0.448178053 -242.691741943 0.076012261 0.997032285 0.012196772 6.248921871 -0.446085632 0.044943575 -0.893861175 190.624023438
-0.889639854 0.061065815 0.452561706 -242.144226074 0.074514888 0.997148514 0.011931455 6.241477013 -0.450542629 0.044337280 -0.891653299 189.570648193
-0.887260437 0.061734773 0.457118928 -241.592758179 0.074580751 0.997163892 0.010091159 6.244984150 -0.455199510 0.043045759 -0.889348388 188.503448486
-0.885275960 0.060992453 0.461049736 -241.030746460 0.073526450 0.997250319 0.009253750 6.239914894 -0.459217608 0.042091466 -0.887326360 187.458953857
-0.882608175 0.061655283 0.466048717 -240.477783203 0.074338153 0.997193754 0.008860012 6.237247944 -0.464194596 0.042465121 -0.884714723 186.373901367
-0.880629301 0.061013393 0.469861418 -239.911193848 0.072984703 0.997306466 0.007285998 6.234002590 -0.468151271 0.040708955 -0.882710338 185.324188232
-0.878680587 0.060355540 0.473579675 -239.333374023 0.071866617 0.997394800 0.006228093 6.226904869 -0.471969992 0.039507072 -0.880729079 184.253295898
-0.877229095 0.059494916 0.476371706 -238.757537842 0.071009517 0.997456431 0.006188457 6.219958305 -0.474791825 0.039255612 -0.879222512 183.227752686
-0.875226259 0.057542738 0.480278790 -238.180831909 0.070050240 0.997510254 0.008141827 6.210704327 -0.478614509 0.040769584 -0.877078056 182.157897949
-0.873333573 0.056441091 0.483842313 -237.600952148 0.070015229 0.997495651 0.010017497 6.207099915 -0.482065201 0.042624943 -0.875098109 181.128845215
-0.870874524 0.059694953 0.487867117 -237.026687622 0.074846469 0.997127593 0.011598209 6.200825214 -0.485773414 0.046615712 -0.872841001 180.070709229
-0.868690968 0.061684374 0.491498709 -236.447265625 0.076957643 0.996974826 0.010894521 6.199604511 -0.489339799 0.047288552 -0.870810151 179.041717529
-0.866507173 0.064820819 0.494938016 -235.855148315 0.080974482 0.996652842 0.011235990 6.190897942 -0.492553025 0.049813412 -0.868855596 177.994537354
-0.864265442 0.066336356 0.498643070 -235.262664795 0.083437853 0.996440053 0.012057204 6.191371918 -0.496068090 0.052026328 -0.866723657 176.966644287
-0.862448215 0.065619014 0.501873612 -234.667526245 0.083855353 0.996381998 0.013826775 6.180685043 -0.499150544 0.054009665 -0.864830494 175.939544678
-0.860157251 0.068336762 0.505430460 -234.073394775 0.085610367 0.996268034 0.010993873 6.180424690 -0.502792895 0.052726541 -0.862797499 174.921325684
-0.858194828 0.070264287 0.508492470 -233.463058472 0.085920982 0.996274889 0.007344051 6.174770355 -0.506082296 0.049992800 -0.861035109 173.885162354
-0.856017232 0.069808885 0.512212396 -232.851257324 0.084893733 0.996371448 0.006081264 6.171420097 -0.509929299 0.048689280 -0.858837485 172.863189697
-0.854201317 0.067501254 0.515542090 -232.233612061 0.084300421 0.996397734 0.009216393 6.162338734 -0.513062894 0.051333074 -0.856814623 171.832641602
-0.852301478 0.065233715 0.518967271 -231.603149414 0.081618480 0.996625066 0.008767389 6.157424450 -0.516643882 0.049829774 -0.854749322 170.813964844
-0.850510120 0.065866418 0.521818280 -230.974853516 0.081244759 0.996672213 0.006615816 6.154167175 -0.519645989 0.048021812 -0.853031158 169.784667969
-0.848219991 0.064007908 0.525762498 -230.337570190 0.078267246 0.996920347 0.004901531 6.149624825 -0.523829579 0.045307554 -0.850617528 168.762573242
-0.846340060 0.065281056 0.528627336 -229.689224243 0.078816451 0.996884406 0.003079401 6.144693851 -0.526779294 0.044270750 -0.848848462 167.737792969
-0.844131589 0.068906531 0.531689882 -229.044128418 0.081081450 0.996707380 -0.000444336 6.136322498 -0.529969871 0.042735104 -0.846939206 166.719787598
-0.841616631 0.071591176 0.535309851 -228.397552490 0.083758123 0.996484876 -0.001582856 6.118248940 -0.533541501 0.043504383 -0.844654560 165.693389893
-0.838759661 0.074102007 0.539435863 -227.739471436 0.087749936 0.996142447 -0.000398656 6.104962349 -0.537384510 0.047001082 -0.842026591 164.665405273
-0.835721016 0.076460645 0.543805361 -227.074935913 0.090934291 0.995856881 -0.000272453 6.091451645 -0.541573107 0.049222860 -0.839211345 163.625000000
-0.832846642 0.078086570 0.547968149 -226.401947021 0.092390269 0.995721817 -0.001470114 6.076322556 -0.545738637 0.049402546 -0.836498022 162.595336914
-0.830654144 0.078863114 0.551175594 -225.724990845 0.091683358 0.995778918 -0.004305483 6.059931755 -0.549188554 0.046957254 -0.834378362 161.578826904
-0.828166127 0.078656897 0.554936111 -225.041213989 0.091707051 0.995776832 -0.004281661 6.041765213 -0.552929282 0.047345623 -0.831882000 160.562164307
-0.825721622 0.075275578 0.559032381 -224.342163086 0.089784302 0.995960116 -0.001492970 6.020382404 -0.556886375 0.048959557 -0.829144478 159.533905029
-0.823087215 0.074565284 0.562998772 -223.642150879 0.090936281 0.995856166 0.001051838 6.007256985 -0.560587406 0.052062768 -0.826457143 158.510162354
-0.820658445 0.072269201 0.566830754 -222.931274414 0.087884575 0.996130645 0.000235768 5.992535114 -0.564620435 0.050009158 -0.823834419 157.484497070
-0.818481565 0.070431247 0.570199668 -222.214660645 0.084650099 0.996409535 -0.001567584 5.978484154 -0.568262815 0.046984412 -0.821504831 156.472869873
-0.816522598 0.067299403 0.573377430 -221.505310059 0.080099232 0.996782601 -0.002930093 5.959029675 -0.571729839 0.043534607 -0.819286108 155.485321045
-0.814512253 0.063718364 0.576636553 -220.796127319 0.077246666 0.997011423 -0.001057132 5.935436726 -0.574980617 0.043682203 -0.817000151 154.500305176
-0.812263846 0.062899262 0.579888999 -220.084854126 0.077303186 0.997007608 0.000137159 5.916745186 -0.578145146 0.044938680 -0.814695477 153.504699707
-0.809962630 0.061717410 0.583225131 -219.369247437 0.075951464 0.997111499 -0.000036507 5.902794838 -0.581542730 0.044267233 -0.812310576 152.521362305
-0.807356596 0.062085457 0.586788356 -218.650207520 0.076794200 0.997046947 0.000167340 5.887307644 -0.585045159 0.045197051 -0.809740305 151.521148682
-0.805232406 0.059575412 0.589959204 -217.928955078 0.075181410 0.997168005 0.001918432 5.875351906 -0.588174164 0.045898747 -0.807430983 150.546600342
-0.803458095 0.055544931 0.592764556 -217.188705444 0.071196966 0.997457683 0.003036727 5.854555607 -0.591088891 0.044642922 -0.805370092 149.556701660
-0.801932693 0.052875463 0.595070004 -216.450897217 0.067193575 0.997738183 0.001897007 5.843657017 -0.593623757 0.041506153 -0.803671718 148.595214844
-0.799638510 0.051264782 0.598289490 -215.716339111 0.065902248 0.997822762 0.002582039 5.829426765 -0.596854508 0.041493315 -0.801275969 147.618621826
-0.797538757 0.052259091 0.601000071 -214.996063232 0.068115301 0.997670829 0.003639301 5.806995869 -0.599410057 0.043839786 -0.799240828 146.670288086
-0.795094967 0.055786591 0.603914022 -214.263320923 0.069011338 0.997615039 -0.001296517 5.795770645 -0.602546036 0.040646058 -0.797048569 145.702850342
-0.793118119 0.057746291 0.606324553 -213.520156860 0.068030477 0.997665048 -0.006028564 5.775005341 -0.605256915 0.036467180 -0.795194626 144.757995605
-0.791416764 0.057382584 0.608577609 -212.785125732 0.067029297 0.997727096 -0.006907986 5.758400440 -0.607590735 0.035325430 -0.793464303 143.794586182
-0.789569497 0.054185744 0.611264586 -212.044799805 0.065808274 0.997826338 -0.003448216 5.736505985 -0.610122740 0.037503656 -0.791419148 142.846038818
-0.787574172 0.053199727 0.613919377 -211.311828613 0.067184955 0.997740507 -0.000271040 5.712885857 -0.612546682 0.041032683 -0.789368868 141.899078369
-0.784639359 0.054902997 0.617516458 -210.570770264 0.069273651 0.997597456 -0.000674075 5.698063374 -0.616069853 0.042248715 -0.786557674 140.959289551
-0.781064987 0.056034479 0.621930659 -209.831451416 0.069916628 0.997550666 -0.002070658 5.678852081 -0.620523393 0.041865975 -0.783069611 140.019805908
-0.777588487 0.056155134 0.626261294 -209.076736450 0.069626883 0.997568607 -0.002998039 5.664216995 -0.624906957 0.041273378 -0.779607654 139.084320068
-0.775202036 0.052461389 0.629531085 -208.315979004 0.067356013 0.997729003 -0.000202888 5.642786026 -0.628112078 0.042245425 -0.776975155 138.160583496
-0.772605419 0.050569616 0.632869422 -207.557312012 0.067465916 0.997718096 0.002639262 5.630134583 -0.631291807 0.044736221 -0.774254084 137.240081787
-0.769608140 0.050062295 0.636551201 -206.784820557 0.068434909 0.997646391 0.004278652 5.615410805 -0.634838820 0.046855204 -0.771222830 136.314483643
-0.765952349 0.054748513 0.640561819 -206.021545410 0.073832653 0.997265995 0.003049621 5.605359554 -0.638643563 0.049630247 -0.767900467 135.382110596
-0.762199879 0.056873780 0.644838929 -205.249084473 0.075959325 0.997109234 0.001840457 5.598224640 -0.642870188 0.050384320 -0.764316559 134.466430664
-0.759162188 0.055634238 0.648519456 -204.467742920 0.075941645 0.997106612 0.003359604 5.586819649 -0.646456122 0.051800117 -0.761190653 133.554382324
-0.755926251 0.051985011 0.652589619 -203.677185059 0.073443189 0.997283518 0.005629628 5.575741768 -0.650524199 0.052183844 -0.757690787 132.650360107
-0.753084779 0.049737606 0.656041026 -202.877410889 0.070544079 0.997494280 0.005354366 5.569231033 -0.654130876 0.050312098 -0.754706502 131.751464844
-0.749695182 0.053011138 0.659656763 -202.072341919 0.073251620 0.997308671 0.003104522 5.561878204 -0.657716811 0.050648365 -0.751560688 130.817596436
-0.746684432 0.056730535 0.662755132 -201.277404785 0.075096481 0.997175992 -0.000749856 5.552873611 -0.660926104 0.049210664 -0.748836040 129.929412842
-0.743618369 0.059981115 0.665908515 -200.467651367 0.077638514 0.996976733 -0.003103069 5.531595230 -0.664081454 0.049392652 -0.746026993 129.016601562
-0.740417123 0.061289363 0.669347465 -199.640319824 0.079655193 0.996817470 -0.003161637 5.519877434 -0.667411029 0.050976072 -0.742942810 128.070465088
-0.738032937 0.060448743 0.672051907 -198.814895630 0.079223968 0.996853292 -0.002661480 5.502854824 -0.670098066 0.051278356 -0.740499496 127.169647217
-0.735424042 0.059854023 0.674958766 -197.992004395 0.079029478 0.996869624 -0.002291248 5.488398552 -0.672983050 0.051656593 -0.737852216 126.260040283
-0.733046055 0.058885176 0.677625358 -197.163757324 0.079037532 0.996870995 -0.001125665 5.474699974 -0.675571382 0.052732665 -0.735406399 125.367828369
-0.729692936 0.059910361 0.681145430 -196.322662354 0.081696928 0.996657193 -0.000141564 5.455933571 -0.678876996 0.055544183 -0.732148290 124.454803467
-0.726719141 0.063023269 0.684037805 -195.479614258 0.084409639 0.996428847 -0.002128706 5.441953659 -0.681729198 0.056192409 -0.729443669 123.548400879
-0.723353386 0.066448249 0.687273324 -194.635360718 0.084523953 0.996394157 -0.007374020 5.424949646 -0.685285091 0.052757032 -0.726361513 122.659851074
-0.720318317 0.066439763 0.690454543 -193.771286011 0.082822800 0.996519148 -0.009486111 5.407241821 -0.688681424 0.050352354 -0.723313689 121.752258301
-0.717394710 0.065144785 0.693614364 -192.908843994 0.080847137 0.996676445 -0.009989649 5.380507946 -0.691959858 0.048910215 -0.720277190 120.864013672
-0.715126157 0.061442222 0.696289897 -192.032546997 0.075863346 0.997067392 -0.010067904 5.354767323 -0.694866598 0.045623064 -0.717690229 119.980010986
-0.712151885 0.061205674 0.699352384 -191.171340942 0.074125327 0.997179270 -0.011788829 5.332050800 -0.698101223 0.043444291 -0.714679956 119.101715088
-0.709164619 0.059786417 0.702503622 -190.295104980 0.072860487 0.997277856 -0.011321796 5.308817863 -0.701268196 0.043155737 -0.711590171 118.226959229
-0.705699205 0.059097514 0.706042767 -189.416442871 0.074114203 0.997205555 -0.009390431 5.277893543 -0.704624712 0.045700978 -0.708107114 117.355300903
-0.702780366 0.057131048 0.709109247 -188.518829346 0.073704101 0.997253418 -0.007299789 5.251420021 -0.707578719 0.047134113 -0.705060840 116.453948975
-0.700267196 0.056525238 0.711639702 -187.627319336 0.072045527 0.997366607 -0.008326231 5.224807739 -0.710236311 0.045439869 -0.702495456 115.597213745
-0.696630836 0.057383414 0.715131223 -186.717803955 0.073122837 0.997284174 -0.008792726 5.203134060 -0.713693619 0.046167139 -0.698934913 114.701187134
-0.693305969 0.055746190 0.718484104 -185.811767578 0.071727626 0.997390807 -0.008172139 5.179974556 -0.717064977 0.045869362 -0.695495605 113.830123901
-0.689589262 0.055012379 0.722108185 -184.885955811 0.072752811 0.997328818 -0.006503004 5.155333996 -0.720537066 0.048051003 -0.691749573 112.929565430
-0.686096311 0.055864211 0.725362837 -183.961761475 0.071419798 0.997403324 -0.009261985 5.129984379 -0.723996758 0.045450646 -0.688304543 112.058654785
-0.682552576 0.058467943 0.728494048 -183.035919189 0.072594903 0.997289002 -0.012024262 5.106143951 -0.727222145 0.044677768 -0.684946656 111.190444946
-0.679365277 0.059754148 0.731363356 -182.099822998 0.074001536 0.997176826 -0.012731543 5.075395584 -0.730059385 0.045472644 -0.681869149 110.317230225
-0.675945163 0.058670383 0.734612882 -181.156280518 0.075233534 0.997111619 -0.010409810 5.047618866 -0.733101785 0.048231062 -0.678406715 109.442794800
-0.672774315 0.055134729 0.737790644 -180.197219849 0.073156774 0.997289836 -0.007817005 5.025489330 -0.736222088 0.048715297 -0.674984455 108.574813843
-0.670246005 0.051939625 0.740319192 -179.250122070 0.070756480 0.997476041 -0.005922154 4.995092392 -0.738758266 0.048413079 -0.672229409 107.718170166
-0.667653203 0.049926598 0.742796481 -178.285949707 0.065593757 0.997813463 -0.008109286 4.972375870 -0.741577208 0.043308619 -0.669468284 106.861267090
-0.665596008 0.048344862 0.744744778 -177.319366455 0.061097506 0.998079836 -0.010185737 4.938773155 -0.743807197 0.038722463 -0.667271733 106.010696411
-0.663577914 0.047064576 0.746625543 -176.350479126 0.057603676 0.998270631 -0.011731004 4.916206360 -0.745886445 0.035223939 -0.665141344 105.158432007
-0.661733747 0.045965839 0.748328865 -175.366683960 0.056700382 0.998328626 -0.011182881 4.885880947 -0.747592092 0.035030439 -0.663233995 104.299423218
-0.659762025 0.045884974 0.750072420 -174.386001587 0.056887478 0.998319626 -0.011033166 4.856600761 -0.749318242 0.035390463 -0.661263585 103.434707642
-0.657977223 0.046491835 0.751601279 -173.402587891 0.059038412 0.998205006 -0.010061786 4.828364372 -0.750719965 0.037752923 -0.659541011 102.571899414
-0.656876683 0.046402890 0.752568841 -172.442459106 0.060599130 0.998124719 -0.008649996 4.796475410 -0.751558959 0.039923038 -0.658456802 101.740646362
-0.655635834 0.045361787 0.753713667 -171.451522827 0.059562542 0.998190343 -0.008263582 4.774168015 -0.752724588 0.039475195 -0.657151222 100.889984131
-0.654446602 0.042284708 0.754924953 -170.458114624 0.055865247 0.998410225 -0.007493010 4.746320724 -0.754041612 0.037270293 -0.655768394 100.036621094
-0.654029489 0.041349914 0.755338311 -169.460723877 0.053656328 0.998525739 -0.008203138 4.721330166 -0.754563987 0.035163585 -0.655283928 99.199462891
-0.652858734 0.040837113 0.756378174 -168.458206177 0.049385432 0.998715937 -0.011294574 4.696949959 -0.755868137 0.029980300 -0.654037237 98.331268311
-0.651642919 0.039016381 0.757521987 -167.453094482 0.047336906 0.998821437 -0.010723975 4.673439980 -0.757047594 0.028870542 -0.652721882 97.464645386
-0.651080370 0.034751076 0.758212924 -166.454681396 0.045859616 0.998927355 -0.006403882 4.639363289 -0.757622182 0.030601913 -0.651975632 96.623672485
-0.651205301 0.030168572 0.758301795 -165.445999146 0.042572699 0.999088287 -0.003188047 4.616166115 -0.757706642 0.030206880 -0.651896000 95.771026611
-0.651536822 0.026279988 0.758161783 -164.437438965 0.039440457 0.999221623 -0.000742091 4.603960991 -0.757591188 0.029418746 -0.652066231 94.914657593
-0.652762771 0.024626071 0.757162273 -163.434173584 0.037387904 0.999300778 -0.000268669 4.584417820 -0.756639481 0.028133329 -0.653227091 94.070632935
-0.654194713 0.029894805 0.755735278 -162.445922852 0.042366803 0.999098063 -0.002847172 4.568071365 -0.755138755 0.030155482 -0.654871106 93.215667725
-0.654805303 0.037055898 0.754888535 -161.451629639 0.049718510 0.998745859 -0.005899512 4.551028252 -0.754160404 0.033668905 -0.655826449 92.341690063
-0.655150533 0.044771567 0.754170716 -160.458053589 0.061564781 0.998086393 -0.005770182 4.528367519 -0.752985895 0.042650014 -0.656653166 91.465255737
-0.655410647 0.048905928 0.753687918 -159.472854614 0.069387734 0.997580111 -0.004391918 4.505367279 -0.752078891 0.049418185 -0.657218099 90.593582153
-0.656439304 0.052256227 0.752566755 -158.500122070 0.074315548 0.997224987 -0.004421625 4.483111382 -0.750709414 0.053024881 -0.658501148 89.724716187
-0.657543898 0.054711811 0.751427233 -157.513290405 0.076718651 0.997037828 -0.005461435 4.458685875 -0.749500155 0.054057349 -0.659793496 88.854690552
-0.658903122 0.051929522 0.750433326 -156.529464722 0.073016435 0.997318685 -0.004903211 4.438888550 -0.748675823 0.051563226 -0.660928130 88.003265381
-0.660689950 0.048559994 0.749086618 -155.558441162 0.070475116 0.997510374 -0.002505584 4.414157391 -0.747343361 0.051136553 -0.662467360 87.155273438
-0.661718845 0.047841970 0.748224378 -154.569976807 0.066881500 0.997750103 -0.004647796 4.392628193 -0.746763289 0.046966832 -0.663429737 86.293746948
-0.662923574 0.047351059 0.747188509 -153.588745117 0.064198628 0.997917354 -0.006281783 4.369668484 -0.745929837 0.043804131 -0.664582849 85.432800293
-0.663142443 0.047000889 0.747016311 -152.617675781 0.061584201 0.998068810 -0.008127044 4.340203285 -0.745955646 0.040615011 -0.664756298 84.572845459
-0.663242221 0.049563617 0.746761978 -151.638702393 0.063734926 0.997920454 -0.009626706 4.312621117 -0.745686173 0.041209981 -0.665021896 83.700653076
-0.663475990 0.052818839 0.746331215 -150.664474487 0.064568155 0.997825742 -0.013217447 4.280840874 -0.745406628 0.039419770 -0.665443778 82.844497681
-0.663458228 0.056469135 0.746079326 -149.709838867 0.068074673 0.997567952 -0.014967702 4.246743202 -0.745110035 0.040858660 -0.665688753 81.982574463
-0.662850142 0.058520745 0.746461809 -148.746398926 0.071856454 0.997311354 -0.014378965 4.208337307 -0.745296299 0.044107001 -0.665273070 81.123489380
-0.662168145 0.059319310 0.747003794 -147.773147583 0.076160930 0.997027338 -0.011662105 4.177974224 -0.745474994 0.049170226 -0.664717555 80.248535156
-0.661192417 0.059703968 0.747836888 -146.803771973 0.079514198 0.996790588 -0.009277642 4.149238110 -0.745990634 0.053329345 -0.663817644 79.384277344
-0.660218358 0.061706889 0.748534739 -145.830718994 0.082184166 0.996570289 -0.009666580 4.118847847 -0.746563971 0.055135645 -0.663025379 78.514160156
-0.659423590 0.063119873 0.749117434 -144.858062744 0.082432181 0.996531427 -0.011404391 4.093835354 -0.747238934 0.054231051 -0.662339449 77.667037964
-0.658430934 0.061810657 0.750098884 -143.884872437 0.081190363 0.996639490 -0.010858167 4.061342239 -0.748249292 0.053751446 -0.661236644 76.807952881
-0.658643961 0.058609486 0.750168860 -142.907440186 0.078611627 0.996865928 -0.008862982 4.031865120 -0.748337209 0.053134438 -0.661187053 75.967041016
-0.658297062 0.054718144 0.750766814 -141.919570923 0.076318644 0.997066915 -0.005750522 4.007024765 -0.748879373 0.053511951 -0.660542250 75.107055664
-0.658125520 0.053283118 0.751020670 -140.935134888 0.074252762 0.997223258 -0.005682323 3.983434200 -0.749238074 0.052025672 -0.660254478 74.256469727
-0.657956362 0.053691253 0.751139760 -139.946273804 0.073690474 0.997258425 -0.006735032 3.961270332 -0.749442041 0.050920483 -0.660109043 73.392318726
-0.657879591 0.055997767 0.751038611 -138.969543457 0.074210890 0.997198761 -0.009345843 3.939067364 -0.749458134 0.049586803 -0.660192370 72.544525146
-0.657840014 0.057028722 0.750995636 -137.989089966 0.074411318 0.997171938 -0.010541613 3.912322044 -0.749472976 0.048947878 -0.660223246 71.677932739
-0.658166528 0.057575386 0.750667810 -137.010559082 0.074707635 0.997145057 -0.010978170 3.883217096 -0.749156713 0.048855148 -0.660588741 70.832168579
-0.657835007 0.056662064 0.751027644 -136.028793335 0.075365625 0.997113407 -0.009214520 3.857135296 -0.749381840 0.050540034 -0.660206437 69.958557129
-0.657930732 0.054917645 0.751073658 -135.047821045 0.074049070 0.997222126 -0.008049738 3.827889919 -0.749429345 0.050320134 -0.660169601 69.105453491
-0.658481717 0.054860085 0.750594795 -134.070220947 0.072769940 0.997307658 -0.009052454 3.796731710 -0.749070585 0.048659865 -0.660701036 68.249130249
-0.658469200 0.056472071 0.750486255 -133.095565796 0.072412498 0.997308373 -0.011510783 3.772342682 -0.749116242 0.046765085 -0.660786033 67.394638062
-0.658940315 0.057817224 0.749970138 -132.110687256 0.070430867 0.997403741 -0.015010448 3.739003181 -0.748890817 0.042930059 -0.661301732 66.545242310
-0.658639789 0.059179232 0.750127733 -131.136596680 0.071422026 0.997318327 -0.015969489 3.703585863 -0.749061227 0.043057501 -0.661100268 65.677429199
-0.658757210 0.058062587 0.750111818 -130.168319702 0.070508607 0.997394085 -0.015282026 3.669584990 -0.749044418 0.042822193 -0.661134481 64.842514038
-0.659242272 0.056312829 0.749818981 -129.171997070 0.069814965 0.997468174 -0.013530305 3.636332989 -0.748682499 0.043428838 -0.661504626 63.983551025
-0.658837080 0.054239858 0.750327885 -128.197967529 0.069956750 0.997492850 -0.010680369 3.595824957 -0.749026000 0.045453873 -0.660979748 63.100509644
-0.658807278 0.051474866 0.750548780 -127.224899292 0.068568587 0.997612417 -0.008231963 3.566718578 -0.749180555 0.046040788 -0.660763979 62.255401611
-0.659448385 0.046696298 0.750298262 -126.255226135 0.065193206 0.997861087 -0.004804583 3.537433863 -0.748917758 0.045745976 -0.661082149 61.414138794
-0.660026431 0.042930666 0.750015020 -125.280746460 0.061018255 0.998130739 -0.003435627 3.509130478 -0.748760521 0.043496996 -0.661412239 60.573013306
-0.660060048 0.041703504 0.750054359 -124.299720764 0.057225097 0.998347998 -0.005149777 3.487362146 -0.749030054 0.039522775 -0.661356091 59.709350586
-0.660290480 0.041374862 0.749869764 -123.332054138 0.053461939 0.998537660 -0.008019995 3.465163708 -0.749105036 0.034793969 -0.661536813 58.874801636
-0.660595179 0.041068535 0.749618411 -122.370620728 0.050779235 0.998660207 -0.009963747 3.438104630 -0.749023259 0.031483043 -0.661795497 58.035110474
-0.660641313 0.040184267 0.749625564 -121.395111084 0.048235551 0.998775065 -0.011030375 3.410996914 -0.749150574 0.028871480 -0.661770344 57.194229126
-0.660475612 0.039420985 0.749812007 -120.421951294 0.047252528 0.998823583 -0.010890025 3.372100592 -0.749359250 0.028237918 -0.661561370 56.340560913
-0.660715342 0.038345050 0.749656737 -119.447967529 0.046383787 0.998871505 -0.010211748 3.348973989 -0.749202311 0.028024862 -0.661748290 55.492111206
-0.660554886 0.035392676 0.749943078 -118.478424072 0.045496788 0.998939455 -0.007069893 3.316791534 -0.749397993 0.029449951 -0.661464572 54.642730713
-0.660299182 0.034778327 0.750197053 -117.506324768 0.046035908 0.998923004 -0.005789684 3.290906668 -0.749590456 0.030713078 -0.661189079 53.789001465
-0.660110474 0.036551360 0.750278831 -116.540542603 0.046698716 0.998880267 -0.007576014 3.263464451 -0.749715626 0.030036051 -0.661078334 52.946075439
-0.659725308 0.039455250 0.750470459 -115.576797485 0.048465081 0.998775780 -0.009904866 3.235467911 -0.749942482 0.029837120 -0.660829902 52.104141235
-0.659182668 0.042775210 0.750765502 -114.609725952 0.051862638 0.998589635 -0.011358992 3.207044840 -0.750192523 0.031449024 -0.660471439 51.242858887
-0.658858895 0.046059944 0.750855327 -113.642990112 0.055783898 0.998367190 -0.012294015 3.171121359 -0.750195563 0.033785615 -0.660352468 50.396896362
-0.658152223 0.047870815 0.751361549 -112.665039062 0.056034185 0.998323202 -0.014522337 3.144454479 -0.750796914 0.032544024 -0.659731030 49.538345337
-0.658112049 0.046597812 0.751476884 -111.686294556 0.057179447 0.998293877 -0.011827157 3.112833977 -0.750745893 0.035185438 -0.659653664 48.692733765
-0.657923222 0.041005619 0.751968026 -110.707656860 0.055619240 0.998435318 -0.005782526 3.084923744 -0.751028538 0.038019430 -0.659174442 47.832275391
-0.657788992 0.038802415 0.752202332 -109.729431152 0.055799380 0.998438299 -0.002708856 3.068487406 -0.751132727 0.040190563 -0.658926964 46.985824585
-0.657192945 0.039732303 0.752674520 -108.754020691 0.057542492 0.998340011 -0.002457680 3.043461323 -0.751522720 0.041695599 -0.658388257 46.132476807
-0.656957388 0.044337872 0.752622783 -107.777862549 0.060207512 0.998166323 -0.006248547 3.023877621 -0.751519740 0.041208521 -0.658422232 45.287002563
-0.656201005 0.046807669 0.753133059 -106.795715332 0.061918668 0.998048484 -0.008079891 3.001948357 -0.752041519 0.041330960 -0.657818675 44.417098999
-0.655908227 0.047072139 0.753371596 -105.815002441 0.063373521 0.997964025 -0.007179849 2.980547905 -0.752175748 0.043034486 -0.657555938 43.564559937
-0.655826926 0.045904744 0.753514349 -104.822372437 0.065958612 0.997816622 -0.003380274 2.958198786 -0.752024293 0.047483884 -0.657422781 42.714447021
-0.655071259 0.045481693 0.754197299 -103.846351624 0.068657711 0.997640133 -0.000528620 2.937611580 -0.752441525 0.051435169 -0.656648159 41.861282349
-0.654107928 0.047890700 0.754883707 -102.869522095 0.071888842 0.997412145 -0.000985200 2.918557644 -0.752977371 0.053623285 -0.655858040 41.003112793
-0.653570175 0.053141266 0.754998326 -101.883850098 0.072464928 0.997343004 -0.007469120 2.901977062 -0.753389239 0.049829304 -0.655684471 40.153732300
-0.653665781 0.057119932 0.754624546 -100.915390015 0.071698107 0.997336566 -0.013385715 2.877224684 -0.753379226 0.045355368 -0.656020164 39.313827515
-0.653787732 0.055860415 0.754613578 -99.926239014 0.067826770 0.997583091 -0.015082044 2.849861622 -0.753632247 0.041322540 -0.655996442 38.465896606
-0.654363751 0.052370772 0.754364073 -98.933303833 0.067149155 0.997682154 -0.011015107 2.814208746 -0.753192425 0.043447025 -0.656363726 37.613655090
-0.654799104 0.049920741 0.754152656 -97.938888550 0.067593627 0.997685850 -0.007352588 2.784625053 -0.752774477 0.046161443 -0.656658173 36.761207581
-0.654548645 0.053271726 0.754140675 -96.969512939 0.070689350 0.997456849 -0.009105230 2.756928921 -0.752707779 0.047349900 -0.656649828 35.903320312
-0.654032350 0.058142625 0.754229009 -95.984756470 0.073744230 0.997193456 -0.012924908 2.731038094 -0.752863705 0.047166724 -0.656484365 35.037956238
-0.653920293 0.060660917 0.754127681 -94.997047424 0.076116040 0.996997893 -0.014195195 2.698750257 -0.752724826 0.048118684 -0.656574488 34.176292419
-0.654089689 0.059524324 0.754071295 -94.003967285 0.074416570 0.997126698 -0.014160703 2.663589954 -0.752747536 0.046853028 -0.656639934 33.316230774
-0.654922724 0.057630278 0.753495276 -93.013587952 0.072371237 0.997288108 -0.013372918 2.624018192 -0.752222538 0.045773156 -0.657317519 32.465644836
-0.655521870 0.053391904 0.753286362 -92.011199951 0.070619412 0.997460485 -0.009244484 2.592211723 -0.751866996 0.047136679 -0.657627702 31.608695984
-0.655379534 0.050033811 0.753640890 -91.001914978 0.070248790 0.997516274 -0.005134983 2.568511009 -0.752025962 0.049576994 -0.657266498 30.725303650
-0.655354381 0.050090872 0.753658772 -90.022895813 0.070372663 0.997507691 -0.005104428 2.544885635 -0.752036095 0.049691763 -0.657246113 29.862220764
-0.655449152 0.052550413 0.753409028 -89.028732300 0.069584861 0.997535050 -0.009040978 2.522707701 -0.752027035 0.046499960 -0.657490253 29.007919312
-0.655010223 0.052959383 0.753762186 -88.035964966 0.068214476 0.997612059 -0.010814763 2.491478920 -0.752534986 0.044333708 -0.657058716 28.140922546
-0.654581308 0.051727943 0.754219830 -87.030532837 0.066840746 0.997709274 -0.010417048 2.467974663 -0.753030956 0.043593813 -0.656539440 27.272666931
-0.654885530 0.051332042 0.753982604 -86.040588379 0.067530937 0.997674108 -0.009267597 2.439713478 -0.752704680 0.044847939 -0.656828880 26.432449341
-0.654153585 0.051103231 0.754633665 -85.039474487 0.068577379 0.997612834 -0.008111373 2.411177635 -0.753246725 0.046444714 -0.656096578 25.564643860
-0.654320717 0.048882619 0.754635751 -84.033348083 0.067145772 0.997722566 -0.006408961 2.372725487 -0.753230393 0.046477083 -0.656112790 24.723518372
-0.653990626 0.048917521 0.754919648 -83.061569214 0.066964447 0.997733295 -0.006639816 2.349492073 -0.753533244 0.046210397 -0.655783892 23.858383179
-0.654045463 0.048227713 0.754916608 -82.057312012 0.065110393 0.997851074 -0.007337147 2.321944714 -0.753648162 0.044354085 -0.655780077 23.004417419
-0.653271556 0.046751294 0.755678952 -81.067520142 0.062760748 0.998000503 -0.007487314 2.287472963 -0.754518032 0.042535730 -0.654899597 22.138015747
-0.653658152 0.044855248 0.755459487 -80.063804626 0.060553525 0.998141289 -0.006870748 2.257423878 -0.754363537 0.041254610 -0.655159354 21.292892456
-0.653559446 0.042076629 0.755704820 -79.063552856 0.058498215 0.998275042 -0.004991360 2.229306459 -0.754611254 0.040945232 -0.654893398 20.430122375
-0.653842807 0.039409585 0.755603552 -78.071166992 0.056136005 0.998417020 -0.003497975 2.202443600 -0.754545271 0.040129438 -0.655019999 19.584716797
-0.653488755 0.038139820 0.755974710 -77.085205078 0.056272641 0.998413920 -0.001727293 2.184019566 -0.754841566 0.041411929 -0.654598475 18.734321594
-0.653190613 0.036046658 0.756335258 -76.101432800 0.053950276 0.998543143 -0.000997357 2.160163403 -0.755269349 0.040153027 -0.654183745 17.893920898
-0.653342962 0.034947895 0.756254971 -75.104804993 0.052162133 0.998638034 -0.001084999 2.142470837 -0.755262911 0.038738996 -0.654276013 17.049064636
-0.653850913 0.034025077 0.755858183 -74.118721008 0.051488440 0.998673499 -0.000415670 2.123795748 -0.754869699 0.038646169 -0.654735446 16.211334229
-0.654075623 0.033270072 0.755697191 -73.133117676 0.051543932 0.998670518 0.000645475 2.103063822 -0.754671037 0.039373796 -0.654920936 15.360404968
-0.654885292 0.034716778 0.754930735 -72.155548096 0.053439625 0.998570979 0.000436660 2.086718798 -0.753836751 0.040629171 -0.655804753 14.519546509
-0.655609608 0.037801173 0.754153430 -71.185852051 0.056460697 0.998404384 -0.000960930 2.066349506 -0.752986431 0.041950032 -0.656697750 13.677040100
-0.656138062 0.041833781 0.753480434 -70.225914001 0.061407827 0.998110890 -0.001941308 2.052999020 -0.752138257 0.044995833 -0.657467365 12.820159912
-0.656834722 0.044693600 0.752709150 -69.265876770 0.064126901 0.997936308 -0.003295571 2.030539513 -0.751303077 0.046104256 -0.658345222 11.981422424
-0.657619119 0.046832748 0.751893580 -68.296112061 0.066896349 0.997753322 -0.003637769 2.007762194 -0.750374615 0.047906663 -0.659274578 11.131156921
-0.658638597 0.047524434 0.750957251 -67.332565308 0.070323072 0.997523189 -0.001450470 1.985480070 -0.749166191 0.051854286 -0.660349369 10.286918640
-0.659700394 0.044919331 0.750185192 -66.369606018 0.069971770 0.997547328 0.001801201 1.962067842 -0.748264372 0.053680036 -0.661225438 9.446990967
-0.661042452 0.045760665 0.748952091 -65.416847229 0.071994647 0.997401595 0.002603296 1.944049478 -0.746886909 0.055641428 -0.662619352 8.619468689
-0.662183166 0.048444066 0.747774422 -64.474151611 0.072415337 0.997374415 -0.000487658 1.929811835 -0.745834708 0.053827420 -0.663952589 7.786605835
-0.663083076 0.054247204 0.746577740 -63.516563416 0.074064776 0.997231066 -0.006678354 1.912244558 -0.744872808 0.050866809 -0.665264845 6.939575195
-0.663571000 0.058102239 0.745853782 -62.588424683 0.076041378 0.997054338 -0.010018373 1.887297511 -0.744238794 0.050067846 -0.666034579 6.121963501
-0.664460182 0.058483213 0.745031953 -61.654006958 0.077872321 0.996924460 -0.008805390 1.859236836 -0.743255556 0.052166529 -0.666970849 5.293495178
-0.664212704 0.057125766 0.745357752 -60.721473694 0.079189762 0.996842504 -0.005831489 1.838862419 -0.743337393 0.055151351 -0.666639209 4.448951721
-0.664530993 0.056610487 0.745113611 -59.794185638 0.079383560 0.996831894 -0.004936601 1.811903715 -0.743032455 0.055869240 -0.666919708 3.620773315
-0.665018559 0.055916969 0.744730473 -58.853054047 0.078973532 0.996867299 -0.004327646 1.785468936 -0.742639482 0.055936031 -0.667351246 2.793342590
-0.665627718 0.054108765 0.744319975 -57.921264648 0.078480199 0.996913075 -0.002288192 1.760837793 -0.742146134 0.056891292 -0.667819381 1.976455688
-0.665413976 0.051696796 0.744682372 -57.019382477 0.076926231 0.997036695 -0.000477818 1.735254765 -0.742500305 0.056967657 -0.667418957 1.160041809
-0.666383862 0.050527129 0.743894756 -56.109020233 0.075207256 0.997167885 -0.000359082 1.714499235 -0.741806090 0.055707000 -0.668296576 0.374900818
-0.666495800 0.049924418 0.743835390 -55.213760376 0.073211022 0.997315586 -0.001338423 1.696607828 -0.741905451 0.053564891 -0.668361664 -0.410804749
-0.665486217 0.048392467 0.744839966 -54.344692230 0.071262151 0.997456968 -0.001135051 1.671027899 -0.743000746 0.052323531 -0.667242408 -1.205184937
-0.664340138 0.045618430 0.746037126 -53.467796326 0.068833716 0.997628093 0.000293234 1.649770260 -0.744254231 0.051547311 -0.665904522 -1.983360291
-0.663581967 0.042900089 0.746872425 -52.594150543 0.067025028 0.997748792 0.002240130 1.634240627 -0.745094955 0.051545661 -0.664963484 -2.748619080
-0.662683010 0.039415855 0.747862220 -51.740226746 0.063839309 0.997952282 0.003971417 1.611197948 -0.746174276 0.050374791 -0.663842320 -3.498123169
-0.661248446 0.038083319 0.749199748 -50.861034393 0.060704317 0.998151779 0.002839962 1.593872070 -0.747706890 0.047357578 -0.662338138 -4.270107269
-0.660280943 0.039372198 0.749986291 -50.020835876 0.058740564 0.998273015 -0.000691941 1.570275187 -0.748718381 0.043597735 -0.661453366 -4.994029999
-0.658979893 0.041615065 0.751008630 -49.180702209 0.059019905 0.998250544 -0.003527710 1.559467912 -0.749841571 0.041999761 -0.660283208 -5.729087830
-0.657789469 0.042316284 0.752012193 -48.345279694 0.059218209 0.998235464 -0.004372939 1.543859124 -0.750870287 0.041656341 -0.659134626 -6.455249786
-0.657013178 0.043062039 0.752648592 -47.521087646 0.061862394 0.998079896 -0.003102332 1.516941071 -0.751336992 0.044522364 -0.658415556 -7.154254913
-0.654632449 0.046045519 0.754543900 -46.724014282 0.066661075 0.997771025 -0.003054024 1.499515533 -0.753002644 0.048299436 -0.656242728 -7.879100800
-0.653126240 0.048919301 0.755667329 -45.928688049 0.071227551 0.997455537 -0.003009594 1.478924990 -0.753891766 0.051858686 -0.654948831 -8.567348480
-0.651576281 0.050343603 0.756910980 -45.154415131 0.073248141 0.997308373 -0.003278268 1.469098449 -0.755038679 0.053306274 -0.653509974 -9.237361908
-0.649859428 0.049644440 0.758431494 -44.377056122 0.074016750 0.997255266 -0.001856077 1.441140413 -0.756441951 0.054930445 -0.651750207 -9.905986786
-0.648011208 0.050440919 0.759958625 -43.630195618 0.073158704 0.997313023 -0.003812997 1.425663233 -0.758108974 0.053126723 -0.649960279 -10.537311554
-0.645388246 0.048708282 0.762300313 -42.878334045 0.071432561 0.997440100 -0.003255768 1.407776833 -0.760507524 0.052351825 -0.647215486 -11.176326752
-0.641658306 0.045299638 0.765651643 -42.160377502 0.070310749 0.997525156 -0.000094100 1.385166883 -0.763761044 0.053773168 -0.643255353 -11.779197693
-0.638138890 0.041077834 0.768824756 -41.442199707 0.066473082 0.997786462 0.001862773 1.368246317 -0.767046452 0.052294858 -0.639456868 -12.368759155
-0.633486271 0.038834326 0.772779047 -40.739540100 0.064928375 0.997885168 0.003078527 1.348131657 -0.771025240 0.052125487 -0.634667993 -12.939697266
-0.628986597 0.038150109 0.776479542 -40.058197021 0.062299550 0.998056471 0.001429033 1.335772514 -0.774915934 0.049273167 -0.630140901 -13.470531464
-0.622767925 0.038988113 0.781434476 -39.389366150 0.062282071 0.998058558 -0.000160137 1.312842488 -0.779923618 0.048569635 -0.623987198 -13.992443085
-0.612820506 0.039902776 0.789214194 -38.706211090 0.061043337 0.998130381 -0.003065800 1.303484321 -0.787861049 0.046297479 -0.614110589 -14.543292999
-0.601874709 0.040149920 0.797580898 -38.058143616 0.059565760 0.998210311 -0.005299714 1.287852049 -0.796366274 0.044318743 -0.603188992 -15.020736694
-0.588662982 0.038332373 0.807469368 -37.398887634 0.058538370 0.998274028 -0.004714544 1.263755083 -0.806256413 0.044492662 -0.589890838 -15.488197327
-0.572838426 0.036457438 0.818857133 -36.734294891 0.057484698 0.998337388 -0.004234418 1.252530336 -0.817650080 0.044646118 -0.573981762 -15.948123932
-0.554723978 0.034891777 0.831302881 -36.077728271 0.055332467 0.998455524 -0.004984534 1.229282737 -0.830192924 0.043232992 -0.555797815 -16.372707367
-0.534512877 0.032839060 0.844522297 -35.418102264 0.051380217 0.998659194 -0.006313216 1.215715170 -0.843597293 0.040017240 -0.535483479 -16.767227173
-0.510370970 0.031530611 0.859376252 -34.769145966 0.049581066 0.998744190 -0.007198572 1.203497648 -0.858523965 0.038934845 -0.511293292 -17.157192230
-0.483503819 0.029690601 0.874838769 -34.106334686 0.047073208 0.998860359 -0.007883391 1.189872026 -0.874075770 0.037369814 -0.484350443 -17.510051727
-0.454787970 0.027122516 0.890186787 -33.430698395 0.043698784 0.999011815 -0.008112946 1.173820138 -0.889527142 0.035210408 -0.455523729 -17.823335648
-0.421303749 0.025117187 0.906571746 -32.743930817 0.039407052 0.999179304 -0.009369624 1.154255033 -0.906063020 0.031777862 -0.421947718 -18.134271622
-0.383113265 0.023531824 0.923401773 -32.102890015 0.035505354 0.999311805 -0.010735376 1.130073309 -0.923018932 0.028672840 -0.383685112 -18.390579224
-0.342207789 0.021941731 0.939368248 -31.401130676 0.033220533 0.999384820 -0.011241507 1.119309902 -0.939037025 0.027359383 -0.342726231 -18.634798050
-0.299568892 0.019172531 0.953882217 -30.702842712 0.026679561 0.999575436 -0.011712169 1.106188774 -0.953701735 0.021940555 -0.299953222 -18.832834244
-0.255607009 0.016484501 0.966640294 -30.027589798 0.019533614 0.999738574 -0.011883700 1.084519029 -0.966583490 0.015844420 -0.255862236 -18.986591339
-0.210204601 0.015013689 0.977542281 -29.336835861 0.014578013 0.999819040 -0.012221069 1.065165758 -0.977548897 0.011681701 -0.210385323 -19.101896286
-0.160972357 0.014803977 0.986848056 -28.625587463 0.014696426 0.999812603 -0.012601219 1.047889829 -0.986849666 0.012474692 -0.161159754 -19.208177567
-0.110262275 0.013471094 0.993811250 -27.929531097 0.013371392 0.999837756 -0.012069242 1.037706256 -0.993812621 0.011957859 -0.110424519 -19.266014099
-0.058183551 0.009812815 0.998257697 -27.237680435 0.010423271 0.999903142 -0.009221470 1.021094084 -0.998251498 0.009868572 -0.058280230 -19.275228500
-0.005187631 0.007797170 0.999956191 -26.548381805 0.008448569 0.999934256 -0.007753170 1.010301948 -0.999950886 0.008407978 -0.005253196 -19.245706558
0.048239350 0.008822699 0.998796880 -25.936044693 0.008977524 0.999916792 -0.009266184 0.979994774 -0.998795509 0.009413717 0.048156142 -19.195077896
0.101654589 0.010920954 0.994759917 -25.267654419 0.006290180 0.999912679 -0.011620319 0.965674639 -0.994799972 0.007438479 0.101577044 -19.098142624
0.154357910 0.013714484 0.987919807 -24.630758286 0.005167547 0.999878764 -0.014687906 0.950415492 -0.988001525 0.007372316 0.154268324 -18.967222214
0.206656933 0.016262030 0.978278220 -23.987289429 0.002682724 0.999848664 -0.017187309 0.935562551 -0.978409708 0.006176325 0.206582010 -18.802198410
0.258078754 0.015968814 0.965991974 -23.369335175 0.000390270 0.999861598 -0.016632982 0.921309829 -0.966123879 0.004669617 0.258036792 -18.598104477
0.308600128 0.015351878 0.951067984 -22.782247543 -0.004502802 0.999882102 -0.014678766 0.901265979 -0.951181233 0.000247399 0.308632910 -18.380435944
0.356537998 0.014166460 0.934173465 -22.171588898 -0.008933959 0.999891043 -0.011753300 0.886008263 -0.934238136 -0.004155368 0.356625736 -18.112001419
0.401093364 0.013009784 0.915944815 -21.582115173 -0.013141010 0.999877989 -0.008447479 0.864951253 -0.915942907 -0.008648213 0.401215374 -17.818454742
0.442291319 0.013742881 0.896766126 -21.019952774 -0.014834910 0.999857903 -0.008006074 0.845628262 -0.896748781 -0.009762428 0.442432344 -17.517623901
0.478044212 0.018741928 0.878135800 -20.466972351 -0.021040590 0.999729753 -0.009882904 0.833827972 -0.878083706 -0.013752033 0.478309393 -17.180912018
0.506690681 0.026124937 0.861732006 -19.933948517 -0.028193630 0.999508262 -0.013724267 0.818715334 -0.861666799 -0.017341396 0.507178068 -16.832977295
0.527975678 0.033586029 0.848595142 -19.401832581 -0.035060961 0.999227822 -0.017733730 0.801866770 -0.848535478 -0.020389579 0.528745532 -16.464609146
0.543342710 0.038567115 0.838624716 -18.869865417 -0.038790092 0.999030650 -0.020811947 0.793174744 -0.838614404 -0.021222299 0.544312060 -16.089660645
0.554002762 0.039340969 0.831584871 -18.342617035 -0.039087325 0.999010444 -0.021221589 0.772078454 -0.831596792 -0.020747602 0.554992259 -15.725480080
0.560874999 0.038342420 0.827012181 -17.801261902 -0.037780300 0.999071717 -0.020697160 0.755378842 -0.827038050 -0.019636249 0.561802924 -15.365463257
0.564355612 0.037135724 0.824696124 -17.278602600 -0.036742233 0.999127686 -0.019846881 0.736285508 -0.824713767 -0.019100474 0.565227747 -14.998548508
0.565561652 0.035057515 0.823960602 -16.763868332 -0.034435336 0.999228597 -0.018878531 0.712212682 -0.823986828 -0.017696384 0.566332579 -14.640804291
0.566224337 0.033487074 0.823570669 -16.236354828 -0.032653581 0.999301314 -0.018182322 0.690163612 -0.823604107 -0.016597256 0.566922188 -14.283335686
0.565844536 0.031760361 0.823900044 -15.724529266 -0.030116191 0.999387145 -0.017841747 0.672229528 -0.823961794 -0.014717078 0.566454232 -13.928516388
0.563743830 0.030034658 0.825403452 -15.228701591 -0.028021811 0.999458790 -0.017229494 0.654029608 -0.825474262 -0.013416280 0.564280331 -13.585861206
0.560158968 0.028562514 0.827892601 -14.699826241 -0.025946824 0.999520004 -0.016927868 0.632145643 -0.827978671 -0.011998884 0.560631156 -13.238035202
0.554703236 0.027228083 0.831602693 -14.205565453 -0.024471063 0.999565959 -0.016404573 0.613769412 -0.831688404 -0.011250529 0.555128753 -12.906433105
0.548328817 0.025028674 0.835888267 -13.715729713 -0.021729415 0.999640942 -0.015677722 0.592157662 -0.835980535 -0.009566813 0.548675776 -12.585908890
0.542799056 0.022893697 0.839550495 -13.206568718 -0.017188365 0.999721825 -0.016148522 0.574836314 -0.839686692 -0.005665098 0.543041587 -12.270333290
0.537218332 0.022135301 0.843152702 -12.723158836 -0.014141494 0.999751449 -0.017236177 0.559820771 -0.843324661 -0.002663849 0.537397802 -11.965498924
0.531368136 0.021064337 0.846879125 -12.257289886 -0.011927642 0.999777734 -0.017383458 0.531512976 -0.847057104 -0.000864253 0.531501293 -11.680233002
0.525333941 0.021919988 0.850613773 -11.785515785 -0.011110927 0.999759614 -0.018901376 0.521245003 -0.850823581 0.000478427 0.525451183 -11.385907173
0.519995213 0.021727214 0.853892803 -11.338606834 -0.009875270 0.999762535 -0.019425109 0.505347490 -0.854112089 0.001668542 0.520086288 -11.118027687
0.514491379 0.021075865 0.857236505 -10.894490242 -0.007945282 0.999772131 -0.019811668 0.485744178 -0.857458770 0.003381947 0.514541626 -10.852703094
0.509164214 0.018821338 0.860463560 -10.456151962 -0.004039020 0.999802113 -0.019479137 0.473304212 -0.860659897 0.006442649 0.509139478 -10.606763840
0.503443718 0.016240027 0.863875389 -10.034262657 -0.001729488 0.999840260 -0.017788136 0.448212564 -0.864026248 0.007461262 0.503391385 -10.358386040
0.498643100 0.014454443 0.866686881 -9.631438255 -0.000260478 0.999863386 -0.016525673 0.431090653 -0.866807401 0.008014661 0.498578727 -10.132841110
0.493525982 0.014312301 0.869613409 -9.239365578 -0.002315462 0.999882698 -0.015142227 0.416387767 -0.869728088 0.005459526 0.493501186 -9.906703949
0.488584518 0.013552129 0.872411311 -8.856012344 -0.002422899 0.999896586 -0.014175581 0.405250728 -0.872513175 0.004812205 0.488566816 -9.693709373
0.483705997 0.013110767 0.875132382 -8.494897842 -0.001923108 0.999901295 -0.013917042 0.388714492 -0.875228465 0.005048782 0.483683467 -9.489988327
0.479873598 0.012162233 0.877253413 -8.146702766 0.000382885 0.999900937 -0.014072063 0.378095448 -0.877337635 0.007088699 0.479821384 -9.307414055
0.476178467 0.011258417 0.879276693 -7.820178509 0.001899779 0.999902546 -0.013831773 0.365794003 -0.879346728 0.008256825 0.476110697 -9.135170937
0.472283900 0.010924815 0.881378829 -7.516055584 0.003562054 0.999891341 -0.014302510 0.357983172 -0.881439328 0.009894364 0.472193658 -8.974891663
0.469174445 0.011595048 0.883029461 -7.232378960 0.003751158 0.999878585 -0.015122475 0.346549481 -0.883097649 0.010407464 0.469074011 -8.826501846
0.466439366 0.013783609 0.884445846 -6.973828316 0.002831925 0.999850214 -0.017075628 0.337957978 -0.884548724 0.010469431 0.466330469 -8.685419083
0.465197682 0.015545028 0.885070443 -6.724913120 0.002958447 0.999812901 -0.019115301 0.326773852 -0.885201991 0.011510829 0.465064704 -8.561021805
0.464508533 0.017953152 0.885386646 -6.504248619 0.003368701 0.999751449 -0.022039501 0.310747206 -0.885562241 0.013220139 0.464332581 -8.444871902
0.464667320 0.020436492 0.885249555 -6.276535511 0.005732820 0.999643266 -0.026086494 0.303219467 -0.885466874 0.017196519 0.464384377 -8.321376801
0.467142642 0.020795785 0.883937478 -6.049791813 0.008265316 0.999576986 -0.027884407 0.292943180 -0.884143412 0.020332018 0.466773152 -8.203584671
0.472084582 0.020450775 0.881316066 -5.818821907 0.009052711 0.999565721 -0.028043902 0.287832081 -0.881506860 0.021217395 0.471694410 -8.082344055
0.479529440 0.019725122 0.877304077 -5.602502823 0.008499695 0.999596059 -0.027120594 0.279248804 -0.877484620 0.020461941 0.479168057 -7.954085827
0.489240706 0.022273384 0.871864319 -5.389815807 0.006069425 0.999562681 -0.028941490 0.264633447 -0.872127652 0.019451071 0.488891602 -7.824401379
0.500138521 0.027007716 0.865524173 -5.185440063 0.004443551 0.999420285 -0.033753477 0.258488566 -0.865934074 0.020727413 0.499728560 -7.690258503
0.513308287 0.029575767 0.857694566 -4.985334396 0.004319093 0.999304295 -0.037043750 0.242168635 -0.858193457 0.022719329 0.512823462 -7.558262825
0.528681278 0.031112185 0.848250151 -4.782622814 0.004412749 0.999213815 -0.039399542 0.235939652 -0.848809004 0.024572914 0.528128326 -7.431208134
0.544721842 0.031110685 0.838039517 -4.600709915 0.003555477 0.999216974 -0.039405152 0.227906972 -0.838609278 0.024444479 0.544184744 -7.291342735
0.561658144 0.031919226 0.826753497 -4.414287090 0.001182327 0.999223590 -0.039381154 0.215712190 -0.827368617 0.023096239 0.561184287 -7.143933296
0.579327941 0.032706585 0.814438105 -4.253491402 0.000721825 0.999173641 -0.040638730 0.207384348 -0.815094233 0.024131034 0.578825593 -7.000580788
0.599541664 0.035089307 0.799574018 -4.065025806 0.000837347 0.999010384 -0.044469442 0.200082928 -0.800343156 0.027330803 0.598918915 -6.838117599
0.620961428 0.035718411 0.783026874 -3.858643293 0.002485121 0.998866498 -0.047534879 0.190516293 -0.783837199 0.031463243 0.620168805 -6.672809601
0.641941309 0.035012580 0.765954018 -3.646719217 0.002441683 0.998858452 -0.047705252 0.174297854 -0.766749918 0.032494187 0.641122997 -6.473905563
0.663372159 0.035469409 0.747448504 -3.444135427 -0.001365477 0.998931646 -0.046191409 0.168800890 -0.748288393 0.029621473 0.662711918 -6.260547638
0.685232878 0.034950260 0.727485001 -3.223391056 -0.007184247 0.999123693 -0.041233499 0.158444837 -0.728288591 0.023028119 0.684883475 -6.023396492
0.706972837 0.030110843 0.706599474 -3.001386404 -0.009406309 0.999405205 -0.033177119 0.121929392 -0.707178175 0.016808830 0.706835628 -5.769669533
0.727339447 0.026333435 0.685772479 -2.788951159 -0.007371191 0.999505699 -0.030562703 0.134645641 -0.686238289 0.017174499 0.727174044 -5.503629208
0.748473227 0.023898628 0.662734270 -2.577031136 -0.006958093 0.999578416 -0.028187176 0.119012237 -0.663128495 0.016485980 0.748324037 -5.230369568
0.770372391 0.023472788 0.637161970 -2.352332354 -0.007769638 0.999593496 -0.027430598 0.114588343 -0.637546837 0.016181258 0.770241618 -4.942302704
0.791313171 0.024323076 0.610927105 -2.140547037 -0.011818848 0.999630213 -0.024490114 0.102251969 -0.611296833 0.012158897 0.791307986 -4.621075153
0.811043024 0.022290235 0.584561765 -1.946505070 -0.011977761 0.999697089 -0.021501584 0.084638000 -0.584863961 0.010436970 0.811064243 -4.298310757
0.830940425 0.020485416 0.555984080 -1.738147378 -0.010066322 0.999711871 -0.021790190 0.079427168 -0.556270301 0.012509635 0.830907226 -3.960265160
0.850049078 0.016317377 0.526450694 -1.561611056 -0.004825040 0.999719322 -0.023195477 0.066313133 -0.526681423 0.017177148 0.849889159 -3.625949383
0.868913054 0.013535962 0.494779706 -1.366097569 -0.002547688 0.999735057 -0.022876156 0.058478989 -0.494958282 0.018616848 0.868717313 -3.238376141
0.886812270 0.011062555 0.461997479 -1.177567959 -0.002121626 0.999800384 -0.019867776 0.050478421 -0.462125033 0.016638801 0.886658669 -2.822219133
0.903731883 0.012031482 0.427929848 -0.994445443 -0.005353134 0.999844432 -0.016806057 0.042956695 -0.428065479 0.012897404 0.903655708 -2.376355886
0.919575393 0.012633637 0.392710447 -0.816392899 -0.007461894 0.999864221 -0.014693134 0.038347602 -0.392842740 0.010581082 0.919544816 -1.896489024
0.933955908 0.006953076 0.357320637 -0.658070505 -0.003467724 0.999939978 -0.010393908 0.028233789 -0.357371449 0.008468363 0.933923960 -1.432667613
0.947117150 -0.001045294 0.320886314 -0.501383662 0.003361899 0.999972105 -0.006665435 0.017906323 -0.320870399 0.007391735 0.947094262 -0.921517909
0.959183216 -0.009840082 0.282614172 -0.345198274 0.011629983 0.999921501 -0.004656432 0.012357424 -0.282546192 0.007753169 0.959222376 -0.372014433
0.969678521 -0.015559958 0.243888199 -0.218659282 0.016997451 0.999848366 -0.003790526 0.001975824 -0.243792221 0.007821069 0.969795942 0.203143656
0.978806496 -0.017275611 0.204057246 -0.117305636 0.018771062 0.999809265 -0.005395162 0.000891641 -0.203925118 0.009111191 0.978944063 0.751501679
0.985966504 -0.015939772 0.166180477 -0.043577645 0.017173747 0.999834597 -0.005991105 -0.004123948 -0.166057497 0.008760970 0.986077130 1.351852536
0.991114855 -0.016070375 0.132034332 0.017774638 0.017325036 0.999814987 -0.008359184 0.000321159 -0.131875575 0.010572410 0.991209924 1.993521214
0.994782209 -0.016395086 0.100695111 0.071240783 0.017438848 0.999802828 -0.009494030 -0.008175296 -0.100519605 0.011200499 0.994872034 2.642897129
0.997186899 -0.020013200 0.072233722 0.116947688 0.020740738 0.999741316 -0.009335938 -0.009079993 -0.072028190 0.010807856 0.997344017 3.314893484
0.998681903 -0.020468535 0.047068708 0.134688973 0.020951932 0.999732435 -0.009799669 -0.016225431 -0.046855532 0.010772932 0.998843610 3.993967056
0.999521613 -0.020327808 0.023310425 0.142738074 0.020575475 0.999733865 -0.010434554 -0.035150576 -0.023092110 0.010909185 0.999673843 4.703643799
0.999819696 -0.018789144 0.002752623 0.131113693 0.018814608 0.999777496 -0.009537236 -0.041619044 -0.002572814 0.009587306 0.999950707 5.452299118
0.999728143 -0.017345659 -0.015581861 0.107984297 0.017232765 0.999824464 -0.007350655 -0.044652309 0.015706629 0.007080138 0.999851584 6.202700138
0.999443114 -0.015572038 -0.029511591 0.074783310 0.015425461 0.999867558 -0.005187972 -0.049094398 0.029588470 0.004729853 0.999550998 6.985161304
0.999220550 -0.010169421 -0.038142458 0.026894365 0.010031248 0.999942422 -0.003812177 -0.061119869 0.038179029 0.003426589 0.999265015 7.767307758
0.999065697 -0.005655175 -0.042845737 -0.019059971 0.005404416 0.999967575 -0.005966156 -0.071836524 0.042878088 0.005729026 0.999063909 8.572109222
0.998997211 -0.005707437 -0.044407073 -0.059159387 0.005388471 0.999958813 -0.007299173 -0.075988583 0.044446904 0.007052568 0.998986840 9.393159866
0.998931766 -0.008177784 -0.045479737 -0.092556700 0.007832853 0.999939263 -0.007757331 -0.081012264 0.045540411 0.007392809 0.998935163 10.235521317
0.998912990 -0.009482821 -0.045639247 -0.134092227 0.009223445 0.999940097 -0.005890406 -0.089790508 0.045692369 0.005463052 0.998940647 11.111249924
0.998900533 -0.007580143 -0.046262965 -0.176977798 0.007283507 0.999951839 -0.006577167 -0.101121798 0.046310592 0.006232979 0.998907626 11.980108261
0.998900533 -0.005677240 -0.046535496 -0.229464263 0.005230031 0.999939024 -0.009726175 -0.109785207 0.046587877 0.009472099 0.998869300 12.869937897
0.998889923 -0.002168516 -0.047055319 -0.278329313 0.001621932 0.999930799 -0.011650850 -0.122603320 0.047077328 0.011561596 0.998824358 13.771335602
0.998866200 0.001335742 -0.047587216 -0.334448963 -0.001914526 0.999924719 -0.012119096 -0.133690521 0.047567446 0.012196463 0.998793542 14.695563316
0.998808801 0.001758455 -0.048763212 -0.382100731 -0.002248146 0.999947608 -0.009989194 -0.148905247 0.048743092 0.010086922 0.998760402 15.641309738
0.998741388 -0.000013911 -0.050155848 -0.428147197 -0.000395088 0.999966741 -0.008144642 -0.160758957 0.050154291 0.008154208 0.998708189 16.593465805
0.998602092 0.000317680 -0.052856334 -0.480758965 -0.000680008 0.999976397 -0.006837110 -0.176009730 0.052852914 0.006863494 0.998578727 17.561328888
0.998413146 -0.001435786 -0.056295238 -0.539618134 0.001006402 0.999970198 -0.007654981 -0.190814689 0.056304552 0.007586177 0.998384833 18.529317856
0.998173296 -0.003356267 -0.060322978 -0.598404706 0.002814401 0.999954939 -0.009065465 -0.204174802 0.060350683 0.008879133 0.998137772 19.509782791
0.997886777 -0.005280300 -0.064762093 -0.654915512 0.004733301 0.999951839 -0.008596808 -0.219545588 0.064804368 0.008272102 0.997863710 20.494649887
0.997633159 -0.005467131 -0.068543427 -0.734423280 0.005084170 0.999970496 -0.005760344 -0.236897916 0.068572894 0.005398224 0.997631490 21.501108170
0.997343302 -0.006437292 -0.072559349 -0.805413902 0.006292925 0.999977767 -0.002218085 -0.246119052 0.072572015 0.001755582 0.997361600 22.513101578
0.997089982 -0.005853935 -0.076008610 -0.892314494 0.006019369 0.999979973 0.001947603 -0.254777640 0.075995684 -0.002399459 0.997105241 23.536754608
0.996844888 -0.005175753 -0.079204969 -0.977388799 0.005470101 0.999978900 0.003499762 -0.258481055 0.079185180 -0.003921979 0.996852219 24.582389832
0.996659040 -0.004303316 -0.081561573 -1.066919446 0.004326585 0.999990642 0.000108560 -0.264347136 0.081560344 -0.000461080 0.996668279 25.618593216
0.996514440 -0.002684626 -0.083377518 -1.162403584 0.002267889 0.999984443 -0.005092497 -0.275737941 0.083389893 0.004885656 0.996505022 26.680803299
0.996395469 -0.003812400 -0.084743708 -1.255732536 0.003192302 0.999967158 -0.007451641 -0.283630431 0.084769331 0.007154254 0.996374905 27.736440659
0.996271431 -0.003154041 -0.086216435 -1.349627495 0.002947312 0.999992490 -0.002524973 -0.297742844 0.086223751 0.002261452 0.996273220 28.811130524
0.996124387 -0.004612427 -0.087834358 -1.447553992 0.004987361 0.999979377 0.004049668 -0.314648896 0.087813869 -0.004472035 0.996126890 29.892606735
0.995919228 -0.010716829 -0.089610383 -1.537817597 0.011211638 0.999924541 0.005020244 -0.323863447 0.089549817 -0.006004437 0.995964229 30.970073700
0.995788157 -0.013585052 -0.090672076 -1.625689983 0.013855337 0.999901235 0.002352117 -0.335781783 0.090631165 -0.003598502 0.995878041 32.026287079
0.995743990 -0.012663043 -0.091288500 -1.733039856 0.012481733 0.999918818 -0.002556780 -0.341292977 0.091313466 0.001406460 0.995821178 33.112018585
0.995733738 -0.011009524 -0.091613725 -1.836293340 0.010679304 0.999934614 -0.004093942 -0.353471607 0.091652811 0.003098106 0.995786190 34.199188232
0.995905876 -0.006609782 -0.090154618 -1.949693680 0.006384378 0.999975741 -0.002788346 -0.368769705 0.090170860 0.002201349 0.995923877 35.281177521
0.996002078 -0.002902030 -0.089282773 -2.044337511 0.002832105 0.999995589 -0.000909865 -0.385679781 0.089285024 0.000653369 0.996005893 36.373538971
0.996130347 -0.001965055 -0.087866426 -2.151587248 0.002070474 0.999997258 0.001108647 -0.393940419 0.087864004 -0.001286282 0.996131659 37.462474823
0.996238351 -0.002004401 -0.086632080 -2.245107651 0.002342833 0.999990046 0.003805054 -0.406190753 0.086623587 -0.003993706 0.996233106 38.556011200
0.996339500 0.004628234 -0.085359298 -2.346870899 -0.004021466 0.999965429 0.007278975 -0.413332939 0.085390031 -0.006909060 0.996323645 39.664077759
0.996499896 0.007961135 -0.083213836 -2.445383549 -0.007379381 0.999946177 0.007296311 -0.420608014 0.083267435 -0.006656707 0.996505022 40.783794403
0.996696949 0.009756871 -0.080622420 -2.548483610 -0.009418155 0.999945164 0.004580471 -0.422350764 0.080662690 -0.003806027 0.996734202 41.878719330
0.996843576 0.012570409 -0.078389414 -2.645209551 -0.012515850 0.999920964 0.001187298 -0.428845972 0.078398146 -0.000202440 0.996922135 42.997257233
0.996958494 0.012205784 -0.076972634 -2.731963396 -0.012138792 0.999925435 0.001338168 -0.441216439 0.076983228 -0.000399743 0.997032285 44.122264862
0.997121215 0.011579460 -0.074934334 -2.819901228 -0.011380911 0.999930501 0.003076135 -0.447013795 0.074964747 -0.002214459 0.997183740 45.244831085
0.997263730 0.011531455 -0.073020980 -2.903131008 -0.011382220 0.999932170 0.002459527 -0.455207556 0.073044389 -0.001621656 0.997327387 46.371395111
0.997342944 0.012930714 -0.071692705 -2.989096642 -0.013106472 0.999912143 -0.001981654 -0.465793252 0.071660779 0.002916027 0.997424781 47.495174408
0.997408509 0.012512470 -0.070849955 -3.079114914 -0.012944767 0.999900281 -0.005645726 -0.483443975 0.070772246 0.006548231 0.997471035 48.625141144
0.997376800 0.010990661 -0.071545586 -3.153591394 -0.011345542 0.999925256 -0.004555710 -0.490241081 0.071490169 0.005355482 0.997426927 49.760017395
0.997420430 0.008628448 -0.071260326 -3.241576433 -0.008776416 0.999959946 -0.001763608 -0.502964139 0.071242251 0.002384469 0.997456193 50.900260925
0.997460365 0.004839397 -0.071059451 -3.319936037 -0.004873848 0.999988079 -0.000311439 -0.515396178 0.071057096 0.000656981 0.997472048 52.037883759
0.997515917 -0.000247202 -0.070440613 -3.397763014 0.000168451 0.999999344 -0.001123921 -0.531848788 0.070440844 0.001109263 0.997515321 53.178649902
0.997517943 -0.001003213 -0.070405334 -3.478681326 0.000924399 0.999998927 -0.001152004 -0.543389738 0.070406415 0.001084062 0.997517824 54.321929932
0.997559786 -0.005656746 -0.069587491 -3.556266069 0.005822160 0.999980688 0.002174471 -0.554295361 0.069573849 -0.002574314 0.997573495 55.480228424
0.997582257 -0.006015221 -0.069234505 -3.629703045 0.006632334 0.999940276 0.008686965 -0.562805951 0.069178119 -0.009125149 0.997562587 56.644458771
0.997647345 -0.006440007 -0.068252027 -3.714081287 0.007111968 0.999928534 0.009606871 -0.566329539 0.068185285 -0.010069675 0.997621834 57.828495026
0.997633040 -0.004892063 -0.068588354 -3.795763493 0.005138292 0.999980986 0.003413998 -0.570568383 0.068570346 -0.003758344 0.997639179 58.986831665
0.997684956 -0.001664875 -0.067985125 -3.896107435 0.001356564 0.999988616 -0.004580889 -0.583828628 0.067991979 0.004478058 0.997675836 60.169914246
0.997693896 0.003142444 -0.067801401 -3.985386372 -0.003700887 0.999960244 -0.008112418 -0.601853490 0.067773208 0.008344636 0.997665882 61.335670471
0.997722149 0.005278925 -0.067250334 -4.076529980 -0.005731603 0.999962211 -0.006540071 -0.620637178 0.067213267 0.006910626 0.997714698 62.523426056
0.997698486 0.007333975 -0.067409001 -4.166020870 -0.007688582 0.999957919 -0.005002598 -0.638159215 0.067369483 0.005509364 0.997712910 63.713466644
0.997669995 0.007692687 -0.067789711 -4.254693508 -0.007805890 0.999968529 -0.001405174 -0.653300285 0.067776769 0.001931059 0.997698665 64.911010742
0.997632861 0.006762413 -0.068432212 -4.335008621 -0.006755102 0.999977112 0.000338240 -0.669980347 0.068432935 0.000124827 0.997655690 66.095436096
0.997616529 0.006478611 -0.068696797 -4.414465427 -0.006355593 0.999977767 0.002009155 -0.687441051 0.068708286 -0.001567757 0.997635543 67.282165527
0.997598886 0.008261126 -0.068762317 -4.503555298 -0.007897070 0.999953330 0.005564555 -0.696221411 0.068805076 -0.005008173 0.997617543 68.479347229
0.997589409 0.009981894 -0.068671428 -4.595959663 -0.009405044 0.999917746 0.008718346 -0.703412592 0.068752810 -0.008051472 0.997601211 69.668510437
0.997557282 0.011057582 -0.068972260 -4.680768967 -0.010837531 0.999934912 0.003563823 -0.714446902 0.069007181 -0.002807629 0.997612238 70.852745056
0.997555673 0.010851834 -0.069028713 -4.768698215 -0.011312241 0.999916255 -0.006282378 -0.726119280 0.068954758 0.007047892 0.997594893 72.024848938
0.997546017 0.011155488 -0.069119722 -4.856428623 -0.011889133 0.999877155 -0.010211818 -0.745582283 0.068997316 0.011008532 0.997556090 73.203468323
0.997549415 0.007379364 -0.069574878 -4.931735039 -0.008091863 0.999917626 -0.009964494 -0.780728757 0.069495618 0.010503066 0.997526944 74.385314941
0.997583568 -0.000255920 -0.069476724 -5.007371902 -0.000670422 0.999911189 -0.013309481 -0.806629300 0.069473960 0.013323897 0.997494757 75.559181213
0.997590303 0.000667997 -0.069376811 -5.089079857 -0.001663191 0.999896526 -0.014288005 -0.834938407 0.069360092 0.014368962 0.997488201 76.737930298
0.997601867 -0.005091907 -0.069026113 -5.166211128 0.004492876 0.999950886 -0.008830804 -0.859812558 0.069067694 0.008499501 0.997575760 77.902160645
0.997609854 -0.006055427 -0.068832785 -5.239588737 0.005965007 0.999981046 -0.001519074 -0.886838257 0.068840675 0.001104855 0.997627079 79.085357666
0.997711778 -0.003546855 -0.067517810 -5.335927010 0.003742336 0.999989152 0.002768984 -0.902854085 0.067507260 -0.003015322 0.997714221 80.247276306
0.997736931 -0.001002239 -0.067231044 -5.416837215 0.001419828 0.999979973 0.006163747 -0.916377664 0.067223527 -0.006245254 0.997718394 81.408164978
0.997789681 0.003286098 -0.066369690 -5.508240700 -0.002761083 0.999964178 0.008000641 -0.920709550 0.066393606 -0.007799705 0.997763038 82.559089661
0.997864366 0.006671536 -0.064978123 -5.600787640 -0.006256070 0.999958694 0.006595325 -0.932108223 0.065019436 -0.006174733 0.997864902 83.701179504
0.997878671 0.011197817 -0.064130619 -5.692216873 -0.011192137 0.999937236 0.000447821 -0.942413747 0.064131610 0.000270888 0.997941434 84.832336426
0.997842014 0.014193030 -0.064108185 -5.771722317 -0.014537662 0.999882281 -0.004912500 -0.957134962 0.064030908 0.005833882 0.997930884 85.951026917
0.997928083 0.010305451 -0.063508511 -5.844419003 -0.010644575 0.999930799 -0.005003766 -0.971438944 0.063452557 0.005669420 0.997968733 87.078567505
0.997970283 0.009892049 -0.062908612 -5.913784504 -0.009905542 0.999950945 0.000097400 -0.992589831 0.062906489 0.000525942 0.998019278 88.210037231
0.998109460 0.005700109 -0.061196573 -5.997332573 -0.005324206 0.999965966 0.006303865 -1.006135345 0.061230421 -0.005966124 0.998105824 89.373298645
0.998209178 0.001142863 -0.059809398 -6.075582504 -0.000560342 0.999952257 0.009755488 -1.012089133 0.059817690 -0.009704503 0.998162150 90.495498657
0.998215735 -0.003490923 -0.059608474 -6.128646851 0.003985364 0.999958634 0.008177949 -1.015248537 0.059577461 -0.008400919 0.998188317 91.634078979
0.998236656 -0.006715179 -0.058978535 -6.191814899 0.007044128 0.999960780 0.005371295 -1.019046187 0.058940154 -0.005777276 0.998244822 92.759948730
0.998282552 -0.008631023 -0.057943873 -6.273074150 0.008709533 0.999961436 0.001102516 -1.035830498 0.057932124 -0.001605287 0.998319209 93.893913269
0.998304129 -0.010579196 -0.057244401 -6.336129665 0.010435635 0.999941587 -0.002806212 -1.050673127 0.057270747 0.002204071 0.998356223 95.008346558
