1.000000000 0.000000000 0.000000000 0.000000000 0.000000000 1.000000000 0.000000000 0.000000000 0.000000000 0.000000000 1.000000000 0.000000000
0.999991536 -0.002356232 -0.003378429 -0.003953317 0.002348623 0.999994695 -0.002254475 -0.003411037 0.003383723 0.002246521 0.999991775 0.666553199
0.999972105 -0.001056646 -0.007396182 -0.015672402 0.001030480 0.999993205 -0.003540591 -0.010894278 0.007399872 0.003532871 0.999966383 1.355997086
0.999931455 -0.001612131 -0.011596320 -0.021604296 0.001555928 0.999987006 -0.004853962 -0.014684290 0.011603995 0.004835586 0.999920964 2.077098608
0.999864340 -0.000204129 -0.016469998 -0.039098080 0.000111370 0.999984145 -0.005632728 -0.015948588 0.016470887 0.005630129 0.999848485 2.806491375
0.999785960 -0.000943176 -0.020666426 -0.061179936 0.000823146 0.999982774 -0.005815710 -0.026163239 0.020671554 0.005797454 0.999769509 3.544006586
0.999682963 0.000587121 -0.025173133 -0.086455695 -0.000766155 0.999974489 -0.007103064 -0.032593306 0.025168320 0.007120098 0.999657869 4.306030273
0.999543607 0.003130067 -0.030047193 -0.118615754 -0.003368073 0.999963343 -0.007873747 -0.037608884 0.030021446 0.007971356 0.999517441 5.073093414
0.999401629 0.003581402 -0.034402277 -0.150808141 -0.003794076 0.999974072 -0.006118687 -0.047079217 0.034379471 0.006245551 0.999389350 5.866697788
0.999241531 0.002914095 -0.038831927 -0.186319038 -0.003047043 0.999989688 -0.003364944 -0.054259945 0.038821723 0.003480714 0.999240100 6.665789604
0.999123096 0.002350611 -0.041803677 -0.232162699 -0.002367734 0.999997139 -0.000360088 -0.067408837 0.041802712 0.000458752 0.999125779 7.470312595
0.998982549 0.003831435 -0.044935774 -0.265911639 -0.003912902 0.999990880 -0.001725147 -0.070269190 0.044928756 0.001899221 0.998988390 8.299637794
0.998890817 0.003463603 -0.046959024 -0.313686997 -0.003554238 0.999991953 -0.001846731 -0.077556990 0.046952251 0.002011586 0.998895109 9.116879463
0.998800397 0.001006831 -0.048956621 -0.353497684 -0.001136746 0.999995887 -0.002625896 -0.082479320 0.048953779 0.002678397 0.998797476 9.949547768
0.998694241 0.000306892 -0.051085930 -0.393168896 -0.000394888 0.999998450 -0.001712430 -0.089489996 0.051085327 0.001730367 0.998692811 10.799776077
0.998614967 -0.001178476 -0.052599724 -0.439852566 0.001064792 0.999997020 -0.002189281 -0.095715255 0.052602146 0.002130241 0.998613298 11.647416115
0.998522937 0.001317364 -0.054315582 -0.495590478 -0.001557714 0.999989152 -0.004382967 -0.106934518 0.054309219 0.004461102 0.998514175 12.503240585
0.998436034 0.001239414 -0.055892415 -0.542779386 -0.001617685 0.999976099 -0.006723110 -0.120144583 0.055882744 0.006803012 0.998414159 13.374514580
0.998329043 0.005103727 -0.057559036 -0.604488909 -0.005592102 0.999949694 -0.008326890 -0.132363558 0.057513643 0.008634852 0.998307407 14.244198799
0.998256624 0.006403123 -0.058675125 -0.661330998 -0.006884556 0.999944270 -0.008006591 -0.144724891 0.058620587 0.008396585 0.998245001 15.137972832
0.998185694 0.005499560 -0.059958551 -0.717170715 -0.005902661 0.999961138 -0.006547942 -0.159194753 0.059920210 0.006889977 0.998179376 16.025913239
0.998116910 0.006259474 -0.061020564 -0.781213462 -0.006598299 0.999963880 -0.005352730 -0.168361068 0.060984854 0.005745283 0.998122156 16.918846130
0.998044252 0.005941213 -0.062228367 -0.838977873 -0.006277198 0.999966741 -0.005205126 -0.184221894 0.062195376 0.005585567 0.998048365 17.826566696
0.997942865 0.005619097 -0.063863091 -0.894689739 -0.006008093 0.999964535 -0.005900685 -0.198425099 0.063827671 0.006272242 0.997941196 18.728994370
0.997895002 0.004256308 -0.064710118 -0.959084749 -0.004684140 0.999968171 -0.006461244 -0.213658780 0.064680554 0.006750755 0.997883201 19.640245438
0.997844160 0.004009651 -0.065505445 -1.012700319 -0.004331264 0.999979258 -0.004768429 -0.226001978 0.065484971 0.005041870 0.997840822 20.556636810
0.997850120 0.005537583 -0.065302812 -1.083860517 -0.005646101 0.999982953 -0.001477333 -0.235914931 0.065293513 0.001842863 0.997864425 21.485918045
0.997912705 0.006747501 -0.064224273 -1.148748636 -0.006616436 0.999975562 0.002253208 -0.245591760 0.064237908 -0.001823569 0.997932971 22.415851593
0.998003066 0.005679750 -0.062909454 -1.206039786 -0.005359465 0.999971807 0.005258781 -0.254263848 0.062937550 -0.004911119 0.998005390 23.352949142
0.998096287 0.005010231 -0.061470937 -1.264969945 -0.004635179 0.999969780 0.006242367 -0.263388693 0.061500352 -0.005945555 0.998089373 24.298284531
0.998195767 0.005262199 -0.059812084 -1.329635859 -0.005074497 0.999981701 0.003289659 -0.267442882 0.059828304 -0.002980208 0.998204231 25.237358093
0.998240113 0.005972438 -0.058999844 -1.389170170 -0.006073883 0.999980390 -0.001540219 -0.274648905 0.058989488 0.001895867 0.998256803 26.177223206
0.998298764 0.005372978 -0.058057342 -1.439825892 -0.005627242 0.999975264 -0.004216935 -0.285130709 0.058033250 0.004536464 0.998304367 27.138509750
0.998345554 0.002516493 -0.057444423 -1.494920015 -0.002712457 0.999990761 -0.003333645 -0.293050170 0.057435505 0.003483945 0.998343110 28.099330902
0.998353302 0.000938379 -0.057357050 -1.558022618 -0.000838155 0.999998093 0.001771413 -0.306156546 0.057358604 -0.001720422 0.998352170 29.073490143
0.998307645 -0.002336505 -0.058106214 -1.606913805 0.002634314 0.999983788 0.005049177 -0.315918595 0.058093473 -0.005193701 0.998297632 30.041500092
0.998196304 -0.009325549 -0.059305936 -1.657805204 0.009591580 0.999945164 0.004202657 -0.321102738 0.059263490 -0.004763914 0.998230994 31.013954163
0.998087406 -0.012006157 -0.060640953 -1.713212252 0.012062911 0.999927104 0.000569884 -0.329933882 0.060629688 -0.001300301 0.998159468 31.988346100
0.998014092 -0.011538204 -0.061924946 -1.778883696 0.011345066 0.999929607 -0.003469619 -0.336772561 0.061960623 0.002760186 0.998074770 32.968093872
0.997867346 -0.010381591 -0.064444005 -1.841097474 0.010133973 0.999939978 -0.004168062 -0.345186234 0.064483412 0.003506099 0.997912645 33.964347839
0.997847259 -0.010469979 -0.064739659 -1.907973766 0.010320726 0.999943256 -0.002639452 -0.365529358 0.064763620 0.001965609 0.997898698 34.935390472
0.997796237 -0.007553054 -0.065921217 -1.984712839 0.007585902 0.999971211 0.000247995 -0.377141684 0.065917440 -0.000747520 0.997824788 35.927436829
0.997699201 -0.007222001 -0.067410558 -2.047191143 0.007330929 0.999972165 0.001368672 -0.386650503 0.067398801 -0.001859705 0.997724354 36.929405212
0.997639120 -0.006055126 -0.068407230 -2.118986130 0.006342507 0.999971926 0.003984613 -0.397110313 0.068381183 -0.004409079 0.997649550 37.905574799
0.997654498 -0.005879865 -0.068197787 -2.185410261 0.006388294 0.999953389 0.007239525 -0.411879152 0.068152040 -0.007658212 0.997645557 38.907352448
0.997624040 -0.000068023 -0.068893433 -2.261432648 0.000727684 0.999954104 0.009550051 -0.417503566 0.068889618 -0.009577492 0.997578323 39.891475677
0.997628629 0.000660292 -0.068823881 -2.339373589 -0.000047749 0.999960363 0.008901414 -0.426088810 0.068827033 -0.008877018 0.997589111 40.873683929
0.997610390 0.000348872 -0.069089569 -2.403621674 0.000119111 0.999977052 0.006769328 -0.418988168 0.069090351 -0.006761382 0.997587502 41.887325287
0.997615278 0.002710265 -0.068966366 -2.485062361 -0.002405360 0.999986947 0.004503730 -0.425573111 0.068977676 -0.004327101 0.997608840 42.875511169
0.997561753 0.002294535 -0.069751635 -2.560902596 -0.001960292 0.999986291 0.004859975 -0.438392788 0.069761828 -0.004711392 0.997552574 43.857967377
0.997459948 0.000309474 -0.071228638 -2.623253107 0.000101806 0.999983370 0.005770389 -0.443587512 0.071229242 -0.005762984 0.997443318 44.857524872
0.997394502 0.000921280 -0.072134309 -2.698584557 -0.000433487 0.999976933 0.006777652 -0.453161895 0.072138891 -0.006728723 0.997371912 45.850315094
0.997380078 0.003410042 -0.072259195 -2.783163309 -0.003178213 0.999989450 0.003323039 -0.465323091 0.072269768 -0.003084678 0.997380376 46.822910309
0.997318387 0.004198402 -0.073064059 -2.866023540 -0.004285621 0.999990284 -0.001037001 -0.472589463 0.073058993 0.001347345 0.997326732 47.796298981
0.997264087 0.004771160 -0.073766887 -2.923266649 -0.004945143 0.999985397 -0.002176093 -0.478463650 0.073755428 0.002534927 0.997273147 48.746009827
0.997268021 0.003570550 -0.073781513 -2.999868393 -0.003471831 0.999992907 0.001466199 -0.493040890 0.073786221 -0.001206036 0.997273326 49.725860596
0.997294366 0.001657339 -0.073492944 -3.079932690 -0.001343269 0.999989748 0.004322694 -0.501703322 0.073499352 -0.004212278 0.997286379 50.690036774
0.997241080 -0.000365471 -0.074230276 -3.140062094 0.000764836 0.999985397 0.005351718 -0.514622867 0.074227236 -0.005393727 0.997226775 51.648452759
0.997232735 -0.003616543 -0.074255310 -3.214667559 0.003931587 0.999983907 0.004096972 -0.523967266 0.074239299 -0.004377576 0.997230828 52.598354340
0.997172296 -0.006528267 -0.074865468 -3.280646801 0.006763961 0.999972939 0.002895123 -0.533704221 0.074844539 -0.003393323 0.997189462 53.551425934
0.997084975 -0.008039054 -0.075874195 -3.351351261 0.008372252 0.999956667 0.004074409 -0.545384169 0.075838156 -0.004697769 0.997109056 54.496898651
0.996979237 -0.010779820 -0.076916851 -3.430384636 0.011411622 0.999904633 0.007779278 -0.548348844 0.076825656 -0.008633525 0.997007191 55.447280884
0.996893525 -0.011899581 -0.077856809 -3.489438295 0.012957168 0.999830306 0.013092685 -0.554478467 0.077687807 -0.014060817 0.996878564 56.392990112
0.996882200 -0.009971114 -0.078271613 -3.573925018 0.011170158 0.999826670 0.014896155 -0.552018344 0.078109510 -0.015724018 0.996820748 57.337467194
0.996752620 -0.008657902 -0.080058202 -3.645138741 0.009564373 0.999894321 0.010946107 -0.557289600 0.079954974 -0.011676268 0.996730089 58.275009155
0.996693909 -0.007282373 -0.080920748 -3.735502005 0.007560764 0.999966502 0.003134396 -0.558138132 0.080895215 -0.003735856 0.996715605 59.189231873
0.996621311 -0.005576413 -0.081944183 -3.810437202 0.005489932 0.999984086 -0.001280647 -0.576464772 0.081950024 0.000826452 0.996636093 60.111568451
0.996583760 -0.000585436 -0.082585923 -3.900128365 0.000536441 0.999999642 -0.000615443 -0.586370289 0.082586251 0.000569038 0.996583760 61.012386322
0.996474981 0.002319552 -0.083858646 -3.985397816 -0.002150231 0.999995470 0.002109388 -0.604031920 0.083863162 -0.001921637 0.996475399 61.908069611
0.996389806 0.004979719 -0.084750094 -4.062143803 -0.004701261 0.999982893 0.003484897 -0.617496312 0.084765993 -0.003073883 0.996396124 62.782936096
0.996287346 0.005850647 -0.085891351 -4.142598629 -0.005599574 0.999979317 0.003163780 -0.627512097 0.085908078 -0.002671079 0.996299505 63.650562286
0.996153772 0.007972184 -0.087259158 -4.225436687 -0.007644444 0.999962389 0.004089457 -0.639845312 0.087288484 -0.003406680 0.996177256 64.498069763
0.996020257 0.008514846 -0.088719226 -4.300003529 -0.008123790 0.999955654 0.004767950 -0.654632986 0.088755891 -0.004028239 0.996045291 65.339805603
0.995894372 0.008631841 -0.090110168 -4.379070759 -0.008184763 0.999952316 0.005329818 -0.664863050 0.090151876 -0.004570405 0.995917559 66.169166565
0.995786548 0.008005382 -0.091351323 -4.451901436 -0.007451667 0.999951720 0.006400857 -0.673883021 0.091398150 -0.005693167 0.995798171 66.967605591
0.995622396 0.010976912 -0.092820086 -4.530560493 -0.010192886 0.999908268 0.008916615 -0.678867877 0.092909448 -0.007931476 0.995642960 67.766990662
0.995492518 0.012611466 -0.093997963 -4.614474297 -0.011420175 0.999847651 0.013200758 -0.685934961 0.094150126 -0.012067782 0.995484889 68.557640076
0.995300412 0.015829694 -0.095532790 -4.697518349 -0.014474916 0.999784827 0.014857707 -0.689915359 0.095747426 -0.013405053 0.995315373 69.337593079
0.995136917 0.018593570 -0.096730769 -4.778960705 -0.017632557 0.999786437 0.010780336 -0.697999716 0.096910551 -0.009022299 0.995252192 70.077377319
0.994983554 0.018546987 -0.098304465 -4.850430489 -0.018280214 0.999826372 0.003613830 -0.709033072 0.098354422 -0.001798675 0.995149851 70.791343689
0.994841337 0.017533416 -0.099916473 -4.919817448 -0.017847039 0.999838233 -0.002245803 -0.715180814 0.099860936 0.004017431 0.994993269 71.494567871
0.994798601 0.018207692 -0.100220911 -4.993324280 -0.018645873 0.999820232 -0.003437109 -0.721257508 0.100140311 0.005287938 0.994959295 72.186149597
0.994662106 0.020973759 -0.101031713 -5.073035717 -0.021063728 0.999778092 0.000176312 -0.733617961 0.101012990 0.001952734 0.994883180 72.864044189
0.994538367 0.021681981 -0.102094449 -5.150898933 -0.021551389 0.999764919 0.002382112 -0.748702049 0.102122091 -0.000168825 0.994771838 73.518501282
0.994490504 0.018030899 -0.103264630 -5.209391117 -0.018202187 0.999834061 -0.000716553 -0.763666034 0.103234574 0.002592247 0.994653642 74.144912720
0.994560003 0.009772785 -0.103705958 -5.256937504 -0.010437889 0.999928296 -0.005872591 -0.778013647 0.103641130 0.006923115 0.994590640 74.757232666
0.994691312 0.005737331 -0.102743767 -5.312803268 -0.006877509 0.999918580 -0.010746486 -0.786190033 0.102673754 0.011396058 0.994649827 75.350898743
0.994987905 0.007983590 -0.099675991 -5.372611046 -0.009124007 0.999897957 -0.010990618 -0.798950255 0.099578075 0.011844976 0.994959235 75.931846619
0.995341301 0.013267617 -0.095496662 -5.433925152 -0.014075695 0.999870539 -0.007793165 -0.816361189 0.095380902 0.009101041 0.995399237 76.493972778
0.995782256 0.011689922 -0.090999991 -5.482316017 -0.012170577 0.999914765 -0.004728788 -0.827152312 0.090936959 0.005816366 0.995839655 77.048912048
0.996323884 0.008241127 -0.085268900 -5.517632484 -0.008328339 0.999965072 -0.000667113 -0.835699558 0.085260428 0.001374809 0.996357739 77.590324402
0.997031212 0.003453995 -0.076920740 -5.552646160 -0.003262522 0.999991238 0.002614754 -0.846788645 0.076929100 -0.002356036 0.997033775 78.125442505
0.997787476 0.007359662 -0.066075444 -5.585936069 -0.007202790 0.999970675 0.002612051 -0.856930077 0.066092730 -0.002130345 0.997811198 78.632164001
0.998612106 0.012490493 -0.051164575 -5.609556198 -0.012407663 0.999921143 0.001936218 -0.862639308 0.051184725 -0.001298698 0.998688340 79.135955811
0.999305367 0.017507862 -0.032897968 -5.628517628 -0.017435366 0.999844909 0.002489216 -0.869324923 0.032936446 -0.001913899 0.999455631 79.627708435
0.999813855 0.016091738 -0.010646202 -5.622734547 -0.016060032 0.999866366 0.003056945 -0.874815524 0.010693970 -0.002885397 0.999938667 80.109161377
0.999800980 0.012630222 0.015443305 -5.589628220 -0.012689060 0.999912560 0.003717894 -0.880872965 -0.015394997 -0.003913115 0.999873817 80.557365417
0.998924911 0.011404514 0.044932228 -5.544723988 -0.011656860 0.999917686 0.005358129 -0.890341341 -0.044867422 -0.005876137 0.998975694 81.013565063
0.996886492 0.011013007 0.078076780 -5.492322445 -0.011564611 0.999911249 0.006616248 -0.895867884 -0.077996992 -0.007498576 0.996925414 81.463211060
0.993198097 0.011089732 0.115907416 -5.419016361 -0.011964853 0.999904931 0.006857133 -0.898500919 -0.115820348 -0.008197307 0.993236363 81.911178589
0.987495303 0.010858272 0.157274038 -5.326693058 -0.012147227 0.999900043 0.007236687 -0.910677075 -0.157179728 -0.009056638 0.987528503 82.305816650
0.979190528 0.010674331 0.202662095 -5.215634346 -0.012407742 0.999896467 0.007284626 -0.918283045 -0.202563360 -0.009647616 0.979221642 82.724533081
0.967823088 0.013034159 0.251293719 -5.079555035 -0.014744785 0.999879181 0.004925549 -0.924067438 -0.251199156 -0.008472332 0.967898369 83.121902466
0.952189505 0.013909883 0.305191219 -4.934800625 -0.015320274 0.999880135 0.002226763 -0.934123755 -0.305123687 -0.006795913 0.952288508 83.508453369
0.932444036 0.014773529 0.361012250 -4.748987675 -0.015595116 0.999878168 -0.000637531 -0.931935787 -0.360977679 -0.005035566 0.932560861 83.890136719
0.908509016 0.014945862 0.417597860 -4.566781044 -0.015168038 0.999881089 -0.002786856 -0.936561167 -0.417589843 -0.003802256 0.908627689 84.193328857
0.879745543 0.014967831 0.475209177 -4.343873501 -0.014337784 0.999884963 -0.004950467 -0.943172216 -0.475228578 -0.002458295 0.879858911 84.515686035
0.845750332 0.013900220 0.533397794 -4.110901833 -0.012159689 0.999903083 -0.006776955 -0.953620791 -0.533440292 -0.000754339 0.845837355 84.832359314
0.809275746 0.013571997 0.587272227 -3.844446182 -0.010387120 0.999907374 -0.008794383 -0.958040297 -0.587337196 0.001017015 0.809341729 85.114395142
0.768999636 0.012160970 0.639133573 -3.570679665 -0.009728379 0.999925852 -0.007320770 -0.973713636 -0.639175236 -0.000588063 0.769060969 85.392219543
0.727283001 0.011243571 0.686245620 -3.281251907 -0.010708724 0.999929965 -0.005033927 -0.984935701 -0.686254203 -0.003687725 0.727352500 85.620277405
0.682941079 0.010415894 0.730399191 -2.980926514 -0.009367146 0.999940991 -0.005501198 -0.985256791 -0.730413377 -0.003084762 0.682998419 85.822525024
0.636390924 0.009102041 0.771313071 -2.661401749 -0.005980985 0.999958575 -0.006865461 -0.992745519 -0.771343589 -0.000244094 0.636418939 86.028793335
0.589625895 0.006520765 0.807650149 -2.327411652 -0.000211203 0.999968648 -0.007919307 -0.999425352 -0.807676494 0.004498851 0.589608788 86.211631775
0.543175042 0.008639609 0.839575052 -1.987281799 -0.002468438 0.999959171 -0.008693045 -1.013532996 -0.839615881 0.002649407 0.543174207 86.383918762
0.495776236 0.011696233 0.868371665 -1.653236389 -0.005800092 0.999931574 -0.010156811 -1.019224048 -0.868431032 -0.000001129 0.495810151 86.542915344
0.450798213 0.013923773 0.892517269 -1.305702209 -0.006129750 0.999903023 -0.012502998 -1.023970366 -0.892604828 0.000165422 0.450839877 86.677673340
0.407003522 0.011168220 0.913358331 -0.971103668 0.000208235 0.999924064 -0.012319508 -1.041178584 -0.913426578 0.005204276 0.406970322 86.797760010
0.367843449 0.003341174 0.929881811 -0.601730347 0.015494648 0.999832690 -0.009721905 -1.047610760 -0.929758728 0.017984331 0.367730141 86.882850647
0.332369924 -0.000058063 0.943149209 -0.237266541 0.019661076 0.999783099 -0.006867103 -1.049200892 -0.942944229 0.020825746 0.332298994 86.972419739
0.299131870 0.003821155 0.954204142 0.133338928 0.017331850 0.999805272 -0.009437099 -1.059068561 -0.954054356 0.019361060 0.299007356 87.072738647
0.267458439 0.011840059 0.963496745 0.496593475 0.006233428 0.999882340 -0.014017538 -1.070937753 -0.963549316 0.009754998 0.267353177 87.179939270
0.239072382 0.016331345 0.970864475 0.879028320 0.001615815 0.999850452 -0.017216822 -1.086817145 -0.971000493 0.005684806 0.239010215 87.262382507
0.213543177 0.017717093 0.976773083 1.267662048 0.002700435 0.999821007 -0.018725520 -1.105035663 -0.976929963 0.006636419 0.213457108 87.324501038
0.190085471 0.019140214 0.981581032 1.675041199 0.010078577 0.999719203 -0.021445639 -1.115255594 -0.981715918 0.013969446 0.189839184 87.378509521
0.170208812 0.025068937 0.985089183 2.088760376 0.017363505 0.999444842 -0.028434426 -1.118401766 -0.985255122 0.021944392 0.169679046 87.417976379
0.150378287 0.032426592 0.988096654 2.513320923 0.019200884 0.999177635 -0.035712421 -1.114862323 -0.988442063 0.024342699 0.149631977 87.477005005
0.132846653 0.032890655 0.990590751 2.950599670 0.016896481 0.999228835 -0.035443433 -1.130229712 -0.990992606 0.021446042 0.132188499 87.529624939
0.117500305 0.028552620 0.992662311 3.412246704 0.015123957 0.999419212 -0.030537181 -1.154381990 -0.992957711 0.018601110 0.117000222 87.580375671
0.102764189 0.025366165 0.994382322 3.873947144 0.014744349 0.999526143 -0.027021132 -1.176115274 -0.994596541 0.017438324 0.102341473 87.622749329
0.089474559 0.023040798 0.995722651 4.361358643 0.017508171 0.999541521 -0.024702435 -1.190505505 -0.995835304 0.019643525 0.089030147 87.655502319
0.077966988 0.022318130 0.996706307 4.858123779 0.021514917 0.999478877 -0.024063218 -1.205054998 -0.996723950 0.023320189 0.077446222 87.681571960
0.067773461 0.022777518 0.997440755 5.372505188 0.025150029 0.999382675 -0.024530744 -1.220996380 -0.997383773 0.026748195 0.067158759 87.708389282
0.059527040 0.023517266 0.997949719 5.907348633 0.026399475 0.999335706 -0.025124643 -1.234714866 -0.997877657 0.027840942 0.058866680 87.742103577
0.054426372 0.023646187 0.998237729 6.454582214 0.027944069 0.999291897 -0.025194736 -1.253668308 -0.998126626 0.029266084 0.053727090 87.758880615
0.048926651 0.024787975 0.998494744 7.016380310 0.029284084 0.999226630 -0.026241077 -1.269235134 -0.998372972 0.030523894 0.048162937 87.781013489
0.042697847 0.025363907 0.998766005 7.602394104 0.029492971 0.999210060 -0.026636027 -1.287799835 -0.998652577 0.030593878 0.041916072 87.807472229
0.038344741 0.025427632 0.998940945 8.208221436 0.031991404 0.999132514 -0.026660508 -1.305349588 -0.998752296 0.032979812 0.037497997 87.826576233
0.035549819 0.025587404 0.999040246 8.828033447 0.033288267 0.999087155 -0.026773131 -1.322332859 -0.998813331 0.034208097 0.034665585 87.844192505
0.032519519 0.024979141 0.999158919 9.464965820 0.034398466 0.999067426 -0.026096418 -1.342743874 -0.998879015 0.035218179 0.031629980 87.864326477
0.030080259 0.024289863 0.999252319 10.123863220 0.036482267 0.999011934 -0.025382239 -1.363958478 -0.998881519 0.037218496 0.029164374 87.877624512
0.029526711 0.024047974 0.999274731 10.799438477 0.040974583 0.998841107 -0.025248265 -1.383856654 -0.998723865 0.041690364 0.028507113 87.891174316
0.030314147 0.023652274 0.999260664 11.491752625 0.044149715 0.998712599 -0.024978660 -1.403093457 -0.998565018 0.044874277 0.029230833 87.910575867
0.032922745 0.023491802 0.999181747 12.199600220 0.046187662 0.998619914 -0.025000459 -1.424135208 -0.998390079 0.046972949 0.031792283 87.928977966
0.036413610 0.023460673 0.999061525 12.923210144 0.048644401 0.998497725 -0.025220426 -1.446982741 -0.998152316 0.049517114 0.035217702 87.961433411
0.041123331 0.022888038 0.998892009 13.668190002 0.048910756 0.998492897 -0.024892507 -1.470114231 -0.997956336 0.049880221 0.039941907 87.986358643
0.044868529 0.021432849 0.998763084 14.419555664 0.050253481 0.998455644 -0.023683853 -1.488835812 -0.997728229 0.051253978 0.043722212 88.027275085
0.048939466 0.019806648 0.998605430 15.194496155 0.050142005 0.998493969 -0.022261791 -1.511598349 -0.997542381 0.051161554 0.047872603 88.066902161
0.053502023 0.017723026 0.998410463 15.986244202 0.047276102 0.998676360 -0.020261141 -1.532796144 -0.997447968 0.048284966 0.052593350 88.113037109
0.056879461 0.016490294 0.998245001 16.779220581 0.046408094 0.998739123 -0.019142773 -1.557824135 -0.997301996 0.047415476 0.056042492 88.168502808
0.060884535 0.017336421 0.997994304 17.577537537 0.043588873 0.998849154 -0.020010492 -1.581419706 -0.997192621 0.044719774 0.060058773 88.229324341
0.064033687 0.021444820 0.997717381 18.390781403 0.041497275 0.998847127 -0.024132412 -1.607744932 -0.997084677 0.042947840 0.063069999 88.287742615
0.065417588 0.026775524 0.997498631 19.205703735 0.035550375 0.998942792 -0.029145738 -1.636263013 -0.997224450 0.037368096 0.064396501 88.351119995
0.065057278 0.029907908 0.997433245 20.009349823 0.032747019 0.998948395 -0.032089252 -1.663807631 -0.997344077 0.034750603 0.064009488 88.409423828
0.065460384 0.029500606 0.997419000 20.829235077 0.030519737 0.999036074 -0.031551436 -1.696059942 -0.997388363 0.032506336 0.064496934 88.464035034
0.065280199 0.027951483 0.997475505 21.663631439 0.027752630 0.999170065 -0.029815255 -1.727291584 -0.997481048 0.029628912 0.064450264 88.533615112
0.065166712 0.026593162 0.997520149 22.482971191 0.028696796 0.999181449 -0.028512185 -1.760930538 -0.997461855 0.030483678 0.064350188 88.588844299
0.065190792 0.025658505 0.997542977 23.300243378 0.026141325 0.999282360 -0.027411621 -1.802161217 -0.997530401 0.027864082 0.064473271 88.654495239
0.065418899 0.026115889 0.997516096 24.123744965 0.024460698 0.999315083 -0.027767165 -1.836346745 -0.997558057 0.026216436 0.064735293 88.714920044
0.065429688 0.026454661 0.997506380 24.934432983 0.021470919 0.999379754 -0.027912691 -1.872894764 -0.997626126 0.023243697 0.064821124 88.776672363
0.063836873 0.027951106 0.997568965 25.744724274 0.018830717 0.999395967 -0.029207326 -1.904211879 -0.997782826 0.020649442 0.063271940 88.840530396
0.061431587 0.027767254 0.997724950 26.568080902 0.015702905 0.999462366 -0.028782459 -1.936529279 -0.997987747 0.017435333 0.060962498 88.889244080
0.057741046 0.026335929 0.997984290 27.377101898 0.013258164 0.999543607 -0.027144168 -1.970193148 -0.998243690 0.014798773 0.057365477 88.940399170
0.052384257 0.024189690 0.998333931 28.188320160 0.011105639 0.999630630 -0.024803841 -2.001107216 -0.998565197 0.012386468 0.052096307 88.994056702
0.046826422 0.022177145 0.998656809 29.006668091 0.009165794 0.999701917 -0.022630131 -2.028594732 -0.998860955 0.010213170 0.046609163 89.027336121
0.039123297 0.022321014 0.998985112 29.808437347 0.008970900 0.999702334 -0.022688368 -2.058802605 -0.999194145 0.009849438 0.038911462 89.062248230
0.030497670 0.023214554 0.999265313 30.612693787 0.008554569 0.999687552 -0.023485454 -2.089455366 -0.999498308 0.009264535 0.030289531 89.089050293
0.020387113 0.023591766 0.999513984 31.421329498 0.009531325 0.999671519 -0.023789903 -2.116170168 -0.999746919 0.010011703 0.020155549 89.107528687
0.010275900 0.022913968 0.999684751 32.220321655 0.011191299 0.999672174 -0.023028720 -2.140658855 -0.999884725 0.011424414 0.010016084 89.110855103
-0.000761390 0.021749647 0.999763310 33.014850616 0.009896448 0.999714673 -0.021741057 -2.173539162 -0.999950886 0.009877554 -0.000976443 89.116058350
-0.011818767 0.021135565 0.999706924 33.806419373 0.012125152 0.999706089 -0.020992206 -2.198670864 -0.999856830 0.011873499 -0.012071609 89.106674194
-0.022789836 0.021446329 0.999510288 34.588356018 0.012049803 0.999703169 -0.021175722 -2.226732731 -0.999667704 0.011561312 -0.023041487 89.087631226
-0.033699989 0.022203427 0.999185443 35.362430573 0.012285158 0.999686837 -0.021800227 -2.253110409 -0.999356627 0.011540487 -0.033962131 89.057083130
-0.044326186 0.023417955 0.998742759 36.134361267 0.011836050 0.999667346 -0.022914331 -2.280892372 -0.998947144 0.010805464 -0.044588685 89.022201538
-0.054673314 0.024245825 0.998209834 36.905803680 0.012281064 0.999645829 -0.023608055 -2.307548285 -0.998428762 0.010968350 -0.054951668 88.977859497
-0.064241767 0.025010992 0.997621000 37.664680481 0.013090160 0.999620974 -0.024218198 -2.333479881 -0.997848630 0.011503200 -0.064544797 88.927764893
-0.073820829 0.025511269 0.996945322 38.434383392 0.014027947 0.999600410 -0.024540488 -2.361349583 -0.997173011 0.012173499 -0.074149132 88.869239807
-0.083214760 0.025897589 0.996195257 39.173286438 0.015047185 0.999580979 -0.024728682 -2.391767502 -0.996418178 0.012932143 -0.083569646 88.808555603
-0.091687560 0.025490064 0.995461643 39.909786224 0.016068328 0.999580026 -0.024115544 -2.417965174 -0.995658338 0.013784309 -0.092058659 88.738319397
-0.099353313 0.024378359 0.994753599 40.644165039 0.017824426 0.999583066 -0.022716459 -2.445541859 -0.994892597 0.015473956 -0.099746466 88.668746948
-0.104311943 0.022719447 0.994285047 41.370216370 0.020724967 0.999571621 -0.020665957 -2.474902630 -0.994328618 0.018450817 -0.104738116 88.581665039
-0.107851386 0.021330055 0.993938327 42.077121735 0.024209116 0.999529719 -0.018823141 -2.497901440 -0.993872344 0.022032265 -0.108317137 88.494750977
-0.110693216 0.020010952 0.993653119 42.778774261 0.025380388 0.999528110 -0.017301885 -2.523988962 -0.993530512 0.023304101 -0.111148834 88.418426514
-0.112405777 0.019214641 0.993476629 43.460006714 0.025619183 0.999536693 -0.016433194 -2.545727968 -0.993332088 0.023604872 -0.112846017 88.342674255
-0.113493443 0.019447608 0.993348539 44.134719849 0.025907034 0.999526381 -0.016608598 -2.572239161 -0.993201077 0.023849746 -0.113943458 88.272476196
-0.112008572 0.020359524 0.993498743 44.786293030 0.026847888 0.999487102 -0.017455373 -2.593284369 -0.993344605 0.024718191 -0.112497807 88.192825317
-0.109233737 0.022347724 0.993765056 45.407585144 0.028265582 0.999412775 -0.019367812 -2.607346535 -0.993614316 0.025973728 -0.109801173 88.125061035
-0.104139090 0.022623302 0.994305551 46.028064728 0.027689615 0.999419689 -0.019839583 -2.637399673 -0.994177341 0.025465859 -0.104705095 88.062896729
-0.095974088 0.023464881 0.995107353 46.628307343 0.027055886 0.999414206 -0.020957014 -2.659185410 -0.995016217 0.024912182 -0.096552730 88.008598328
-0.085153818 0.023111131 0.996099770 47.202899933 0.025515396 0.999453664 -0.021007707 -2.685920477 -0.996041059 0.023626992 -0.085697055 87.972488403
-0.071745634 0.023311462 0.997150600 47.765098572 0.024564214 0.999464929 -0.021598160 -2.712234497 -0.997120559 0.022944648 -0.072279811 87.945266724
-0.054514289 0.024970351 0.998200715 48.308204651 0.024345795 0.999423325 -0.023671348 -2.732577085 -0.998216152 0.023011563 -0.055090785 87.928817749
-0.033011198 0.027623160 0.999073267 48.842845917 0.022296874 0.999389589 -0.026895180 -2.752943993 -0.999206305 0.021388371 -0.033606887 87.928024292
-0.008710980 0.030362787 0.999501050 49.357887268 0.020128591 0.999341726 -0.030182524 -2.781334162 -0.999759495 0.019855633 -0.009316325 87.945297241
0.019698441 0.031974107 0.999294579 49.887130737 0.018174076 0.999311924 -0.032332916 -2.806869984 -0.999640822 0.018798165 0.019103825 87.975028992
0.053441465 0.031043982 0.998088419 50.375541687 0.015334291 0.999373257 -0.031905007 -2.837536335 -0.998453379 0.017010033 0.052931905 88.006446838
0.091805160 0.028904462 0.995357454 50.880393982 0.014698421 0.999430418 -0.030378425 -2.854313850 -0.995668530 0.017419079 0.091328025 88.067672729
0.134170353 0.024897268 0.990645528 51.380310059 0.012553425 0.999561429 -0.026821550 -2.881188869 -0.990878820 0.016034652 0.133798957 88.158668518
0.179369628 0.020725988 0.983563304 51.858242035 0.009980823 0.999688268 -0.022885948 -2.898273468 -0.983731031 0.013921813 0.179106891 88.272117615
0.228311300 0.017811349 0.973425269 52.359008789 0.005463601 0.999793470 -0.019575279 -2.913544416 -0.973572910 0.009787666 0.228166819 88.412109375
0.279848576 0.016454233 0.959903240 52.817214966 0.001630994 0.999843538 -0.017614370 -2.929966450 -0.960042894 0.006494956 0.279777944 88.581970215
0.333952188 0.016384408 0.942447603 53.275985718 0.000719351 0.999844193 -0.017637145 -2.946202040 -0.942589700 0.006567914 0.333888412 88.776443481
0.392568231 0.017470367 0.919556916 53.715568542 0.002697866 0.999793410 -0.020146500 -2.954149246 -0.919718862 0.010389715 0.392439961 88.986976624
0.451736271 0.021398714 0.891894877 54.126274109 0.002613002 0.999676287 -0.025308114 -2.967971087 -0.892147720 0.013763117 0.451534152 89.242156982
0.510266423 0.022962196 0.859709740 54.500576019 0.004631693 0.999555647 -0.029446438 -3.003136635 -0.860003889 0.019007441 0.509933352 89.520706177
0.568920493 0.027333263 0.821938217 54.868526459 0.000737932 0.999430180 -0.033746470 -3.014364481 -0.822392225 0.019805595 0.568576157 89.813385010
0.624979854 0.030193428 0.780056834 55.203010559 -0.003401696 0.999347568 -0.035956021 -3.029413223 -0.780633509 0.019818272 0.624674797 90.133392334
0.678747296 0.031772394 0.733684242 55.530113220 -0.006053690 0.999271750 -0.037673328 -3.044915199 -0.734346926 0.021129172 0.678445339 90.466308594
0.725035191 0.029904079 0.688062251 55.753459930 -0.005776293 0.999285817 -0.037343577 -3.054750443 -0.688687563 0.023100959 0.724690139 90.813529968
0.770722091 0.027646167 0.636571407 56.021400452 -0.008732129 0.999422729 -0.032832395 -3.063411474 -0.637111604 0.019746028 0.770518601 91.195716858
0.812318563 0.023055056 0.582758188 56.266876221 -0.010005290 0.999622166 -0.025600439 -3.076077700 -0.583128214 0.014965048 0.812242270 91.598091125
0.848590493 0.021599317 0.528609157 56.491191864 -0.013243469 0.999720395 -0.019589135 -3.082283735 -0.528884470 0.009622537 0.848639309 92.031181335
0.879186332 0.018361466 0.476124197 56.674125671 -0.014281595 0.999823749 -0.012185993 -3.089285135 -0.476264060 0.003913946 0.879293621 92.472206116
0.905049384 0.016616821 0.424981803 56.825145721 -0.015745392 0.999860585 -0.005562937 -3.119432211 -0.425014973 -0.001656773 0.905184805 92.887077332
0.925217688 0.018569564 0.378982127 56.964660645 -0.019331971 0.999811530 -0.001793706 -3.131884813 -0.378944010 -0.005666902 0.925402284 93.334442139
0.940487325 0.024498271 0.338944614 57.082981110 -0.026398418 0.999651015 0.000996197 -3.138242722 -0.338801920 -0.009884512 0.940805793 93.794052124
0.952110589 0.028938573 0.304381341 57.186023712 -0.030488625 0.999535084 0.000339785 -3.145895481 -0.304229975 -0.009603680 0.952550232 94.236335754
0.961338282 0.031326216 0.273582429 57.293071747 -0.032811243 0.999461174 0.000853006 -3.149846077 -0.273408294 -0.009796606 0.961848199 94.696777344
0.967373133 0.025721215 0.252046913 57.399726868 -0.026787724 0.999640822 0.000800440 -3.150048733 -0.251935810 -0.007526087 0.967714667 95.171226501
0.971299350 0.022570668 0.236787111 57.504943848 -0.023666244 0.999718308 0.001785138 -3.163635254 -0.236680120 -0.007337765 0.971559942 95.653678894
0.974044800 0.027108585 0.224726126 57.594337463 -0.028257914 0.999598861 0.001899029 -3.171654940 -0.224584505 -0.008200031 0.974420130 96.146293640
0.976402223 0.031085553 0.213710964 57.703987122 -0.032209050 0.999479592 0.001776294 -3.163309097 -0.213544533 -0.008617804 0.976895332 96.632904053
0.977503717 0.038733061 0.207331344 57.798103333 -0.039681874 0.999212265 0.000417819 -3.164463520 -0.207151845 -0.008635714 0.978270710 97.145645142
0.977861583 0.044714715 0.204419568 57.893650055 -0.044959988 0.998982847 -0.003446776 -3.165328264 -0.204365760 -0.005820231 0.978877306 97.664459229
0.977836609 0.045917489 0.204272196 57.987529755 -0.045699611 0.998938441 -0.005786364 -3.174385548 -0.204321057 -0.003677039 0.978897035 98.204978943
0.977293372 0.044585843 0.207146779 58.095859528 -0.043570686 0.999005556 -0.009462662 -3.185000896 -0.207362667 0.000222271 0.978264093 98.743118286
0.976728082 0.042708855 0.210186124 58.233207703 -0.040317018 0.999064326 -0.015653403 -3.197023630 -0.210657999 0.006815041 0.977536082 99.280845642
0.975805402 0.043215726 0.214327425 58.355773926 -0.039759278 0.999000728 -0.020413745 -3.202993870 -0.214995459 0.011398339 0.976548553 99.839675903
0.974501789 0.048398819 0.219097748 58.471649170 -0.045145493 0.998783529 -0.019833963 -3.218061686 -0.219791159 0.009436959 0.975501299 100.420318604
0.973085701 0.051883932 0.224526733 58.601989746 -0.049617723 0.998644412 -0.015727768 -3.235936165 -0.225038379 0.004163961 0.974340975 100.997665405
0.972167373 0.048300669 0.229254603 58.746383667 -0.046941455 0.998832822 -0.011381842 -3.244829178 -0.229536772 0.000303511 0.973299921 101.612182617
0.971487403 0.043952446 0.232981592 58.899501801 -0.043814596 0.999023020 -0.005769459 -3.257321835 -0.233007550 -0.004603038 0.972464025 102.226203918
0.970692754 0.041570254 0.236701280 59.053409576 -0.042506527 0.999095500 -0.001148607 -3.265861511 -0.236534938 -0.008946404 0.971581817 102.851196289
0.970157027 0.036541954 0.239708230 59.215305328 -0.037528876 0.999295473 -0.000447647 -3.274925470 -0.239555702 -0.008561690 0.970844865 103.483772278
0.970217884 0.033017635 0.239973232 59.379760742 -0.033058550 0.999445975 -0.003856051 -3.279983282 -0.239967600 -0.004191956 0.970771849 104.131378174
0.970345736 0.032718685 0.239496678 59.546039581 -0.031073324 0.999460459 -0.010643838 -3.292226315 -0.239715695 0.002886245 0.970838845 104.782836914
0.970445096 0.034985747 0.238772616 59.701225281 -0.031772796 0.999345481 -0.017293002 -3.302385807 -0.239221349 0.009195436 0.970921516 105.442977905
0.971013665 0.037674580 0.236036330 59.857856750 -0.033637110 0.999211133 -0.021110173 -3.312639952 -0.236645445 0.012558687 0.971514940 106.120826721
0.971656382 0.036228668 0.233605161 60.015895844 -0.033254489 0.999308050 -0.016659142 -3.325592995 -0.234047055 0.008418542 0.972188830 106.807975769
0.972082853 0.032368217 0.232394457 60.190574646 -0.031146929 0.999475002 -0.008923736 -3.341270685 -0.232561290 0.001436237 0.972580671 107.503746033
0.972709179 0.033022884 0.229665756 60.358634949 -0.033136144 0.999445200 -0.003364590 -3.351500988 -0.229649439 -0.004337469 0.973263741 108.224006653
0.972971261 0.036019005 0.228099778 60.517055511 -0.036104798 0.999340773 -0.003798027 -3.368862629 -0.228086203 -0.004540124 0.973630369 108.949668884
0.973237574 0.041916791 0.225945935 60.673301697 -0.041026048 0.999120712 -0.008638543 -3.374986649 -0.226109371 -0.000862312 0.974101543 109.676261902
0.974082947 0.042704321 0.222123414 60.833606720 -0.040648405 0.999077916 -0.013821268 -3.388037205 -0.222508833 0.004434098 0.974920571 110.422752380
0.975055873 0.041113786 0.218118623 61.001171112 -0.038398769 0.999123394 -0.016673494 -3.400596142 -0.218612924 0.007882102 0.975779831 111.179206848
0.975929737 0.039143283 0.214543611 61.165676117 -0.036732439 0.999209344 -0.015213953 -3.413964272 -0.214969501 0.006967040 0.976595938 111.958030701
0.976820707 0.035506472 0.211093783 61.329818726 -0.033539880 0.999354243 -0.012890441 -3.436275005 -0.211415172 0.005511589 0.977380812 112.734695435
0.977280378 0.033951230 0.209213749 61.502410889 -0.032545738 0.999418616 -0.010157951 -3.452049971 -0.209436998 0.003118151 0.977817178 113.523086548
0.977647066 0.030741064 0.207993254 61.670799255 -0.029744847 0.999526203 -0.007916301 -3.461743832 -0.208138064 0.001552622 0.978098214 114.319587708
0.977823317 0.026372155 0.207764372 61.840061188 -0.025541432 0.999651432 -0.006680425 -3.478244305 -0.207868129 0.001225677 0.978156090 115.116241455
0.977955699 0.026924662 0.207069471 62.009037018 -0.026433803 0.999637365 -0.005137463 -3.487867832 -0.207132712 -0.000449423 0.978312731 115.924835205
0.977770567 0.031481549 0.207300931 62.177806854 -0.030700309 0.999504209 -0.006985409 -3.500400543 -0.207418069 0.000465925 0.978252292 116.748115540
0.977473497 0.037402265 0.207717702 62.343044281 -0.036027063 0.999296665 -0.010400945 -3.512902260 -0.207960635 0.002683189 0.978133500 117.563117981
0.976891279 0.046071697 0.208712161 62.505081177 -0.044529662 0.998934984 -0.012083584 -3.521926403 -0.209046602 0.002510466 0.977902472 118.391342163
0.975992739 0.051581174 0.211607218 62.671428680 -0.050291955 0.998668671 -0.011473713 -3.542490721 -0.211917326 0.000556122 0.977287412 119.235542297
0.975211501 0.054083664 0.214563385 62.838417053 -0.053256787 0.998534322 -0.009637080 -3.559005499 -0.214770123 -0.002028766 0.976662517 120.055137634
0.974636555 0.054511961 0.217052951 63.019802094 -0.053535074 0.998511970 -0.010382749 -3.580223560 -0.217295960 -0.001500539 0.976104617 120.898231506
0.974276721 0.052982599 0.219038248 63.199893951 -0.051282834 0.998593688 -0.013442490 -3.591022491 -0.219442427 0.001863804 0.975623667 121.730834961
0.974337101 0.046916246 0.220150217 63.397708893 -0.045404233 0.998897493 -0.011925917 -3.612519503 -0.220467016 0.001624112 0.975393057 122.568931580
0.974537253 0.040538684 0.220530540 63.592365265 -0.038536467 0.999167681 -0.013375563 -3.638045311 -0.220889211 0.004536516 0.975288332 123.403335571
0.974326849 0.039411418 0.221661836 63.780372620 -0.037393514 0.999212205 -0.013294431 -3.662338734 -0.222011149 0.004664407 0.975032985 124.236106873
0.973752797 0.041789148 0.223739043 63.964138031 -0.040435754 0.999125600 -0.010629246 -3.678205013 -0.223987594 0.001303202 0.974591136 125.080650330
0.973379493 0.043576509 0.225018755 64.151039124 -0.043624386 0.999036670 -0.004761579 -3.695935011 -0.225009471 -0.005181481 0.974342823 125.922737122
0.972945452 0.047377124 0.226125062 64.333602905 -0.048538346 0.998821259 -0.000425046 -3.719223499 -0.225878656 -0.010562189 0.974098206 126.773422241
0.972742617 0.046696119 0.227137044 64.518760681 -0.046307176 0.998902440 -0.007043770 -3.733922243 -0.227216661 -0.003666299 0.973837316 127.583892822
0.973035693 0.042555593 0.226694807 64.712310791 -0.038679935 0.999020040 -0.021513209 -3.754143000 -0.227388173 0.012164582 0.973728240 128.392883301
0.973199844 0.040282443 0.226405367 64.903320312 -0.034284055 0.998950720 -0.030365622 -3.777558327 -0.227391005 0.021789724 0.973559737 129.209640503
0.973561287 0.037315935 0.225357443 65.097343445 -0.033393942 0.999217570 -0.021191619 -3.799852848 -0.225971892 0.013105766 0.974045634 130.029098511
0.973964810 0.030753186 0.224603772 65.287117004 -0.031469576 0.999504626 -0.000390438 -3.822835445 -0.224504516 -0.006687912 0.974450111 130.869110107
0.974244714 0.027306594 0.223833963 65.475112915 -0.031388082 0.999399245 0.014696094 -3.841538668 -0.223298192 -0.021343309 0.974516511 131.699462891
0.974252820 0.032071568 0.223165616 65.652542114 -0.034970488 0.999347389 0.009049147 -3.854150772 -0.222729743 -0.016620368 0.974738538 132.509979248
0.974439442 0.040418416 0.220984504 65.824417114 -0.039890919 0.999180555 -0.006851213 -3.862115383 -0.221080333 -0.002139183 0.975253224 133.299621582
0.974731266 0.040375981 0.219701439 66.000198364 -0.038052421 0.999166131 -0.014799310 -3.868065357 -0.220115781 0.006065179 0.975454926 134.104492188
0.975370705 0.036186811 0.217583373 66.183944702 -0.033592150 0.999313653 -0.015613213 -3.889988422 -0.217999026 0.007919578 0.975916862 134.908477783
0.975982666 0.035864577 0.214875817 66.355247498 -0.033708178 0.999337912 -0.013692736 -3.919974566 -0.215224639 0.006120801 0.976545393 135.723144531
0.976777613 0.035426840 0.211306527 66.523429871 -0.032968059 0.999341607 -0.015148870 -3.936235428 -0.211704075 0.007830711 0.977302432 136.537796021
0.977847457 0.036093798 0.206183493 66.691009521 -0.033341117 0.999302626 -0.016810760 -3.955264807 -0.206646472 0.009563969 0.978368938 137.340713501
0.978111565 0.041643344 0.203871563 66.835899353 -0.039096929 0.999099135 -0.016503874 -3.985516787 -0.204375178 0.008171879 0.978858531 138.158599854
0.978315711 0.047825031 0.201522037 66.998268127 -0.045369025 0.998829186 -0.016791236 -4.004295349 -0.202089131 0.007284272 0.979340017 138.944732666
0.978646338 0.048921548 0.199644849 67.150817871 -0.046866834 0.998788416 -0.015007742 -4.026710987 -0.200137168 0.005330550 0.979753375 139.742645264
0.978961051 0.047280308 0.198493794 67.309814453 -0.046216711 0.998881459 -0.009990547 -4.048352242 -0.198744133 0.000606626 0.980051219 140.539199829
0.979310513 0.046023089 0.197060421 67.464225769 -0.044924248 0.998939872 -0.010045210 -4.069379807 -0.197313830 0.000984589 0.980339885 141.336334229
0.979975998 0.043768577 0.194245473 67.622558594 -0.042030029 0.999030948 -0.013064624 -4.089628696 -0.194629058 0.004638876 0.980865955 142.129974365
0.981030345 0.039746631 0.189735860 67.773727417 -0.037273061 0.999167442 -0.016589042 -4.112406731 -0.190237254 0.009202317 0.981694996 142.912521362
0.982424617 0.036644198 0.183027402 67.922859192 -0.033973373 0.999265850 -0.017707827 -4.129041672 -0.183541909 0.011178548 0.982948303 143.696395874
0.983597577 0.035354536 0.176878154 68.064331055 -0.033715468 0.999356210 -0.012264507 -4.146248341 -0.177197888 0.006099810 0.984156370 144.493469238
0.984826446 0.032812539 0.170411766 68.203384399 -0.032588582 0.999460399 -0.004112003 -4.158660889 -0.170454741 -0.001503868 0.985364377 145.290603638
0.985347986 0.029803596 0.167931825 68.317565918 -0.031137247 0.999500990 0.005313464 -4.170168877 -0.167689666 -0.010464545 0.985784292 146.083404541
0.985852182 0.036493700 0.163596258 68.445716858 -0.038301431 0.999234915 0.007908308 -4.178713799 -0.163182497 -0.014062393 0.986495674 146.886474609
0.986517489 0.039547607 0.158805534 68.563629150 -0.040599059 0.999169827 0.003380910 -4.190210819 -0.158539981 -0.009782681 0.987304091 147.674438477
0.987723708 0.039988801 0.151005909 68.682395935 -0.039426889 0.999199927 -0.006714526 -4.199503422 -0.151153594 0.000678403 0.988510072 148.447631836
0.988834500 0.036590524 0.144455954 68.798942566 -0.035184976 0.999305427 -0.012273577 -4.203429699 -0.144804716 0.007053857 0.989435136 149.248031616
0.989704013 0.036144011 0.138490409 68.891334534 -0.034969233 0.999328852 -0.010907339 -4.220797539 -0.138791710 0.005952133 0.990303695 150.045593262
0.990498900 0.043003887 0.130623788 68.993797302 -0.042410523 0.999073446 -0.007322282 -4.238515854 -0.130817637 0.001712890 0.991404951 150.858276367
0.991228819 0.048598643 0.122896612 69.069908142 -0.047881156 0.998814404 -0.008786580 -4.252222061 -0.123177923 0.002825079 0.992380559 151.672668457
0.992355704 0.051053513 0.112355053 69.152900696 -0.049741782 0.998657584 -0.014449164 -4.270174503 -0.112941906 0.008749971 0.993563056 152.476089478
0.993358374 0.049569055 0.103836842 69.234306335 -0.048113022 0.998705924 -0.016481973 -4.288459301 -0.104519464 0.011376602 0.994457781 153.296173096
0.994129777 0.049712144 0.096097268 69.308204651 -0.048605859 0.998722434 -0.013820360 -4.303337097 -0.096661530 0.009068342 0.995275974 154.122253418
0.994679391 0.052407265 0.088692442 69.362892151 -0.052030362 0.998623967 -0.006557728 -4.321846962 -0.088914067 0.001908137 0.996037483 154.946365356
0.995245695 0.055248477 0.080209911 69.418586731 -0.055352613 0.998466432 -0.000926314 -4.333132744 -0.080138080 -0.003517918 0.996777594 155.771270752
0.995854855 0.054121036 0.073103204 69.465011597 -0.054461535 0.998512268 0.002671069 -4.344010353 -0.072849885 -0.006641309 0.997320831 156.584732056
0.996263921 0.054927364 0.066642627 69.524047852 -0.055360880 0.998455465 0.004674511 -4.350917816 -0.066282935 -0.008346441 0.997765958 157.395065308
0.996600032 0.054181933 0.062069971 69.573165894 -0.054470420 0.998510957 0.002963920 -4.359630108 -0.061816957 -0.006334820 0.998067379 158.216156006
0.996573150 0.059276778 0.057690442 69.603721619 -0.059233729 0.998241127 -0.002457466 -4.371060848 -0.057734638 -0.000968174 0.998331487 159.034667969
0.996419072 0.064949460 0.054135509 69.628677368 -0.064558752 0.997873902 -0.008936962 -4.387846947 -0.054600861 0.005410038 0.998493612 159.860916138
0.996423602 0.067097180 0.051361568 69.656669617 -0.066595152 0.997714639 -0.011425996 -4.396588326 -0.052010842 0.007964700 0.998614788 160.675735474
0.996475875 0.068590336 0.048282806 69.688781738 -0.068420112 0.997643173 -0.005171432 -4.409339905 -0.048523720 0.001849692 0.998820305 161.501647949
0.996377468 0.071064845 0.046709448 69.711585999 -0.071385764 0.997435033 0.005236596 -4.418857574 -0.046217505 -0.008552015 0.998894811 162.336776733
0.996422470 0.072445825 0.043518484 69.737312317 -0.073040135 0.997254074 0.012223268 -4.423694134 -0.042513464 -0.015358134 0.998977840 163.161697388
0.996914506 0.068539299 0.038259827 69.776473999 -0.068943463 0.997576773 0.009344790 -4.430052280 -0.037526630 -0.011953722 0.999224126 163.963851929
0.997891307 0.056333601 0.032241400 69.814033508 -0.056344561 0.998411238 -0.000569281 -4.434126377 -0.032222245 -0.001248547 0.999479949 164.775360107
0.998236358 0.053932514 0.024807917 69.837478638 -0.053829808 0.998538613 -0.004789835 -4.440120220 -0.025029991 0.003445982 0.999680758 165.592346191
0.998106182 0.058720447 0.018327739 69.835205078 -0.058667351 0.998271704 -0.003421810 -4.452992439 -0.018496994 0.002340090 0.999826193 166.416320801
0.998357356 0.056194805 0.011169516 69.840476990 -0.056231763 0.998413146 0.003022561 -4.462305546 -0.010981940 -0.003645677 0.999933064 167.227706909
0.998709977 0.050633520 0.003821011 69.842597961 -0.050658874 0.998692453 0.006858867 -4.468867779 -0.003468727 -0.007043587 0.999969184 168.054336548
0.999127209 0.041713305 -0.002189003 69.849273682 -0.041686665 0.999069512 0.011059304 -4.468746185 0.002648287 -0.010958399 0.999936461 168.888076782
0.999256730 0.037658345 -0.008234629 69.843330383 -0.037567541 0.999234438 0.010917067 -4.472572327 0.008639445 -0.010599597 0.999906480 169.703598022
0.999294221 0.034494396 -0.014871800 69.830062866 -0.034432832 0.999397457 0.004376093 -4.482831001 0.015013790 -0.003860927 0.999879837 170.529403687
0.999414921 0.026025953 -0.022192869 69.814537048 -0.026161941 0.999640524 -0.005859328 -4.489869118 0.022032397 0.006436509 0.999736547 171.354919434
0.999462843 0.015341799 -0.028960014 69.805915833 -0.015636599 0.999827921 -0.009980631 -4.494151115 0.028801909 0.010428105 0.999530733 172.190017700
0.999191463 0.019098453 -0.035378575 69.772842407 -0.019195769 0.999812841 -0.002413059 -4.504844666 0.035325866 0.003090227 0.999371052 173.025955200
0.998747289 0.029681206 -0.040284496 69.722915649 -0.029263109 0.999512017 0.010929044 -4.511906624 0.040589225 -0.009736504 0.999128461 173.870590210
0.998398542 0.034366388 -0.044936832 69.674194336 -0.033546545 0.999258935 0.018873129 -4.519617558 0.045552135 -0.017335428 0.998811543 174.709259033
0.998235464 0.033793189 -0.048826404 69.629570007 -0.033051301 0.999326825 0.015922984 -4.519102573 0.049331624 -0.014281111 0.998680353 175.545013428
0.998081565 0.035209529 -0.050926629 69.576446533 -0.035004683 0.999375105 0.004909046 -4.516348839 0.051067650 -0.003116958 0.998690307 176.374038696
0.997489750 0.045792107 -0.054011326 69.507545471 -0.046089619 0.998928189 -0.004275014 -4.520395756 0.053757675 0.006753644 0.998531163 177.212173462
0.997454345 0.044448249 -0.055759970 69.445770264 -0.044941753 0.998960495 -0.007627402 -4.529251099 0.055362981 0.010113936 0.998415053 178.040191650
0.997536480 0.039316069 -0.058096964 69.400527954 -0.039539695 0.999214351 -0.002704217 -4.540686607 0.057945002 0.004994690 0.998307288 178.900817871
0.997556567 0.039572798 -0.057574999 69.343833923 -0.039316837 0.999211252 0.005572119 -4.542809963 0.057750091 -0.003294837 0.998325646 179.765228271
0.997485936 0.041431345 -0.057491526 69.290321350 -0.040854257 0.999102592 0.011177614 -4.548293591 0.057903036 -0.008800740 0.998283446 180.611984253
0.997379541 0.040898800 -0.059676923 69.246292114 -0.040338859 0.999130249 0.010558147 -4.555189133 0.060056835 -0.008123182 0.998161912 181.459167480
0.997378528 0.037851933 -0.061671108 69.190551758 -0.037827119 0.999283075 0.001570320 -4.563827038 0.061686333 0.000766636 0.998095274 182.285308838
0.997559845 0.027075088 -0.064352497 69.149299622 -0.027772332 0.999564588 -0.009964886 -4.574797630 0.064054675 0.011727789 0.997877479 183.126602173
0.997666955 0.016490728 -0.066247731 69.100128174 -0.017461322 0.999748111 -0.014098750 -4.585278988 0.065998547 0.015222630 0.997703612 183.982299805
0.997546732 0.019558454 -0.067216039 69.037277222 -0.020263789 0.999746382 -0.009827765 -4.597508430 0.067006774 0.011165706 0.997690022 184.830490112
0.997312427 0.025638418 -0.068633996 68.972282410 -0.025624031 0.999671042 0.001090120 -4.614346504 0.068639368 0.000671489 0.997641325 185.694808960
0.997232556 0.026306733 -0.069535300 68.912239075 -0.026005961 0.999648094 0.005227355 -4.635303020 0.069648348 -0.003404556 0.997565806 186.518524170
0.997178197 0.025117004 -0.070744485 68.852600098 -0.025076039 0.999684453 0.001467232 -4.644286156 0.070759013 0.000310900 0.997493386 187.364807129
0.997195721 0.025247734 -0.070450015 68.787017822 -0.025669422 0.999657571 -0.005086587 -4.649428368 0.070297465 0.006880734 0.997502327 188.203796387
0.996971190 0.031622320 -0.071052641 68.713897705 -0.032082856 0.999470890 -0.005349443 -4.661195278 0.070845887 0.007612812 0.997458220 189.041961670
0.996869624 0.034313288 -0.071228854 68.650207520 -0.034552060 0.999400675 -0.002122398 -4.675883770 0.071113333 0.004576857 0.997457743 189.871902466
0.996679902 0.038307253 -0.071845032 68.579231262 -0.038319383 0.999264836 0.001209994 -4.689890862 0.071838565 0.001547080 0.997415066 190.710876465
0.996554911 0.042109080 -0.071450032 68.506515503 -0.041931503 0.999112546 0.003984119 -4.697356701 0.071554393 -0.000974387 0.997436225 191.536071777
0.996365547 0.045381263 -0.072084866 68.428123474 -0.045232791 0.998969674 0.003691647 -4.707230091 0.072178125 -0.000417630 0.997391641 192.348373413
0.996437311 0.042510062 -0.072839387 68.378753662 -0.042623039 0.999091208 0.000003369 -4.724652767 0.072773337 0.003101279 0.997343659 193.158538818
0.996273160 0.044745069 -0.073740371 68.310966492 -0.045253038 0.998961866 -0.005231489 -4.735841751 0.073429734 0.008548968 0.997263730 193.960540771
0.996107399 0.045933116 -0.075233988 68.244934082 -0.046449564 0.998907447 -0.005128309 -4.740882397 0.074916236 0.008602932 0.997152746 194.771301270
0.995992541 0.045955058 -0.076726452 68.172775269 -0.045721181 0.998942673 0.004802957 -4.753988743 0.076866046 -0.001275685 0.997040629 195.570220947
0.995979369 0.044412065 -0.077799208 68.108337402 -0.043484166 0.998961806 0.013581416 -4.760675907 0.078321613 -0.010143776 0.996876538 196.367187500
0.996173203 0.038630053 -0.078400441 68.049087524 -0.037516493 0.999173820 0.015627591 -4.773180962 0.078939363 -0.012626478 0.996799469 197.140762329
0.996165991 0.036770090 -0.079380669 67.986900330 -0.036185998 0.999306440 0.008784641 -4.775834560 0.079648629 -0.005878492 0.996805668 197.905670166
0.996129155 0.038047448 -0.079240516 67.929725647 -0.037884422 0.999275804 0.003560222 -4.774387836 0.079318590 -0.000544460 0.996849179 198.630538940
0.996224582 0.037313230 -0.078385331 67.868118286 -0.037612077 0.999289691 -0.002339116 -4.786719322 0.078242369 0.005278520 0.996920407 199.342010498
0.996348202 0.034035828 -0.078305729 67.813232422 -0.034584980 0.999385715 -0.005667084 -4.802755356 0.078064740 0.008354591 0.996913314 200.037841797
0.996640861 0.030891575 -0.075846896 67.772911072 -0.031756677 0.999443293 -0.010226184 -4.825162411 0.075488769 0.012600477 0.997067034 200.705566406
0.997018039 0.028964227 -0.071526773 67.729682922 -0.029870797 0.999486029 -0.011637374 -4.834939957 0.071152940 0.013739233 0.997370780 201.379302979
0.997354507 0.029926907 -0.066244841 67.678352356 -0.030458836 0.999511242 -0.007034152 -4.842000484 0.066001952 0.009033283 0.997778594 202.056747437
0.997625470 0.034736868 -0.059470486 67.630126953 -0.034656521 0.999396443 0.002382245 -4.860992908 0.059517343 -0.000315548 0.998227239 202.738662720
0.997688830 0.042138793 -0.053303842 67.581680298 -0.041840699 0.999101877 0.006696430 -4.879996777 0.053538147 -0.004450684 0.998555899 203.403152466
0.997978091 0.042253964 -0.047479510 67.548927307 -0.042071782 0.999102890 0.004830272 -4.885582924 0.047641013 -0.002822959 0.998860538 204.057037354
0.998352766 0.040012296 -0.041118864 67.529006958 -0.040181439 0.999186993 -0.003295056 -4.894700527 0.040953591 0.004941843 0.999148846 204.709274292
0.998594761 0.040699895 -0.033940673 67.508453369 -0.041144289 0.999075055 -0.012498885 -4.904760361 0.033400577 0.013877787 0.999345720 205.360321045
0.998682499 0.043798625 -0.026738107 67.488113403 -0.044283852 0.998859823 -0.017833022 -4.919923306 0.025926558 0.018993594 0.999483407 205.993927002
0.998873711 0.043256443 -0.019498110 67.472419739 -0.043587923 0.998906493 -0.016908765 -4.932845592 0.018745376 0.017739603 0.999666929 206.645462036
0.999130309 0.039461132 -0.013471657 67.477401733 -0.039615382 0.999150157 -0.011381635 -4.951602459 0.013011076 0.011905422 0.999844491 207.288452148
0.999460459 0.032038901 -0.007235146 67.486946106 -0.032079224 0.999470055 -0.005527305 -4.971949100 0.007054223 0.005756421 0.999958575 207.936676025
0.999647498 0.026502736 -0.001572488 67.492759705 -0.026509119 0.999639809 -0.004187972 -4.989262104 0.001460929 0.004228181 0.999989986 208.573959351
0.999609232 0.027837275 0.002533319 67.483543396 -0.027828574 0.999606907 -0.003407337 -4.999197483 -0.002627174 0.003335507 0.999991000 209.217025757
0.999498069 0.031540353 0.002966645 67.487945557 -0.031535540 0.999501288 -0.001654569 -5.008618832 -0.003017351 0.001560183 0.999994218 209.879089355
0.999498487 0.031499825 0.003252179 67.487396240 -0.031499982 0.999503732 -0.000004147 -5.012113571 -0.003250695 -0.000098298 0.999994695 210.504653931
0.999508917 0.031229626 0.002570678 67.485168457 -0.031237191 0.999507606 0.002956828 -5.021525383 -0.002477072 -0.003035676 0.999992311 211.155242920
0.999457836 0.032834746 0.002421099 67.486755371 -0.032846019 0.999449015 0.004772842 -5.029824257 -0.002263050 -0.004849778 0.999985695 211.807891846
0.999142885 0.041330732 0.002299709 67.467720032 -0.041330710 0.999145508 -0.000057686 -5.038271904 -0.002300129 -0.000037412 0.999997377 212.460845947
0.998932362 0.046177629 0.001311377 67.453323364 -0.046164230 0.998894453 -0.008873268 -5.047329426 -0.001719674 0.008803257 0.999959767 213.108215332
0.999034524 0.043922782 -0.000878794 67.452499390 -0.043931413 0.998884559 -0.017310297 -5.059796810 0.000117497 0.017332191 0.999849796 213.747100830
0.999264598 0.038044680 -0.004780249 67.453315735 -0.038139679 0.999037504 -0.021666057 -5.069391727 0.003951370 0.021832442 0.999753833 214.403244019
0.999164164 0.040004734 -0.008405308 67.440261841 -0.040135216 0.999066532 -0.015975250 -5.077383518 0.007758377 0.016299246 0.999837041 215.068328857
0.998815477 0.047273029 -0.011525871 67.409385681 -0.047317017 0.998873532 -0.003573962 -5.087041378 0.011343936 0.004115098 0.999927163 215.746459961
0.998982966 0.042285703 -0.015650133 67.402740479 -0.042116165 0.999052048 0.011008516 -5.099301815 0.016100800 -0.010338197 0.999816954 216.432952881
0.999153137 0.036224298 -0.019513868 67.394760132 -0.035822030 0.999146163 0.020584097 -5.106199265 0.020242851 -0.019867638 0.999597669 217.115615845
0.999152303 0.034563705 -0.022362182 67.379470825 -0.034145202 0.999239385 0.018833572 -5.105279446 0.022996131 -0.018054046 0.999572515 217.795684814
0.998927057 0.039175149 -0.024698649 67.340850830 -0.038872287 0.999164402 0.012625593 -5.103468418 0.025172619 -0.011651954 0.999615192 218.481307983
0.998869538 0.037894759 -0.028699199 67.316276550 -0.037801564 0.999278128 0.003783093 -5.100166321 0.028821841 -0.002693942 0.999580920 219.161117554
0.999082923 0.029209159 -0.031306498 67.306587219 -0.029254800 0.999571502 -0.001000699 -5.094627857 0.031263851 0.001915646 0.999509335 219.852050781
0.999247909 0.021957571 -0.031961389 67.288070679 -0.021843210 0.999753714 0.003922919 -5.095934868 0.032039657 -0.003221830 0.999481380 220.554412842
0.999325275 0.014705860 -0.033656944 67.273498535 -0.014439774 0.999862671 0.008135303 -5.103759766 0.033771954 -0.007643815 0.999400318 221.272735596
0.999318182 0.011881554 -0.034956396 67.247787476 -0.011504941 0.999873817 0.010955327 -5.110714436 0.035082150 -0.010545687 0.999328792 221.976989746
0.999311447 0.008858503 -0.036030710 67.240402222 -0.008565503 0.999929070 0.008278190 -5.126541615 0.036101483 -0.007963869 0.999316394 222.626602173
0.999296665 0.002711039 -0.037400305 67.224143982 -0.002590488 0.999991298 0.003271348 -5.126563072 0.037408851 -0.003172162 0.999294996 223.321456909
0.999249578 -0.005395794 -0.038356185 67.206306458 0.005479017 0.999982834 0.002064936 -5.128640175 0.038344387 -0.002273541 0.999261975 224.023696899
0.999230087 -0.006581352 -0.038677212 67.173812866 0.006800543 0.999961555 0.005538370 -5.138211250 0.038639273 -0.005797131 0.999236405 224.719711304
0.999191940 -0.007516942 -0.039483577 67.144027710 0.007899800 0.999923170 0.009549594 -5.138412952 0.039408762 -0.009853791 0.999174595 225.421478271
0.999133110 -0.009640113 -0.040498380 67.127555847 0.010166924 0.999866128 0.012822418 -5.145890713 0.040369347 -0.013223047 0.999097347 226.114730835
0.999103904 -0.011160325 -0.040826928 67.095054626 0.011599109 0.999877334 0.010526350 -5.151064873 0.040704440 -0.010990473 0.999110758 226.808959961
0.999076486 -0.013940431 -0.040642250 67.071807861 0.014080182 0.999895871 0.003154311 -5.158274651 0.040594045 -0.003723649 0.999168813 227.490402222
0.999042869 -0.015666878 -0.040840272 67.045814514 0.015415989 0.999860346 -0.006450880 -5.164042950 0.040935636 0.005815113 0.999144852 228.152587891
0.999053657 -0.014308034 -0.041073475 67.019798279 0.013836840 0.999835432 -0.011733431 -5.170526028 0.041234598 0.011154001 0.999087214 228.855926514
0.999108195 -0.010759102 -0.040829327 66.983985901 0.010334740 0.999890506 -0.010590432 -5.180151939 0.040938798 0.010159027 0.999109983 229.515579224
0.999094129 -0.012782644 -0.040589519 66.953414917 0.012625945 0.999911845 -0.004114620 -5.195835590 0.040638536 0.003598412 0.999167442 230.185073853
0.999032855 -0.015089677 -0.041299969 66.930770874 0.015265537 0.999875665 0.003946072 -5.209867001 0.041235287 -0.004572722 0.999139011 230.837387085
0.999013066 -0.014823262 -0.041870549 66.909996033 0.015192591 0.999848306 0.008516320 -5.218399048 0.041737959 -0.009144037 0.999086738 231.476455688
0.999009788 -0.013717875 -0.042323764 66.877601624 0.014233878 0.999827683 0.011914624 -5.228929520 0.042153027 -0.012505258 0.999032915 232.096679688
0.998863399 -0.015662268 -0.045017403 66.850921631 0.016324565 0.999763310 0.014382242 -5.227548122 0.044781487 -0.015100786 0.998882651 232.697357178
0.998496234 -0.022180758 -0.050133217 66.827011108 0.022917159 0.999637067 0.014162044 -5.236491680 0.049800899 -0.015289659 0.998642147 233.272369385
0.997967899 -0.026430052 -0.057979066 66.788131714 0.027154259 0.999562323 0.011738638 -5.235800266 0.057643440 -0.013289162 0.998248756 233.826293945
0.997216403 -0.028962340 -0.068706617 66.754211426 0.029577708 0.999530792 0.007955913 -5.249449253 0.068443961 -0.009965952 0.997605205 234.348999023
0.996106267 -0.030458087 -0.082732193 66.688301086 0.030931456 0.999511600 0.004445730 -5.251340389 0.082556382 -0.006987446 0.996561885 234.889770508
0.994286358 -0.031640589 -0.101948448 66.638465881 0.031999372 0.999486089 0.001885355 -5.259514809 0.101836406 -0.005136868 0.994787872 235.404907227
0.991671503 -0.035176024 -0.123896450 66.562339783 0.035728294 0.999359012 0.002237778 -5.259773254 0.123738319 -0.006645749 0.992292643 235.914215088
0.988335609 -0.032697767 -0.148740068 66.470642090 0.033744935 0.999420226 0.004521374 -5.267827511 0.148506001 -0.009487859 0.988865972 236.411026001
0.983733356 -0.032755308 -0.176623359 66.360610962 0.034599237 0.999374092 0.007369445 -5.279085159 0.176271424 -0.013360603 0.984250903 236.883255005
0.977472901 -0.034227598 -0.208267123 66.236663818 0.036398478 0.999315560 0.006599006 -5.288557053 0.207898706 -0.014030955 0.978049755 237.356918335
0.969157100 -0.032659747 -0.244269967 66.110801697 0.034504473 0.999399185 0.003275609 -5.297732830 0.244016230 -0.011602986 0.969701767 237.807250977
0.958497882 -0.028506320 -0.283670902 65.941688538 0.029379174 0.999567628 -0.001177838 -5.304797649 0.283581823 -0.007205060 0.958920956 238.246032715
0.945114076 -0.024314485 -0.325834692 65.747322083 0.024143735 0.999698043 -0.004568454 -5.314924240 0.325847387 -0.003549155 0.945415735 238.666809082
0.928516150 -0.018654732 -0.370823145 65.580390930 0.017710313 0.999825418 -0.005952067 -5.317579269 0.370869428 -0.001040804 0.928684413 239.042449951
0.908603728 -0.009784339 -0.417544693 65.363204956 0.007122881 0.999943197 -0.007931862 -5.312724113 0.417598575 0.004232799 0.908621788 239.432250977
0.885547340 0.002876540 -0.464540243 65.117416382 -0.007338348 0.999942660 -0.007797128 -5.326012611 0.464491189 0.010313684 0.885517716 239.779037476
0.858565927 0.015534521 -0.512467802 64.837097168 -0.021342959 0.999757349 -0.005451243 -5.340288162 0.512258768 0.015617830 0.858689189 240.144851685
0.827298641 0.024606766 -0.561223209 64.562194824 -0.031385411 0.999504387 -0.002442050 -5.344001770 0.560884953 0.019634526 0.827660859 240.468566895
0.792528927 0.031050388 -0.609043360 64.267753601 -0.037985567 0.999277115 0.001515954 -5.338622570 0.608650148 0.021933414 0.793135524 240.777694702
0.755133808 0.039172430 -0.654399335 63.955287933 -0.042463809 0.999039590 0.010802194 -5.338063240 0.654193997 0.019631183 0.756072044 241.074966431
0.716049671 0.051287919 -0.696162701 63.621669769 -0.047485925 0.998565853 0.024724234 -5.330413342 0.696432412 0.015354150 0.717458189 241.351684570
0.674739718 0.062563017 -0.735399306 63.273048401 -0.051475704 0.997963488 0.037670560 -5.324332237 0.736258447 0.012437374 0.676586151 241.623687744
0.631484866 0.071619816 -0.772073507 62.921623230 -0.055328980 0.997348964 0.047263030 -5.314561844 0.773411632 0.012872148 0.633773446 241.855316162
0.587038636 0.075262949 -0.806052923 62.559852600 -0.054950479 0.997077227 0.053079545 -5.297758579 0.807691932 0.013133245 0.589458585 242.066223145
0.541926086 0.077564485 -0.836839259 62.193397522 -0.054788526 0.996874452 0.056917410 -5.269533634 0.838638425 0.015004155 0.544481874 242.227722168
0.494947731 0.075420611 -0.865643501 61.826141357 -0.048179861 0.997075379 0.059324108 -5.254775524 0.867586076 0.012344239 0.497133970 242.363372803
0.441877723 0.069297865 -0.894394696 61.489379883 -0.038979586 0.997553408 0.058032669 -5.240171432 0.896228015 0.009219795 0.443497837 242.531204224
0.389457345 0.061552174 -0.918985546 61.096496582 -0.030353323 0.998080254 0.053986363 -5.209119320 0.920544326 0.006868870 0.390577972 242.658935547
0.336328566 0.056298539 -0.940060377 60.683197021 -0.026449418 0.998382449 0.050328445 -5.179081917 0.941373229 0.007937154 0.337273598 242.763122559
0.284578204 0.053923350 -0.957135022 60.246261597 -0.025612494 0.998488009 0.048637923 -5.148772240 0.958310604 0.010673323 0.285529077 242.861587524
0.235123336 0.054582629 -0.970431805 59.796051025 -0.025966188 0.998418331 0.049865477 -5.127483845 0.971618652 0.013473875 0.236168742 242.932815552
0.187890708 0.055456307 -0.980623126 59.355865479 -0.022385152 0.998387218 0.052171834 -5.114548683 0.981934845 0.012148791 0.188829064 242.992980957
0.144503713 0.054662403 -0.987993360 58.883285522 -0.020139918 0.998428643 0.052294094 -5.091690063 0.989299357 0.012341406 0.145377576 243.032363892
0.104109585 0.053668685 -0.993116856 58.395874023 -0.019024005 0.998467743 0.051963549 -5.067639828 0.994383991 0.013483148 0.104971051 243.056762695
0.069160163 0.052244548 -0.996236622 57.917785645 -0.017485954 0.998537838 0.051151328 -5.046950817 0.997452319 0.013882510 0.069972575 243.062957764
0.039976299 0.049479615 -0.997974932 57.415939331 -0.018236673 0.998642921 0.048782229 -5.021224022 0.999034345 0.016249599 0.040824354 243.055953979
0.014892876 0.047335595 -0.998768032 56.895812988 -0.018457029 0.998721600 0.047058176 -4.997064590 0.999718785 0.017733457 0.015747488 243.041946411
-0.007462263 0.046404023 -0.998894870 56.403366089 -0.019470559 0.998726547 0.046541661 -4.981940269 0.999782562 0.019796349 -0.006549239 243.014266968
-0.026184678 0.044519816 -0.998665392 55.865859985 -0.021864433 0.998743355 0.045096569 -4.959430218 0.999418080 0.023016080 -0.025178313 242.983184814
-0.040688992 0.043643452 -0.998218298 55.313018799 -0.024727838 0.998695612 0.044672269 -4.938573837 0.998865902 0.026501443 -0.039556742 242.943298340
-0.050882339 0.041937131 -0.997823834 54.743942261 -0.026384946 0.998712778 0.043319948 -4.918396950 0.998356164 0.028531739 -0.049710274 242.901809692
-0.057338953 0.039954845 -0.997554958 54.159057617 -0.026315346 0.998791218 0.041516956 -4.889194489 0.998007953 0.028631542 -0.056218147 242.861450195
-0.060997963 0.039490581 -0.997356474 53.564239502 -0.027001165 0.998786092 0.041198567 -4.868499279 0.997772753 0.029442808 -0.059857607 242.822479248
-0.062941551 0.039655164 -0.997229218 52.942962646 -0.026255168 0.998798668 0.041374709 -4.839390755 0.997671962 0.028786601 -0.061824799 242.781738281
-0.063809276 0.040003169 -0.997160077 52.304489136 -0.026072837 0.998788357 0.041736916 -4.816230774 0.997621536 0.028661989 -0.062688947 242.729583740
-0.063578725 0.040589251 -0.997151136 51.633224487 -0.025805211 0.998771608 0.042300560 -4.791676044 0.997643232 0.028421102 -0.062453151 242.678009033
-0.063287377 0.040983696 -0.997153640 50.951629639 -0.024879491 0.998781145 0.042629641 -4.767911911 0.997685313 0.027506581 -0.062190533 242.649551392
-0.062595010 0.038631324 -0.997291088 50.254074097 -0.023257162 0.998922765 0.040154267 -4.737146378 0.997767985 0.025707619 -0.061629176 242.604766846
-0.061799407 0.036230292 -0.997430921 49.543029785 -0.021053836 0.999071240 0.037594348 -4.715405464 0.997866631 0.023323053 -0.060979247 242.566986084
-0.060195684 0.035032012 -0.997571766 48.791732788 -0.019993771 0.999141157 0.036293592 -4.684473991 0.997986436 0.022129934 -0.059443593 242.516571045
-0.058971167 0.034061193 -0.997678459 48.020233154 -0.021002587 0.999154150 0.035353005 -4.651549816 0.998038769 0.023038637 -0.058205962 242.461608887
-0.057522893 0.033691712 -0.997775674 47.232498169 -0.021100260 0.999166131 0.034955114 -4.622959614 0.998121381 0.023064034 -0.056764007 242.411666870
-0.055850029 0.034371398 -0.997847497 46.423904419 -0.019274263 0.999183953 0.035496227 -4.595010757 0.998253226 0.021215234 -0.055141926 242.360702515
-0.054739833 0.035172246 -0.997881114 45.597869873 -0.016497782 0.999211133 0.036124129 -4.571321964 0.998364508 0.018440245 -0.054116368 242.318313599
-0.052903771 0.034986749 -0.997986555 44.735733032 -0.014059921 0.999260902 0.035776746 -4.539300919 0.998500645 0.015924336 -0.052372813 242.280914307
-0.051766872 0.035811961 -0.998016894 43.867065430 -0.012936519 0.999248922 0.036527183 -4.522625923 0.998575389 0.014801763 -0.051264763 242.240234375
-0.050570965 0.038189825 -0.997990131 42.991851807 -0.011740662 0.999176860 0.038830172 -4.491100311 0.998651564 0.013680738 -0.050080895 242.194152832
-0.049400568 0.042603258 -0.997870088 42.097686768 -0.010555897 0.999011755 0.043174583 -4.456743240 0.998723328 0.012666258 -0.048902035 242.148284912
-0.048543334 0.047226738 -0.997704089 41.203353882 -0.008505972 0.998825788 0.047693700 -4.428612709 0.998785019 0.010801643 -0.048084617 242.105651855
-0.048243403 0.047965623 -0.997683287 40.318847656 -0.008949199 0.998785436 0.048451357 -4.393762589 0.998795509 0.011265924 -0.047755599 242.063583374
-0.049191594 0.044973761 -0.997776330 39.444274902 -0.009525737 0.998919129 0.045494907 -4.363513470 0.998743951 0.011742522 -0.048710108 242.017608643
-0.050383449 0.040704072 -0.997900128 38.554061890 -0.007951228 0.999121130 0.041155331 -4.338165283 0.998698294 0.010008079 -0.050015569 241.968902588
-0.052142143 0.039770771 -0.997847497 37.656204224 -0.005927231 0.999176741 0.040133476 -4.306285381 0.998622119 0.008007115 -0.051863432 241.921554565
-0.055005550 0.044671845 -0.997486293 36.759918213 -0.003457207 0.998984158 0.044929571 -4.272872925 0.998480082 0.005919891 -0.054795265 241.878768921
-0.058318615 0.050869115 -0.997001112 35.879043579 -0.001603094 0.998694837 0.051049303 -4.245308399 0.998296738 0.004575414 -0.058161020 241.824264526
-0.060944796 0.055177908 -0.996614993 35.001358032 0.000524821 0.998472512 0.055248667 -4.214275360 0.998141170 0.002844067 -0.060880661 241.762649536
-0.063601255 0.054671351 -0.996476889 34.133255005 0.002516738 0.998503923 0.054621939 -4.172763824 0.997972310 0.000966148 -0.063643694 241.697235107
-0.066060662 0.053279273 -0.996392131 33.223007202 0.003311675 0.998579621 0.053176679 -4.143206596 0.997810125 0.000213161 -0.066143274 241.638122559
-0.069028616 0.050432406 -0.996339202 32.339630127 0.001564275 0.998725653 0.050444830 -4.109513283 0.997613490 0.001923586 -0.069019556 241.575958252
-0.070939660 0.048539434 -0.996298909 31.465026855 0.000370560 0.998816490 0.048635706 -4.073672771 0.997480512 0.003081009 -0.070873618 241.502182007
-0.073064327 0.047902655 -0.996176362 30.562774658 0.000558631 0.998847663 0.047990143 -4.037307262 0.997327268 0.002949867 -0.073006868 241.445220947
-0.074626803 0.046413902 -0.996130884 29.711700439 -0.004293880 0.998892069 0.046864241 -4.014976501 0.997202337 0.007774589 -0.074344754 241.365066528
-0.075352073 0.043043304 -0.996227562 28.853088379 -0.008342058 0.999005735 0.043794312 -3.989360094 0.997122109 0.011610579 -0.074918032 241.285217285
-0.075873017 0.040030994 -0.996313691 27.985992432 -0.010805327 0.999102116 0.040965900 -3.963695049 0.997058988 0.013873700 -0.075372338 241.211975098
-0.075061202 0.038942482 -0.996418238 27.128906250 -0.012489798 0.999122083 0.039989021 -3.936441183 0.997100711 0.015446684 -0.074508905 241.138717651
-0.073504448 0.038892064 -0.996536374 26.269439697 -0.013146348 0.999114692 0.039962366 -3.912078857 0.997208357 0.016038219 -0.072928071 241.072998047
-0.071702600 0.038802981 -0.996671140 25.422805786 -0.012465958 0.999130070 0.039795544 -3.893223763 0.997348249 0.015277902 -0.071156502 241.010177612
-0.069396377 0.039970070 -0.996788263 24.574371338 -0.011172472 0.999103189 0.040840726 -3.869256973 0.997526765 0.013970780 -0.068887591 240.947814941
-0.067694664 0.040999610 -0.996863306 23.731460571 -0.009335471 0.999085546 0.041724954 -3.846010685 0.997662425 0.012130744 -0.067250013 240.894989014
-0.065607667 0.043274421 -0.996906757 22.890884399 -0.004184219 0.999038458 0.043642327 -3.823589802 0.997836769 0.007034546 -0.065363526 240.841918945
-0.063796401 0.043480109 -0.997015357 22.051986694 0.001250327 0.999053121 0.043488976 -3.797800541 0.997962177 0.001527843 -0.063790321 240.798629761
-0.061886072 0.041530695 -0.997218847 21.219436646 0.000659851 0.999135375 0.041569564 -3.771889687 0.998083055 0.001914558 -0.061859965 240.746124268
-0.060369968 0.040850371 -0.997339785 20.387420654 0.000690274 0.999163687 0.040883292 -3.748720169 0.998175800 0.001779686 -0.060347676 240.696701050
-0.059494019 0.041583989 -0.997362137 19.562240601 0.004272959 0.999133408 0.041402951 -3.725815773 0.998219490 -0.001798463 -0.059620142 240.649093628
-0.059460759 0.045106966 -0.997211158 18.733459473 0.006689115 0.998974144 0.044787865 -3.696106434 0.998208404 -0.004007345 -0.059701562 240.600250244
-0.060199618 0.049455397 -0.996960580 17.904739380 0.004671852 0.998774886 0.049263306 -3.675885201 0.998175502 -0.001692029 -0.060356855 240.543090820
-0.061619163 0.051525880 -0.996768832 17.086166382 0.002975171 0.998671651 0.051440317 -3.643325329 0.998095274 0.000204150 -0.061690569 240.487823486
-0.064433932 0.049928047 -0.996672213 16.272033691 0.002165104 0.998752236 0.049892277 -3.617357731 0.997919619 0.001056860 -0.064461708 240.435760498
-0.067172885 0.046696465 -0.996648133 15.457336426 0.001042135 0.998906910 0.046732064 -3.586242676 0.997740924 0.002100475 -0.067148089 240.374649048
-0.070318460 0.043292601 -0.996584654 14.665176392 0.000224341 0.999058425 0.043384232 -3.559371948 0.997524559 0.002827138 -0.070261955 240.300460815
-0.074917674 0.042016186 -0.996304154 13.859985352 -0.000403883 0.999110579 0.042164911 -3.536435604 0.997189641 0.003561287 -0.074834108 240.238647461
-0.079630494 0.041125622 -0.995975792 13.061553955 -0.002010175 0.999139905 0.041416995 -3.512228966 0.996822476 0.005300142 -0.079479337 240.163848877
-0.084603786 0.041480687 -0.995550931 12.265472412 -0.004082104 0.999110281 0.041975901 -3.491401911 0.996406376 0.007615258 -0.084359169 240.090362549
-0.089154720 0.042891774 -0.995093822 11.473022461 -0.006462061 0.999026418 0.043640245 -3.468419313 0.995996833 0.010321091 -0.088790774 240.015365601
-0.093499541 0.045441784 -0.994581759 10.684600830 -0.008961137 0.998879015 0.046480551 -3.443105221 0.995579004 0.013258499 -0.092987537 239.931488037
-0.097842813 0.046766259 -0.994102597 9.898803711 -0.013708453 0.998737156 0.048333518 -3.421752214 0.995107591 0.018356688 -0.097078085 239.842361450
-0.101123571 0.046174061 -0.993801773 9.110321045 -0.016896689 0.998698592 0.048120882 -3.392711639 0.994730413 0.021658110 -0.100211740 239.757125854
-0.103192210 0.044531822 -0.993664145 8.340911865 -0.021166014 0.998672783 0.046954382 -3.367606163 0.994436264 0.025877228 -0.102112651 239.665374756
-0.104594827 0.043224979 -0.993575156 7.588256836 -0.026610201 0.998575687 0.046243813 -3.338128805 0.994158864 0.031276096 -0.103295684 239.573593140
-0.105378032 0.043451503 -0.993482471 6.820495605 -0.030083552 0.998448372 0.046859637 -3.311409950 0.993977070 0.034825459 -0.103907466 239.479339600
-0.106053472 0.044288166 -0.993373752 6.078887939 -0.032145437 0.998332798 0.047941133 -3.292613268 0.993840814 0.037016749 -0.104452968 239.395248413
-0.105865479 0.043569971 -0.993425488 5.355041504 -0.035472021 0.998238266 0.047561165 -3.267393827 0.993747592 0.040273894 -0.104133487 239.306732178
-0.105856299 0.043689221 -0.993421257 4.643524170 -0.038294889 0.998114109 0.047976203 -3.247039795 0.993643820 0.043121532 -0.103983521 239.224517822
-0.105409861 0.043588392 -0.993473113 3.947265625 -0.040550563 0.998019516 0.048090376 -3.223065138 0.993601739 0.045355089 -0.103433609 239.145477295
-0.104316473 0.044269491 -0.993558466 3.266296387 -0.041617148 0.997939467 0.048834197 -3.201036930 0.993673086 0.046443276 -0.102259159 239.069900513
-0.101399541 0.045452572 -0.993807137 2.597534180 -0.042954728 0.997824132 0.050019022 -3.179319382 0.993918240 0.047760602 -0.099226475 238.993148804
-0.098529220 0.045779902 -0.994080603 1.925262451 -0.043608923 0.997783005 0.050272744 -3.160019875 0.994178236 0.048304114 -0.096314311 238.934112549
-0.096042514 0.044999387 -0.994359612 1.286926270 -0.045317449 0.997744024 0.049529638 -3.142488956 0.994345129 0.049818788 -0.093786597 238.869918823
-0.092721343 0.043561626 -0.994738877 0.663146973 -0.045056451 0.997835577 0.047897030 -3.120850086 0.994672298 0.049260471 -0.090557933 238.807250977
-0.089823961 0.042909537 -0.995033026 0.056243896 -0.043236081 0.997961640 0.046938855 -3.101400375 0.995018899 0.047237549 -0.087785602 238.751678467
-0.086905122 0.042391304 -0.995314300 -0.544097900 -0.041181784 0.998087347 0.046105165 -3.082220316 0.995365024 0.044995587 -0.084993124 238.705398560
-0.083696246 0.042977020 -0.995564282 -1.127777100 -0.041713182 0.998042762 0.046590805 -3.062609673 0.995618045 0.045427613 -0.081739664 238.655059814
-0.080042839 0.044113453 -0.995814860 -1.697113037 -0.042309642 0.997969568 0.047609724 -3.045464516 0.995893121 0.045943387 -0.078013897 238.610748291
-0.076197982 0.044190738 -0.996113002 -2.256149292 -0.043634709 0.997912526 0.047608424 -3.030711174 0.996137500 0.047092769 -0.074110746 238.573577881
-0.071441770 0.043788385 -0.996483326 -2.789779663 -0.043159325 0.997964501 0.046947736 -3.012600899 0.996510744 0.046361562 -0.069406509 238.531143188
-0.066982985 0.044269379 -0.996771514 -3.305068970 -0.042072024 0.998001337 0.047151238 -2.998283386 0.996866703 0.045094527 -0.064986706 238.504028320
-0.062689185 0.044938207 -0.997021019 -3.796966553 -0.041827526 0.997989774 0.047611840 -2.982080698 0.997156382 0.044687659 -0.060683489 238.475006104
-0.058278680 0.045784675 -0.997249901 -4.276031494 -0.039814085 0.998046398 0.048147958 -2.966949224 0.997506082 0.042510595 -0.056342006 238.449264526
-0.053713918 0.046948534 -0.997452199 -4.739059448 -0.039928291 0.997994244 0.049124230 -2.950993776 0.997757912 0.042465206 -0.051731586 238.423385620
-0.048724890 0.048885573 -0.997615218 -5.187728882 -0.040352963 0.997889698 0.050869919 -2.943175316 0.997996807 0.042735361 -0.046649456 238.403778076
-0.044126630 0.050108507 -0.997768581 -5.622558594 -0.040678013 0.997822940 0.051910240 -2.932518959 0.998197496 0.042877864 -0.041992307 238.390502930
-0.038659811 0.050598890 -0.997970641 -6.040679932 -0.039772738 0.997847795 0.052133400 -2.918312073 0.998460710 0.041707482 -0.036564112 238.378295898
-0.032555819 0.051281501 -0.998153567 -6.433624268 -0.038896192 0.997861266 0.052535124 -2.901561260 0.998712838 0.040534683 -0.030491471 238.369628906
-0.026294589 0.050552696 -0.998375237 -6.820556641 -0.037239034 0.997977793 0.051513348 -2.887090206 0.998960435 0.038533043 -0.024358869 238.363174438
-0.020232439 0.049256288 -0.998581290 -7.189254761 -0.035554741 0.998118460 0.049953841 -2.873749733 0.999162972 0.036514983 -0.018443108 238.361129761
-0.014366627 0.048520606 -0.998718977 -7.530944824 -0.034598444 0.998199701 0.048993077 -2.861636639 0.999298155 0.035257977 -0.012661934 238.364578247
-0.008926034 0.047684059 -0.998822629 -7.847305298 -0.033742554 0.998279154 0.047959656 -2.851996422 0.999390721 0.034130909 -0.007301688 238.364151001
-0.004089713 0.047793690 -0.998848975 -8.147171021 -0.033935115 0.998275280 0.047905188 -2.849768162 0.999415755 0.034091968 -0.002460837 238.370941162
0.000549734 0.048188053 -0.998838186 -8.432601929 -0.033647321 0.998273611 0.048142295 -2.835963726 0.999433696 0.033581760 0.002170146 238.374740601
0.004809916 0.048186969 -0.998826861 -8.675872803 -0.033620555 0.998281419 0.047998756 -2.829282522 0.999423206 0.033350237 0.006421685 238.376083374
0.008500755 0.046153665 -0.998898327 -8.899520874 -0.031655643 0.998446047 0.045863379 -2.823128223 0.999462843 0.031230887 0.009948552 238.385223389
0.012017488 0.041283064 -0.999075234 -9.099761963 -0.029957984 0.998713732 0.040907774 -2.822976112 0.999478936 0.029438671 0.013238788 238.389068604
0.014445364 0.037512239 -0.999191821 -9.265884399 -0.028441355 0.998907089 0.037090376 -2.817733288 0.999491096 0.027882583 0.015496433 238.403686523
0.016891003 0.037808020 -0.999142349 -9.412689209 -0.028374922 0.998900473 0.037319176 -2.812368870 0.999454737 0.027720222 0.017945230 238.399780273
0.018074393 0.039654419 -0.999050021 -9.530776978 -0.028566994 0.998825729 0.039128698 -2.812954903 0.999428511 0.027832627 0.019185960 238.405578613
0.019116938 0.038755465 -0.999066055 -9.622619629 -0.028694306 0.998858094 0.038198341 -2.810469151 0.999405622 0.027937258 0.020207167 238.409408569
0.019922495 0.036174815 -0.999146938 -9.700225830 -0.028378097 0.998963058 0.035602316 -2.806541920 0.999398768 0.027644599 0.020928442 238.411834717
0.020734191 0.034429364 -0.999192178 -9.763168335 -0.027956804 0.999036014 0.033843853 -2.804204941 0.999394238 0.027232485 0.021676719 238.411117554
0.020501673 0.033846717 -0.999216855 -9.818252563 -0.027775995 0.999060333 0.033271514 -2.802621365 0.999404013 0.027072115 0.021422505 238.417343140
0.020886838 0.033933531 -0.999205947 -9.858139038 -0.028103923 0.999048829 0.033340726 -2.798856735 0.999386907 0.027385216 0.021820605 238.412857056
0.020728409 0.033941064 -0.999208987 -9.882827759 -0.028114272 0.999048173 0.033352375 -2.800357342 0.999389946 0.027400682 0.021662891 238.417892456
0.020970464 0.033706181 -0.999211788 -9.899444580 -0.028148616 0.999055266 0.033110145 -2.800170660 0.999383748 0.027432092 0.021899462 238.413909912
0.020867288 0.033849038 -0.999209106 -9.910217285 -0.028041678 0.999053359 0.033258144 -2.802327156 0.999388933 0.027325492 0.021796703 238.416137695
0.021045923 0.033580281 -0.999214530 -9.905487061 -0.028336603 0.999054313 0.032978062 -2.801187992 0.999376953 0.027620288 0.021977544 238.412414551
0.021199644 0.032372709 -0.999251127 -9.894622803 -0.028739689 0.999082327 0.031757515 -2.802555323 0.999362230 0.028044913 0.022110522 238.406875610
0.020727158 0.030425046 -0.999322176 -9.898529053 -0.028787721 0.999140561 0.029822426 -2.804931402 0.999370694 0.028150072 0.021585226 238.418090820
0.020985603 0.030051624 -0.999328256 -9.896804810 -0.029117126 0.999142528 0.029434590 -2.805767775 0.999355912 0.028479854 0.021842599 238.411926270
0.020966351 0.030592527 -0.999312103 -9.896057129 -0.028635146 0.999140024 0.029986473 -2.804757595 0.999370098 0.027986737 0.021824360 238.412475586
0.020975411 0.030239178 -0.999322712 -9.896209717 -0.028501075 0.999154329 0.029635856 -2.804099321 0.999373794 0.027860140 0.021819532 238.412872314
0.021105647 0.030122656 -0.999323487 -9.897384644 -0.028644700 0.999153912 0.029512571 -2.806674004 0.999366939 0.028002432 0.021950662 238.409179688
0.020975411 0.029584385 -0.999342382 -9.907119751 -0.028680746 0.999168515 0.028977253 -2.802000999 0.999368727 0.028054062 0.021806419 238.412551880
0.021030128 0.028927065 -0.999360383 -9.916503906 -0.028400859 0.999195218 0.028324628 -2.800974607 0.999375463 0.027787017 0.021834791 238.413604736
0.021067619 0.028792419 -0.999363482 -9.925613403 -0.028461505 0.999197364 0.028187638 -2.801722765 0.999372959 0.027849538 0.021870196 238.415588379
0.021019220 0.028925473 -0.999360561 -9.943267822 -0.028323043 0.999197423 0.028325044 -2.801244974 0.999377847 0.027709562 0.021821558 238.416000366
0.021405041 0.028700612 -0.999358892 -9.972702026 -0.028257772 0.999205887 0.028090972 -2.799239159 0.999371469 0.027638365 0.022199035 238.411819458
0.021262527 0.028622806 -0.999364197 -9.990188599 -0.028235797 0.999208570 0.028017603 -2.800645113 0.999375224 0.027622115 0.022053838 238.417388916
0.021384358 0.027684091 -0.999388099 -10.024124146 -0.028145365 0.999237001 0.027077666 -2.798288345 0.999375224 0.027549097 0.022147238 238.417404175
0.021918595 0.025329521 -0.999438882 -10.064880371 -0.028171919 0.999297678 0.024708105 -2.795574665 0.999362767 0.027614543 0.022616744 238.415863037
0.022683978 0.023037547 -0.999477327 -10.123626709 -0.028018555 0.999356449 0.022398856 -2.799955606 0.999350071 0.027495809 0.023314834 238.416213989
0.024129331 0.020701785 -0.999494612 -10.204452515 -0.027938750 0.999409020 0.020025525 -2.795062304 0.999318540 0.027441420 0.024693489 238.417358398
0.026325941 0.019662166 -0.999460161 -10.303527832 -0.027733896 0.999436080 0.018931175 -2.794695377 0.999268711 0.027220538 0.026856363 238.422363281
0.029977977 0.018617736 -0.999377251 -10.421081543 -0.027470445 0.999464214 0.017795334 -2.795101881 0.999173105 0.026919866 0.030473351 238.431167603
0.035587013 0.016702730 -0.999227107 -10.554702759 -0.026939400 0.999513030 0.015748074 -2.791807652 0.999003530 0.026358148 0.036019623 238.441909790
0.043605030 0.015294080 -0.998931825 -10.719680786 -0.027036196 0.999534667 0.014123133 -2.788779020 0.998682976 0.026391473 0.043998241 238.446685791
0.052840114 0.014708590 -0.998494685 -10.902130127 -0.027314473 0.999538720 0.013278493 -2.784504652 0.998229384 0.026571717 0.053217471 238.472717285
0.064735770 0.014955143 -0.997790337 -11.079605103 -0.028657995 0.999503136 0.013121511 -2.786925316 0.997490764 0.027745241 0.065132201 238.495407104
0.078724027 0.013983613 -0.996798337 -11.292968750 -0.030311625 0.999472857 0.011627215 -2.779368639 0.996435523 0.029299239 0.079106390 238.527893066
0.095567048 0.015391128 -0.995304048 -11.513198853 -0.030955097 0.999442816 0.012482884 -2.783104420 0.994941652 0.029616779 0.095990241 238.553588867
0.114770412 0.019885005 -0.993193090 -11.749023438 -0.030047944 0.999411643 0.016537258 -2.777971029 0.992937565 0.027945420 0.115300357 238.603515625
0.137874544 0.024152841 -0.990155280 -12.000289917 -0.030567970 0.999330163 0.020120194 -2.775284290 0.989978015 0.027492968 0.138520539 238.647644043
0.161654174 0.025272792 -0.986523747 -12.249176025 -0.031882793 0.999283910 0.020375291 -2.778568268 0.986332297 0.028159382 0.162344158 238.708480835
0.188365281 0.024273528 -0.981799126 -12.511230469 -0.029811248 0.999375165 0.018988565 -2.776400566 0.981646597 0.025691867 0.188971162 238.781890869
0.218651950 0.024034975 -0.975506961 -12.766876221 -0.027917078 0.999441504 0.018367302 -2.771665573 0.975403547 0.023217253 0.219200790 238.865478516
0.251672447 0.024301812 -0.967507303 -13.016983032 -0.024160670 0.999530911 0.018821396 -2.775117874 0.967510819 0.018638797 0.252141535 238.966690063
0.288032413 0.025032356 -0.957293451 -13.291412354 -0.020048710 0.999596834 0.020106254 -2.774475574 0.957410812 0.013401246 0.288418174 239.081878662
0.327991366 0.028478989 -0.944251359 -13.573226929 -0.018466910 0.999547780 0.023732159 -2.769714355 0.944500208 0.009653461 0.328368962 239.215270996
0.370827198 0.033952702 -0.928081095 -13.859336853 -0.020515256 0.999387085 0.028364198 -2.769181013 0.928475320 0.008521599 0.371296465 239.354690552
0.415699601 0.038605683 -0.908682287 -14.160789490 -0.026084920 0.999193788 0.030517893 -2.764359713 0.909127891 0.011016629 0.416371465 239.517974854
0.462001264 0.041679893 -0.885899365 -14.421028137 -0.030986648 0.999043822 0.030843420 -2.758879185 0.886337817 0.013201349 0.462850988 239.691009521
0.509385645 0.043161575 -0.859455287 -14.703376770 -0.031061010 0.999012768 0.031760734 -2.753213406 0.859977603 0.010517088 0.510223389 239.900817871
0.557014227 0.042615902 -0.829408824 -14.978073120 -0.028878422 0.999072552 0.031939235 -2.751189232 0.830000699 0.006161410 0.557728291 240.142440796
0.605370522 0.040182211 -0.794928908 -15.249404907 -0.026688274 0.999188006 0.030182937 -2.755112410 0.795496285 0.002943418 0.605951369 240.400222778
0.651489615 0.036584530 -0.757774889 -15.479103088 -0.027035842 0.999321759 0.025002338 -2.751958370 0.758175611 0.004198318 0.652036905 240.678344727
0.698575854 0.031808149 -0.714828670 -15.732662201 -0.027948095 0.999462068 0.017161001 -2.738340139 0.714989960 0.007989840 0.699089050 240.976089478
0.743440390 0.030528473 -0.668105125 -15.978902817 -0.030760057 0.999461293 0.011440951 -2.731189251 0.668094456 0.012045283 0.743978977 241.308151245
0.786646545 0.030555189 -0.616647065 -16.208805084 -0.032770723 0.999433100 0.007717362 -2.721293449 0.616533339 0.014137134 0.787201881 241.647369385
0.825551391 0.030309428 -0.563512444 -16.422603607 -0.031314973 0.999478459 0.007881819 -2.717003107 0.563457489 0.011139530 0.826069951 242.036926270
0.859550714 0.027873170 -0.510289788 -16.617345810 -0.027916251 0.999581575 0.007576228 -2.720305920 0.510287464 0.007733225 0.859969139 242.446487427
0.889286995 0.023090422 -0.456766337 -16.815324783 -0.022540877 0.999723792 0.006652714 -2.713299751 0.456793785 0.004379742 0.889561832 242.897445679
0.914466500 0.020288914 -0.404152721 -16.965936661 -0.019812135 0.999789357 0.005362097 -2.716684818 0.404176384 0.003103670 0.914675832 243.353088379
0.935251594 0.017293451 -0.353560984 -17.100959778 -0.017612915 0.999842227 0.002314211 -2.718967915 0.353545189 0.004062870 0.935408592 243.830017090
0.951955259 0.016160052 -0.305810541 -17.230377197 -0.017878504 0.999836206 -0.002819162 -2.716305494 0.305714875 0.008151150 0.952088237 244.320480347
0.965403616 0.015899148 -0.260275066 -17.338008881 -0.018065955 0.999819160 -0.005934745 -2.717009544 0.260133654 0.010431542 0.965516269 244.843887329
0.975758851 0.015579985 -0.218293324 -17.435348511 -0.017282864 0.999833286 -0.005893539 -2.726510525 0.218165115 0.009523407 0.975865424 245.390258789
0.983235180 0.015921358 -0.181645527 -17.512527466 -0.017194130 0.999837399 -0.005434230 -2.736429930 0.181529477 0.008466363 0.983349085 245.944274902
0.988588989 0.015078293 -0.149881676 -17.575872421 -0.015999408 0.999859810 -0.004941631 -2.741706371 0.149786144 0.007283260 0.988691568 246.521011353
0.992315650 0.012860615 -0.123061858 -17.637741089 -0.013570028 0.999895751 -0.004928235 -2.747984886 0.122985654 0.006560318 0.992386758 247.120529175
0.994745433 0.010073459 -0.101882733 -17.690277100 -0.010630055 0.999931395 -0.004921652 -2.754064083 0.101826161 0.005978810 0.994784236 247.738311768
0.996323884 0.008417925 -0.085251562 -17.734046936 -0.008837731 0.999950588 -0.004548115 -2.760847569 0.085209064 0.005284826 0.996349096 248.368438721
0.997335136 0.007287579 -0.072591141 -17.776674271 -0.007627544 0.999961197 -0.004407172 -2.768250942 0.072556213 0.004949120 0.997352064 249.021026611
0.997995257 0.007407607 -0.062854089 -17.821369171 -0.007755429 0.999955952 -0.005291639 -2.776480436 0.062812120 0.005768491 0.998008728 249.691696167
0.998435318 0.007475109 -0.055417228 -17.842502594 -0.007838469 0.999949157 -0.006342331 -2.784397602 0.055367000 0.006766794 0.998443127 250.366027832
0.998799384 0.006399937 -0.048567466 -17.877588272 -0.006778636 0.999947846 -0.007636707 -2.791699648 0.048516061 0.007956759 0.998790681 251.059448242
0.998975098 0.006007082 -0.044862982 -17.903673172 -0.006400360 0.999942303 -0.008627707 -2.797884464 0.044808567 0.008906003 0.998955905 251.773788452
0.999095798 0.005479286 -0.042161383 -17.932195663 -0.005828071 0.999949753 -0.008154151 -2.809323311 0.042114586 0.008392498 0.999077559 252.495162964
0.999176145 0.005298981 -0.040236309 -17.962833405 -0.005586301 0.999959648 -0.007031752 -2.819725752 0.040197425 0.007250731 0.999165475 253.238693237
0.999225914 0.005964062 -0.038884383 -17.996896744 -0.006158995 0.999969065 -0.004895286 -2.828337431 0.038853984 0.005130985 0.999231696 253.992004395
0.999263585 0.005547218 -0.037967723 -18.031219482 -0.005642083 0.999981225 -0.002391878 -2.837184429 0.037953742 0.002604333 0.999276102 254.762237549
0.999249101 0.004886531 -0.038436104 -18.061382294 -0.004953888 0.999986351 -0.001657403 -2.845858812 0.038427483 0.001846566 0.999259710 255.554687500
0.999174714 0.004391413 -0.040380225 -18.093193054 -0.004529446 0.999984205 -0.003327482 -2.851340294 0.040364977 0.003507636 0.999178827 256.353973389
0.999096930 0.002543835 -0.042413369 -18.123744965 -0.002837544 0.999972403 -0.006866150 -2.857312441 0.042394731 0.006980299 0.999076545 257.169036865
0.999027908 0.004580149 -0.043844141 -18.168039322 -0.005141010 0.999906301 -0.012687942 -2.868664265 0.043781921 0.012901011 0.998957813 257.982940674
0.998983443 0.006622067 -0.044589914 -18.204490662 -0.007361618 0.999837697 -0.016441885 -2.884706497 0.044473797 0.016753426 0.998870075 258.827209473
0.998955131 0.008662756 -0.044872705 -18.250497818 -0.009392051 0.999826789 -0.016067285 -2.898899078 0.044725746 0.016471945 0.998863518 259.676055908
0.998959422 0.009245946 -0.044661045 -18.293359756 -0.009688330 0.999906003 -0.009699075 -2.911504269 0.044567171 0.010121673 0.998955131 260.549316406
0.999009132 0.008797645 -0.043627951 -18.344217300 -0.008799679 0.999961257 0.000145431 -2.923973083 0.043627542 0.000238625 0.999047816 261.442321777
0.999036968 0.006622011 -0.043373130 -18.390077591 -0.006393928 0.999965012 0.005395258 -2.935800552 0.043407343 -0.005112737 0.999044359 262.337585449
0.999028683 0.002734306 -0.043979511 -18.428060532 -0.002607745 0.999992311 0.002934845 -2.941243649 0.043987196 -0.002817307 0.999028146 263.239868164
0.998984933 0.000316050 -0.045044784 -18.472110748 -0.000518884 0.999989808 -0.004491324 -2.943664551 0.045042906 0.004510138 0.998974860 264.154388428
0.998888850 -0.002761779 -0.047047351 -18.503707886 0.002229709 0.999933004 -0.011357964 -2.954354525 0.047075570 0.011240441 0.998828113 265.074035645
0.998821378 -0.002902989 -0.048450422 -18.549964905 0.002123890 0.999867737 -0.016124066 -2.964022160 0.048490822 0.016002158 0.998695433 266.012298584
0.998789310 -0.002814224 -0.049112573 -18.600917816 0.001996671 0.999858737 -0.016687645 -2.992765665 0.049152602 0.016569380 0.998653829 266.962432861
0.998761833 -0.000171915 -0.049747322 -18.649517059 -0.000570903 0.999888599 -0.014917209 -3.015939236 0.049744342 0.014927140 0.998650432 267.915130615
0.998770475 0.001674412 -0.049545214 -18.708879471 -0.002095419 0.999962151 -0.008446723 -3.033505917 0.049529191 0.008540155 0.998736143 268.886047363
0.998783767 0.002256489 -0.049252950 -18.759578705 -0.002315498 0.999996662 -0.001141056 -3.050513268 0.049250212 0.001253713 0.998785675 269.874114990
0.998790562 0.002007003 -0.049125839 -18.804002762 -0.001892328 0.999995351 0.002380722 -3.058709860 0.049130391 -0.002284881 0.998789787 270.886230469
0.998802304 0.000789629 -0.048921648 -18.854940414 -0.000782083 0.999999702 0.000173386 -3.063672543 0.048921771 -0.000134917 0.998802602 271.893676758
0.998807669 -0.001259379 -0.048801709 -18.907657623 0.001065657 0.999991477 -0.003995391 -3.070164204 0.048806325 0.003938621 0.998800516 272.903137207
0.998770237 -0.001974163 -0.049538549 -18.962808609 0.001596452 0.999969363 -0.007662983 -3.082667351 0.049552161 0.007574473 0.998742819 273.920257568
0.998744547 -0.003238152 -0.049988098 -19.015003204 0.002786414 0.999954700 -0.009103966 -3.097492933 0.050015312 0.008953249 0.998708308 274.950408936
0.998690903 -0.003392768 -0.051039379 -19.063741684 0.002941833 0.999956012 -0.008907582 -3.114680767 0.051067356 0.008745771 0.998656929 275.985656738
0.998614550 -0.004729535 -0.052407678 -19.121835709 0.004427001 0.999972880 -0.005887289 -3.131913424 0.052434102 0.005647123 0.998608410 277.023559570
0.998514652 -0.004453089 -0.054301687 -19.181180954 0.004311441 0.999987006 -0.002725389 -3.145979404 0.054313120 0.002487222 0.998520851 278.068847656
0.998372257 -0.006164326 -0.056699663 -19.223863602 0.005899824 0.999970913 -0.004831183 -3.159837484 0.056727797 0.004488801 0.998379588 279.102203369
0.998252630 -0.008582367 -0.058463629 -19.291599274 0.007988448 0.999914169 -0.010384926 -3.182291031 0.058547739 0.009899746 0.998235524 280.145172119
0.998183668 -0.007908386 -0.059723079 -19.363683701 0.007041554 0.999867022 -0.014710746 -3.200882196 0.059831474 0.014263483 0.998106599 281.196105957
0.998108983 -0.007780393 -0.060974468 -19.427253723 0.006844440 0.999855757 -0.015543776 -3.228011847 0.061086606 0.015097046 0.998018265 282.250579834
0.997981310 -0.005368534 -0.063281283 -19.497091293 0.004503628 0.999894619 -0.013802360 -3.257816076 0.063348711 0.013489502 0.997900307 283.306762695
0.997920752 -0.004040181 -0.064326428 -19.575006485 0.003387919 0.999941766 -0.010245739 -3.281007767 0.064364076 0.010006503 0.997876287 284.356109619
0.997820675 -0.002334082 -0.065943144 -19.649946213 0.002020314 0.999986351 -0.004824434 -3.305055857 0.065953501 0.004680694 0.997811735 285.411560059
0.997741282 -0.000316446 -0.067173332 -19.731229782 0.000259508 0.999999583 -0.000856361 -3.327798843 0.067173578 0.000836995 0.997740924 286.462219238
0.997703731 0.001889835 -0.067702964 -19.809822083 -0.001919004 0.999998093 -0.000365810 -3.341084480 0.067702144 0.000494892 0.997705460 287.495239258
0.997683108 0.002438829 -0.067988463 -19.887485504 -0.002545783 0.999995649 -0.001486526 -3.359195948 0.067984536 0.001656166 0.997685015 288.552307129
0.997680724 0.001248725 -0.068056256 -19.955764771 -0.001502412 0.999992132 -0.003676557 -3.374385357 0.068051130 0.003770278 0.997674704 289.601440430
0.997698188 0.001756567 -0.067787901 -20.035776138 -0.002225813 0.999974072 -0.006847369 -3.398126364 0.067774117 0.006982491 0.997676253 290.624206543
0.997674406 0.000577194 -0.068157725 -20.103557587 -0.001314624 0.999941111 -0.010775118 -3.418653011 0.068147495 0.010839662 0.997616351 291.655792236
0.997660160 0.000980808 -0.068361141 -20.174320221 -0.001829868 0.999921978 -0.012358705 -3.440848589 0.068343684 0.012454879 0.997584105 292.678436279
0.997713149 0.002029052 -0.067560397 -20.253599167 -0.002756140 0.999939263 -0.010670578 -3.465243340 0.067534648 0.010832381 0.997658134 293.707153320
0.997710407 0.004433691 -0.067485340 -20.328857422 -0.004935307 0.999961436 -0.007268063 -3.495160580 0.067450508 0.007584483 0.997693777 294.754089355
0.997757733 0.006003077 -0.066659659 -20.408683777 -0.006410972 0.999962032 -0.005906838 -3.513348579 0.066621661 0.006320947 0.997758269 295.776641846
0.997766078 0.007856267 -0.066340789 -20.486274719 -0.008206142 0.999953806 -0.005003051 -3.533560991 0.066298425 0.005536277 0.997784495 296.809356689
0.997766852 0.009497483 -0.066114277 -20.556758881 -0.009600363 0.999953151 -0.001238550 -3.548507214 0.066099413 0.001870505 0.997811317 297.826568604
0.997806311 0.011321428 -0.065225556 -20.631072998 -0.011101668 0.999931395 0.003730712 -3.565725565 0.065263316 -0.002998415 0.997863591 298.841644287
0.997759759 0.013948639 -0.065428585 -20.695194244 -0.013719479 0.999898076 0.003950466 -3.580463171 0.065477021 -0.003043970 0.997849464 299.861572266
0.997752368 0.016541293 -0.064935178 -20.773910522 -0.016650543 0.999860704 -0.001141614 -3.595115423 0.064907253 0.002220254 0.997888803 300.857116699
0.997715235 0.018984839 -0.064837746 -20.847993851 -0.019421054 0.999792755 -0.006104087 -3.599148512 0.064708427 0.007349358 0.997877121 301.876892090
0.997719944 0.021698937 -0.063907035 -20.929418564 -0.022319119 0.999710321 -0.009006483 -3.611831903 0.063693091 0.010412295 0.997915208 302.880187988
0.997633338 0.025024641 -0.064042814 -20.993021011 -0.025698865 0.999622405 -0.009725568 -3.638558388 0.063775256 0.011348379 0.997899771 303.890716553
0.997590661 0.027342774 -0.063759349 -21.065382004 -0.028093366 0.999545813 -0.010905454 -3.658844709 0.063432202 0.012670394 0.997905731 304.898742676
0.997592330 0.027593298 -0.063624859 -21.141124725 -0.028257214 0.999554992 -0.009558542 -3.684565067 0.063332796 0.011333389 0.997928083 305.920196533
0.997590601 0.027718510 -0.063597716 -21.214729309 -0.028225757 0.999576449 -0.007091144 -3.702871323 0.063374221 0.008869153 0.997950435 306.928833008
0.997603416 0.027071700 -0.063675560 -21.281604767 -0.027472518 0.999607801 -0.005427440 -3.720227480 0.063503653 0.007163760 0.997955918 307.946868896
0.997592568 0.027191792 -0.063794009 -21.347085953 -0.027555265 0.999608636 -0.004824535 -3.739450932 0.063637860 0.006570781 0.997951448 308.975311279
0.997559190 0.028195174 -0.063880175 -21.412158966 -0.028599098 0.999576271 -0.005417421 -3.754926443 0.063700363 0.007231114 0.997942865 309.998168945
0.997610688 0.027993605 -0.063160986 -21.474887848 -0.028367456 0.999584913 -0.005029875 -3.771109343 0.062993966 0.006809573 0.997990668 311.025146484
0.997719347 0.027558558 -0.061617125 -21.553234100 -0.027906941 0.999598980 -0.004800412 -3.791084290 0.061460122 0.006509010 0.998088300 312.074401855
0.997773826 0.027177326 -0.060899891 -21.621284485 -0.027549494 0.999606490 -0.005279670 -3.806515217 0.060732439 0.006945678 0.998129904 313.110656738
0.997791886 0.027753823 -0.060341168 -21.688112259 -0.028144807 0.999587953 -0.005639150 -3.816822052 0.060159795 0.007324988 0.998161912 314.145172119
0.997800469 0.027314920 -0.060399953 -21.741632462 -0.027582482 0.999613047 -0.003600347 -3.842959404 0.060278237 0.005258408 0.998167753 315.217346191
0.997880936 0.026076805 -0.059612185 -21.813686371 -0.026412059 0.999639392 -0.004842778 -3.862882376 0.059464402 0.006406996 0.998209894 316.272644043
0.997840643 0.026987709 -0.059880868 -21.876321793 -0.027600044 0.999574661 -0.009422317 -3.878681898 0.059601109 0.011054686 0.998161077 317.328582764
0.997839212 0.026638115 -0.060060732 -21.944496155 -0.027447544 0.999542654 -0.012692218 -3.894297361 0.059695169 0.014313312 0.998114049 318.390380859
0.997878075 0.025171557 -0.060048051 -22.016265869 -0.025823720 0.999615371 -0.010109351 -3.915412664 0.059770491 0.011638563 0.998144269 319.469116211
0.997870266 0.025905121 -0.059865441 -22.088022232 -0.026268229 0.999640942 -0.005286260 -3.933829308 0.059707005 0.006847561 0.998192430 320.545074463
0.997886896 0.026238520 -0.059441328 -22.156297684 -0.026422158 0.999648213 -0.002305400 -3.953407526 0.059359927 0.003871097 0.998229146 321.619415283
0.997941613 0.025591504 -0.058801841 -22.228639603 -0.025662100 0.999670565 -0.000445641 -3.964779854 0.058771063 0.001953702 0.998269558 322.692993164
0.997928679 0.026186552 -0.058758553 -22.292966843 -0.026143108 0.999657094 0.001508110 -3.980247498 0.058777895 0.000031145 0.998271108 323.773895264
0.997989655 0.024014050 -0.058651704 -22.365497589 -0.023953103 0.999711573 0.001742056 -3.992514133 0.058676619 -0.000333663 0.998277009 324.855010986
0.998030305 0.021457350 -0.058949880 -22.427083969 -0.021505855 0.999768734 -0.000188451 -4.003513336 0.058932200 0.001455847 0.998260915 325.913879395
0.998022974 0.020144476 -0.059534796 -22.489099503 -0.020361358 0.999788046 -0.003038522 -4.022837162 0.059460968 0.004244724 0.998221636 326.985534668
0.998049378 0.017796231 -0.059839342 -22.556642532 -0.018090513 0.999826789 -0.004379674 -4.039458752 0.059751034 0.005453655 0.998198390 328.047882080
0.998054981 0.016291635 -0.060173705 -22.625211716 -0.016502706 0.999859273 -0.003012385 -4.056860447 0.060116161 0.003999555 0.998183370 329.112274170
0.998087287 0.014087684 -0.060194179 -22.693948746 -0.014118440 0.999900341 -0.000085637 -4.070256233 0.060186975 0.000935321 0.998186707 330.171112061
0.998077095 0.011457100 -0.060916789 -22.752170563 -0.011283869 0.999931276 0.003186995 -4.082666397 0.060949117 -0.002493490 0.998137772 331.233337402
0.998092651 0.007955434 -0.061219230 -22.818508148 -0.007690294 0.999960005 0.004565390 -4.094779491 0.061253101 -0.004085888 0.998113930 332.292236328
0.998086095 0.005055036 -0.061633009 -22.882904053 -0.004965290 0.999986351 0.001609208 -4.105804443 0.061640304 -0.001300102 0.998097599 333.330261230
0.998071969 0.001470709 -0.062050242 -22.946508408 -0.001677137 0.999993205 -0.003274831 -4.109786987 0.062045004 0.003372584 0.998067677 334.363098145
0.998044848 -0.000167969 -0.062502071 -23.009122849 -0.000089107 0.999991536 -0.004110272 -4.131072998 0.062502235 0.004107805 0.998036385 335.403991699
0.998030961 -0.001654701 -0.062701069 -23.085361481 0.001485659 0.999995112 -0.002742528 -4.151560783 0.062705301 0.002643976 0.998028576 336.439697266
0.997952342 -0.003252814 -0.063878894 -23.146598816 0.003210295 0.999994576 -0.000768240 -4.169846535 0.063881047 0.000561597 0.997957349 337.439819336
0.997863531 -0.004803698 -0.065156206 -23.206016541 0.004954128 0.999985397 0.002147389 -4.186644554 0.065144941 -0.002465593 0.997872770 338.457855225
0.997779906 -0.006944826 -0.066234976 -23.270782471 0.007263036 0.999963224 0.004564655 -4.196510792 0.066200837 -0.005035588 0.997793615 339.460693359
0.997687340 -0.008559091 -0.067429751 -23.333738327 0.008979798 0.999942064 0.005938572 -4.211529732 0.067375012 -0.006530343 0.997706354 340.451568604
0.997606456 -0.010729714 -0.068309970 -23.405803680 0.011087760 0.999926686 0.004864492 -4.223814011 0.068252772 -0.005610254 0.997652292 341.445098877
0.997513890 -0.012034829 -0.069435120 -23.477523804 0.012286399 0.999919415 0.003197149 -4.230619431 0.069391042 -0.004042308 0.997581363 342.414764404
0.997454762 -0.012074773 -0.070272043 -23.549913406 0.012224719 0.999923825 0.001704105 -4.245366096 0.070246115 -0.002558823 0.997526407 343.389678955
0.997383833 -0.011101161 -0.071430042 -23.614328384 0.011214647 0.999936402 0.001187901 -4.256317139 0.071412317 -0.001985856 0.997444928 344.351867676
0.997329891 -0.010921475 -0.072207123 -23.687570572 0.011037317 0.999938369 0.001205469 -4.267962456 0.072189502 -0.001999223 0.997388959 345.290832520
0.997320473 -0.010172860 -0.072445996 -23.763151169 0.010353416 0.999944150 0.002117193 -4.284244537 0.072420411 -0.002861584 0.997370064 346.216461182
0.997284591 -0.008436935 -0.073158927 -23.839576721 0.008704774 0.999956548 0.003342990 -4.296770573 0.073127538 -0.003970744 0.997314692 347.142578125
0.997260630 -0.006748023 -0.073659554 -23.908470154 0.006918656 0.999973953 0.002061583 -4.308531761 0.073643722 -0.002565561 0.997281313 348.067016602
0.997279227 -0.005759696 -0.073491156 -23.983304977 0.005766092 0.999983370 -0.000125127 -4.321782112 0.073490657 -0.000298970 0.997295856 348.955932617
0.997302651 -0.006812233 -0.073082633 -24.050127029 0.006714432 0.999976218 -0.001583835 -4.332121849 0.073091686 0.001088855 0.997324646 349.835723877
0.997401774 -0.006123258 -0.071778752 -24.114162445 0.006099884 0.999981225 -0.000544841 -4.350360870 0.071780741 0.000105584 0.997420430 350.706573486
0.997531056 -0.005358198 -0.070022270 -24.178712845 0.005362364 0.999985635 -0.000128484 -4.365493774 0.070021950 -0.000247318 0.997545421 351.552185059
0.997637570 -0.007231276 -0.068315685 -24.234655380 0.007334133 0.999972343 0.001254927 -4.378646851 0.068304718 -0.001752999 0.997662961 352.391021729
0.997702539 -0.009149621 -0.067125954 -24.279764175 0.009261402 0.999956191 0.001354240 -4.390677929 0.067110620 -0.001972809 0.997743607 353.201110840
0.997837782 -0.009293448 -0.065064453 -24.340141296 0.009492651 0.999951124 0.002753125 -4.409539700 0.065035686 -0.003364806 0.997877240 353.993041992
0.997920692 -0.012289804 -0.063270949 -24.386278152 0.012604616 0.999910057 0.004578833 -4.418517590 0.063208990 -0.005366818 0.997985899 354.765258789
0.998014033 -0.012736318 -0.061691135 -24.432680130 0.013144252 0.999894321 0.006211189 -4.426716328 0.061605509 -0.007009738 0.998075962 355.511291504
0.998136520 -0.010605679 -0.060092039 -24.475156784 0.011094338 0.999908030 0.007804028 -4.438227654 0.060003746 -0.008456167 0.998162329 356.232360840
0.998206556 -0.011009851 -0.058842201 -24.511917114 0.011491849 0.999903083 0.007859241 -4.447643280 0.058749970 -0.008521352 0.998236358 356.932861328
0.998300374 -0.011214033 -0.057189692 -24.558118820 0.011487079 0.999924123 0.004447875 -4.459670544 0.057135474 -0.005097257 0.998353422 357.608764648
0.998376787 -0.011415954 -0.055798110 -24.596603394 0.011381679 0.999934793 -0.000932017 -4.472868919 0.055805109 0.000295428 0.998441637 358.254577637
0.998435855 -0.011079986 -0.054800570 -24.628583908 0.010908716 0.999934614 -0.003423472 -4.481663227 0.054834921 0.002820314 0.998491466 358.885437012
0.998491883 -0.010949581 -0.053796843 -24.664442062 0.010813803 0.999937594 -0.002814342 -4.490434170 0.053824302 0.002228349 0.998547912 359.497741699
0.998522580 -0.010916003 -0.053230245 -24.701238632 0.010944175 0.999940097 0.000237773 -4.498281002 0.053224459 -0.000819983 0.998582244 360.088592529
0.998497963 -0.011016018 -0.053670034 -24.729114532 0.011226879 0.999930382 0.003628923 -4.514150143 0.053626321 -0.004226019 0.998552144 360.659790039
0.998384655 -0.010992321 -0.055743154 -24.758132935 0.011295003 0.999923110 0.005117778 -4.528223038 0.055682611 -0.005739130 0.998432040 361.206542969
0.998160899 -0.009325551 -0.059898552 -24.785865784 0.009489490 0.999951959 0.002453067 -4.533746719 0.059872799 -0.003016962 0.998201430 361.733276367
0.997833371 -0.008501104 -0.065240122 -24.834768295 0.008443934 0.999963701 -0.001151989 -4.547622681 0.065247551 0.000598609 0.997868955 362.208282471
0.997250319 -0.007589218 -0.073716991 -24.883329391 0.007326794 0.999965847 -0.003829661 -4.553582191 0.073743537 0.003279022 0.997271836 362.684326172
0.996288776 -0.007738200 -0.085725002 -24.934024811 0.007344214 0.999960959 -0.004910350 -4.558051586 0.085759655 0.004262544 0.996306717 363.144409180
0.994802117 -0.007413017 -0.101556592 -24.986427307 0.006874979 0.999960423 -0.005646898 -4.570325851 0.101594433 0.004919346 0.994813740 363.595092773
0.992757440 -0.005644666 -0.120003305 -25.056585312 0.004919392 0.999967813 -0.006339172 -4.581816196 0.120035224 0.005702917 0.992753267 364.022949219
0.989956737 -0.002721196 -0.141344637 -25.150485992 0.001927595 0.999981582 -0.005751266 -4.590072632 0.141357690 0.005421049 0.989943743 364.456085205
0.986025751 0.000042719 -0.166592985 -25.253789902 -0.000627382 0.999993801 -0.003456903 -4.595839500 0.166591808 0.003513112 0.986019671 364.881591797
0.980716765 0.000156239 -0.195434347 -25.372339249 -0.000045499 0.999999821 0.000571124 -4.605211735 0.195434406 -0.000551219 0.980716646 365.294982910
0.973109782 -0.000813831 -0.230340362 -25.472602844 0.001342186 0.999996841 0.002137121 -4.609933376 0.230337903 -0.002388813 0.973107755 365.707366943
0.963144004 -0.000631054 -0.268985569 -25.619512558 0.001352051 0.999995947 0.002495185 -4.613887787 0.268982917 -0.002766904 0.963140965 366.105346680
0.950642765 0.003182466 -0.310271233 -25.789752960 -0.001821565 0.999987423 0.004675807 -4.622529030 0.310282230 -0.003879843 0.950636566 366.482391357
0.935649157 0.007585115 -0.352849960 -25.982814789 -0.005033543 0.999954104 0.008148327 -4.621761799 0.352895588 -0.005847890 0.935644448 366.857269287
0.918202162 0.011262110 -0.395951927 -26.169397354 -0.006702110 0.999894381 0.012898103 -4.625645638 0.396055371 -0.009189353 0.918180645 367.191925049
0.897647619 0.011873143 -0.440553904 -26.387701035 -0.004761409 0.999839962 0.017244598 -4.619450092 0.440688133 -0.013381915 0.897560537 367.546936035
0.873876631 0.016290177 -0.485874742 -26.554733276 -0.006328011 0.999734938 0.022137305 -4.628185272 0.486106575 -0.016270652 0.873748064 367.825042725
0.845883846 0.022913741 -0.532874823 -26.818960190 -0.011146502 0.999617994 0.025289888 -4.623163223 0.533250749 -0.015452618 0.845816135 368.156188965
0.813848376 0.030800436 -0.580260456 -27.078241348 -0.016162205 0.999407709 0.030380514 -4.626700878 0.580852509 -0.015346842 0.813864112 368.455566406
0.778207779 0.035297304 -0.627014220 -27.379737854 -0.016541069 0.999224901 0.035720974 -4.606513500 0.627789080 -0.017426854 0.778188407 368.790618896
0.738675594 0.036122125 -0.673092604 -27.690196991 -0.011563597 0.999095201 0.040927056 -4.594853401 0.673961937 -0.022448450 0.738424957 369.101440430
0.696150601 0.034031652 -0.717088699 -28.031749725 -0.003863204 0.999038875 0.043662068 -4.581673145 0.717885435 -0.027625116 0.695613027 369.383575439
0.649139166 0.034212850 -0.759899914 -28.378349304 0.003376426 0.998848557 0.047855288 -4.569191933 0.760662198 -0.033630490 0.648276210 369.666748047
0.599392056 0.034258440 -0.799722135 -28.780174255 0.010230636 0.998674214 0.050448999 -4.554720402 0.800390244 -0.038420394 0.598246872 369.925354004
0.545006275 0.030533168 -0.837875903 -29.170112610 0.019024912 0.998629034 0.048766185 -4.529103279 0.838216126 -0.042518392 0.543678224 370.152130127
0.487912714 0.026713101 -0.872483671 -29.649963379 0.026680296 0.998608232 0.045494933 -4.507356644 0.872484684 -0.045475680 0.486520946 370.390380859
0.426353335 0.024763027 -0.904217780 -30.117111206 0.028222652 0.998774350 0.040660009 -4.488657951 0.904116392 -0.042854954 0.425131917 370.582153320
0.363542914 0.023113739 -0.931290746 -30.621795654 0.028310955 0.998956263 0.035844732 -4.466739655 0.931147218 -0.039396830 0.362509072 370.724029541
0.298764288 0.019393144 -0.954129875 -31.141571045 0.031672616 0.999041259 0.030223556 -4.448524475 0.953801215 -0.039249506 0.297863603 370.842926025
0.232181609 0.015328857 -0.972551703 -31.653945923 0.044292320 0.998672009 0.026314655 -4.426094055 0.971663475 -0.049186349 0.231194317 370.957092285
0.167639613 0.020305838 -0.985639334 -32.197357178 0.046613593 0.998506367 0.028499071 -4.408966064 0.984745860 -0.050721761 0.166442692 371.021911621
0.108087420 0.030041754 -0.993687391 -32.746368408 0.039430872 0.998627245 0.034480155 -4.395023346 0.993359089 -0.042908832 0.106754482 371.026458740
0.053427458 0.038202975 -0.997840822 -33.298004150 0.029229697 0.998779893 0.039803986 -4.386065483 0.998143971 -0.031293213 0.052245617 371.016723633
0.005398571 0.041672990 -0.999116778 -33.865814209 0.019799968 0.998930931 0.041772228 -4.369569778 0.999789417 -0.020007990 0.004567683 370.975585938
-0.034445047 0.043814376 -0.998445809 -34.441314697 0.015346186 0.998943925 0.043306820 -4.351648331 0.999288857 -0.013830635 -0.035081029 370.917968750
-0.063918233 0.050019398 -0.996700943 -35.025482178 0.012602054 0.998703957 0.049311757 -4.334015846 0.997875690 -0.009408564 -0.064465761 370.840087891
-0.084650755 0.055335306 -0.994873166 -35.647094727 0.010895698 0.998448491 0.054607093 -4.297790527 0.996351242 -0.006217318 -0.085122347 370.774688721
-0.101112485 0.057403740 -0.993217587 -36.254669189 0.008888023 0.998346269 0.056795336 -4.276748657 0.994835377 -0.003085032 -0.101455450 370.695831299
-0.110865712 0.051956106 -0.992476404 -36.865570068 0.004112474 0.998647988 0.051819801 -4.253330231 0.993826926 0.001663505 -0.110929489 370.607635498
-0.115409017 0.040861189 -0.992477298 -37.485961914 0.000560037 0.999156058 0.041071039 -4.233354092 0.993317962 0.004184141 -0.115334511 370.512725830
-0.118212819 0.028170185 -0.992588699 -38.117797852 -0.000224651 0.999596715 0.028395833 -4.199393272 0.992988348 0.003579734 -0.118158817 370.436767578
-0.118419647 0.023983913 -0.992673993 -38.755523682 0.002994682 0.999712348 0.023796720 -4.178184032 0.992959142 -0.000154746 -0.118457437 370.368194580
-0.117035627 0.027575273 -0.992744923 -39.418884277 0.006062008 0.999615669 0.027051467 -4.161914349 0.993109286 -0.002852045 -0.117157698 370.294250488
-0.115692258 0.033046983 -0.992735147 -40.094268799 0.008861774 0.999440968 0.032237466 -4.150484085 0.993245542 -0.005067769 -0.115920424 370.214599609
-0.115128160 0.034960631 -0.992735445 -40.781402588 0.007567023 0.999382317 0.034317166 -4.133834362 0.993322015 -0.003561183 -0.115321636 370.133483887
-0.114256144 0.034111656 -0.992865562 -41.482788086 0.004514706 0.999417841 0.033817235 -4.113558292 0.993441105 -0.000618669 -0.114343643 370.051849365
-0.112860084 0.033013470 -0.993062437 -42.186950684 0.000220256 0.999448657 0.033200748 -4.091433525 0.993610978 0.003528306 -0.112805128 369.964782715
-0.109310389 0.031017054 -0.993523657 -42.910369873 -0.004253773 0.999489307 0.031671312 -4.075300217 0.993998587 0.007688225 -0.109122634 369.874694824
-0.104916811 0.029701607 -0.994037390 -43.640228271 -0.007463704 0.999502242 0.030652661 -4.056487083 0.994453013 0.010635179 -0.104642868 369.795196533
-0.100753903 0.029956466 -0.994460344 -44.391174316 -0.010241908 0.999462426 0.031144807 -4.035783768 0.994858682 0.013323131 -0.100392938 369.719116211
-0.096100092 0.033105988 -0.994820952 -45.159210205 -0.011605251 0.999341547 0.034377497 -4.014765263 0.995303988 0.014848826 -0.095652580 369.638702393
-0.091670990 0.036485467 -0.995120823 -45.933319092 -0.014635408 0.999171257 0.037982196 -3.989698410 0.995681882 0.018045861 -0.091061115 369.557128906
-0.088443279 0.038309950 -0.995344341 -46.747467041 -0.015792331 0.999080598 0.039857015 -3.969681740 0.995956123 0.019243885 -0.087756991 369.486175537
-0.085638642 0.036692470 -0.995650411 -47.567443848 -0.016318414 0.999135911 0.038224511 -3.943624973 0.996192694 0.019520927 -0.084965825 369.415405273
-0.082346201 0.033986170 -0.996024132 -48.396850586 -0.014924393 0.999264240 0.035330601 -3.911934376 0.996492028 0.017774396 -0.081778288 369.346923828
-0.078574300 0.034840919 -0.996299267 -49.244293213 -0.012822133 0.999271095 0.035956077 -3.881296158 0.996825814 0.015599906 -0.078070283 369.278442383
-0.076031327 0.039349612 -0.996328712 -50.117095947 -0.012720475 0.999101400 0.040429838 -3.851576328 0.997024298 0.015747707 -0.075462461 369.217224121
-0.072258115 0.044930033 -0.996373653 -50.991943359 -0.011980134 0.998873651 0.045911588 -3.822866440 0.997314215 0.015254164 -0.071638465 369.141204834
-0.069403648 0.049854182 -0.996342301 -51.887969971 -0.010674706 0.998656213 0.050713550 -3.788857460 0.997531712 0.014155355 -0.068778157 369.076538086
-0.066839814 0.051310252 -0.996443689 -52.779693604 -0.009731995 0.998595834 0.052073888 -3.749016762 0.997716427 0.013177985 -0.066246510 369.019897461
-0.064014196 0.050233144 -0.996684074 -53.681488037 -0.011715111 0.998625696 0.051083438 -3.714135170 0.997880399 0.014946321 -0.063337684 368.950256348
-0.062158227 0.045876004 -0.997011364 -54.583801270 -0.014271190 0.998800099 0.046848036 -3.682859421 0.997964263 0.017140530 -0.061428905 368.889739990
-0.060985446 0.042625841 -0.997228146 -55.490325928 -0.012962546 0.998969615 0.043493006 -3.649434566 0.998054564 0.015579049 -0.060370088 368.828796387
-0.060586452 0.042277537 -0.997267246 -56.405639648 -0.012634967 0.998990059 0.043118179 -3.616539955 0.998082995 0.015212814 -0.059991121 368.770141602
-0.060685515 0.043006968 -0.997230113 -57.332397461 -0.012419805 0.998961449 0.043837436 -3.584862232 0.998079777 0.015045693 -0.060088277 368.707427979
-0.061797023 0.044121511 -0.997113109 -58.254058838 -0.011180338 0.998929143 0.044894785 -3.558060169 0.998026133 0.013922422 -0.061237574 368.658050537
-0.062969923 0.045044560 -0.996998310 -59.177886963 -0.010858254 0.998890877 0.045815870 -3.526335716 0.997956276 0.013710687 -0.062411070 368.597076416
-0.063930869 0.045589861 -0.996912539 -60.096038818 -0.013140271 0.998830914 0.046520259 -3.495810986 0.997867942 0.016073773 -0.063256979 368.527557373
-0.065379500 0.046480201 -0.996777356 -61.023101807 -0.016032988 0.998736680 0.047623180 -3.464385033 0.997731686 0.019094897 -0.064551711 368.465637207
-0.066384196 0.046666391 -0.996702373 -61.936218262 -0.017154997 0.998704672 0.047902729 -3.433606148 0.997646749 0.020278404 -0.065497756 368.397796631
-0.067467093 0.047134664 -0.996607542 -62.847930908 -0.016651478 0.998691142 0.048360463 -3.402206421 0.997582555 0.019857725 -0.066593885 368.335052490
-0.069046497 0.046237890 -0.996541500 -63.756683350 -0.017999023 0.998704970 0.047585361 -3.371541023 0.997451186 0.021222368 -0.068124890 368.264862061
-0.070517063 0.044186022 -0.996531487 -64.665679932 -0.018439829 0.998789966 0.045591012 -3.340787888 0.997340143 0.021590814 -0.069616914 368.190093994
-0.073303461 0.042961627 -0.996384025 -65.573577881 -0.016759707 0.998877585 0.044302151 -3.310904503 0.997168958 0.019946599 -0.072501183 368.122467041
-0.077254295 0.045487106 -0.995973408 -66.482238770 -0.017094845 0.998751402 0.046939973 -3.282212734 0.996864974 0.020652318 -0.076380253 368.041168213
-0.081257343 0.049513694 -0.995462656 -67.402832031 -0.018283313 0.998523176 0.051158350 -3.248058796 0.996525586 0.022357333 -0.080232024 367.962341309
-0.085162878 0.051674001 -0.995026231 -68.315429688 -0.019758599 0.998370290 0.053538777 -3.213510036 0.996171176 0.024219833 -0.084003091 367.876495361
-0.088312507 0.049508829 -0.994861782 -69.217590332 -0.024480710 0.998354495 0.051855758 -3.177948475 0.995792031 0.028934427 -0.086955190 367.781921387
-0.090711355 0.047991913 -0.994720221 -70.116210938 -0.027918348 0.998323023 0.050711691 -3.142549992 0.995485902 0.032371067 -0.089219451 367.684814453
-0.093022108 0.043608055 -0.994708717 -71.012237549 -0.027629308 0.998542607 0.046359945 -3.110762119 0.995280743 0.031795602 -0.091681719 367.593536377
-0.094606638 0.040939569 -0.994672775 -71.898529053 -0.025035515 0.998740196 0.043488197 -3.079452515 0.995200098 0.029016405 -0.093462467 367.506591797
-0.095642567 0.043089624 -0.994482696 -72.802490234 -0.025208466 0.998637378 0.045694020 -3.050021648 0.995096505 0.029439677 -0.094426036 367.415588379
-0.096001029 0.045048859 -0.994361341 -73.704650879 -0.026190251 0.998515129 0.047765594 -3.020336151 0.995036662 0.030628117 -0.094678640 367.318725586
-0.095358968 0.046924993 -0.994336426 -74.596862793 -0.025215680 0.998453915 0.049537543 -2.990402222 0.995123625 0.029796708 -0.094028354 367.231445312
-0.094391704 0.042640589 -0.994621694 -75.498901367 -0.026847612 0.998609900 0.045359466 -2.958619118 0.995173216 0.030984763 -0.093115807 367.149291992
-0.091005802 0.041123945 -0.995001018 -76.385253906 -0.028596817 0.998627007 0.043889370 -2.925996542 0.995439768 0.032448042 -0.089704871 367.057708740
-0.088081002 0.041197613 -0.995261192 -77.274414062 -0.031544339 0.998527884 0.044124521 -2.895813942 0.995613933 0.035281375 -0.086651802 366.980438232
-0.083653331 0.043916713 -0.995526791 -78.171386719 -0.032440659 0.998378813 0.046768498 -2.873061657 0.995966792 0.036207881 -0.082093000 366.900299072
-0.078995943 0.045130618 -0.995852828 -79.058959961 -0.033984695 0.998272121 0.047936089 -2.839385033 0.996295452 0.037630506 -0.077325702 366.823944092
-0.073679090 0.046761829 -0.996185064 -79.944305420 -0.034476683 0.998183548 0.049405579 -2.810990334 0.996685863 0.037985321 -0.071933031 366.750335693
-0.068373680 0.047491420 -0.996528924 -80.828002930 -0.034064781 0.998172760 0.049907014 -2.779654503 0.997078180 0.037358858 -0.066630960 366.683044434
-0.063609719 0.048388042 -0.996801078 -81.715606689 -0.034047287 0.998137176 0.050625589 -2.748424530 0.997393906 0.037158657 -0.061843753 366.635467529
-0.058092713 0.047282483 -0.997190833 -82.589782715 -0.033448480 0.998224735 0.049280092 -2.716217518 0.997750700 0.036217332 -0.056408048 366.578613281
-0.052996278 0.045339756 -0.997564912 -83.473907471 -0.033727754 0.998317480 0.047165770 -2.685590744 0.998025000 0.036145229 -0.051377892 366.530303955
-0.047872305 0.043772914 -0.997894049 -84.344329834 -0.034453806 0.998372436 0.045446761 -2.657693386 0.998259246 0.036556877 -0.046286225 366.479064941
-0.043326735 0.042545166 -0.998154700 -85.216644287 -0.034650709 0.998427749 0.044060882 -2.628852367 0.998459935 0.036495779 -0.041784286 366.452819824
-0.038305163 0.043306116 -0.998327315 -86.090148926 -0.034416210 0.998410583 0.044630259 -2.602386951 0.998673260 0.036068209 -0.036753893 366.418457031
-0.033515096 0.044509955 -0.998446703 -86.967926025 -0.035255708 0.998333395 0.045688346 -2.569350243 0.998816252 0.036732189 -0.031890035 366.390686035
-0.028708696 0.046530947 -0.998504400 -87.840545654 -0.035649732 0.998232782 0.047543280 -2.544856071 0.998952091 0.036961302 -0.026999116 366.357513428
-0.024603367 0.048686065 -0.998511076 -88.710937500 -0.035052516 0.998157203 0.049532510 -2.513005733 0.999082565 0.036218993 -0.022851467 366.340942383
-0.020995140 0.049922176 -0.998532474 -89.570465088 -0.032776222 0.998181343 0.050593778 -2.483244896 0.999242246 0.033790343 -0.019320726 366.321960449
-0.018105626 0.050540142 -0.998558044 -90.419830322 -0.030820342 0.998218775 0.051081799 -2.456814289 0.999361038 0.031700753 -0.016515613 366.309906006
-0.015763164 0.048894305 -0.998679578 -91.260406494 -0.029135456 0.998357058 0.049338385 -2.422000885 0.999451220 0.029874705 -0.014312625 366.298553467
-0.014063239 0.046545580 -0.998817146 -92.065948486 -0.025841361 0.998565376 0.046897687 -2.396015644 0.999567151 0.026470326 -0.012840271 366.288269043
-0.013046980 0.046338141 -0.998840749 -92.863311768 -0.022717364 0.998654068 0.046626221 -2.367772579 0.999656916 0.023299353 -0.011976719 366.285003662
-0.012787223 0.045988407 -0.998860240 -93.631958008 -0.021240201 0.998703897 0.046253126 -2.346491814 0.999692738 0.021807430 -0.011793852 366.271423340
-0.012816787 0.043990448 -0.998949766 -94.378967285 -0.017852543 0.998862505 0.044215661 -2.331029892 0.999758542 0.018400496 -0.012016892 366.261657715
-0.013824344 0.043393977 -0.998962402 -95.108367920 -0.015435304 0.998929560 0.043606155 -2.313850403 0.999785364 0.016022112 -0.013139725 366.251678467
-0.015778899 0.043082278 -0.998946965 -95.824249268 -0.012829455 0.998980343 0.043286368 -2.290766716 0.999793231 0.013498953 -0.015210032 366.242736816
-0.019255996 0.045301400 -0.998787820 -96.501922607 -0.010630115 0.998907268 0.045511760 -2.275624275 0.999758124 0.011493604 -0.018753409 366.224182129
-0.023518324 0.047638055 -0.998587728 -97.163879395 -0.008205460 0.998821199 0.047842443 -2.260703087 0.999689698 0.009319047 -0.023099661 366.210021973
-0.028815389 0.048548959 -0.998405099 -97.808959961 -0.006876663 0.998786569 0.048765983 -2.238114357 0.999561131 0.008270909 -0.028446674 366.192626953
-0.034497619 0.048239242 -0.998239994 -98.417144775 -0.004997209 0.998813629 0.048439663 -2.218447685 0.999392390 0.006659461 -0.034215569 366.166625977
-0.040919781 0.046226382 -0.998092651 -99.017669678 -0.003796092 0.998914778 0.046420097 -2.201913834 0.999155343 0.005688348 -0.040699840 366.135009766
-0.048183560 0.043929722 -0.997872114 -99.610870361 -0.002915974 0.999021947 0.044121146 -2.183373451 0.998834372 0.005035677 -0.048008323 366.101623535
-0.056054235 0.044210874 -0.997448385 -100.213165283 -0.003299454 0.999005497 0.044465311 -2.168005943 0.998422265 0.005783504 -0.055852652 366.058593750
-0.063435316 0.045231562 -0.996960521 -100.806884766 -0.001690919 0.998966098 0.045430146 -2.147334099 0.997984648 0.004567649 -0.063293338 366.017761230
-0.070790887 0.045515601 -0.996452212 -101.403594971 -0.002534823 0.998946965 0.045809638 -2.127975464 0.997488022 0.005768734 -0.070600986 365.968811035
-0.077407837 0.043134209 -0.996066093 -101.985473633 -0.003001471 0.999049067 0.043496646 -2.113982201 0.996995091 0.006356643 -0.077204823 365.907897949
-0.084220767 0.039073482 -0.995680809 -102.562896729 -0.004669045 0.999204457 0.039606698 -2.094474792 0.996436238 0.007984581 -0.083971381 365.849151611
-0.090650439 0.035974123 -0.995232880 -103.145599365 -0.003727749 0.999328077 0.036461692 -2.074651718 0.995875835 0.007015244 -0.090455413 365.791473389
-0.096628666 0.033214241 -0.994766176 -103.724243164 -0.003465457 0.999425769 0.033706442 -2.056437969 0.995314479 0.006704326 -0.096458077 365.718811035
-0.102218032 0.030783929 -0.994285583 -104.298828125 -0.003862398 0.999501228 0.031342488 -2.047040462 0.994754553 0.007044097 -0.102048159 365.658477783
-0.107733011 0.029578952 -0.993739784 -104.885955811 -0.005800503 0.999521613 0.030379893 -2.032289505 0.994162977 0.009037110 -0.107509971 365.586822510
-0.112235427 0.029270682 -0.993250549 -105.474426270 -0.007568737 0.999511898 0.030310458 -2.026392460 0.993652940 0.010919558 -0.111959100 365.504425049
-0.116756797 0.028827595 -0.992742121 -106.063415527 -0.006873113 0.999531269 0.029833090 -2.016016960 0.993136764 0.010306440 -0.116503835 365.424987793
-0.121317863 0.028438380 -0.992206275 -106.666412354 -0.005941996 0.999550760 0.029375421 -2.004230499 0.992595971 0.009459449 -0.121094465 365.361083984
-0.124764323 0.027293298 -0.991810918 -107.275939941 -0.006725084 0.999575377 0.028352942 -1.987924099 0.992163599 0.010207448 -0.124527812 365.271942139
-0.128455043 0.025109202 -0.991397560 -107.884674072 -0.012134486 0.999564767 0.026888316 -1.977697372 0.991641223 0.015484033 -0.128094435 365.182769775
-0.130578518 0.023704147 -0.991154730 -108.508850098 -0.015160304 0.999549508 0.025902195 -1.964975834 0.991322219 0.018408472 -0.130160332 365.085418701
-0.132181406 0.022959273 -0.990959644 -109.138000488 -0.015221187 0.999566793 0.025189003 -1.955303907 0.991108716 0.018413099 -0.131774664 365.007690430
-0.132805824 0.022480352 -0.990887105 -109.776336670 -0.013472483 0.999609411 0.024483915 -1.939311266 0.991050482 0.016601317 -0.132451057 364.921142578
-0.133217096 0.024171321 -0.990792215 -110.422637939 -0.014940443 0.999539971 0.026393551 -1.928212404 0.990974426 0.018318940 -0.132794738 364.831756592
-0.132738829 0.028177738 -0.990750492 -111.094329834 -0.014146966 0.999440134 0.030320263 -1.911820412 0.991050184 0.018040786 -0.132265925 364.734741211
-0.132243872 0.033630077 -0.990646541 -111.760986328 -0.017707845 0.999184608 0.036283791 -1.898800373 0.991059005 0.022340527 -0.131540537 364.639709473
-0.131763220 0.045710593 -0.990226805 -112.462310791 -0.019176763 0.998631775 0.048650313 -1.871649742 0.991095781 0.025399659 -0.130706310 364.545318604
-0.129645109 0.056048248 -0.989975214 -113.168548584 -0.022902077 0.997965574 0.059499841 -1.842473984 0.991296053 0.030386347 -0.128097773 364.443450928
-0.126853347 0.058441125 -0.990198493 -113.883239746 -0.023919551 0.997792363 0.061953630 -1.812596321 0.991633117 0.031544123 -0.125175476 364.349304199
-0.124055982 0.049877461 -0.991020918 -114.602661133 -0.028520679 0.998144031 0.053806175 -1.789226055 0.991865337 0.034939561 -0.122403145 364.256317139
-0.119160771 0.033205114 -0.992319584 -115.325347900 -0.030771671 0.998836994 0.037118360 -1.750412703 0.992398024 0.034958385 -0.118000388 364.163299561
-0.116103888 0.029149953 -0.992809415 -116.070343018 -0.033150807 0.998898625 0.033205550 -1.709649444 0.992683828 0.036767717 -0.115009665 364.075134277
-0.111343741 0.039821558 -0.992983937 -116.856628418 -0.031679451 0.998546779 0.043596875 -1.674669266 0.993277073 0.036311414 -0.109920382 363.985961914
-0.107238293 0.058749896 -0.992496192 -117.658050537 -0.032098122 0.997527659 0.062515907 -1.647472382 0.993715227 0.038561352 -0.105087399 363.895812988
-0.103374600 0.063082628 -0.992640197 -118.472839355 -0.030367488 0.997321367 0.066542625 -1.611901283 0.994178951 0.037022796 -0.101182103 363.817932129
-0.100555539 0.053406239 -0.993497133 -119.277923584 -0.029478926 0.997959971 0.056629814 -1.571022034 0.994494736 0.034981661 -0.098776102 363.740692139
-0.096391439 0.035767443 -0.994700670 -120.108398438 -0.030843714 0.998766840 0.038902566 -1.532490730 0.994865477 0.034430139 -0.095169306 363.655914307
-0.092591763 0.025895545 -0.995367527 -120.950744629 -0.033878174 0.999001026 0.029141510 -1.492203593 0.995127797 0.036419488 -0.091621876 363.575195312
-0.088266134 0.029524937 -0.995659232 -121.814331055 -0.039688699 0.998662651 0.033132441 -1.463343859 0.995305896 0.042440891 -0.086976290 363.484344482
-0.083107114 0.039722979 -0.995748639 -122.710266113 -0.045602869 0.998006880 0.043619167 -1.432115316 0.995496690 0.049034055 -0.081130028 363.403503418
-0.076763630 0.043029122 -0.996120512 -123.608337402 -0.049019363 0.997697294 0.046874791 -1.402822971 0.995843709 0.052427463 -0.074477553 363.320922852
-0.069749475 0.034176577 -0.996978939 -124.514862061 -0.051575940 0.997952759 0.037818257 -1.382052064 0.996230364 0.054057930 -0.067844033 363.258300781
-0.062032223 0.019764623 -0.997878492 -125.418395996 -0.048790134 0.998548567 0.022810891 -1.352192163 0.996880949 0.050101630 -0.060977936 363.197814941
-0.054881692 0.012058969 -0.998420119 -126.345153809 -0.041881166 0.999019265 0.014368349 -1.330043554 0.997614205 0.042603556 -0.054322720 363.156188965
-0.048161149 0.016923008 -0.998696387 -127.293457031 -0.037656397 0.999114871 0.018746037 -1.312214255 0.998129666 0.038510125 -0.047481298 363.126220703
-0.040651083 0.029725920 -0.998731256 -128.272644043 -0.034844648 0.998907208 0.031149430 -1.299680233 0.998565793 0.036066692 -0.039570928 363.080169678
-0.034587383 0.039649993 -0.998614848 -129.247756958 -0.032222852 0.998648942 0.040767394 -1.274800777 0.998882055 0.033588253 -0.033262968 363.056549072
-0.028720975 0.040800363 -0.998754501 -130.235687256 -0.030310776 0.998671591 0.041668620 -1.248528481 0.999127865 0.031469781 -0.027446151 363.016937256
-0.024639130 0.036507875 -0.999029636 -131.217620850 -0.030102242 0.998852730 0.037243821 -1.209597111 0.999243140 0.030990681 -0.023511887 362.991180420
-0.022877574 0.033191014 -0.999187231 -132.201171875 -0.028406959 0.999023616 0.033835988 -1.179258823 0.999334693 0.029157950 -0.021912336 362.970397949
-0.022068381 0.033777166 -0.999185801 -133.195220947 -0.026700927 0.999052703 0.034362391 -1.155515671 0.999399960 0.027437503 -0.021145582 362.944122314
-0.021888852 0.034907594 -0.999150813 -134.198715210 -0.024287956 0.999076724 0.035437096 -1.128881931 0.999465346 0.025043011 -0.021020889 362.929595947
-0.022521853 0.035705209 -0.999108553 -135.194534302 -0.024521898 0.999041617 0.036255583 -1.097187519 0.999445558 0.025316576 -0.021624684 362.903198242
-0.024073243 0.038579028 -0.998965621 -136.188079834 -0.026025686 0.998892248 0.039203368 -1.068243980 0.999371469 0.026942512 -0.023042560 362.860137939
-0.027002931 0.043649025 -0.998681962 -137.188919067 -0.025906323 0.998680115 0.044349417 -1.046920776 0.999299645 0.027069740 -0.025836587 362.838043213
-0.030509949 0.043184180 -0.998601317 -138.184585571 -0.025494736 0.998707592 0.043967713 -1.016752720 0.999209404 0.026800519 -0.029369593 362.803833008
-0.033695698 0.035882615 -0.998787820 -139.168075562 -0.022553490 0.999073505 0.036653757 -0.987745285 0.999177635 0.023761228 -0.032855272 362.767517090
-0.037090540 0.028792730 -0.998897076 -140.155487061 -0.017966131 0.999404073 0.029474454 -0.970417023 0.999150395 0.019039536 -0.036551118 362.733001709
-0.040447235 0.026805162 -0.998822033 -141.138046265 -0.013399068 0.999535680 0.027366906 -0.940938950 0.999091804 0.014490199 -0.040069222 362.691284180
-0.044235587 0.033323862 -0.998465180 -142.121856689 -0.010050769 0.999378085 0.033799615 -0.927209377 0.998970568 0.011530488 -0.043873072 362.645446777
-0.046928525 0.039523706 -0.998116136 -143.118026733 -0.009924796 0.999149144 0.040031251 -0.908664703 0.998849034 0.011784699 -0.046496272 362.594116211
-0.049657583 0.040915743 -0.997927904 -144.090393066 -0.011631109 0.999069095 0.041541304 -0.883562088 0.998698592 0.013669850 -0.049135566 362.549468994
-0.052399993 0.037421502 -0.997924805 -145.063934326 -0.015464365 0.999147415 0.038279369 -0.856208324 0.998506427 0.017438110 -0.051776528 362.489379883
-0.054188013 0.033768862 -0.997959793 -146.027160645 -0.020388342 0.999182224 0.034917291 -0.831808567 0.998322785 0.022238834 -0.053455114 362.413208008
-0.056208730 0.031090857 -0.997934818 -147.009872437 -0.021840181 0.999237597 0.032361593 -0.809073448 0.998180151 0.023614079 -0.055486798 362.350280762
-0.058432102 0.030204486 -0.997834325 -147.973022461 -0.020678323 0.999291122 0.031459481 -0.786346436 0.998077214 0.022471784 -0.057766080 362.301391602
-0.060607553 0.032298300 -0.997639060 -148.942230225 -0.018931903 0.999259353 0.033500891 -0.760474205 0.997982204 0.020917609 -0.059951305 362.242309570
-0.062411666 0.037468806 -0.997346938 -149.917266846 -0.014668955 0.999152660 0.038454596 -0.738027573 0.997942746 0.017030053 -0.061809182 362.176147461
-0.066104293 0.044888664 -0.996802509 -150.905883789 -0.013912570 0.998848975 0.045903452 -0.707083702 0.997715771 0.016902497 -0.065403700 362.127563477
-0.069339037 0.048676543 -0.996404946 -151.869232178 -0.012381652 0.998689950 0.049649801 -0.675996780 0.997516394 0.015779806 -0.068645477 362.058349609
-0.073044300 0.046938274 -0.996223748 -152.828720093 -0.013540831 0.998753130 0.048050284 -0.648125648 0.997236967 0.016999481 -0.072317600 361.983276367
-0.076521993 0.039395247 -0.996289432 -153.780914307 -0.016014308 0.999041677 0.040734090 -0.617556572 0.996939421 0.019071933 -0.075817823 361.899688721
-0.079043150 0.033537999 -0.996306956 -154.736679077 -0.018022859 0.999222457 0.035066009 -0.585847378 0.996708333 0.020728024 -0.078377247 361.817718506
-0.080703378 0.034601744 -0.996137559 -155.695709229 -0.015480914 0.999233186 0.035963483 -0.559826374 0.996618152 0.018323481 -0.080105782 361.738037109
-0.082582116 0.039836198 -0.995787740 -156.646240234 -0.014103788 0.999054015 0.041136511 -0.537326813 0.996484399 0.017441519 -0.081942201 361.665161133
-0.084181905 0.044515729 -0.995455682 -157.596496582 -0.013224863 0.998863697 0.045786511 -0.507338524 0.996362746 0.017019155 -0.083497643 361.581115723
-0.085506678 0.046928734 -0.995231926 -158.534622192 -0.010249335 0.998795807 0.047977377 -0.478044510 0.996285021 0.014302844 -0.084922671 361.499450684
-0.085858226 0.048808862 -0.995111227 -159.477416992 -0.009066239 0.998719633 0.049768090 -0.445497513 0.996266246 0.013294905 -0.085305810 361.414947510
-0.086058021 0.050069444 -0.995031297 -160.414581299 -0.010534747 0.998634815 0.051161900 -0.412688255 0.996234536 0.014885290 -0.085413098 361.329620361
-0.085342169 0.049066287 -0.995142758 -161.346038818 -0.013275486 0.998642027 0.050377309 -0.378631592 0.996263206 0.017510317 -0.084574938 361.238983154
-0.084750652 0.047039066 -0.995291233 -162.270568848 -0.017081466 0.998669684 0.048653249 -0.346010208 0.996255755 0.021124426 -0.083834410 361.152526855
-0.083792925 0.044347752 -0.995495856 -163.195510864 -0.020056428 0.998731792 0.046180096 -0.309462547 0.996281326 0.023835655 -0.082797170 361.072387695
-0.082469463 0.041630786 -0.995723844 -164.116760254 -0.019147020 0.998876512 0.043348428 -0.284847260 0.996409774 0.022640055 -0.081579685 360.993408203
-0.081418395 0.038518816 -0.995935500 -165.026809692 -0.017635562 0.999040782 0.040080637 -0.256883621 0.996524036 0.020827178 -0.080660939 360.921325684
-0.079531550 0.038528282 -0.996087551 -165.950103760 -0.017272018 0.999049485 0.040021919 -0.231718063 0.996682703 0.020387445 -0.078790426 360.850036621
-0.078457117 0.043098088 -0.995985448 -166.859817505 -0.015971363 0.998882532 0.044481568 -0.203791618 0.996789515 0.019397140 -0.077681065 360.774902344
-0.077745557 0.049495611 -0.995743930 -167.771697998 -0.013792608 0.998617887 0.050715368 -0.173784256 0.996877909 0.017676797 -0.076955438 360.707183838
-0.076998234 0.052864727 -0.995628893 -168.663375854 -0.012288811 0.998467147 0.053965811 -0.145435333 0.996955633 0.016390359 -0.076230526 360.640319824
-0.075064898 0.052035570 -0.995820045 -169.556854248 -0.013329588 0.998495936 0.053180180 -0.105419159 0.997089565 0.017265834 -0.074258447 360.565704346
-0.073906422 0.050084319 -0.996006846 -170.428100586 -0.012135865 0.998618960 0.051116187 -0.073590279 0.997191429 0.015865209 -0.073196530 360.498626709
-0.072668314 0.047628328 -0.996218443 -171.289581299 -0.012702697 0.998733878 0.048675183 -0.045485497 0.997275412 0.016191794 -0.071971297 360.427734375
-0.071725249 0.048483271 -0.996245384 -172.144805908 -0.014317568 0.998664975 0.049631823 -0.018269539 0.997321665 0.017823663 -0.070935249 360.358337402
-0.071509600 0.052042559 -0.996081233 -172.981781006 -0.015930466 0.998450935 0.053310029 0.018070221 0.997312665 0.019680222 -0.070569754 360.298583984
-0.071042895 0.054488152 -0.995983958 -173.801956177 -0.014420670 0.998346388 0.055646017 0.045441628 0.997369051 0.018316008 -0.070139647 360.237426758
-0.070223808 0.050158747 -0.996269524 -174.598602295 -0.009752038 0.998652756 0.050966129 0.072262764 0.997483730 0.013294689 -0.069640040 360.180480957
-0.069878936 0.043162547 -0.996621370 -175.377243042 -0.007232956 0.999015331 0.043773375 0.099128723 0.997529387 0.010267353 -0.069497943 360.131835938
-0.069969535 0.039886922 -0.996751428 -176.136596680 -0.005368650 0.999170780 0.040360603 0.122348785 0.997534752 0.008175218 -0.069697380 360.079406738
-0.070084214 0.045417089 -0.996506691 -176.884109497 -0.001565248 0.998956800 0.045638841 0.143581390 0.997539937 0.004758343 -0.069940090 360.023590088
-0.071308017 0.053273283 -0.996030629 -177.617523193 0.004946060 0.998579323 0.053055499 0.162730217 0.997442007 -0.001143143 -0.071470141 359.983947754
-0.073107719 0.056190092 -0.995739937 -178.313812256 0.003870954 0.998420060 0.056057125 0.186549187 0.997316539 0.000243741 -0.073209763 359.930908203
-0.074752212 0.052260838 -0.995831847 -178.996963501 0.003443817 0.998633385 0.052149355 0.205352783 0.997196257 0.000468811 -0.074829936 359.873779297
-0.077909470 0.043785639 -0.995998442 -179.646041870 0.000742511 0.999037385 0.043861151 0.224195480 0.996960163 0.002677659 -0.077866912 359.817016602
-0.080306292 0.037196185 -0.996076107 -180.271087646 -0.000707064 0.999301136 0.037373628 0.241567612 0.996770084 0.003705623 -0.080223918 359.761230469
-0.083172441 0.036171764 -0.995878577 -180.886032104 -0.005600907 0.999308288 0.036764108 0.259624481 0.996519566 0.008635581 -0.082912326 359.694763184
-0.087369204 0.038762279 -0.995421767 -181.492782593 -0.007445604 0.999189377 0.039562505 0.277375221 0.996148348 0.010868050 -0.087009788 359.631927490
-0.092408776 0.043227650 -0.994782448 -182.084045410 -0.008490091 0.998986661 0.044199016 0.287104607 0.995685041 0.012530169 -0.091948152 359.571655273
-0.098658562 0.045327250 -0.994088531 -182.669570923 -0.007852846 0.998895526 0.046325792 0.298962593 0.995090365 0.012376859 -0.098193645 359.512176514
-0.107294917 0.046499815 -0.993139386 -183.238952637 -0.006942880 0.998846292 0.047517106 0.313179970 0.994203091 0.011993586 -0.106848359 359.444580078
-0.119370222 0.046277769 -0.991770744 -183.793884277 -0.004465085 0.998878002 0.047146827 0.329085350 0.992839813 0.010056267 -0.119029760 359.367370605
-0.135572791 0.045414645 -0.989726067 -184.344619751 -0.001681622 0.998936892 0.046067648 0.343397141 0.990765989 0.007909862 -0.135352254 359.276672363
-0.156345844 0.043658029 -0.986737072 -184.866455078 -0.000310402 0.999020398 0.044250686 0.359054565 0.987702370 0.007224692 -0.156179070 359.188720703
-0.182152390 0.043047290 -0.982327759 -185.394958496 0.001922527 0.999054909 0.043423817 0.374994278 0.983268619 0.006021192 -0.182062984 359.075683594
-0.212381721 0.042158447 -0.976277113 -185.908325195 0.002680206 0.999090314 0.042560533 0.394310951 0.977183223 0.006422452 -0.212301493 358.939849854
-0.246510625 0.042614803 -0.968202591 -186.412078857 0.003513629 0.999065518 0.043078616 0.412510872 0.969133615 0.007217433 -0.246429920 358.776214600
-0.285955667 0.043287423 -0.957264662 -186.901000977 0.005570847 0.999037385 0.043512248 0.422441483 0.958226681 0.007109797 -0.285921454 358.610748291
-0.329918265 0.043770291 -0.942994475 -187.344818115 0.008821788 0.999023855 0.043284565 0.433940887 0.943968534 0.005961462 -0.329982281 358.438415527
-0.377157927 0.044428535 -0.925082803 -187.805938721 0.012451606 0.999001682 0.042902064 0.445173264 0.926065326 0.004662085 -0.377334595 358.218048096
-0.426357031 0.045911796 -0.903389215 -188.248626709 0.015649630 0.998935997 0.043381769 0.460516930 0.904419780 0.004358410 -0.426621914 357.974487305
-0.476714373 0.046964828 -0.877803028 -188.631195068 0.018213023 0.998885155 0.043551989 0.472983360 0.878869772 0.004774405 -0.477038264 357.742889404
-0.527194738 0.048230458 -0.848374724 -189.039489746 0.020462027 0.998818994 0.044067819 0.488197327 0.849498153 0.005872855 -0.527558923 357.460449219
-0.576893568 0.048746284 -0.815363646 -189.416351318 0.020096572 0.998762548 0.045491833 0.498744965 0.816572249 0.009857924 -0.577159286 357.141510010
-0.628184199 0.048525922 -0.776549935 -189.801055908 0.019574733 0.998723030 0.046574485 0.518669128 0.777818382 0.014056596 -0.628331900 356.798828125
-0.678764582 0.048915032 -0.732725024 -190.145019531 0.020160666 0.998644292 0.047991224 0.532447815 0.734079182 0.017802516 -0.678830504 356.436706543
-0.727204680 0.048029065 -0.684738457 -190.467773438 0.021835603 0.998662829 0.046858612 0.553213120 0.686073422 0.019124122 -0.727281094 356.039367676
-0.772650719 0.047029577 -0.633087099 -190.769317627 0.023723995 0.998694599 0.045235209 0.584688663 0.634388089 0.019931657 -0.772757769 355.611450195
-0.814355493 0.046446934 -0.578505218 -191.044219971 0.024102675 0.998639107 0.046249516 0.607476234 0.579866111 0.023720017 -0.814366698 355.142272949
-0.851905942 0.042698443 -0.521951079 -191.262756348 0.021605946 0.998687685 0.046433799 0.626368999 0.523248792 0.028279984 -0.851710558 354.673736572
-0.886034966 0.040169697 -0.461875230 -191.472686768 0.021095794 0.998700678 0.046388928 0.654360831 0.463138521 0.031358581 -0.885731101 354.170806885
-0.916055679 0.040014312 -0.399049938 -191.662475586 0.023004331 0.998614550 0.047326479 0.670534551 0.400390804 0.034173813 -0.915707111 353.648590088
-0.940924764 0.045316111 -0.335570008 -191.824768066 0.030510183 0.998319566 0.049265955 0.684873223 0.337238669 0.036117252 -0.940726161 353.122497559
-0.960604548 0.047558747 -0.273819417 -191.962280273 0.035295844 0.998148203 0.049541149 0.707421660 0.275668502 0.037924763 -0.960504413 352.567993164
-0.975246072 0.048206773 -0.215804294 -192.062042236 0.038547989 0.998067021 0.048747048 0.727401137 0.217737094 0.039221540 -0.975219250 351.996093750
-0.985547185 0.045015328 -0.163310647 -192.127044678 0.037955232 0.998215616 0.046098195 0.754173279 0.165094346 0.039233454 -0.985497117 351.410491943
-0.992159605 0.039955478 -0.118418403 -192.171447754 0.034971830 0.998425007 0.043869141 0.781968117 0.119984701 0.039383885 -0.991994262 350.810577393
-0.996062756 0.034971882 -0.081462137 -192.182617188 0.031639855 0.998623192 0.041840941 0.798246861 0.082813233 0.039098747 -0.995797873 350.202789307
-0.998171329 0.030784925 -0.052024826 -192.191177368 0.028564731 0.998671234 0.042893551 0.828909874 0.053276170 0.041329034 -0.997724414 349.579284668
-0.999058366 0.030880651 -0.030478476 -192.196868896 0.029516360 0.998584747 0.044240575 0.854469299 0.031801522 0.043299299 -0.998556018 348.959503174
-0.999411464 0.031699218 -0.013106846 -192.192184448 0.031110143 0.998593211 0.042938586 0.872504234 0.014449527 0.042505559 -0.998991728 348.322723389
-0.999442697 0.033309281 0.002275051 -192.180862427 0.033370756 0.998755693 0.037060365 0.889725208 -0.001037766 0.037115626 -0.999310613 347.676116943
-0.999136806 0.038014166 0.016762571 -192.170669556 0.038497731 0.998822093 0.029536258 0.904521227 -0.015620030 0.030156076 -0.999423265 347.014739990
-0.998670101 0.041386321 0.030743429 -192.148361206 0.042023547 0.998908758 0.020378506 0.931896091 -0.029866491 0.021643354 -0.999319553 346.344116211
-0.998146296 0.039706439 0.046127364 -192.105300903 0.040542349 0.999027550 0.017329402 0.946349323 -0.045394421 0.019167386 -0.998785496 345.665161133
-0.997512102 0.037675261 0.059583481 -192.046493530 0.038742974 0.999106824 0.016866626 0.955302417 -0.058894809 0.019133104 -0.998080850 344.982330322
-0.996837616 0.036313910 0.070684463 -191.985229492 0.037644442 0.999136508 0.017582865 0.965644419 -0.069984928 0.020188136 -0.997343898 344.276824951
-0.996126533 0.037131447 0.079707019 -191.926330566 0.038571466 0.999117911 0.016602879 0.972497463 -0.079020225 0.019612985 -0.996680021 343.531860352
-0.995736837 0.035084456 0.085310072 -191.854080200 0.036629453 0.999190807 0.016612556 0.979055583 -0.084658198 0.019666590 -0.996216297 342.798950195
-0.995527506 0.030927632 0.089268357 -191.771774292 0.032534551 0.999332726 0.016602058 0.988521338 -0.088695325 0.019432109 -0.995869398 342.051757812
-0.995228767 0.029090349 0.093132146 -191.692886353 0.030704044 0.999401391 0.015940895 0.993912816 -0.092612669 0.018724369 -0.995526195 341.291687012
-0.994810820 0.028973740 0.097531103 -191.614196777 0.030726377 0.999391377 0.016515978 1.007487774 -0.096993215 0.019427046 -0.995095611 340.509552002
-0.994245768 0.030300718 0.102748528 -191.535247803 0.032302763 0.999318242 0.017876888 1.019220114 -0.102136798 0.021093080 -0.994546771 339.708526611
-0.993723273 0.028578965 0.108155005 -191.444885254 0.031037660 0.999295115 0.021118047 1.032556772 -0.107475229 0.024342371 -0.993909836 338.908386230
-0.993280172 0.025062630 0.112990506 -191.340911865 0.027709929 0.999375641 0.021919837 1.046189308 -0.112370595 0.024903493 -0.993354440 338.099731445
-0.992823601 0.022458203 0.117462926 -191.226257324 0.025352925 0.999409139 0.023207670 1.055559158 -0.116872318 0.026019143 -0.992806315 337.269226074
-0.992338657 0.021495732 0.121663168 -191.115814209 0.024347896 0.999461353 0.022005053 1.066851139 -0.121124618 0.024798708 -0.992327571 336.422393799
-0.992104530 0.019961042 0.123815514 -190.998458862 0.022357980 0.999587953 0.017999645 1.082527399 -0.123405211 0.020625792 -0.992142081 335.571777344
-0.992068648 0.017377157 0.124492578 -190.882415771 0.019330598 0.999707997 0.014500413 1.091337681 -0.124204248 0.016791917 -0.992114902 334.706787109
-0.992154121 0.016823253 0.123883709 -190.769744873 0.018430421 0.999760032 0.011838534 1.102254272 -0.123654820 0.014028880 -0.992226124 333.845031738
-0.992298961 0.017563332 0.122616209 -190.657348633 0.019282926 0.999731481 0.012851542 1.112085819 -0.122357562 0.015116967 -0.992371202 332.957824707
-0.992554307 0.015280149 0.120841615 -190.546203613 0.017371334 0.999716699 0.016270645 1.114494801 -0.120558761 0.018248677 -0.992538571 332.055786133
-0.992873192 0.012167966 0.118552670 -190.428588867 0.014374154 0.999738753 0.017772065 1.121144772 -0.118305445 0.019349502 -0.992788672 331.147216797
-0.993204236 0.010770014 0.115886018 -190.315093994 0.012902481 0.999760687 0.017667023 1.130974293 -0.115668014 0.019042177 -0.993105531 330.235412598
-0.993520617 0.008529564 0.113332927 -190.204864502 0.010718251 0.999767363 0.018716732 1.143906116 -0.113146916 0.019810187 -0.993380904 329.316314697
-0.993862987 0.006421236 0.110431619 -190.094787598 0.008715308 0.999755859 0.020303553 1.149944305 -0.110274293 0.021141397 -0.993676305 328.390167236
-0.994085789 0.006393600 0.108411446 -189.991744995 0.008975741 0.999687135 0.023346750 1.163354397 -0.108228259 0.024181740 -0.993832111 327.457855225
-0.994419575 0.005144520 0.105374701 -189.874740601 0.008163902 0.999567747 0.028242499 1.185085297 -0.105183862 0.028945155 -0.994031668 326.532012939
-0.994642377 0.004379609 0.103285164 -189.781738281 0.008105805 0.999330223 0.035684705 1.196221352 -0.103059702 0.036330722 -0.994011641 325.597290039
-0.994851351 0.004081532 0.101262592 -189.684722900 0.008106473 0.999191880 0.039367955 1.217613220 -0.101020083 0.039986145 -0.994080424 324.656921387
-0.995085835 0.001530636 0.099005982 -189.581466675 0.005317805 0.999263585 0.037999347 1.238162994 -0.098874912 0.038339101 -0.994361162 323.726806641
-0.995315433 -0.000155252 0.096681148 -189.488708496 0.003114854 0.999428093 0.033671767 1.263703346 -0.096631080 0.033815175 -0.994745731 322.818511963
-0.995527029 0.001121406 0.094469324 -189.394195557 0.004147323 0.999484360 0.031840447 1.289094925 -0.094384901 0.032089826 -0.995018363 321.886657715
-0.995697737 -0.000638004 0.092660025 -189.298339844 0.002466658 0.999439418 0.033387553 1.306107521 -0.092629388 0.033472467 -0.995138049 320.960632324
-0.995863318 0.001808263 0.090847202 -189.217468262 0.004845371 0.999436259 0.033221539 1.322969437 -0.090735912 0.033524293 -0.995310783 320.030029297
-0.996013284 0.003461869 0.089138322 -189.130386353 0.006325427 0.999472260 0.031862475 1.337270737 -0.088980973 0.032299288 -0.995509624 319.101928711
-0.996123433 0.003294897 0.087906025 -189.050613403 0.005991078 0.999519110 0.030425003 1.361083031 -0.087763503 0.030833708 -0.995664239 318.160308838
-0.996338964 -0.001303771 0.085482657 -188.955108643 0.001270712 0.999547422 0.030055692 1.378927231 -0.085483156 0.030054277 -0.995886326 317.240295410
-0.996477962 -0.005489462 0.083675504 -188.861572266 -0.003165867 0.999606371 0.027876552 1.398287773 -0.083795600 0.027513463 -0.996103168 316.319641113
-0.996640563 -0.009342551 0.081365407 -188.777893066 -0.007108951 0.999591053 0.027698038 1.415139198 -0.081590906 0.027026566 -0.996299386 315.385406494
-0.996796012 -0.012594420 0.078986809 -188.693481445 -0.010321834 0.999522805 0.029114299 1.436308861 -0.079315796 0.028205730 -0.996450424 314.447021484
-0.996938825 -0.016809650 0.076359771 -188.602828979 -0.014471375 0.999412358 0.031072628 1.458209991 -0.076837219 0.029872473 -0.996596217 313.497955322
-0.997095942 -0.017335504 0.074157901 -188.527633667 -0.014873815 0.999324024 0.033619702 1.469599724 -0.074690588 0.032419056 -0.996679783 312.544982910
-0.997350574 -0.010432663 0.071992427 -188.462753296 -0.008044005 0.999410033 0.033389825 1.490358353 -0.072298296 0.032722253 -0.996846199 311.585205078
-0.997525454 -0.002760827 0.070252791 -188.407730103 -0.000648676 0.999547601 0.030070076 1.506151199 -0.070304029 0.029950092 -0.997075915 310.639831543
-0.997640491 -0.003451744 0.068566807 -188.337265015 -0.001594755 0.999630928 0.027119217 1.536648750 -0.068635114 0.026945883 -0.997277856 309.660186768
-0.997672558 -0.004689519 0.068028145 -188.271713257 -0.002542865 0.999497116 0.031607717 1.561627388 -0.068142153 0.031361163 -0.997182727 308.694610596
-0.997722030 -0.003167844 0.067385145 -188.200363159 -0.000474514 0.999201655 0.039947715 1.585452080 -0.067457892 0.039824735 -0.996927023 307.732757568
-0.997758269 -0.002207887 0.066885352 -188.126037598 0.000579066 0.999133348 0.041619599 1.603535652 -0.066919282 0.041565031 -0.996892333 306.768676758
-0.997683048 -0.008731315 0.067470573 -188.047744751 -0.006230256 0.999288738 0.037190799 1.626779556 -0.067747310 0.036684271 -0.997027874 305.824798584
-0.997543693 -0.012608868 0.068905361 -187.967193604 -0.010602863 0.999511480 0.029401060 1.651369095 -0.069242410 0.028598242 -0.997190118 304.887664795
-0.997471809 -0.009417619 0.070438109 -187.898483276 -0.007673691 0.999658287 0.024988040 1.667034149 -0.070649371 0.024384342 -0.997203231 303.937347412
-0.997379780 -0.008729044 0.071814984 -187.827606201 -0.007051511 0.999697089 0.023579560 1.679146767 -0.071999058 0.023011371 -0.997139335 302.984527588
-0.997361183 -0.008946056 0.072047882 -187.745208740 -0.007157166 0.999660611 0.025049195 1.693665504 -0.072247520 0.024467431 -0.997086644 302.038482666
-0.997357011 -0.007128691 0.072306447 -187.678527832 -0.005212119 0.999630988 0.026660373 1.701145172 -0.072469816 0.026213041 -0.997026086 301.100952148
-0.997439146 -0.007695661 0.071109034 -187.605163574 -0.005815412 0.999628961 0.026611071 1.717943192 -0.071287438 0.026129387 -0.997113824 300.162994385
-0.997587562 -0.008672878 0.068874963 -187.539642334 -0.006931674 0.999651313 0.025479535 1.729699135 -0.069071926 0.024940649 -0.997299910 299.219451904
-0.997765660 -0.008521297 0.066263571 -187.472366333 -0.006881977 0.999665558 0.024928423 1.739943504 -0.066453829 0.024416702 -0.997490644 298.297180176
-0.997949243 -0.007867867 0.063526347 -187.409286499 -0.006088840 0.999585152 0.028149756 1.749707222 -0.063721471 0.027705224 -0.997583270 297.356903076
-0.998112440 -0.007670288 0.060932726 -187.348922729 -0.006020257 0.999611437 0.027217137 1.759098053 -0.061117813 0.026798932 -0.997770786 296.427825928
-0.998261452 -0.008390965 0.058343649 -187.292312622 -0.007026059 0.999697745 0.023560178 1.768324852 -0.058523707 0.023109287 -0.998018622 295.502136230
-0.998428226 -0.005568316 0.055768341 -187.228515625 -0.004428369 0.999779165 0.020543510 1.783601761 -0.055870418 0.020264259 -0.998232365 294.579986572
-0.998429775 -0.005467459 0.055753548 -187.178939819 -0.004140099 0.999705911 0.023895415 1.794452667 -0.055867799 0.023627063 -0.998158813 293.641510010
-0.998480439 -0.005956595 0.054785889 -187.124114990 -0.004377177 0.999572635 0.028903885 1.806895256 -0.054934643 0.028620156 -0.998079777 292.721466064
-0.998474836 -0.004579394 0.055022474 -187.076568604 -0.002961956 0.999562085 0.029441614 1.819860458 -0.055133205 0.029233731 -0.998051167 291.795288086
-0.998476148 -0.003194001 0.055097718 -187.018539429 -0.001789773 0.999672771 0.025516694 1.840345383 -0.055161189 0.025379190 -0.998155117 290.867828369
-0.998388886 -0.001612237 0.056721177 -186.965072632 -0.000398727 0.999770939 0.021399112 1.860185146 -0.056742687 0.021342019 -0.998160839 289.915802002
-0.998245120 0.004284508 0.059063781 -186.899871826 0.005559110 0.999754846 0.021432687 1.867076874 -0.058957472 0.021723416 -0.998024225 289.024139404
-0.997910976 0.008610969 0.064029947 -186.851486206 0.010125628 0.999675632 0.023368714 1.877801895 -0.063807949 0.023968237 -0.997674584 288.089385986
-0.997549653 0.012574499 0.068824135 -186.788467407 0.014173996 0.999639511 0.022801556 1.894024372 -0.068512604 0.023721196 -0.997368217 287.154846191
-0.997332454 0.007977147 0.072555095 -186.709548950 0.009520542 0.999735177 0.020951150 1.900117874 -0.072368748 0.021586025 -0.997144341 286.230407715
-0.997110367 0.003255032 0.075895630 -186.622360229 0.004648982 0.999823630 0.018197237 1.911286831 -0.075823009 0.018497491 -0.996949673 285.304260254
-0.996937037 0.002784120 0.078159831 -186.544158936 0.004555262 0.999736667 0.022491373 1.922739506 -0.078076631 0.022778518 -0.996687293 284.361389160
-0.996867895 0.001638936 0.079069957 -186.467590332 0.003855216 0.999603689 0.027884854 1.932261467 -0.078992918 0.028102344 -0.996479154 283.419219971
-0.996891022 0.000048274 0.078793153 -186.383605957 0.002565660 0.999489427 0.031848371 1.949176788 -0.078751385 0.031951509 -0.996382117 282.476684570
-0.996801496 0.002614147 0.079874910 -186.304138184 0.004623976 0.999677062 0.024987608 1.966964722 -0.079783797 0.025277026 -0.996491671 281.533050537
-0.996691346 0.009350052 0.080744706 -186.230072021 0.010822494 0.999782681 0.017817415 1.976788521 -0.080560565 0.018632315 -0.996575832 280.595214844
-0.996624470 0.012655151 0.081116259 -186.146255493 0.013822232 0.999808669 0.013842403 1.991955042 -0.080925561 0.014916883 -0.996608615 279.645324707
-0.996693492 0.010185331 0.080615371 -186.060180664 0.011792243 0.999740660 0.019482119 2.000388145 -0.080396034 0.020368332 -0.996555090 278.691894531
-0.996717572 0.008214109 0.080542065 -185.974792480 0.010406256 0.999585688 0.026835537 2.006210804 -0.080288269 0.027585587 -0.996390104 277.736145020
-0.996768117 0.006030113 0.080108479 -185.895050049 0.008492501 0.999500751 0.030433116 2.026490688 -0.079884969 0.031015074 -0.996321678 276.761688232
-0.996868849 0.007949936 0.078673050 -185.820434570 0.010369531 0.999484181 0.030394472 2.050591469 -0.078390837 0.031115104 -0.996437192 275.800903320
-0.997086883 0.009742019 0.075649515 -185.742355347 0.011775886 0.999579847 0.026486047 2.061475277 -0.075359702 0.027299728 -0.996782660 274.846832275
-0.997332335 0.011028415 0.072160065 -185.668670654 0.012870451 0.999601781 0.025112104 2.074162960 -0.071854383 0.025973838 -0.997077107 273.892761230
-0.997510076 0.011560382 0.069573082 -185.592437744 0.013430964 0.999559164 0.026479114 2.092007637 -0.069236301 0.027347609 -0.997225642 272.921051025
-0.997630119 0.015602166 0.067012466 -185.532302856 0.017837448 0.999299824 0.032888409 2.106862545 -0.066452421 0.034005802 -0.997209907 271.947174072
-0.997796178 0.014618252 0.064722918 -185.460540771 0.016887842 0.999256492 0.034659140 2.132768154 -0.064168140 0.035675786 -0.997301102 270.961486816
-0.997947931 0.012804121 0.062741905 -185.390441895 0.014952958 0.999313354 0.033899818 2.158171654 -0.062264770 0.034768421 -0.997454166 269.985534668
-0.997908831 0.010536797 0.063772053 -185.322143555 0.012602998 0.999405682 0.032084718 2.175045490 -0.063396081 0.032821342 -0.997448564 269.001617432
-0.997816205 0.013894326 0.064576998 -185.259185791 0.015950263 0.999378622 0.031431220 2.197450161 -0.064100161 0.032392591 -0.997417808 268.019866943
-0.997658372 0.015188062 0.066689163 -185.185760498 0.017339474 0.999343812 0.031800866 2.217074871 -0.066162407 0.032882750 -0.997267008 267.029113770
-0.997490525 0.013020821 0.069594510 -185.108230591 0.015280135 0.999370098 0.032030825 2.236891747 -0.069133602 0.033013854 -0.997061133 266.041748047
-0.997262120 0.011087432 0.073113739 -185.027847290 0.013738818 0.999262333 0.035861202 2.263462067 -0.072662197 0.036767513 -0.996678710 265.047851562
-0.997027040 0.010898990 0.076278910 -184.944335938 0.013869594 0.999161422 0.038523212 2.288637161 -0.075795084 0.039466642 -0.996342063 264.064178467
-0.996940970 0.010966574 0.077388071 -184.863891602 0.013784605 0.999257624 0.035974573 2.306496620 -0.076936103 0.036931280 -0.996352077 263.079589844
-0.996894836 0.011589641 0.077887259 -184.779983521 0.013882888 0.999483943 0.028966466 2.328428268 -0.077511355 0.029957818 -0.996541381 262.100189209
-0.996787190 0.011514555 0.079265259 -184.695312500 0.013445514 0.999624670 0.023870254 2.349025726 -0.078960650 0.024859322 -0.996567845 261.115142822
-0.996635795 0.010278316 0.081310980 -184.610382080 0.012249595 0.999642134 0.023782097 2.364060879 -0.081037439 0.024698116 -0.996405005 260.120452881
-0.996484399 0.009524639 0.083236985 -184.525192261 0.011965294 0.999511480 0.028872292 2.377284527 -0.082921326 0.029766738 -0.996111512 259.115356445
-0.996337175 0.003565585 0.085440680 -184.428741455 0.006605296 0.999354184 0.035320621 2.393740654 -0.085259564 0.035755601 -0.995717287 258.118835449
-0.996190786 0.001264909 0.087192245 -184.327911377 0.004185853 0.999435782 0.033325355 2.416969299 -0.087100893 0.033563387 -0.995633960 257.114532471
-0.996007800 0.002985621 0.089218982 -184.233123779 0.005476672 0.999601603 0.027688906 2.438791752 -0.089100771 0.028066982 -0.995627284 256.119537354
-0.995822787 0.006671858 0.091063611 -184.142471313 0.007885535 0.999884725 0.012974525 2.453306675 -0.090966552 0.013638413 -0.995760679 255.131072998
-0.995542765 0.010756376 0.093697220 -184.050903320 0.011089207 0.999933898 0.003032235 2.456740379 -0.093658417 0.004057747 -0.995596290 254.137268066
-0.995317578 0.014237584 0.095603928 -183.957351685 0.014695234 0.999883652 0.004084538 2.451333523 -0.095534652 0.005470335 -0.995411038 253.133087158
-0.995157361 0.014553522 0.097210206 -183.859054565 0.016127288 0.999750972 0.015423215 2.449976683 -0.096961536 0.016916264 -0.995144248 252.117492676
-0.995111585 0.012725336 0.097935416 -183.757095337 0.015417447 0.999522448 0.026781101 2.462994576 -0.097547844 0.028160091 -0.994832516 251.106201172
-0.995188355 0.011407278 0.097315647 -183.649398804 0.014803845 0.999303579 0.034252241 2.477168560 -0.096857153 0.035528071 -0.994664073 250.101348877
-0.995265245 0.009587793 0.096721537 -183.549850464 0.012933109 0.999337494 0.034019671 2.493380547 -0.096331283 0.035109505 -0.994729877 249.089233398
-0.995361209 0.011357435 0.095538825 -183.452697754 0.014090884 0.999509037 0.027985029 2.511895180 -0.095174082 0.029201429 -0.995032549 248.093566895
-0.995476961 0.014683595 0.093862027 -183.360839844 0.016953031 0.999581814 0.023426898 2.530963421 -0.093478784 0.024912182 -0.995309591 247.098419189
-0.995607734 0.017348638 0.092002988 -183.273635864 0.019291813 0.999608338 0.020273620 2.541912079 -0.091615230 0.021959474 -0.995552421 246.110839844
-0.995781898 0.019561402 0.089642368 -183.175781250 0.021222983 0.999619484 0.017620046 2.545954466 -0.089263581 0.019448202 -0.995818138 245.120758057
-0.995866776 0.022208359 0.088069528 -183.089553833 0.023829572 0.999564588 0.017399754 2.552239180 -0.087644763 0.019426495 -0.995962381 244.130584717
-0.996004343 0.022747098 0.086360842 -183.000808716 0.024582004 0.999492824 0.020243192 2.559853554 -0.085856572 0.022285229 -0.996058345 243.139923096
-0.996064425 0.023319339 0.085512482 -182.923065186 0.025469435 0.999384105 0.024139330 2.566706657 -0.084896907 0.026222277 -0.996044874 242.164642334
-0.996275187 0.022900110 0.083135724 -182.822845459 0.025071317 0.999368846 0.025166962 2.578771830 -0.082506925 0.027157538 -0.996220469 241.184509277
-0.996420145 0.021664551 0.081719279 -182.739395142 0.023625223 0.999453902 0.023102518 2.592060566 -0.081174150 0.024950445 -0.996387839 240.217620850
-0.996598601 0.019003276 0.080187514 -182.656906128 0.020901129 0.999519348 0.022895006 2.594119787 -0.079713896 0.024493141 -0.996516824 239.260467529
-0.996644497 0.020922296 0.079134323 -182.579162598 0.022831012 0.999467969 0.023292480 2.608953238 -0.078604884 0.025021037 -0.996591926 238.301574707
-0.996663570 0.021232558 0.078811631 -182.508041382 0.023339791 0.999391675 0.025913324 2.614000559 -0.078213483 0.027666308 -0.996552825 237.351776123
-0.996821880 0.021407841 0.076733910 -182.419006348 0.023630941 0.999323487 0.028181549 2.621097088 -0.076078691 0.029905275 -0.996653438 236.398132324
-0.996668816 0.028246529 0.076509602 -182.354141235 0.030796185 0.999001980 0.032352202 2.632702827 -0.075519405 0.034600630 -0.996544003 235.465240479
-0.996534824 0.031297509 0.077066034 -182.287780762 0.034016494 0.998835087 0.034224723 2.652297497 -0.075905114 0.036727641 -0.996438503 234.527801514
-0.996598721 0.029851792 0.076812170 -182.213394165 0.032401118 0.998957396 0.032159492 2.666694880 -0.075772069 0.034538902 -0.996526957 233.618438721
-0.996259093 0.039510895 0.076854609 -182.153961182 0.041831534 0.998708844 0.028822871 2.686919212 -0.075616561 0.031929996 -0.996625662 232.720367432
-0.996029139 0.044110321 0.077333927 -182.095504761 0.046372630 0.998539925 0.027705429 2.703207493 -0.075998917 0.031181587 -0.996620417 231.829040527
-0.996534348 0.032433767 0.076599211 -182.016082764 0.034414943 0.999102652 0.024687024 2.704956532 -0.075729787 0.027237622 -0.996756315 230.961364746
-0.996962190 0.022981586 0.074420519 -181.936691284 0.024461066 0.999519646 0.019029843 2.709813118 -0.073947437 0.020792438 -0.997045398 230.112243652
-0.997144103 0.024040258 0.071595490 -181.874252319 0.025091687 0.999589562 0.013822560 2.722294092 -0.071233809 0.015579534 -0.997338057 229.273956299
-0.997499228 0.023404827 0.066694416 -181.818679810 0.024560371 0.999561191 0.016558882 2.729785442 -0.066277593 0.018155504 -0.997636437 228.431549072
-0.997911334 0.016318906 0.062504753 -181.751983643 0.017821956 0.999563456 0.023565380 2.727031469 -0.062092904 0.024630113 -0.997766495 227.599517822
-0.998200655 0.013235995 0.058485843 -181.693771362 0.014789521 0.999547064 0.026209893 2.734976292 -0.058112439 0.027027706 -0.997944236 226.774139404
-0.998388290 0.013298891 0.055173125 -181.644180298 0.014873518 0.999490857 0.028227946 2.740025043 -0.054769631 0.029003067 -0.998077750 225.987167358
-0.998548150 0.014898170 0.051764768 -181.602172852 0.016356636 0.999477804 0.027866421 2.755547047 -0.051322576 0.028672660 -0.998270392 225.208404541
-0.998693347 0.015798997 0.048603904 -181.560699463 0.017213285 0.999436438 0.028818611 2.763971806 -0.048121210 0.029617582 -0.998402476 224.450561523
-0.998896956 0.014944514 0.044516623 -181.518493652 0.016249461 0.999444485 0.029097525 2.770800591 -0.044057045 0.029788798 -0.998584867 223.713790894
-0.999057889 0.014492454 0.040907368 -181.491058350 0.015707904 0.999439895 0.029548932 2.776588440 -0.040456217 0.030163661 -0.998726010 222.990707397
-0.999141097 0.014863175 0.038685787 -181.466064453 0.016016511 0.999431252 0.029675756 2.786835194 -0.038222708 0.030269872 -0.998810887 222.293228149
-0.999173045 0.017708298 0.036605623 -181.439483643 0.018817633 0.999367177 0.030186003 2.790785551 -0.036047913 0.030849868 -0.998873949 221.617996216
-0.999168158 0.019822884 0.035639960 -181.419158936 0.020888131 0.999338508 0.029769493 2.806494236 -0.035026271 0.030489178 -0.998921275 220.960083008
-0.999116421 0.022162978 0.035711627 -181.400634766 0.023192152 0.999319911 0.028667245 2.810739756 -0.035051990 0.029470142 -0.998950958 220.323806763
-0.999046445 0.023533290 0.036778435 -181.368392944 0.024569986 0.999306083 0.027994551 2.818826437 -0.036094110 0.028871499 -0.998931408 219.720581055
-0.998835921 0.026943704 0.040013928 -181.350463867 0.028040836 0.999238968 0.027115349 2.822868824 -0.039252888 0.028205805 -0.998831272 219.127120972
-0.998540044 0.029798865 0.045053896 -181.325271606 0.030995041 0.999179006 0.026088491 2.825603008 -0.044239499 0.027446851 -0.998643875 218.546936035
-0.998171806 0.031375159 0.051662736 -181.295761108 0.032727104 0.999138117 0.025533900 2.838092566 -0.050817076 0.027177986 -0.998338223 218.003158569
-0.997731328 0.030436642 0.060051247 -181.251998901 0.032071583 0.999135494 0.026452223 2.839595556 -0.059194215 0.028318146 -0.997844934 217.487564087
-0.997021556 0.030199312 0.070966035 -181.209136963 0.032146413 0.999132931 0.026456844 2.846422434 -0.070105523 0.028659344 -0.997127891 216.991165161
-0.995866299 0.031692132 0.085122906 -181.164901733 0.033999175 0.999089062 0.025790617 2.847244263 -0.084228002 0.028578114 -0.996036530 216.515136719
-0.994078517 0.035040811 0.102860972 -181.120834351 0.037660897 0.999010921 0.023640964 2.850818157 -0.101930834 0.027374808 -0.994414926 216.053939819
-0.991506934 0.036010597 0.124970160 -181.061187744 0.038780306 0.999051571 0.019800663 2.861449718 -0.124138601 0.024478871 -0.991963029 215.589706421
-0.988087177 0.035583373 0.149724677 -180.969573975 0.038809109 0.999072075 0.018677134 2.848302603 -0.148921147 0.024265319 -0.988551378 215.171905518
-0.982908607 0.034723993 0.180790082 -180.860229492 0.038420636 0.999117315 0.016984494 2.855328083 -0.180040717 0.023640273 -0.983375072 214.744354248
-0.975314856 0.034302939 0.218139291 -180.738647461 0.038809683 0.999111891 0.016407747 2.860182047 -0.217382729 0.024468631 -0.975780010 214.321075439
-0.965348840 0.033413559 0.258815587 -180.587692261 0.038905516 0.999112785 0.016125297 2.858481646 -0.258047134 0.025635889 -0.965792298 213.909973145
-0.952526212 0.031071883 0.302867591 -180.434295654 0.037696715 0.999160290 0.016050950 2.856029987 -0.302114546 0.026706059 -0.952897668 213.501434326
-0.937692285 0.024991883 0.346567392 -180.235443115 0.032096267 0.999375582 0.014773856 2.857393265 -0.345981777 0.024976846 -0.937909007 213.145050049
-0.920097113 0.018753126 0.391241014 -180.043762207 0.025798377 0.999585748 0.012758515 2.850211620 -0.390839696 0.021832457 -0.920199752 212.808532715
-0.900196433 0.015561559 0.435206085 -179.821060181 0.022253757 0.999699473 0.010284483 2.852428913 -0.434915245 0.018943025 -0.900272131 212.453887939
-0.877575636 0.015272894 0.479194820 -179.580825806 0.021490872 0.999740958 0.007493671 2.852110624 -0.478956223 0.016874578 -0.877676606 212.109863281
-0.852008581 0.016703639 0.523261547 -179.331130981 0.022852648 0.999724805 0.005296791 2.859238863 -0.523029029 0.016470822 -0.852155805 211.765655518
-0.823727727 0.015976384 0.566760480 -179.062911987 0.023226868 0.999714673 0.005576940 2.855126381 -0.566509664 0.017757950 -0.823863745 211.437194824
-0.792031884 0.013532358 0.610329866 -178.747833252 0.022546349 0.999720633 0.007092636 2.859092474 -0.610063374 0.019378303 -0.792115688 211.080017090
-0.756229401 0.012412827 0.654188871 -178.431945801 0.025007602 0.999637842 0.009940783 2.856259823 -0.653828561 0.023877207 -0.756265879 210.737335205
-0.717645168 0.012140743 0.696303487 -178.057235718 0.028256312 0.999532282 0.011694520 2.863943577 -0.695835829 0.028067479 -0.717652559 210.406951904
-0.675626159 0.013287606 0.737124801 -177.661697388 0.030978924 0.999466181 0.010377695 2.859412670 -0.736593366 0.029846773 -0.675677180 210.084747314
-0.630566597 0.013368312 0.776019990 -177.242462158 0.029709868 0.999534607 0.006922450 2.860773563 -0.775566280 0.027420517 -0.630670309 209.793670654
-0.582206368 0.013600640 0.812927365 -176.796630859 0.028830439 0.999576628 0.003924558 2.859950542 -0.812529802 0.025721954 -0.582352042 209.512390137
-0.531747699 0.013719677 0.846791625 -176.339370728 0.026072714 0.999660015 0.000176070 2.856622219 -0.846501350 0.022171782 -0.531924605 209.256179810
-0.481795311 0.018774539 0.876082718 -175.839721680 0.027368799 0.999605119 -0.006370367 2.858101845 -0.875856400 0.020908119 -0.482118845 209.024627686
-0.431261301 0.022557981 0.901944995 -175.310974121 0.028356384 0.999532402 -0.011440190 2.849873543 -0.901781321 0.020642187 -0.431699276 208.797378540
-0.380836725 0.022915101 0.924358487 -174.758331299 0.027576538 0.999529660 -0.013417057 2.847319126 -0.924231172 0.020380899 -0.381289482 208.610137939
-0.327111959 0.019550191 0.944783390 -174.183746338 0.025658922 0.999601126 -0.011800646 2.834856510 -0.944637239 0.020381989 -0.327483177 208.421203613
-0.274048567 0.015610062 0.961589396 -173.601364136 0.020036954 0.999743879 -0.010519014 2.826995134 -0.961507320 0.016384602 -0.274291158 208.293182373
-0.222190976 0.012857380 0.974918425 -172.991500854 0.012135574 0.999872088 -0.010420687 2.823093414 -0.974927664 0.009515811 -0.222318649 208.198486328
-0.174702525 0.007786677 0.984590590 -172.378799438 0.006272953 0.999957263 -0.006795153 2.808274746 -0.984601378 0.004989159 -0.174743891 208.134033203
-0.132559419 0.003451297 0.991169095 -171.742004395 0.006018505 0.999978304 -0.002677054 2.803480625 -0.991156816 0.005610488 -0.132577300 208.060836792
-0.097384572 0.003692544 0.995240033 -171.090362549 0.004922875 0.999982655 -0.003228436 2.792394876 -0.995234668 0.004585043 -0.097401023 208.024871826
-0.067816138 0.008574003 0.997661114 -170.443237305 0.002092883 0.999962091 -0.008451516 2.779255152 -0.997695744 0.001514840 -0.067831397 208.006027222
-0.044608235 0.015400092 0.998885870 -169.764907837 -0.002774423 0.999875426 -0.015539249 2.767848492 -0.999000728 -0.003464511 -0.044559956 208.011291504
-0.025088668 0.021612694 0.999451697 -169.092819214 -0.006026551 0.999744833 -0.021770317 2.761984587 -0.999667168 -0.006569432 -0.024952054 208.007385254
-0.009110689 0.021586116 0.999725640 -168.381866455 -0.005120275 0.999752879 -0.021633370 2.750780582 -0.999945521 -0.005315959 -0.008997917 208.003128052
0.000694871 0.014632992 0.999892712 -167.665359497 -0.003410967 0.999887168 -0.014630541 2.732553005 -0.999993980 -0.003400434 0.000744700 208.011474609
0.007220149 0.009125429 0.999932349 -166.943466187 -0.002742697 0.999954760 -0.009105830 2.713128090 -0.999970257 -0.002676765 0.007244885 208.021942139
0.012095988 0.007892764 0.999895811 -166.194549561 -0.000740246 0.999968648 -0.007884385 2.695615053 -0.999926686 -0.000644798 0.012101471 208.043899536
0.016533315 0.011180242 0.999800980 -165.467788696 0.001831818 0.999935448 -0.011212040 2.679262400 -0.999861836 0.002016827 0.016511798 208.044433594
0.020677030 0.020277867 0.999580622 -164.729949951 0.003288413 0.999787509 -0.020350089 2.660930634 -0.999780893 0.003707814 0.020605922 208.062973022
0.023182034 0.028432833 0.999327004 -163.975021362 0.003727535 0.999586105 -0.028526681 2.646953344 -0.999724448 0.004386337 0.023066461 208.089050293
0.025901079 0.029716894 0.999222875 -163.199935913 0.005607846 0.999538004 -0.029871635 2.624892950 -0.999648988 0.006377199 0.025722444 208.111663818
0.027965844 0.024154749 0.999317110 -162.438690186 0.006707491 0.999680936 -0.024351256 2.599781275 -0.999586523 0.007383917 0.027794898 208.129501343
0.030236721 0.015176452 0.999427617 -161.642898560 0.007867663 0.999850154 -0.015420898 2.573255539 -0.999511898 0.008329438 0.030112803 208.156784058
0.032670259 0.011580537 0.999399126 -160.847351074 0.009770195 0.999881387 -0.011905514 2.547448635 -0.999418497 0.010153282 0.032553196 208.181152344
0.034870565 0.012769161 0.999310255 -160.046127319 0.013333542 0.999823451 -0.013240987 2.528133869 -0.999302864 0.013786066 0.034694135 208.212036133
0.037757814 0.014860732 0.999176383 -159.234146118 0.015274536 0.999764025 -0.015446681 2.511302233 -0.999170184 0.015845189 0.037521958 208.230621338
0.039892972 0.016649386 0.999065280 -158.415817261 0.016788939 0.999708831 -0.017330499 2.494775772 -0.999062955 0.017464612 0.039601803 208.267578125
0.041314185 0.016814450 0.999004722 -157.594970703 0.017414248 0.999694407 -0.017546229 2.474105358 -0.998994470 0.018121824 0.041008711 208.306213379
0.043104112 0.018429132 0.998900592 -156.749298096 0.013671359 0.999725342 -0.019034289 2.447972298 -0.998977005 0.014476785 0.042840302 208.350540161
0.043878675 0.019293796 0.998850584 -155.905380249 0.013029654 0.999717414 -0.019882923 2.426346302 -0.998951912 0.013887114 0.043614924 208.398452759
0.045743287 0.018714141 0.998778045 -155.054962158 0.013837814 0.999716699 -0.019365493 2.405933857 -0.998857498 0.014706746 0.045471370 208.438995361
0.046474338 0.013972465 0.998821795 -154.153457642 0.016495990 0.999755085 -0.014753067 2.386844158 -0.998783290 0.017162193 0.046232522 208.483276367
0.047609627 0.009642708 0.998819590 -153.269485474 0.017654421 0.999789059 -0.010493585 2.365776539 -0.998710096 0.018133176 0.047429323 208.533386230
0.048731387 0.009252034 0.998769224 -152.379089355 0.017807622 0.999790132 -0.010130354 2.340990543 -0.998653293 0.018279368 0.048556387 208.594497681
0.053059101 0.011698559 0.998522818 -151.475067139 0.023455948 0.999640882 -0.012958051 2.322925568 -0.998315811 0.024108842 0.052765667 208.620697021
0.057261765 0.012161536 0.998285115 -150.581283569 0.026952008 0.999542534 -0.013722825 2.301226139 -0.997995317 0.027691582 0.056907773 208.673904419
0.061392725 0.009365689 0.998069763 -149.683166504 0.028076958 0.999544084 -0.011106580 2.283650398 -0.997718751 0.028704626 0.061101794 208.731109619
0.065914571 0.006691561 0.997802913 -148.760574341 0.026902568 0.999602079 -0.008480805 2.264571190 -0.997462571 0.027402468 0.065708339 208.799682617
0.071100891 0.005867770 0.997452021 -147.863449097 0.027092623 0.999602377 -0.007811659 2.245089054 -0.997101307 0.027579004 0.070913672 208.867858887
0.076294541 0.005282851 0.997071445 -146.968002319 0.028220417 0.999573946 -0.007455503 2.224143982 -0.996685982 0.028706582 0.076112926 208.939636230
0.081255734 0.000604695 0.996693254 -146.070343018 0.027342595 0.999622107 -0.002835590 2.204857826 -0.996318281 0.027482584 0.081208527 209.019882202
0.086871684 -0.002762806 0.996215641 -145.159194946 0.026928660 0.999637246 0.000424070 2.187724590 -0.995855451 0.026789913 0.086914599 209.089477539
0.092076123 -0.001337556 0.995751083 -144.266510010 0.026342614 0.999652386 -0.001093080 2.170663357 -0.995403469 0.026331333 0.092079341 209.177093506
0.097358644 0.007033059 0.995224655 -143.377929688 0.020299478 0.999752998 -0.009050877 2.153918743 -0.995042443 0.021083720 0.097191811 209.274047852
0.102479756 0.012139157 0.994661093 -142.499557495 0.017767765 0.999743700 -0.014031800 2.135344744 -0.994576514 0.019110881 0.102237821 209.367721558
0.106419921 0.011619169 0.994253397 -141.595077515 0.018450044 0.999736488 -0.013658049 2.124867439 -0.994150102 0.019797508 0.106177509 209.479675293
0.110279202 0.005798923 0.993883848 -140.708251953 0.014979273 0.999859691 -0.007495861 2.099733591 -0.993787885 0.015714293 0.110176861 209.581726074
0.111928403 0.002236952 0.993713915 -139.821044922 0.009207528 0.999952197 -0.003288100 2.080996037 -0.993673742 0.009517679 0.111902416 209.699981689
0.112986803 0.003616190 0.993589878 -138.927795410 0.007243304 0.999963820 -0.004463066 2.057654858 -0.993570089 0.007701141 0.112956524 209.809295654
0.112469018 0.004764528 0.993643880 -138.051452637 0.005164641 0.999972165 -0.005379451 2.039026737 -0.993641853 0.005736835 0.112441301 209.918945312
0.112021506 0.006059748 0.993687451 -137.192825317 0.002347200 0.999976993 -0.006362712 2.025080681 -0.993703127 0.003045144 0.112004697 210.024139404
0.111384511 0.005978693 0.993759513 -136.304824829 -0.001702204 0.999981582 -0.005825337 2.008785725 -0.993776023 -0.001042728 0.111392677 210.132354736
0.110172212 0.009356646 0.993868470 -135.398361206 -0.007990019 0.999931693 -0.008528018 1.988654256 -0.993880391 -0.007001478 0.110239446 210.251739502
0.108348131 0.010410450 0.994058609 -134.534194946 -0.011403608 0.999892414 -0.009228601 1.967137933 -0.994047761 -0.010335951 0.108455181 210.359771729
0.106714129 0.015007848 0.994176507 -133.672988892 -0.012846032 0.999823451 -0.013714210 1.946128488 -0.994206786 -0.011307723 0.106888056 210.460266113
0.104557753 0.017425399 0.994366109 -132.816940308 -0.015989345 0.999746740 -0.015838407 1.922951818 -0.994390249 -0.014243236 0.104809880 210.560882568
0.103566349 0.017790738 0.994463503 -131.983566284 -0.016579617 0.999731958 -0.016158340 1.901711941 -0.994484425 -0.014814360 0.103833556 210.648803711
0.101605237 0.015716448 0.994700670 -131.156051636 -0.014958133 0.999786317 -0.014268880 1.876052618 -0.994712353 -0.013429071 0.101818621 210.733947754
0.098513186 0.014115171 0.995035768 -130.314315796 -0.016422480 0.999786317 -0.012556657 1.848402500 -0.995000362 -0.015103955 0.098723948 210.828369141
0.095586240 0.014428378 0.995316684 -129.521072388 -0.018259076 0.999752104 -0.012739146 1.827612996 -0.995253742 -0.016955873 0.095826030 210.913635254
0.092769086 0.013932812 0.995590150 -128.724182129 -0.023510342 0.999653935 -0.011798990 1.807372212 -0.995410025 -0.022312084 0.093064547 211.000030518
0.089057207 0.013767992 0.995931447 -127.960876465 -0.024712082 0.999627173 -0.011609302 1.787066221 -0.995720029 -0.023577644 0.089364231 211.070800781
0.083720803 0.014029731 0.996390522 -127.207092285 -0.023948837 0.999640405 -0.012063213 1.764893651 -0.996201456 -0.022852451 0.084026694 211.146545410
0.077676356 0.016810104 0.996836901 -126.481735229 -0.024287393 0.999593019 -0.014964039 1.745268226 -0.996682763 -0.023048218 0.078053057 211.210235596
0.070751727 0.018399997 0.997324288 -125.777954102 -0.024385689 0.999562919 -0.016711339 1.717184186 -0.997195899 -0.023138080 0.071169496 211.263839722
0.064989090 0.019309882 0.997699142 -125.099060059 -0.022202631 0.999593258 -0.017900284 1.704491496 -0.997638941 -0.020988222 0.065391362 211.307876587
0.059767127 0.018468814 0.998041511 -124.439285278 -0.019592363 0.999657929 -0.017325450 1.679409027 -0.998020053 -0.018518500 0.060108483 211.345291138
0.054517329 0.019214975 0.998327971 -123.808761597 -0.015507942 0.999710500 -0.018394716 1.656446457 -0.998392403 -0.014479178 0.054799557 211.369949341
0.048299909 0.020009317 0.998632491 -123.182418823 -0.012924690 0.999728143 -0.019406155 1.629633546 -0.998749316 -0.011969698 0.048545420 211.396347046
0.042200625 0.021915177 0.998868763 -122.560394287 -0.013581622 0.999679625 -0.021359164 1.610780478 -0.999016821 -0.012664889 0.042484760 211.424392700
0.035997987 0.024976661 0.999039769 -121.946945190 -0.011451738 0.999632299 -0.024578841 1.588195324 -0.999286294 -0.010555950 0.036270797 211.447479248
0.030479431 0.026046060 0.999195933 -121.343566895 -0.011385693 0.999604642 -0.025709404 1.559734106 -0.999470532 -0.010592932 0.030763924 211.469604492
0.026014507 0.026635608 0.999306619 -120.729721069 -0.011315341 0.999588788 -0.026348561 1.528451681 -0.999597490 -0.010622051 0.026305199 211.478668213
0.020693183 0.027605448 0.999404669 -120.121643066 -0.013912457 0.999529898 -0.027320841 1.522546768 -0.999689043 -0.013338820 0.021067560 211.498352051
0.016654730 0.024284299 0.999566376 -119.519485474 -0.012723171 0.999629200 -0.024073835 1.511146784 -0.999780357 -0.012316712 0.016957521 211.518554688
0.015808821 0.015711794 0.999751627 -118.914627075 -0.009860537 0.999830365 -0.015557108 1.488072991 -0.999826431 -0.009612147 0.015961051 211.521118164
0.014244556 0.010601372 0.999842465 -118.319198608 -0.008429532 0.999909520 -0.010481989 1.469525576 -0.999863148 -0.008278890 0.014332652 211.540725708
0.014962852 0.006770454 0.999865234 -117.734832764 -0.008790880 0.999939322 -0.006639401 1.444675684 -0.999849498 -0.008690348 0.015021503 211.552673340
0.016681492 -0.000208423 0.999860823 -117.137649536 -0.012909667 0.999916553 0.000423817 1.435699701 -0.999777496 -0.012914940 0.016677439 211.588226318
0.020895481 -0.004031488 0.999773562 -116.528228760 -0.012746163 0.999909520 0.004298434 1.434230924 -0.999700427 -0.012833095 0.020842195 211.581237793
0.026418865 -0.002543818 0.999647856 -115.946853638 -0.007376956 0.999969065 0.002739596 1.421545386 -0.999623835 -0.007446734 0.026399255 211.593505859
0.034529686 0.000483822 0.999403596 -115.363555908 0.000997261 0.999999344 -0.000518566 1.408896565 -0.999403238 0.001014572 0.034529150 211.611083984
0.046419621 0.005346017 0.998907804 -114.789855957 0.006266488 0.999964416 -0.005642879 1.392145514 -0.998902440 0.006521584 0.046384454 211.640197754
0.062741995 0.013782333 0.997934759 -114.221954346 0.011584385 0.999827206 -0.014536805 1.384871960 -0.997962713 0.012472530 0.062571466 211.675476074
0.082957387 0.015728209 0.996429086 -113.650207520 0.015621432 0.999732077 -0.017080905 1.378887177 -0.996430755 0.016982637 0.082689464 211.737915039
0.105754673 0.013300596 0.994303286 -113.089508057 0.019390708 0.999692857 -0.015435099 1.355523348 -0.994203210 0.020912580 0.105464280 211.804138184
0.129275084 0.013926222 0.991511047 -112.530426025 0.018312706 0.999697328 -0.016428849 1.332531691 -0.991439700 0.020281089 0.128980875 211.899108887
0.155747175 0.018274229 0.987627983 -111.964492798 0.018407583 0.999601543 -0.021398624 1.318450451 -0.987625539 0.021512620 0.155348718 211.995758057
0.185778081 0.018128023 0.982424557 -111.423034668 0.018165063 0.999595582 -0.021879915 1.300282478 -0.982423902 0.021910613 0.185373664 212.114837646
0.220346987 0.014867339 0.975308359 -110.882202148 0.018172134 0.999647737 -0.019343916 1.273341417 -0.975252390 0.021985807 0.219999194 212.232666016
0.257339418 0.012333271 0.966242433 -110.337738037 0.017054645 0.999704838 -0.017302558 1.258449316 -0.966170609 0.020931553 0.257053077 212.381225586
0.295096993 0.008878632 0.955426097 -109.813522339 0.011793422 0.999846816 -0.012933996 1.248145103 -0.955394566 0.015084527 0.294947088 212.589828491
0.336062610 0.003513464 0.941833079 -109.325180054 0.008225057 0.999943972 -0.006665089 1.216838241 -0.941803694 0.009986518 0.336014926 212.800720215
0.379917085 0.003829020 0.925012648 -108.831466675 0.007443946 0.999946415 -0.007196548 1.208145022 -0.924990654 0.009619836 0.379868209 213.035247803
0.424663365 0.003060325 0.905346215 -108.350646973 0.007396708 0.999949157 -0.006849624 1.189792871 -0.905321181 0.009605365 0.424619138 213.294647217
0.472413778 0.003198394 0.881371140 -107.863327026 0.007221913 0.999945819 -0.007499625 1.177127481 -0.881347358 0.009908112 0.472365081 213.567611694
0.518716991 0.006189629 0.854923666 -107.405319214 0.006062390 0.999922037 -0.010917714 1.180641890 -0.854924560 0.010846085 0.518639028 213.882278442
0.564707220 0.009437342 0.825237393 -107.019905090 0.007497565 0.999834716 -0.016564582 1.157135725 -0.825257301 0.015541410 0.564543128 214.179718018
0.609528124 0.013437448 0.792650640 -106.615341187 0.007500609 0.999713838 -0.022715479 1.144697189 -0.792729020 0.019791087 0.609252930 214.526992798
0.652933598 0.016494915 0.757235527 -106.228935242 0.005513045 0.999632835 -0.026528746 1.129096985 -0.757395089 0.021496182 0.652602911 214.897933960
0.693531752 0.016516155 0.720236778 -105.860832214 0.006482558 0.999553621 -0.029163526 1.120614767 -0.720396936 0.024894809 0.693115115 215.295715332
0.731594563 0.009706792 0.681670904 -105.550491333 0.012803105 0.999526680 -0.027973734 1.102414846 -0.681619763 0.029192934 0.731123984 215.668289185
0.766571760 0.002843262 0.642152369 -105.214752197 0.015873261 0.999600768 -0.023374703 1.085095167 -0.641962469 0.028111439 0.766220570 216.104171753
0.798929334 -0.001667452 0.601422608 -104.911781311 0.016577480 0.999677241 -0.019249896 1.062841892 -0.601196408 0.025349377 0.798699141 216.546966553
0.828478992 -0.001368755 0.560018480 -104.671859741 0.014185384 0.999727428 -0.018542089 1.041391253 -0.559840441 0.023305807 0.828272581 216.978973389
0.855618894 -0.003079973 0.517597198 -104.422271729 0.016056066 0.999659002 -0.020593140 1.028287888 -0.517357290 0.025930455 0.855376601 217.446350098
0.880496025 -0.003458022 0.474040866 -104.193771362 0.016145470 0.999612033 -0.022697074 1.011861801 -0.473778456 0.027638298 0.880210280 217.917343140
0.902219951 -0.002131225 0.431271017 -104.001525879 0.013422689 0.999642134 -0.023140335 0.998303056 -0.431067348 0.026666488 0.901925623 218.394744873
0.921244144 0.001410167 0.388982296 -103.839309692 0.007876541 0.999720752 -0.022278624 0.973856032 -0.388905108 0.023587888 0.920975804 218.862197876
0.938005984 0.006146543 0.346564502 -103.683937073 0.000985314 0.999791443 -0.020398777 0.960734129 -0.346617579 0.019475650 0.937804341 219.331863403
0.951247454 0.010119537 0.308262587 -103.561584473 -0.004596999 0.999815762 -0.018636024 0.949676216 -0.308394402 0.016310388 0.951118767 219.836837769
0.961541951 0.015104846 0.274242520 -103.444915771 -0.011402386 0.999821126 -0.015089825 0.930794954 -0.274421394 0.011382480 0.961542189 220.313308716
0.968715191 0.022822388 0.247123361 -103.356750488 -0.020351363 0.999714136 -0.012549150 0.920166612 -0.247339129 0.007127255 0.968902767 220.827194214
0.973600388 0.034657292 0.225612745 -103.257820129 -0.033020467 0.999393880 -0.011025727 0.902978957 -0.225858122 0.003284814 0.974154651 221.365524292
0.976653695 0.043518975 0.210365474 -103.176208496 -0.042485472 0.999052584 -0.009431919 0.893985689 -0.210576639 0.000274242 0.977577329 221.876373291
0.978729427 0.045230001 0.200107351 -103.093215942 -0.044184200 0.998976409 -0.009691422 0.885602772 -0.200340867 0.000643696 0.979726017 222.382019043
0.980189145 0.045760740 0.192705050 -103.004890442 -0.044472329 0.998949945 -0.011008509 0.878007531 -0.193006456 0.002220378 0.981194973 222.887115479
0.980958581 0.044852071 0.188967004 -102.913772583 -0.043257277 0.998985052 -0.012557494 0.870017350 -0.189338446 0.004144184 0.981903136 223.381820679
0.980944753 0.048969831 0.188014239 -102.803680420 -0.047523323 0.998795688 -0.012196402 0.845389366 -0.188385054 0.003028935 0.982090592 223.910247803
0.980456769 0.051896963 0.189766347 -102.717414856 -0.050357245 0.998647571 -0.012929994 0.829007149 -0.190180734 0.003121191 0.981744111 224.403701782
0.979725003 0.048207577 0.194460809 -102.619667053 -0.046081219 0.998818278 -0.015446244 0.819734931 -0.194975629 0.006172080 0.980788648 224.900207520
0.977852225 0.043431159 0.204740852 -102.508041382 -0.040667821 0.999016166 -0.017687295 0.801784515 -0.205307603 0.008969196 0.978656411 225.386276245
0.974429250 0.039432395 0.221207559 -102.387504578 -0.036376175 0.999178290 -0.017874567 0.790363789 -0.221730635 0.009370818 0.975062907 225.856689453
0.969445705 0.038744327 0.242226973 -102.260238647 -0.035877123 0.999224246 -0.016238283 0.776850462 -0.242668211 0.007051727 0.970083714 226.334884644
0.962101102 0.040911291 0.269606680 -102.116569519 -0.038742892 0.999159873 -0.013361460 0.766586185 -0.269926816 0.002409733 0.962877810 226.796875000
0.951932073 0.039429050 0.303760797 -101.966407776 -0.039103195 0.999209523 -0.007157920 0.758385658 -0.303802907 -0.005064164 0.952721417 227.241943359
0.939773679 0.032279048 0.340269804 -101.786903381 -0.034968417 0.999386847 0.001772541 0.741806030 -0.340003937 -0.013564485 0.940326154 227.661315918
0.925142050 0.012134236 0.379427165 -101.574859619 -0.014382121 0.999891818 0.003090401 0.723066211 -0.379348606 -0.008316027 0.925216436 228.029922485
0.906289518 0.001580754 0.422654510 -101.365539551 -0.000843231 0.999997795 -0.001931930 0.710551858 -0.422656626 0.001394493 0.906288862 228.373931885
0.883071065 0.002154188 0.469234407 -101.147560120 0.003086013 0.999941170 -0.010398280 0.685743690 -0.469229192 0.010630484 0.883012414 228.705871582
0.855874836 0.014032742 0.516992569 -100.934860229 -0.004396178 0.999793112 -0.019859590 0.672598958 -0.517164290 0.014724532 0.855759501 229.020431519
0.823783636 0.028323309 0.566196322 -100.706596375 -0.017049305 0.999537170 -0.025194902 0.670187950 -0.566647887 0.011101894 0.823885262 229.340866089
0.787224174 0.032772798 0.615795493 -100.451690674 -0.023241350 0.999454141 -0.023479804 0.665324688 -0.616228878 0.004171953 0.787556112 229.635162354
0.748273849 0.024433129 0.662939966 -100.157180786 -0.017042499 0.999699712 -0.017608440 0.656804800 -0.663171113 0.001877782 0.748465538 229.906845093
0.707901597 0.011920652 0.706210494 -99.842750549 -0.004768373 0.999915421 -0.012098526 0.647102594 -0.706295013 0.005197091 0.707898617 230.127960205
0.664793372 0.006607424 0.746998131 -99.522926331 0.001271328 0.999949455 -0.009976277 0.627838850 -0.747026265 0.007581842 0.664751291 230.334854126
0.619574070 0.007243390 0.784904838 -99.200843811 0.003866676 0.999917150 -0.012279810 0.615268469 -0.784928739 0.010643225 0.619494677 230.529830933
0.572259903 0.008721111 0.820025980 -98.892036438 0.007211894 0.999851286 -0.015666446 0.609254360 -0.820040643 0.014879218 0.572111845 230.697326660
0.526215255 0.010526711 0.850286245 -98.559516907 0.009279093 0.999792755 -0.018120170 0.599528551 -0.850300789 0.017424995 0.526008546 230.857086182
0.483134151 0.012304746 0.875459850 -98.222930908 0.008850211 0.999781549 -0.018936215 0.592715979 -0.875501633 0.016896738 0.482919693 231.008026123
0.443423390 0.013020426 0.896217763 -97.880432129 0.005681019 0.999833584 -0.017336588 0.583320618 -0.896294355 0.012778879 0.443275630 231.146118164
0.402190089 0.014556815 0.915440500 -97.530624390 0.000967669 0.999866307 -0.016324442 0.579638362 -0.915555716 0.007451371 0.402122200 231.288757324
0.361485422 0.013797862 0.932275712 -97.157760620 0.000972129 0.999884367 -0.015175424 0.576660275 -0.932377338 0.006391988 0.361430228 231.405105591
0.322694182 0.009510727 0.946455538 -96.768188477 0.004034827 0.999926627 -0.011423723 0.562288523 -0.946494758 0.007505154 0.322632134 231.506546021
0.285859585 0.005916139 0.958253264 -96.359619141 0.007779590 0.999933660 -0.008494223 0.551041842 -0.958239913 0.009882972 0.285794556 231.599731445
0.252668917 0.005495959 0.967537224 -95.938980103 0.010367279 0.999911070 -0.008387232 0.540062189 -0.967497289 0.012149921 0.252589464 231.682678223
0.223593891 0.007329160 0.974654913 -95.514190674 0.013267228 0.999856174 -0.010562282 0.532061577 -0.974592149 0.015292631 0.223464489 231.758850098
0.200734675 0.010816094 0.979585946 -95.067840576 0.015051559 0.999786973 -0.014123476 0.522835732 -0.979529977 0.017579366 0.200529158 231.834197998
0.181929529 0.015577313 0.983188272 -94.616180420 0.013295454 0.999744117 -0.018299818 0.514765739 -0.983221769 0.016401211 0.181675851 231.910385132
0.166185796 0.019375440 0.985904157 -94.140518188 0.012616628 0.999683321 -0.021772917 0.504147768 -0.986013770 0.016057136 0.165888727 231.981414795
0.151068926 0.023541555 0.988242865 -93.659057617 0.011463653 0.999607444 -0.025564682 0.492373228 -0.988456726 0.015190903 0.150739789 232.046295166
0.135816276 0.026281083 0.990385413 -93.153854370 0.011090474 0.999545157 -0.028045038 0.477260113 -0.990671992 0.014792815 0.135462999 232.112365723
0.121593535 0.027152857 0.992208540 -92.631866455 0.014072689 0.999478102 -0.029076383 0.460009575 -0.992480218 0.017498542 0.121147931 232.161743164
0.110172629 0.026379297 0.993562341 -92.087570190 0.018119423 0.999428272 -0.028544238 0.446482182 -0.993747294 0.021147570 0.109631658 232.209472656
0.102876723 0.024706660 0.994387269 -91.531524658 0.021644643 0.999399185 -0.027070489 0.429958820 -0.994458616 0.024308082 0.102280140 232.255783081
0.099437594 0.022238212 0.994795382 -90.959197998 0.023738185 0.999412656 -0.024714254 0.414764404 -0.994760692 0.026072161 0.098851323 232.312728882
0.098910332 0.019544324 0.994904399 -90.364730835 0.023790708 0.999474883 -0.021999309 0.400804043 -0.994811952 0.025845440 0.098393440 232.373397827
0.098463714 0.016485676 0.995004237 -89.753173828 0.023753144 0.999538958 -0.018911382 0.385329247 -0.994857252 0.025496563 0.098026752 232.432281494
0.096395552 0.015535684 0.995221972 -89.134536743 0.023083014 0.999574363 -0.017839415 0.367299557 -0.995075524 0.024692362 0.095995903 232.495956421
0.094762444 0.015436295 0.995380342 -88.501022339 0.022141766 0.999599755 -0.017609680 0.350232601 -0.995253801 0.023708213 0.094382703 232.558898926
0.093666911 0.015979890 0.995475471 -87.845092773 0.021598209 0.999603271 -0.018078389 0.337658405 -0.995369375 0.023193834 0.093284607 232.619201660
0.091156363 0.018074816 0.995672584 -87.175643921 0.021749584 0.999560654 -0.020136628 0.325458050 -0.995599091 0.023491045 0.090723217 232.680175781
0.088794291 0.020582652 0.995837390 -86.474380493 0.021882029 0.999504864 -0.022609580 0.306571960 -0.995809734 0.023798544 0.088299990 232.743362427
0.086096406 0.022656949 0.996029258 -85.777648926 0.021077020 0.999476194 -0.024557253 0.289986610 -0.996063948 0.023107618 0.085573792 232.807952881
0.083491385 0.023744445 0.996225715 -85.061767578 0.020657115 0.999460042 -0.025552765 0.267362118 -0.996294498 0.022712586 0.082955837 232.867675781
0.081533611 0.023507331 0.996393383 -84.336883545 0.018954899 0.999504447 -0.025131786 0.248106003 -0.996490419 0.020935621 0.081047595 232.929244995
0.079587579 0.023242868 0.996556938 -83.568801880 0.018452581 0.999522448 -0.024785707 0.228332996 -0.996657133 0.020361681 0.079120696 232.993194580
0.077458024 0.021793380 0.996757507 -82.813796997 0.018941555 0.999548435 -0.023326356 0.205159664 -0.996815801 0.020686952 0.077010274 233.051193237
0.074750662 0.020517448 0.996991217 -82.044113159 0.019090230 0.999575675 -0.022001950 0.179815292 -0.997019589 0.020677453 0.074327290 233.114913940
0.071693063 0.019383414 0.997238457 -81.266265869 0.019817559 0.999586105 -0.020853765 0.155613899 -0.997229934 0.021257903 0.071279287 233.172653198
0.069024742 0.018941661 0.997435153 -80.473419189 0.020996304 0.999570668 -0.020435208 0.136381149 -0.997394025 0.022352986 0.068597436 233.229370117
0.066809595 0.019157605 0.997581840 -79.680328369 0.021448215 0.999557078 -0.020631960 0.112247467 -0.997535229 0.022774765 0.066369116 233.282592773
0.064652681 0.018875623 0.997729421 -78.876190186 0.024599927 0.999487102 -0.020502955 0.090010643 -0.997604728 0.025869641 0.064155161 233.335723877
0.063100994 0.019087190 0.997824728 -78.058944702 0.025335195 0.999464273 -0.020720717 0.068957806 -0.997685611 0.026587581 0.062583625 233.388916016
0.061452806 0.020124253 0.997907162 -77.226760864 0.025838450 0.999429584 -0.021746133 0.044692993 -0.997775555 0.027120734 0.060897768 233.444824219
0.060212553 0.022033747 0.997942448 -76.394577026 0.025686216 0.999391079 -0.023615560 0.020460606 -0.997855127 0.027055318 0.059609950 233.495361328
0.058445394 0.025214845 0.997972190 -75.569366455 0.024363661 0.999347150 -0.026676426 -0.009433270 -0.997993350 0.025873372 0.057792902 233.545593262
0.056438088 0.027486073 0.998027742 -74.744750977 0.022081891 0.999342084 -0.028770996 -0.039524555 -0.998161912 0.023662120 0.055794001 233.594604492
0.054998636 0.029341094 0.998055220 -73.880752563 0.020951793 0.999314129 -0.030532669 -0.066791534 -0.998266578 0.022590300 0.054346144 233.642974854
0.053895652 0.028737426 0.998133063 -73.019821167 0.022154424 0.999305308 -0.029967442 -0.097694397 -0.998300850 0.023728179 0.053221583 233.685531616
0.053213000 0.026954772 0.998219311 -72.151000977 0.022884997 0.999340177 -0.028204991 -0.128511906 -0.998320878 0.024345119 0.052561045 233.738708496
0.054736435 0.023565587 0.998222828 -71.272094727 0.024845745 0.999379754 -0.024955295 -0.157075882 -0.998191833 0.026167555 0.054117024 233.783416748
0.056811631 0.021205263 0.998159707 -70.394958496 0.027475433 0.999362528 -0.022794621 -0.191182613 -0.998006821 0.028719870 0.056192756 233.830444336
0.060159028 0.019791408 0.997992754 -69.512252808 0.030574499 0.999297798 -0.021660328 -0.220947266 -0.997720659 0.031816192 0.059511662 233.879318237
0.063202024 0.019584825 0.997808576 -68.642379761 0.031620525 0.999266148 -0.021616306 -0.252598763 -0.997499704 0.032917425 0.062536359 233.941177368
0.066730857 0.020370500 0.997563064 -67.742248535 0.032791574 0.999206722 -0.022597620 -0.282407761 -0.997232020 0.034219623 0.066009939 233.995910645
0.069624722 0.022784600 0.997313082 -66.862915039 0.031130278 0.999202609 -0.025001045 -0.317406654 -0.997087419 0.032787323 0.068859875 234.066925049
0.072513163 0.024792314 0.997059286 -65.997528076 0.030357298 0.999172926 -0.027052669 -0.351595879 -0.996905327 0.032229699 0.071700573 234.129074097
0.074517727 0.024973355 0.996906996 -65.124481201 0.030361727 0.999166131 -0.027299456 -0.385526657 -0.996757448 0.032302111 0.073697329 234.187438965
0.075769186 0.026068237 0.996784627 -64.249694824 0.028031494 0.999207437 -0.028262377 -0.420346260 -0.996731341 0.030082779 0.074978411 234.259613037
0.076779068 0.025844013 0.996713102 -63.371643066 0.026487844 0.999258280 -0.027950428 -0.455512524 -0.996696234 0.028546792 0.076037586 234.337707520
0.078567684 0.022164430 0.996662378 -62.504882812 0.024763659 0.999400914 -0.024177471 -0.487246037 -0.996601224 0.026580576 0.077971697 234.405746460
0.080546081 0.013589952 0.996658206 -61.629714966 0.022631321 0.999624372 -0.015459372 -0.517967463 -0.996493936 0.023800883 0.080208242 234.482162476
0.082114577 0.009134068 0.996581137 -60.755004883 0.027792636 0.999548137 -0.011451276 -0.542518616 -0.996235371 0.028637933 0.081823647 234.549545288
0.084310353 0.012335123 0.996363342 -59.899536133 0.028139792 0.999495089 -0.014755037 -0.575878620 -0.996042252 0.029281458 0.083920717 234.622528076
0.084822476 0.022877200 0.996133447 -59.044555664 0.024764532 0.999379158 -0.025060486 -0.596763611 -0.996088266 0.026794471 0.084203303 234.712402344
0.086013496 0.031353515 0.995800495 -58.197998047 0.024972385 0.999122798 -0.033615142 -0.629128456 -0.995980978 0.027758868 0.085155070 234.789581299
0.086831272 0.031615384 0.995721340 -57.341751099 0.028478166 0.999009073 -0.034203202 -0.662431717 -0.995815992 0.031326227 0.085844874 234.863281250
0.086385906 0.024606586 0.995957851 -56.485168457 0.030783404 0.999151647 -0.027355539 -0.697030544 -0.995786071 0.033022106 0.085555136 234.934570312
0.085867107 0.015679492 0.996183217 -55.632339478 0.028424470 0.999430597 -0.018180685 -0.731491089 -0.995901048 0.029877102 0.085372567 235.006134033
0.085342109 0.013279819 0.996263206 -54.785842896 0.028286248 0.999475837 -0.015745705 -0.763106346 -0.995950103 0.029524319 0.084921777 235.080810547
0.085205555 0.017388340 0.996211767 -53.955078125 0.030636869 0.999329209 -0.020063115 -0.787786961 -0.995892346 0.032230295 0.084615707 235.152770996
0.085824251 0.021312451 0.996082246 -53.126724243 0.033753600 0.999135077 -0.024286037 -0.817922115 -0.995738328 0.035705697 0.085030615 235.219100952
0.086404264 0.021167804 0.996035337 -52.298400879 0.035734519 0.999065042 -0.024332102 -0.845385075 -0.995619178 0.037695244 0.085567057 235.290802002
0.087956369 0.017695198 0.995967150 -51.475708008 0.034700032 0.999180973 -0.020816747 -0.876457691 -0.995519757 0.036391057 0.087270319 235.363189697
0.088995397 0.015746964 0.995907545 -50.657684326 0.033827342 0.999250412 -0.018822670 -0.908668995 -0.995457411 0.035364039 0.088396013 235.439849854
0.090144336 0.016775321 0.995787561 -49.841995239 0.033458188 0.999242723 -0.019862361 -0.936567783 -0.995366633 0.035107724 0.089514852 235.522460938
0.091651678 0.019770946 0.995594978 -49.036361694 0.033555735 0.999173760 -0.022931069 -0.961163521 -0.995225728 0.035509590 0.090912521 235.596069336
0.092820346 0.022162026 0.995436311 -48.235610962 0.034647621 0.999074876 -0.025473787 -0.985424519 -0.995079935 0.036853984 0.091966629 235.668304443
0.093940973 0.021432094 0.995347083 -47.439880371 0.034858488 0.999084413 -0.024802521 -1.021502018 -0.994967401 0.037026267 0.093107879 235.745727539
0.095123589 0.019944984 0.995265782 -46.639862061 0.035643272 0.999089897 -0.023428272 -1.051517010 -0.994827271 0.037703108 0.094326138 235.822799683
0.095954359 0.017861394 0.995225549 -45.847671509 0.035333302 0.999147773 -0.021338440 -1.077250004 -0.994758487 0.037212122 0.095241487 235.907958984
0.097416162 0.016685162 0.995103836 -45.038406372 0.035227191 0.999175131 -0.020202007 -1.111186981 -0.994620085 0.037022717 0.096748054 235.985534668
0.098773003 0.016293226 0.994976699 -44.265914917 0.035753407 0.999162257 -0.019911071 -1.136513233 -0.994467556 0.037540480 0.098107755 236.063232422
0.099876225 0.016442990 0.994864047 -43.509323120 0.034845427 0.999192297 -0.020012725 -1.165599823 -0.994389594 0.036665257 0.099222600 236.142150879
0.100549877 0.016324647 0.994798124 -42.768753052 0.032781336 0.999268174 -0.019711398 -1.190091133 -0.994391859 0.034592792 0.099941134 236.229949951
0.101529837 0.016190780 0.994700730 -42.038467407 0.030210564 0.999356210 -0.019350171 -1.217162609 -0.994373679 0.032015089 0.100975335 236.314498901
0.102597117 0.017012458 0.994577527 -41.333312988 0.026947357 0.999439240 -0.019875417 -1.249389648 -0.994357944 0.028840397 0.102081180 236.392410278
0.103439271 0.018329140 0.994466901 -40.636367798 0.023699582 0.999500930 -0.020887030 -1.275681973 -0.994353414 0.025728989 0.102953255 236.472091675
0.103122473 0.020116638 0.994465232 -39.939285278 0.020626407 0.999537230 -0.022358121 -1.298657894 -0.994454801 0.022817869 0.102659822 236.557296753
0.102495372 0.021364091 0.994504094 -39.249771118 0.017650912 0.999572873 -0.023292117 -1.327079058 -0.994576871 0.019941239 0.102074444 236.640838623
0.101864934 0.021725671 0.994561017 -38.555404663 0.016466489 0.999587715 -0.023522008 -1.353188276 -0.994661987 0.018772995 0.101465166 236.715927124
0.101170838 0.022225695 0.994620800 -37.871032715 0.012860962 0.999637663 -0.023645993 -1.375498533 -0.994785964 0.015184065 0.100848317 236.792404175
0.100048184 0.020591190 0.994769573 -37.196701050 0.012395213 0.999682486 -0.021939525 -1.398263931 -0.994905472 0.014525391 0.099761188 236.866271973
0.099369049 0.018004203 0.994887769 -36.520874023 0.013197454 0.999724507 -0.019409891 -1.429370880 -0.994963169 0.015058729 0.099104047 236.928176880
0.097523510 0.016041081 0.995104074 -35.853561401 0.015109326 0.999731004 -0.017596435 -1.453552485 -0.995118618 0.016751418 0.097254872 236.995147705
0.095428050 0.016061131 0.995306849 -35.196212769 0.016634353 0.999704480 -0.017726967 -1.476625919 -0.995297432 0.018247934 0.095132649 237.058776855
0.093496621 0.017543938 0.995465040 -34.542068481 0.016389001 0.999682128 -0.019157559 -1.500212669 -0.995484710 0.018105844 0.093179345 237.118865967
0.091504455 0.020059194 0.995602727 -33.914321899 0.016210597 0.999634624 -0.021630326 -1.522292614 -0.995672822 0.018118586 0.091145873 237.177871704
0.088860631 0.022243947 0.995795786 -33.303375244 0.016128071 0.999587417 -0.023767849 -1.541005373 -0.995913625 0.018172292 0.088465214 237.234558105
0.085741639 0.022615762 0.996060848 -32.709030151 0.016373059 0.999575317 -0.024104970 -1.563365936 -0.996182978 0.018375361 0.085334957 237.286895752
0.081650734 0.022032587 0.996417522 -32.139801025 0.015430198 0.999607861 -0.023367552 -1.586461067 -0.996541679 0.017282899 0.081278741 237.336059570
0.076688051 0.021349167 0.996826649 -31.581085205 0.014992069 0.999633014 -0.022562647 -1.606909275 -0.996942520 0.016674779 0.076339781 237.383483887
0.071601450 0.019016054 0.997252047 -31.045715332 0.013635908 0.999706149 -0.020041890 -1.633077860 -0.997340083 0.015033466 0.071321070 237.418853760
0.065160930 0.017575666 0.997720063 -30.532791138 0.012530758 0.999751627 -0.018429838 -1.651469231 -0.997796178 0.013703094 0.064924479 237.453369141
0.057846546 0.017963530 0.998163879 -30.039733887 0.012257242 0.999749959 -0.018702418 -1.670618892 -0.998250246 0.013316606 0.057611883 237.483718872
0.049988449 0.018305536 0.998582125 -29.558731079 0.011891631 0.999750257 -0.018922240 -1.694440246 -0.998679101 0.012820664 0.049758255 237.505447388
0.041480303 0.018197987 0.998973608 -29.094451904 0.013153280 0.999737501 -0.018758068 -1.707306266 -0.999052763 0.013917872 0.041230083 237.526321411
0.033218622 0.017121937 0.999301434 -28.659072876 0.014734560 0.999736190 -0.017619189 -1.730205774 -0.999339521 0.015309552 0.032957554 237.517501831
0.023848951 0.017292481 0.999566019 -28.225830078 0.015779071 0.999719322 -0.017671611 -1.740267992 -0.999591053 0.016193671 0.023569345 237.520355225
0.014281809 0.017631825 0.999742627 -27.812179565 0.015987158 0.999712706 -0.017859682 -1.758104801 -0.999770284 0.016238112 0.013995826 237.527069092
0.004882336 0.017246792 0.999839485 -27.413009644 0.016665550 0.999710977 -0.017325960 -1.769441843 -0.999849319 0.016747467 0.004593492 237.518218994
-0.005089641 0.016254375 0.999854982 -27.026779175 0.016894726 0.999726593 -0.016166290 -1.781120777 -0.999844372 0.016809996 -0.005362868 237.506546021
-0.015641093 0.014584598 0.999771357 -26.666183472 0.015909739 0.999770641 -0.014335686 -1.795313358 -0.999751151 0.015681874 -0.015869498 237.499725342
-0.026571989 0.013105193 0.999561071 -26.314147949 0.016890883 0.999777198 -0.012659007 -1.803551555 -0.999504268 0.016547095 -0.026787400 237.479446411
-0.038292885 0.014544575 0.999160707 -25.984497070 0.021370439 0.999677300 -0.013733073 -1.812978745 -0.999037981 0.020826623 -0.038591266 237.457595825
-0.050013304 0.016092833 0.998618901 -25.678527832 0.027494617 0.999513388 -0.014730250 -1.828187704 -0.998370051 0.026719935 -0.050431490 237.426010132
-0.062196374 0.015983237 0.997936070 -25.377243042 0.033364505 0.999346197 -0.013926386 -1.836208344 -0.997506261 0.032429468 -0.062688947 237.389160156
-0.074002504 0.014080848 0.997158706 -25.102478027 0.035138674 0.999316216 -0.011503559 -1.840397835 -0.996638894 0.034187540 -0.074446678 237.353195190
-0.086709499 0.011656876 0.996165454 -24.848083496 0.034974884 0.999350786 -0.008649819 -1.851170063 -0.995619535 0.034090750 -0.087060928 237.327072144
-0.099840164 0.010744955 0.994945467 -24.610382080 0.031917501 0.999461710 -0.007590892 -1.854851007 -0.994491458 0.030998297 -0.100129366 237.300964355
-0.112898588 0.009918896 0.993556976 -24.414855957 0.029959766 0.999529481 -0.006574172 -1.859004736 -0.993154705 0.029024521 -0.113142610 237.264389038
-0.126267910 0.009750099 0.991948426 -24.224670410 0.029552560 0.999544859 -0.006062944 -1.861483335 -0.991556048 0.028549057 -0.126498580 237.230316162
-0.139536381 0.011616686 0.990148902 -24.058471680 0.031018941 0.999491751 -0.007354971 -1.869393110 -0.989731073 0.029687082 -0.139825821 237.192108154
-0.153560162 0.015703345 0.988014698 -23.898773193 0.031923827 0.999430597 -0.010923099 -1.873023987 -0.987623692 0.029863855 -0.153974056 237.158584595
-0.166185141 0.018829428 0.985914946 -23.740112305 0.034114841 0.999328971 -0.013335247 -1.879421711 -0.985504448 0.031418208 -0.166715980 237.113525391
-0.179547787 0.019233918 0.983561337 -23.574645996 0.038534857 0.999179006 -0.012504849 -1.884544849 -0.982994378 0.035656177 -0.180141568 237.065017700
-0.193833351 0.018075332 0.980867922 -23.416595459 0.041405190 0.999090075 -0.010228878 -1.891062260 -0.980160296 0.038630325 -0.194405437 237.011947632
-0.208727717 0.018197780 0.977804482 -23.255065918 0.042673551 0.999044061 -0.009483729 -1.893436909 -0.977042377 0.039746873 -0.209304810 236.969238281
-0.222391605 0.019074049 0.974770963 -23.102020264 0.042920716 0.999030828 -0.009756510 -1.901664734 -0.974012315 0.039668098 -0.222994804 236.918334961
-0.237570167 0.020473074 0.971154630 -22.941070557 0.041873697 0.999064326 -0.010818028 -1.898846149 -0.970467448 0.038095795 -0.238205194 236.865051270
-0.253330946 0.021290900 0.967145443 -22.784759521 0.040846996 0.999101579 -0.011295062 -1.905926704 -0.966517031 0.036643595 -0.253973007 236.814117432
-0.268531919 0.022645064 0.963004708 -22.636322021 0.039639868 0.999136567 -0.012441216 -1.909113884 -0.962454975 0.034832515 -0.269197702 236.757888794
-0.286307335 0.025640326 0.957794666 -22.517425537 0.037954122 0.999160767 -0.015402322 -1.913915157 -0.957385778 0.031942457 -0.287040234 236.720489502
-0.305995226 0.030543134 0.951543212 -22.343566895 0.037537664 0.999095082 -0.019998210 -1.911857128 -0.951292932 0.029599350 -0.306864858 236.649688721
-0.327907205 0.033600762 0.944112301 -22.155151367 0.037654132 0.999037981 -0.022477603 -1.916587830 -0.943959355 0.028179159 -0.328857064 236.568679810
-0.353456140 0.034994144 0.934796393 -21.946563721 0.037604842 0.999023795 -0.023179727 -1.922244072 -0.934695005 0.026959855 -0.354427099 236.478775024
-0.381982923 0.035639953 0.923482120 -21.728912354 0.038596835 0.998999476 -0.022589469 -1.929279327 -0.923363268 0.027014697 -0.382976294 236.359497070
-0.415084004 0.036574163 0.909047723 -21.500549316 0.040183313 0.998953521 -0.021843124 -1.936137199 -0.908895373 0.027461821 -0.416119337 236.231140137
-0.449959636 0.036830518 0.892289281 -21.266357422 0.041146997 0.998943090 -0.020483399 -1.949121475 -0.892100632 0.027498322 -0.450999618 236.079025269
-0.486319661 0.036681924 0.873010874 -21.016265869 0.041110586 0.998972535 -0.019073481 -1.952383041 -0.872813523 0.026614178 -0.487328053 235.921386719
-0.524070263 0.037233394 0.850860894 -20.766387939 0.041372593 0.998977423 -0.018232334 -1.960304260 -0.850669682 0.025647299 -0.525074720 235.743728638
-0.563645601 0.037036236 0.825186193 -20.505828857 0.039152745 0.999069333 -0.018097132 -1.966323376 -0.825088501 0.022107935 -0.564571023 235.540969849
-0.603957534 0.034742679 0.796258807 -20.234710693 0.034818087 0.999245822 -0.017190177 -1.975317478 -0.796255529 0.017342072 -0.604711771 235.306732178
-0.644387245 0.032221604 0.764020503 -19.953094482 0.031116698 0.999389231 -0.015903672 -1.982144356 -0.764066339 0.013525671 -0.644996285 235.051986694
-0.683890581 0.032773912 0.728848100 -19.681091309 0.031350881 0.999387920 -0.015522134 -1.983391047 -0.728910685 0.012234588 -0.684499502 234.762374878
-0.722949386 0.034063205 0.690061092 -19.428070068 0.032761388 0.999350548 -0.015007756 -1.989734650 -0.690124094 0.011757511 -0.723595738 234.441726685
-0.760891199 0.036374945 0.647859454 -19.187301636 0.035634521 0.999263227 -0.014253343 -1.997078657 -0.647900641 0.012240920 -0.761626840 234.095199585
-0.797840953 0.039901078 0.601546168 -18.949569702 0.038039073 0.999150991 -0.015822679 -1.996388912 -0.601666749 0.010258277 -0.798681378 233.731292725
-0.833042741 0.041114327 0.551678896 -18.724182129 0.038037922 0.999131262 -0.017023304 -1.997084260 -0.551899552 0.006803580 -0.833883047 233.335601807
-0.864814758 0.040956650 0.500417888 -18.531372070 0.037743885 0.999150455 -0.016546944 -2.006868839 -0.500670433 0.004577674 -0.865625978 232.918136597
-0.893392205 0.039102178 0.447573185 -18.334884644 0.036811326 0.999226689 -0.013818953 -2.017908812 -0.447767437 0.004130018 -0.894140720 232.480514526
-0.917355895 0.041377712 0.395912051 -18.171447754 0.039952870 0.999131322 -0.011848025 -2.022305489 -0.396058381 0.004948967 -0.918212175 232.002761841
-0.936760545 0.047601383 0.346719265 -18.035202026 0.047182377 0.998839617 -0.009654978 -2.024321318 -0.346776545 0.007314637 -0.937919497 231.500610352
-0.952830195 0.050280679 0.299310327 -17.902999878 0.050648797 0.998695135 -0.006532921 -2.026432037 -0.299248248 0.008934945 -0.954133630 230.961914062
-0.965954304 0.048343696 0.254155815 -17.776718140 0.049522877 0.998771429 -0.001760596 -2.027364254 -0.253928691 0.010885873 -0.967161655 230.431259155
-0.975734711 0.046110757 0.214045763 -17.675102234 0.047833316 0.998851180 0.002872477 -2.025684357 -0.213667408 0.013041294 -0.976819396 229.848312378
-0.982624531 0.045791972 0.179866984 -17.583766937 0.047792140 0.998834133 0.006800283 -2.025703907 -0.179345891 0.015278354 -0.983667374 229.248947144
-0.987420917 0.046781145 0.151034385 -17.490474701 0.048767708 0.998765230 0.009473823 -2.024033070 -0.150404692 0.016720252 -0.988483071 228.639129639
-0.990542173 0.048743684 0.128259197 -17.424194336 0.050449636 0.998675704 0.010083892 -2.020030499 -0.127597809 0.016459148 -0.991689563 227.994445801
-0.992764115 0.049424276 0.109437637 -17.362482071 0.050859667 0.998652041 0.010362080 -2.013172150 -0.108777985 0.015853064 -0.993939638 227.329467773
-0.994623661 0.048583250 0.091451667 -17.293907166 0.049837459 0.998691380 0.011479773 -2.006253719 -0.090774260 0.015975771 -0.995743275 226.630569458
-0.996103883 0.046598207 0.074872650 -17.240465164 0.047661517 0.998785615 0.012477108 -1.998079896 -0.074200317 0.015997039 -0.997115135 225.920944214
-0.997027874 0.047022752 0.061030138 -17.199634552 0.047997817 0.998740613 0.014609499 -1.991384745 -0.060266297 0.017495388 -0.998029232 225.178237915
-0.997449636 0.050390542 0.050552800 -17.171451569 0.051296525 0.998542368 0.016786352 -1.980877399 -0.049633242 0.019336719 -0.998580575 224.419799805
-0.997630835 0.053408310 0.043364167 -17.150852203 0.054230683 0.998365939 0.018013982 -1.965372443 -0.042331211 0.020322969 -0.998896956 223.631072998
-0.997763634 0.055337280 0.037490867 -17.126066208 0.056063727 0.998253763 0.018609811 -1.954145908 -0.036395583 0.020670071 -0.999123693 222.839797974
-0.997867823 0.055919081 0.033662628 -17.093791962 0.056589589 0.998210847 0.019305794 -1.944201469 -0.032522839 0.021169582 -0.999246955 222.030090332
-0.997879982 0.056954063 0.031492691 -17.067478180 0.057590015 0.998146534 0.019668827 -1.926342726 -0.030314101 0.021440795 -0.999310493 221.186737061
-0.997812510 0.058662940 0.030480009 -17.046939850 0.059270564 0.998052895 0.019428717 -1.904823422 -0.029280914 0.021192783 -0.999346614 220.343887329
-0.997774601 0.059582721 0.029927496 -17.014635086 0.060190622 0.997989714 0.019839047 -1.895248413 -0.028685268 0.021596251 -0.999355197 219.482650757
-0.997711897 0.060457051 0.030264825 -16.989459991 0.061077535 0.997932315 0.020014532 -1.881619215 -0.028992226 0.021817237 -0.999341607 218.582702637
-0.997593641 0.061698213 0.031626895 -16.958292007 0.062323317 0.997871816 0.019174701 -1.866351008 -0.030376544 0.021099651 -0.999315858 217.682266235
-0.997482657 0.062663741 0.033189043 -16.928380966 0.063298292 0.997824550 0.018425589 -1.854266047 -0.031962227 0.020480016 -0.999279261 216.760986328
-0.997310638 0.064949580 0.033954810 -16.902925491 0.065545879 0.997708917 0.016752599 -1.838297129 -0.032788943 0.018933145 -0.999282956 215.809646606
-0.997237921 0.065406188 0.035194103 -16.862903595 0.065961197 0.997711778 0.014845528 -1.830004692 -0.034142580 0.017125968 -0.999270320 214.858612061
-0.997017503 0.067657255 0.037136666 -16.831680298 0.068184085 0.997586668 0.013106650 -1.820906878 -0.036160283 0.015599685 -0.999224544 213.877120972
-0.996686816 0.071144037 0.039418340 -16.791715622 0.071698688 0.997343719 0.012838903 -1.812150240 -0.038400222 0.015622609 -0.999140263 212.900527954
-0.996521950 0.071455456 0.042874642 -16.744564056 0.072056614 0.997320414 0.012641676 -1.805088878 -0.041856438 0.015687108 -0.999000549 211.903228760
-0.996445298 0.069837965 0.047111057 -16.693618774 0.070452742 0.997448623 0.011515757 -1.799651384 -0.046186622 0.014793925 -0.998823285 210.890899658
-0.996300459 0.069326170 0.050790135 -16.637537003 0.069934808 0.997498333 0.010303659 -1.794765711 -0.049948763 0.013817536 -0.998656392 209.861053467
-0.996282101 0.066740230 0.054478317 -16.573616028 0.067465067 0.997654498 0.011574088 -1.788453579 -0.053578082 0.015206439 -0.998448014 208.825622559
-0.996238112 0.064411491 0.057972576 -16.505054474 0.065214872 0.997798204 0.012072544 -1.786750793 -0.057067323 0.015807802 -0.998245120 207.771072388
-0.996160388 0.063300677 0.060480099 -16.437585831 0.064111404 0.997875810 0.011557699 -1.784010172 -0.059620019 0.015390783 -0.998102665 206.715240479
-0.995985389 0.063414931 0.063184701 -16.366878510 0.064265504 0.997866333 0.011519404 -1.779337883 -0.062319383 0.015533751 -0.997935653 205.639328003
-0.995802522 0.063621953 0.065801412 -16.290334702 0.064593628 0.997830272 0.012744173 -1.770629525 -0.064847834 0.016941030 -0.997751474 204.539932251
-0.995493889 0.065864265 0.068218574 -16.224674225 0.066981494 0.997652888 0.014218995 -1.770284653 -0.067121938 0.018724306 -0.997568965 203.434005737
-0.995269060 0.066725112 0.070620626 -16.144237518 0.067876093 0.997595191 0.014023238 -1.763925552 -0.069515094 0.018750347 -0.997404695 202.330261230
-0.995129824 0.066404305 0.072850876 -16.057611465 0.067527942 0.997631788 0.013068105 -1.756621122 -0.071810566 0.017923931 -0.997257233 201.213363647
-0.995003700 0.066147126 0.074780047 -15.972908020 0.067327060 0.997641444 0.013366683 -1.759969354 -0.073719501 0.018334622 -0.997110486 200.084945679
-0.994932532 0.064908549 0.076788761 -15.890289307 0.066123158 0.997721791 0.013379415 -1.754580021 -0.075745381 0.018389126 -0.996957779 198.960586548
-0.994922280 0.064092614 0.077601828 -15.792840958 0.065322675 0.997774005 0.013414986 -1.749600530 -0.076569289 0.018416025 -0.996894360 197.831436157
-0.994950175 0.063648358 0.077607207 -15.697458267 0.064941093 0.997787416 0.014246508 -1.743260980 -0.076528728 0.019214464 -0.996882200 196.701354980
-0.994822621 0.064387731 0.078629322 -15.610924721 0.065691732 0.997740209 0.014109031 -1.739352107 -0.077543192 0.019201277 -0.996804237 195.562698364
-0.994766235 0.064263485 0.079438895 -15.519865990 0.065535016 0.997758925 0.013501503 -1.725159407 -0.078393213 0.018636867 -0.996748447 194.398956299
-0.994726181 0.065110043 0.079251043 -15.429018974 0.066456392 0.997684419 0.014468369 -1.728177786 -0.078125492 0.019658802 -0.996749759 193.263900757
-0.994781137 0.063916691 0.079533994 -15.336716652 0.065340780 0.997743666 0.015430847 -1.724428892 -0.078368254 0.020547124 -0.996712923 192.115753174
-0.994866252 0.063270956 0.078981131 -15.241741180 0.064708561 0.997779489 0.015774529 -1.718123317 -0.077807687 0.020804301 -0.996751308 190.972229004
-0.994999290 0.061735604 0.078521073 -15.148257256 0.063204139 0.997866631 0.016354389 -1.708239913 -0.077343911 0.021235459 -0.996778607 189.813415527
-0.995197177 0.059878148 0.077440493 -15.045970917 0.061338805 0.997978628 0.016620478 -1.702627182 -0.076288752 0.021290762 -0.996858358 188.652008057
-0.995401502 0.058535080 0.075827368 -14.949298859 0.059883136 0.998083055 0.015626071 -1.695921659 -0.074767344 0.020094993 -0.996998668 187.484817505
-0.995616198 0.057319012 0.073913023 -14.851682663 0.058564227 0.998174071 0.014789431 -1.686770916 -0.072930351 0.019053254 -0.997155070 186.301727295
-0.995693207 0.057378832 0.072819680 -14.774842262 0.058673855 0.998152673 0.015769487 -1.687331200 -0.071780324 0.019974181 -0.997220397 185.134368896
-0.995744348 0.057810534 0.071771674 -14.695570946 0.059306804 0.998061001 0.018892849 -1.681041241 -0.070540302 0.023068996 -0.997242212 183.947891235
-0.995847344 0.057770453 0.070360444 -14.603521347 0.059485897 0.997974813 0.022532826 -1.667023182 -0.068916216 0.026624711 -0.997267008 182.758026123
-0.995935202 0.058719750 0.068303838 -14.512058258 0.060498249 0.997873306 0.024265889 -1.649038792 -0.066733688 0.028299510 -0.997369528 181.552215576
-0.995960236 0.059692830 0.067082837 -14.434537888 0.061434865 0.997817397 0.024210887 -1.624333143 -0.065491207 0.028234305 -0.997453690 180.339813232
-0.996068358 0.060016189 0.065161072 -14.347084045 0.061634738 0.997830987 0.023118081 -1.613570213 -0.063632280 0.027043374 -0.997606993 179.126663208
-0.996179581 0.060354661 0.063115723 -14.272989273 0.061836112 0.997848511 0.021786314 -1.598440647 -0.061665028 0.025605910 -0.997768402 177.903884888
-0.996163845 0.062118705 0.061635189 -14.195246696 0.063521974 0.997757912 0.021073382 -1.583366871 -0.060187947 0.024907731 -0.997876167 176.678482056
-0.996099234 0.064180121 0.060558822 -14.125267029 0.065471396 0.997662246 0.019582976 -1.562785387 -0.059160411 0.023471456 -0.997972608 175.437789917
-0.995998502 0.067525268 0.058544323 -14.055950165 0.068699479 0.997469902 0.018279266 -1.554979563 -0.057161886 0.022228085 -0.998117566 174.211532593
-0.995967269 0.068675220 0.057735417 -13.980848312 0.069759980 0.997419178 0.016985321 -1.547688007 -0.056419943 0.020944441 -0.998187661 172.976882935
-0.996008992 0.068799712 0.056860823 -13.910673141 0.069792770 0.997438490 0.015665013 -1.546450496 -0.055637427 0.019570965 -0.998259425 171.737518311
-0.996148109 0.067629308 0.055814527 -13.831295013 0.068646997 0.997504234 0.016520005 -1.535407066 -0.054557990 0.020287871 -0.998304605 170.483856201
-0.996342421 0.065670103 0.054673515 -13.751252174 0.066825837 0.997572422 0.019584199 -1.527352929 -0.053254697 0.023166174 -0.998312235 169.203369141
-0.996527791 0.063257121 0.054138940 -13.684764862 0.064507060 0.997682214 0.021658503 -1.512546778 -0.052643400 0.025075641 -0.998298645 167.926910400
-0.996535063 0.063186683 0.054088674 -13.611599922 0.064346619 0.997727633 0.019977322 -1.502216339 -0.052703466 0.023388522 -0.998336315 166.656311035
-0.996517777 0.063701853 0.053798914 -13.535312653 0.064703181 0.997758389 0.017078539 -1.490573764 -0.052590385 0.020500029 -0.998405695 165.386444092
-0.996460080 0.064849474 0.053499039 -13.470014572 0.065710627 0.997733414 0.014495875 -1.484057665 -0.052437730 0.017960014 -0.998462796 164.114807129
-0.996322989 0.066090308 0.054523695 -13.404989243 0.066925131 0.997664928 0.013628014 -1.474973679 -0.053495701 0.017226906 -0.998419642 162.826248169
-0.996230125 0.066867985 0.055268507 -13.333305359 0.067865379 0.997560203 0.016368793 -1.467156410 -0.054039113 0.020057900 -0.998337507 161.528442383
-0.996231794 0.067112841 0.054938361 -13.262611389 0.068259202 0.997481704 0.019260865 -1.461851478 -0.053507358 0.022938333 -0.998304009 160.232040405
-0.996143222 0.068029344 0.055412721 -13.186749458 0.069184154 0.997419238 0.019193433 -1.451747298 -0.053963996 0.022953093 -0.998278975 158.944076538
-0.996095538 0.068212412 0.056040160 -13.113086700 0.069346167 0.997420371 0.018539686 -1.443274856 -0.054630961 0.022353470 -0.998256207 157.657608032
-0.996032238 0.068708278 0.056559652 -13.041112900 0.069809444 0.997402847 0.017726958 -1.435529709 -0.055194769 0.021605019 -0.998241782 156.360244751
-0.995894670 0.069694743 0.057766154 -12.968545914 0.070797101 0.997341394 0.017258974 -1.424771547 -0.056409720 0.021277791 -0.998181105 155.063674927
-0.995909572 0.069532104 0.057703838 -12.886788368 0.070615374 0.997359633 0.016948700 -1.415704012 -0.056372996 0.020954147 -0.998189926 153.757324219
-0.995909452 0.068617553 0.058787216 -12.810754776 0.069768757 0.997405171 0.017756611 -1.407333970 -0.057416257 0.021785486 -0.998112559 152.453811646
-0.995919585 0.068289086 0.058997072 -12.722577095 0.069490597 0.997409999 0.018557513 -1.403278470 -0.057576992 0.022581534 -0.998085618 151.150512695
-0.995925665 0.067581557 0.059706818 -12.634876251 0.068854026 0.997435868 0.019515617 -1.397420764 -0.058234826 0.023547156 -0.998025179 149.857528687
-0.995868683 0.067380302 0.060872495 -12.556161880 0.068744384 0.997421682 0.020597300 -1.391721845 -0.059327692 0.024696847 -0.997933030 148.559677124
-0.995819211 0.067272648 0.061796125 -12.479610443 0.068713203 0.997405052 0.021487361 -1.389341116 -0.060190253 0.025643734 -0.997857690 147.289245605
-0.995757461 0.067097038 0.062971465 -12.396278381 0.068559006 0.997418642 0.021347739 -1.376832247 -0.061376546 0.025574427 -0.997787118 145.995361328
-0.995743632 0.066569686 0.063748308 -12.313547134 0.067997858 0.997474849 0.020499658 -1.365591645 -0.062222682 0.024747144 -0.997755766 144.702056885
-0.995654225 0.067433275 0.064232558 -12.226240158 0.068823554 0.997434676 0.019681066 -1.356840134 -0.062740624 0.024016246 -0.997741103 143.433959961
-0.995594859 0.067601748 0.064973645 -12.139305115 0.068988539 0.997429967 0.019340198 -1.344088197 -0.063499227 0.023737431 -0.997699976 142.141662598
-0.995490551 0.068577722 0.065543287 -12.052846909 0.070025921 0.997343540 0.020056825 -1.344480991 -0.063993722 0.024556108 -0.997648239 140.866714478
-0.995512009 0.067670412 0.066157877 -11.961887360 0.069070838 0.997428656 0.019112201 -1.333640933 -0.064694434 0.023596002 -0.997626305 139.581558228
-0.995544553 0.066388458 0.066961065 -11.875165939 0.067777947 0.997525275 0.018694304 -1.326876998 -0.065554269 0.023149494 -0.997580528 138.288772583
-0.995577335 0.065325499 0.067514963 -11.780814171 0.066882282 0.997538626 0.021058802 -1.313436747 -0.065973110 0.025481220 -0.997495890 137.012771606
-0.995607615 0.064013287 0.068321466 -11.689231873 0.065972432 0.997461140 0.026812738 -1.301794767 -0.066431634 0.031202300 -0.997303009 135.719573975
-0.995529890 0.064593598 0.068905592 -11.590969086 0.066852897 0.997281134 0.031000018 -1.282466173 -0.066715844 0.035467982 -0.997141480 134.427276611
-0.995440125 0.064664073 0.070127755 -11.499410629 0.066921286 0.997297227 0.030327722 -1.265261650 -0.067977108 0.034882464 -0.997077107 133.152008057
-0.995261908 0.066522591 0.070914343 -11.417227745 0.068685375 0.997231007 0.028506782 -1.253667831 -0.068821631 0.033242486 -0.997075081 131.891998291
-0.995182037 0.066295132 0.072236948 -11.325207710 0.068411216 0.997285783 0.027221523 -1.228007793 -0.070236228 0.032032181 -0.997016191 130.628921509
-0.995115399 0.067088418 0.072418801 -11.230818748 0.069318287 0.997180879 0.028727457 -1.217055321 -0.070287362 0.033607081 -0.996960521 129.358169556
-0.994938850 0.068701565 0.073329173 -11.139465332 0.071014360 0.997041643 0.029409919 -1.196061611 -0.071091734 0.034468491 -0.996874213 128.100814819
-0.994820118 0.069546133 0.074140415 -11.045359612 0.071972236 0.996938169 0.030566560 -1.173059702 -0.071787618 0.035744272 -0.996779561 126.842201233
-0.994667172 0.071942486 0.073900625 -10.948393822 0.074423872 0.996732593 0.031387635 -1.166177034 -0.071401060 0.036720224 -0.996771455 125.602104187
-0.994664788 0.071468577 0.074394248 -10.850539207 0.073990047 0.996754885 0.031704478 -1.147970676 -0.071886957 0.037039757 -0.996724963 124.377433777
-0.994677424 0.071791396 0.073913686 -10.760864258 0.074026242 0.996864557 0.027950421 -1.129395008 -0.071675330 0.033273198 -0.996873021 123.145858765
-0.994745970 0.071610115 0.073160641 -10.670293808 0.073630862 0.996964514 0.025304036 -1.113778591 -0.071126536 0.030557970 -0.996999145 121.925704956
-0.994921446 0.069133841 0.073158853 -10.575972557 0.071157597 0.997141004 0.025424313 -1.106450558 -0.071192011 0.030500997 -0.996996284 120.736587524
-0.995042205 0.068290152 0.072300434 -10.478840828 0.070260651 0.997213602 0.025068229 -1.089463949 -0.070387065 0.030023823 -0.997067809 119.551841736
-0.995156407 0.068280093 0.070721738 -10.397272110 0.070231967 0.997205019 0.025487753 -1.090209723 -0.068783768 0.030331226 -0.997170329 118.395416260
-0.995246172 0.067944981 0.069777459 -10.308429718 0.069843672 0.997241139 0.025138505 -1.084288359 -0.067876920 0.029892508 -0.997245908 117.251121521
-0.995284081 0.068295389 0.068884693 -10.232557297 0.070170328 0.997217357 0.025173640 -1.076726556 -0.066973768 0.029888587 -0.997306824 116.114570618
-0.995426893 0.067613676 0.067482755 -10.159103394 0.069459960 0.997261405 0.025396043 -1.073907971 -0.065580830 0.029967250 -0.997397304 115.012832642
-0.995499492 0.067429334 0.066593684 -10.085245132 0.069233105 0.997283220 0.025157887 -1.070754886 -0.064716384 0.029655144 -0.997463346 113.929000854
-0.995665789 0.066487461 0.065035202 -10.004789352 0.068195835 0.997373343 0.024408586 -1.064533353 -0.063241512 0.028737918 -0.997584581 112.860527039
-0.995686889 0.067276761 0.063887246 -9.943336487 0.068890303 0.997349858 0.023395937 -1.053825736 -0.062143933 0.027696237 -0.997682810 111.782363892
-0.995749712 0.067375951 0.062796861 -9.875984192 0.068946682 0.997350812 0.023188371 -1.044860244 -0.061068159 0.027419444 -0.997757077 110.751007080
-0.995688558 0.069061309 0.061928842 -9.811876297 0.070591539 0.997243106 0.022869041 -1.042026043 -0.060178746 0.027142091 -0.997818708 109.723556519
-0.995701194 0.069990113 0.060670983 -9.752651215 0.071522966 0.997162759 0.023470016 -1.042043567 -0.058856178 0.027708484 -0.997882009 108.724182129
-0.995742679 0.070360094 0.059551317 -9.693740845 0.071917459 0.997111559 0.024422778 -1.034864426 -0.057660915 0.028601578 -0.997926593 107.754142761
-0.995832443 0.070273541 0.058136612 -9.631999016 0.071801312 0.997115076 0.024618808 -1.029918671 -0.056238845 0.028690487 -0.998005271 106.821922302
-0.995869875 0.070412397 0.057316244 -9.581556320 0.071976662 0.997075200 0.025698327 -1.022398114 -0.055339124 0.029717624 -0.998025298 105.882041931
-0.996043205 0.068923317 0.056108430 -9.523766518 0.070480026 0.997167647 0.026253296 -1.017156124 -0.054140046 0.030103931 -0.998079777 104.996208191
-0.996166706 0.068215497 0.054759488 -9.470510483 0.069783784 0.997189760 0.027255373 -1.013859272 -0.052746359 0.030972218 -0.998127460 104.122062683
-0.996170878 0.068587266 0.054218482 -9.436376572 0.070213743 0.997119486 0.028683595 -1.010084033 -0.052094977 0.032380641 -0.998117208 103.264625549
-0.996237636 0.068226956 0.053443212 -9.387622833 0.069913559 0.997091234 0.030349819 -1.001184702 -0.051217083 0.033972029 -0.998109818 102.453315735
-0.996132851 0.070102490 0.052962054 -9.345544815 0.071847416 0.996908844 0.031792294 -0.994992256 -0.050569620 0.035474535 -0.998090386 101.641014099
-0.995935082 0.072191186 0.053869199 -9.301549911 0.074051313 0.996695936 0.033370171 -0.988358974 -0.051282182 0.037223604 -0.997990251 100.871231079
-0.995469093 0.075581633 0.057699304 -9.261133194 0.077558883 0.996447027 0.032831654 -0.977942944 -0.055012830 0.037157983 -0.997794271 100.118492126
-0.994706392 0.079588130 0.065001301 -9.211117744 0.081816390 0.996121764 0.032365579 -0.970251799 -0.062173292 0.037512418 -0.997360349 99.398597717
-0.993483186 0.083605371 0.077468529 -9.159255981 0.086300381 0.995751441 0.032113649 -0.965190172 -0.074454531 0.038589932 -0.996477485 98.692565918
-0.991877913 0.085646465 0.094037414 -9.085850716 0.088928103 0.995546997 0.031271908 -0.955700397 -0.090940341 0.039380480 -0.995077491 98.018455505
-0.989635110 0.086762995 0.114431404 -8.996066093 0.090894520 0.995365858 0.031385455 -0.954351425 -0.111178011 0.041461337 -0.992935300 97.362533569
-0.986188293 0.088336617 0.140106544 -8.911847115 0.093322501 0.995201409 0.029411986 -0.946885109 -0.136836082 0.042080842 -0.989699721 96.726020813
-0.981303811 0.090830691 0.169684693 -8.793314934 0.096640266 0.994972348 0.026280642 -0.940670013 -0.166444480 0.042187661 -0.985148072 96.114440918
-0.974871635 0.090556011 0.203532919 -8.656171799 0.097281829 0.994984925 0.023265976 -0.934750080 -0.200405300 0.042481381 -0.978791952 95.520378113
-0.966926932 0.087561518 0.239552647 -8.491140366 0.095036447 0.995276690 0.019809224 -0.937996626 -0.236686647 0.041920301 -0.970681310 94.971656799
-0.957246780 0.082500704 0.277258515 -8.306674957 0.090793408 0.995721519 0.017182438 -0.947242737 -0.274654686 0.041621078 -0.960641742 94.444221497
-0.945376754 0.077379592 0.316662729 -8.099254608 0.086328335 0.996164024 0.014305531 -0.945336342 -0.314341068 0.040861081 -0.948430419 93.921905518
-0.930814147 0.071923040 0.358346701 -7.870292664 0.081835262 0.996566832 0.012550099 -0.952483892 -0.356213808 0.041007202 -0.933504343 93.415138245
-0.913373351 0.064249314 0.402021140 -7.615371704 0.075036325 0.997118771 0.011123776 -0.960671425 -0.400148124 0.040326349 -0.915562749 92.930618286
-0.892974257 0.054346487 0.446814537 -7.349380493 0.066022925 0.997761905 0.010590353 -0.967965364 -0.445238978 0.038956918 -0.894563794 92.471351624
-0.868922830 0.045394715 0.492861450 -7.046859741 0.058095459 0.998256028 0.010479461 -0.970154047 -0.491526216 0.037738856 -0.870044708 92.021827698
-0.841081500 0.036830217 0.539653122 -6.735153198 0.050543204 0.998665452 0.010617730 -0.972870350 -0.538541853 0.036206175 -0.841820478 91.600189209
-0.810673237 0.030079631 0.584725738 -6.391967773 0.044872649 0.998934090 0.010824708 -0.966251373 -0.583776832 0.035013493 -0.811158895 91.189834595
-0.777807593 0.021845479 0.628123045 -6.050933838 0.038919680 0.999151886 0.013444922 -0.981493473 -0.627296567 0.034903903 -0.777998090 90.833160400
-0.739906907 0.017220771 0.672488868 -5.672821045 0.036573756 0.999223530 0.014652694 -0.988183260 -0.671714365 0.035437074 -0.739962220 90.466278076
-0.697941422 0.014508703 0.716008008 -5.290580750 0.036211263 0.999230802 0.015049824 -0.998465776 -0.715238929 0.036431447 -0.697929978 90.126869202
-0.653308272 0.015245262 0.756938934 -4.889289856 0.037612874 0.999216199 0.012338486 -0.988642931 -0.756157517 0.036531474 -0.653369665 89.815399170
-0.606663346 0.016370045 0.794790268 -4.461814880 0.039399248 0.999178469 0.009493677 -1.000698805 -0.793981910 0.037073601 -0.606809974 89.524772644
-0.562287092 0.015863545 0.826790035 -3.983734131 0.036687560 0.999310076 0.005776965 -1.001639009 -0.826127946 0.033581220 -0.562481165 89.311180115
-0.511443377 0.013482804 0.859211206 -3.522766113 0.035724286 0.999346077 0.005582984 -1.005909443 -0.858574092 0.033550087 -0.511590600 89.077072144
-0.459129214 0.011538845 0.888294697 -3.039848328 0.033407759 0.999432623 0.004284812 -1.009890914 -0.887741268 0.031643216 -0.459254146 88.870773315
-0.406791568 0.009660360 0.913470089 -2.541503906 0.027897878 0.999609053 0.001852316 -1.008662224 -0.913095057 0.026237380 -0.406902075 88.707550049
-0.353401303 0.008984633 0.935428679 -2.071800232 0.026295729 0.999654174 0.000332918 -1.014033556 -0.935102165 0.024715431 -0.353515387 88.556449890
-0.301672578 0.011730934 0.953339636 -1.581954956 0.027316874 0.999620140 -0.003656339 -1.020846367 -0.953020394 0.024939237 -0.301878452 88.435241699
-0.252956986 0.014974430 0.967361808 -1.102569580 0.027141742 0.999596477 -0.008376081 -1.032750368 -0.967096925 0.024137095 -0.253261328 88.336936951
-0.207960010 0.014055728 0.978036404 -0.608924866 0.019029258 0.999765635 -0.010321816 -1.042188883 -0.977952302 0.016464781 -0.208178639 88.272705078
-0.168133259 0.012581055 0.985684156 -0.103286743 0.015288121 0.999831557 -0.010153860 -1.048016191 -0.985645890 0.013362057 -0.168297291 88.222869873
-0.134107828 0.013484035 0.990875125 0.404708862 0.013045890 0.999844790 -0.011840431 -1.058377385 -0.990881026 0.011338953 -0.134263039 88.197433472
-0.104757309 0.016049562 0.994368255 0.933990479 0.015950048 0.999768257 -0.014456373 -1.082469702 -0.994369864 0.014345810 -0.104989052 88.149681091
-0.080763340 0.018532569 0.996561110 1.459617615 0.016297972 0.999718010 -0.017270459 -1.103440046 -0.996600151 0.014847105 -0.081042647 88.120887756
-0.061419606 0.023658475 0.997831702 1.992446899 0.014899724 0.999629378 -0.022783978 -1.118285418 -0.998000920 0.013468035 -0.061749458 88.106277466
-0.046889663 0.030239364 0.998442233 2.531143188 0.013347952 0.999471426 -0.029643675 -1.126532078 -0.998810887 0.011937175 -0.047268510 88.098785400
-0.035260797 0.032125581 0.998861790 3.072601318 0.016024625 0.999372900 -0.031576335 -1.137971997 -0.999249756 0.014892979 -0.035753489 88.086006165
-0.026621461 0.028745353 0.999232292 3.649017334 0.018363815 0.999431849 -0.028261850 -1.161628008 -0.999476969 0.017597346 -0.027134299 88.066894531
-0.022004843 0.025767352 0.999425709 4.224769592 0.020001709 0.999479055 -0.025328338 -1.170593023 -0.999557734 0.019432874 -0.022508860 88.081649780
-0.018571973 0.023039496 0.999562144 4.817436218 0.018193180 0.999576747 -0.022701804 -1.193943501 -0.999662101 0.017763596 -0.018983245 88.091529846
-0.013745904 0.020744467 0.999690235 5.394485474 0.018158177 0.999625087 -0.020493433 -1.233031750 -0.999740601 0.017870851 -0.014117479 88.061271667
-0.013471603 0.021609740 0.999675751 6.014991760 0.020209940 0.999568105 -0.021335065 -1.245283961 -0.999705017 0.019915970 -0.013902545 88.053405762
-0.012587190 0.022120014 0.999676108 6.637184143 0.023059782 0.999495804 -0.021825677 -1.268979549 -0.999654889 0.022777591 -0.013090968 88.043678284
-0.012519240 0.023387855 0.999648094 7.274055481 0.025946746 0.999397397 -0.023057044 -1.285841942 -0.999584913 0.025648959 -0.013118505 88.038330078
-0.012809157 0.024085524 0.999627829 7.927711487 0.028793467 0.999304175 -0.023708764 -1.301935434 -0.999503255 0.028479060 -0.013493776 88.027244568
-0.012994885 0.024080848 0.999625623 8.595550537 0.030345703 0.999258995 -0.023677533 -1.321042180 -0.999455035 0.030026654 -0.013716102 88.020034790
-0.013024569 0.023513928 0.999638677 9.271377563 0.031637508 0.999232590 -0.023092162 -1.341648579 -0.999414563 0.031325310 -0.013758540 88.011779785
-0.012575746 0.023414217 0.999646723 9.960739136 0.035155550 0.999118090 -0.022959571 -1.363096237 -0.999302685 0.034854397 -0.013387799 87.998649597
-0.011220694 0.023317743 0.999665260 10.674560547 0.040246148 0.998928487 -0.022848826 -1.383719563 -0.999126911 0.039976295 -0.012147188 87.986145020
-0.008466721 0.023403019 0.999690413 11.402450562 0.044617474 0.998739302 -0.023002880 -1.406088114 -0.998968363 0.044408899 -0.009500265 87.976989746
-0.004138947 0.023428440 0.999717057 12.144256592 0.047491021 0.998602092 -0.023205699 -1.424841046 -0.998863220 0.047381535 -0.005245805 87.975128174
0.002291858 0.023523694 0.999720693 12.909805298 0.050866764 0.998426318 -0.023609851 -1.448532224 -0.998702824 0.050906666 0.001091659 87.973388672
0.010915160 0.023128532 0.999672949 13.691322327 0.053715728 0.998275399 -0.023682706 -1.469071627 -0.998496652 0.053956658 0.009653926 87.976303101
0.020435035 0.021636602 0.999557078 14.479339600 0.056312945 0.998153746 -0.022757495 -1.491802812 -0.998204052 0.056753051 0.019178867 87.990409851
0.030625105 0.020280831 0.999325335 15.283241272 0.057381399 0.998109579 -0.022014664 -1.513131261 -0.997882664 0.058016881 0.029403448 88.017318726
0.041329443 0.018529918 0.998973846 16.105903625 0.053966504 0.998327136 -0.020750627 -1.532789111 -0.997687161 0.054768734 0.040260315 88.066886902
0.051917732 0.018278657 0.998484135 16.952651978 0.052210480 0.998415470 -0.020992171 -1.562015414 -0.997285664 0.053221203 0.050881147 88.117286682
0.062685788 0.020073250 0.997831523 17.801998138 0.049529456 0.998503208 -0.023198314 -1.583134651 -0.996803641 0.050876256 0.061597764 88.182403564
0.072889745 0.024486670 0.997039437 18.660430908 0.044714347 0.998613119 -0.027794220 -1.621367097 -0.996337235 0.046607878 0.071693718 88.264572144
0.081732213 0.028816927 0.996237695 19.525783539 0.041579876 0.998613060 -0.032296889 -1.644952416 -0.995786667 0.044063136 0.080420613 88.347656250
0.088363111 0.030458543 0.995622516 20.400005341 0.034934539 0.998822689 -0.033656940 -1.673227429 -0.995475531 0.037755642 0.087194979 88.441612244
0.091693342 0.028093450 0.995390952 21.270648956 0.029414140 0.999089360 -0.030907402 -1.720723629 -0.995352805 0.032112572 0.090783536 88.528343201
0.092082083 0.026337743 0.995403171 22.140235901 0.024143107 0.999297202 -0.028674196 -1.756788492 -0.995458782 0.026672507 0.091381550 88.624420166
0.089847088 0.025550179 0.995627940 23.014167786 0.020214450 0.999418199 -0.027471639 -1.789798021 -0.995750546 0.022594320 0.089278340 88.712852478
0.085588455 0.024863362 0.996020377 23.882808685 0.015771788 0.999529481 -0.026306240 -1.827407598 -0.996205807 0.017960532 0.085156024 88.796974182
0.079068482 0.025678324 0.996538579 24.744430542 0.012801996 0.999559581 -0.026771924 -1.865589380 -0.996787131 0.014874500 0.078704953 88.873298645
0.070707977 0.026525302 0.997144341 25.607875824 0.009785994 0.999579847 -0.027284019 -1.901029706 -0.997449040 0.011687245 0.070418715 88.940872192
0.060492277 0.027081849 0.997801244 26.469894409 0.006950515 0.999596238 -0.027551945 -1.934684873 -0.998144507 0.008601911 0.060279608 88.999114990
0.049488366 0.025746318 0.998442888 27.331691742 0.005893158 0.999642789 -0.026069358 -1.967425823 -0.998757362 0.007174114 0.049318969 89.046585083
0.037900805 0.023370925 0.999008238 28.189071655 0.005227243 0.999708176 -0.023585616 -1.999499917 -0.999267936 0.006115975 0.037767589 89.079452515
0.025921404 0.021458842 0.999433815 29.042392731 0.005246767 0.999752879 -0.021601779 -2.031682491 -0.999650359 0.005803748 0.025802433 89.101066589
0.013883650 0.022623494 0.999647737 29.893444061 0.006530772 0.999720633 -0.022715850 -2.062988043 -0.999882400 0.006843853 0.013732076 89.111686707
0.002066791 0.024007412 0.999709666 30.737682343 0.008322421 0.999676764 -0.024023827 -2.093115091 -0.999963284 0.008369656 0.001866341 89.112487793
-0.009753466 0.024898583 0.999642551 31.588165283 0.010462112 0.999637783 -0.024796391 -2.117536783 -0.999897897 0.010216525 -0.010010362 89.101112366
-0.022240162 0.024023818 0.999464095 32.429683685 0.012431578 0.999640584 -0.023751436 -2.149539471 -0.999675453 0.011896680 -0.022530913 89.080802917
-0.033501506 0.023078905 0.999172211 33.275035858 0.013649395 0.999650657 -0.022632305 -2.179516077 -0.999345541 0.012879881 -0.033804774 89.054946899
-0.043464065 0.023202946 0.998785615 34.116016388 0.016021566 0.999617875 -0.022525076 -2.208142757 -0.998926580 0.015023079 -0.043819189 89.012924194
-0.051301956 0.023774548 0.998400331 34.951965332 0.017879682 0.999578238 -0.022883872 -2.236227274 -0.998523295 0.016677095 -0.051705360 88.969299316
-0.056774139 0.025250504 0.998067796 35.790958405 0.019552695 0.999516487 -0.024174923 -2.266127825 -0.998195708 0.018142404 -0.057240486 88.921279907
-0.060259938 0.028013993 0.997789621 36.633781433 0.020151913 0.999436498 -0.026843192 -2.299204350 -0.997979343 0.018489802 -0.060790539 88.860809326
-0.062743306 0.030990245 0.997548461 37.488662720 0.021258986 0.999332488 -0.029708533 -2.324434996 -0.997803330 0.019342858 -0.063360214 88.816101074
-0.063441992 0.032589450 0.997453332 38.362758636 0.022111615 0.999267220 -0.031242333 -2.362576246 -0.997740626 0.020073231 -0.064116120 88.759765625
-0.062868834 0.032917093 0.997478902 39.227275848 0.023151832 0.999235094 -0.031515848 -2.396660566 -0.997753322 0.021112101 -0.063582778 88.711807251
-0.060507178 0.032659452 0.997633517 40.109859467 0.023442687 0.999235392 -0.031290084 -2.425248623 -0.997892618 0.021493938 -0.061226487 88.656440735
-0.058282852 0.030611817 0.997830689 40.995944977 0.022960294 0.999306440 -0.029315991 -2.459645510 -0.998036087 0.021201868 -0.058945298 88.611419678
-0.056012392 0.028155109 0.998033047 41.894969940 0.023054240 0.999372303 -0.026899023 -2.495950222 -0.998163879 0.021502215 -0.056626320 88.565040588
-0.053480148 0.026433498 0.998219073 42.796649933 0.022789780 0.999421477 -0.025244365 -2.527938366 -0.998308897 0.021399118 -0.054051638 88.518943787
-0.051810980 0.024759697 0.998350024 43.687492371 0.020564338 0.999507070 -0.023721177 -2.559444427 -0.998445272 0.019301390 -0.052294612 88.474426270
-0.051479578 0.024785705 0.998366475 44.593616486 0.018589512 0.999542534 -0.023856360 -2.589335680 -0.998501062 0.017331030 -0.051916718 88.437759399
-0.053115964 0.025137383 0.998272121 45.494567871 0.014034574 0.999603152 -0.024424156 -2.622193098 -0.998489916 0.012713012 -0.053447723 88.395202637
-0.057450652 0.025037089 0.998034477 46.364883423 0.009085958 0.999657214 -0.024554780 -2.664093494 -0.998307109 0.007657412 -0.057658434 88.358734131
-0.063740969 0.025540676 0.997639716 47.273181915 0.003257680 0.999672472 -0.025384583 -2.689977884 -0.997961283 0.001631956 -0.063803315 88.305130005
-0.073942661 0.026029306 0.996922791 48.175304413 -0.001722869 0.999654472 -0.026228419 -2.726603031 -0.997261047 -0.003656966 -0.073872328 88.250457764
-0.087452650 0.028455032 0.995762169 49.062740326 -0.004813462 0.999568224 -0.028986534 -2.768541813 -0.996157050 -0.007328013 -0.087277889 88.176399231
-0.104096293 0.032365795 0.994040549 49.952270508 -0.009305598 0.999394894 -0.033514623 -2.806237221 -0.994523764 -0.012738888 -0.103732228 88.099227905
-0.122330070 0.033761248 0.991915047 50.836891174 -0.008466828 0.999349415 -0.035058476 -2.835852385 -0.992453337 -0.012687080 -0.121964574 87.992553711
-0.142487764 0.030729273 0.989319503 51.716331482 -0.005913052 0.999473691 -0.031896308 -2.876017094 -0.989778936 -0.010394731 -0.142231107 87.870117188
-0.162869096 0.025997780 0.986305118 52.577808380 -0.003375641 0.999632239 -0.026906488 -2.915130138 -0.986641943 -0.007711648 -0.162721395 87.720619202
-0.183613062 0.024818145 0.982685387 53.418800354 -0.001209293 0.999674797 -0.025473177 -2.948974133 -0.982997954 -0.005865560 -0.183523417 87.546432495
-0.205124021 0.025436966 0.978405416 54.298969269 0.002972164 0.999673784 -0.025366791 -2.988416433 -0.978731513 -0.002295357 -0.205132723 87.371185303
-0.225562453 0.027829560 0.973831117 55.139617920 0.008504780 0.999610066 -0.026596345 -3.020336151 -0.974191606 0.002283084 -0.225711107 87.173171997
-0.245599627 0.027122933 0.968991876 55.985824585 0.012752105 0.999612391 -0.024747895 -3.052736044 -0.969287515 0.006278609 -0.245850325 86.951782227
-0.264255643 0.026494443 0.964088798 56.809715271 0.016509086 0.999600410 -0.022945231 -3.092300415 -0.964311481 0.009852819 -0.264587522 86.713073730
-0.280616045 0.028484302 0.959397554 57.624938965 0.021864781 0.999489844 -0.023279371 -3.125955582 -0.959571242 0.014444456 -0.281095624 86.467819214
-0.295523763 0.029939922 0.954866052 58.450881958 0.023177302 0.999439299 -0.024164319 -3.152408123 -0.955054104 0.014990088 -0.296051979 86.206764221
-0.308077931 0.027918627 0.950951278 59.278144836 0.026095694 0.999441206 -0.020888047 -3.173199654 -0.951003075 0.018380588 -0.308634400 85.932998657
-0.318324924 0.018687168 0.947797716 60.114257812 0.028289014 0.999547660 -0.010206423 -3.196944714 -0.947559714 0.023563301 -0.318709612 85.655136108
-0.326107860 0.008173511 0.945297480 60.956405640 0.026619283 0.999645472 0.000539659 -3.214136600 -0.944957972 0.025339125 -0.326209903 85.367019653
-0.330739498 0.005001918 0.943708897 61.787094116 0.027979186 0.999598324 0.004507652 -3.227921963 -0.943307281 0.027895065 -0.330746531 85.077804565
-0.332179189 0.012465399 0.943134129 62.624687195 0.029771090 0.999553025 -0.002725485 -3.240470886 -0.942746580 0.027172780 -0.332401872 84.779006958
-0.332591295 0.024787057 0.942745388 63.453330994 0.031564105 0.999387026 -0.015140802 -3.249282360 -0.942542851 0.024721215 -0.333169818 84.483703613
-0.332084298 0.034339022 0.942624509 64.287773132 0.032325353 0.999164402 -0.025010584 -3.267821074 -0.942695737 0.022165051 -0.332916856 84.192169189
-0.331551075 0.035636611 0.942764103 65.147933960 0.032756113 0.999118686 -0.026247166 -3.299284935 -0.942868590 0.022179013 -0.332426190 83.898132324
-0.332312942 0.032123741 0.942621946 65.992454529 0.032758351 0.999209940 -0.022503544 -3.327554703 -0.942600071 0.023400523 -0.333102703 83.605545044
-0.334521174 0.026896631 0.942004442 66.843269348 0.032603066 0.999324560 -0.016955392 -3.354849815 -0.941824257 0.025040297 -0.335172057 83.298461914
-0.339184284 0.023025716 0.940438271 67.708877563 0.033389330 0.999365151 -0.012426088 -3.377185345 -0.940127373 0.027185870 -0.339737773 82.988769531
-0.345175147 0.020662056 0.938310921 68.574661255 0.034431107 0.999363422 -0.009340343 -3.398144484 -0.937906563 0.029083028 -0.345666766 82.671722412
-0.353753328 0.021679144 0.935087681 69.436866760 0.034576669 0.999351144 -0.010088331 -3.417895079 -0.934699655 0.028763436 -0.354273438 82.345108032
-0.364681721 0.025004780 0.930796444 70.316841125 0.033671923 0.999339700 -0.013653612 -3.435184717 -0.930523217 0.026362484 -0.365282893 82.008033752
-0.378338695 0.027635513 0.925254703 71.185493469 0.036256466 0.999229670 -0.015019653 -3.451178074 -0.924957037 0.027863950 -0.379049182 81.652481079
-0.392452955 0.029030353 0.919313908 72.047439575 0.035864048 0.999224663 -0.016243521 -3.474982500 -0.919072688 0.026595498 -0.393189907 81.277778625
-0.406385899 0.033574808 0.913084626 72.911750793 0.035873476 0.999140441 -0.020772969 -3.503534079 -0.912997186 0.024313679 -0.407240987 80.899215698
-0.418436527 0.043612838 0.907198370 73.771339417 0.038835488 0.998792052 -0.030103637 -3.527851582 -0.907415450 0.022635031 -0.419624805 80.505279541
-0.428663731 0.048109628 0.902182281 74.624954224 0.041558802 0.998574197 -0.033503521 -3.563251019 -0.902507782 0.023131872 -0.430051923 80.091636658
-0.436553240 0.045656934 0.898519278 75.502700806 0.041222639 0.998677671 -0.030717971 -3.598072529 -0.898733675 0.023629308 -0.437858105 79.667205811
-0.441505313 0.040197488 0.896357954 76.375778198 0.041920204 0.998829186 -0.024144864 -3.635332823 -0.896279037 0.026915422 -0.442673445 79.242881775
-0.443514824 0.039141811 0.895412147 77.267501831 0.042649016 0.998835862 -0.022537984 -3.667733431 -0.895251930 0.028192516 -0.444667935 78.791648865
-0.444950223 0.038992215 0.894706190 78.152709961 0.043914337 0.998799801 -0.021689501 -3.695126772 -0.894478083 0.029639682 -0.446128488 78.354690552
-0.445462108 0.039846838 0.894413888 79.033454895 0.044793636 0.998749852 -0.022185670 -3.729409695 -0.894179761 0.030181173 -0.446690083 77.913894653
-0.446115017 0.038070697 0.894165516 79.922988892 0.044114199 0.998815775 -0.020517012 -3.760803461 -0.893887758 0.030292450 -0.447266102 77.469131470
-0.447142005 0.037882864 0.893660545 80.808944702 0.042813316 0.998863995 -0.020920923 -3.791847229 -0.893437922 0.028905949 -0.448256016 77.035079956
-0.448218346 0.035411250 0.893222570 81.681701660 0.039280880 0.999030113 -0.019894818 -3.824247122 -0.893060744 0.026169343 -0.449174643 76.598052979
-0.450291038 0.034134272 0.892229259 82.555282593 0.035684798 0.999158621 -0.020215668 -3.857308388 -0.892168581 0.022736087 -0.451130271 76.163955688
-0.455416083 0.031519718 0.889720619 83.431480408 0.030797843 0.999332666 -0.019638587 -3.896425724 -0.889745891 0.018457748 -0.456082940 75.737083435
-0.461983085 0.030098572 0.886377871 84.308769226 0.027338002 0.999432325 -0.019688886 -3.925860643 -0.886467278 0.015135867 -0.462543607 75.286224365
-0.470841050 0.024948807 0.881865263 85.166130066 0.021264007 0.999630570 -0.016927330 -3.953195572 -0.881961763 0.010781907 -0.471197605 74.843795776
-0.480932951 0.022343639 0.876472712 86.008819580 0.020167541 0.999692619 -0.014418635 -3.986197472 -0.876525462 0.010741902 -0.481235743 74.388290405
-0.491973400 0.020452375 0.870369911 86.879188538 0.020746375 0.999715567 -0.011764986 -4.008438110 -0.870362937 0.012268959 -0.492257833 73.904006958
-0.503536463 0.019967243 0.863743305 87.708618164 0.018681541 0.999750793 -0.012220566 -4.032610416 -0.863772094 0.009982556 -0.503783941 73.426147461
-0.515825510 0.018566463 0.856492579 88.535728455 0.018605206 0.999772131 -0.010467334 -4.052531242 -0.856491745 0.010535903 -0.516053438 72.932151794
-0.528176546 0.017608201 0.848952174 89.345016479 0.016938960 0.999804497 -0.010198454 -4.088013172 -0.848965764 0.008993782 -0.528371572 72.428153992
-0.541501403 0.018714800 0.840491712 90.140167236 0.016870487 0.999792755 -0.011392776 -4.107735634 -0.840530753 0.008010300 -0.541704893 71.921112061
-0.554176211 0.020720687 0.832141757 90.923530579 0.016180925 0.999769390 -0.014118787 -4.137752533 -0.832242429 0.005640529 -0.554383636 71.398269653
-0.566696405 0.021220015 0.823653579 91.718696594 0.016395008 0.999760807 -0.014476900 -4.160385132 -0.823763788 0.005299802 -0.566908717 70.862998962
-0.579160333 0.020628026 0.814952672 92.486656189 0.016680276 0.999770403 -0.013451990 -4.185043812 -0.815043032 0.005802777 -0.579371333 70.322692871
-0.591079235 0.019220743 0.806384623 93.237747192 0.017429624 0.999786973 -0.011054730 -4.213317394 -0.806425333 0.007520758 -0.591288328 69.762901306
-0.602796197 0.020025112 0.797644079 93.994422913 0.019720115 0.999753535 -0.010196240 -4.244015694 -0.797651649 0.009583376 -0.603042603 69.200271606
-0.612818837 0.021328324 0.789935708 94.721794128 0.022039453 0.999708116 -0.009894365 -4.268619537 -0.789916217 0.011346298 -0.613110065 68.632850647
-0.621275783 0.023795135 0.783230901 95.443031311 0.025656853 0.999620616 -0.010017650 -4.287695885 -0.783172131 0.013871516 -0.621650577 68.059333801
-0.627019882 0.025956055 0.778570712 96.150070190 0.029591428 0.999517024 -0.009490603 -4.307971954 -0.778441012 0.017088221 -0.627485156 67.478385925
-0.630821347 0.027270531 0.775448740 96.849479675 0.032302100 0.999438763 -0.008870183 -4.327192307 -0.775255442 0.019453123 -0.631348252 66.903945923
-0.633236885 0.029564884 0.773393154 97.544105530 0.035702411 0.999322236 -0.008969257 -4.349098682 -0.773134112 0.021932337 -0.633863211 66.331649780
-0.634046674 0.030699775 0.772685289 98.234298706 0.037241623 0.999264479 -0.009142498 -4.367884159 -0.772397637 0.022979284 -0.634723544 65.769439697
-0.633341551 0.033169053 0.773161173 98.905494690 0.041097462 0.999112785 -0.009197171 -4.389787197 -0.772780299 0.025950011 -0.634142876 65.218948364
-0.630782843 0.034161173 0.775207341 99.566932678 0.043198608 0.999027073 -0.008873759 -4.406867981 -0.774756253 0.027890461 -0.631644845 64.669349670
-0.627257705 0.034490086 0.778048038 100.219551086 0.044460595 0.998975515 -0.008439726 -4.429012775 -0.777541995 0.029298592 -0.628148437 64.149200439
-0.622501373 0.035546016 0.781811178 100.858337402 0.046727609 0.998873949 -0.008209137 -4.453644276 -0.781222641 0.031421971 -0.623461366 63.639663696
-0.616824627 0.035934005 0.786279976 101.478385925 0.047735844 0.998826325 -0.008199609 -4.473891735 -0.785651803 0.032476019 -0.617816091 63.155624390
-0.611976862 0.035958715 0.790058017 102.090705872 0.048159145 0.998806357 -0.008155758 -4.493911743 -0.789408267 0.033057380 -0.612978101 62.689758301
-0.607362509 0.034581587 0.793671787 102.685539246 0.046749607 0.998876572 -0.007747258 -4.515845776 -0.793048084 0.032398447 -0.608296871 62.253715515
-0.602759242 0.034056343 0.797196031 103.269737244 0.046608523 0.998885572 -0.007431894 -4.534214973 -0.796560764 0.032676484 -0.603674769 61.808456421
-0.599486351 0.033406716 0.799687505 103.831985474 0.046481680 0.998895407 -0.006883540 -4.552720070 -0.799034119 0.033044230 -0.600376964 61.394721985
-0.597398043 0.035126336 0.801175356 104.389961243 0.046006277 0.998896062 -0.009490438 -4.569718361 -0.800624251 0.031189524 -0.598354578 60.991127014
-0.596795082 0.037396852 0.801521719 104.927230835 0.045670990 0.998877048 -0.012599324 -4.589957237 -0.801092863 0.029087076 -0.597832918 60.577705383
-0.598453999 0.042769819 0.800014734 105.471221924 0.047543302 0.998710096 -0.017827382 -4.611620903 -0.799745262 0.027366474 -0.599715471 60.168243408
-0.600704551 0.048450615 0.798001647 106.007476807 0.050427217 0.998470604 -0.022662433 -4.633109093 -0.797879159 0.026627574 -0.602228999 59.755790710
-0.604280710 0.049792342 0.795214176 106.532775879 0.052786537 0.998354554 -0.022399656 -4.653673172 -0.795021057 0.028440922 -0.605914712 59.353652954
-0.608419418 0.046236861 0.792267621 107.065948486 0.053340357 0.998426437 -0.017305763 -4.664049625 -0.791821122 0.031730678 -0.609928370 58.938659668
-0.612206101 0.038001407 0.789784610 107.590805054 0.052074652 0.998613656 -0.007683497 -4.681896687 -0.788981676 0.036423873 -0.613336205 58.528945923
-0.617066979 0.030885179 0.786304474 108.119491577 0.049947586 0.998751819 -0.000032597 -4.703894138 -0.785324097 0.039253891 -0.617839456 58.116668701
-0.622175455 0.030087860 0.782299638 108.642761230 0.047560651 0.998868167 -0.000591517 -4.719931602 -0.781431973 0.036838651 -0.622902274 57.705215454
-0.626266360 0.032793034 0.778919399 109.148689270 0.045431290 0.998952150 -0.005528935 -4.730396271 -0.778284550 0.031924728 -0.627099872 57.305999756
-0.629249334 0.036954615 0.776324689 109.688385010 0.044727962 0.998935342 -0.011297132 -4.738818169 -0.775915623 0.027614705 -0.630232215 56.870475769
-0.631371379 0.037196174 0.774587989 110.210441589 0.042014197 0.999022722 -0.013727632 -4.748114109 -0.774341583 0.023876458 -0.632317185 56.448165894
-0.633100867 0.036809653 0.773193717 110.742584229 0.040356763 0.999079823 -0.014518852 -4.762825489 -0.773016691 0.022011697 -0.634003878 56.019302368
-0.634387255 0.035917863 0.772180676 111.273078918 0.038039774 0.999160230 -0.015224109 -4.783763409 -0.772079051 0.019715598 -0.635220766 55.583938599
-0.635558486 0.036247846 0.771201372 111.814529419 0.037222039 0.999174297 -0.016287750 -4.798125267 -0.771154940 0.018353868 -0.636382937 55.148605347
-0.634720683 0.036426775 0.771882594 112.368209839 0.038560882 0.999136925 -0.015442692 -4.813340187 -0.771778882 0.019962680 -0.635577559 54.684585571
-0.633526087 0.033536900 0.772994280 112.928619385 0.040307414 0.999134123 -0.010313230 -4.821658611 -0.772670805 0.024623698 -0.634329319 54.228363037
-0.630010962 0.026195869 0.776144505 113.494003296 0.039463341 0.999219596 -0.001691820 -4.838964939 -0.775583148 0.029563390 -0.630553007 53.772766113
-0.624494672 0.023820689 0.780665696 114.073394775 0.040180344 0.999191046 0.001653705 -4.848154545 -0.779994845 0.032400146 -0.624946713 53.314186096
-0.618155599 0.023777043 0.785696089 114.650382996 0.040224191 0.999189675 0.001408980 -4.859059334 -0.785025954 0.032474957 -0.618611097 52.870407104
-0.611165881 0.024455093 0.791124880 115.246948242 0.036515623 0.999329507 -0.002681752 -4.859014034 -0.790660024 0.027249422 -0.611649036 52.426414490
-0.604585528 0.021997336 0.796236634 115.863006592 0.033397414 0.999439597 -0.002252374 -4.862534523 -0.795839965 0.025230488 -0.604981422 51.973915100
-0.598208785 0.017203290 0.801155686 116.491844177 0.026377987 0.999650478 -0.001769615 -4.868918419 -0.800906122 0.020074276 -0.598453403 51.527999878
-0.593067884 0.013440114 0.805040479 117.127838135 0.019821193 0.999801338 -0.002089502 -4.880412102 -0.804908633 0.014717645 -0.593216419 51.073852539
-0.589538813 0.012354882 0.807645857 117.776649475 0.009267795 0.999920666 -0.008531190 -4.887736320 -0.807687163 0.002455630 -0.589606524 50.625900269
-0.587303758 0.014197273 0.809242189 118.427482605 0.001301073 0.999861419 -0.016597234 -4.901244640 -0.809365690 -0.008694733 -0.587240815 50.170036316
-0.585350752 0.011505810 0.810698748 119.099609375 -0.008320303 0.999761403 -0.020196604 -4.921422958 -0.810737669 -0.018567352 -0.585115314 49.720649719
-0.583910465 0.011837784 0.811731935 119.778335571 -0.008124730 0.999758363 -0.020424277 -4.934387207 -0.811777592 -0.018521048 -0.583673120 49.245025635
-0.581815958 0.009669308 0.813263059 120.462249756 -0.006880104 0.999835014 -0.016809650 -4.957069874 -0.813291430 -0.015375455 -0.581653357 48.761161804
-0.580590963 0.005641833 0.814175904 121.149734497 -0.009828093 0.999854565 -0.013936932 -4.984790802 -0.814136088 -0.016093452 -0.580451012 48.279731750
-0.580282807 0.004563796 0.814402401 121.865577698 -0.010060187 0.999867857 -0.012771262 -5.005395412 -0.814353049 -0.015603982 -0.580160141 47.787742615
-0.580261946 0.008733875 0.814383268 122.577850342 -0.006255589 0.999865174 -0.015180293 -5.019522667 -0.814406097 -0.013902990 -0.580129027 47.279556274
-0.581612110 0.012108562 0.813376427 123.274276733 -0.003765445 0.999838412 -0.017576898 -5.040217876 -0.813457787 -0.013285656 -0.581472516 46.764167786
-0.583577991 0.009979546 0.811995804 124.011283875 -0.005875999 0.999846399 -0.016511312 -5.059997082 -0.812035918 -0.014406924 -0.583429694 46.250549316
-0.584667802 0.008311171 0.811230242 124.745002747 -0.004430368 0.999899924 -0.013437162 -5.081679821 -0.811260700 -0.011450323 -0.584572434 45.723831177
-0.585963011 0.007143641 0.810306609 125.491592407 -0.001737533 0.999947786 -0.010071988 -5.098264694 -0.810336232 -0.007309745 -0.585919976 45.180931091
-0.587619066 0.005551707 0.809118867 126.242782593 -0.005259810 0.999929130 -0.010680851 -5.112069130 -0.809120774 -0.010532081 -0.587548256 44.648796082
-0.589228630 0.003386435 0.807959259 127.027267456 -0.009957694 0.999884844 -0.011452810 -5.126030445 -0.807904959 -0.014793734 -0.589127064 44.099708557
-0.590434074 0.003727518 0.807077348 127.792465210 -0.010118945 0.999876559 -0.012020690 -5.143663883 -0.807022512 -0.015264194 -0.590323448 43.546005249
-0.592098236 0.002020712 0.805863500 128.564056396 -0.008970627 0.999918342 -0.009098363 -5.162167072 -0.805816114 -0.012616224 -0.592031837 42.980659485
-0.593417406 -0.005656125 0.804875195 129.338211060 -0.012960536 0.999912798 -0.002528808 -5.180186749 -0.804790735 -0.011932252 -0.593438983 42.417045593
-0.595177650 -0.012391093 0.803498685 130.136322021 -0.014099441 0.999888241 0.004975786 -5.188513279 -0.803470552 -0.008367405 -0.595285892 41.847587585
-0.595289350 -0.016534135 0.803341329 130.913650513 -0.016533479 0.999828637 0.008326597 -5.196665287 -0.803341329 -0.008325292 -0.595460653 41.280349731
-0.595961332 -0.015782833 0.802858233 131.684814453 -0.019895650 0.999790132 0.004885653 -5.207678795 -0.802766860 -0.013061726 -0.596150279 40.719879150
-0.595770240 -0.013822205 0.803036273 132.463699341 -0.024653133 0.999695480 -0.001082890 -5.210656643 -0.802776754 -0.020442512 -0.595929623 40.161102295
-0.594840884 -0.013411024 0.803731740 133.248626709 -0.029474737 0.999552310 -0.005135738 -5.227115154 -0.803303003 -0.026744727 -0.594969869 39.594406128
-0.592926025 -0.014682633 0.805123150 134.028732300 -0.029252350 0.999566555 -0.003314038 -5.241297245 -0.804725528 -0.025516722 -0.593098640 39.026229858
-0.591257691 -0.013635691 0.806367517 134.823150635 -0.026269767 0.999652088 -0.002357800 -5.257948875 -0.806054831 -0.022577154 -0.591410279 38.455856323
-0.588930845 -0.008297835 0.808141053 135.619338989 -0.017601609 0.999841809 -0.002560947 -5.269709110 -0.807991982 -0.015732801 -0.588983655 37.877105713
-0.584828019 -0.004759373 0.811143577 136.397293091 -0.014323532 0.999887466 -0.004460325 -5.282351017 -0.811031044 -0.014226961 -0.584830403 37.309936523
-0.580780864 0.000948064 0.814059675 137.178298950 -0.006571895 0.999961257 -0.005853204 -5.297754765 -0.814033747 -0.008749341 -0.580752134 36.747192383
-0.578301191 0.007133486 0.815792203 137.957550049 0.004445332 0.999974489 -0.005592801 -5.316941261 -0.815811276 0.000392144 -0.578318119 36.180068970
-0.577740312 0.005976915 0.816198885 138.741104126 0.000475978 0.999975502 -0.006985770 -5.334265709 -0.816220582 -0.003647467 -0.577728987 35.641799927
-0.578162909 0.001954513 0.815919042 139.514480591 -0.002269015 0.999989390 -0.004003280 -5.348983288 -0.815918207 -0.004165881 -0.578152299 35.095108032
-0.579165220 -0.003467706 0.815203071 140.296585083 -0.004795909 0.999988139 0.000846467 -5.363755226 -0.815196335 -0.003419395 -0.579174995 34.549179077
-0.580159664 -0.009077395 0.814452231 141.084991455 -0.009976781 0.999942064 0.004037982 -5.377502441 -0.814441681 -0.005782937 -0.580216646 34.006164551
-0.582823634 -0.011309921 0.812519968 141.859710693 -0.011673900 0.999916494 0.005544665 -5.388270378 -0.812514842 -0.006253716 -0.582906961 33.472503662
-0.585190058 -0.009977988 0.810834765 142.632614136 -0.014890020 0.999887943 0.001558120 -5.394464970 -0.810759425 -0.011161550 -0.585273027 32.930648804
-0.585868716 -0.016213937 0.810243905 143.399047852 -0.022299184 0.999743819 0.003882033 -5.400453091 -0.810099304 -0.015793415 -0.586080074 32.392120361
-0.588081241 -0.009333459 0.808748066 144.156326294 -0.019228304 0.999812126 -0.002443402 -5.411238670 -0.808573365 -0.016987773 -0.588150144 31.843460083
-0.589512467 -0.006426855 0.807733834 144.918441772 -0.020659557 0.999761164 -0.007123318 -5.424771786 -0.807495117 -0.020886704 -0.589504480 31.294677734
-0.591598034 -0.001372852 0.806232035 145.672714233 -0.022153286 0.999648631 -0.014553462 -5.441847801 -0.805928826 -0.026470484 -0.591420531 30.751892090
-0.593414426 -0.001599346 0.804895580 146.432525635 -0.018443454 0.999762475 -0.011611002 -5.464441299 -0.804685831 -0.021735189 -0.593302965 30.204467773
-0.593451500 -0.004555653 0.804857135 147.191757202 -0.017214000 0.999827087 -0.007033304 -5.481955528 -0.804685950 -0.018028732 -0.593427300 29.649871826
-0.593945742 -0.009810669 0.804445505 147.953521729 -0.018007580 0.999837220 -0.001101939 -5.497777462 -0.804303765 -0.015140606 -0.594025731 29.101242065
-0.593716502 -0.005189281 0.804657817 148.694259644 -0.013519969 0.999902368 -0.003527278 -5.515793324 -0.804560959 -0.012973149 -0.593728781 28.557983398
-0.592709303 -0.003805496 0.805407465 149.433822632 -0.016013473 0.999846876 -0.007060303 -5.530836105 -0.805257261 -0.017082078 -0.592679381 28.016967773
-0.592450023 0.001463483 0.805606008 150.191925049 -0.016017767 0.999779284 -0.013595833 -5.545458794 -0.805448115 -0.020958858 -0.592295766 27.481872559
-0.592433929 -0.001065020 0.805618405 150.934310913 -0.019835794 0.999715269 -0.013265190 -5.564403057 -0.805374861 -0.023838827 -0.592286348 26.951126099
-0.592376232 -0.006140453 0.805638194 151.674728394 -0.022399992 0.999709904 -0.008850807 -5.584348202 -0.805350125 -0.023289295 -0.592341900 26.418762207
-0.593076229 -0.009802214 0.805086732 152.380142212 -0.019468429 0.999808133 -0.002168621 -5.603363991 -0.804911017 -0.016959930 -0.593153238 25.898178101
-0.594133139 -0.008905436 0.804317594 153.082885742 -0.016837375 0.999857306 -0.001366967 -5.624588013 -0.804190636 -0.014354756 -0.594198346 25.386337280
-0.595620632 -0.001381442 0.803264916 153.743469238 -0.015761388 0.999826074 -0.009967577 -5.647788048 -0.803111434 -0.018597461 -0.595538735 24.887512207
-0.597884893 0.010063284 0.801519156 154.412445068 -0.014136264 0.999633312 -0.023095459 -5.665120125 -0.801457644 -0.025138903 -0.597523451 24.392913818
-0.602289319 0.011649043 0.798192978 155.068054199 -0.010572620 0.999689400 -0.022567475 -5.692919731 -0.798207939 -0.022031138 -0.601979136 23.920120239
-0.606419683 0.006177037 0.795120776 155.707870483 -0.007437134 0.999882042 -0.013439886 -5.715247154 -0.795109987 -0.014063630 -0.606302142 23.431732178
-0.610810041 -0.003145451 0.791771173 156.331832886 -0.005539064 0.999984622 -0.000300480 -5.738706112 -0.791758060 -0.004569207 -0.610818028 22.947723389
-0.614391804 -0.008437327 0.788956106 156.931274414 -0.007481613 0.999960184 0.004867635 -5.758733749 -0.788965762 -0.002912030 -0.614430428 22.485351562
-0.619089127 -0.004678899 0.785306871 157.508865356 -0.006923346 0.999975920 0.000499956 -5.772198677 -0.785290301 -0.005127434 -0.619106531 22.047241211
-0.621290922 0.006143392 0.783556044 158.048934937 -0.002129781 0.999952316 -0.009528754 -5.788568497 -0.783577263 -0.007588930 -0.621248245 21.611938477
-0.623585820 0.013164464 0.781644225 158.575241089 -0.000814370 0.999846697 -0.017489130 -5.803599834 -0.781754673 -0.011542519 -0.623479486 21.188110352
-0.624794602 0.017550100 0.780592084 159.087097168 0.003466658 0.999799848 -0.019703813 -5.822658539 -0.780781627 -0.009604787 -0.624730349 20.781997681
-0.622279167 0.019655423 0.782548606 159.578094482 0.009868764 0.999802232 -0.017264629 -5.834514618 -0.782733202 -0.003020630 -0.622350097 20.392959595
-0.617144465 0.023440450 0.786500692 160.067276001 0.018931884 0.999709129 -0.014939500 -5.857372284 -0.786622107 0.005670109 -0.617408752 20.027160645
-0.605312467 0.024769763 0.795602620 160.539276123 0.024066864 0.999628246 -0.012811150 -5.876292229 -0.795624197 0.011392911 -0.605683565 19.673034668
-0.587212443 0.030404819 0.808861792 161.012908936 0.032179721 0.999381125 -0.014204748 -5.897000313 -0.808793128 0.017687744 -0.587827444 19.328903198
-0.563362718 0.036330927 0.825410604 161.502075195 0.040678855 0.999040782 -0.016209060 -5.913184166 -0.825207770 0.024445180 -0.564300179 19.007843018
-0.532587290 0.039614245 0.845447719 161.992782593 0.046894632 0.998750806 -0.017256280 -5.944946289 -0.845075130 0.030456480 -0.533779740 18.703720093
-0.497260332 0.038944289 0.866726935 162.480941772 0.049352862 0.998644173 -0.016556850 -5.943569660 -0.866196573 0.034542385 -0.498508096 18.424453735
-0.459599614 0.034224205 0.887466550 163.007476807 0.043342121 0.998930931 -0.016076766 -5.962790012 -0.887068033 0.031075805 -0.460591674 18.178955078
-0.419859767 0.032179382 0.907018542 163.526107788 0.037978556 0.999118805 -0.017866636 -5.980068207 -0.906794250 0.026945772 -0.420711875 17.971954346
-0.380451441 0.035710432 0.924111307 164.045989990 0.037318245 0.999033093 -0.023241930 -6.003044128 -0.924047768 0.025643786 -0.381416202 17.781066895
-0.339859962 0.040362831 0.939609706 164.572265625 0.038133737 0.998848438 -0.029114457 -6.027169228 -0.939702809 0.025935991 -0.341007710 17.603988647
-0.299326897 0.045998197 0.953041315 165.116378784 0.036506873 0.998658061 -0.036733966 -6.042737007 -0.953452051 0.023797093 -0.300604463 17.465881348
-0.258195877 0.046424098 0.964976549 165.676513672 0.035083741 0.998636484 -0.038656197 -6.068544388 -0.965455353 0.023874113 -0.259472609 17.337585449
-0.216933966 0.043632612 0.975210667 166.245315552 0.030892594 0.998807073 -0.037816353 -6.090988159 -0.975697339 0.021923138 -0.218023181 17.244705200
-0.174897313 0.038809564 0.983821630 166.796386719 0.029115725 0.998989701 -0.034231916 -6.118023872 -0.984156251 0.022657610 -0.175850630 17.158691406
-0.138547421 0.031939011 0.989840746 167.383514404 0.022211177 0.999328673 -0.029136274 -6.146605492 -0.990106821 0.017948775 -0.139163733 17.113906860
-0.105315328 0.024669491 0.994132936 167.983367920 0.016959842 0.999591410 -0.023008274 -6.169793606 -0.994294345 0.014437214 -0.105690718 17.080718994
-0.076107621 0.022175087 0.996852994 168.580993652 0.011887347 0.999701798 -0.021330886 -6.189045906 -0.997028768 0.010226496 -0.076348543 17.065887451
-0.051604748 0.020175334 0.998463809 169.169265747 0.007044116 0.999778390 -0.019837828 -6.202639103 -0.998642743 0.006009568 -0.051735520 17.045135498
-0.034273982 0.016576417 0.999275029 169.788101196 -0.002428710 0.999858081 -0.016669393 -6.224145412 -0.999409556 -0.002998274 -0.034228921 17.056259155
-0.021828771 0.014919817 0.999650538 170.416473389 -0.015043936 0.999770522 -0.015250112 -6.244076729 -0.999648690 -0.015371566 -0.021599293 17.080093384
-0.013669848 0.017428579 0.999754727 171.035018921 -0.021993073 0.999600947 -0.017726615 -6.260588646 -0.999664724 -0.022229996 -0.013281107 17.087097168
-0.008917093 0.020111000 0.999758005 171.681823730 -0.026908264 0.999430835 -0.020344419 -6.272619247 -0.999598145 -0.027083164 -0.008370876 17.086471558
-0.007850409 0.022100551 0.999725044 172.326751709 -0.027875025 0.999362409 -0.022311421 -6.288431168 -0.999580741 -0.028042508 -0.007229328 17.090377808
-0.009674072 0.020312726 0.999746978 172.979629517 -0.028827285 0.999372423 -0.020584064 -6.305680275 -0.999537706 -0.029019119 -0.009082437 17.088928223
-0.012943149 0.018558677 0.999744058 173.638214111 -0.028337821 0.999419332 -0.018919522 -6.324324608 -0.999514699 -0.028575445 -0.012409687 17.080184937
-0.017651081 0.013592835 0.999751806 174.287002563 -0.029197538 0.999474168 -0.014104556 -6.348769188 -0.999417841 -0.029439252 -0.017244935 17.070571899
-0.023034096 0.015283872 0.999617875 174.998413086 -0.027926093 0.999483109 -0.015925311 -6.366947174 -0.999344587 -0.028282247 -0.022595406 17.054748535
-0.028658390 0.022373369 0.999338925 175.669403076 -0.029345049 0.999299765 -0.023214031 -6.389819145 -0.999158502 -0.029990923 -0.027981758 17.040451050
-0.035303354 0.032784663 0.998838782 176.350051880 -0.029434623 0.998994052 -0.033830106 -6.412377834 -0.998943150 -0.030594757 -0.034302831 17.024032593
-0.041811943 0.037786890 0.998410761 177.035018921 -0.028100101 0.998844802 -0.038980108 -6.436799526 -0.998730361 -0.029685272 -0.040701866 16.986297607
-0.047876000 0.035810892 0.998211265 177.733840942 -0.027937571 0.998918116 -0.037176192 -6.454453468 -0.998462617 -0.029667439 -0.046823740 16.948959351
-0.055252075 0.028067574 0.998077989 178.446105957 -0.029674456 0.999117076 -0.029739529 -6.485603809 -0.998031497 -0.031260584 -0.054370403 16.919906616
-0.062368751 0.021874184 0.997813463 179.196807861 -0.033827279 0.999139071 -0.024017630 -6.520250320 -0.997479796 -0.035251264 -0.061575055 16.888961792
-0.068592668 0.020567415 0.997432649 179.917358398 -0.037129205 0.999042213 -0.023153950 -6.544269085 -0.996953547 -0.038622074 -0.067763329 16.846862793
-0.074200869 0.023927948 0.996956170 180.638885498 -0.040691044 0.998806894 -0.027000897 -6.572730064 -0.996412814 -0.042570680 -0.073138714 16.807189941
-0.077453494 0.026660424 0.996639431 181.361572266 -0.038327634 0.998823822 -0.029697476 -6.596670151 -0.996258914 -0.040499005 -0.076340556 16.750366211
-0.079099774 0.028998174 0.996444941 182.089019775 -0.030242911 0.999046922 -0.031474635 -6.625608444 -0.996407926 -0.032625027 -0.078147411 16.678558350
-0.080515981 0.027869927 0.996363759 182.831436157 -0.027149476 0.999176800 -0.030142559 -6.651247978 -0.996383667 -0.029477706 -0.079693079 16.616134644
-0.080632806 0.025443502 0.996419013 183.575790405 -0.033937853 0.999024451 -0.028256368 -6.678905487 -0.996165872 -0.036094714 -0.079690576 16.566757202
-0.079192638 0.021704804 0.996623218 184.329681396 -0.038729388 0.998941123 -0.024832757 -6.705683708 -0.996106923 -0.040565167 -0.078268170 16.524383545
-0.076474786 0.021135623 0.996847510 185.077514648 -0.035680566 0.999076962 -0.023920184 -6.735311508 -0.996432900 -0.037397373 -0.075649977 16.459838867
-0.075500965 0.021523420 0.996913433 185.825180054 -0.030977486 0.999233842 -0.023919586 -6.762457848 -0.996664464 -0.032687820 -0.074776292 16.397796631
-0.075153708 0.020306472 0.996965230 186.602325439 -0.033649687 0.999171555 -0.022888005 -6.786078453 -0.996604145 -0.035267681 -0.074408174 16.349929810
-0.074959159 0.017477728 0.997033656 187.363418579 -0.037691902 0.999082208 -0.020347396 -6.808665276 -0.996474206 -0.039105304 -0.074231625 16.302291870
-0.073620796 0.014463682 0.997181416 188.144256592 -0.039888930 0.999051988 -0.017435769 -6.830909729 -0.996488214 -0.041060135 -0.072974086 16.261016846
-0.072173953 0.011993919 0.997320056 188.914779663 -0.040740281 0.999057710 -0.014963099 -6.852217197 -0.996559799 -0.041711040 -0.071617246 16.211410522
-0.071167350 0.013720128 0.997370005 189.694717407 -0.038820036 0.999109745 -0.016514065 -6.876527786 -0.996708691 -0.039893206 -0.070571303 16.153244019
-0.070631504 0.018816926 0.997324944 190.466705322 -0.034018070 0.999195039 -0.021261400 -6.898808479 -0.996922195 -0.035428792 -0.069934487 16.095657349
-0.071040630 0.022341907 0.997223318 191.232421875 -0.035469390 0.999060273 -0.024909846 -6.924059868 -0.996842682 -0.037140507 -0.070181489 16.051651001
-0.071770310 0.024097590 0.997130156 192.019851685 -0.039849222 0.998840630 -0.027007151 -6.941806793 -0.996624947 -0.041673165 -0.070726871 15.995590210
-0.072731495 0.021536823 0.997119129 192.812576294 -0.039967440 0.998900831 -0.024490593 -6.958827972 -0.996550500 -0.041633528 -0.071790814 15.942062378
-0.073899627 0.019051515 0.997083902 193.583450317 -0.036686331 0.999088824 -0.021808852 -6.992284775 -0.996590853 -0.038191006 -0.073133349 15.882064819
-0.075135231 0.020811699 0.996956170 194.364456177 -0.039039984 0.998954296 -0.023795649 -7.014988422 -0.996408880 -0.040709049 -0.074244261 15.829620361
-0.077659607 0.025102155 0.996663988 195.157821655 -0.042984612 0.998669088 -0.028502000 -7.049780369 -0.996052980 -0.045054663 -0.076477289 15.787490845
-0.080404997 0.029892817 0.996313989 195.946121216 -0.042900641 0.998520195 -0.033421196 -7.077565670 -0.995838702 -0.045429736 -0.079003572 15.730499268
-0.083354592 0.030666776 0.996048033 196.723144531 -0.044399425 0.998419523 -0.034455370 -7.105931282 -0.995530427 -0.047095966 -0.081861258 15.664550781
-0.086207151 0.031182097 0.995789349 197.526824951 -0.042593352 0.998480856 -0.034953751 -7.144475460 -0.995366514 -0.045427255 -0.084748030 15.592987061
-0.087124825 0.029810315 0.995751441 198.346649170 -0.042175986 0.998545587 -0.033584215 -7.178415298 -0.995304406 -0.044922806 -0.085740805 15.523559570
-0.088815689 0.029490376 0.995611608 199.157531738 -0.036954660 0.998775840 -0.032880720 -7.210582256 -0.995362461 -0.039712798 -0.087617159 15.449203491
-0.089021087 0.025643008 0.995699704 199.971832275 -0.034102783 0.999003947 -0.028777082 -7.245238304 -0.995445848 -0.036517892 -0.088057876 15.377212524
-0.089184165 0.022670703 0.995757222 200.801269531 -0.032752875 0.999133468 -0.025681052 -7.272676945 -0.995476604 -0.034904249 -0.088364363 15.307266235
-0.089808941 0.021587716 0.995725095 201.638854980 -0.028591059 0.999297142 -0.024243914 -7.301561832 -0.995548606 -0.030646149 -0.089128494 15.234237671
-0.088821650 0.022452928 0.995794535 202.465591431 -0.026812213 0.999329746 -0.024924202 -7.332551003 -0.995686710 -0.028913261 -0.088160157 15.158401489
-0.088946700 0.022970241 0.995771646 203.295379639 -0.024155233 0.999390244 -0.025211368 -7.358143806 -0.995743573 -0.026295558 -0.088337660 15.091308594
-0.087815166 0.024729434 0.995829880 204.130126953 -0.017961744 0.999489963 -0.026404245 -7.387828827 -0.995974958 -0.020205529 -0.087326169 15.013946533
-0.085752606 0.025264332 0.995996237 204.973785400 -0.015840234 0.999517500 -0.026717456 -7.422067642 -0.996190667 -0.018067902 -0.085311055 14.942535400
-0.083517790 0.024385331 0.996208012 205.798965454 -0.019289555 0.999473691 -0.026082421 -7.451084137 -0.996319711 -0.021394746 -0.083003402 14.877090454
-0.079335451 0.021691918 0.996612012 206.631317139 -0.023751866 0.999438226 -0.023644205 -7.476876259 -0.996565044 -0.025547218 -0.078775644 14.817306519
-0.077429652 0.020234460 0.996792436 207.468627930 -0.020546837 0.999549329 -0.021886475 -7.511899471 -0.996786058 -0.022175595 -0.076978922 14.762100220
-0.075428963 0.026912214 0.996788085 208.295455933 -0.019637261 0.999401748 -0.028468775 -7.550437450 -0.996957958 -0.021721551 -0.074855328 14.702743530
-0.074065328 0.037741750 0.996539116 209.119277954 -0.022072287 0.998976767 -0.039474543 -7.579943657 -0.997009277 -0.024919581 -0.073156476 14.651153564
-0.072663188 0.038048696 0.996630490 209.940933228 -0.024641190 0.998898506 -0.039931845 -7.610124588 -0.997052073 -0.027459737 -0.071645617 14.601409912
-0.071424961 0.026898237 0.997083366 210.780563354 -0.028179409 0.999182880 -0.028973477 -7.648872852 -0.997047961 -0.030166643 -0.070608616 14.550598145
-0.072591782 0.015557541 0.997240484 211.616210938 -0.028052256 0.999450922 -0.017634021 -7.689468384 -0.996967256 -0.029254926 -0.072115421 14.502716064
-0.073645949 0.015510466 0.997163892 212.454620361 -0.027732121 0.999460518 -0.017594358 -7.719746590 -0.996898830 -0.028949222 -0.073176146 14.441253662
-0.075551271 0.022957116 0.996877611 213.292221069 -0.031038461 0.999196351 -0.025362855 -7.745334148 -0.996658742 -0.032857742 -0.074777961 14.390777588
-0.076995969 0.027422957 0.996654272 214.133270264 -0.039702512 0.998744488 -0.030547665 -7.768342972 -0.996240675 -0.041921724 -0.075810552 14.342620850
-0.077554464 0.027650191 0.996604621 214.944229126 -0.040795729 0.998690128 -0.030882724 -7.800707340 -0.996153116 -0.043052308 -0.076324940 14.264541626
-0.078406453 0.022016775 0.996678352 215.797103882 -0.037088230 0.998999596 -0.024985695 -7.838706970 -0.996231377 -0.038924072 -0.077511430 14.209106445
-0.079002380 0.016705045 0.996734619 216.659164429 -0.035871029 0.999164402 -0.019588944 -7.863066673 -0.996228993 -0.037301458 -0.078337073 14.145782471
-0.079371810 0.014554470 0.996738851 217.506866455 -0.032456350 0.999325573 -0.017176786 -7.892330170 -0.996316552 -0.033713855 -0.078845859 14.079727173
-0.078606009 0.018616319 0.996731937 218.362014771 -0.028930955 0.999361932 -0.020947039 -7.925798893 -0.996485889 -0.030482966 -0.078017235 14.010574341
-0.077945471 0.024172626 0.996664703 219.231384277 -0.025508562 0.999330342 -0.026232207 -7.954773426 -0.996631444 -0.027468154 -0.077276587 13.939422607
-0.076505780 0.028178528 0.996670961 220.096435547 -0.022303533 0.999302089 -0.029964967 -7.980237484 -0.996819735 -0.024521774 -0.075823903 13.868148804
-0.075657725 0.025605038 0.996805191 220.980468750 -0.020587632 0.999417067 -0.027234735 -8.008836746 -0.996921480 -0.022582369 -0.075086474 13.804397583
-0.074954748 0.020801855 0.996970057 221.861602783 -0.016595392 0.999617934 -0.022104787 -8.043439865 -0.997048974 -0.018201960 -0.074580908 13.739181519
-0.074541092 0.019348461 0.997030318 222.749038696 -0.016257156 0.999655306 -0.020614838 -8.070510864 -0.997085512 -0.017745527 -0.074200869 13.675170898
-0.074532509 0.019402282 0.997029901 223.629287720 -0.024456635 0.999474406 -0.021278095 -8.098347664 -0.996918738 -0.025969900 -0.074018836 13.626800537
-0.074458361 0.019144405 0.997040331 224.525482178 -0.027198987 0.999404788 -0.021221010 -8.129383087 -0.996853113 -0.028698569 -0.073893428 13.569198608
-0.074774981 0.018181719 0.997034788 225.412063599 -0.028628152 0.999382496 -0.020371566 -8.154951096 -0.996789515 -0.030066540 -0.074208260 13.507675171
-0.076515794 0.019431423 0.996879160 226.306655884 -0.031566456 0.999261677 -0.021900760 -8.192517281 -0.996568680 -0.033143692 -0.075845957 13.451080322
-0.078344226 0.020248687 0.996720791 227.232238770 -0.033742927 0.999166965 -0.022950644 -8.209303856 -0.996355236 -0.035430327 -0.077595711 13.390045166
-0.080289245 0.017949095 0.996609986 228.096313477 -0.031271592 0.999300301 -0.020516859 -8.234230995 -0.996280968 -0.032812860 -0.079671741 13.316207886
-0.081475973 0.015061123 0.996561527 228.993865967 -0.026104534 0.999510527 -0.017239923 -8.263520241 -0.996333420 -0.027419413 -0.081043005 13.235748291
-0.082997441 0.018097619 0.996385455 229.878250122 -0.028315071 0.999388576 -0.020510767 -8.302367210 -0.996147454 -0.029915065 -0.082434177 13.169235229
-0.084866524 0.025827123 0.996057630 230.764068604 -0.021371333 0.999386847 -0.027734337 -8.331016541 -0.996163249 -0.023640791 -0.084262490 13.095458984
-0.085234284 0.027667502 0.995976746 231.678314209 -0.019133734 0.999384582 -0.029399607 -8.361080170 -0.996177197 -0.021562606 -0.084652424 13.017120361
-0.087678909 0.020653207 0.995934844 232.580917358 -0.024847472 0.999428630 -0.022913150 -8.393036842 -0.995839000 -0.026755456 -0.087115645 12.957244873
-0.088526726 0.011975409 0.996001899 233.480072021 -0.031582039 0.999391258 -0.014823238 -8.424303055 -0.995573044 -0.032768019 -0.088094592 12.885253906
-0.090169430 0.009796057 0.995878339 234.371887207 -0.035675529 0.999278069 -0.013059651 -8.455830574 -0.995287359 -0.036706068 -0.089754820 12.817428589
-0.093271732 0.010741253 0.995582759 235.301330566 -0.036562908 0.999230385 -0.014206027 -8.479608536 -0.994969130 -0.037726421 -0.092807293 12.764801025
-0.094283581 0.017233739 0.995396137 236.197814941 -0.041124567 0.998929322 -0.021190215 -8.504253387 -0.994695544 -0.042933132 -0.093473911 12.700256348
-0.093294740 0.022531077 0.995383739 237.077957153 -0.037550297 0.998953044 -0.026131358 -8.539975166 -0.994930327 -0.039814863 -0.092350960 12.610656738
-0.092670441 0.028923146 0.995276868 237.959991455 -0.032338347 0.998963237 -0.032041308 -8.572821617 -0.995171726 -0.035154883 -0.091639042 12.524810791
-0.091886163 0.025247999 0.995449424 238.848999023 -0.029993698 0.999154747 -0.028110581 -8.607280731 -0.995317757 -0.032440182 -0.091051221 12.445922852
-0.089941978 0.021332806 0.995718479 239.745513916 -0.027944200 0.999322891 -0.023934193 -8.641528130 -0.995554864 -0.029977247 -0.089284897 12.363739014
-0.086838841 0.020992955 0.996001244 240.625030518 -0.030086949 0.999266624 -0.023684986 -8.681800842 -0.995768011 -0.032023411 -0.086143613 12.293914795
-0.084825635 0.028281676 0.995994389 241.497604370 -0.029302422 0.999093950 -0.030865278 -8.718605042 -0.995964885 -0.031803209 -0.083920002 12.220703125
-0.082811236 0.031479791 0.996067941 242.372070312 -0.028900284 0.999004722 -0.033975318 -8.749241829 -0.996146142 -0.031600185 -0.081819057 12.158203125
-0.080196500 0.025399365 0.996455610 243.252578735 -0.029248320 0.999184906 -0.027822889 -8.786481857 -0.996350050 -0.031375941 -0.079388261 12.092346191
-0.078787208 0.018295728 0.996723652 244.141235352 -0.026614919 0.999436557 -0.020449333 -8.828919411 -0.996536195 -0.028138861 -0.078255892 12.028289795
-0.077436090 0.019983951 0.996797085 245.002609253 -0.026881836 0.999393761 -0.022124320 -8.862171173 -0.996634960 -0.028508954 -0.076851964 11.975341797
-0.074956656 0.029640045 0.996746361 245.869323730 -0.028859975 0.999074996 -0.031879596 -8.890648842 -0.996769249 -0.031155651 -0.074031830 11.915649414
-0.072284341 0.032981094 0.996838629 246.704040527 -0.028794127 0.998967528 -0.035139494 -8.927870750 -0.996968329 -0.031243131 -0.071259975 11.838562012
-0.071627021 0.029666997 0.996990323 247.575637817 -0.026791817 0.999139667 -0.031655766 -8.963313103 -0.997071743 -0.028978582 -0.070770502 11.786651611
-0.070962548 0.021528602 0.997246802 248.441513062 -0.029379878 0.999288201 -0.023663299 -9.005074501 -0.997046351 -0.030978190 -0.070279598 11.737487793
-0.068790913 0.018839758 0.997453272 249.292495728 -0.031299576 0.999288738 -0.021033047 -9.036577225 -0.997140050 -0.032666743 -0.068152308 11.686706543
-0.066482663 0.018643346 0.997613430 250.136672974 -0.027477013 0.999412060 -0.020508071 -9.070448875 -0.997409225 -0.028774867 -0.065931320 11.647125244
-0.063979030 0.021346752 0.997723103 250.958755493 -0.021865362 0.999501228 -0.022786910 -9.101121902 -0.997711837 -0.023273451 -0.063480377 11.587860107
-0.062432647 0.023640607 0.997769237 251.767715454 -0.022214254 0.999438822 -0.025070162 -9.131156921 -0.997802019 -0.023729892 -0.061872482 11.539031982
-0.061711073 0.023230094 0.997823834 252.575424194 -0.023652701 0.999414325 -0.024729941 -9.162364960 -0.997813880 -0.025127333 -0.061125398 11.506042480
-0.060071468 0.019563496 0.998002410 253.363601685 -0.024544740 0.999476671 -0.021069786 -9.190990448 -0.997892320 -0.025761401 -0.059559822 11.466979980
-0.060162902 0.012604421 0.998109043 254.138870239 -0.024149867 0.999609232 -0.014079045 -9.217662811 -0.997896433 -0.024951234 -0.059835076 11.425201416
-0.060016155 0.009269922 0.998154402 254.901443481 -0.022282593 0.999695241 -0.010624020 -9.235092163 -0.997948706 -0.022879081 -0.059791327 11.377258301
-0.060396791 0.012642682 0.998094380 255.642120361 -0.022310527 0.999652863 -0.014012481 -9.264135361 -0.997925103 -0.023114322 -0.060093760 11.338714600
-0.060716629 0.018233746 0.997988701 256.367126465 -0.024210196 0.999512076 -0.019734504 -9.290636063 -0.997861564 -0.025359707 -0.060245633 11.298858643
-0.062549710 0.023901632 0.997755587 257.084167480 -0.022679713 0.999421000 -0.025363328 -9.311032295 -0.997784138 -0.024215279 -0.061971426 11.264038086
-0.063411474 0.025618609 0.997658670 257.788604736 -0.022230446 0.999386191 -0.027075941 -9.336832047 -0.997739911 -0.023895318 -0.062803030 11.215332031
-0.066641450 0.024646809 0.997472644 258.490325928 -0.019944811 0.999462187 -0.026028490 -9.369513512 -0.997577786 -0.021628974 -0.066113949 11.167053223
-0.072273254 0.023863165 0.997099400 259.183013916 -0.018765539 0.999504268 -0.025280911 -9.397610664 -0.997208357 -0.020538241 -0.071789622 11.125793457
-0.078939080 0.024076600 0.996588707 259.861480713 -0.019061418 0.999489069 -0.025656512 -9.426955223 -0.996697247 -0.021021692 -0.078439832 11.073852539
-0.087384343 0.025824161 0.995839894 260.525085449 -0.018311238 0.999453425 -0.027524667 -9.454799652 -0.996006370 -0.020640286 -0.086863756 11.020812988
-0.097199917 0.025674593 0.994933605 261.169921875 -0.018907569 0.999439180 -0.027638033 -9.486484528 -0.995085239 -0.021498192 -0.096660018 10.954406738
-0.108640671 0.026303565 0.993733108 261.804412842 -0.016968906 0.999455154 -0.028310163 -9.512216568 -0.993936360 -0.019938195 -0.108135104 10.879211426
-0.120716572 0.023544757 0.992407799 262.431488037 -0.014125055 0.999576747 -0.025433011 -9.534854889 -0.992586553 -0.017087996 -0.120332837 10.800140381
-0.132900953 0.020402819 0.990919411 263.046264648 -0.008764236 0.999724805 -0.021759570 -9.562406540 -0.991090655 -0.011576515 -0.132685542 10.707946777
-0.144548297 0.016799431 0.989355266 263.645416260 -0.003429160 0.999841332 -0.017478501 -9.581027985 -0.989491940 -0.005919142 -0.144467831 10.607360840
-0.156143308 0.012138618 0.987659872 264.228698730 0.000369532 0.999925137 -0.012230941 -9.599740028 -0.987734377 -0.001544808 -0.156136155 10.502349854
-0.166608572 0.010155998 0.985970855 264.791564941 0.004051657 0.999945581 -0.009615299 -9.616729736 -0.986014843 0.002392825 -0.166640639 10.393310547
-0.177778721 0.011472397 0.984003723 265.331604004 0.008754635 0.999910891 -0.010076170 -9.637939453 -0.984031618 0.006823265 -0.177863359 10.291412354
-0.187650442 0.014350976 0.982131124 265.852386475 0.013383512 0.999837816 -0.012052595 -9.655335426 -0.982144773 0.010882689 -0.187812090 10.177001953
-0.198023081 0.018003667 0.980032206 266.348388672 0.016606519 0.999749422 -0.015010413 -9.670209885 -0.980056882 0.013302514 -0.198272467 10.071044922
-0.207483649 0.020780582 0.978017747 266.823547363 0.019464415 0.999664128 -0.017111197 -9.686859131 -0.978044808 0.015486252 -0.207818389 9.966278076
-0.215641618 0.021465547 0.976236761 267.286529541 0.023148652 0.999589741 -0.016865717 -9.698942184 -0.976198316 0.018961614 -0.216050029 9.854858398
-0.222272158 0.020483291 0.974769533 267.716735840 0.025942905 0.999549568 -0.015088366 -9.712532997 -0.974639475 0.021934627 -0.222703457 9.746887207
-0.227141380 0.020278597 0.973650634 268.126892090 0.028761500 0.999486744 -0.014106970 -9.728144646 -0.973437011 0.024799377 -0.227608085 9.642059326
-0.229737997 0.021581877 0.973013282 268.518005371 0.031502429 0.999395132 -0.014729008 -9.743360519 -0.972742617 0.027268469 -0.230278969 9.543792725
-0.230206609 0.021852175 0.972896576 268.888793945 0.033345286 0.999337912 -0.014555924 -9.757972717 -0.972570479 0.029090641 -0.230782866 9.456939697
-0.227463961 0.021338802 0.973552585 269.240600586 0.035438173 0.999279022 -0.013622794 -9.769613266 -0.973141372 0.031402230 -0.228056192 9.380035400
-0.222075224 0.021740315 0.974787235 269.563964844 0.036560223 0.999233961 -0.013956430 -9.781201363 -0.974343956 0.032539062 -0.222699881 9.303009033
-0.214625597 0.022942044 0.976427019 269.882141113 0.034996841 0.999262750 -0.015786037 -9.788521767 -0.976069272 0.030783771 -0.215270281 9.248565674
-0.203178525 0.024335057 0.978839397 270.178253174 0.033463061 0.999279678 -0.017897276 -9.800660133 -0.978569865 0.029118620 -0.203846574 9.193298340
-0.188212633 0.027299121 0.981748939 270.456268311 0.031280465 0.999273121 -0.021789586 -9.807577133 -0.981630147 0.026608488 -0.188929796 9.135772705
-0.173586130 0.030063268 0.984359741 270.721191406 0.030841600 0.999209642 -0.025078062 -9.825860023 -0.984335661 0.026006028 -0.174376130 9.129608154
-0.153629184 0.031411618 0.987629235 270.982788086 0.030551882 0.999167740 -0.027026150 -9.835964203 -0.987656176 0.026021926 -0.154461026 9.106384277
-0.130356312 0.029985685 0.991013825 271.245147705 0.031468339 0.999164104 -0.026093006 -9.846284866 -0.990967870 0.027784169 -0.131191015 9.076934814
-0.104816914 0.028467378 0.994084001 271.506744385 0.030651284 0.999207795 -0.025382213 -9.856904984 -0.994019091 0.027809465 -0.105606437 9.073760986
-0.073838592 0.028238209 0.996870458 271.765991211 0.027570231 0.999274790 -0.026264183 -9.859920502 -0.996889114 0.025544638 -0.074563622 9.075012207
-0.040630341 0.027012922 0.998809159 272.016662598 0.025072794 0.999347270 -0.026007550 -9.865292549 -0.998859763 0.023986241 -0.041281104 9.095153809
-0.005435228 0.022993259 0.999720871 272.263031006 0.022539705 0.999484420 -0.022865279 -9.873847961 -0.999731183 0.022409135 -0.005950689 9.116607666
0.030739844 0.018190069 0.999361932 272.501922607 0.020939609 0.999603271 -0.018838555 -9.884945869 -0.999308109 0.021505341 0.030346751 9.154846191
0.069086969 0.015416671 0.997491598 272.747772217 0.014798863 0.999754727 -0.016476631 -9.893468857 -0.997500956 0.015900061 0.068841875 9.213973999
0.110585570 0.014013554 0.993767798 272.947692871 0.009676500 0.999837995 -0.015175945 -9.908346176 -0.993819535 0.011294436 0.110432029 9.278579712
0.156301975 0.014650013 0.987600744 273.182983398 0.000880024 0.999887526 -0.014971552 -9.916585922 -0.987708986 0.003209197 0.156271517 9.363983154
0.204345345 0.016012540 0.978767931 273.419708252 -0.002525718 0.999871492 -0.015830478 -9.923055649 -0.978895605 0.000762794 0.204359531 9.458190918
0.254754543 0.017892051 0.966840267 273.664947510 -0.006230748 0.999838412 -0.016860954 -9.934398651 -0.966985762 -0.001728732 0.254824877 9.561248779
0.306252480 0.020286029 0.951734185 273.933166504 -0.008510496 0.999791324 -0.018571818 -9.934320450 -0.951912344 -0.002412063 0.306361198 9.692352295
0.359032452 0.020858461 0.933091998 274.158172607 -0.005465493 0.999780059 -0.020246219 -9.949764252 -0.933309078 0.002169244 0.359067500 9.840225220
0.415387452 0.021087354 0.909400046 274.402862549 0.004535468 0.999670804 -0.025252238 -9.951322556 -0.909633219 0.014614018 0.415155053 9.977600098
0.471561909 0.018012246 0.881649017 274.625640869 0.011313275 0.999585509 -0.026472770 -9.962779045 -0.881760418 0.022457888 0.471162677 10.108612061
0.524583161 0.018564187 0.851156831 274.861206055 0.005561930 0.999666154 -0.025231175 -9.972927094 -0.851341128 0.017969925 0.524304748 10.329254150
0.578213096 0.022592407 0.815572917 275.094696045 -0.000774293 0.999631286 -0.027142113 -9.979807854 -0.815885425 0.015062434 0.578017473 10.555236816
0.629350662 0.029016621 0.776579618 275.318481445 -0.010426982 0.999527991 -0.028896846 -9.990859985 -0.777051568 0.010088869 0.629356146 10.816246033
0.679195166 0.032406773 0.733242035 275.551055908 -0.017832248 0.999458492 -0.027654788 -9.991157532 -0.733741164 0.005707645 0.679405212 11.104217529
0.726897001 0.030054713 0.686088622 275.779632568 -0.015824687 0.999509692 -0.027018463 -10.000471115 -0.686564207 0.008782503 0.727016151 11.418727875
0.771296978 0.028587108 0.635833085 275.998962402 -0.016258638 0.999549747 -0.025217310 -10.003800392 -0.636267722 0.009112258 0.771414518 11.738159180
0.808749616 0.028924100 0.587441504 276.177795410 -0.021494459 0.999576330 -0.019624444 -10.007706642 -0.587760210 0.003244524 0.809028685 12.079402924
0.841642380 0.032055471 0.539083123 276.354522705 -0.029413307 0.999476016 -0.013510328 -10.022382736 -0.539233744 -0.004485351 0.842144251 12.456712723
0.870382190 0.037747912 0.490927607 276.522399902 -0.036552180 0.999259353 -0.012029445 -10.029189110 -0.491018087 -0.007474259 0.871117353 12.849428177
0.894314528 0.041203983 0.445537597 276.678405762 -0.040013552 0.999126077 -0.012082643 -10.024800301 -0.445646107 -0.007021858 0.895181715 13.248076439
0.913884878 0.047218837 0.403218061 276.822418213 -0.046526741 0.998850644 -0.011518532 -10.030284882 -0.403298497 -0.008233806 0.915031433 13.691761971
0.929352283 0.056233365 0.364886403 276.966918945 -0.055226721 0.998386562 -0.013202895 -10.032016754 -0.365040123 -0.007881339 0.930958390 14.155611992
0.941137016 0.063860290 0.331938177 277.097259521 -0.062468715 0.997936070 -0.014872849 -10.033827782 -0.332202852 -0.006738361 0.943183899 14.637731552
0.950595021 0.063847661 0.303797036 277.236541748 -0.062748939 0.997939527 -0.013388167 -10.037200928 -0.304025859 -0.006336215 0.952642679 15.148727417
0.958724856 0.059051871 0.278135896 277.382781982 -0.057899754 0.998245835 -0.012362137 -10.041781425 -0.278378010 -0.004252114 0.960462153 15.681591034
0.965166390 0.057709750 0.255192906 277.512054443 -0.056460820 0.998329997 -0.012223255 -10.047489166 -0.255472124 -0.002610926 0.966812909 16.236862183
0.970948279 0.058845200 0.231941074 277.627075195 -0.057717051 0.998264968 -0.011653076 -10.056418419 -0.232224375 -0.002072420 0.972660065 16.819622040
0.976652741 0.058294356 0.206763655 277.737457275 -0.057767551 0.998293102 -0.008589584 -10.062337875 -0.206911445 -0.003555188 0.978353202 17.418333054
0.981939614 0.057246454 0.180325910 277.836791992 -0.057228547 0.998346984 -0.005306210 -10.059065819 -0.180331588 -0.005109411 0.983592629 18.047632217
0.985909581 0.057039458 0.157253787 277.919372559 -0.056663655 0.998369634 -0.006875645 -10.066057205 -0.157389596 -0.002131809 0.987534285 18.689756393
0.988821089 0.060343482 0.136350602 277.996826172 -0.059222002 0.998169422 -0.012270226 -10.083790779 -0.136841431 0.004058103 0.990584671 19.351907730
0.990840495 0.065403417 0.118141763 278.055755615 -0.063621506 0.997797072 -0.018795850 -10.089915276 -0.119110823 0.011107333 0.992818832 20.035984039
0.992161453 0.069830120 0.103631154 278.104553223 -0.067623839 0.997406185 -0.024656959 -10.082569122 -0.105084151 0.017455749 0.994310141 20.744428635
0.993507266 0.070925005 0.088954784 278.165863037 -0.069642253 0.997419477 -0.017445875 -10.092699051 -0.089962579 0.011137594 0.995882869 21.471046448
0.994897902 0.066346720 0.076001644 278.220947266 -0.066129543 0.997796595 -0.005373336 -10.107842445 -0.076190688 0.000319967 0.997093201 22.223337173
0.995894611 0.061675720 0.066257082 278.265014648 -0.061937623 0.998078227 0.001904026 -10.121319771 -0.066012315 -0.006000015 0.997800767 23.001390457
0.996393740 0.062266834 0.057639450 278.311462402 -0.062379241 0.998052478 0.000151237 -10.120467186 -0.057517778 -0.003746197 0.998337448 23.789688110
0.996423006 0.066704080 0.051882528 278.336334229 -0.066595107 0.997772753 -0.003828150 -10.117105484 -0.052022327 0.000359335 0.998645842 24.583610535
0.996343553 0.070561640 0.048172347 278.361083984 -0.070292495 0.997500002 -0.007260534 -10.119691849 -0.048564233 0.003847832 0.998812675 25.398714066
0.996314049 0.072709881 0.045514528 278.398712158 -0.072472923 0.997346938 -0.006836953 -10.119399071 -0.045890890 0.003513182 0.998940289 26.237804413
0.996179879 0.075020194 0.044695053 278.429809570 -0.074827716 0.997178614 -0.005966382 -10.125292778 -0.045016553 0.002599161 0.998982847 27.092220306
0.996336341 0.072539635 0.045298345 278.466125488 -0.072255187 0.997354984 -0.007887730 -10.137750626 -0.045750704 0.004585793 0.998942375 27.961051941
0.996499658 0.068964526 0.047248114 278.509704590 -0.068575405 0.997597694 -0.009809658 -10.149142265 -0.047811128 0.006535263 0.998835027 28.832321167
0.996277153 0.070545442 0.049550064 278.548278809 -0.070065245 0.997477651 -0.011364405 -10.158463478 -0.050226789 0.007850360 0.998706996 29.729198456
0.996148944 0.070213847 0.052510135 278.589385986 -0.069915190 0.997524679 -0.007505380 -10.169426918 -0.052907139 0.003805220 0.998592198 30.649280548
0.996428967 0.063360117 0.055810135 278.649078369 -0.063401379 0.997987568 -0.001032659 -10.176054001 -0.055763252 -0.002509468 0.998440862 31.577518463
0.996378183 0.061890982 0.058309305 278.710174561 -0.062152617 0.998063028 0.002682382 -10.188152313 -0.058030348 -0.006296742 0.998294950 32.507884979
0.996318817 0.059703615 0.061516680 278.763549805 -0.059912015 0.998202443 0.001547084 -10.194272041 -0.061313737 -0.005226976 0.998104870 33.445732117
0.996321499 0.056956962 0.064026468 278.817871094 -0.056964729 0.998374760 -0.001705666 -10.200153351 -0.064019561 -0.001947858 0.997946739 34.377830505
0.996281445 0.054660149 0.066599518 278.882385254 -0.054269854 0.998496950 -0.007656888 -10.218469620 -0.066917941 0.004014069 0.997750401 35.323593140
0.996099591 0.054818712 0.069141589 278.940734863 -0.053917035 0.998435140 -0.014841913 -10.230920792 -0.069847003 0.011056114 0.997496426 36.277309418
0.995904624 0.055936202 0.071029283 279.007049561 -0.055049300 0.998380005 -0.014384705 -10.247219086 -0.071718842 0.010415682 0.997370481 37.243389130
0.996018946 0.051901530 0.072474271 279.083190918 -0.051521555 0.998646617 -0.007103814 -10.264334679 -0.072744891 0.003341546 0.997344971 38.220146179
0.996145129 0.046706621 0.074251816 279.146942139 -0.046890076 0.998899817 0.000728443 -10.275129318 -0.074136101 -0.004207308 0.997239232 39.220451355
0.996161520 0.045978416 0.074486546 279.225280762 -0.046395551 0.998915613 0.003878639 -10.283939362 -0.074227445 -0.007319595 0.997214496 40.204963684
0.996037602 0.048031278 0.074847370 279.283630371 -0.048282038 0.998832524 0.001543462 -10.291818619 -0.074685857 -0.005151130 0.997193813 41.191143036
0.996151149 0.046369538 0.074382216 279.355651855 -0.046000708 0.998919189 -0.006665092 -10.305764198 -0.074610882 0.003217805 0.997207522 42.176841736
0.996046305 0.048785441 0.074241303 279.419372559 -0.047911525 0.998760223 -0.013508141 -10.318470001 -0.074808262 0.009897720 0.997148812 43.191986084
0.995895088 0.051843196 0.074197173 279.489654541 -0.051151160 0.998628139 -0.011198309 -10.341558456 -0.074675940 0.007357071 0.997180700 44.188392639
0.995912075 0.052728873 0.073340207 279.558502197 -0.052571483 0.998608828 -0.004076133 -10.364503860 -0.073453106 0.000203867 0.997298658 45.225254059
0.995848596 0.054210100 0.073122382 279.619659424 -0.054370169 0.998520851 0.000198821 -10.376746178 -0.073003441 -0.004173671 0.997322977 46.225406647
0.995579422 0.058950428 0.073119797 279.674346924 -0.059111040 0.998251438 0.000032662 -10.386557579 -0.072990015 -0.004354704 0.997323155 47.242122650
0.995493352 0.060979631 0.072625607 279.740753174 -0.061201554 0.998125076 0.000832185 -10.394458771 -0.072438695 -0.005273235 0.997358918 48.250000000
0.995169163 0.067036644 0.071724378 279.795471191 -0.067739420 0.997675538 0.007408451 -10.397372246 -0.071061015 -0.012231230 0.997397006 49.273845673
0.995146155 0.067646898 0.071470052 279.858032227 -0.068772271 0.997542381 0.013401660 -10.405783653 -0.070387825 -0.018251767 0.997352719 50.293434143
0.995108664 0.069762118 0.069943145 279.917724609 -0.070735842 0.997428358 0.011539844 -10.407615662 -0.068958230 -0.016430885 0.997484207 51.298488617
0.995210409 0.069533594 0.068711564 279.974853516 -0.070188858 0.997507989 0.007165737 -10.404180527 -0.068042070 -0.011954201 0.997610807 52.297317505
0.995462179 0.067337833 0.067235991 280.039184570 -0.067944616 0.997666061 0.006776446 -10.398073196 -0.066622756 -0.011314020 0.997714102 53.318763733
0.995411694 0.068046458 0.067270301 280.098266602 -0.068381310 0.997655630 0.002684985 -10.404426575 -0.066929892 -0.007272696 0.997731149 54.325984955
0.995318830 0.069519937 0.067136824 280.157318115 -0.069287062 0.997579932 -0.005793820 -10.418183327 -0.067377135 0.001114984 0.997726977 55.330364227
0.995611608 0.064394921 0.067902707 280.224456787 -0.064078122 0.997921467 -0.006835513 -10.427606583 -0.068201736 0.002454439 0.997668505 56.333835602
0.995607674 0.062686093 0.069540396 280.291320801 -0.062727340 0.998029411 -0.001592571 -10.442446709 -0.069503196 -0.002776507 0.997577846 57.350112915
0.995028555 0.068889417 0.071919419 280.343811035 -0.069312595 0.997589171 0.003402059 -10.454106331 -0.071511663 -0.008370068 0.997404635 58.359977722
0.995016754 0.067640491 0.073255867 280.421020508 -0.067950130 0.997687221 0.001739961 -10.467839241 -0.072968744 -0.006709035 0.997311652 59.359188080
0.994339287 0.075469054 0.074791551 280.483825684 -0.075461723 0.997144401 -0.002927942 -10.476883888 -0.074798949 -0.002732531 0.997194886 60.357028961
0.993949652 0.076641321 0.078677908 280.553192139 -0.076641507 0.997054160 -0.003021735 -10.487869263 -0.078677729 -0.003026541 0.996895492 61.354961395
0.993318617 0.081534296 0.081671745 280.620605469 -0.081925452 0.996637404 0.001444158 -10.491812706 -0.081279367 -0.008125504 0.996658266 62.383201599
0.993002653 0.081295915 0.085654579 280.695159912 -0.082319282 0.996569932 0.008478234 -10.497328758 -0.084671535 -0.015469931 0.996288836 63.393711090
0.993100941 0.079311617 0.086372450 280.785675049 -0.080600902 0.996679664 0.011537829 -10.508151054 -0.085170582 -0.018419925 0.996196091 64.394622803
0.993585229 0.072912730 0.086441517 280.869812012 -0.073844329 0.997240663 0.007624720 -10.514246941 -0.085647054 -0.013959024 0.996227741 65.413703918
0.994414687 0.063336618 0.084427200 280.967285156 -0.063522466 0.997980297 -0.000485886 -10.518218040 -0.084287457 -0.004879851 0.996429503 66.415901184
0.994572639 0.063974597 0.082051806 281.042541504 -0.064064175 0.997944593 -0.001543215 -10.525039673 -0.081981882 -0.003721742 0.996626854 67.440307617
0.994834244 0.063070804 0.079542123 281.119598389 -0.063766569 0.997945368 0.006235084 -10.532794952 -0.078985438 -0.011275003 0.996811986 68.457214355
0.994875073 0.065206736 0.077276804 281.186553955 -0.066237107 0.997744977 0.010843448 -10.538013458 -0.076395482 -0.015906468 0.996950686 69.472114563
0.994855881 0.068192154 0.074910738 281.250579834 -0.069062725 0.997570932 0.009090076 -10.541704178 -0.074108899 -0.014216855 0.997148812 70.477195740
0.994618833 0.074418113 0.072078705 281.300292969 -0.074410185 0.997223794 -0.002798884 -10.548961639 -0.072086893 -0.002579567 0.997395039 71.485420227
0.994690716 0.077042885 0.068225965 281.368743896 -0.076421544 0.997007251 -0.011674726 -10.562781334 -0.068921238 0.006398809 0.997601569 72.483680725
0.994908690 0.075783126 0.066434950 281.429504395 -0.075248048 0.997109294 -0.010523521 -10.578581810 -0.067040414 0.005470843 0.997735262 73.497024536
0.995004594 0.075866647 0.064885572 281.486419678 -0.075854592 0.997115374 -0.002652835 -10.596403122 -0.064899661 -0.002282285 0.997889161 74.513534546
0.994872570 0.077863328 0.064543806 281.536102295 -0.078114115 0.996943474 0.001367331 -10.610349655 -0.064240068 -0.006402103 0.997913957 75.534324646
0.994658649 0.081832811 0.062909037 281.593597412 -0.082002774 0.996632099 0.000120322 -10.615948677 -0.062687322 -0.005278395 0.998019278 76.549179077
0.994611382 0.082096748 0.063311346 281.648590088 -0.082050428 0.996622622 -0.003335680 -10.628010750 -0.063371368 -0.001877017 0.997988224 77.554847717
0.994394779 0.083771810 0.064508446 281.707000732 -0.083575569 0.996484935 -0.005739367 -10.639686584 -0.064762488 0.000315867 0.997900665 78.562568665
0.994302571 0.083912179 0.065735124 281.765960693 -0.083658144 0.996472597 -0.006612540 -10.657833099 -0.066058122 0.001075587 0.997815192 79.566764832
0.994493544 0.080549181 0.067040741 281.836700439 -0.080534212 0.996747553 -0.002930200 -10.679361343 -0.067058720 -0.002485008 0.997745931 80.575309753
0.994482815 0.079121068 0.068874791 281.899993896 -0.079339795 0.996847510 0.000441737 -10.688621521 -0.068622716 -0.005903812 0.997625232 81.579826355
0.994551659 0.076348953 0.070977837 281.964935303 -0.076555766 0.997065306 0.000194039 -10.705795288 -0.070754722 -0.005626745 0.997477889 82.585754395
0.994783878 0.073626645 0.070598803 282.037597656 -0.073268332 0.997282863 -0.007655045 -10.729436874 -0.070970595 0.002442459 0.997475445 83.576728821
0.994877100 0.071938083 0.071024641 282.107910156 -0.071193635 0.997378290 -0.012961133 -10.747073174 -0.071770832 0.007838232 0.997390330 84.573074341
0.994763672 0.071088381 0.073427901 282.173583984 -0.070852667 0.997469842 -0.005813275 -10.761197090 -0.073655374 0.000580272 0.997283578 85.587707520
0.994854033 0.067444086 0.075609311 282.251953125 -0.068172745 0.997648299 0.007095113 -10.772754669 -0.074952975 -0.012213095 0.997112274 86.608505249
0.994909048 0.065278120 0.076777361 282.326568604 -0.066368215 0.997726262 0.011730612 -10.783931732 -0.075837031 -0.016766468 0.996979237 87.612426758
0.994658530 0.068112299 0.077557243 282.397094727 -0.068398014 0.997657597 0.001030405 -10.794354439 -0.077305391 -0.006329662 0.996987343 88.599433899
0.994469464 0.070537254 0.077813528 282.467590332 -0.069621287 0.997469187 -0.014425458 -10.808240891 -0.078634128 0.008928200 0.996863544 89.589698792
0.994329810 0.069956213 0.080089577 282.538421631 -0.068451747 0.997425258 -0.021382090 -10.823667526 -0.081379183 0.015778579 0.996558309 90.579772949
0.994090438 0.069587894 0.083317026 282.615600586 -0.068617344 0.997538269 -0.014459726 -10.855853081 -0.084118143 0.008657283 0.996418178 91.589927673
0.993810236 0.068443537 0.087502576 282.699249268 -0.068441406 0.997650564 -0.003028043 -10.879003525 -0.087504238 -0.002979499 0.996159673 92.600288391
0.993643045 0.066195853 0.091058098 282.785675049 -0.066889711 0.997749865 0.004586047 -10.891976357 -0.090549625 -0.010647743 0.995835006 93.615898132
0.993507564 0.063248374 0.094564036 282.880523682 -0.064084485 0.997927487 0.005828103 -10.899122238 -0.093999431 -0.011850351 0.995501697 94.626823425
0.993227899 0.062419653 0.097990371 282.975036621 -0.062800050 0.998025835 0.000799474 -10.910594940 -0.097747020 -0.006947860 0.995187044 95.619987488
0.992796302 0.063342333 0.101701878 283.070678711 -0.062954694 0.997991681 -0.007019848 -10.921783447 -0.101942286 0.000566669 0.994790137 96.615661621
0.992006063 0.066866800 0.107017741 283.161560059 -0.066321097 0.997760773 -0.008654051 -10.940017700 -0.107356779 0.001487337 0.994219422 97.620483398
0.991590023 0.062885508 0.113113329 283.272583008 -0.062416788 0.998020589 -0.007684042 -10.959182739 -0.113372646 0.000559249 0.993552387 98.613845825
0.990896046 0.061856538 0.119577639 283.386383057 -0.061749917 0.998081028 -0.004600289 -10.971835136 -0.119632736 -0.002825501 0.992814183 99.613906860
0.990090251 0.062622361 0.125697047 283.511505127 -0.062552519 0.998031497 -0.004506512 -10.987385750 -0.125731826 -0.003400813 0.992058456 100.616119385
0.989858031 0.053805325 0.131476432 283.650787354 -0.054203503 0.998529732 -0.000551014 -11.000196457 -0.131312773 -0.006581057 0.991319120 101.608474731
0.989300966 0.051103216 0.136645645 283.785461426 -0.051887013 0.998650610 0.002178037 -11.019621849 -0.136349946 -0.009244869 0.990617573 102.602172852
0.988790870 0.045697056 0.142142087 283.932708740 -0.046259824 0.998929203 0.000655465 -11.030068398 -0.141959935 -0.007223585 0.989846051 103.589118958
0.988211155 0.041787274 0.147283912 284.071777344 -0.042095091 0.999113083 -0.001027752 -11.041937828 -0.147196218 -0.005184293 0.989093721 104.547744751
0.987445295 0.048881885 0.150207520 284.211547852 -0.049303614 0.998783410 -0.000917369 -11.052793503 -0.150069624 -0.006499921 0.988654077 105.526756287
0.986583233 0.053730417 0.154163972 284.350982666 -0.053732190 0.998546720 -0.004158238 -11.063786507 -0.154163346 -0.004181120 0.988036513 106.501525879
0.986123681 0.054168396 0.156926289 284.497619629 -0.053724498 0.998530746 -0.007072166 -11.088406563 -0.157078817 -0.001456756 0.987585008 107.455070496
0.985681355 0.056762826 0.158777475 284.637237549 -0.056209281 0.998387098 -0.007978685 -11.103096008 -0.158974290 -0.001060326 0.987282157 108.410118103
0.985622168 0.056272432 0.159318462 284.781158447 -0.056120120 0.998409092 -0.005458724 -11.121945381 -0.159372181 -0.003560731 0.987212181 109.363662720
0.985950530 0.052166510 0.158682674 284.926879883 -0.052317828 0.998625278 -0.003226586 -11.146267891 -0.158632860 -0.005120678 0.987324357 110.315910339
0.986633897 0.045859668 0.156366304 285.092132568 -0.045768846 0.998943269 -0.004183203 -11.160644531 -0.156392902 -0.003029415 0.987690270 111.276908875
0.987358570 0.040066950 0.153354764 285.247894287 -0.040168304 0.999189973 -0.002438626 -11.176130295 -0.153328255 -0.003752203 0.988168180 112.227172852
0.987978220 0.036774646 0.150155276 285.386810303 -0.037255302 0.999305725 0.000388359 -11.189970016 -0.150036752 -0.005977771 0.988662362 113.184753418
0.988493562 0.037843205 0.146452606 285.523406982 -0.038498055 0.999257326 0.001638618 -11.202855110 -0.146281838 -0.007257903 0.989216328 114.121086121
0.989141524 0.037281852 0.142158553 285.653900146 -0.037487302 0.999296367 -0.001233613 -11.217978477 -0.142104521 -0.004108923 0.989843130 115.055778503
0.989622414 0.036463536 0.138988659 285.777343750 -0.035796747 0.999332488 -0.007295049 -11.235697746 -0.139161885 0.002244002 0.990267098 115.972793579
0.990104616 0.033907048 0.136173129 285.909820557 -0.032510195 0.999393642 -0.012469371 -11.248298645 -0.136513352 0.007918967 0.990606606 116.900680542
0.990507722 0.030764742 0.133970007 286.037689209 -0.029750669 0.999511600 -0.009565194 -11.262830734 -0.134198859 0.005488702 0.990939200 117.823715210
0.990906775 0.024183147 0.132359341 286.161315918 -0.024165254 0.999706447 -0.001741735 -11.287371635 -0.132362604 -0.001472600 0.991200268 118.755264282
0.991216242 0.013729033 0.131536722 286.302459717 -0.014774512 0.999866545 0.006975508 -11.295797348 -0.131423384 -0.008857627 0.991286755 119.676330566
0.991386294 0.004279259 0.130900219 286.433563232 -0.005853223 0.999915123 0.011641772 -11.301675797 -0.130839288 -0.012307681 0.991327167 120.579513550
0.991413116 0.000064869 0.130767003 286.561401367 -0.001562189 0.999934375 0.011347744 -11.311271667 -0.130757689 -0.011454585 0.991348207 121.472778320
0.991337657 0.000891107 0.131334737 286.678497314 -0.001585733 0.999985278 0.005184481 -11.317815781 -0.131328180 -0.005347834 0.991324544 122.340095520
0.991082132 0.002975265 0.133219391 286.787536621 -0.002723069 0.999994159 -0.002075240 -11.320982933 -0.133224785 0.001693968 0.991084397 123.204444885
0.990760386 0.002858965 0.135593921 286.904937744 -0.002441288 0.999991775 -0.003246537 -11.330296516 -0.135602087 0.002885516 0.990759194 124.061828613
0.990281045 0.003429428 0.139038354 287.028625488 -0.003754057 0.999990821 0.002072631 -11.343068123 -0.139029965 -0.002574445 0.990284801 124.901901245
0.989627421 0.003663052 0.143611223 287.140869141 -0.004676535 0.999966502 0.006720218 -11.352704048 -0.143581793 -0.007322114 0.989611387 125.742004395
0.988864303 0.002431669 0.148800045 287.270843506 -0.003632421 0.999962986 0.007798336 -11.358757973 -0.148775578 -0.008252001 0.988836527 126.557777405
0.987873435 0.001454426 0.155254588 287.400573730 -0.002569013 0.999972343 0.006978690 -11.374282837 -0.155240148 -0.007292913 0.987849832 127.360885620
0.986676097 0.000345079 0.162696481 287.536590576 -0.001114776 0.999988616 0.004639607 -11.376988411 -0.162693039 -0.004759160 0.986665249 128.154190063
0.985298932 -0.002028142 0.170827240 287.680786133 0.001808628 0.999997318 0.001440620 -11.388579369 -0.170829713 -0.001110478 0.985299945 128.925094604
0.983668745 -0.001162958 0.179984480 287.821441650 0.001185251 0.999999285 -0.000016324 -11.404580116 -0.179984331 0.000229384 0.983669460 129.672134399
0.981786847 0.002217074 0.189972922 287.958312988 -0.002399554 0.999996841 0.000730545 -11.411693573 -0.189970702 -0.001173089 0.981789052 130.416366577
0.979755521 0.004705827 0.200142398 288.101501465 -0.005644741 0.999975562 0.004120839 -11.424683571 -0.200118124 -0.005167167 0.979758143 131.143615723
0.977890849 0.006714784 0.209008202 288.240905762 -0.007371291 0.999970019 0.002362277 -11.444088936 -0.208986074 -0.003850709 0.977911055 131.826782227
0.975890458 0.010830889 0.217992112 288.396484375 -0.009927394 0.999936998 -0.005239446 -11.457532883 -0.218035132 0.002949032 0.975936472 132.499298096
0.973745406 0.016889704 0.227012321 288.542572021 -0.014248203 0.999810457 -0.013269673 -11.469076157 -0.227193400 0.009686766 0.973801494 133.143234253
0.971773744 0.020809554 0.234995231 288.685760498 -0.017711105 0.999726236 -0.015288266 -11.480899811 -0.235249043 0.010694711 0.971876264 133.763641357
0.970167756 0.022902060 0.241350383 288.833435059 -0.021010488 0.999725103 -0.010408374 -11.492573738 -0.241522402 0.005026980 0.970382214 134.363967896
0.968749940 0.020216623 0.247214183 288.982940674 -0.021058464 0.999777973 0.000761499 -11.509064674 -0.247143894 -0.005943653 0.968960583 134.954040527
0.967840195 0.014994730 0.251118422 289.133758545 -0.017354153 0.999823570 0.007183712 -11.526762009 -0.250966400 -0.011310632 0.967929721 135.517395020
0.967419744 0.007728047 0.253059983 289.288360596 -0.009869101 0.999925435 0.007192335 -11.540723801 -0.252985537 -0.009455482 0.967423856 136.060333252
0.967208028 0.004558067 0.253944695 289.434387207 -0.006079938 0.999967933 0.005208393 -11.551338196 -0.253912836 -0.006581567 0.967204690 136.600952148
0.967526317 0.007664396 0.252654195 289.563934326 -0.008010954 0.999967873 0.000342993 -11.558106422 -0.252643466 -0.002355855 0.967556596 137.128036499
0.968488157 0.013180517 0.248710647 289.691619873 -0.011705284 0.999904037 -0.007409506 -11.565799713 -0.248784453 0.004264790 0.968549490 137.656402588
0.970102251 0.008273522 0.242555499 289.822448730 -0.005953659 0.999929249 -0.010295705 -11.575421333 -0.242623523 0.008543794 0.970082879 138.179641724
0.972434402 -0.001767683 0.233169898 289.959594727 0.003894159 0.999954939 -0.008659827 -11.581129074 -0.233144075 0.009329114 0.972397447 138.701522827
0.975496709 -0.007324814 0.219892040 290.099761963 0.008381762 0.999957383 -0.003874077 -11.587570190 -0.219854280 0.005622232 0.975516498 139.249404907
0.979027629 -0.005623937 0.203649864 290.191864014 0.005516269 0.999984205 0.001096335 -11.593439102 -0.203652799 0.000050045 0.979043186 139.782363892
0.983142138 -0.001441277 0.182837382 290.263244629 0.000338078 0.999981523 0.006064799 -11.612126350 -0.182842746 -0.005900746 0.983124435 140.316970825
0.987743139 -0.003428964 0.156050384 290.341796875 0.002249866 0.999967575 0.007731883 -11.627842903 -0.156071842 -0.007286022 0.987718821 140.851104736
0.992188275 -0.005612255 0.124622986 290.402709961 0.005189141 0.999979615 0.003719502 -11.622502327 -0.124641322 -0.003043760 0.992197216 141.372650146
0.995901644 -0.005979421 0.090244755 290.436401367 0.006104374 0.999980748 -0.001108661 -11.630204201 -0.090236388 0.001655005 0.995918989 141.902709961
0.998612463 -0.004078241 0.052502770 290.436004639 0.004391849 0.999973178 -0.005859185 -11.633314133 -0.052477468 0.006081640 0.998603582 142.427825928
0.999962270 -0.002973163 0.008161568 290.423431396 0.003047069 0.999954343 -0.009057889 -11.634369850 -0.008134265 0.009082415 0.999925673 142.956771851
0.999273598 -0.004379170 -0.037855778 290.370056152 0.004043332 0.999951839 -0.008943533 -11.643213272 0.037893120 0.008783972 0.999243200 143.483917236
0.996245921 -0.003919880 -0.086479351 290.293609619 0.003473267 0.999979854 -0.005314250 -11.654150963 0.086498439 0.004993934 0.996239483 144.005828857
0.990415275 -0.002934605 -0.138090327 290.195800781 0.002910792 0.999995708 -0.000374389 -11.666447639 0.138090819 -0.000031151 0.990419567 144.526290894
0.981241763 -0.001799715 -0.192772761 290.087005615 0.002264142 0.999995053 0.002188920 -11.669910431 0.192767859 -0.002584324 0.981240988 145.028457642
0.968746662 0.000299909 -0.248051956 289.921264648 0.000563342 0.999994040 0.003409135 -11.669286728 0.248051509 -0.003442326 0.968740702 145.551162720
0.952568650 0.003907041 -0.304298669 289.726745605 -0.002188338 0.999979675 0.005988915 -11.668505669 0.304315895 -0.005038945 0.952557862 146.067184448
0.932557344 0.007419444 -0.360945702 289.497985840 -0.004408810 0.999948323 0.009163684 -11.667837143 0.360995024 -0.006954320 0.932541788 146.563430786
0.909125507 0.008993761 -0.416425169 289.243438721 -0.003987173 0.999908984 0.012890914 -11.669031143 0.416503191 -0.010059100 0.909078598 147.035415649
0.882426262 0.010468481 -0.470334202 288.963043213 -0.002967701 0.999856353 0.016686434 -11.661881447 0.470441341 -0.013328736 0.882330596 147.490814209
0.851555765 0.015196102 -0.524043798 288.634124756 -0.003933090 0.999736845 0.022598984 -11.655705452 0.524249315 -0.017183185 0.851391435 147.969314575
0.817142606 0.021862965 -0.576020837 288.270050049 -0.007450765 0.999597609 0.027370242 -11.648136139 0.576387405 -0.018073594 0.816976666 148.424453735
0.780217826 0.027724016 -0.624893248 287.865142822 -0.011482364 0.999483764 0.030006658 -11.634096146 0.625402510 -0.016236478 0.780133367 148.858078003
0.740534544 0.033113781 -0.671201885 287.464050293 -0.013928449 0.999327004 0.033934642 -11.621851921 0.671873868 -0.015780972 0.740497410 149.238723755
0.700173616 0.035491213 -0.713089943 287.003540039 -0.010097144 0.999156058 0.039814763 -11.598803520 0.713901222 -0.020677079 0.699941158 149.642349243
0.658625841 0.039491899 -0.751433492 286.512756348 -0.011780968 0.999040604 0.042179063 -11.579346657 0.752378345 -0.018927606 0.658459246 150.021728516
0.616716146 0.039171506 -0.786210418 286.007110596 -0.010681013 0.999085605 0.041399270 -11.565064430 0.787113190 -0.017134072 0.616570592 150.377685547
0.577295423 0.037596997 -0.815669358 285.460784912 -0.012121741 0.999223888 0.037478413 -11.547780991 0.816445410 -0.011748784 0.577303171 150.707046509
0.538486719 0.030873965 -0.842068255 284.951416016 -0.011725270 0.999506354 0.029148258 -11.520752907 0.842552483 -0.005822474 0.538582921 151.028198242
0.504651845 0.028043211 -0.862867415 284.370483398 -0.017375721 0.999599755 0.022324746 -11.499976158 0.863148093 0.003726716 0.504937172 151.333892822
0.478300571 0.031265277 -0.877639532 283.752136230 -0.022922931 0.999470055 0.023112746 -11.477126122 0.877897024 0.009063231 0.478763759 151.632659912
0.459200263 0.039124601 -0.887470841 283.116912842 -0.028755173 0.999160767 0.029169839 -11.462696075 0.887867332 0.012124575 0.459939957 151.931137085
0.445461631 0.045748312 -0.894131482 282.484558105 -0.030894043 0.998884320 0.035716403 -11.449348450 0.894767880 0.011713046 0.446377993 152.232772827
0.436699927 0.051335279 -0.898141325 281.826965332 -0.034202006 0.998596132 0.040447082 -11.429789543 0.898956835 0.013054998 0.437842607 152.535110474
0.432372034 0.054687090 -0.900035441 281.155975342 -0.038152244 0.998374820 0.042334165 -11.404693604 0.900887847 0.016034259 0.433755755 152.842071533
0.431143463 0.054603174 -0.900629699 280.489440918 -0.041385941 0.998313367 0.040713515 -11.381637573 0.901333749 0.019720040 0.432676077 153.157638550
0.431816101 0.054598823 -0.900307596 279.805664062 -0.043950651 0.998254180 0.039458632 -11.355400085 0.900890172 0.022530237 0.433461905 153.476608276
0.432891250 0.054012660 -0.899826527 279.119964600 -0.044165891 0.998275340 0.038674656 -11.328348160 0.900363505 0.022999721 0.434530199 153.803558350
0.435047328 0.054285448 -0.898769736 278.416564941 -0.046547584 0.998202145 0.037759893 -11.302972794 0.899203718 0.025408216 0.436792016 154.135620117
0.437558770 0.054741044 -0.897522092 277.687652588 -0.050227411 0.998074770 0.036387082 -11.283199310 0.897785962 0.029158715 0.439465880 154.475677490
0.440479815 0.053969562 -0.896138847 276.967102051 -0.053738713 0.997986555 0.033689067 -11.257787704 0.896152735 0.033317998 0.442493200 154.822723389
0.443341255 0.052398402 -0.894820154 276.223144531 -0.059187669 0.997822464 0.029105252 -11.236439705 0.894396722 0.040058751 0.445477188 155.174468994
0.446693063 0.051429305 -0.893207967 275.482452393 -0.061295196 0.997759938 0.026795508 -11.216452599 0.892585218 0.042779982 0.448844790 155.536834717
0.450080931 0.051965456 -0.891474485 274.738342285 -0.061383557 0.997744381 0.027169231 -11.200026512 0.890875578 0.042493518 0.452255547 155.919113159
0.453848362 0.054373916 -0.889418423 273.969360352 -0.062369868 0.997626960 0.029163351 -11.179079056 0.888893485 0.042237170 0.456162632 156.306716919
0.457558215 0.056366138 -0.887391388 273.187316895 -0.062752455 0.997547328 0.031006601 -11.160837173 0.886962652 0.041498657 0.459973097 156.699630737
0.459772766 0.056444377 -0.886241019 272.388488770 -0.062661141 0.997552514 0.031025803 -11.137834549 0.885823190 0.041268047 0.462184370 157.119949341
0.461144507 0.054163340 -0.885670424 271.598602295 -0.060192220 0.997745574 0.029676862 -11.111598969 0.885281146 0.039625145 0.463365078 157.529113770
0.461978018 0.051585242 -0.885389924 270.788146973 -0.058296204 0.997914314 0.027723471 -11.089597702 0.884973407 0.038807228 0.464021742 157.954620361
0.462674141 0.049969867 -0.885119081 269.961669922 -0.057136364 0.998015225 0.026476856 -11.064402580 0.884685338 0.038322326 0.464610934 158.382019043
0.463360250 0.053830434 -0.884533584 269.121704102 -0.058361370 0.997840047 0.030153548 -11.047309875 0.884246171 0.037650634 0.465501010 158.817443848
0.464466155 0.059122935 -0.883615196 268.272064209 -0.058369178 0.997643173 0.036071230 -11.023664474 0.883665323 0.034822021 0.466822445 159.264343262
0.466571987 0.062709466 -0.882257462 267.425140381 -0.058776703 0.997476816 0.039815675 -10.996790886 0.882528186 0.033279296 0.469080627 159.707336426
0.469732523 0.058626402 -0.880859911 266.577453613 -0.057853960 0.997691870 0.035550710 -10.975888252 0.880910993 0.034261916 0.472040057 160.155654907
0.473072648 0.051569615 -0.879512846 265.747283936 -0.057656534 0.997957587 0.027502222 -10.952508926 0.879134834 0.037699111 0.475079775 160.601562500
0.476450205 0.047324784 -0.877926886 264.890594482 -0.058667261 0.998036027 0.021960607 -10.928161621 0.877241910 0.041042428 0.478290915 161.058486938
0.480594218 0.048668995 -0.875591516 264.038208008 -0.059741925 0.997956157 0.022679407 -10.911435127 0.874905765 0.041409928 0.482519567 161.521026611
0.486555159 0.053618956 -0.872002900 263.185729980 -0.059542172 0.997829258 0.028132945 -10.901584625 0.871618509 0.038232714 0.488691568 161.991195679
0.494042397 0.057999324 -0.867501140 262.339477539 -0.060046516 0.997666180 0.032505363 -10.876658440 0.867361844 0.036031388 0.496372044 162.469573975
0.502862334 0.059717998 -0.862301111 261.505157471 -0.061310440 0.997562051 0.033331394 -10.866064072 0.862189353 0.036106959 0.505297661 162.950927734
0.511934459 0.056961119 -0.857133865 260.674407959 -0.060592789 0.997708201 0.030113196 -10.848987579 0.856884837 0.036520157 0.514212608 163.446182251
0.520967484 0.053201213 -0.851917028 259.847961426 -0.058033831 0.997953951 0.026831981 -10.826570511 0.851601422 0.035461415 0.522989035 163.952606201
0.530203342 0.051595636 -0.846299231 259.029388428 -0.055287156 0.998126328 0.026214752 -10.810046196 0.846066117 0.032890324 0.532062531 164.462829590
0.539136887 0.052439462 -0.840584099 258.217163086 -0.054210816 0.998150766 0.027499259 -10.802322388 0.840471745 0.030742880 0.540982664 164.971023560
0.547408223 0.052074421 -0.835244000 257.435180664 -0.049821429 0.998319745 0.029589277 -10.787320137 0.835381389 0.025415633 0.549082875 165.510253906
0.555468976 0.050517410 -0.830001354 256.641845703 -0.043677229 0.998547554 0.031545356 -10.771965027 0.830389440 0.018729689 0.556868672 166.046661377
0.561971605 0.051687803 -0.825540066 255.849502563 -0.041715670 0.998546660 0.034122709 -10.754950523 0.826103985 0.015261960 0.563311040 166.581253052
0.566340089 0.048342515 -0.822752655 255.058135986 -0.036604274 0.998768568 0.033488214 -10.734360695 0.823358357 0.011150543 0.567412257 167.141281128
0.569254041 0.041350424 -0.821121156 254.274154663 -0.027233830 0.999134719 0.031434674 -10.713649750 0.821710467 0.004467959 0.569887638 167.696762085
0.569731832 0.036791783 -0.821006775 253.489044189 -0.020683233 0.999322891 0.030429685 -10.692255020 0.821570396 -0.000355690 0.570107043 168.251754761
0.568438470 0.035717808 -0.821950138 252.702972412 -0.016452763 0.999350905 0.032048464 -10.672255516 0.822561324 -0.004694234 0.568657160 168.804275513
0.564740658 0.038183052 -0.824384689 251.900268555 -0.014684286 0.999235868 0.036222242 -10.649754524 0.825137854 -0.008350674 0.564869821 169.351379395
0.560071707 0.036329232 -0.827647209 251.089141846 -0.010462234 0.999268532 0.036782652 -10.623125076 0.828378141 -0.011941886 0.560042143 169.901367188
0.554661274 0.033192586 -0.831413925 250.276397705 -0.003043560 0.999278247 0.037863795 -10.593001366 0.832070708 -0.018471120 0.554361939 170.458038330
0.548226297 0.034848418 -0.835603714 249.447280884 -0.006705148 0.999282539 0.037275419 -10.566080093 0.836303174 -0.014832521 0.548066616 170.991607666
0.541731000 0.035459980 -0.839803636 248.606384277 -0.008042456 0.999282658 0.037005913 -10.541788101 0.840513468 -0.013293170 0.541627645 171.515762329
0.534053206 0.028899886 -0.844956875 247.773941040 -0.003385183 0.999480665 0.032045435 -10.520912170 0.845444143 -0.014253634 0.533873677 172.046066284
0.527107120 0.023061154 -0.849485874 246.937530518 0.000089825 0.999630213 0.027192885 -10.498208046 0.849798858 -0.014409867 0.526910067 172.565887451
0.521279931 0.019617667 -0.853160322 246.084213257 0.004715851 0.999654233 0.025867548 -10.479043961 0.853372812 -0.017507611 0.521007180 173.085266113
0.514340639 0.024373535 -0.857239604 245.230422974 0.007040020 0.999442339 0.032640718 -10.467534065 0.857557118 -0.022823432 0.513882220 173.599502563
0.507161379 0.026801651 -0.861434340 244.377944946 0.014200775 0.999120772 0.039446045 -10.446264267 0.861734211 -0.032238547 0.506334901 174.107192993
0.500470996 0.025502980 -0.865377665 243.520614624 0.021041781 0.998912454 0.041607328 -10.418600082 0.865497589 -0.039032348 0.499390125 174.613708496
0.493873000 0.024649793 -0.869184613 242.654632568 0.023323188 0.998862922 0.041579727 -10.388986588 0.869221210 -0.040807258 0.492736518 175.104583740
0.487084448 0.022999223 -0.873052120 241.778991699 0.025246464 0.998864651 0.040398825 -10.360033035 0.872990012 -0.041719116 0.485950768 175.590270996
0.480324924 0.018124824 -0.876903415 240.913223267 0.030934541 0.998814344 0.037589055 -10.337954521 0.876545012 -0.045181561 0.479194701 176.070465088
0.473877549 0.013966101 -0.880480051 240.048858643 0.034126904 0.998831809 0.034210619 -10.312761307 0.879929304 -0.046259701 0.472847402 176.534637451
0.468232453 0.012933384 -0.883510709 239.175674438 0.035706256 0.998799205 0.033544231 -10.285566330 0.882883668 -0.047253355 0.467208445 177.003631592
0.463702142 0.013468444 -0.885888815 238.291610718 0.038490191 0.998634219 0.035329536 -10.261806488 0.885154724 -0.050480410 0.462550461 177.469390869
0.459195495 0.017945847 -0.888154030 237.412429810 0.038937394 0.998428464 0.040305536 -10.239021301 0.887481511 -0.053090520 0.457775056 177.924407959
0.455340326 0.022092605 -0.890043378 236.519332886 0.034473404 0.998504877 0.042421203 -10.212733269 0.889649868 -0.049998909 0.453897953 178.363906860
0.453607321 0.023572376 -0.890889883 235.619338989 0.035526231 0.998377264 0.044505034 -10.183667183 0.890493274 -0.051837768 0.452033818 178.817626953
0.452200115 0.024644658 -0.891576052 234.740814209 0.033096753 0.998466074 0.044385690 -10.149539948 0.891302347 -0.049579486 0.450690866 179.255645752
0.452412248 0.024847925 -0.891462803 233.857437134 0.028376739 0.998704493 0.042238139 -10.127213478 0.891357422 -0.044405859 0.451121032 179.687118530
0.452173829 0.019273609 -0.891721547 232.981048584 0.028719455 0.998933494 0.036153927 -10.108133316 0.891467333 -0.041957617 0.451138079 180.126388550
0.452360153 0.016011005 -0.891691685 232.106628418 0.028223006 0.999081075 0.032256961 -10.080444336 0.891388714 -0.039757982 0.451492608 180.561981201
0.452899098 0.014249827 -0.891448021 231.242630005 0.031718250 0.998981774 0.032083184 -10.060186386 0.890997529 -0.042805616 0.451985955 181.007995605
0.454700768 0.013926753 -0.890535414 230.371246338 0.028515790 0.999137461 0.030185094 -10.050870895 0.890187740 -0.039119504 0.453911424 181.447738647
0.457411766 0.012785389 -0.889163196 229.505218506 0.022480957 0.999410808 0.025935531 -10.033561707 0.888970852 -0.031852458 0.456854880 181.881042480
0.460637033 0.011462398 -0.887514651 228.651870728 0.018798379 0.999566317 0.022666285 -10.019407272 0.887389541 -0.027124766 0.460221827 182.312011719
0.463329375 0.015582190 -0.886049151 227.792999268 0.017030317 0.999504209 0.026482856 -10.004487991 0.886022508 -0.027359983 0.462834299 182.760009766
0.465610266 0.020970309 -0.884741485 226.944854736 0.014537515 0.999403119 0.031338662 -9.993165016 0.884870529 -0.027453545 0.465027452 183.198913574
0.467529535 0.023537910 -0.883664072 226.102569580 0.015495411 0.999273598 0.034815691 -9.973956108 0.883841693 -0.029970104 0.466825187 183.635772705
0.467638016 0.024682002 -0.883575380 225.255828857 0.018049816 0.999135017 0.037463054 -9.953697205 0.883735776 -0.033467524 0.466787994 184.096496582
0.466941833 0.025087055 -0.883932173 224.426223755 0.020770460 0.999010563 0.039325230 -9.931833267 0.884044111 -0.036722273 0.465958714 184.535797119
0.465907872 0.024925483 -0.884482086 223.594360352 0.020513879 0.999030232 0.038959399 -9.908730507 0.884595394 -0.036295649 0.464944720 184.968643188
0.464989543 0.022397934 -0.885032833 222.766891479 0.019795107 0.999166965 0.035686582 -9.889456749 0.885094881 -0.034113206 0.464158773 185.400192261
0.464511693 0.020144662 -0.885337770 221.949096680 0.017015548 0.999353647 0.031666514 -9.872911453 0.885403454 -0.029773973 0.463868678 185.821105957
0.463770747 0.020924680 -0.885708094 221.135833740 0.013702041 0.999432087 0.030785995 -9.852018356 0.885849237 -0.026413655 0.463220656 186.235351562
0.462541223 0.024609413 -0.886256218 220.325256348 0.012781151 0.999325752 0.034419656 -9.834115982 0.886505723 -0.027247883 0.461914778 186.644363403
0.461184084 0.027201466 -0.886887491 219.530441284 0.017331742 0.999063134 0.039654534 -9.818780899 0.887135208 -0.033659346 0.460280597 187.061843872
0.460042536 0.028234223 -0.887447834 218.736557007 0.021608179 0.998842239 0.042979673 -9.795238495 0.887633920 -0.038948610 0.458899796 187.484954834
0.458624005 0.030614180 -0.888102949 217.964141846 0.018590840 0.998857081 0.044032510 -9.774700165 0.888435960 -0.036704946 0.457530677 187.875778198
0.457205653 0.025394665 -0.888998389 217.195632935 0.017521014 0.999141037 0.037551880 -9.758102417 0.889188409 -0.032745089 0.456368029 188.261657715
0.455332398 0.014818366 -0.890198231 216.451751709 0.020877406 0.999408841 0.027315002 -9.742830276 0.890076697 -0.031022435 0.454753876 188.648681641
0.454092860 0.010482796 -0.890892684 215.705932617 0.024838096 0.999393165 0.024419595 -9.722497940 0.890608072 -0.033216842 0.453556955 189.029006958
0.452774704 0.017262287 -0.891457856 214.972640991 0.022996824 0.999253869 0.031029833 -9.713287354 0.891328335 -0.034550223 0.452039897 189.395874023
0.450710952 0.027147304 -0.892257035 214.237533569 0.021640554 0.998911440 0.041323729 -9.698467255 0.892407537 -0.037933994 0.449632823 189.760162354
0.448287368 0.029353214 -0.893407464 213.531845093 0.022301352 0.998782337 0.044005554 -9.687330246 0.893611312 -0.039651327 0.447086871 190.116577148
0.446256042 0.025089500 -0.894553542 212.856567383 0.022325078 0.998983681 0.039155513 -9.671451569 0.894626796 -0.037444361 0.445242405 190.450820923
0.444994748 0.021461269 -0.895276010 212.181045532 0.019581059 0.999240637 0.033686195 -9.651836395 0.895319104 -0.032520633 0.444236577 190.784149170
0.444375634 0.022035584 -0.895569503 211.523162842 0.015352906 0.999363303 0.032207452 -9.639263153 0.895708978 -0.028061802 0.443754375 191.092773438
0.443127811 0.024356270 -0.896127641 210.879776001 0.015208418 0.999282718 0.034680415 -9.626830101 0.896329522 -0.028996538 0.442439556 191.406585693
0.441932857 0.026717229 -0.896650255 210.249038696 0.013485531 0.999245524 0.036420863 -9.615472794 0.896946847 -0.028187383 0.441239178 191.710815430
0.440644622 0.031250641 -0.897137523 209.634597778 0.009140604 0.999185860 0.039294928 -9.595939636 0.897635162 -0.025515478 0.440000236 192.005538940
0.439596593 0.036121964 -0.897468686 209.029937744 0.007154385 0.999018490 0.043713562 -9.577376366 0.898166776 -0.025637168 0.438906670 192.292739868
0.438704908 0.037469041 -0.897849798 208.454513550 0.009733914 0.998873591 0.046441130 -9.563799858 0.898578525 -0.029113546 0.437846005 192.574005127
0.437938571 0.034466721 -0.898343980 207.904205322 0.013271854 0.998908043 0.044795025 -9.557142258 0.898906946 -0.031540159 0.437002897 192.846557617
0.438552201 0.030211706 -0.898197770 207.374938965 0.012816619 0.999122918 0.039864235 -9.543096542 0.898614347 -0.028994408 0.437780380 193.102722168
0.439780235 0.027555019 -0.897682667 206.866104126 0.010814910 0.999294281 0.035972353 -9.524298668 0.898040354 -0.025528288 0.439171851 193.345397949
0.441183388 0.028273795 -0.896971464 206.370544434 0.009449624 0.999301791 0.036147270 -9.504831314 0.897367179 -0.024423618 0.440608203 193.582122803
0.444158614 0.029059697 -0.895476878 205.900390625 0.011739590 0.999199271 0.038248532 -9.500967979 0.895871341 -0.027500950 0.443461835 193.824539185
0.448659420 0.031341970 -0.893153131 205.449935913 0.011927951 0.999085844 0.041051090 -9.496932983 0.893623292 -0.029071448 0.447875440 194.046066284
0.453180671 0.031987593 -0.890844584 205.024368286 0.010265828 0.999102414 0.041097131 -9.487527847 0.891359568 -0.027769683 0.452445567 194.266815186
0.458117723 0.029050188 -0.888416767 204.622650146 0.012500046 0.999156475 0.039116979 -9.468333244 0.888803720 -0.029025432 0.457368135 194.481933594
0.464404643 0.027621601 -0.885192275 204.242858887 0.013112581 0.999189496 0.038058124 -9.461977005 0.885526061 -0.029281525 0.463666022 194.682159424
0.471761942 0.028842101 -0.881254137 203.885437012 0.013305502 0.999118209 0.039822452 -9.449499130 0.881625593 -0.030512245 0.470962167 194.877746582
0.478701472 0.034239948 -0.877309799 203.551422119 0.011389104 0.998912990 0.045200348 -9.438617706 0.877903879 -0.031629246 0.477791190 195.063720703
0.486839473 0.038900025 -0.872624874 203.254516602 0.010215221 0.998686016 0.050218701 -9.427867889 0.873431742 -0.033362504 0.485802412 195.238739014
0.495630383 0.041293830 -0.867551386 202.983673096 0.008779752 0.998579860 0.052546401 -9.424486160 0.868489206 -0.033660479 0.494563997 195.402923584
0.504488707 0.041876208 -0.862402260 202.733551025 0.006726115 0.998602271 0.052424408 -9.420648575 0.863392174 -0.032248139 0.503501892 195.550094604
0.514055967 0.041430224 -0.856755555 202.504516602 0.005378916 0.998657525 0.051519562 -9.410032272 0.857739806 -0.031092355 0.513142943 195.695404053
0.522556067 0.040205918 -0.851656437 202.307586670 0.005872127 0.998694122 0.050750431 -9.408922195 0.852584720 -0.031520981 0.521637559 195.832580566
0.530937195 0.037008334 -0.846602619 202.108703613 0.007277053 0.998809934 0.048225634 -9.404241562 0.847379923 -0.031765558 0.530036092 195.970779419
0.539043188 0.033750862 -0.841601670 201.915618896 0.006651244 0.998995125 0.044322938 -9.397275925 0.842251897 -0.029489676 0.538277030 196.105194092
0.547214985 0.032446817 -0.836362958 201.717529297 0.003814353 0.999141276 0.041257478 -9.392937660 0.836983442 -0.025766896 0.546621323 196.241836548
0.555725455 0.031358156 -0.830774367 201.522979736 0.001268876 0.999255240 0.038566370 -9.387331009 0.831364989 -0.022486463 0.555271745 196.372756958
0.563550949 0.029541904 -0.825552940 201.333923340 -0.000009444 0.999360561 0.035755061 -9.376526833 0.826081395 -0.020142002 0.563190818 196.512344360
0.571098447 0.026027706 -0.820468843 201.147140503 0.000852364 0.999477863 0.032299705 -9.369794846 0.820881128 -0.019145651 0.570778131 196.657531738
0.578770399 0.023606990 -0.815148771 200.956909180 0.001967679 0.999537587 0.030344043 -9.364400864 0.815488160 -0.019166186 0.578456342 196.798507690
0.586243391 0.023161042 -0.809803903 200.772537231 0.000387820 0.999583125 0.028869640 -9.358512878 0.810134947 -0.017238695 0.585990071 196.940200806
0.593410134 0.025340568 -0.804501235 200.579711914 -0.004685693 0.999596119 0.028029533 -9.354027748 0.804886580 -0.012863363 0.593289256 197.079833984
0.600086987 0.029024718 -0.799408019 200.391799927 -0.010255450 0.999538541 0.028592611 -9.351653099 0.799869061 -0.008959765 0.600107729 197.213226318
0.606283188 0.031401783 -0.794628680 200.198486328 -0.013905828 0.999485970 0.028887421 -9.341565132 0.795127332 -0.006463990 0.606408179 197.363586426
0.612595439 0.027056893 -0.789933443 200.004943848 -0.012988096 0.999623537 0.024166923 -9.339708328 0.790289938 -0.004544815 0.612716198 197.524414062
0.618808150 0.017475117 -0.785347879 199.798370361 -0.009235761 0.999845266 0.014970757 -9.339143753 0.785487950 -0.002010743 0.618873775 197.703140259
0.624451816 0.009819735 -0.781001568 199.565979004 -0.006557156 0.999951661 0.007329860 -9.331070900 0.781035781 0.000544005 0.624485970 197.898437500
0.629867554 0.008026213 -0.776661098 199.305068970 -0.007339131 0.999963462 0.004381885 -9.333109856 0.776667893 0.002940010 0.629903436 198.111190796
0.633533001 0.011337569 -0.773632646 199.021118164 -0.010585929 0.999926031 0.005985004 -9.330899239 0.773643255 0.004397921 0.633606195 198.341766357
0.635122776 0.013565986 -0.772292137 198.709533691 -0.011795685 0.999899507 0.007863495 -9.328420639 0.772321165 0.004115428 0.635218978 198.595153809
0.634884119 0.015961958 -0.772442460 198.375396729 -0.016571816 0.999837875 0.007040249 -9.320124626 0.772429585 0.008331032 0.635045767 198.854583740
0.632507980 0.016779035 -0.774372160 198.022338867 -0.020934571 0.999770403 0.004563567 -9.309619904 0.774270952 0.013324653 0.632714033 199.125701904
0.629066825 0.018290604 -0.777136028 197.645751953 -0.021222774 0.999754608 0.006350975 -9.304535866 0.777061522 0.012497793 0.629300594 199.425354004
0.624925494 0.017965455 -0.780477703 197.261932373 -0.016434463 0.999816358 0.009855298 -9.304855347 0.780511439 0.006667903 0.625106037 199.736373901
0.619937301 0.020337360 -0.784387767 196.849334717 -0.014725867 0.999789536 0.014283706 -9.300477982 0.784513175 0.002695785 0.620106339 200.054962158
0.613576233 0.024496276 -0.789255500 196.414337158 -0.013546913 0.999698162 0.020496301 -9.293441772 0.789519310 -0.001884070 0.613722861 200.381988525
0.605640173 0.032191664 -0.795087218 195.957244873 -0.015521851 0.999469161 0.028643299 -9.278859138 0.795587242 -0.005006309 0.605818391 200.717681885
0.596720457 0.037858762 -0.801555634 195.491394043 -0.017495187 0.999262810 0.034172446 -9.262313843 0.802258492 -0.006368031 0.596942902 201.050857544
0.587584853 0.040232074 -0.808161855 195.008178711 -0.015563893 0.999140322 0.038423471 -9.250486374 0.809012949 -0.009998907 0.587705851 201.393554688
0.578653812 0.038795743 -0.814650059 194.512939453 -0.008506861 0.999100745 0.041537255 -9.232111931 0.815528929 -0.017105578 0.578463435 201.745147705
0.569460273 0.034163803 -0.821308672 193.999511719 -0.003841855 0.999235690 0.038901221 -9.208580017 0.822009921 -0.018997356 0.569156289 202.095031738
0.559711039 0.027924763 -0.828217268 193.472290039 -0.000485336 0.999442935 0.033369943 -9.185369492 0.828687727 -0.018275563 0.559412837 202.449966431
0.549215674 0.024848642 -0.835311174 192.922363281 0.001383810 0.999529421 0.030643621 -9.165727615 0.835679531 -0.017985869 0.548922837 202.803375244
0.538673401 0.019760720 -0.842282951 192.355545044 0.006063382 0.999608099 0.027329490 -9.146427155 0.842492938 -0.019828755 0.538342476 203.158782959
0.528081775 0.014539040 -0.849069118 191.779632568 0.011718846 0.999633431 0.024405811 -9.128487587 0.849112689 -0.022838375 0.527717829 203.513717651
0.518276572 0.011352924 -0.855137706 191.185928345 0.019699475 0.999488115 0.025208678 -9.110569000 0.854986191 -0.029910833 0.517787635 203.888961792
0.508950949 0.009175276 -0.860746682 190.578506470 0.025053298 0.999361694 0.025466636 -9.097206116 0.860430896 -0.034525812 0.508396268 204.250610352
0.500666022 0.009428724 -0.865589261 189.944381714 0.027155666 0.999277472 0.026592098 -9.080384254 0.865214527 -0.036819410 0.500048220 204.616088867
0.493382096 0.012658081 -0.869720578 189.294815063 0.027920499 0.999148369 0.030380769 -9.063138962 0.869364440 -0.039272361 0.492608547 204.974624634
0.487739623 0.015826942 -0.872845709 188.655242920 0.034127496 0.998725653 0.037179656 -9.044763565 0.872321844 -0.047922026 0.486577928 205.333847046
0.483322680 0.018928900 -0.875237584 187.990158081 0.039510805 0.998275816 0.043408480 -9.021287918 0.874550223 -0.055561647 0.481741428 205.714202881
0.480803847 0.020375995 -0.876591504 187.314926147 0.040552482 0.998143435 0.045444161 -8.998847008 0.875890017 -0.057397686 0.479084909 206.076660156
0.478870451 0.017938130 -0.877702355 186.633224487 0.041074295 0.998238504 0.042811554 -8.972996712 0.876924217 -0.056552190 0.477290154 206.447631836
0.477361977 0.013084002 -0.878609359 185.947784424 0.042849995 0.998352945 0.038148254 -8.945509911 0.877661407 -0.055858932 0.476015091 206.822906494
0.476110935 0.013752317 -0.879277766 185.244033813 0.040951833 0.998446167 0.037790757 -8.913006783 0.878431261 -0.054000627 0.474807978 207.202239990
0.475620687 0.016848134 -0.879489303 184.535491943 0.038856361 0.998438239 0.040140025 -8.888927460 0.878792048 -0.053265177 0.474223256 207.580612183
0.474743187 0.020376442 -0.879888535 183.811218262 0.034469567 0.998534501 0.041722074 -8.863008499 0.879449189 -0.050136644 0.473345041 207.960815430
0.474230945 0.020367565 -0.880164862 183.085601807 0.029371889 0.998809814 0.038938597 -8.837910652 0.879910409 -0.044317994 0.473068297 208.339981079
0.473782122 0.017433424 -0.880469501 182.354507446 0.027235061 0.999035716 0.034436285 -8.814651489 0.880220830 -0.040294938 0.472850502 208.729232788
0.473366380 0.013211001 -0.880766571 181.615905762 0.025318906 0.999270320 0.028596088 -8.787244797 0.880501688 -0.035836473 0.472686529 209.116378784
0.473484755 0.012199694 -0.880717576 180.867294312 0.024871582 0.999320149 0.027213857 -8.769425392 0.880450845 -0.034790184 0.472859442 209.513641357
0.473924577 0.013840538 -0.880456686 180.105895996 0.025317181 0.999248981 0.029335432 -8.750674248 0.880201459 -0.036193464 0.473218262 209.909896851
0.473829508 0.017999709 -0.880432606 179.337493896 0.027103640 0.999019325 0.035010703 -8.730308533 0.880199373 -0.040452033 0.472876966 210.333984375
0.473763049 0.022228003 -0.880371869 178.568206787 0.028995179 0.998745680 0.040820219 -8.706665039 0.880174935 -0.044865649 0.472524285 210.755752563
0.474264801 0.025954062 -0.879999518 177.797393799 0.029074213 0.998558402 0.045119930 -8.681562424 0.879901946 -0.046984091 0.472826540 211.162780762
0.475045145 0.027277490 -0.879538536 177.011993408 0.025057996 0.998694777 0.044506937 -8.659946442 0.879604578 -0.043182280 0.473741591 211.574096680
0.475817621 0.027368495 -0.879118085 176.236267090 0.020002475 0.998920560 0.041924387 -8.630946159 0.879316509 -0.037532900 0.474756539 211.983108521
0.476242781 0.023785880 -0.878992021 175.460296631 0.020292489 0.999070525 0.038029838 -8.603260994 0.879079640 -0.035948373 0.475317478 212.403625488
0.476480484 0.023764886 -0.878863931 174.688552856 0.020146403 0.999076962 0.037937984 -8.578313828 0.878954291 -0.035782658 0.475561917 212.818649292
0.476311922 0.024138592 -0.878945053 173.917221069 0.020577732 0.999043286 0.038588218 -8.556418419 0.879035652 -0.036466725 0.475359499 213.234588623
0.475739956 0.025744349 -0.879209220 173.141098022 0.021996286 0.998910785 0.041151553 -8.536653519 0.879310966 -0.038916774 0.474655509 213.660858154
0.475486457 0.025330558 -0.879358351 172.368927002 0.022110548 0.998925507 0.040730391 -8.509044647 0.879445195 -0.038809843 0.474415421 214.078094482
0.475103080 0.027511014 -0.879499972 171.599502563 0.019629454 0.998931050 0.041850623 -8.483360291 0.879711151 -0.037147466 0.474055171 214.487640381
0.475243330 0.028457435 -0.879394174 170.830535889 0.021249650 0.998814046 0.043805666 -8.455863953 0.879597843 -0.039505169 0.474075019 214.902435303
0.475317776 0.026678054 -0.879409671 170.053970337 0.025991121 0.998678148 0.044344328 -8.431921005 0.879430234 -0.043934491 0.473996043 215.325164795
0.474990964 0.022514008 -0.879702687 169.299072266 0.026641458 0.998846531 0.039948147 -8.411674500 0.879587352 -0.042411570 0.473843217 215.729492188
0.473901510 0.014265548 -0.880462348 168.544601440 0.026974354 0.999164343 0.030707523 -8.390760422 0.880164683 -0.038302243 0.473120689 216.136474609
0.472589850 0.009836040 -0.881227553 167.791290283 0.029676231 0.999193013 0.027067680 -8.373051643 0.880782664 -0.038943425 0.471916616 216.537139893
0.471786082 0.011494531 -0.881638229 167.040924072 0.033439897 0.998962343 0.030918676 -8.353364944 0.881078780 -0.044068892 0.470912158 216.941253662
0.471077204 0.018013421 -0.881907940 166.299346924 0.031571433 0.998806536 0.037265230 -8.342958450 0.881526709 -0.045397900 0.469946325 217.334579468
0.470573068 0.019954976 -0.882135451 165.550262451 0.027512353 0.998926282 0.037273336 -8.327405930 0.881932080 -0.041809451 0.469518781 217.723144531
0.469731688 0.016492136 -0.882655263 164.828994751 0.028899103 0.999002397 0.034045584 -8.305989265 0.882336140 -0.041500233 0.468786478 218.106033325
0.468715489 0.013373546 -0.883248031 164.125396729 0.033436283 0.998900235 0.032868400 -8.286090851 0.882716238 -0.044938460 0.467752814 218.481536865
0.467524707 0.015730690 -0.883840144 163.441467285 0.033065077 0.998830736 0.035267737 -8.275554657 0.883361459 -0.045712776 0.466457903 218.841125488
0.466315567 0.018188596 -0.884431422 162.756378174 0.033882815 0.998687744 0.038402993 -8.265808105 0.883969307 -0.047874939 0.465087354 219.200866699
0.463379741 0.016402133 -0.886008084 162.108856201 0.036588006 0.998622000 0.037622318 -8.253718376 0.885404229 -0.049850687 0.462141097 219.545349121
0.460330427 0.016093327 -0.887601793 161.472595215 0.037410110 0.998595834 0.037507519 -8.239168167 0.886959076 -0.050471134 0.459082007 219.870788574
0.456013083 0.018927174 -0.889771879 160.856979370 0.034344699 0.998654842 0.038845181 -8.225557327 0.889310241 -0.048272856 0.454749584 220.174804688
0.450106204 0.019427691 -0.892763734 160.249176025 0.033453647 0.998694599 0.038599275 -8.208726883 0.892348230 -0.047239974 0.448868752 220.475265503
0.443032801 0.023784162 -0.896189868 159.669326782 0.029982911 0.998695731 0.041326687 -8.196792603 0.896003902 -0.045179460 0.441741884 220.750686646
0.435178638 0.025692811 -0.899977565 159.100265503 0.028223520 0.998712182 0.042158835 -8.181692123 0.899901748 -0.043747157 0.433893085 221.010223389
0.425546288 0.024424834 -0.904607058 158.551742554 0.025889566 0.998897910 0.039149735 -8.174627304 0.904566348 -0.040079907 0.424444914 221.258041382
0.413757861 0.018064771 -0.910207808 158.020721436 0.029000703 0.999034166 0.033010699 -8.172853470 0.909924984 -0.040055104 0.412834346 221.494232178
0.398681581 0.009858387 -0.917036533 157.475891113 0.034482576 0.999073982 0.025731612 -8.163690567 0.916441023 -0.041880496 0.397972405 221.730926514
0.378543735 0.005884695 -0.925564766 156.940231323 0.037555281 0.999058664 0.021711582 -8.153005600 0.924821258 -0.042978626 0.377966344 221.944610596
0.352775276 0.007754461 -0.935676038 156.395233154 0.037002027 0.999067903 0.022230599 -8.144777298 0.934976280 -0.042464312 0.352159560 222.137832642
0.323789775 0.013560031 -0.946031868 155.835922241 0.033472534 0.999107182 0.025777129 -8.128793716 0.945536733 -0.040012453 0.323046803 222.303390503
0.292631686 0.019725738 -0.956021786 155.271224976 0.030134855 0.999100387 0.029838659 -8.122322083 0.955750287 -0.037541315 0.291773975 222.462554932
0.259064913 0.024564194 -0.965547562 154.715469360 0.027346997 0.999089241 0.032754961 -8.111596107 0.965472758 -0.034890488 0.258157194 222.589202881
0.223696947 0.029466715 -0.974213123 154.154846191 0.022927199 0.999107182 0.035484172 -8.103143692 0.974388957 -0.030273680 0.222821653 222.691299438
0.188504338 0.032420110 -0.981537163 153.602752686 0.020440880 0.999108911 0.036926184 -8.091443062 0.981859684 -0.027024230 0.187673688 222.763000488
0.153646171 0.034300014 -0.987530410 153.066146851 0.018263755 0.999128044 0.037544429 -8.076831818 0.987957120 -0.023804573 0.152885795 222.820587158
0.118879199 0.035688676 -0.992267251 152.510055542 0.016957924 0.999135077 0.037967354 -8.062687874 0.992764056 -0.021340324 0.118171155 222.857330322
0.083547175 0.037574474 -0.995795250 151.955703735 0.013617659 0.999152482 0.038843680 -8.051542282 0.996410847 -0.016805680 0.082964659 222.877349854
0.048973978 0.035936330 -0.998153508 151.393737793 0.008866543 0.999297500 0.036412556 -8.030414581 0.998760879 -0.010633442 0.048620939 222.872741699
0.017118156 0.036367025 -0.999192059 150.842285156 0.001955691 0.999335170 0.036405750 -8.015877724 0.999851704 -0.002577315 0.017035663 222.857208252
-0.010609746 0.037946168 -0.999223590 150.260070801 -0.002853502 0.999274492 0.037978403 -7.989494324 0.999939799 0.003254222 -0.010493875 222.828308105
-0.032907605 0.042566050 -0.998551726 149.668838501 -0.002690800 0.999085307 0.042677477 -7.968253613 0.999454916 0.004091312 -0.032763004 222.787445068
-0.050721169 0.049396347 -0.997490644 149.072692871 -0.003932261 0.998758495 0.049659088 -7.945473194 0.998705208 0.006441158 -0.050463915 222.737701416
-0.063988090 0.056565888 -0.996346354 148.443023682 -0.005990321 0.998352528 0.057064503 -7.928036213 0.997932792 0.009619877 -0.063543916 222.691513062
-0.075902104 0.057443138 -0.995459318 147.809036255 -0.011057395 0.998229325 0.058446094 -7.896952629 0.997053981 0.015443364 -0.075132489 222.626785278
-0.085350156 0.058431216 -0.994636297 147.176803589 -0.015781028 0.998074412 0.059987374 -7.866166115 0.996226132 0.020816304 -0.084263682 222.555343628
-0.089420438 0.058709305 -0.994262278 146.520339966 -0.015230543 0.998063862 0.060303569 -7.829581261 0.995877683 0.020535516 -0.088353157 222.477844238
-0.092127204 0.058327917 -0.994037449 145.839538574 -0.011318648 0.998157024 0.059618656 -7.786353111 0.995682955 0.016743656 -0.091297269 222.422424316
-0.094076753 0.058444463 -0.993848085 145.154220581 -0.005979924 0.998224199 0.059267864 -7.752287388 0.995547116 0.011518857 -0.093560219 222.359817505
-0.095308542 0.055932146 -0.993875265 144.450485229 -0.003952203 0.998391092 0.056565288 -7.714807510 0.995440006 0.009319146 -0.094934106 222.291336060
-0.095373631 0.051192194 -0.994124532 143.732437134 -0.000461867 0.998674393 0.051470809 -7.675891876 0.995441616 0.005368106 -0.095223665 222.226440430
-0.095609307 0.047293346 -0.994294822 143.002334595 0.004718786 0.998881042 0.047057737 -7.648561954 0.995407760 -0.000192706 -0.095725536 222.158676147
-0.095389128 0.045202460 -0.994413376 142.244415283 0.007401865 0.998973072 0.044699706 -7.609477043 0.995412707 -0.003096653 -0.095625758 222.090637207
-0.094189525 0.047436375 -0.994423509 141.477020264 0.007487758 0.998869658 0.046939246 -7.574806213 0.995526075 -0.003024819 -0.094438195 222.007720947
-0.093019843 0.053137131 -0.994245231 140.675964355 0.007885635 0.998582900 0.052631184 -7.540827751 0.995632946 -0.002944506 -0.093307018 221.937515259
-0.091398954 0.056040619 -0.994236290 139.869400024 0.009107446 0.998420537 0.055439230 -7.506032944 0.995772779 -0.003987871 -0.091764927 221.865875244
-0.088623524 0.051547170 -0.994730651 139.052719116 0.006410782 0.998668849 0.051180102 -7.467582703 0.996044695 -0.001841250 -0.088835955 221.784790039
-0.084913731 0.042890053 -0.995464742 138.222320557 0.004467859 0.999079466 0.042664684 -7.428521156 0.996378303 -0.000824776 -0.085027218 221.709869385
-0.080997109 0.036884196 -0.996031642 137.384918213 0.008496246 0.999304295 0.036314476 -7.387579441 0.996678174 -0.005521165 -0.081254125 221.645675659
-0.076599121 0.037873365 -0.996342599 136.518295288 0.013834848 0.999222457 0.036919218 -7.357198715 0.996966183 -0.010956273 -0.077063560 221.580780029
-0.071524858 0.040893912 -0.996600151 135.625030518 0.018809769 0.999036789 0.039643943 -7.329124928 0.997261465 -0.015910294 -0.072225094 221.527862549
-0.067281961 0.043409374 -0.996789277 134.730300903 0.019580560 0.998918116 0.042180426 -7.290545464 0.997541904 -0.016679712 -0.068059087 221.465133667
-0.063136339 0.045769908 -0.996955037 133.813140869 0.021145904 0.998784900 0.044514775 -7.253524303 0.997781038 -0.018271020 -0.064027429 221.416442871
-0.059306264 0.049988892 -0.996987462 132.893524170 0.024122411 0.998525500 0.048631083 -7.216701984 0.997948349 -0.021165615 -0.060424685 221.372100830
-0.056529880 0.051273141 -0.997083604 131.962493896 0.022171449 0.998498619 0.050088901 -7.176807880 0.998154819 -0.019275270 -0.057581782 221.316711426
-0.053173065 0.047556501 -0.997452259 131.005691528 0.029698664 0.998498797 0.046023194 -7.137279987 0.998143613 -0.027175805 -0.054505706 221.264663696
-0.051731586 0.043177757 -0.997727275 130.039718628 0.038559277 0.998406291 0.041207872 -7.097467422 0.997916460 -0.036339894 -0.053314090 221.227020264
-0.051194072 0.035059482 -0.998073220 129.078887939 0.038005337 0.998728096 0.033133086 -7.069822311 0.997965395 -0.036235891 -0.052461386 221.174438477
-0.051177502 0.029442061 -0.998255491 128.077148438 0.041379955 0.998769462 0.027335793 -7.038827896 0.997831941 -0.039908789 -0.052332878 221.122253418
-0.051423907 0.027928097 -0.998286366 127.083816528 0.044210754 0.998692572 0.025662072 -7.010555267 0.997697890 -0.042815350 -0.052591443 221.077407837
-0.051496029 0.035549782 -0.998040259 126.066284180 0.038256921 0.998702884 0.033599440 -6.990196228 0.997940183 -0.036451709 -0.052789330 221.019622803
-0.050710678 0.047272939 -0.997593999 125.019607544 0.033842128 0.998386800 0.045590214 -6.951440334 0.998139858 -0.031448793 -0.052228689 220.951019287
-0.052305937 0.056412060 -0.997036576 123.984176636 0.032050524 0.997983694 0.054784242 -6.907666683 0.998116732 -0.029090006 -0.054008484 220.887603760
-0.054675937 0.056747913 -0.996890306 122.964492798 0.032577664 0.997953534 0.055021673 -6.872094154 0.997972608 -0.029468000 -0.056412697 220.823791504
-0.057589054 0.046852622 -0.997240424 121.952209473 0.036799867 0.998318911 0.044778161 -6.833843231 0.997661948 -0.034119576 -0.059216499 220.772460938
-0.060130715 0.037822854 -0.997473717 120.942733765 0.037926670 0.998646855 0.035581000 -6.801574707 0.997469783 -0.035691343 -0.061483860 220.708541870
-0.063096762 0.034486238 -0.997411549 119.922821045 0.039781358 0.998695433 0.032014050 -6.777049065 0.997214377 -0.037658401 -0.064386368 220.643096924
-0.065796614 0.036608130 -0.997161329 118.878723145 0.039483078 0.998639703 0.034057159 -6.752935410 0.997051597 -0.037130155 -0.067152500 220.574295044
-0.068391323 0.040421754 -0.996839404 117.857101440 0.037192993 0.998587608 0.037940904 -6.728905678 0.996965051 -0.034480616 -0.069798112 220.496231079
-0.069682717 0.047823645 -0.996422231 116.838562012 0.038265452 0.998243213 0.045235034 -6.698282242 0.996835053 -0.034976445 -0.071390390 220.416442871
-0.071201324 0.056155078 -0.995880127 115.812973022 0.037730351 0.997851074 0.053568657 -6.666657448 0.996748209 -0.033760745 -0.073167086 220.343261719
-0.071953654 0.056222331 -0.995822191 114.800003052 0.034637865 0.997948647 0.053839613 -6.624506950 0.996806383 -0.030619195 -0.073753476 220.258178711
-0.073223829 0.049133465 -0.996104658 113.790115356 0.032039210 0.998386085 0.046890803 -6.583832264 0.996800959 -0.028480886 -0.074679852 220.179199219
-0.073772788 0.042144030 -0.996384263 112.813034058 0.034272254 0.998623669 0.039701223 -6.551922321 0.996686101 -0.031219466 -0.075115561 220.100189209
-0.074265122 0.040645007 -0.996409953 111.812805176 0.033507731 0.998706579 0.038241275 -6.517859459 0.996675491 -0.030547442 -0.075530887 220.019500732
-0.073709130 0.045547269 -0.996239066 110.811279297 0.036509492 0.998410106 0.042945284 -6.495725632 0.996611238 -0.033206724 -0.075254917 219.945465088
-0.073891282 0.052723255 -0.995871723 109.809204102 0.036376897 0.998079479 0.050141063 -6.461844444 0.996602714 -0.032521736 -0.075667262 219.869812012
-0.073297739 0.054833289 -0.995801628 108.817871094 0.038559940 0.997896612 0.052110385 -6.432835579 0.996564448 -0.034578484 -0.075257897 219.794281006
-0.072038531 0.051422488 -0.996075511 107.838104248 0.037669752 0.998097837 0.048802540 -6.391546249 0.996690392 -0.034006257 -0.073838592 219.717575073
-0.070592880 0.046025299 -0.996442854 106.866043091 0.037707321 0.998344123 0.043441750 -6.358010292 0.996792257 -0.034506515 -0.072211504 219.646621704
-0.069977522 0.042257976 -0.996653259 105.894790649 0.039818455 0.998424411 0.039537326 -6.329992294 0.996753693 -0.036918465 -0.071550012 219.580993652
-0.068962693 0.034628242 -0.997018039 104.924697876 0.043278649 0.998560369 0.031688273 -6.311379433 0.996680021 -0.040964287 -0.070362091 219.513427734
-0.068287373 0.033355869 -0.997108042 103.949844360 0.044663988 0.998541117 0.030344980 -6.287876129 0.996665537 -0.042462640 -0.069677591 219.450927734
-0.066400886 0.039050635 -0.997028589 102.974838257 0.047320504 0.998232782 0.035946313 -6.263442039 0.996670306 -0.044793032 -0.068131447 219.379760742
-0.065283179 0.046676561 -0.996774495 101.997756958 0.051731050 0.997720480 0.043332759 -6.242539406 0.996524930 -0.048735287 -0.067548990 219.320556641
-0.063843369 0.046567082 -0.996872842 101.031173706 0.050264463 0.997792900 0.043390941 -6.213385582 0.996693254 -0.047337059 -0.066043139 219.253662109
-0.062970638 0.045456864 -0.996979654 100.069351196 0.050055794 0.997848749 0.042334896 -6.182260513 0.996759295 -0.047238752 -0.065110564 219.185516357
-0.062486172 0.044168212 -0.997068167 99.113052368 0.055681467 0.997618556 0.040703055 -6.156122208 0.996491492 -0.052974839 -0.064796805 219.125946045
-0.063212156 0.042532023 -0.997093379 98.159606934 0.057983395 0.997560322 0.038876001 -6.130021095 0.996314287 -0.055357426 -0.065524101 219.075073242
-0.063984513 0.041183662 -0.997100830 97.214538574 0.058291439 0.997596383 0.037463538 -6.106659889 0.996247053 -0.055725351 -0.066231370 219.009765625
-0.064981937 0.044850241 -0.996878147 96.258102417 0.062251676 0.997225881 0.040807992 -6.076775551 0.995942950 -0.059405550 -0.067593694 218.949462891
-0.066805005 0.050802737 -0.996471882 95.304763794 0.065049641 0.996799946 0.046458442 -6.048032761 0.995643318 -0.061716482 -0.069895864 218.891494751
-0.068718553 0.051731236 -0.996294081 94.370635986 0.063779384 0.996839583 0.047360443 -6.019191742 0.995595396 -0.060288481 -0.071800709 218.819824219
-0.071254969 0.050655778 -0.996171117 93.441406250 0.063911319 0.996889293 0.046120804 -5.991324425 0.995408535 -0.060380276 -0.074270844 218.746871948
-0.074951887 0.051848788 -0.995838344 92.518402100 0.063413709 0.996873856 0.047129869 -5.956688881 0.995168865 -0.059617333 -0.078005552 218.682662964
-0.078070641 0.055474609 -0.995403349 91.599807739 0.060275421 0.996886730 0.050829832 -5.923952103 0.995124221 -0.056030042 -0.081171274 218.602005005
-0.081338882 0.056557637 -0.995080650 90.715393066 0.057435442 0.996995568 0.051971659 -5.899250984 0.995030403 -0.052925583 -0.084342837 218.517761230
-0.084057093 0.054433435 -0.994973063 89.808364868 0.055903248 0.997191846 0.049832016 -5.863883972 0.994891584 -0.051433496 -0.086863995 218.434570312
-0.087182760 0.052666560 -0.994799316 88.930938721 0.056978971 0.997230351 0.047801722 -5.832061768 0.994561613 -0.052515153 -0.089942217 218.361267090
-0.089100838 0.051585529 -0.994685829 88.063934326 0.056850251 0.997293234 0.046628281 -5.806266785 0.994398832 -0.052393522 -0.091792345 218.281143188
-0.090155005 0.051321581 -0.994604588 87.226852417 0.054156736 0.997446358 0.046559237 -5.781603813 0.994454265 -0.049666993 -0.092704177 218.196289062
-0.090902448 0.049945034 -0.994606674 86.394195557 0.052332968 0.997601151 0.045312416 -5.757679939 0.994483888 -0.047931701 -0.093298197 218.120391846
-0.091123104 0.051301915 -0.994517505 85.590393066 0.052238870 0.997543395 0.046671614 -5.736323357 0.994468749 -0.047699612 -0.093579173 218.043624878
-0.090806723 0.053016141 -0.994456351 84.790786743 0.049125299 0.997604728 0.048698209 -5.703770638 0.994656146 -0.044430841 -0.093193650 217.966583252
-0.089123249 0.054135345 -0.994548500 84.032730103 0.046027347 0.997678995 0.050181169 -5.682961464 0.994956672 -0.041304123 -0.091408014 217.890625000
-0.087033868 0.055325110 -0.994668007 83.287200928 0.045508008 0.997635186 0.051508188 -5.666198730 0.995165467 -0.040782403 -0.089345813 217.834411621
-0.082518220 0.056478467 -0.994987965 82.563186646 0.046004739 0.997544408 0.052808229 -5.635334969 0.995527208 -0.041416518 -0.084913969 217.778808594
-0.075981379 0.057775360 -0.995434165 81.867538452 0.045187864 0.997493744 0.054445729 -5.611849785 0.996084929 -0.040844686 -0.078401685 217.723083496
-0.068931341 0.057839304 -0.995943427 81.185363770 0.043353073 0.997548461 0.054931968 -5.581810951 0.996679068 -0.039390672 -0.071269870 217.693649292
-0.058068275 0.057180174 -0.996673763 80.525268555 0.041449755 0.997635543 0.054820403 -5.557959557 0.997451782 -0.038128555 -0.060301065 217.654220581
-0.044216990 0.054674357 -0.997524798 79.880386353 0.040922150 0.997762382 0.052873440 -5.533159256 0.998183548 -0.038482953 -0.046355486 217.632751465
-0.027270079 0.051650010 -0.998292923 79.262725830 0.042134449 0.997836113 0.050475411 -5.508719444 0.998739779 -0.040686056 -0.029387236 217.621047974
-0.006831288 0.050793935 -0.998685956 78.665069580 0.044442978 0.997737646 0.050441716 -5.493579865 0.998988688 -0.044039994 -0.009073257 217.626464844
0.017044723 0.051351178 -0.998535335 78.062484741 0.043783661 0.997683942 0.052054785 -5.480154037 0.998895764 -0.044606794 0.014756918 217.626098633
0.040303111 0.051686749 -0.997849703 77.481491089 0.042254314 0.997679651 0.053384583 -5.456526756 0.998293579 -0.044315021 0.038025618 217.699279785
0.068812609 0.053165570 -0.996212065 76.894271851 0.038570821 0.997690558 0.055908736 -5.433509827 0.996883869 -0.042271949 0.066603065 217.745300293
0.100018144 0.053842075 -0.993527770 76.310089111 0.035552502 0.997703731 0.057647444 -5.415003777 0.994350255 -0.041088186 0.097874284 217.813095093
0.134042084 0.052127182 -0.989603758 75.733871460 0.034836859 0.997750461 0.057274975 -5.392260551 0.990363181 -0.042151943 0.131924629 217.911102295
0.171593547 0.047996245 -0.983998001 75.164688110 0.029527793 0.998113215 0.053833921 -5.356462479 0.984725237 -0.038292844 0.169852555 218.021209717
0.213429272 0.044398136 -0.975949168 74.585784912 0.021578999 0.998508871 0.050143514 -5.333552837 0.976720154 -0.031762097 0.212152958 218.119308472
0.255595624 0.041966081 -0.965872467 74.031936646 0.014910744 0.998767495 0.047341108 -5.313840389 0.966668785 -0.026502056 0.254654825 218.267440796
0.301183581 0.039993502 -0.952727139 73.484008789 0.007558933 0.998988569 0.044325054 -5.288188934 0.953536272 -0.020551579 0.300576627 218.436126709
0.344106019 0.040789638 -0.938044488 73.034591675 -0.001793968 0.999082685 0.042785723 -5.287690639 0.938929200 -0.013040007 0.343863547 218.687103271
0.394728065 0.040930364 -0.917885959 72.516403198 -0.013765270 0.999158561 0.038634852 -5.265669823 0.918694973 -0.002615318 0.394959390 218.913986206
0.446929991 0.041938622 -0.893585324 72.013473511 -0.013950898 0.999105752 0.039913416 -5.253131390 0.894460142 -0.005372183 0.447115421 219.187713623
0.498878956 0.043928914 -0.865557730 71.529182434 -0.016657844 0.999016106 0.041101187 -5.235079288 0.866511643 -0.006086192 0.499119878 219.501708984
0.551925302 0.048456360 -0.832484543 71.066986084 -0.020014621 0.998792470 0.044867225 -5.219598293 0.833653390 -0.008101491 0.552228630 219.835815430
0.602963269 0.049453355 -0.796234787 70.615051270 -0.020363266 0.998705685 0.046608180 -5.203089714 0.797509134 -0.011889088 0.603189826 220.205764771
0.649833560 0.047423463 -0.758595645 70.212867737 -0.019410810 0.998761594 0.045809571 -5.189182758 0.759828627 -0.015043641 0.649949312 220.605560303
0.693529189 0.042590559 -0.719168544 69.835212708 -0.019049341 0.998986065 0.040791694 -5.180665970 0.720176697 -0.014590546 0.693637311 221.009277344
0.733581305 0.039884746 -0.678430319 69.465393066 -0.024552012 0.999180019 0.032193650 -5.166012764 0.679158092 -0.006959832 0.733959079 221.447372437
0.770633578 0.039211057 -0.636071086 69.109375000 -0.034298528 0.999210656 0.020042585 -5.155601501 0.636354923 0.006370809 0.771370173 221.900939941
0.804776549 0.032117825 -0.592708349 68.780273438 -0.032765269 0.999416292 0.009668092 -5.138102531 0.592672884 0.011639592 0.805359185 222.389480591
0.835964441 0.021927821 -0.548345327 68.494972229 -0.022935197 0.999724388 0.005012838 -5.129175186 0.548304141 0.008385852 0.836236954 222.924087524
0.864977300 0.016541259 -0.501538336 68.219512939 -0.016852451 0.999850333 0.003911557 -5.127650261 0.501527965 0.005068741 0.865126610 223.481124878
0.891733885 0.016760482 -0.452249646 67.936981201 -0.016287522 0.999855161 0.004939569 -5.127990723 0.452266932 0.002961245 0.891877711 224.042205811
0.914030313 0.017494023 -0.405268580 67.705726624 -0.017277379 0.999841928 0.004192801 -5.135521889 0.405277878 0.003169630 0.914188087 224.623245239
0.932969034 0.014502244 -0.359664351 67.507102966 -0.013871886 0.999894381 0.004333687 -5.136921406 0.359689236 0.000946027 0.933071673 225.226242065
0.949141443 0.013274108 -0.314569980 67.325904846 -0.012488705 0.999911845 0.004512157 -5.143996239 0.314602137 -0.000354104 0.949223578 225.852798462
0.962840855 0.017451519 -0.269505024 67.142234802 -0.017642628 0.999842882 0.001713269 -5.141736984 0.269492596 0.003105173 0.962997437 226.513381958
0.973639727 0.016238879 -0.227512538 67.005981445 -0.017214485 0.999849141 -0.002304379 -5.150214672 0.227440804 0.006160145 0.973772407 227.165679932
0.981734574 0.005758838 -0.190168560 66.902809143 -0.008137732 0.999898076 -0.011730867 -5.160443783 0.190081626 0.013064139 0.981681347 227.829559326
0.987149477 0.000258605 -0.159799248 66.814338684 -0.003568968 0.999784946 -0.020429106 -5.172748089 0.159759596 0.020736901 0.986938119 228.533309937
0.991202414 -0.001348765 -0.132347852 66.733032227 -0.001731667 0.999730349 -0.023157410 -5.183377266 0.132343382 0.023182863 0.990932763 229.231781006
0.993959069 -0.000839601 -0.109748304 66.651763916 -0.001202385 0.999827445 -0.018538574 -5.202084541 0.109744929 0.018558543 0.993786514 229.971084595
0.995749235 -0.001450947 -0.092094243 66.612930298 0.000744435 0.999970019 -0.007705506 -5.222111225 0.092102662 0.007604194 0.995720506 230.722030640
0.997107565 0.002003442 -0.075976677 66.546371460 -0.001912231 0.999997377 0.001273245 -5.219625950 0.075979024 -0.001124277 0.997108757 231.471908569
0.997993588 -0.001456066 -0.063298598 66.502494812 0.001771068 0.999986351 0.004920615 -5.225781441 0.063290566 -0.005022848 0.997982502 232.217864990
0.998425841 -0.010156760 -0.055161014 66.471900940 0.010410940 0.999936461 0.004322553 -5.229350090 0.055113606 -0.004890027 0.998468101 232.980377197
0.998584032 -0.015950086 -0.050749339 66.453910828 0.016018216 0.999871254 0.000936011 -5.238584518 0.050727878 -0.001747600 0.998710990 233.751556396
0.998709440 -0.019166831 -0.047032952 66.422187805 0.019059684 0.999814630 -0.002725586 -5.244931698 0.047076475 0.001825635 0.998889625 234.535827637
0.998715758 -0.021122053 -0.046050429 66.386116028 0.020865316 0.999764025 -0.006048761 -5.251033783 0.046167325 0.005080137 0.998920798 235.286300659
0.998688757 -0.022268604 -0.046096493 66.352294922 0.022055969 0.999743640 -0.005116403 -5.256529331 0.046198610 0.004092991 0.998923898 236.068115234
0.998717308 -0.023162568 -0.045024429 66.316856384 0.023115868 0.999731600 -0.001557692 -5.268151283 0.045048423 0.000514915 0.998984694 236.861236572
0.998573601 -0.028540405 -0.045124203 66.281021118 0.028579487 0.999591470 0.000221050 -5.279249668 0.045099463 -0.001510361 0.998981357 237.671142578
0.998415947 -0.031431604 -0.046665624 66.263427734 0.031205153 0.999497473 -0.005573413 -5.288917542 0.046817355 0.004108377 0.998894989 238.512847900
0.998332620 -0.033736631 -0.046837643 66.223060608 0.033141579 0.999360502 -0.013423723 -5.298115253 0.047260564 0.011849068 0.998812318 239.275543213
0.997882247 -0.043993875 -0.047912523 66.192436218 0.043084413 0.998874187 -0.019852331 -5.308368206 0.048731964 0.017746005 0.998654246 240.095718384
0.997340381 -0.053409379 -0.049594421 66.161796570 0.052337360 0.998372138 -0.022669332 -5.330748558 0.050724443 0.020013399 0.998512149 240.921966553
0.996808827 -0.061534043 -0.050850250 66.134498596 0.060463145 0.997920454 -0.022337820 -5.363718033 0.052119043 0.019191971 0.998456419 241.754592896
0.996340215 -0.066904500 -0.053196978 66.090393066 0.066040747 0.997657537 -0.017834201 -5.377888680 0.054265551 0.014255765 0.998424768 242.631195068
0.996197283 -0.066589050 -0.056185719 66.040031433 0.066106543 0.997758329 -0.010405124 -5.396224499 0.056752637 0.006651313 0.998366117 243.485336304
0.996281385 -0.062947892 -0.058829766 65.986724854 0.062962882 0.998014569 -0.001600661 -5.421434879 0.058813721 -0.002109382 0.998266757 244.344940186
0.996603251 -0.055510085 -0.060832780 65.924362183 0.055755008 0.998441756 0.002334855 -5.427000523 0.060608380 -0.005718656 0.998145223 245.217926025
0.996822536 -0.049774747 -0.062187456 65.868560791 0.050233588 0.998720467 0.005835833 -5.424738884 0.061817404 -0.008941189 0.998047411 246.116241455
0.997094095 -0.042256564 -0.063385457 65.797607422 0.042770281 0.999062002 0.006769192 -5.431835651 0.063039958 -0.009460535 0.997966170 246.998672485
0.997143090 -0.040863942 -0.063528262 65.730224609 0.041004438 0.999158561 0.000908799 -5.435319901 0.063437670 -0.003511143 0.997979641 247.895935059
0.997140348 -0.039826371 -0.064226054 65.680328369 0.039374370 0.999190152 -0.008288572 -5.446530819 0.064504139 0.005736009 0.997900963 248.782348633
0.997251332 -0.037656333 -0.063810915 65.618125916 0.036838487 0.999223948 -0.013945561 -5.459576130 0.064286537 0.011556531 0.997864544 249.695159912
0.997311532 -0.036399044 -0.063598998 65.557579041 0.035572350 0.999267876 -0.014083294 -5.475759506 0.064065054 0.011783065 0.997876167 250.622741699
0.997510195 -0.032104354 -0.062791146 65.496253967 0.031657252 0.999465942 -0.008102697 -5.496547222 0.063017741 0.006094729 0.997993767 251.575302124
0.997698188 -0.028890200 -0.061348684 65.428024292 0.028722653 0.999580920 -0.003611360 -5.506286144 0.061427306 0.001840950 0.998109877 252.525726318
0.997883499 -0.024891792 -0.060074192 65.359504700 0.025038172 0.999685049 0.001684991 -5.520121098 0.060013328 -0.003185572 0.998192489 253.503356934
0.998040378 -0.021707188 -0.058686875 65.297508240 0.022110399 0.999736130 0.006229859 -5.522936821 0.058536157 -0.007515241 0.998256981 254.462249756
0.998153389 -0.020202851 -0.057285972 65.247489929 0.020657003 0.999759614 0.007346713 -5.532986164 0.057123777 -0.008516503 0.998330772 255.418273926
0.998176813 -0.021500705 -0.056398779 65.192817688 0.021559393 0.999767482 0.000432302 -5.541076660 0.056376368 -0.001647437 0.998408258 256.406036377
0.998181462 -0.021762712 -0.056215744 65.128639221 0.021194506 0.999718308 -0.010684161 -5.547633171 0.056432426 0.009473267 0.998361468 257.394622803
0.998064876 -0.024172723 -0.057290196 65.074394226 0.023462906 0.999639809 -0.013030377 -5.558790684 0.057584543 0.011660967 0.998272538 258.398315430
0.997981846 -0.022936365 -0.059212711 65.012992859 0.022796098 0.999735475 -0.003043360 -5.575551033 0.059266854 0.001687399 0.998240769 259.439544678
0.997908056 -0.022613103 -0.060565509 64.950141907 0.023089489 0.999707639 0.007177285 -5.590661526 0.060385503 -0.008560698 0.998138428 260.481292725
0.997852921 -0.022549167 -0.061490145 64.878662109 0.023098456 0.999699235 0.008236711 -5.594261646 0.061285920 -0.009639353 0.998073697 261.536407471
0.997745514 -0.023195283 -0.062975213 64.818534851 0.023414733 0.999722064 0.002748819 -5.593761444 0.062893949 -0.004217169 0.998011291 262.565216064
0.997640848 -0.025545426 -0.063719027 64.749847412 0.025435453 0.999673247 -0.002536637 -5.600289822 0.063763008 0.000909931 0.997964680 263.612396240
0.997598052 -0.024429973 -0.064817898 64.678161621 0.024210893 0.999698222 -0.004163368 -5.611132145 0.064900048 0.002584069 0.997888446 264.657775879
0.997560918 -0.024431903 -0.065385602 64.602470398 0.024341395 0.999701321 -0.002180595 -5.627196789 0.065419346 0.000583700 0.997857690 265.726257324
0.997544885 -0.024150651 -0.065734372 64.519012451 0.024218591 0.999706686 0.000236787 -5.638445854 0.065709367 -0.001828199 0.997837126 266.801422119
0.997563899 -0.020728650 -0.066608138 64.453292847 0.020929869 0.999778271 0.002324476 -5.646734715 0.066545188 -0.003712913 0.997776508 267.846466064
0.997549951 -0.019674102 -0.067134395 64.373367310 0.020106638 0.999781191 0.005773156 -5.656384945 0.067006119 -0.007108858 0.997727215 268.914672852
0.997510791 -0.019430513 -0.067783669 64.305076599 0.020054394 0.999762475 0.008535671 -5.667503357 0.067601718 -0.009873784 0.997663558 269.966400146
0.997518241 -0.019751305 -0.067581691 64.236793518 0.020307507 0.999765277 0.007552919 -5.677108765 0.067416646 -0.008906591 0.997685134 271.027770996
0.997443020 -0.023594052 -0.067459457 64.164268494 0.023844805 0.999711454 0.002914212 -5.682826519 0.067371234 -0.004515318 0.997717738 272.091857910
0.997399390 -0.023881286 -0.068001173 64.088249207 0.023787143 0.999714613 -0.002193958 -5.687416553 0.068034165 0.000570699 0.997682810 273.150939941
0.997314334 -0.023857826 -0.069245167 64.019012451 0.023795450 0.999715388 -0.001725631 -5.712759018 0.069266625 0.000073276 0.997598171 274.207763672
0.997161925 -0.026130062 -0.070606999 63.949520111 0.025961298 0.999657452 -0.003306946 -5.731256008 0.070669226 0.001464512 0.997498751 275.264923096
0.997087181 -0.026402695 -0.071554743 63.859748840 0.025880495 0.999631286 -0.008215393 -5.744894028 0.071745269 0.006339591 0.997402847 276.318908691
0.997033596 -0.025048200 -0.072777711 63.776447296 0.024444619 0.999659121 -0.009172508 -5.765169621 0.072982661 0.007366274 0.997305989 277.389526367
0.996988416 -0.023635702 -0.073861144 63.713108063 0.023582516 0.999720633 -0.001592222 -5.781769276 0.073878139 -0.000154404 0.997267246 278.412048340
0.996985018 -0.023121072 -0.074069560 63.626796722 0.023752021 0.999688625 0.007648689 -5.798861504 0.073869646 -0.009384929 0.997223735 279.464965820
0.997029960 -0.021712828 -0.073890775 63.541759491 0.022346795 0.999720156 0.007763782 -5.805781364 0.073701523 -0.009391945 0.997236133 280.506378174
0.997114778 -0.020107314 -0.073197149 63.474525452 0.020249335 0.999794245 0.001198603 -5.812007427 0.073157988 -0.002677339 0.997316778 281.532196045
0.997232974 -0.017083434 -0.072350122 63.391014099 0.016941404 0.999853194 -0.002576341 -5.822037220 0.072383508 0.001343500 0.997375965 282.575531006
0.997378647 -0.014834582 -0.070822448 63.305015564 0.014563056 0.999884486 -0.004348733 -5.835189342 0.070878781 0.003305943 0.997479439 283.611236572
0.997516155 -0.011659931 -0.069466583 63.228969574 0.011624775 0.999931991 -0.000910334 -5.854898930 0.069472477 0.000100540 0.997583866 284.647949219
0.997578621 -0.010020501 -0.068821713 63.155002594 0.010074923 0.999949157 0.000443699 -5.867383480 0.068813771 -0.001135998 0.997628868 285.693878174
0.997624338 -0.006900582 -0.068542108 63.084358215 0.007144931 0.999968946 0.003320438 -5.880070210 0.068517067 -0.003802278 0.997642696 286.719818115
0.997665882 -0.006127931 -0.068009473 63.008537292 0.006187454 0.999980628 0.000664601 -5.894269943 0.068004087 -0.001083855 0.997684479 287.738433838
0.997652054 -0.005717963 -0.068247527 62.933715820 0.005540355 0.999980748 -0.002791415 -5.905570507 0.068262175 0.002406745 0.997664511 288.762786865
0.997644663 -0.004264553 -0.068461634 62.860321045 0.003920117 0.999978960 -0.005164645 -5.922681332 0.068482220 0.004884103 0.997640371 289.782653809
0.997668743 -0.001903130 -0.068216458 62.777526855 0.001749587 0.999995828 -0.002310485 -5.943698406 0.068220563 0.002185748 0.997667849 290.811584473
0.997720242 -0.000868004 -0.067480199 62.716316223 0.000940369 0.999998987 0.001040620 -5.956079960 0.067479230 -0.001101704 0.997720063 291.811706543
0.997732043 0.001487937 -0.067294277 62.641513824 -0.001128232 0.999984860 0.005382936 -5.966458321 0.067301273 -0.005294805 0.997718632 292.835327148
0.997698307 0.002966600 -0.067744724 62.562763214 -0.002618910 0.999982953 0.005220599 -5.977910042 0.067759052 -0.005031165 0.997689009 293.860229492
0.997697473 -0.000427580 -0.067820102 62.484569550 0.000722753 0.999990344 0.004327822 -5.985382557 0.067817599 -0.004366874 0.997688174 294.878112793
0.997564971 -0.007027673 -0.069388695 62.431137085 0.007218997 0.999970794 0.002506893 -5.997121334 0.069369048 -0.003001706 0.997586548 295.884796143
0.997437418 -0.006942166 -0.071207002 62.354602814 0.007056252 0.999974191 0.001350760 -6.004304886 0.071195789 -0.001849753 0.997460663 296.887451172
0.997250199 -0.003952075 -0.074002914 62.269016266 0.003807428 0.999990582 -0.002095592 -6.021446228 0.074010499 0.001808068 0.997255802 297.878753662
0.997075021 -0.008627766 -0.075940840 62.200561523 0.008651609 0.999962568 -0.000015024 -6.027896881 0.075938128 -0.000642030 0.997112334 298.890106201
0.996848881 -0.003959443 -0.079225384 62.123458862 0.004741996 0.999941766 0.009691848 -6.041290760 0.079182394 -0.010036995 0.996809602 299.896453857
0.996618450 0.000818354 -0.082164392 62.028312683 0.000544901 0.999862611 0.016567999 -6.048379898 0.082166664 -0.016556745 0.996481061 300.901519775
0.996383309 0.001736739 -0.084954582 61.934402466 -0.000319428 0.999860585 0.016693912 -6.046857357 0.084971726 -0.016606400 0.996244967 301.905670166
0.996094942 -0.001248656 -0.088279895 61.853584290 0.002323957 0.999924362 0.012078855 -6.046039581 0.088258140 -0.012236845 0.996022463 302.899353027
0.995790243 -0.006525520 -0.091428816 61.765460968 0.006891130 0.999969482 0.003683728 -6.054508209 0.091401987 -0.004298268 0.995804787 303.892700195
0.995453060 -0.009493165 -0.094779156 61.671417236 0.009221809 0.999952018 -0.003300637 -6.061616421 0.094805948 0.002411593 0.995492876 304.883056641
0.995070577 -0.012716180 -0.098350592 61.573562622 0.012549100 0.999918580 -0.002317264 -6.071821213 0.098372050 0.001071630 0.995149136 305.869720459
0.994613111 -0.013538341 -0.102769174 61.474910736 0.013681825 0.999906182 0.000691366 -6.091627598 0.102750167 -0.002093712 0.994704962 306.868164062
0.994047940 -0.012807988 -0.108187869 61.364120483 0.012487601 0.999915421 -0.003638389 -6.108204842 0.108225323 0.002265726 0.994123816 307.853057861
0.993490815 -0.014259025 -0.113016166 61.248924255 0.013330809 0.999870956 -0.008964630 -6.122344017 0.113129407 0.007399681 0.993552685 308.830352783
0.992978692 -0.010797339 -0.117799520 61.125808716 0.009897606 0.999917209 -0.008220177 -6.135731220 0.117878526 0.006996528 0.993003368 309.834503174
0.992457807 -0.009238100 -0.122238010 60.998020172 0.009307525 0.999956667 -0.000003053 -6.156038761 0.122232743 -0.001134703 0.992500842 310.829223633
0.991786480 -0.006367981 -0.127746031 60.866847992 0.006709709 0.999974966 0.002244900 -6.166368008 0.127728537 -0.003083599 0.991804361 311.829406738
0.991133213 -0.005301088 -0.132766157 60.722801208 0.005919578 0.999973416 0.004264211 -6.173032761 0.132740021 -0.005012321 0.991138220 312.816894531
0.990585923 -0.002628410 -0.136867344 60.589870453 0.003060659 0.999991000 0.002947816 -6.179115295 0.136858359 -0.003338969 0.990584970 313.793304443
0.990202188 0.007561943 -0.139436185 60.432868958 -0.007066246 0.999966860 0.004049742 -6.181588650 0.139462188 -0.003024773 0.990222752 314.763519287
0.989891171 0.019496271 -0.140482649 60.267181396 -0.019194724 0.999809623 0.003501311 -6.196113586 0.140524164 -0.000769392 0.990076959 315.730560303
0.989579320 0.028863214 -0.141066432 60.106124878 -0.028424937 0.999582827 0.005121300 -6.206929684 0.141155392 -0.001058129 0.989986897 316.705841064
0.989703596 0.033373930 -0.139186800 59.943649292 -0.033647597 0.999433696 0.000387122 -6.214741707 0.139120892 0.004300165 0.990266085 317.669281006
0.989730477 0.035158191 -0.138554960 59.827556610 -0.035811525 0.999356091 -0.002224438 -6.225995064 0.138387531 0.007163459 0.990352273 318.646759033
0.990107656 0.035530832 -0.135736302 59.681644440 -0.036434311 0.999327302 -0.004176914 -6.239741325 0.135496587 0.009081054 0.990736187 319.616821289
0.990584970 0.038302403 -0.131431833 59.539104462 -0.038652521 0.999252677 -0.000112806 -6.250983238 0.131329298 0.005191915 0.991325200 320.599212646
0.991282344 0.036596186 -0.126570255 59.416748047 -0.036571722 0.999327838 0.002517864 -6.261585712 0.126577318 0.002132977 0.991954446 321.599700928
0.992007315 0.038185991 -0.120263740 59.296489716 -0.037637040 0.999268115 0.006833524 -6.271638870 0.120436668 -0.002252534 0.992718458 322.575439453
0.992681801 0.041261680 -0.113491677 59.174606323 -0.040207949 0.999124467 0.011559061 -6.276683807 0.113869265 -0.006911202 0.993471682 323.567016602
0.993024111 0.048659224 -0.107403189 59.053951263 -0.047427572 0.998776674 0.013993760 -6.280003548 0.107952721 -0.008802268 0.994117081 324.547454834
0.993376315 0.053061433 -0.101921275 58.949134827 -0.052493006 0.998587191 0.008253015 -6.281356812 0.102215201 -0.002848196 0.994758248 325.534240723
0.993801892 0.055611983 -0.096255690 58.843898773 -0.055845328 0.998439372 0.000270167 -6.286367893 0.096120499 0.005106938 0.995356619 326.518341064
0.994299591 0.056069892 -0.090689175 58.741947174 -0.056722242 0.998379290 -0.004629922 -6.294319630 0.090282589 0.009747623 0.995868504 327.508758545
0.995038927 0.050962668 -0.085441835 58.654422760 -0.051353924 0.998677671 -0.002386135 -6.304609299 0.085207246 0.006762071 0.996340275 328.516723633
0.995620370 0.045597803 -0.081614256 58.577709198 -0.045537289 0.998959243 0.002603646 -6.323072433 0.081648037 0.001124249 0.996660590 329.529327393
0.996243834 0.038055267 -0.077782035 58.503715515 -0.037980765 0.999275506 0.002437501 -6.332653999 0.077818438 0.000525875 0.996967435 330.533966064
0.996484756 0.036209207 -0.075544976 58.426277161 -0.036407702 0.999336243 -0.001251518 -6.344030857 0.075449519 0.003997538 0.997141600 331.538299561
0.996688664 0.038057838 -0.071855851 58.352340698 -0.038265131 0.999266505 -0.001510033 -6.346943855 0.071745671 0.004254607 0.997413874 332.553497314
0.996941864 0.039177399 -0.067617066 58.271614075 -0.039204516 0.999230802 0.000926381 -6.359148979 0.067601345 0.001727347 0.997710943 333.564178467
0.996989310 0.043143045 -0.064428337 58.199310303 -0.043326907 0.999059856 -0.001458592 -6.373726368 0.064304836 0.004245681 0.997921288 334.576385498
0.996951342 0.047581475 -0.061838567 58.122406006 -0.047966838 0.998837590 -0.004761427 -6.385850430 0.061540131 0.007713111 0.998074830 335.588531494
0.997105598 0.046245538 -0.060346663 58.059551239 -0.046358939 0.998924732 -0.000479700 -6.398087502 0.060259592 0.003275919 0.998177350 336.591186523
0.997238994 0.044580784 -0.059387602 58.005771637 -0.044179272 0.998991132 0.008057496 -6.417372227 0.059686899 -0.005411549 0.998202503 337.625366211
0.997242153 0.045943782 -0.058286011 57.933048248 -0.045429137 0.998916268 0.010124874 -6.420670033 0.058688018 -0.007449068 0.998248577 338.638336182
0.997126520 0.048362263 -0.058308203 57.868236542 -0.048184872 0.998828530 0.004445272 -6.433990955 0.058454879 -0.001622925 0.998288751 339.635192871
0.997145832 0.048795857 -0.057612322 57.795608521 -0.049089201 0.998787582 -0.003686623 -6.438862801 0.057362579 0.006504244 0.998332202 340.626678467
0.997232258 0.046696331 -0.057856027 57.751201630 -0.047053583 0.998880684 -0.004827263 -6.451162338 0.057565853 0.007536236 0.998313248 341.643920898
0.997379959 0.044206623 -0.057262812 57.692600250 -0.044223431 0.999021173 0.000974249 -6.466047287 0.057249829 0.001560662 0.998358667 342.648956299
0.997585714 0.040212017 -0.056619208 57.630123138 -0.040002726 0.999187946 0.004825444 -6.483548641 0.056767270 -0.002548872 0.998384178 343.664428711
0.997699499 0.037019327 -0.056791443 57.575866699 -0.036938112 0.999314487 0.002479474 -6.489548683 0.056844302 -0.000376001 0.998382986 344.654785156
0.997739375 0.035788767 -0.056880191 57.524623871 -0.035692073 0.999359131 0.002715286 -6.499330521 0.056940917 -0.000678975 0.998377323 345.647277832
0.997775197 0.035381321 -0.056504857 57.465309143 -0.035044577 0.999361634 0.006939644 -6.507980824 0.056714322 -0.004944017 0.998378217 346.628417969
0.997885048 0.034744736 -0.054938603 57.398754120 -0.034263045 0.999365926 0.009685871 -6.515259266 0.055240300 -0.007783022 0.998442769 347.591674805
0.998004079 0.032368131 -0.054223359 57.338527679 -0.032074761 0.999465764 0.006272199 -6.529574871 0.054397412 -0.004520479 0.998509109 348.553344727
0.998144746 0.028388197 -0.053862754 57.305641174 -0.028241474 0.999595046 0.003483330 -6.539357662 0.053939831 -0.001955704 0.998542249 349.476165771
0.998297870 0.023793481 -0.053247102 57.263957977 -0.023737352 0.999716818 0.001686373 -6.544296741 0.053272147 -0.000419557 0.998579919 350.400482178
0.998441339 0.021412771 -0.051539946 57.210754395 -0.021348245 0.999770463 0.001802174 -6.557805538 0.051566705 -0.000699078 0.998669326 351.323577881
0.998603880 0.020467006 -0.048697360 57.167549133 -0.020466460 0.999790430 0.000509887 -6.568265915 0.048697587 0.000487488 0.998813450 352.229553223
0.998617172 0.026804173 -0.045224998 57.106925964 -0.026779065 0.999640703 0.001161068 -6.588140488 0.045239870 0.000051620 0.998976171 353.121124268
0.998706520 0.030339081 -0.040801633 57.071720123 -0.030244261 0.999538243 0.002939329 -6.597206593 0.040871970 -0.001701512 0.999162972 353.997589111
0.998765826 0.034584686 -0.035647724 57.030506134 -0.034535725 0.999401510 0.001988517 -6.605202675 0.035695162 -0.000754943 0.999362469 354.862487793
0.998861909 0.037242278 -0.029798416 57.000823975 -0.037337959 0.999299169 -0.002660761 -6.620135307 0.029678440 0.003770344 0.999552369 355.704895020
0.998995841 0.037904382 -0.023886725 56.968235016 -0.038049173 0.999259949 -0.005636350 -6.634150505 0.023655405 0.006539560 0.999698758 356.543731689
0.999156594 0.036575086 -0.018665338 56.962596893 -0.036633145 0.999324918 -0.002778064 -6.650811672 0.018551128 0.003459491 0.999821901 357.353088379
0.999344349 0.033729240 -0.013159341 56.953514099 -0.033668377 0.999421418 0.004819621 -6.668043137 0.013314290 -0.004373408 0.999901772 358.161102295
0.999542415 0.029188238 -0.007938185 56.952892303 -0.029088493 0.999499917 0.012402963 -6.673796654 0.008296235 -0.012166378 0.999891579 358.944519043
0.999672472 0.025292268 -0.003901753 56.948501587 -0.025234606 0.999580979 0.014180385 -6.687111855 0.004258772 -0.014077281 0.999891818 359.733032227
0.999648929 0.026406717 -0.002170431 56.942615509 -0.026383396 0.999600351 0.010150562 -6.695691586 0.002437606 -0.010089736 0.999946117 360.474884033
0.999665618 0.025832940 -0.001119041 56.939853668 -0.025826881 0.999653280 0.005127314 -6.704715252 0.001251106 -0.005096699 0.999986231 361.187713623
0.999752581 0.022220571 -0.001033054 56.942687988 -0.022218551 0.999751270 0.001926709 -6.707751274 0.001075610 -0.001903279 0.999997616 361.885406494
0.999856710 0.016906152 -0.000854305 56.949535370 -0.016907686 0.999855399 -0.001824041 -6.718521595 0.000823344 0.001838224 0.999997973 362.565704346
0.999861181 0.016643843 -0.000800747 56.942344666 -0.016649136 0.999835968 -0.007132230 -6.738138199 0.000681908 0.007144571 0.999974251 363.247253418
0.999842763 0.017621309 -0.001983742 56.937221527 -0.017644150 0.999770463 -0.012154800 -6.750072956 0.001769103 0.012187890 0.999924183 363.915130615
0.999826908 0.018172884 -0.003994647 56.928951263 -0.018226597 0.999737978 -0.013848430 -6.759424686 0.003741935 0.013918842 0.999896109 364.596771240
0.999886572 0.013453905 -0.006766714 56.921195984 -0.013520442 0.999859750 -0.009885408 -6.766655445 0.006632768 0.009975775 0.999928236 365.272674561
0.999902368 0.008240949 -0.011283540 56.919624329 -0.008259618 0.999964595 -0.001608837 -6.784580708 0.011269882 0.001701878 0.999935031 365.945678711
0.999842644 0.004654895 -0.017118325 56.912899017 -0.004598633 0.999983907 0.003324485 -6.797063828 0.017133525 -0.003245241 0.999847949 366.620635986
0.999655724 0.002660901 -0.026102684 56.894512177 -0.002602918 0.999994099 0.002255088 -6.807036877 0.026108529 -0.002186369 0.999656737 367.278137207
0.999293268 0.002672921 -0.037494037 56.862346649 -0.002684532 0.999996364 -0.000259336 -6.813760757 0.037493210 0.000359806 0.999296844 367.929870605
0.998720706 0.003602946 -0.050437581 56.812347412 -0.003746882 0.999989152 -0.002759473 -6.817371845 0.050427090 0.002944926 0.998723388 368.591339111
0.997893095 0.000187796 -0.064879030 56.772136688 -0.000461350 0.999991059 -0.004201413 -6.833437920 0.064877659 0.004222493 0.997884274 369.242034912
0.996761382 0.000044670 -0.080416240 56.709064484 -0.000283962 0.999995589 -0.002964240 -6.840510368 0.080415748 0.002977475 0.996756971 369.893127441
0.995460689 0.005533688 -0.095012709 56.620948792 -0.005746702 0.999981523 -0.001968472 -6.846441269 0.095000066 0.002505546 0.995474100 370.564147949
0.993956029 0.013301377 -0.108970217 56.516548157 -0.013391782 0.999910295 -0.000097801 -6.856518745 0.108959146 0.001556516 0.994045019 371.231170654
0.992239416 0.017347367 -0.123126157 56.427429199 -0.017503506 0.999846756 -0.000186463 -6.863414764 0.123104058 0.002340155 0.992390990 371.916503906
0.990672588 0.018524315 -0.134998769 56.318019867 -0.019026527 0.999816000 -0.002430769 -6.864364624 0.134928897 0.004976653 0.990842760 372.609283447
0.989277780 0.023657726 -0.144117206 56.195232391 -0.024541358 0.999689341 -0.004356481 -6.869146347 0.143969372 0.007846601 0.989551008 373.318847656
0.988251567 0.032426402 -0.149356708 56.059696198 -0.033866856 0.999401033 -0.007110447 -6.877532959 0.149036691 0.012085152 0.988757789 374.028869629
0.987408996 0.038631465 -0.153398290 55.938842773 -0.040510923 0.999137223 -0.009144256 -6.894076347 0.152912691 0.015243426 0.988122106 374.760559082
0.987483919 0.035437148 -0.153687254 55.813888550 -0.037248984 0.999266148 -0.008924808 -6.897885323 0.153258204 0.014537797 0.988079250 375.506896973
0.987626016 0.039066974 -0.151883572 55.693881989 -0.040206786 0.999181509 -0.004439389 -6.900182724 0.151585817 0.010491206 0.988388419 376.276306152
0.988041282 0.045941979 -0.147186339 55.558948517 -0.045980014 0.998937428 0.003145728 -6.908949375 0.147174448 0.003659520 0.989103794 377.063385010
0.988757849 0.048968032 -0.141279921 55.437335968 -0.048387643 0.998800159 0.007542582 -6.909360886 0.141479760 -0.000621586 0.989940941 377.861907959
0.989938915 0.043476954 -0.134650394 55.343799591 -0.043421097 0.999051213 0.003352901 -6.922001839 0.134668410 0.002527501 0.990887523 378.664001465
0.991381466 0.039535567 -0.124898672 55.239974976 -0.040474273 0.999168158 -0.004986167 -6.921562195 0.124597646 0.009998376 0.992156982 379.482360840
0.992368460 0.043333583 -0.115442760 55.137042999 -0.044653129 0.998963177 -0.008867613 -6.930989265 0.114938803 0.013954819 0.993274570 380.328125000
0.993504226 0.043783758 -0.105035104 55.040813446 -0.044744205 0.998975277 -0.006804022 -6.928683758 0.104629569 0.011459536 0.994445264 381.189117432
0.994597852 0.044028725 -0.094002843 54.968128204 -0.044365849 0.999014199 -0.001498415 -6.944025517 0.093844205 0.005660836 0.995570779 382.065887451
0.995652139 0.045303266 -0.081390716 54.893726349 -0.045460742 0.998966098 -0.000081760 -6.950169086 0.081302866 0.003781487 0.996682286 382.958190918
0.996484041 0.046698924 -0.069561221 54.819957733 -0.047216583 0.998867750 -0.005815337 -6.961383820 0.069210894 0.009079333 0.997560740 383.860717773
0.997240424 0.044320147 -0.059558488 54.770267487 -0.045236874 0.998876333 -0.014132193 -6.977749348 0.058865223 0.016787434 0.998124778 384.769531250
0.997878432 0.040851284 -0.050693206 54.726192474 -0.041937396 0.998908877 -0.020549396 -6.993164062 0.049798425 0.022631740 0.998502851 385.692596436
0.998309314 0.037958007 -0.044019878 54.691463470 -0.038884751 0.999035656 -0.020390946 -7.013319016 0.043203428 0.022068173 0.998822510 386.620117188
0.998631358 0.035558317 -0.038354423 54.657699585 -0.036158107 0.999232590 -0.015059177 -7.034029961 0.037789512 0.016425390 0.999150693 387.576354980
0.998946011 0.032086823 -0.032821778 54.628570557 -0.032408599 0.999431252 -0.009319024 -7.052433968 0.032504093 0.010372910 0.999417782 388.546234131
0.999189675 0.029463354 -0.027421219 54.598808289 -0.029634280 0.999543726 -0.005847882 -7.067387581 0.027236408 0.006655751 0.999606848 389.527160645
0.999307036 0.028792340 -0.023587927 54.573074341 -0.028948503 0.999561012 -0.006305846 -7.091343403 0.023396011 0.006984312 0.999701858 390.536987305
0.999374807 0.026777128 -0.023087163 54.552066803 -0.026984202 0.999597967 -0.008704801 -7.098477364 0.022844791 0.009322348 0.999695539 391.546112061
0.999460697 0.022469943 -0.023945935 54.530883789 -0.022640396 0.999720037 -0.006870953 -7.112973213 0.023784842 0.007409393 0.999689639 392.563079834
0.999450564 0.021073546 -0.025582060 54.502742767 -0.021155410 0.999771893 -0.002933537 -7.126958370 0.025514405 0.003473124 0.999668419 393.610168457
0.999362290 0.022326551 -0.027866555 54.464797974 -0.022395153 0.999746859 -0.002152053 -7.139534950 0.027811455 0.002774756 0.999609351 394.656372070
0.999227226 0.024859687 -0.030444838 54.417282104 -0.024997421 0.999678910 -0.004151763 -7.144826889 0.030331850 0.004909597 0.999527812 395.703979492
0.999164581 0.022210948 -0.034304887 54.381618500 -0.022341864 0.999744475 -0.003437587 -7.146453857 0.034219768 0.004201150 0.999405503 396.771087646
0.999094725 0.018863123 -0.038130417 54.341491699 -0.018844312 0.999822080 0.000852696 -7.165807247 0.038139716 -0.000133383 0.999272406 397.862396240
0.999003649 0.015188242 -0.041964218 54.297122955 -0.015147264 0.999884427 0.001294312 -7.176490784 0.041979026 -0.000657379 0.999118268 398.931213379
0.998847961 0.011572271 -0.046571326 54.244518280 -0.011769745 0.999922872 -0.003968277 -7.195958138 0.046521809 0.004511838 0.998907089 400.000305176
0.998679280 0.008164707 -0.050725486 54.195674896 -0.008697417 0.999909222 -0.010289980 -7.212285995 0.050636869 0.010717570 0.998659611 401.057434082
0.998515129 0.007841940 -0.053908002 54.140480042 -0.008300545 0.999931216 -0.008288549 -7.234892368 0.053839296 0.008723708 0.998511493 402.112060547
0.998356402 0.010377789 -0.056363393 54.073535919 -0.010462486 0.999944508 -0.001207819 -7.252614498 0.056347732 0.001795534 0.998409569 403.182037354
0.998209894 0.013868467 -0.058178406 54.006187439 -0.013548150 0.999890804 0.005896635 -7.264796257 0.058253832 -0.005097870 0.998288810 404.246185303
0.998092353 0.015973590 -0.059636429 53.934974670 -0.015667627 0.999861598 0.005594575 -7.272815704 0.059717540 -0.004649541 0.998204470 405.314544678
0.997972012 0.016477428 -0.061484221 53.862014771 -0.016363198 0.999863327 0.002360979 -7.276223183 0.061514724 -0.001350112 0.998105288 406.376220703
0.997827649 0.017350921 -0.063552335 53.790370941 -0.017271385 0.999849200 0.001800737 -7.288092613 0.063574001 -0.000699189 0.997976899 407.434753418
0.997727990 0.017947037 -0.064936340 53.713989258 -0.017793501 0.999837339 0.002942014 -7.303246975 0.064978585 -0.001779885 0.997885048 408.492980957
0.997579753 0.019802624 -0.066651724 53.635837555 -0.019873621 0.999802411 -0.000402236 -7.318947792 0.066630587 0.001725873 0.997776210 409.541564941
0.997542560 0.020963147 -0.066853143 53.550128937 -0.021350812 0.999759078 -0.005089483 -7.333454132 0.066730343 0.006504344 0.997749865 410.591949463
0.997534871 0.021093767 -0.066926911 53.485492706 -0.021537295 0.999750555 -0.005912386 -7.348542213 0.066785499 0.007339236 0.997740388 411.627197266
0.997579157 0.021375442 -0.066173539 53.408969879 -0.021540262 0.999766409 -0.001778169 -7.366481304 0.066120073 0.003199260 0.997806549 412.670898438
0.997635961 0.020607980 -0.065557823 53.329551697 -0.020297186 0.999779403 0.005403349 -7.380681038 0.065654710 -0.004059935 0.997834146 413.715270996
0.997638583 0.020438889 -0.065570451 53.260616302 -0.019761126 0.999744534 0.010968455 -7.387140751 0.065777883 -0.009646809 0.997787654 414.775878906
0.997680426 0.019020038 -0.065360852 53.192527771 -0.018345723 0.999772251 0.010901591 -7.387416363 0.065553315 -0.009677212 0.997802138 415.813934326
0.997706115 0.018490275 -0.065120213 53.128376007 -0.018177003 0.999820173 0.005399939 -7.389432430 0.065208353 -0.004203862 0.997862816 416.838073730
0.997686505 0.022014827 -0.064319022 53.053623199 -0.022040451 0.999757051 0.000311218 -7.402931690 0.064310245 0.001107122 0.997929335 417.861877441
0.997567534 0.026868794 -0.064320244 52.980556488 -0.027149882 0.999625266 -0.003499945 -7.419284821 0.064202100 0.005237719 0.997923195 418.894836426
0.997636318 0.025054624 -0.063984856 52.911083221 -0.025523765 0.999652922 -0.006525072 -7.439586639 0.063799165 0.008142783 0.997929513 419.916320801
0.997746587 0.022681575 -0.063145258 52.843063354 -0.023305707 0.999686360 -0.009165030 -7.459596634 0.062917575 0.010616022 0.997962236 420.930297852
0.997898817 0.018171016 -0.062191568 52.781280518 -0.018616600 0.999804974 -0.006592703 -7.479202271 0.062059641 0.007736646 0.998042464 421.941284180
0.997942567 0.015920194 -0.062105969 52.728023529 -0.015894033 0.999873281 0.000915285 -7.498874187 0.062112670 0.000073712 0.998069167 422.960723877
0.998025894 0.012492506 -0.061549008 52.666137695 -0.012190384 0.999911726 0.005281730 -7.513822079 0.061609559 -0.004520997 0.998090088 423.958953857
0.998037040 0.013130720 -0.061234627 52.602165222 -0.012955947 0.999910772 0.003250346 -7.530119419 0.061271843 -0.002450613 0.998118103 424.935485840
0.998054743 0.013940834 -0.060765315 52.535037994 -0.014015136 0.999901474 -0.000796721 -7.545788288 0.060748219 0.001646805 0.998151779 425.898315430
0.997868896 0.019386163 -0.062304508 52.472122192 -0.019650929 0.999800265 -0.003639534 -7.561620712 0.062221508 0.004856119 0.998050570 426.847747803
0.997650027 0.020456944 -0.065390438 52.404174805 -0.020712357 0.999780238 -0.003230378 -7.578875065 0.065309986 0.004577177 0.997854531 427.781951904
0.997342825 0.019908104 -0.070078567 52.335605621 -0.020036601 0.999798596 -0.001131100 -7.600193501 0.070041932 0.002532230 0.997540832 428.708709717
0.996976018 0.021393010 -0.074707270 52.252933502 -0.021494109 0.999768853 -0.000549427 -7.615880966 0.074678242 0.002153532 0.997205377 429.609130859
0.996548593 0.019288631 -0.080739625 52.189945221 -0.019302798 0.999813497 0.000605123 -7.627532482 0.080736242 0.000955466 0.996735036 430.485015869
0.996006429 0.016925754 -0.087662667 52.113632202 -0.016676275 0.999854565 0.003577510 -7.635978222 0.087710470 -0.002101337 0.996143818 431.357330322
0.995367348 0.018686537 -0.094311528 52.021339417 -0.017984837 0.999803960 0.008284798 -7.651108265 0.094447851 -0.006550239 0.995508254 432.217803955
0.994683206 0.019906603 -0.101039864 51.924880981 -0.018919559 0.999763548 0.010717834 -7.654375076 0.101229332 -0.008749221 0.994824648 433.064025879
0.993902445 0.021417115 -0.108162746 51.829555511 -0.020464564 0.999741495 0.009909129 -7.657258034 0.108347006 -0.007635205 0.994083822 433.879913330
0.993135273 0.022446617 -0.114797331 51.728477478 -0.021674670 0.999733329 0.007968405 -7.673421860 0.114945583 -0.005425510 0.993357003 434.682800293
0.992384017 0.022809431 -0.121052615 51.627826691 -0.022435946 0.999738395 0.004447568 -7.682324409 0.121122397 -0.001697765 0.992636144 435.457244873
0.991510332 0.022756511 -0.128021106 51.510482788 -0.022747602 0.999740064 0.001531885 -7.689246655 0.128022686 0.001393294 0.991770267 436.236206055
0.990341544 0.024163134 -0.136527553 51.406887054 -0.024498241 0.999699593 -0.000774570 -7.703980446 0.136467814 0.004111773 0.990635991 437.008239746
0.988986790 0.025454000 -0.145798743 51.284103394 -0.025983330 0.999660909 -0.001727056 -7.712381840 0.145705342 0.005496372 0.989312768 437.752532959
0.987501681 0.024616865 -0.155674130 51.172508240 -0.024887796 0.999690235 0.000208754 -7.724618912 0.155631036 0.003668241 0.987808466 438.468109131
0.986072481 0.026735324 -0.164153084 51.033401489 -0.026662357 0.999641001 0.002648193 -7.736722469 0.164164960 0.001765397 0.986431301 439.178100586
0.984551549 0.030482346 -0.172421113 50.912204742 -0.030035840 0.999535322 0.005198595 -7.749505997 0.172499463 0.000060528 0.985009611 439.846588135
0.983126462 0.034826275 -0.179581344 50.774635315 -0.034027774 0.999392569 0.007525924 -7.758810997 0.179734364 -0.001288182 0.983714342 440.526855469
0.981877923 0.044076942 -0.184317634 50.634025574 -0.042921312 0.999025822 0.010256835 -7.764158249 0.184590161 -0.002159806 0.982813239 441.160491943
0.981566310 0.052967846 -0.183635578 50.499874115 -0.051546313 0.998592257 0.012509337 -7.763781548 0.184039652 -0.002813007 0.982914805 441.769073486
0.982348561 0.060768720 -0.176913738 50.371707916 -0.059101641 0.998143971 0.014682416 -7.766898632 0.177477613 -0.003967359 0.984116852 442.362945557
0.984033108 0.064852536 -0.165749982 50.271587372 -0.063148797 0.997883201 0.015533958 -7.770381927 0.166406542 -0.004819017 0.986045480 442.923736572
0.986441970 0.068034075 -0.149344116 50.192050934 -0.066770501 0.997677505 0.013464477 -7.781442642 0.149913311 -0.003310144 0.988693595 443.481903076
0.989333332 0.071213752 -0.127075508 50.135604858 -0.070590802 0.997461021 0.009404711 -7.786021233 0.127422616 -0.000334033 0.991848469 444.007781982
0.992347479 0.076143205 -0.097204141 50.087406158 -0.075808354 0.997096837 0.007138749 -7.790892601 0.097465508 0.000284765 0.995238841 444.535552979
0.995087743 0.078681991 -0.060079772 50.071857452 -0.078417487 0.996897757 0.006751364 -7.799258232 0.060424600 -0.002006895 0.998170733 445.056488037
0.996772408 0.078720510 -0.015743263 50.097743988 -0.078650989 0.996889710 0.004988005 -7.804242134 0.016086956 -0.003733682 0.999863625 445.554229736
0.996486187 0.075836457 0.035553958 50.157447815 -0.075968355 0.997107387 0.002371743 -7.829352856 -0.035271250 -0.005064385 0.999364972 446.045654297
0.992810845 0.076795705 0.091810070 50.229167938 -0.076886632 0.997036576 -0.002551399 -7.842300415 -0.091733932 -0.004525910 0.995773256 446.486968994
0.985089898 0.079124324 0.152765259 50.333209991 -0.078788050 0.996857166 -0.008263231 -7.850964546 -0.152938962 -0.003896050 0.988227963 446.950042725
0.973388195 0.073911130 0.216916084 50.471675873 -0.072874218 0.997259140 -0.012786723 -7.866089821 -0.217266634 -0.003361144 0.976106524 447.382873535
0.957090199 0.062487379 0.282972991 50.641456604 -0.060060486 0.998045623 -0.017252361 -7.879055500 -0.283498019 -0.000483427 0.958972692 447.793457031
0.934949875 0.054623779 0.350549519 50.834613800 -0.050419256 0.998504877 -0.021117225 -7.897884846 -0.351178885 0.002069106 0.936306119 448.159393311
0.907332718 0.049486060 0.417490661 51.060317993 -0.042808279 0.998761654 -0.025350092 -7.923380852 -0.418228149 0.005128910 0.908327520 448.510559082
0.874248981 0.048260864 0.483073086 51.308937073 -0.040039293 0.998824418 -0.027324688 -7.945774555 -0.483823925 0.004546679 0.875153601 448.866821289
0.837249041 0.042586647 0.545160890 51.584472656 -0.033880617 0.999087274 -0.026012991 -7.965501785 -0.545771122 0.003308967 0.837927759 449.207702637
0.797415912 0.035284940 0.602397621 51.884307861 -0.027127996 0.999375820 -0.022627287 -7.985881805 -0.602820039 0.001701519 0.797875404 449.514221191
0.753094077 0.027932787 0.657319665 52.206821442 -0.019970361 0.999608457 -0.019598214 -7.999802589 -0.657609701 0.001632391 0.753357053 449.807403564
0.706454217 0.019989735 0.707476437 52.535205841 -0.012533903 0.999797642 -0.015733475 -8.018150330 -0.707647800 0.002247540 0.706561804 450.043365479
0.657084882 0.015799554 0.753651023 52.886142731 -0.005882129 0.999857366 -0.015832584 -8.029006958 -0.753793657 0.005970282 0.657084107 450.282623291
0.604810059 0.013610957 0.796253443 53.247665405 0.000381855 0.999848843 -0.017381212 -8.048176765 -0.796369672 0.010816386 0.604713440 450.487609863
0.549946666 0.011246908 0.835124135 53.616355896 0.005494640 0.999838948 -0.017083518 -8.063736916 -0.835181832 0.013983730 0.549796283 450.671905518
0.494184554 0.009192156 0.869308412 53.979553223 0.004849165 0.999899387 -0.013329692 -8.071163177 -0.869343460 0.010802749 0.494090259 450.838928223
0.436571240 0.008502989 0.899629593 54.367919922 0.000338428 0.999953687 -0.009615452 -8.076008797 -0.899669707 0.004502290 0.436548173 450.994323730
0.379206002 0.011655745 0.925238848 54.766708374 -0.002771751 0.999930501 -0.011460684 -8.082398415 -0.925308108 0.001781428 0.379211962 451.115783691
0.323683619 0.012793453 0.946078837 55.184936523 0.005587868 0.999865294 -0.015432573 -8.089349747 -0.946148813 0.010281836 0.323568583 451.206176758
0.272077799 0.011246591 0.962209642 55.603073120 0.017432537 0.999710023 -0.016614195 -8.109346390 -0.962117434 0.021294108 0.271802843 451.263580322
0.225135565 0.013255452 0.974237263 56.053680420 0.019976657 0.999634445 -0.018217392 -8.125799179 -0.974122584 0.023563387 0.224788487 451.331573486
0.183466554 0.018484810 0.982852221 56.515533447 0.016145097 0.999631643 -0.021814154 -8.134593964 -0.982893407 0.019870412 0.183100522 451.393676758
0.145325184 0.024407607 0.989082813 57.002655029 0.010677167 0.999598742 -0.026235895 -8.142534256 -0.989326358 0.014373340 0.145006299 451.458496094
0.113208532 0.026795721 0.993209839 57.491180420 0.010774977 0.999544382 -0.028194778 -8.152571678 -0.993512809 0.013893703 0.112868190 451.484313965
0.086492956 0.025184792 0.995934069 58.022003174 0.016064636 0.999515176 -0.026670501 -8.164182663 -0.996122956 0.018306131 0.086046398 451.524658203
0.066804707 0.024704210 0.997460306 58.555847168 0.020652886 0.999445021 -0.026136596 -8.186004639 -0.997552395 0.022346484 0.066257417 451.539978027
0.052594900 0.026013382 0.998277128 59.096740723 0.025037017 0.999312043 -0.027359447 -8.200561523 -0.998302102 0.026432849 0.051907420 451.554870605
0.046227455 0.025999442 0.998592556 59.667572021 0.027473565 0.999249995 -0.027288383 -8.216955185 -0.998553097 0.028696369 0.045478523 451.573913574
0.045838237 0.024681728 0.998643935 60.251617432 0.027269933 0.999291241 -0.025949432 -8.229266167 -0.998576641 0.028422430 0.045132697 451.600433350
0.048230946 0.022562696 0.998581409 60.846038818 0.026186509 0.999372661 -0.023845371 -8.247388840 -0.998492956 0.027299447 0.047609866 451.633636475
0.050652981 0.020625105 0.998503447 61.459960938 0.024645844 0.999456465 -0.021895055 -8.268451691 -0.998412251 0.025718009 0.050117135 451.673095703
0.052937865 0.020338679 0.998390675 62.087493896 0.026291588 0.999417603 -0.021753663 -8.288988113 -0.998251677 0.027400868 0.052372277 451.715881348
0.055903077 0.021115985 0.998212874 62.737121582 0.026849948 0.999382973 -0.022644419 -8.306361198 -0.998075128 0.028067857 0.055301666 451.746948242
0.058300436 0.021139903 0.998075306 63.395690918 0.027430339 0.999364376 -0.022769494 -8.319322586 -0.997922242 0.028705014 0.057683527 451.788208008
0.061002374 0.020213982 0.997932971 64.074157715 0.027260603 0.999388218 -0.021909868 -8.334692001 -0.997765362 0.028540809 0.060413957 451.835876465
0.064097285 0.021184294 0.997718751 64.757019043 0.027464086 0.999358535 -0.022983508 -8.360645294 -0.997565627 0.028874617 0.063474417 451.876464844
0.066653550 0.025167981 0.997458756 65.459106445 0.026048882 0.999297202 -0.026955046 -8.383941650 -0.997436106 0.027779333 0.065951109 451.929992676
0.069182098 0.031612117 0.997103095 66.175689697 0.026177021 0.999096155 -0.033491548 -8.406730652 -0.997260630 0.028418206 0.068292081 451.981750488
0.071730494 0.035706848 0.996784747 66.912292480 0.024765918 0.998987138 -0.037567947 -8.425800323 -0.997116625 0.027381059 0.070773542 452.042236328
0.073715448 0.033560019 0.996714592 67.665832520 0.022121040 0.999132693 -0.035277486 -8.452133179 -0.997034073 0.024648862 0.072909176 452.102172852
0.075366497 0.028597875 0.996745765 68.433013916 0.018517854 0.999376118 -0.030073527 -8.485971451 -0.996983945 0.020724129 0.074789941 452.168151855
0.077134013 0.022436343 0.996768415 69.221099854 0.017980482 0.999552846 -0.023890428 -8.514070511 -0.996858776 0.019765142 0.076696098 452.234222412
0.078825414 0.021951955 0.996646821 70.013427734 0.017217014 0.999578416 -0.023378236 -8.539389610 -0.996739864 0.019002084 0.078414202 452.300720215
0.080322981 0.022150302 0.996522844 70.829498291 0.016553411 0.999585569 -0.023552641 -8.563269615 -0.996631503 0.018387672 0.079923034 452.371917725
0.082109272 0.020285966 0.996416867 71.653015137 0.016391261 0.999630094 -0.021702100 -8.586493492 -0.996488571 0.018114474 0.081746399 452.439788818
0.083205163 0.017063331 0.996386468 72.485046387 0.018497281 0.999654710 -0.018663954 -8.608902931 -0.996360838 0.019983377 0.082860827 452.514465332
0.083882749 0.014912439 0.996364117 73.335144043 0.020356450 0.999653697 -0.016675463 -8.635949135 -0.996267736 0.021681219 0.083550155 452.586730957
0.084523797 0.018663185 0.996246815 74.190979004 0.021038095 0.999568284 -0.020510333 -8.659584999 -0.996199489 0.022692744 0.084094703 452.657989502
0.084589839 0.028243368 0.996015608 75.049774170 0.017733326 0.999397218 -0.029845323 -8.684600830 -0.996258140 0.020187281 0.084037960 452.737182617
0.083895326 0.037881844 0.995754421 75.918029785 0.016471729 0.999087870 -0.039396461 -8.716674805 -0.996338606 0.019706979 0.083194792 452.811096191
0.082111955 0.041021030 0.995778620 76.810699463 0.014323398 0.999000788 -0.042334881 -8.751771927 -0.996520221 0.017739136 0.081442356 452.892822266
0.079358995 0.036601018 0.996173978 77.726104736 0.010904048 0.999234021 -0.037582111 -8.792823792 -0.996786535 0.013844807 0.078899086 452.975006104
0.076357782 0.028978290 0.996659458 78.648620605 0.007425310 0.999533355 -0.029630737 -8.833594322 -0.997052968 0.009663047 0.076106966 453.056152344
0.073303759 0.022932548 0.997046053 79.569213867 0.008381654 0.999686122 -0.023609500 -8.866738319 -0.997274518 0.010087561 0.073088586 453.123382568
0.070844769 0.021358363 0.997258663 80.501983643 0.011532879 0.999686360 -0.022229647 -8.904370308 -0.997420669 0.013076117 0.070576191 453.186065674
0.068919241 0.021478692 0.997390985 81.439361572 0.013540960 0.999655962 -0.022463141 -8.931444168 -0.997530341 0.015053773 0.068604648 453.250610352
0.067550719 0.023977691 0.997427702 82.376068115 0.018429352 0.999510646 -0.025275890 -8.962405205 -0.997545600 0.020089349 0.067075789 453.308624268
0.067455232 0.023757042 0.997439504 83.321044922 0.019225774 0.999499917 -0.025106329 -8.994811058 -0.997537136 0.020870103 0.066964746 453.369934082
0.067320883 0.023446660 0.997456014 84.278594971 0.015899025 0.999571681 -0.024569465 -9.026932716 -0.997604847 0.017512618 0.066919267 453.444305420
0.067624867 0.023786604 0.997427285 85.240447998 0.013155751 0.999607563 -0.024730554 -9.058999062 -0.997624159 0.014794308 0.067285419 453.520996094
0.068376660 0.023392031 0.997385323 86.207275391 0.012156633 0.999631345 -0.024278117 -9.090244293 -0.997585535 0.013784903 0.068067074 453.588287354
0.069203258 0.021719005 0.997366130 87.175537109 0.009915791 0.999698639 -0.022457816 -9.122238159 -0.997553289 0.011443828 0.068967044 453.660888672
0.069558859 0.022829546 0.997316658 88.141662598 0.007173412 0.999700785 -0.023384441 -9.157162666 -0.997552156 0.008780759 0.069374263 453.740051270
0.070059836 0.026307099 0.997195840 89.105682373 0.006530580 0.999618709 -0.026829833 -9.187510490 -0.997521400 0.008391959 0.069861293 453.814117432
0.070618033 0.029905647 0.997055113 90.074340820 0.006549084 0.999515057 -0.030443281 -9.226743698 -0.997482002 0.008679643 0.070387959 453.888671875
0.071251988 0.030035354 0.997006059 91.045715332 0.005933753 0.999516070 -0.030535033 -9.258363724 -0.997440755 0.008091671 0.071039259 453.964172363
0.072201371 0.029247450 0.996961176 92.008850098 0.007845524 0.999522388 -0.029890770 -9.300610542 -0.997359216 0.009979835 0.071937382 454.019775391
0.072395802 0.025852317 0.997040927 92.981628418 0.007754362 0.999619186 -0.026482221 -9.338366508 -0.997345865 0.009648619 0.072167754 454.099182129
0.071825147 0.021831917 0.997178316 93.952606201 0.010320799 0.999690652 -0.022630312 -9.372218132 -0.997363865 0.011917102 0.071577609 454.167541504
0.071786880 0.015816430 0.997294724 94.938323975 0.011546736 0.999794066 -0.016687224 -9.407085419 -0.997353315 0.012713422 0.071589470 454.230102539
0.070324600 0.014562824 0.997417986 95.912109375 0.010270747 0.999829829 -0.015322196 -9.436573029 -0.997471392 0.011321755 0.070163071 454.302978516
0.069068193 0.015178166 0.997496605 96.874908447 0.009395357 0.999830008 -0.015864225 -9.463853836 -0.997567832 0.010467551 0.068913817 454.377044678
0.067323923 0.019184479 0.997546852 97.842834473 0.010716210 0.999743521 -0.019949963 -9.489704132 -0.997673750 0.012033033 0.067101061 454.442932129
0.065473378 0.021953454 0.997612774 98.810272217 0.012352625 0.999663532 -0.022809286 -9.521201134 -0.997777820 0.013816535 0.065180182 454.511474609
0.063572705 0.022885287 0.997714877 99.778533936 0.013158435 0.999630928 -0.023767674 -9.550308228 -0.997890592 0.014639342 0.063248098 454.578125000
0.063131154 0.020858653 0.997787356 100.769500732 0.017102338 0.999612153 -0.021978889 -9.580080986 -0.997858822 0.018452052 0.062749982 454.635864258
0.062961519 0.018125597 0.997851372 101.727844238 0.019946590 0.999612510 -0.019416159 -9.620681763 -0.997816622 0.021126203 0.062575579 454.699768066
0.063466430 0.019193415 0.997799516 102.693023682 0.019803703 0.999593973 -0.020487579 -9.653943062 -0.997787595 0.021060400 0.063060522 454.764526367
0.064360917 0.024174878 0.997633874 103.639404297 0.017956452 0.999516606 -0.025378939 -9.687236786 -0.997765183 0.019547377 0.063895702 454.827606201
0.065116107 0.030822253 0.997401655 104.589996338 0.014248312 0.999392271 -0.031813983 -9.725725174 -0.997776031 0.016282896 0.064637363 454.898864746
0.066010594 0.038889430 0.997060835 105.532318115 0.009501383 0.999170423 -0.039600756 -9.765912056 -0.997773767 0.012087528 0.065586329 454.960998535
0.066150367 0.040660501 0.996980965 106.474090576 0.008060036 0.999114990 -0.041282330 -9.814160347 -0.997777224 0.010766550 0.065764129 455.035308838
0.066335440 0.034445252 0.997202754 107.421203613 0.010462950 0.999324977 -0.035214577 -9.855106354 -0.997742653 0.012769658 0.065930247 455.103698730
0.066808879 0.024126124 0.997474074 108.368927002 0.008393348 0.999658644 -0.024741134 -9.898330688 -0.997730494 0.010025076 0.066583574 455.161437988
0.066896021 0.015507746 0.997639418 109.304870605 0.011661544 0.999798775 -0.016323268 -9.937793732 -0.997691751 0.012725977 0.066701710 455.229064941
0.068666339 0.017387062 0.997488260 110.228607178 0.015035062 0.999716520 -0.018460909 -9.965705872 -0.997526526 0.016264942 0.068385482 455.291198730
0.068357587 0.019543381 0.997469485 111.144683838 0.018843902 0.999604464 -0.020876605 -9.998538017 -0.997482955 0.020223293 0.067962289 455.355712891
0.068551123 0.025414197 0.997323811 112.059753418 0.017849697 0.999484241 -0.026696147 -10.031413078 -0.997487903 0.019631978 0.068062127 455.429321289
0.069597363 0.030569306 0.997106731 112.968109131 0.015072579 0.999384046 -0.031691182 -10.063574791 -0.997461319 0.017234594 0.069093704 455.505584717
0.071377039 0.034698300 0.996845722 113.916107178 0.013759849 0.999265373 -0.035767768 -10.107916832 -0.997354507 0.016269444 0.070847154 455.555908203
0.072150111 0.037829790 0.996676207 114.829772949 0.011895495 0.999176741 -0.038785830 -10.153260231 -0.997322917 0.014654362 0.071640730 455.626953125
0.073168695 0.038376935 0.996580958 115.734741211 0.008104707 0.999203503 -0.039072976 -10.202058792 -0.997286677 0.010935917 0.072799385 455.706909180
0.076022208 0.036244299 0.996447325 116.643615723 0.005516275 0.999308586 -0.036769234 -10.241350174 -0.997090995 0.008291960 0.075769722 455.788757324
0.080899179 0.029339854 0.996290445 117.542419434 0.005869485 0.999535322 -0.029912021 -10.283157349 -0.996705055 0.008267571 0.080689371 455.848999023
0.086895227 0.023060031 0.995950580 118.445648193 0.007576475 0.999687850 -0.023807600 -10.320246696 -0.996188700 0.009614562 0.086693347 455.932769775
0.094510972 0.020151690 0.995320022 119.343383789 0.007538598 0.999751925 -0.020957258 -10.353358269 -0.995495498 0.009484011 0.094335616 456.023986816
0.103017271 0.016473781 0.994543195 120.238708496 0.011916372 0.999770641 -0.017794700 -10.385100365 -0.994608223 0.013684508 0.102797329 456.123443604
0.113592446 0.014991634 0.993414283 121.121307373 0.013905980 0.999764204 -0.016677545 -10.416101456 -0.993430078 0.015708841 0.113357186 456.210266113
0.123922467 0.017279034 0.992141485 122.004516602 0.009322063 0.999783993 -0.018576499 -10.447145462 -0.992248178 0.011550850 0.123734593 456.335754395
0.134477198 0.022189422 0.990668237 122.870559692 0.006845068 0.999704599 -0.023320999 -10.475946426 -0.990893066 0.009917334 0.134285629 456.465881348
0.144925773 0.026280260 0.989093482 123.746994019 0.005168495 0.999613464 -0.027317084 -10.506711960 -0.989429057 0.009071074 0.144733906 456.603240967
0.154678583 0.025323162 0.987640321 124.609420776 0.002245901 0.999659836 -0.025983086 -10.539896965 -0.987962365 0.006237171 0.154569089 456.748779297
0.164349616 0.020302422 0.986193180 125.472213745 -0.000664177 0.999790192 -0.020471655 -10.563261032 -0.986401916 0.002709502 0.164328635 456.910461426
0.173523605 0.016308827 0.984694719 126.342010498 -0.000915124 0.999865115 -0.016398821 -10.606587410 -0.984829307 0.001944466 0.173515081 457.072967529
0.182640612 0.018257363 0.983010352 127.201828003 -0.002607337 0.999833047 -0.018085375 -10.631126404 -0.983176410 0.000740087 0.182657719 457.238830566
0.190979600 0.026165906 0.981245279 128.054779053 -0.003467549 0.999656379 -0.025981972 -10.656492233 -0.981587946 0.001559512 0.191004694 457.405670166
0.197390497 0.028508469 0.979910374 128.892425537 -0.003714915 0.999591649 -0.028332734 -10.689564705 -0.980317950 0.001952329 0.197415829 457.585205078
0.204956114 0.026525982 0.978411615 129.743057251 -0.003139619 0.999645352 -0.026443973 -10.716050148 -0.978766084 0.002348015 0.204966724 457.769958496
0.212342441 0.018950809 0.977011561 130.591476440 -0.003446653 0.999820232 -0.018644132 -10.747493744 -0.977189243 0.000591521 0.212369621 457.958831787
0.220579743 0.010654515 0.975310862 131.436645508 -0.000953579 0.999942243 -0.010707930 -10.778291702 -0.975368559 0.001431917 0.220577180 458.148986816
0.229992568 0.012983676 0.973105788 132.292892456 -0.002276263 0.999915421 -0.012803392 -10.802525520 -0.973189771 0.000729640 0.230002642 458.355010986
0.239637196 0.021205129 0.970630944 133.122406006 -0.003841534 0.999774337 -0.020893389 -10.824024200 -0.970854938 0.001278123 0.239664614 458.566741943
0.249025047 0.025840404 0.968152404 133.950393677 -0.002053842 0.999655843 -0.026152965 -10.853282928 -0.968495011 0.004524315 0.248992383 458.790191650
0.259047151 0.021324895 0.965629220 134.783065796 0.000966278 0.999750018 -0.022337638 -10.872524261 -0.965864182 0.006719568 0.258961797 459.000061035
0.269645989 0.012693234 0.962875962 135.611419678 0.003968613 0.999889970 -0.014292559 -10.905370712 -0.962951481 0.007675214 0.269565940 459.238677979
0.281590998 0.007358594 0.959506392 136.427856445 0.008486664 0.999912381 -0.010159097 -10.930699348 -0.959497094 0.011003718 0.281503856 459.486877441
0.293717146 0.009770963 0.955842555 137.248291016 0.011985643 0.999831498 -0.013903659 -10.948951721 -0.955817342 0.015540130 0.293550551 459.722442627
0.304702997 0.015910115 0.952314556 138.040374756 0.016144186 0.999630570 -0.021866115 -10.975425720 -0.952310562 0.022037014 0.304333568 459.976745605
0.314256549 0.021879403 0.949086010 138.828567505 0.021080723 0.999327064 -0.030017762 -11.001108170 -0.949104071 0.029440697 0.313583851 460.239440918
0.323593855 0.024437008 0.945880473 139.653167725 0.020457054 0.999252081 -0.032814410 -11.037313461 -0.945974886 0.029968468 0.322851896 460.508483887
0.331480861 0.024690198 0.943138897 140.438385010 0.015522608 0.999379456 -0.031618174 -11.072423935 -0.943334281 0.025120797 0.330891907 460.797332764
0.338802755 0.018996783 0.940665603 141.233459473 0.015510981 0.999547482 -0.025772545 -11.110374451 -0.940729558 0.023322454 0.338354766 461.092193604
0.345931590 0.012101509 0.938181698 142.023895264 0.017484168 0.999660075 -0.019341370 -11.136852264 -0.938096821 0.023094116 0.345602393 461.382995605
0.352080107 0.005636680 0.935952961 142.804946899 0.016797911 0.999782741 -0.012340008 -11.168371201 -0.935819149 0.020066725 0.351908922 461.687225342
0.358982861 0.007177497 0.933316529 143.586120605 0.011796247 0.999855697 -0.012226410 -11.196392059 -0.933269620 0.015398704 0.358846366 461.996276855
0.365890384 0.013448304 0.930560708 144.348022461 0.011988034 0.999744534 -0.019161750 -11.221345901 -0.930580676 0.018166695 0.365635693 462.302795410
0.374001443 0.018225199 0.927248955 145.115646362 0.015645755 0.999540627 -0.025956739 -11.242816925 -0.927296102 0.024215369 0.373544455 462.610260010
0.380300105 0.020897752 0.924627006 145.867095947 0.011931836 0.999550641 -0.027498696 -11.270761490 -0.924786210 0.021490254 0.379879832 462.944458008
0.387139678 0.016929869 0.921865642 146.642242432 0.009808024 0.999699235 -0.022478171 -11.305690765 -0.921968937 0.017743872 0.386857152 463.271484375
0.394589663 0.012351235 0.918774366 147.409240723 0.011728192 0.999760509 -0.018476896 -11.335960388 -0.918782532 0.018066354 0.394350290 463.606018066
0.401857734 0.014228394 0.915591538 148.160049438 0.014705533 0.999650061 -0.021989007 -11.371182442 -0.915584028 0.022300715 0.401507914 463.934082031
0.408424854 0.020987688 0.912550688 148.902801514 0.013511850 0.999487102 -0.029034549 -11.403255463 -0.912692010 0.024188679 0.407931745 464.282135010
0.415803730 0.026941987 0.909055233 149.645080566 0.013672660 0.999262929 -0.035869408 -11.428146362 -0.909351587 0.027343838 0.415128887 464.612487793
0.423650324 0.026969165 0.905424237 150.384506226 0.012504726 0.999287307 -0.035615988 -11.461034775 -0.905739486 0.026410809 0.423011184 464.970703125
0.432141125 0.025047703 0.901458085 151.113922119 0.009705206 0.999427140 -0.032422330 -11.501859665 -0.901753783 0.022759859 0.431650519 465.336914062
0.440891325 0.025124563 0.897208869 151.839248657 0.007713845 0.999465168 -0.031778660 -11.540728569 -0.897527397 0.020931866 0.440461755 465.705688477
0.449040115 0.027063482 0.893101633 152.555877686 0.003542142 0.999479413 -0.032067969 -11.577230453 -0.893504560 0.017563300 0.448710501 466.093566895
0.457944512 0.027751159 0.888547599 153.268951416 0.002682754 0.999464929 -0.032597993 -11.615741730 -0.888976812 0.017311826 0.457625031 466.442199707
0.466516674 0.026580619 0.884112954 153.979446411 0.001901174 0.999515891 -0.031053364 -11.650337219 -0.884510338 0.016167764 0.466240287 466.820312500
0.474754632 0.026550358 0.879717708 154.678482056 -0.000439771 0.999551892 -0.029929694 -11.681063652 -0.880118132 0.013822385 0.474553585 467.205749512
0.482721984 0.027074600 0.875355065 155.372528076 -0.002282632 0.999557495 -0.029657384 -11.717998505 -0.875770688 0.012318158 0.482570171 467.604461670
0.491146028 0.030991009 0.870525718 156.053955078 -0.003453560 0.999428332 -0.033631500 -11.758962631 -0.871070325 0.013511563 0.490972281 467.995544434
0.499396682 0.035807449 0.865633190 156.721572876 -0.003179576 0.999214590 -0.039498780 -11.795566559 -0.866367638 0.016973214 0.499118268 468.391357422
0.507336736 0.039075475 0.860861480 157.389678955 -0.003805852 0.999063253 -0.043105680 -11.832513809 -0.861739457 0.018592784 0.507010221 468.795959473
0.514846623 0.036083583 0.856522679 158.052230835 -0.005110188 0.999225199 -0.039023679 -11.865957260 -0.857267141 0.015714221 0.514632106 469.203674316
0.523066401 0.027257085 0.851855993 158.726943970 -0.004531300 0.999563277 -0.029200958 -11.900886536 -0.852279902 0.011414025 0.522961497 469.620605469
0.530873418 0.016884202 0.847282887 159.379318237 -0.002214093 0.999825716 -0.018536732 -11.936444283 -0.847448230 0.007964696 0.530818343 470.036773682
0.538889050 0.012134087 0.842289388 160.024703979 -0.000218798 0.999898255 -0.014264628 -11.964043617 -0.842376769 0.007502762 0.538836896 470.451538086
0.546879768 0.012534769 0.837117314 160.660888672 0.000929846 0.999878228 -0.015579366 -11.989204407 -0.837210655 0.009298431 0.546801567 470.867706299
0.554383993 0.017457005 0.832077861 161.261322021 -0.000909459 0.999792099 -0.020369710 -12.013546944 -0.832260489 0.010535901 0.554284692 471.281738281
0.561724246 0.020728258 0.827064931 161.856353760 -0.002139698 0.999719143 -0.023602160 -12.035759926 -0.827321827 0.011488238 0.561610818 471.696502686
0.568901658 0.023274761 0.822076201 162.439453125 -0.003631137 0.999660790 -0.025789710 -12.061359406 -0.822397590 0.011686738 0.568793178 472.101867676
0.574984252 0.023745891 0.817819893 162.997619629 -0.006029299 0.999674559 -0.024787137 -12.089612961 -0.818142295 0.009321336 0.574940324 472.509643555
0.579745531 0.023079082 0.814470708 163.542755127 -0.007579898 0.999708295 -0.022932610 -12.120336533 -0.814762354 0.007121474 0.579751372 472.917297363
0.584143877 0.023857303 0.811299443 164.070678711 -0.009233090 0.999698579 -0.022749502 -12.144725800 -0.811597586 0.005798183 0.584188104 473.293457031
0.586488247 0.024036029 0.809601009 164.588226318 -0.010056918 0.999698639 -0.022394391 -12.166885376 -0.809895337 0.004991956 0.586553216 473.670440674
0.587481737 0.025561245 0.808833718 165.084503174 -0.011772029 0.999665201 -0.023041617 -12.196851730 -0.809151888 0.004014917 0.587585926 474.045684814
0.587027729 0.029268000 0.809037626 165.553268433 -0.013644774 0.999562025 -0.026259994 -12.224199295 -0.809451818 0.004376212 0.587170005 474.386962891
0.584647417 0.033751968 0.810585141 166.015960693 -0.016643325 0.999422908 -0.029610727 -12.251858711 -0.811116815 0.003821005 0.584871769 474.733093262
0.580818474 0.035940494 0.813239276 166.473129272 -0.017793534 0.999346733 -0.031457163 -12.274587631 -0.813838601 0.003800502 0.581078529 475.045715332
0.573984921 0.036523286 0.818050981 166.908035278 -0.019063065 0.999330044 -0.031241218 -12.294540405 -0.818643928 0.002337431 0.574296594 475.355957031
0.564700127 0.032932416 0.824638963 167.326538086 -0.019728532 0.999456644 -0.026404066 -12.316709518 -0.825060427 -0.001358532 0.565042973 475.639648438
0.553834319 0.026494171 0.832205296 167.736404419 -0.019495863 0.999632239 -0.018849855 -12.332443237 -0.832398653 -0.005784863 0.554147124 475.909545898
0.542234600 0.019825054 0.839993298 168.127838135 -0.016623322 0.999779046 -0.012865502 -12.351349831 -0.840062737 -0.006987356 0.542444348 476.147430420
0.529232144 0.014207048 0.848358214 168.490158081 -0.012444464 0.999882221 -0.008981307 -12.370352745 -0.848385870 -0.005804167 0.529346585 476.373626709
0.516787231 0.011090823 0.856042027 168.841110229 -0.007224555 0.999936998 -0.008593697 -12.388136864 -0.856083393 -0.001743409 0.516834736 476.541259766
0.501860499 0.011750139 0.864868820 169.186355591 -0.004154875 0.999928951 -0.011174107 -12.400615692 -0.864938676 0.002014422 0.501873612 476.729858398
0.485211194 0.015236916 0.874264240 169.534759521 0.001063009 0.999837160 -0.018015400 -12.416093826 -0.874396324 0.009670625 0.485115945 476.898468018
0.466269255 0.022534763 0.884355843 169.873718262 0.000564316 0.999667704 -0.025770623 -12.430714607 -0.884642720 0.012515106 0.466101587 477.065063477
0.444382310 0.028151108 0.895394862 170.225952148 -0.002040060 0.999535322 -0.030412797 -12.450263977 -0.895834923 0.011688249 0.444233239 477.219238281
0.418007433 0.031211652 0.907907367 170.579650879 -0.005819269 0.999481082 -0.031680506 -12.461137772 -0.908425093 0.007959332 0.417972147 477.372375488
0.387838423 0.030562013 0.921220601 170.934814453 -0.004456980 0.999500632 -0.031282589 -12.462912560 -0.921716630 0.008026729 0.387780964 477.504791260
0.355441213 0.028371664 0.934267938 171.297943115 -0.002773623 0.999566853 -0.029299425 -12.482597351 -0.934694529 0.007822915 0.355365932 477.611572266
0.319556236 0.026303748 0.947202146 171.635772705 0.002727799 0.999584973 -0.028678689 -12.486080170 -0.947563350 0.011748231 0.319351852 477.698272705
0.282567561 0.022517458 0.958983123 171.996551514 0.008933496 0.999619305 -0.026103904 -12.504158974 -0.959205866 0.015943190 0.282258868 477.773803711
0.244759917 0.020594748 0.969365001 172.354705811 0.013065781 0.999613523 -0.024536444 -12.524014473 -0.969495714 0.018671049 0.244396210 477.828094482
0.204921126 0.022417072 0.978521824 172.708374023 0.013064812 0.999585986 -0.025635660 -12.546882629 -0.978691339 0.018037494 0.204543412 477.870605469
0.162372828 0.026827991 0.986364841 173.068008423 0.007990900 0.999561787 -0.028502380 -12.564662933 -0.986697257 0.012509958 0.162087321 477.911376953
0.117753148 0.031664770 0.992537975 173.430313110 0.004503051 0.999464214 -0.032419976 -12.577921867 -0.993032694 0.008287002 0.117547452 477.926818848
0.070938468 0.034310844 0.996890485 173.807830811 0.006119045 0.999374449 -0.034831770 -12.588946342 -0.997462034 0.008570932 0.070684135 477.918823242
0.022569835 0.037888672 0.999027073 174.182220459 0.006717127 0.999253273 -0.038049005 -12.592965126 -0.999722719 0.007569352 0.022298455 477.885131836
-0.027770877 0.038890589 0.998857677 174.531097412 0.012790337 0.999174893 -0.038547341 -12.620808601 -0.999532640 0.011705232 -0.028245449 477.827880859
-0.079988122 0.037279766 0.996098578 174.924774170 0.014468344 0.999238551 -0.036235459 -12.634853363 -0.996690929 0.011513494 -0.080466628 477.766815186
-0.132744193 0.032263938 0.990625262 175.324798584 0.012551426 0.999444604 -0.030869290 -12.650657654 -0.991071045 0.008336043 -0.133075476 477.687316895
-0.185697198 0.026600255 0.982246995 175.730224609 0.008751368 0.999638617 -0.025416765 -12.664961815 -0.982568145 0.003876187 -0.185862899 477.587402344
-0.239660978 0.021188289 0.970625579 176.138458252 0.006342556 0.999774635 -0.020258537 -12.690986633 -0.970836103 0.001301070 -0.239741325 477.463745117
-0.293331742 0.017317289 0.955853999 176.558013916 0.005738905 0.999849796 -0.016353216 -12.711959839 -0.955993652 0.000688641 -0.293387055 477.294647217
-0.348470807 0.015847841 0.937185705 176.943511963 0.005676681 0.999874413 -0.014797168 -12.713979721 -0.937302530 0.000163723 -0.348517060 477.112335205
-0.403681874 0.014060690 0.914791524 177.361694336 0.004532813 0.999900341 -0.013368594 -12.726395607 -0.914888322 -0.001250079 -0.403705478 476.893096924
-0.458172798 0.012810459 0.888770759 177.782958984 0.001953708 0.999908209 -0.013405196 -12.737985611 -0.888860941 -0.004405499 -0.458155870 476.646606445
-0.510735154 0.012161285 0.859652221 178.233398438 0.000043570 0.999900341 -0.014119457 -12.739252090 -0.859738231 -0.007173847 -0.510684848 476.352630615
-0.558747888 0.011324351 0.829260349 178.660888672 0.000748463 0.999913275 -0.013150473 -12.743092537 -0.829337358 -0.006727126 -0.558707833 476.019256592
-0.602288604 0.011805058 0.798191249 179.114807129 0.002111979 0.999910712 -0.013194812 -12.746970177 -0.798275769 -0.006261320 -0.602259874 475.661346436
-0.638077974 0.012467529 0.769871056 179.550903320 0.005422424 0.999916852 -0.011698797 -12.753402710 -0.769952893 -0.003290176 -0.638092518 475.265197754
-0.667475820 0.012901301 0.744519889 180.001281738 0.007548313 0.999915779 -0.010559690 -12.759864807 -0.744593441 -0.001428467 -0.667516947 474.846282959
-0.690234184 0.012798412 0.723473191 180.462585449 0.008643892 0.999918044 -0.009442032 -12.765108109 -0.723534763 -0.000263588 -0.690288186 474.380157471
-0.708405375 0.012574567 0.705693901 180.931579590 0.009184727 0.999920845 -0.008597299 -12.772417068 -0.705746174 0.000391234 -0.708464742 473.893676758
-0.723013282 0.013292191 0.690706611 181.402343750 0.010346807 0.999911070 -0.008411868 -12.780755997 -0.690757036 0.001064717 -0.723086476 473.384582520
-0.734977245 0.014582084 0.677934945 181.881774902 0.011640098 0.999892771 -0.008887745 -12.783220291 -0.677991807 0.001358939 -0.735068083 472.853149414
-0.744978547 0.015121407 0.666917324 182.371948242 0.012397715 0.999884248 -0.008822124 -12.791919708 -0.666973531 0.001695959 -0.745079756 472.297515869
-0.753706932 0.015385743 0.657030642 182.880859375 0.011928217 0.999881506 -0.009730962 -12.794986725 -0.657102525 0.000502911 -0.753801107 471.705322266
-0.761211514 0.015852455 0.648309886 183.389343262 0.013128679 0.999872983 -0.009033859 -12.800109863 -0.648370743 0.001634775 -0.761322975 471.100982666
-0.767112732 0.015301095 0.641330421 183.915710449 0.014216240 0.999875486 -0.006850973 -12.810754776 -0.641355336 0.003861840 -0.767234683 470.477478027
-0.770903587 0.014387835 0.636789560 184.457702637 0.015503682 0.999872506 -0.003822548 -12.817038536 -0.636763394 0.006925767 -0.771028399 469.818908691
-0.773206949 0.015205801 0.633971453 184.991882324 0.018372178 0.999830008 -0.001573761 -12.830237389 -0.633887589 0.010430593 -0.773354769 469.171264648
-0.774904370 0.017138269 0.631846547 185.548400879 0.018727493 0.999816000 -0.004151493 -12.834207535 -0.631801426 0.008615891 -0.775082707 468.497924805
-0.776120186 0.019180981 0.630293250 186.110351562 0.017929306 0.999804378 -0.008348391 -12.844104767 -0.630330086 0.004821365 -0.776312232 467.809570312
-0.777390718 0.019700183 0.628709853 186.703002930 0.016214626 0.999804914 -0.011279040 -12.849948883 -0.628809452 0.001426077 -0.777558446 467.095642090
-0.778596640 0.019651134 0.627216995 187.303649902 0.018032417 0.999797463 -0.008939767 -12.857887268 -0.627265632 0.004349767 -0.778793216 466.348846436
-0.780172944 0.016511060 0.625346184 187.914001465 0.017966833 0.999830663 -0.003983442 -12.867433548 -0.625306010 0.008127716 -0.780337453 465.593872070
-0.781666875 0.015534199 0.623502970 188.526977539 0.018752184 0.999823153 -0.001400948 -12.873008728 -0.623414457 0.010596967 -0.781819940 464.830963135
-0.782778382 0.016550269 0.622080803 189.161193848 0.020161849 0.999795973 -0.001229162 -12.877208710 -0.621974230 0.011580137 -0.782952309 464.046569824
-0.782970071 0.017832689 0.621803939 189.766052246 0.021451540 0.999768496 -0.001660733 -12.886100769 -0.621689618 0.012038347 -0.783171296 463.278533936
-0.783215046 0.020083798 0.621426582 190.373840332 0.023767935 0.999714732 -0.002353725 -12.895054817 -0.621296585 0.012926552 -0.783469081 462.513397217
-0.782792449 0.023036769 0.621856809 191.000549316 0.026215656 0.999648154 -0.004031886 -12.904864311 -0.621730924 0.013146253 -0.783120990 461.723480225
-0.781941414 0.024392458 0.622874498 191.636596680 0.026866565 0.999624372 -0.005418770 -12.921388626 -0.622772694 0.012497337 -0.782302976 460.936187744
-0.780755043 0.025509154 0.624316514 192.278625488 0.027890628 0.999593198 -0.005963371 -12.935321808 -0.624214649 0.012756648 -0.781148911 460.145477295
-0.779076219 0.026894033 0.626352310 192.905578613 0.030234024 0.999528706 -0.005311316 -12.955140114 -0.626199961 0.014799230 -0.779522181 459.357452393
-0.777791262 0.026604529 0.627959728 193.544982910 0.031115487 0.999508560 -0.003806148 -12.971821785 -0.627752364 0.016578881 -0.778236866 458.570312500
-0.776908278 0.026052549 0.629074752 194.188415527 0.031483985 0.999501109 -0.002510652 -12.987316132 -0.628826320 0.017855233 -0.777340889 457.794647217
-0.775699019 0.026414657 0.630550385 194.832092285 0.032270055 0.999476850 -0.002171114 -13.006320953 -0.630277812 0.018663762 -0.776145577 457.006622314
-0.774642706 0.026617145 0.631839097 195.481811523 0.032538492 0.999468029 -0.002211459 -13.022706985 -0.631561875 0.018846000 -0.775096655 456.214477539
-0.773718834 0.026853029 0.632960260 196.123291016 0.033105407 0.999449968 -0.001933756 -13.034904480 -0.632664025 0.019458219 -0.774182320 455.441925049
-0.772443056 0.026780860 0.634519398 196.775390625 0.033357698 0.999442220 -0.001574432 -13.050101280 -0.634207666 0.019949948 -0.772905469 454.657226562
-0.771385193 0.029483339 0.635685205 197.415405273 0.034817021 0.999385297 -0.004102474 -13.068168640 -0.635415375 0.018968076 -0.771937490 453.879821777
-0.770238876 0.031409260 0.636981845 198.061279297 0.034939352 0.999364734 -0.007029501 -13.081647873 -0.636797965 0.016841339 -0.770846963 453.105407715
-0.769777179 0.031016449 0.637558997 198.715148926 0.033818241 0.999397635 -0.007787926 -13.103680611 -0.637416542 0.015566156 -0.770362377 452.330780029
-0.769124031 0.029321522 0.638426483 199.350585938 0.033493213 0.999423504 -0.005551431 -13.122743607 -0.638221204 0.017113212 -0.769662738 451.565002441
-0.768716574 0.026834931 0.639026582 199.993896484 0.032508787 0.999467373 -0.002864669 -13.136606216 -0.638763070 0.018571859 -0.769179463 450.793670654
-0.768589258 0.025767554 0.639223814 200.627685547 0.031796746 0.999492228 -0.002058496 -13.156206131 -0.638952315 0.018743098 -0.769018292 450.040496826
-0.768749952 0.025962349 0.639022589 201.277282715 0.031712111 0.999494016 -0.002457713 -13.173796654 -0.638763070 0.018375386 -0.769184351 449.269836426
-0.769202113 0.024386358 0.638540387 201.932861328 0.028794177 0.999579251 -0.003488523 -13.191172600 -0.638356805 0.015702864 -0.769580603 448.506103516
-0.769274235 0.024228094 0.638459504 202.574707031 0.027968170 0.999599874 -0.004233958 -13.205057144 -0.638306618 0.014599469 -0.769644022 447.746826172
-0.769717216 0.023930173 0.637936831 203.205261230 0.028059490 0.999599636 -0.003641004 -13.228107452 -0.637768507 0.015097637 -0.770080447 446.992370605
-0.770180821 0.024898568 0.637339473 203.841552734 0.029381184 0.999562025 -0.003544170 -13.245496750 -0.637148559 0.015996138 -0.770575047 446.216979980
-0.770721555 0.025335386 0.636668205 204.478149414 0.030126780 0.999540627 -0.003305314 -13.263348579 -0.636459470 0.016633285 -0.771130800 445.459136963
-0.771152854 0.025153650 0.636153042 205.111145020 0.030394917 0.999534369 -0.002676734 -13.281365395 -0.635924160 0.017271645 -0.771558404 444.696777344
-0.771558166 0.027741373 0.635553837 205.733886719 0.032476250 0.999463677 -0.004199772 -13.302599907 -0.635329485 0.017400036 -0.772045374 443.942047119
-0.771669626 0.028238265 0.635396719 206.362670898 0.031962633 0.999473393 -0.005600922 -13.313674927 -0.635220230 0.015986891 -0.772165775 443.185729980
-0.771521688 0.026151665 0.635665417 206.986206055 0.031324130 0.999504447 -0.003101417 -13.331707001 -0.635431528 0.017518854 -0.771958590 442.434570312
-0.770765781 0.022717156 0.636713564 207.613708496 0.030624647 0.999529958 0.001410291 -13.344468117 -0.636382222 0.020586133 -0.771099210 441.673797607
-0.770359755 0.019593313 0.637308359 208.238830566 0.029087272 0.999567091 0.004429310 -13.358777046 -0.636945665 0.021949722 -0.770596147 440.938232422
-0.769491673 0.019212482 0.638367832 208.870483398 0.028791366 0.999574780 0.004621796 -13.367269516 -0.638007522 0.021935914 -0.769717574 440.188232422
-0.767850041 0.020103831 0.640314102 209.491149902 0.029805519 0.999546230 0.004359516 -13.381004333 -0.639935911 0.022432350 -0.768100739 439.453918457
-0.765809536 0.019764524 0.642763734 210.127868652 0.027238172 0.999627531 0.001714606 -13.389726639 -0.642490447 0.018820770 -0.766062617 438.708251953
-0.764057875 0.021653246 0.644784093 210.764160156 0.027164273 0.999630034 -0.001380548 -13.398516655 -0.644575417 0.016460272 -0.764363408 437.966003418
-0.762454391 0.022002852 0.646667957 211.405395508 0.027789848 0.999612987 -0.001246155 -13.408632278 -0.646445155 0.017020667 -0.762770772 437.214477539
-0.761148691 0.022780405 0.648177624 212.054077148 0.029057635 0.999577224 -0.001008369 -13.411926270 -0.647926569 0.018066987 -0.761488795 436.451080322
-0.759896994 0.025480226 0.649544358 212.704162598 0.030118968 0.999538422 -0.003973802 -13.423228264 -0.649345756 0.016543923 -0.760313749 435.697540283
-0.758561015 0.029821968 0.650919676 213.351928711 0.033117741 0.999425590 -0.007194466 -13.433613777 -0.650760353 0.016099548 -0.759112835 434.933837891
-0.757945299 0.029863497 0.651634574 214.017150879 0.034130678 0.999398768 -0.006102138 -13.450378418 -0.651425004 0.017615642 -0.758508921 434.164093018
-0.758279085 0.027024737 0.651370049 214.703063965 0.031392146 0.999495029 -0.004923604 -13.469669342 -0.651174128 0.016714435 -0.758744478 433.388793945
-0.758629203 0.025728738 0.651014686 215.380981445 0.027923962 0.999585807 -0.006964745 -13.483707428 -0.650924206 0.012895250 -0.759033442 432.613677979
-0.759646058 0.023550861 0.649910092 216.075439453 0.023740876 0.999682188 -0.008476114 -13.496192932 -0.649903178 0.008990589 -0.759963751 431.828186035
-0.760612845 0.019686967 0.648907542 216.768432617 0.020404167 0.999771237 -0.006415083 -13.513967514 -0.648885429 0.008361025 -0.760840535 431.030334473
-0.760888457 0.016750336 0.648666441 217.453918457 0.018806901 0.999816060 -0.003757404 -13.532076836 -0.648610055 0.009340439 -0.761063576 430.221649170
-0.761219501 0.016849689 0.648275316 218.146850586 0.020934395 0.999779880 -0.001404201 -13.543365479 -0.648156285 0.012502348 -0.761404634 429.416809082
-0.761585832 0.017761050 0.647820771 218.845275879 0.023589952 0.999721646 0.000323647 -13.554528236 -0.647634685 0.015528545 -0.761792898 428.605377197
-0.761425138 0.020033861 0.647943318 219.517944336 0.027072193 0.999633074 0.000905846 -13.569303513 -0.647687435 0.018230980 -0.761688113 427.804809570
-0.761504531 0.021576835 0.647800565 220.211669922 0.028802997 0.999584973 0.000564568 -13.589166641 -0.647519469 0.019088516 -0.761809945 426.986145020
-0.761160135 0.022138543 0.648186147 220.902465820 0.028701439 0.999587953 -0.000436652 -13.604062080 -0.647928715 0.018271515 -0.761481881 426.180725098
-0.760369182 0.022722151 0.649093807 221.598510742 0.028885256 0.999582052 -0.001154224 -13.613786697 -0.648848712 0.017871602 -0.760707736 425.376953125
-0.759362817 0.022910949 0.650264204 222.286804199 0.028984472 0.999578893 -0.001371099 -13.634656906 -0.650021851 0.017806400 -0.759707093 424.582366943
-0.758325696 0.022695342 0.651480615 222.967712402 0.027933696 0.999607086 -0.002307948 -13.649865150 -0.651277065 0.016448086 -0.758661747 423.792175293
-0.757419586 0.022984976 0.652524173 223.658081055 0.027677087 0.999612153 -0.003084793 -13.666674614 -0.652342021 0.015723485 -0.757761955 423.003936768
-0.756047845 0.022752408 0.654121220 224.345336914 0.027073804 0.999627411 -0.003477714 -13.687174797 -0.653956592 0.015080231 -0.756382108 422.216827393
-0.755384326 0.024564832 0.654821634 225.032043457 0.028022852 0.999593914 -0.005172156 -13.709464073 -0.654682755 0.014443004 -0.755765915 421.436157227
-0.754198670 0.025673911 0.656144202 225.713317871 0.026929632 0.999604046 -0.008158959 -13.725081444 -0.656093895 0.011516244 -0.754591465 420.655700684
-0.753391623 0.025719907 0.657068789 226.394226074 0.025510658 0.999625742 -0.009878360 -13.743268967 -0.657076895 0.009319983 -0.753765821 419.888397217
-0.752785206 0.024145719 0.657823324 227.066589355 0.024194598 0.999666691 -0.009005970 -13.765924454 -0.657821536 0.009136209 -0.753118515 419.130462646
-0.752107024 0.022522027 0.658656061 227.733398438 0.023491623 0.999696970 -0.007358906 -13.790786743 -0.658622205 0.009938215 -0.752408147 418.367980957
-0.752079487 0.019765506 0.658776224 228.411621094 0.021439346 0.999754906 -0.005520196 -13.811725616 -0.658723891 0.009972105 -0.752318859 417.610046387
-0.752206564 0.016544655 0.658720076 229.087707520 0.018717844 0.999817848 -0.003737492 -13.834144592 -0.658661902 0.009518453 -0.752379179 416.858215332
-0.752595186 0.016499188 0.658276856 229.734558105 0.019907195 0.999799192 -0.002299665 -13.863796234 -0.658182621 0.011373729 -0.752772450 416.120849609
-0.753443360 0.016296124 0.657311201 230.383483887 0.021099010 0.999777198 -0.000601830 -13.876453400 -0.657174587 0.013415169 -0.753619432 415.387329102
-0.754325509 0.014247478 0.656345963 231.026672363 0.020344345 0.999791622 0.001678611 -13.892541885 -0.656185269 0.014619149 -0.754458070 414.661987305
-0.755399227 0.014000750 0.655115604 231.643615723 0.020906070 0.999777675 0.002739649 -13.905357361 -0.654931605 0.015765419 -0.755524039 413.951263428
-0.757425427 0.013913812 0.652773798 232.261596680 0.020943305 0.999776185 0.002990759 -13.926602364 -0.652586102 0.015936514 -0.757547259 413.249816895
-0.759930253 0.014170173 0.649850488 232.845703125 0.020958008 0.999776661 0.002707717 -13.941684723 -0.649666965 0.015677245 -0.760057449 412.573577881
-0.763324618 0.014299698 0.645857096 233.417663574 0.020826016 0.999780059 0.002478032 -13.957515717 -0.645679653 0.015342172 -0.763454437 411.905029297
-0.767275214 0.014557018 0.641152799 233.952941895 0.020366630 0.999791205 0.001673286 -13.976245880 -0.640994549 0.014341990 -0.767411470 411.263244629
-0.772113562 0.016032759 0.635282397 234.476745605 0.021387141 0.999770999 0.000762203 -13.986614227 -0.635124683 0.014175381 -0.772279620 410.625366211
-0.778495789 0.017009212 0.627419412 234.976562500 0.023313588 0.999726534 0.001824884 -14.002831459 -0.627216816 0.016048061 -0.778679371 410.008239746
-0.786294460 0.017420489 0.617606699 235.445983887 0.023956213 0.999710381 0.002301122 -14.019320488 -0.617387772 0.016604874 -0.786484003 409.409515381
-0.795493007 0.017815406 0.605700791 235.886291504 0.023739832 0.999716580 0.001774002 -14.032096863 -0.605497539 0.015790440 -0.795690536 408.823486328
-0.807100892 0.017671648 0.590149224 236.302124023 0.022412594 0.999748528 0.000715103 -14.044436455 -0.589988232 0.013803935 -0.807294011 408.252746582
-0.820870161 0.019591013 0.570779145 236.682434082 0.022908820 0.999736607 -0.001367763 -14.055879593 -0.570655584 0.011953119 -0.821102738 407.692230225
-0.837048650 0.020305797 0.546751916 237.035217285 0.022837393 0.999736845 -0.002166339 -14.072147369 -0.546652019 0.010673057 -0.837292075 407.138580322
-0.855426073 0.020668244 0.517512262 237.352172852 0.022879502 0.999736011 -0.002108288 -14.088056564 -0.517419219 0.010036938 -0.855673075 406.592010498
-0.875484824 0.020928947 0.482792467 237.635192871 0.022739990 0.999739230 -0.002102303 -14.101377487 -0.482710540 0.009138160 -0.875732422 406.046264648
-0.897065043 0.023547465 0.441270888 237.883514404 0.025110679 0.999682009 -0.002298063 -14.116238594 -0.441184700 0.009019099 -0.897371054 405.491271973
-0.919175029 0.025036711 0.393053055 238.094573975 0.026477654 0.999647856 -0.001756250 -14.123650551 -0.392958611 0.008792821 -0.919514298 404.919189453
-0.940132380 0.025195213 0.339877009 238.254852295 0.027962567 0.999603689 0.003246130 -14.134595871 -0.339660525 0.012555625 -0.940464258 404.387512207
-0.959538937 0.024042493 0.280547827 238.393280029 0.027824735 0.999567628 0.009505759 -14.142058372 -0.280197978 0.016927315 -0.959792972 403.809356689
-0.976385832 0.023989864 0.214698151 238.491485596 0.027971730 0.999488115 0.015526981 -14.148977280 -0.214215755 0.021165801 -0.976557016 403.230895996
-0.989259601 0.024665173 0.144073680 238.537231445 0.027731583 0.999428809 0.019314067 -14.147932053 -0.143514991 0.023102017 -0.989378572 402.651306152
-0.997156262 0.026851315 0.070417896 238.546661377 0.028471451 0.999350131 0.022105385 -14.156779289 -0.069778576 0.024047419 -0.997272730 402.100280762
-0.999572515 0.028985128 -0.003817799 238.505249023 0.028887335 0.999304712 0.023570318 -14.148338318 0.004498333 0.023449957 -0.999714851 401.542114258
-0.996474862 0.030869903 -0.078006692 238.426132202 0.028953111 0.999253273 0.025585083 -14.139159203 0.078738257 0.023236355 -0.996624589 400.996551514
-0.987906337 0.032694440 -0.151566520 238.309219360 0.028746542 0.999189794 0.028166287 -14.132030487 0.152364597 0.023468636 -0.988045812 400.463043213
-0.974035144 0.036641374 -0.223412365 238.147186279 0.030548906 0.999062717 0.030666724 -14.123079300 0.224326640 0.023045462 -0.974241614 399.960388184
-0.954946637 0.039167725 -0.294182539 237.950637817 0.030612474 0.998965323 0.033631947 -14.107419968 0.295195431 0.023111051 -0.955157638 399.445861816
-0.931351185 0.041582830 -0.361740708 237.706893921 0.030208973 0.998856962 0.037043508 -14.093851089 0.362867594 0.023572693 -0.931542754 398.937744141
-0.904038787 0.046304267 -0.424935371 237.431976318 0.031487536 0.998628497 0.041829452 -14.078589439 0.426289439 0.024435274 -0.904256821 398.432525635
-0.875231266 0.047826614 -0.481334746 237.128448486 0.028802605 0.998487115 0.046839178 -14.066016197 0.482846707 0.027131410 -0.875284672 397.996520996
-0.844604969 0.050481752 -0.533004820 236.787780762 0.027056508 0.998297274 0.051676340 -14.043395996 0.534705997 0.029224843 -0.844532728 397.533630371
-0.812811971 0.051518232 -0.580243945 236.429458618 0.024167277 0.998206258 0.054774169 -14.021455765 0.582024992 0.030498173 -0.812598944 397.080230713
-0.780483484 0.052111518 -0.623000741 236.046112061 0.020919675 0.998138785 0.057282541 -13.996795654 0.624826312 0.031675104 -0.780120969 396.630737305
-0.748057485 0.051203225 -0.661655784 235.682891846 0.015858049 0.998113573 0.059311658 -13.975675583 0.663444579 0.033875957 -0.747458220 396.199615479
-0.718618155 0.052449759 -0.693424284 235.252929688 0.013633986 0.998022556 0.061359864 -13.942523003 0.695271373 0.034640167 -0.717912197 395.786651611
-0.691820502 0.052565519 -0.720153987 234.800903320 0.008863955 0.997889757 0.064322822 -13.915824890 0.722015440 0.038116422 -0.690826535 395.369354248
-0.665700316 0.051982608 -0.744406641 234.330184937 0.003386213 0.997770846 0.066647090 -13.880842209 0.746211767 0.041846257 -0.664392471 394.971221924
-0.637791872 0.050562352 -0.768547535 233.829986572 -0.003021680 0.997670949 0.068143860 -13.846074104 0.770203054 0.045783892 -0.636153698 394.572845459
-0.606976271 0.047219962 -0.793315947 233.330444336 -0.011162854 0.997628212 0.067921937 -13.810906410 0.794641614 0.050082669 -0.605009556 394.156768799
-0.577577949 0.045205686 -0.815083265 232.791870117 -0.016394939 0.997621834 0.066947199 -13.770414352 0.816171229 0.052030448 -0.575463176 393.789886475
-0.547483802 0.043973103 -0.835660338 232.234283447 -0.020298358 0.997626722 0.065794393 -13.734746933 0.836570263 0.052983880 -0.545291901 393.435577393
-0.519126296 0.042957656 -0.853617489 231.655883789 -0.023233721 0.997657776 0.064335935 -13.699211121 0.854381859 0.053231172 -0.516912341 393.103881836
-0.492159367 0.043481156 -0.869418502 231.033752441 -0.022963041 0.997755706 0.062898420 -13.665973663 0.870202184 0.050920539 -0.490056396 392.789093018
-0.463792682 0.042526454 -0.884922564 230.406188965 -0.023384510 0.997911632 0.060212281 -13.616758347 0.885635138 0.048619490 -0.461829662 392.453613281
-0.437309980 0.043627087 -0.898252070 229.745758057 -0.022259098 0.997991502 0.059308063 -13.577516556 0.899035394 0.045930285 -0.435460567 392.156311035
-0.411433101 0.043775287 -0.910388291 229.067077637 -0.021969641 0.998079419 0.057920612 -13.538131714 0.911175311 0.043831348 -0.409681082 391.868011475
-0.386152744 0.044136301 -0.921378136 228.364013672 -0.019132668 0.998256564 0.055837534 -13.501528740 0.922236204 0.039190255 -0.384635091 391.592834473
-0.361762643 0.044895969 -0.931188524 227.643646240 -0.014110176 0.998461664 0.053621188 -13.457800865 0.932163417 0.032537378 -0.360572577 391.320373535
-0.338519216 0.047638189 -0.939752638 226.894317627 -0.006514416 0.998575032 0.052966662 -13.416650772 0.940936744 0.024052182 -0.337726474 391.074554443
-0.317396879 0.052310042 -0.946849108 226.121215820 -0.001771784 0.998442948 0.055754352 -13.377485275 0.948291302 0.019373862 -0.316810012 390.835479736
-0.297693610 0.057258543 -0.952942789 225.313110352 0.003021253 0.998251200 0.059037123 -13.334508896 0.954656720 0.014695894 -0.297345996 390.605804443
-0.279869556 0.059434183 -0.958196402 224.490081787 0.003593871 0.998139739 0.060862049 -13.287767410 0.960031152 0.013589808 -0.279562593 390.375091553
-0.262927055 0.057180587 -0.963119805 223.660949707 0.000731874 0.998253763 0.059066698 -13.249801636 0.964815438 0.014825351 -0.262509823 390.135375977
-0.246700883 0.053359546 -0.967621684 222.814544678 -0.000934054 0.998469412 0.055298794 -13.202611923 0.969091415 0.014546062 -0.246273398 389.924987793
-0.229267597 0.050961915 -0.972028553 221.944305420 -0.004362191 0.998564661 0.053382054 -13.156461716 0.973353744 0.016478943 -0.228716254 389.714111328
-0.211891532 0.051615804 -0.975929320 221.047943115 -0.007294673 0.998492956 0.054392975 -13.105936050 0.977266073 0.018644486 -0.211195588 389.516357422
-0.195556998 0.054475185 -0.979178190 220.132965088 -0.004649525 0.998393297 0.056472775 -13.065969467 0.980681300 0.015596363 -0.194989562 389.342193604
-0.182045102 0.054796133 -0.981762350 219.198577881 -0.001157445 0.998433411 0.055941243 -13.019599915 0.983289659 0.011320156 -0.181696534 389.180419922
-0.170711517 0.051511932 -0.983973622 218.252136230 0.003380778 0.998657227 0.051694099 -12.973465919 0.985315263 0.005498183 -0.170656443 389.024688721
-0.160673499 0.045534533 -0.985956788 217.272399902 0.006111321 0.998961985 0.045139246 -12.929721832 0.986988783 0.001227179 -0.160784960 388.871551514
-0.151844263 0.040789839 -0.987562478 216.295471191 0.008714416 0.999164522 0.039929148 -12.888397217 0.988366067 -0.002543020 -0.152072906 388.727447510
-0.144382358 0.039648008 -0.988727450 215.273315430 0.009679232 0.999205768 0.038654748 -12.852617264 0.989474714 -0.003989062 -0.144651413 388.579223633
-0.139973521 0.041500341 -0.989285290 214.260528564 0.007099802 0.999137640 0.040909100 -12.816915512 0.990129888 -0.001297541 -0.140147567 388.419982910
-0.136835217 0.044264771 -0.989604533 213.219848633 0.008054103 0.999017835 0.043572173 -12.781415939 0.990561247 -0.002008173 -0.137057304 388.290130615
-0.132719636 0.045109022 -0.990126789 212.180755615 0.010031654 0.998973787 0.044167418 -12.748092651 0.991103053 -0.004070732 -0.133035898 388.150024414
-0.129210949 0.045100573 -0.990590930 211.133026123 0.008217331 0.998979568 0.044410642 -12.705538750 0.991583049 -0.002401673 -0.129449606 388.009368896
-0.126128197 0.044496749 -0.991015494 210.069763184 0.006572255 0.999009073 0.044019196 -12.661941528 0.991992176 -0.000961144 -0.126295686 387.855285645
-0.123977900 0.045030151 -0.991262734 208.970886230 0.007706425 0.998983324 0.044417031 -12.620298386 0.992255032 -0.002132358 -0.124198914 387.740051270
-0.120939016 0.043800708 -0.991693139 207.890350342 0.008096585 0.999036312 0.043137643 -12.580658913 0.992626905 -0.002812303 -0.121177197 387.612518311
-0.117730975 0.042786177 -0.992123425 206.812561035 0.004124399 0.999083817 0.042596929 -12.547485352 0.993037045 0.000923064 -0.117799520 387.470642090
-0.115186334 0.043359194 -0.992397130 205.723205566 0.002694894 0.999056876 0.043337371 -12.512234688 0.993340254 0.002317469 -0.115194559 387.339691162
-0.112976909 0.044192992 -0.992614388 204.634674072 0.000571607 0.999013126 0.044412818 -12.474782944 0.993597507 0.004450234 -0.112890720 387.205657959
-0.109935284 0.043739729 -0.992975950 203.550292969 -0.000026923 0.999031126 0.044009440 -12.439136505 0.993938804 0.004864922 -0.109827638 387.079315186
-0.106884360 0.043813568 -0.993305624 202.438781738 -0.002702838 0.999012113 0.044356111 -12.398804665 0.994267762 0.007425719 -0.106660366 386.960266113
-0.103453994 0.044820849 -0.993623912 201.333587646 -0.004985808 0.998948216 0.045580134 -12.361922264 0.994621813 0.009669461 -0.103121758 386.834533691
-0.100814819 0.044216838 -0.993922293 200.222564697 -0.006759329 0.998958409 0.045126490 -12.321100235 0.994882405 0.011267658 -0.100410938 386.714691162
-0.098939657 0.044386823 -0.994103014 199.099670410 -0.006942292 0.998949587 0.045294166 -12.284748077 0.995069265 0.011382743 -0.098527551 386.605895996
-0.096724153 0.045294549 -0.994280100 197.981536865 -0.007981439 0.998896539 0.046281293 -12.243156433 0.995279253 0.012412305 -0.096255898 386.492553711
-0.093847394 0.048177216 -0.994420290 196.857574463 -0.009877296 0.998734295 0.049318381 -12.200609207 0.995537639 0.014450580 -0.093252778 386.368835449
-0.090844512 0.048104830 -0.994702578 195.735321045 -0.011615067 0.998713553 0.049359586 -12.158235550 0.995797396 0.016037580 -0.090168834 386.250915527
-0.088591456 0.046541344 -0.994980216 194.597290039 -0.014060749 0.998749852 0.047969621 -12.118859291 0.995968878 0.018239859 -0.087826252 386.161285400
-0.086135626 0.045833848 -0.995228589 193.475921631 -0.015177223 0.998764932 0.047310278 -12.077370644 0.996167839 0.019179905 -0.085333586 386.061859131
-0.083347201 0.046477802 -0.995436311 192.357116699 -0.017066393 0.998698711 0.048059087 -12.034168243 0.996374607 0.020994086 -0.082445502 385.959655762
-0.080529690 0.046490312 -0.995667458 191.237579346 -0.017305445 0.998695910 0.048031386 -11.995566368 0.996601999 0.021098418 -0.079620123 385.862060547
-0.078666091 0.046903811 -0.995797157 190.103393555 -0.016031653 0.998703837 0.048307195 -11.963307381 0.996772230 0.019764401 -0.077812195 385.779541016
-0.076208830 0.048520964 -0.995910823 188.987762451 -0.016632730 0.998614430 0.049925458 -11.919856071 0.996953309 0.020369465 -0.075296283 385.681762695
-0.075168967 0.050342869 -0.995899260 187.861328125 -0.018315990 0.998486578 0.051856123 -11.877521515 0.997002661 0.022138849 -0.074133158 385.600891113
-0.073471069 0.050798416 -0.996002913 186.751739502 -0.019045833 0.998448312 0.052328072 -11.830895424 0.997115612 0.022814294 -0.072389603 385.512664795
-0.071679592 0.052097753 -0.996066213 185.629699707 -0.020056147 0.998357773 0.053660907 -11.796123505 0.997226059 0.023823643 -0.070517063 385.424438477
-0.070308685 0.053697340 -0.996079028 184.527587891 -0.019198181 0.998292267 0.055171773 -11.751495361 0.997340560 0.023001956 -0.069157720 385.348480225
-0.068432689 0.055803027 -0.996093869 183.416320801 -0.018026534 0.998202324 0.057159588 -11.700435638 0.997492909 0.021867707 -0.067303777 385.264648438
-0.067055106 0.057188831 -0.996109068 182.312530518 -0.017771399 0.998129129 0.058501128 -11.652826309 0.997591138 0.021625038 -0.065913320 385.184265137
-0.065819383 0.057748333 -0.996159256 181.222015381 -0.017174201 0.998110473 0.058996204 -11.600055695 0.997683883 0.020991320 -0.064703226 385.115051270
-0.064285755 0.056536432 -0.996328831 180.124938965 -0.017319512 0.998180330 0.057758998 -11.550930023 0.997781336 0.020969005 -0.063189626 385.041748047
-0.062758565 0.054731417 -0.996526897 179.037231445 -0.018309411 0.998264015 0.055979900 -11.506960869 0.997860789 0.021759039 -0.061647534 384.968566895
-0.062374592 0.053261306 -0.996630728 177.945465088 -0.018249523 0.998347223 0.054495197 -11.460419655 0.997886002 0.021587145 -0.061299562 384.895263672
-0.061867118 0.053497154 -0.996649683 176.869201660 -0.017062860 0.998359859 0.054648131 -11.412179947 0.997938573 0.020386616 -0.060852885 384.822875977
-0.061950922 0.055628579 -0.996527731 175.777709961 -0.015853653 0.998264730 0.056711111 -11.369604111 0.997953296 0.019311909 -0.060961485 384.758392334
-0.062158465 0.057141218 -0.996429265 174.701629639 -0.013902319 0.998213351 0.058110774 -11.322107315 0.997969449 0.017464750 -0.061252952 384.694946289
-0.061894774 0.057926722 -0.996400356 173.632781982 -0.013484532 0.998174727 0.058867518 -11.277633667 0.997991681 0.017079581 -0.061000705 384.619689941
-0.061843991 0.057664055 -0.996418774 172.575897217 -0.014161947 0.998178422 0.058644876 -11.230429649 0.997985423 0.017738059 -0.060914636 384.543151855
-0.062229872 0.057137668 -0.996424973 171.496612549 -0.014941029 0.998194754 0.058172267 -11.178277969 0.997949958 0.018507665 -0.061263800 384.475097656
-0.061834693 0.056958303 -0.996459901 170.437255859 -0.016204549 0.998181462 0.058062274 -11.128384590 0.997954905 0.019737443 -0.060799241 384.399475098
-0.061829925 0.056558631 -0.996483088 169.386535645 -0.017115250 0.998186231 0.057717275 -11.079293251 0.997940123 0.020623703 -0.060749769 384.325775146
-0.061151028 0.056328043 -0.996537924 168.340820312 -0.017646553 0.998189270 0.057504240 -11.033833504 0.997972608 0.021101903 -0.060046315 384.245117188
-0.061436057 0.056790419 -0.996494114 167.287536621 -0.015103566 0.998212814 0.057819538 -10.994600296 0.997996747 0.018602818 -0.060468554 384.203002930
-0.060939550 0.056550972 -0.996538281 166.249114990 -0.014665117 0.998235226 0.057544064 -10.948069572 0.998033822 0.018121053 -0.060002685 384.132751465
-0.060533047 0.056550216 -0.996563196 165.210723877 -0.014754152 0.998234093 0.057541233 -10.909399986 0.998057306 0.018186575 -0.059591770 384.075927734
-0.059263945 0.055950347 -0.996673286 164.181579590 -0.014987715 0.998265624 0.056930937 -10.862006187 0.998129964 0.018311793 -0.058322549 384.009399414
-0.057564735 0.054784954 -0.996837437 163.146453857 -0.015087701 0.998331428 0.055738334 -10.820143700 0.998227775 0.018248547 -0.056642175 383.946350098
-0.055439711 0.051488642 -0.997133672 162.127532959 -0.015558773 0.998503685 0.052424438 -10.779491425 0.998340905 0.018420562 -0.054555655 383.883239746
-0.052946687 0.048383124 -0.997424543 161.117614746 -0.015200288 0.998670816 0.049250461 -10.739089966 0.998481631 0.017768791 -0.052140832 383.826416016
-0.050094485 0.047437467 -0.997617364 160.120025635 -0.013096039 0.998754323 0.048149142 -10.703927994 0.998658657 0.015476842 -0.049410820 383.773803711
-0.047768474 0.048198849 -0.997694910 159.127349854 -0.013475370 0.998713076 0.048893224 -10.668008804 0.998767555 0.015779858 -0.047057509 383.732086182
-0.044666529 0.049930651 -0.997753441 158.145141602 -0.010928636 0.998665988 0.050465561 -10.638116837 0.998942196 0.013158201 -0.044061303 383.681518555
-0.041840672 0.052353803 -0.997751772 157.171447754 -0.009447719 0.998560786 0.052792445 -10.604293823 0.999079704 0.011635341 -0.041285753 383.639648438
-0.038568974 0.052569684 -0.997872293 156.217681885 -0.009394274 0.998551965 0.052968599 -10.570874214 0.999211907 0.011417225 -0.038019300 383.602142334
-0.034919024 0.052561555 -0.998007059 155.275756836 -0.008790296 0.998561203 0.052898303 -10.540735245 0.999351561 0.010619930 -0.034406781 383.563964844
-0.031034112 0.051757973 -0.998177409 154.389251709 -0.009538736 0.998597562 0.052076329 -10.500697136 0.999472857 0.011137489 -0.030496836 383.533020020
-0.027153254 0.051181182 -0.998320282 153.493927002 -0.008152367 0.998643875 0.051419511 -10.469354630 0.999598145 0.009534871 -0.026699185 383.508239746
-0.024770379 0.052481446 -0.998314619 152.611236572 -0.007604667 0.998582244 0.052684207 -10.440946579 0.999664247 0.008896856 -0.024336100 383.493103027
-0.023789406 0.051167417 -0.998406768 151.751403809 -0.004020470 0.998676360 0.051277034 -10.421199799 0.999709010 0.005233910 -0.023552179 383.474700928
-0.024502277 0.049948458 -0.998451173 150.931793213 -0.000764764 0.998749793 0.049982164 -10.392234802 0.999699473 0.001988259 -0.024433494 383.456604004
-0.027094483 0.049020335 -0.998430371 150.113189697 0.002082214 0.998797476 0.048981864 -10.362516403 0.999630868 -0.000751811 -0.027163982 383.435516357
-0.030334115 0.050528258 -0.998261929 149.318634033 0.004098389 0.998719335 0.050426878 -10.334918022 0.999531507 -0.002561617 -0.030502319 383.400085449
-0.035897970 0.053953942 -0.997897983 148.544311523 0.007264154 0.998529255 0.053726755 -10.314423561 0.999329090 -0.005320199 -0.036237121 383.361053467
-0.044262648 0.055503182 -0.997476935 147.778106689 0.010755397 0.998424113 0.055078622 -10.288006783 0.998961985 -0.008290338 -0.044789791 383.335144043
-0.055427790 0.055408482 -0.996924222 147.032348633 0.013033358 0.998414099 0.054766655 -10.263147354 0.998377740 -0.009957678 -0.056062102 383.297790527
-0.067390203 0.054379523 -0.996243775 146.303649902 0.014973403 0.998456240 0.053487431 -10.237546921 0.997614443 -0.011312633 -0.068100452 383.234252930
-0.080812573 0.055054571 -0.995207727 145.610260010 0.016435293 0.998411238 0.053897217 -10.211724281 0.996593893 -0.012000962 -0.081588984 383.162567139
-0.096143961 0.056610674 -0.993756294 144.947692871 0.017790481 0.998319626 0.055149436 -10.185755730 0.995208442 -0.012377118 -0.096989632 383.090820312
-0.114089131 0.059430640 -0.991691411 144.302490234 0.019759001 0.998147368 0.057544369 -10.166114807 0.993274093 -0.013029652 -0.115051985 382.999847412
-0.137435794 0.062421683 -0.988541782 143.690155029 0.023457287 0.997937500 0.059753735 -10.141576767 0.990232885 -0.014976203 -0.138616562 382.911315918
-0.167594075 0.064792231 -0.983724654 143.105438232 0.028697034 0.997735798 0.060826041 -10.118144989 0.985438347 -0.018035900 -0.169073939 382.796356201
-0.205070496 0.066506125 -0.976485074 142.550506592 0.033593517 0.997579157 0.060887858 -10.091407776 0.978170574 -0.020317264 -0.206808209 382.664245605
-0.248305798 0.067597143 -0.966320336 142.037933350 0.035998981 0.997517049 0.060529161 -10.079882622 0.968012631 -0.019756814 -0.250122666 382.514343262
-0.297572017 0.068226919 -0.952258587 141.543487549 0.038342245 0.997492492 0.059486236 -10.057832718 0.953929365 -0.018810304 -0.299441814 382.323089600
-0.352074265 0.068643682 -0.933451772 141.062286377 0.039587926 0.997506678 0.058422584 -10.037495613 0.935134709 -0.016384343 -0.353913903 382.106414795
-0.408795953 0.068706423 -0.910036147 140.640594482 0.041958991 0.997522593 0.056463208 -10.016285896 0.911661029 -0.015102272 -0.410666108 381.866394043
-0.468393803 0.070322312 -0.880716980 140.269744873 0.045914251 0.997417867 0.055221818 -10.004184723 0.882326186 -0.014571906 -0.470413208 381.640625000
-0.528625727 0.073750630 -0.845645308 139.868103027 0.052061852 0.997159958 0.054419927 -9.988540649 0.847257137 -0.015258086 -0.530964017 381.349517822
-0.589171410 0.077509105 -0.804282010 139.486633301 0.056416407 0.996905327 0.054744869 -9.971593857 0.806036234 -0.013120592 -0.591720819 381.032867432
-0.647855878 0.077940702 -0.757765472 139.125518799 0.058190901 0.996908903 0.052787412 -9.951008797 0.759537399 -0.009896422 -0.650388718 380.681030273
-0.703447223 0.074954204 -0.706784070 138.797668457 0.056545414 0.997173607 0.049471453 -9.941334724 0.708494544 -0.005164845 -0.705697298 380.308715820
-0.754167438 0.074848942 -0.652402699 138.515274048 0.058375157 0.997191250 0.046925120 -9.920662880 0.654082537 -0.002694713 -0.756418467 379.918151855
-0.799814463 0.076534353 -0.595348001 138.263946533 0.060274042 0.997065187 0.047202118 -9.899919510 0.597213387 0.001868905 -0.802080274 379.505676270
-0.840143800 0.078078911 -0.536714256 138.055877686 0.060950384 0.996906817 0.049617305 -9.881380081 0.538928211 0.008972725 -0.842303991 379.077911377
-0.876091003 0.076519907 -0.476035237 137.874862671 0.058185648 0.996889412 0.053159874 -9.868803978 0.478622258 0.018874463 -0.877818108 378.618164062
-0.907221913 0.071107879 -0.414598465 137.714965820 0.054040615 0.997143447 0.052768938 -9.847283363 0.417166442 0.025467984 -0.908473134 378.163146973
-0.932017207 0.070237488 -0.355543226 137.575698853 0.054880157 0.997079432 0.053110614 -9.844880104 0.358235210 0.029987730 -0.933149815 377.697540283
-0.951247096 0.067811556 -0.300883681 137.464385986 0.055441070 0.997235477 0.049474090 -9.831103325 0.303406805 0.030380763 -0.952376962 377.203948975
-0.965896368 0.065770522 -0.250437528 137.371490479 0.056345027 0.997413397 0.044629730 -9.815399170 0.252725065 0.028996773 -0.967103720 376.702178955
-0.976847410 0.059265345 -0.205565125 137.292388916 0.052582078 0.997899830 0.037828494 -9.796459198 0.207375318 0.026143622 -0.977912188 376.167999268
-0.984431028 0.054082487 -0.167244360 137.246871948 0.049566466 0.998287678 0.031062987 -9.779376984 0.168637946 0.022289656 -0.985425949 375.689239502
-0.989873052 0.043710921 -0.135058448 137.209320068 0.040172938 0.998777270 0.028812462 -9.760820389 0.136152714 0.023094984 -0.990418673 375.142333984
-0.993331552 0.039281979 -0.108395487 137.180252075 0.036242202 0.998896420 0.029873095 -9.749332428 0.109449334 0.025745396 -0.993659019 374.593780518
-0.995644927 0.039923705 -0.084244117 137.143630981 0.037329942 0.998785913 0.032143086 -9.737056732 0.085425109 0.028858278 -0.995926499 374.014526367
-0.997022152 0.044090062 -0.063272923 137.114288330 0.041982427 0.998530686 0.034262408 -9.723164558 0.064690590 0.031504016 -0.997408271 373.431945801
-0.997965455 0.044260994 -0.045889415 137.091644287 0.042681284 0.998480678 0.034851227 -9.711153984 0.047362242 0.032821704 -0.998338342 372.845947266
-0.998630166 0.041986935 -0.031228043 137.087829590 0.040989898 0.998649836 0.031910498 -9.695236206 0.032525707 0.030586746 -0.999002934 372.242248535
-0.999151945 0.036543995 -0.018981725 137.098037720 0.035985202 0.998931766 0.028990088 -9.683715820 0.020020861 0.028282436 -0.999399543 371.622650146
-0.999208212 0.038543936 -0.009891859 137.103546143 0.038272616 0.998921454 0.026290521 -9.668085098 0.010894530 0.025891110 -0.999605656 370.987640381
-0.999072909 0.043027081 -0.001508374 137.094207764 0.042974912 0.998752654 0.025421970 -9.652226448 0.002600325 0.025333576 -0.999675751 370.329193115
-0.998977423 0.045030791 0.004112393 137.101486206 0.045119826 0.998668492 0.025008468 -9.639073372 -0.002980767 0.025168439 -0.999679089 369.666046143
-0.998958230 0.045096636 0.007017768 137.110610962 0.045257539 0.998668313 0.024765441 -9.633071899 -0.005891585 0.025057243 -0.999668837 368.976959229
-0.998940587 0.045157958 0.008868374 137.122726440 0.045347568 0.998718083 0.022489963 -9.612756729 -0.007841405 0.022868292 -0.999707818 368.275024414
-0.998796821 0.047190938 0.013343720 137.131942749 0.047452640 0.998672724 0.020027362 -9.597640038 -0.012380898 0.020636458 -0.999710441 367.558166504
-0.998430014 0.052976996 0.018206542 137.146179199 0.053316392 0.998402715 0.018690810 -9.583183289 -0.017187279 0.019632168 -0.999659896 366.821044922
-0.998024702 0.058019347 0.024105450 137.159484863 0.058434397 0.998148441 0.016885523 -9.574100494 -0.023081129 0.018260751 -0.999567032 366.074279785
-0.997828126 0.058516081 0.030250747 137.185028076 0.059065882 0.998098731 0.017611574 -9.565936089 -0.029162671 0.019360110 -0.999387264 365.298797607
-0.997697473 0.057516187 0.035938676 137.221832275 0.058163308 0.998158455 0.017227009 -9.551737785 -0.034881663 0.019277655 -0.999205470 364.510650635
-0.997393489 0.058257792 0.042577665 137.257980347 0.058980327 0.998132288 0.015914265 -9.539434433 -0.041571014 0.018384025 -0.998966694 363.707153320
-0.997164965 0.058488943 0.047347713 137.302810669 0.059215367 0.998145819 0.014086701 -9.532646179 -0.046436008 0.016850471 -0.998779535 362.877716064
-0.997113228 0.056898125 0.050280329 137.349472046 0.057541154 0.998277664 0.011434105 -9.520734787 -0.049543150 0.014294284 -0.998669863 362.035339355
-0.996791601 0.059595339 0.053436540 137.401229858 0.060211092 0.998135686 0.009986797 -9.508370399 -0.052741751 0.013172224 -0.998521686 361.175689697
-0.996297598 0.064643040 0.056681059 137.444183350 0.065436959 0.997781336 0.012262492 -9.504471779 -0.055762619 0.015926125 -0.998317242 360.289337158
-0.996055007 0.065685786 0.059668716 137.501251221 0.066725172 0.997649491 0.015594861 -9.501049042 -0.058504105 0.019514740 -0.998096704 359.384368896
-0.995751739 0.068099745 0.061974306 137.561569214 0.069354109 0.997423947 0.018316671 -9.487610817 -0.060567297 0.022537030 -0.997909665 358.457122803
-0.995405674 0.069778271 0.065565236 137.617263794 0.071177982 0.997277737 0.019257898 -9.470497131 -0.064042963 0.023836220 -0.997662544 357.527130127
-0.995560527 0.065145768 0.067935497 137.688980103 0.066639103 0.997577667 0.019949792 -9.453726768 -0.066471294 0.024388386 -0.997490287 356.577819824
-0.995888829 0.057816900 0.069731988 137.774444580 0.059598587 0.997939944 0.023744881 -9.441567421 -0.068215482 0.027803190 -0.997283101 355.601684570
-0.996145248 0.051413931 0.071074829 137.860382080 0.053485751 0.998188257 0.027559500 -9.419602394 -0.069529109 0.031254750 -0.997090340 354.612640381
-0.996362329 0.046937425 0.071129203 137.938812256 0.049027640 0.998406827 0.027930047 -9.400294304 -0.069704913 0.031315736 -0.997076154 353.616882324
-0.996389031 0.047810756 0.070166998 138.015747070 0.049513221 0.998514891 0.022726748 -9.381052017 -0.068976209 0.026118871 -0.997276545 352.609344482
-0.996348023 0.049126893 0.069839075 138.089782715 0.050513037 0.998557150 0.018221142 -9.364891052 -0.068843164 0.021682380 -0.997391939 351.598114014
-0.996147275 0.052862395 0.069977537 138.156463623 0.054301228 0.998347223 0.018820027 -9.353159904 -0.068867005 0.022547377 -0.997371316 350.573822021
-0.996046424 0.054699995 0.069998011 138.224151611 0.056294464 0.998193085 0.021011081 -9.340167999 -0.068722226 0.024868511 -0.997326016 349.547241211
-0.996243238 0.052102488 0.069172569 138.304504395 0.053597208 0.998363733 0.019930102 -9.332841873 -0.068020977 0.023562685 -0.997405767 348.505676270
-0.996406674 0.048905846 0.069153771 138.386276245 0.050380673 0.998534918 0.019744968 -9.314673424 -0.068086803 0.023158027 -0.997410655 347.469299316
-0.996498942 0.047225997 0.068992779 138.468032837 0.048757680 0.998596370 0.020687027 -9.299951553 -0.067918971 0.023978522 -0.997402906 346.420471191
-0.996504545 0.046951003 0.069098949 138.545272827 0.048454724 0.998620152 0.020248130 -9.291385651 -0.068052925 0.023525521 -0.997404456 345.373199463
-0.996280313 0.050642315 0.069719754 138.623245239 0.051915642 0.998513937 0.016573170 -9.278947830 -0.068776838 0.020131068 -0.997429013 344.320648193
-0.996024728 0.053771738 0.071015790 138.705902100 0.054921571 0.998387754 0.014337733 -9.268029213 -0.070130326 0.018181037 -0.997372150 343.266113281
-0.995723486 0.055614289 0.073771201 138.767333984 0.056784522 0.998290241 0.013859961 -9.271884918 -0.072874255 0.017989747 -0.997179031 342.193328857
-0.995632529 0.054727320 0.075636953 138.849670410 0.055844974 0.998358190 0.012739868 -9.261747360 -0.074815549 0.016908169 -0.997054100 341.123443604
-0.995684743 0.051748179 0.077032544 138.939849854 0.053216286 0.998436093 0.017127734 -9.261417389 -0.076025747 0.021153208 -0.996881485 340.060394287
-0.995790124 0.049455609 0.077175498 139.030380249 0.051179994 0.998478472 0.020526942 -9.257894516 -0.076042898 0.024390370 -0.996806145 339.000823975
-0.995930195 0.047842354 0.076380551 139.125946045 0.049368851 0.998614371 0.018222814 -9.254586220 -0.075402893 0.021919472 -0.996912122 337.937072754
-0.995956063 0.048294690 0.075756922 139.211410522 0.049527857 0.998667717 0.014483453 -9.246940613 -0.074956521 0.018176962 -0.997021079 336.883483887
-0.995769024 0.052388083 0.075495198 139.291076660 0.053593989 0.998464167 0.014035527 -9.241237640 -0.074643955 0.018022232 -0.997047424 335.825683594
-0.995562077 0.057014141 0.074870721 139.367431641 0.058701608 0.998064399 0.020532859 -9.235709190 -0.073555142 0.024836766 -0.996981978 334.762847900
-0.995551825 0.057650395 0.074519165 139.440261841 0.059736483 0.997873604 0.026073199 -9.222048759 -0.072857574 0.030408733 -0.996878743 333.696319580
-0.995731950 0.055773184 0.073537111 139.526321411 0.057860173 0.997971296 0.026560390 -9.210440636 -0.071906567 0.030701892 -0.996939063 332.637176514
-0.995851636 0.054429960 0.072919287 139.604476929 0.056190621 0.998170674 0.022314025 -9.197040558 -0.071571343 0.026318835 -0.997088313 331.584991455
-0.996163249 0.050246850 0.071652882 139.693008423 0.051694021 0.998491824 0.018486481 -9.186082840 -0.070615932 0.022119578 -0.997258425 330.521118164
-0.996457577 0.047159806 0.069631837 139.780761719 0.048543848 0.998653054 0.018319119 -9.180692673 -0.068674125 0.021634419 -0.997404695 329.472320557
-0.996531844 0.046227690 0.069191113 139.858963013 0.047948565 0.998575211 0.023419801 -9.167679787 -0.068009891 0.026656192 -0.997328639 328.413848877
-0.996675730 0.043317568 0.069001347 139.939880371 0.045294378 0.998599350 0.027346050 -9.157281876 -0.067720138 0.030380515 -0.997241735 327.351684570
-0.996741414 0.043294314 0.068061061 140.015594482 0.045097094 0.998665273 0.025177496 -9.140375137 -0.066880174 0.028164806 -0.997363448 326.288177490
-0.996639132 0.045802921 0.067917414 140.088180542 0.047316097 0.998662531 0.020840093 -9.120992661 -0.066872045 0.023983639 -0.997473359 325.218017578
-0.996613503 0.047923367 0.066820256 140.166641235 0.049327735 0.998591721 0.019527053 -9.107868195 -0.065790355 0.022757018 -0.997573972 324.155334473
-0.996648192 0.047921088 0.066304609 140.245300293 0.049600471 0.998482704 0.023917403 -9.093563080 -0.065057859 0.027125973 -0.997512937 323.076904297
-0.996505022 0.050489087 0.066549987 140.309677124 0.052503649 0.998203099 0.028877189 -9.081661224 -0.064972416 0.032270376 -0.997365355 321.988281250
-0.996349812 0.053445123 0.066564083 140.382308960 0.055472411 0.998039305 0.028988440 -9.059241295 -0.064884283 0.032575093 -0.997361064 320.896789551
-0.996149182 0.058238495 0.065537296 140.459060669 0.060091492 0.997836649 0.026665494 -9.034215927 -0.063842557 0.030501042 -0.997493744 319.804779053
-0.996052623 0.060372178 0.065074459 140.540039062 0.062277671 0.997675478 0.027660396 -9.014293671 -0.063253276 0.031603891 -0.997497082 318.719085693
-0.995902419 0.062600911 0.065265022 140.602111816 0.064623952 0.997477710 0.029359341 -9.000845909 -0.063262485 0.033456720 -0.997435927 317.595458984
-0.995725155 0.064986102 0.065637678 140.672348022 0.067001648 0.997331738 0.028985156 -8.976494789 -0.063578911 0.033259079 -0.997422576 316.480621338
-0.995550156 0.066804931 0.066460460 140.745269775 0.068588942 0.997333467 0.024931224 -8.953655243 -0.064617716 0.029378736 -0.997477531 315.362884521
-0.995418072 0.069252729 0.065930955 140.824157715 0.070774943 0.997270465 0.021036565 -8.942239761 -0.064294152 0.025606439 -0.997602344 314.267700195
-0.995464206 0.068340838 0.066184402 140.904754639 0.069735125 0.997384787 0.018988097 -8.927294731 -0.064713657 0.023517350 -0.997626662 313.143493652
-0.995686412 0.065360248 0.065854572 141.002838135 0.066862494 0.997543931 0.020869568 -8.915757179 -0.064328782 0.025182743 -0.997611046 312.013977051
-0.995562196 0.066139169 0.066943146 141.063415527 0.067932270 0.997379899 0.024870845 -8.899039268 -0.065122813 0.029308075 -0.997446775 310.854400635
-0.995663047 0.064243823 0.067289673 141.145553589 0.066267610 0.997400880 0.028286105 -8.877910614 -0.065297574 0.032622553 -0.997332573 309.706756592
-0.995684981 0.064747401 0.066479780 141.232299805 0.066969000 0.997249782 0.031749185 -8.853273392 -0.064241268 0.036064263 -0.997282743 308.565002441
-0.995699167 0.065480694 0.065541938 141.305648804 0.067802384 0.997124493 0.033846516 -8.825296402 -0.063137174 0.038144846 -0.997275829 307.381408691
-0.995688558 0.066591501 0.064576961 141.378707886 0.068678886 0.997167587 0.030659337 -8.800285339 -0.062352404 0.034962218 -0.997441888 306.224639893
-0.995727897 0.067156583 0.063373581 141.461914062 0.068930760 0.997276425 0.026234796 -8.779424667 -0.061439138 0.030491104 -0.997645140 305.068298340
-0.995779753 0.066973656 0.062748618 141.541091919 0.068745166 0.997281969 0.026509134 -8.758766174 -0.060802657 0.030710923 -0.997677326 303.913238525
-0.995797157 0.066680722 0.062783904 141.617156982 0.068507291 0.997274220 0.027401756 -8.735769272 -0.060785603 0.031587746 -0.997650981 302.736511230
-0.995834470 0.066037707 0.062874176 141.709182739 0.067665167 0.997416615 0.024114486 -8.721391678 -0.061119284 0.028268423 -0.997730255 301.563812256
-0.995695591 0.067029119 0.064012483 141.773330688 0.068437263 0.997453690 0.020062272 -8.705985069 -0.062504724 0.024356753 -0.997747421 300.385467529
-0.995571375 0.068125382 0.064781480 141.855575562 0.069482028 0.997403741 0.018922070 -8.696692467 -0.063324213 0.023339419 -0.997720122 299.208099365
-0.995535254 0.068078846 0.065384939 141.941726685 0.069552004 0.997367203 0.020522416 -8.686401367 -0.063815653 0.024978437 -0.997649193 298.030212402
-0.995464087 0.067367606 0.067177825 142.019531250 0.069171034 0.997294307 0.024888415 -8.677296638 -0.065319389 0.029422283 -0.997430444 296.831604004
-0.995343685 0.067017987 0.069282591 142.101684570 0.069143802 0.997192264 0.028751925 -8.661337852 -0.067161173 0.033408500 -0.997182965 295.653381348
-0.995456576 0.063944913 0.070552282 142.195037842 0.065979056 0.997458756 0.026885921 -8.647863388 -0.068653777 0.031418733 -0.997145891 294.492248535
-0.995467782 0.063611232 0.070694387 142.274475098 0.065034784 0.997720301 0.018018594 -8.634870529 -0.069387041 0.022534521 -0.997335315 293.313110352
-0.995623827 0.060502078 0.071226232 142.372467041 0.061273027 0.998083234 0.008687272 -8.626201630 -0.070564106 0.013013500 -0.997422576 292.161682129
-0.995502472 0.061026298 0.072463393 142.465072632 0.061837971 0.998045564 0.009008930 -8.635823250 -0.071771987 0.013449400 -0.997330546 291.007659912
-0.995400429 0.060488615 0.074291095 142.555892944 0.061747152 0.997982681 0.014760217 -8.640943527 -0.073248401 0.019279590 -0.997127414 289.840148926
-0.995253682 0.061751895 0.075212635 142.639175415 0.063467287 0.997770607 0.020632470 -8.628857613 -0.073770866 0.025308082 -0.996954083 288.674774170
-0.995294213 0.060373973 0.075792678 142.736145020 0.062551834 0.997684658 0.026695000 -8.616499901 -0.074005507 0.031310350 -0.996766210 287.531494141
-0.995258808 0.060709637 0.075987808 142.827621460 0.063073672 0.997584403 0.029105317 -8.600093842 -0.074037276 0.033760156 -0.996683836 286.376770020
-0.995346546 0.060034383 0.075374827 142.926391602 0.062281940 0.997670531 0.027828516 -8.576215744 -0.073528573 0.032393504 -0.996766925 285.224121094
-0.995440006 0.059990447 0.074165799 143.007492065 0.062228959 0.997662067 0.028247397 -8.561084747 -0.072297826 0.032733846 -0.996845961 284.079864502
-0.995452881 0.060407486 0.073653691 143.094131470 0.062651649 0.997627079 0.028547214 -8.543803215 -0.071754448 0.033031926 -0.996875405 282.935485840
-0.995480895 0.061204556 0.072610587 143.185806274 0.063043036 0.997738719 0.023301950 -8.528790474 -0.071020208 0.027774232 -0.997088432 281.797058105
-0.995639563 0.060118962 0.071326882 143.271697998 0.061220389 0.998034894 0.013355708 -8.515703201 -0.070383787 0.017664131 -0.997363567 280.641571045
-0.995759130 0.059222929 0.070403606 143.363479614 0.060120203 0.998133898 0.010692953 -8.512252808 -0.069638953 0.014880284 -0.997461438 279.500213623
-0.996004224 0.055901572 0.069647714 143.458648682 0.057134606 0.998240829 0.015837872 -8.511061668 -0.068639830 0.019753883 -0.997446060 278.358062744
-0.996431708 0.047923472 0.069479033 143.541732788 0.049740609 0.998457611 0.024662998 -8.506013870 -0.068189934 0.028030921 -0.997278571 277.219238281
-0.996637702 0.045050818 0.068443127 143.633010864 0.047488999 0.998278439 0.034423407 -8.491043091 -0.066774495 0.037557948 -0.997061372 276.079254150
-0.996682882 0.045976561 0.067155235 143.715255737 0.048790168 0.997972310 0.040875174 -8.471208572 -0.065139763 0.044016093 -0.996905088 274.948974609
-0.996777296 0.044297192 0.066880949 143.793106079 0.047075566 0.998067796 0.040553339 -8.439162254 -0.064955316 0.043571100 -0.996936679 273.792236328
-0.996461034 0.051774453 0.066220120 143.864013672 0.053887848 0.998080015 0.030535882 -8.417538643 -0.064511999 0.033996273 -0.997337818 272.676452637
-0.996019959 0.061029419 0.064959943 143.932907104 0.062091872 0.997965634 0.014462330 -8.403226852 -0.063945167 0.018438254 -0.997783184 271.582763672
-0.995889306 0.063169457 0.064916544 144.000228882 0.063779242 0.997936845 0.007362389 -8.397293091 -0.064317532 0.011472453 -0.997863531 270.470581055
-0.995818973 0.063790865 0.065386787 144.077285767 0.064885817 0.997783542 0.014759165 -8.399215698 -0.064300358 0.018940130 -0.997750998 269.357910156
-0.995780468 0.062863410 0.066857375 144.151596069 0.064803123 0.997525990 0.027248925 -8.391912460 -0.064979009 0.031466506 -0.997390628 268.235900879
-0.995921493 0.060938798 0.066534653 144.228225708 0.063436478 0.997332990 0.036093667 -8.371449471 -0.064157702 0.040167183 -0.997131109 267.107421875
-0.996078372 0.058120824 0.066709101 144.311721802 0.061067626 0.997206211 0.043017972 -8.341761589 -0.064022489 0.046923030 -0.996844888 265.996704102
-0.996238708 0.054606307 0.067281470 144.392639160 0.057877932 0.997184634 0.047675218 -8.313885689 -0.064488687 0.051390003 -0.996594548 264.893493652
-0.996366858 0.052225325 0.067273617 144.475128174 0.055321362 0.997453570 0.045010634 -8.282844543 -0.064751610 0.048568770 -0.996718884 263.803649902
-0.996511340 0.049607284 0.067118347 144.557220459 0.052169800 0.997953296 0.036979858 -8.249613762 -0.065146506 0.040352385 -0.997059822 262.719604492
-0.996570468 0.049432855 0.066360764 144.631805420 0.051456887 0.998249829 0.029144829 -8.222864151 -0.064803913 0.032459594 -0.997370005 261.629821777
-0.996629477 0.050143253 0.064924732 144.703689575 0.051712710 0.998403490 0.022721890 -8.201311111 -0.063681729 0.026002742 -0.997631431 260.549621582
-0.996740460 0.051091701 0.062436193 144.773300171 0.052231438 0.998494387 0.016759599 -8.192279816 -0.061485909 0.019966101 -0.997908235 259.467895508
-0.996752143 0.053011291 0.060625706 144.834930420 0.054089092 0.998403430 0.016276030 -8.194728851 -0.059666101 0.019502351 -0.998028040 258.382507324
-0.996877670 0.052262731 0.059191275 144.898696899 0.053616978 0.998329520 0.021525810 -8.186717987 -0.057967402 0.024632255 -0.998014569 257.308044434
-0.996951580 0.050939776 0.059096780 144.961959839 0.052861109 0.998107553 0.031416178 -8.172846794 -0.057384610 0.034444332 -0.997757673 256.237121582
-0.997170091 0.046463117 0.059102103 145.037933350 0.048924826 0.997964323 0.040909514 -8.159521103 -0.057081006 0.043685302 -0.997413397 255.178756714
-0.997355223 0.041844640 0.059433561 145.116210938 0.044512670 0.998026133 0.044299576 -8.130176544 -0.057462547 0.046827946 -0.997249126 254.120376587
-0.997542381 0.035857283 0.060197812 145.186508179 0.038360447 0.998424351 0.040954698 -8.103416443 -0.058634438 0.043163259 -0.997346163 253.084594727
-0.997567058 0.033535689 0.061120491 145.256332397 0.035641946 0.998796165 0.033702392 -8.085003853 -0.059916683 0.035798844 -0.997561455 252.069122314
-0.997365117 0.036882520 0.062471293 145.322296143 0.038426213 0.998980522 0.023691500 -8.065777779 -0.061533805 0.026029607 -0.997765660 251.072982788
-0.997136235 0.039625354 0.064417668 145.385330200 0.040899448 0.998990476 0.018581230 -8.058788300 -0.063616343 0.021162659 -0.997750282 250.090438843
-0.996751070 0.045117680 0.066721685 145.446838379 0.046412405 0.998760462 0.017982947 -8.054588318 -0.065827638 0.021021234 -0.997609615 249.107772827
-0.996530771 0.047468785 0.068360820 145.511627197 0.049194109 0.998506129 0.023779208 -8.053453445 -0.067129925 0.027059661 -0.997377276 248.159622192
-0.996253371 0.050233625 0.070399977 145.573242188 0.052345313 0.998222888 0.028477727 -8.052517891 -0.068844333 0.032056134 -0.997112513 247.217071533
-0.996068835 0.051872224 0.071808293 145.633789062 0.053878896 0.998201191 0.026294479 -8.042621613 -0.070315167 0.030060058 -0.997071981 246.295791626
-0.995911479 0.053369667 0.072883286 145.703201294 0.054889884 0.998311341 0.019015679 -8.024627686 -0.071745351 0.022938488 -0.997159123 245.397918701
-0.995826364 0.054402761 0.073282212 145.771926880 0.055647641 0.998336971 0.015052737 -8.017324448 -0.072341435 0.019067893 -0.997197747 244.517440796
-0.995903611 0.050204892 0.075206481 145.839172363 0.051439133 0.998569906 0.014564057 -8.025184631 -0.074367747 0.018372949 -0.997061849 243.656265259
-0.996000767 0.047447890 0.075706929 145.916427612 0.048735522 0.998695254 0.015251218 -8.031267166 -0.074884519 0.018879838 -0.997013688 242.805999756
-0.995938540 0.047139551 0.076711133 145.979522705 0.048393320 0.998722136 0.014567013 -8.023186684 -0.075926431 0.018220153 -0.996947050 241.986495972
-0.996012926 0.042771481 0.078290053 146.050964355 0.044157989 0.998895407 0.016064376 -8.018740654 -0.077516474 0.019457452 -0.996801376 241.176483154
-0.996243834 0.034422912 0.079458997 146.136093140 0.036197215 0.999124050 0.020998104 -8.016588211 -0.078666575 0.023795420 -0.996617198 240.370132446
-0.996046305 0.032261897 0.082771748 146.194946289 0.034792367 0.998964548 0.029313318 -8.017429352 -0.081740342 0.032077245 -0.996137381 239.587051392
-0.995812774 0.032192267 0.085559368 146.258148193 0.035065189 0.998863280 0.032289736 -8.011374474 -0.084422633 0.035154693 -0.995809674 238.825454712
-0.995637655 0.032359675 0.087512121 146.326065063 0.035100669 0.998934448 0.029965663 -8.003951073 -0.086449191 0.032906678 -0.995712638 238.094863892
-0.995477557 0.031084092 0.089768186 146.396438599 0.033511005 0.999109030 0.025655577 -8.001016617 -0.088890724 0.028547773 -0.995632291 237.398437500
-0.995159030 0.033815417 0.092278607 146.458984375 0.035926219 0.999127209 0.021309292 -7.991041183 -0.091477491 0.024521353 -0.995505333 236.733306885
-0.994937778 0.031822048 0.095321536 146.524673462 0.034237348 0.999130070 0.023810618 -7.988860130 -0.094480909 0.026953638 -0.995161772 236.085098267
-0.994953632 0.029616039 0.095867030 146.593505859 0.032619771 0.999019980 0.029917911 -7.986847401 -0.094887026 0.032894090 -0.994944692 235.458175659
-0.995121002 0.022618862 0.096038103 146.659698486 0.025987299 0.999084949 0.033969153 -7.985413551 -0.095181882 0.036299173 -0.994798183 234.854354858
-0.995198369 0.021262510 0.095541961 146.712921143 0.024696721 0.999085367 0.034906868 -7.976058960 -0.094712369 0.037098829 -0.994813204 234.259918213
-0.995518804 0.017349400 0.092959084 146.764846802 0.020775728 0.999135137 0.036018349 -7.968872070 -0.092253789 0.037788235 -0.995018244 233.691696167
-0.996152639 0.015955066 0.086171493 146.818923950 0.019032201 0.999205828 0.035006713 -7.959058285 -0.085544519 0.036512058 -0.995665193 233.138870239
-0.996807814 0.013961975 0.078609519 146.857177734 0.016516998 0.999353111 0.031946890 -7.947554111 -0.078112625 0.033143297 -0.996393561 232.608734131
-0.997646451 0.010954912 0.067691237 146.893234253 0.012923450 0.999504209 0.028711991 -7.939857960 -0.067343138 0.029519213 -0.997293353 232.098831177
-0.998619914 0.007942521 0.051918346 146.923095703 0.009423419 0.999553859 0.028341338 -7.930634975 -0.051670082 0.028791469 -0.998249292 231.593933105
-0.999448895 0.007662563 0.032301866 146.935241699 0.008610046 0.999533713 0.029295856 -7.921985149 -0.032062322 0.029557830 -0.999048829 231.095153809
-0.999899626 0.011627143 0.008131210 146.923889160 0.011881391 0.999418795 0.031952225 -7.922144413 -0.007754970 0.032045618 -0.999456644 230.645614624
-0.999643683 0.018650074 -0.019097133 146.881866455 0.018057540 0.999364197 0.030743260 -7.897897243 0.019658355 0.030387457 -0.999344826 230.205352783
-0.998425603 0.020870140 -0.052067854 146.839614868 0.019378209 0.999391675 0.028995788 -7.890061378 0.052641325 0.027941151 -0.998222589 229.762405396
-0.995711088 0.021024203 -0.090098292 146.789901733 0.018459840 0.999403059 0.029201316 -7.890002251 0.090658449 0.027412871 -0.995504856 229.323974609
-0.991376996 0.022784460 -0.129045323 146.712280273 0.019044425 0.999364138 0.030142665 -7.884421349 0.129650056 0.027425148 -0.991180539 228.896209717
-0.985150337 0.029878389 -0.169075891 146.607742310 0.025261533 0.999248683 0.029392365 -7.863560677 0.169827059 0.024684776 -0.985165000 228.473388672
-0.976887107 0.036850825 -0.210555390 146.486740112 0.031444252 0.999085605 0.028969312 -7.858600616 0.211430401 0.021678990 -0.977152586 228.051422119
-0.966851830 0.043678880 -0.251574785 146.334335327 0.037867442 0.998893261 0.027897630 -7.840483665 0.252514899 0.017446380 -0.967435718 227.666717529
-0.954791307 0.047348063 -0.293481976 146.177230835 0.040258404 0.998734176 0.030154329 -7.844017506 0.294538260 0.016975977 -0.955488920 227.286773682
-0.940336347 0.049247652 -0.336663872 146.036834717 0.040407941 0.998630941 0.033217642 -7.844459057 0.337838858 0.017631857 -0.941038966 226.943664551
-0.924050808 0.054445788 -0.378372759 145.846374512 0.043559060 0.998355091 0.037279241 -7.830137730 0.379780084 0.017966349 -0.924902439 226.580444336
-0.904238701 0.057485618 -0.423140228 145.634948730 0.044133812 0.998171866 0.041293684 -7.814147949 0.424740463 0.018664556 -0.905122638 226.213256836
-0.880210757 0.059768047 -0.470804304 145.401855469 0.044733297 0.998070061 0.043070905 -7.793561935 0.472469956 0.016850846 -0.881185651 225.850738525
-0.853697658 0.061517037 -0.517122865 145.145156860 0.044061579 0.997970164 0.045979217 -7.776662350 0.518901706 0.016467098 -0.854675293 225.507049561
-0.824374795 0.063616380 -0.562458277 144.858123779 0.042930890 0.997829318 0.049936410 -7.759938240 0.564414144 0.017019484 -0.825316429 225.157470703
-0.791321993 0.063034870 -0.608141899 144.558776855 0.038249400 0.997826636 0.053655729 -7.747573376 0.610202432 0.019197887 -0.792013288 224.819381714
-0.754752159 0.062863916 -0.652991176 144.245422363 0.035117690 0.997842431 0.055472620 -7.724394798 0.655069530 0.018936535 -0.755331397 224.498626709
-0.714887977 0.058567900 -0.696782053 143.921829224 0.029441627 0.998123527 0.053690445 -7.701031208 0.698619068 0.017868252 -0.715270758 224.200942993
-0.673148513 0.054719511 -0.737480104 143.549163818 0.025863728 0.998390555 0.050470941 -7.677580357 0.739054918 0.014900452 -0.673480392 223.902618408
-0.630387902 0.049905553 -0.774674654 143.156051636 0.022321435 0.998684049 0.046172574 -7.653855801 0.775959492 0.011814779 -0.630672216 223.616989136
-0.586303830 0.046898022 -0.808732629 142.737243652 0.019157937 0.998846352 0.044033773 -7.643198490 0.809864700 0.010323521 -0.586525917 223.345901489
-0.542037487 0.045374878 -0.839128673 142.296463013 0.016862817 0.998927414 0.043123230 -7.624714851 0.840185404 0.009224324 -0.542221189 223.102706909
-0.496126056 0.044318192 -0.867118657 141.832458496 0.012413719 0.998956442 0.043953814 -7.599761486 0.868161678 0.011042465 -0.496158481 222.852905273
-0.451527834 0.045843687 -0.891078711 141.342666626 0.008962280 0.998861849 0.046847485 -7.577669144 0.892212152 0.013166841 -0.451424837 222.634460449
-0.407621622 0.047981866 -0.911889613 140.840759277 0.008717331 0.998777509 0.048657034 -7.550941944 0.913109481 0.011884407 -0.407541633 222.442413330
-0.364168406 0.050231770 -0.929977536 140.305557251 0.009373419 0.998691559 0.050272767 -7.521509171 0.931285977 0.009590680 -0.364162683 222.265625000
-0.321457744 0.051384117 -0.945528924 139.751678467 0.007027513 0.998628557 0.051880602 -7.493680000 0.946898043 0.010032693 -0.321377993 222.096374512
-0.283154011 0.048369557 -0.957854152 139.195373535 0.001513599 0.998748720 0.049987216 -7.472389698 0.959073424 0.012704265 -0.282872915 221.949493408
-0.248632193 0.043509860 -0.967620194 138.622543335 0.000143490 0.998992205 0.044883657 -7.444612503 0.968597889 0.011020679 -0.248387814 221.824691772
-0.217561364 0.040044125 -0.975224972 138.028747559 0.002565351 0.999178052 0.040455379 -7.416345596 0.976043403 0.006299729 -0.217485189 221.708816528
-0.190282345 0.038308065 -0.980981708 137.433502197 0.007220568 0.999265969 0.037621498 -7.390124798 0.981702864 0.000075461 -0.190419316 221.620361328
-0.165900826 0.039109033 -0.985366702 136.800491333 0.010858041 0.999225140 0.037830967 -7.363276482 0.986082733 -0.004422966 -0.166196942 221.528625488
-0.144989252 0.040934332 -0.988586187 136.165649414 0.014563722 0.999123871 0.039234705 -7.347620010 0.989326119 -0.008708883 -0.145458341 221.454010010
-0.126532078 0.040124848 -0.991150737 135.514663696 0.012453615 0.999167085 0.038859528 -7.324529648 0.991884410 -0.007426438 -0.126926303 221.363403320
-0.112331867 0.040644344 -0.992839158 134.838714600 0.014509068 0.999123693 0.039260034 -7.296681404 0.993564785 -0.009995019 -0.112823129 221.304351807
-0.100541234 0.042211253 -0.994037151 134.125320435 0.016014019 0.999038815 0.040803924 -7.266015053 0.994804084 -0.011816058 -0.101120472 221.243209839
-0.090827227 0.045451388 -0.994828999 133.391113281 0.020953441 0.998824000 0.043720882 -7.233631611 0.995646238 -0.016874045 -0.091672778 221.190078735
-0.083543420 0.047350906 -0.995378554 132.651245117 0.021513844 0.998723328 0.045704335 -7.207354069 0.996271908 -0.017596122 -0.084455490 221.141326904
-0.075398564 0.046554737 -0.996066093 131.879379272 0.019181041 0.998792410 0.045230228 -7.179691315 0.996968985 -0.015695291 -0.076200485 221.064163208
-0.067718983 0.042329393 -0.996806204 131.095123291 0.021155857 0.998935878 0.040982597 -7.142973900 0.997480214 -0.018312996 -0.068542361 221.016174316
-0.060338616 0.037961226 -0.997455895 130.286911011 0.026013527 0.998996973 0.036446258 -7.112020493 0.997838974 -0.023748232 -0.061265588 220.977691650
-0.053901076 0.030529199 -0.998079419 129.457641602 0.027335869 0.999203026 0.029087301 -7.083627701 0.998171985 -0.025715534 -0.054692626 220.937088013
-0.049688697 0.025962742 -0.998427272 128.612304688 0.031290345 0.999211848 0.024425920 -7.058390617 0.998274505 -0.030027442 -0.050461888 220.899017334
-0.047792315 0.024262577 -0.998562574 127.736312866 0.034852240 0.999136746 0.022608459 -7.033198357 0.998249054 -0.033721630 -0.048596740 220.864410400
-0.045944929 0.027636092 -0.998561621 126.825088501 0.035055343 0.999046147 0.026036566 -7.012417793 0.998328745 -0.033808671 -0.046869874 220.823257446
-0.045211315 0.034185976 -0.998392403 125.901931763 0.031237729 0.998973966 0.032791320 -6.985670090 0.998488963 -0.029704971 -0.046232820 220.771697998
-0.045969844 0.044024847 -0.997972310 124.935592651 0.029530093 0.998651683 0.042694565 -6.956448078 0.998506367 -0.027507549 -0.047207952 220.730911255
-0.046430588 0.050300602 -0.997654319 123.990997314 0.026474413 0.998442531 0.049108230 -6.922445774 0.998570681 -0.024132187 -0.047690034 220.671600342
-0.045609951 0.048613593 -0.997775793 123.018218994 0.025982350 0.998535037 0.047462896 -6.885614872 0.998621464 -0.023759786 -0.046806216 220.619583130
-0.045677900 0.039371584 -0.998180151 122.061386108 0.028869858 0.998857677 0.038077194 -6.845102310 0.998539031 -0.027078032 -0.046762347 220.571929932
-0.045838952 0.033781659 -0.998377502 121.087554932 0.030402627 0.999012232 0.032407247 -6.812822342 0.998486102 -0.028867783 -0.046820760 220.521041870
-0.046148181 0.032827031 -0.998395205 120.073944092 0.033526856 0.998947740 0.031295516 -6.787251472 0.998371959 -0.032028820 -0.047200203 220.492553711
-0.046704173 0.037023749 -0.998222470 119.079650879 0.035400871 0.998746514 0.035386879 -6.766708374 0.998281360 -0.033685233 -0.047956228 220.447479248
-0.047866583 0.038840681 -0.998098254 118.069808960 0.034443393 0.998713613 0.037212797 -6.737169266 0.998259723 -0.032596644 -0.049142718 220.395050049
-0.050088406 0.044828191 -0.997738242 117.067352295 0.036756977 0.998398125 0.043012571 -6.709332466 0.998068154 -0.034519412 -0.051655889 220.343032837
-0.054069281 0.051028524 -0.997232437 116.059494019 0.037838686 0.998080790 0.049020339 -6.673033714 0.997819960 -0.035083469 -0.055896401 220.295883179
-0.057351470 0.054502029 -0.996865273 115.063385010 0.035405401 0.997991681 0.052526679 -6.635363579 0.997726083 -0.032281931 -0.059165955 220.226654053
-0.060587168 0.047947235 -0.997010767 114.074737549 0.034437068 0.998351395 0.045919016 -6.595853806 0.997568786 -0.031552024 -0.062138438 220.160903931
-0.064410925 0.042321619 -0.997025728 113.079071045 0.035451736 0.998566687 0.040096745 -6.563282967 0.997293651 -0.032763630 -0.065819025 220.093505859
-0.067329764 0.039412361 -0.996952057 112.088272095 0.035260763 0.998689294 0.037099686 -6.531410694 0.997107506 -0.032655381 -0.068631172 220.018585205
-0.070328951 0.043953091 -0.996555030 111.074340820 0.038664073 0.998398185 0.041305773 -6.500816345 0.996774256 -0.035625882 -0.071915746 219.956573486
-0.072390318 0.050527405 -0.996095777 110.086975098 0.038583841 0.998110235 0.047825553 -6.469701767 0.996629834 -0.034971099 -0.074203134 219.871597290
-0.074657559 0.054953948 -0.995693922 109.094497681 0.039074846 0.997874796 0.052144472 -6.438698769 0.996443450 -0.035013609 -0.076646209 219.797119141
-0.075984478 0.052552078 -0.995723248 108.104995728 0.038979437 0.998003364 0.049697869 -6.405497551 0.996346831 -0.035036467 -0.077881217 219.721893311
-0.076306701 0.046974216 -0.995977402 107.124725342 0.038691368 0.998276770 0.044118337 -6.364869118 0.996333599 -0.035169207 -0.077992678 219.642791748
-0.076517820 0.042040817 -0.996181548 106.153137207 0.039217755 0.998464406 0.039124802 -6.340485573 0.996296704 -0.036074258 -0.078049064 219.557144165
-0.076482296 0.036049228 -0.996419132 105.173889160 0.041536439 0.998593867 0.032939691 -6.319980621 0.996205449 -0.038868394 -0.077872157 219.486755371
-0.075905204 0.032012776 -0.996600986 104.213073730 0.041382588 0.998724461 0.028929120 -6.296463966 0.996255934 -0.039046060 -0.077133060 219.411895752
-0.074457765 0.037404954 -0.996522546 103.240982056 0.043519914 0.998466134 0.034226216 -6.272488594 0.996274233 -0.040820170 -0.075971365 219.333404541
-0.073493600 0.045323573 -0.996265352 102.248626709 0.047373258 0.997997761 0.041907713 -6.249075890 0.996169984 -0.044116385 -0.075493574 219.268371582
-0.071753263 0.047458585 -0.996292651 101.272994995 0.047005769 0.997918427 0.044150658 -6.224148750 0.996314108 -0.043663546 -0.073834777 219.193206787
-0.070774198 0.045260180 -0.996465147 100.317199707 0.045235772 0.998087943 0.042121019 -6.187815666 0.996466219 -0.042094789 -0.072686195 219.118896484
-0.069770813 0.044198070 -0.996583521 99.363647461 0.049818557 0.997925818 0.040769808 -6.162360191 0.996318400 -0.046803802 -0.071828008 219.054290771
-0.068666816 0.042620901 -0.996728957 98.389938354 0.051316146 0.997915328 0.039136369 -6.141811371 0.996319115 -0.048460923 -0.070710778 218.986709595
-0.067336321 0.040598631 -0.996904194 97.440277100 0.051228270 0.997994542 0.037182819 -6.115097046 0.996414483 -0.048565920 -0.069280982 218.917175293
-0.067979336 0.043010890 -0.996759415 96.482727051 0.054393470 0.997744143 0.039343748 -6.092090607 0.996203065 -0.051542640 -0.070165515 218.857330322
-0.069413066 0.048652627 -0.996400952 95.529418945 0.058485977 0.997290492 0.044621710 -6.058970451 0.995872140 -0.055178151 -0.072070479 218.795806885
-0.070563316 0.051182840 -0.996193409 94.585556030 0.057489607 0.997231424 0.047164023 -6.033499718 0.995849371 -0.053942718 -0.073310494 218.724945068
-0.071865082 0.049869694 -0.996166945 93.645950317 0.056530461 0.997347474 0.045850605 -6.003560066 0.995811164 -0.053018723 -0.074493527 218.656555176
-0.073371053 0.050253544 -0.996037841 92.713531494 0.056329843 0.997344136 0.046170034 -5.967902184 0.995712638 -0.052719109 -0.076006889 218.587677002
-0.074332595 0.053876333 -0.995777071 91.774612427 0.054122359 0.997285783 0.049917843 -5.933468819 0.995763719 -0.050183278 -0.077046752 218.511444092
-0.075026870 0.056043848 -0.995605409 90.854263306 0.051132753 0.997322142 0.052287228 -5.907580376 0.995869696 -0.046985101 -0.077691674 218.433593750
-0.076140642 0.054068472 -0.995630085 89.949203491 0.050802935 0.997442126 0.050281737 -5.869091988 0.995802104 -0.046752449 -0.078692794 218.367126465
-0.076557994 0.052468423 -0.995683610 89.057800293 0.051156249 0.997505903 0.048631050 -5.835983276 0.995751917 -0.047212347 -0.079051137 218.295181274
-0.077403784 0.052240986 -0.995630264 88.186325073 0.052027326 0.997477293 0.048293121 -5.806970596 0.995641470 -0.048061911 -0.079926491 218.231460571
-0.076989770 0.051088192 -0.995722175 87.342727661 0.051040821 0.997578800 0.047236953 -5.781602859 0.995724618 -0.047185715 -0.079410911 218.159805298
-0.076950192 0.050418038 -0.995759428 86.520721436 0.050057288 0.997656465 0.046645772 -5.762587547 0.995777607 -0.046255611 -0.079293728 218.088623047
-0.077664852 0.051191051 -0.995664597 85.702789307 0.050672632 0.997592807 0.047337592 -5.739030838 0.995691121 -0.046776485 -0.080071807 218.028854370
-0.077413440 0.053518571 -0.995561600 84.918884277 0.048957922 0.997557640 0.049818970 -5.710187912 0.995796323 -0.044883970 -0.079844594 217.966094971
-0.076374412 0.055281546 -0.995545506 84.163894653 0.046494093 0.997573197 0.051827297 -5.688982964 0.995994568 -0.042328712 -0.078759313 217.905944824
-0.074177623 0.056270510 -0.995656371 83.438964844 0.045893200 0.997541606 0.052957974 -5.667553902 0.996188641 -0.041765563 -0.076577663 217.852172852
-0.070831776 0.058513042 -0.995770693 82.740890503 0.047247615 0.997354329 0.055245262 -5.649349213 0.996368766 -0.043134671 -0.073408961 217.806518555
-0.068089247 0.060225990 -0.995859802 82.072387695 0.049768422 0.997138619 0.056900553 -5.619842529 0.996437192 -0.045688055 -0.070891738 217.778564453
-0.064932108 0.061984051 -0.995962858 81.427536011 0.048860136 0.997069359 0.058867469 -5.597459793 0.996692896 -0.044840492 -0.067770481 217.736633301
-0.060767770 0.062608309 -0.996186554 80.816421509 0.048547991 0.997035086 0.059700202 -5.578758240 0.996970654 -0.044735011 -0.063627124 217.707214355
-0.055640817 0.060953483 -0.996588588 80.244766235 0.048473500 0.997122765 0.058279820 -5.554017067 0.997273505 -0.045065403 -0.058435321 217.683715820
-0.049454331 0.057690702 -0.997108996 79.704376221 0.049027339 0.997267127 0.055268221 -5.524553299 0.997572482 -0.046152346 -0.052147627 217.662048340
-0.043363571 0.054794945 -0.997555733 79.190170288 0.050515957 0.997337818 0.052587070 -5.509475708 0.997781575 -0.048112120 -0.046016216 217.657287598
-0.035287738 0.052900329 -0.997976065 78.692062378 0.052760363 0.997304082 0.050999131 -5.498099327 0.997983515 -0.050853930 -0.037983656 217.648345947
-0.026117206 0.052395176 -0.998284876 78.209487915 0.051777657 0.997355938 0.050991815 -5.478757858 0.998317063 -0.050357085 -0.028761029 217.655288696
-0.012182236 0.052569475 -0.998543024 77.737365723 0.047109839 0.997538328 0.051941842 -5.460995674 0.998815477 -0.046408430 -0.014628887 217.643081665
0.004253387 0.051724605 -0.998652458 77.273696899 0.042824656 0.997735739 0.051859535 -5.440122604 0.999073684 -0.042987525 0.002028704 217.654296875
0.024313271 0.051270224 -0.998389006 76.809951782 0.039342955 0.997861266 0.052201245 -5.420793533 0.998930097 -0.040548760 0.022244155 217.674224854
0.048237503 0.050721306 -0.997547328 76.349426270 0.038215395 0.997884870 0.052586425 -5.400098801 0.998104692 -0.040658306 0.046197116 217.709930420
0.075823367 0.050139476 -0.995859861 75.893997192 0.038911227 0.997825444 0.053201083 -5.390110970 0.996361732 -0.042784013 0.073707521 217.755126953
0.106731057 0.047741637 -0.993141234 75.446350098 0.037472032 0.997943819 0.051999569 -5.368787766 0.993581712 -0.042764992 0.104722619 217.817489624
0.140603721 0.045240216 -0.989031851 75.001007080 0.033334613 0.998172760 0.050397292 -5.352266312 0.989504695 -0.040055040 0.138838768 217.893798828
0.176526189 0.042963732 -0.983357906 74.564682007 0.028118823 0.998419046 0.048669487 -5.342287540 0.983894348 -0.036242310 0.175039053 217.992980957
0.215436637 0.041368358 -0.975641191 74.149566650 0.022357779 0.998631418 0.047280114 -5.323348045 0.976261854 -0.031999037 0.214216888 218.101135254
0.256290615 0.041636702 -0.965702713 73.733184814 0.016008209 0.998751938 0.047310110 -5.311040401 0.966467321 -0.027584311 0.255304217 218.226806641
0.299377620 0.040373739 -0.953280210 73.308151245 0.011527504 0.998878360 0.045925152 -5.296586514 0.954065144 -0.024737906 0.298576415 218.365722656
0.341882885 0.038685109 -0.938945949 72.912445068 0.005630470 0.999050081 0.043211561 -5.297061443 0.939725697 -0.020060001 0.341340303 218.531967163
0.385083079 0.035302036 -0.922206461 72.515777588 -0.004037126 0.999323010 0.036568280 -5.266696930 0.922873080 -0.010358763 0.384964943 218.714263916
0.428991616 0.033670794 -0.902680755 72.116226196 -0.007273054 0.999401391 0.033822104 -5.260398865 0.903279245 -0.007944157 0.428979754 218.922607422
0.472024620 0.033872090 -0.880934417 71.726303101 -0.006348778 0.999366283 0.035023998 -5.245045185 0.881562531 -0.010939334 0.471940577 219.169723511
0.515176892 0.034039974 -0.856407702 71.332351685 -0.003743497 0.999290824 0.037467290 -5.236341476 0.857075751 -0.016096324 0.514938951 219.440399170
0.557920337 0.037167232 -0.829061806 70.943321228 -0.006869392 0.999169230 0.040170446 -5.215889931 0.829866111 -0.016716760 0.557712197 219.731674194
0.598941922 0.041489635 -0.799717069 70.577362061 -0.010712625 0.998982668 0.043804482 -5.215212345 0.800720930 -0.017669272 0.598777056 220.046875000
0.639122665 0.042133767 -0.767949879 70.223655701 -0.013661796 0.998962700 0.043438382 -5.202737331 0.768983483 -0.017270882 0.639035344 220.379333496
0.678718567 0.040651865 -0.733272493 69.891799927 -0.015479772 0.999036849 0.041057456 -5.187963486 0.734235287 -0.016515570 0.678694189 220.727539062
0.717382967 0.040701609 -0.695489109 69.563812256 -0.021040745 0.999102354 0.036766648 -5.173068047 0.696361244 -0.011742158 0.717595398 221.101074219
0.753496170 0.038322423 -0.656334400 69.251037598 -0.025599813 0.999252856 0.028955402 -5.164942741 0.656953633 -0.005015748 0.753914237 221.492126465
0.786752582 0.034279436 -0.616315961 68.956665039 -0.029050732 0.999406695 0.018502455 -5.141233444 0.616584539 0.003347573 0.787281632 221.900970459
0.817959487 0.026666630 -0.574657500 68.696212769 -0.023440300 0.999640405 0.013023106 -5.138023853 0.574798107 0.002817769 0.818290472 222.325683594
0.845799506 0.016227819 -0.533254087 68.470214844 -0.013105824 0.999867618 0.009640380 -5.134118080 0.533339977 -0.001165096 0.845900238 222.777252197
0.869661093 0.009543066 -0.493557125 68.248092651 -0.006344028 0.999946594 0.008155902 -5.131457806 0.493608594 -0.003961731 0.869675159 223.243545532
0.890481114 0.008619927 -0.454938620 68.035545349 -0.005235324 0.999948442 0.008699032 -5.132582188 0.454990149 -0.005364573 0.890480280 223.709564209
0.908820510 0.012633346 -0.416996121 67.838989258 -0.009490417 0.999908805 0.009609464 -5.136156082 0.417079479 -0.004775811 0.908857465 224.181289673
0.925196409 0.014259849 -0.379220605 67.657035828 -0.011366095 0.999886692 0.009868564 -5.138040066 0.379318357 -0.004820103 0.925253689 224.668273926
0.939306438 0.010578778 -0.342916161 67.507156372 -0.007550780 0.999919832 0.010164099 -5.140728474 0.342996210 -0.006957919 0.939311028 225.163619995
0.951551378 0.004643545 -0.307454735 67.356231689 -0.001821247 0.999953568 0.009465848 -5.137628078 0.307484418 -0.008447289 0.951515615 225.695999146
0.961743236 0.005495367 -0.273897409 67.235397339 -0.003625106 0.999966562 0.007333995 -5.138870239 0.273928523 -0.006060514 0.961730957 226.195739746
0.970294952 0.009573959 -0.241735384 67.124778748 -0.008817583 0.999952257 0.004210578 -5.147293091 0.241764158 -0.001953981 0.970333099 226.685668945
0.977367520 0.008377541 -0.211382464 67.039833069 -0.008651054 0.999962509 -0.000369154 -5.157640934 0.211371452 0.002189480 0.977403343 227.185714722
0.983293653 0.000843053 -0.182024524 66.960525513 -0.002188333 0.999971747 -0.007189940 -5.159543037 0.182013333 0.007468153 0.983267725 227.715591431
0.987996817 -0.003290537 -0.154439077 66.902870178 0.001286520 0.999913692 -0.013074252 -5.167731285 0.154468760 0.012718630 0.987915814 228.232345581
0.991646469 -0.004932030 -0.128891423 66.848709106 0.002970015 0.999876857 -0.015410009 -5.171789646 0.128951550 0.014898471 0.991539001 228.769302368
0.994179666 -0.004063684 -0.107657976 66.800804138 0.002566366 0.999898076 -0.014043002 -5.179242611 0.107704073 0.013684978 0.994088829 229.303207397
0.995739460 -0.007183024 -0.091930985 66.768470764 0.006328967 0.999934077 -0.009578361 -5.180544376 0.091993734 0.008955725 0.995719314 229.855453491
0.996655941 -0.009841942 -0.081117354 66.746055603 0.009637438 0.999949336 -0.002912246 -5.195686817 0.081141904 0.002120744 0.996700287 230.410598755
0.997352839 -0.010180104 -0.071997531 66.715270996 0.010359260 0.999944091 0.002115402 -5.205700397 0.071971968 -0.002855643 0.997402549 230.951797485
0.997836709 -0.006221462 -0.065445945 66.673530579 0.006568117 0.999965489 0.005082996 -5.221737385 0.065412067 -0.005501857 0.997843146 231.498977661
0.998120725 -0.006003568 -0.060983013 66.638320923 0.006351849 0.999964595 0.005518863 -5.229457855 0.060947724 -0.005895847 0.998123527 232.046142578
0.997985244 -0.014569090 -0.061750993 66.626159668 0.014992855 0.999867082 0.006404684 -5.235962868 0.061649475 -0.007317604 0.998071015 232.592437744
0.997467339 -0.023286091 -0.067205906 66.603881836 0.023704497 0.999704242 0.005434927 -5.242160320 0.067059472 -0.007014244 0.997724295 233.140258789
0.996727526 -0.027096715 -0.076158091 66.545249939 0.027422050 0.999618709 0.003229160 -5.233510017 0.076041557 -0.005307003 0.997090518 233.691314697
0.995741189 -0.026330244 -0.088352613 66.485366821 0.026655989 0.999641538 0.002508808 -5.242938995 0.088254884 -0.004853249 0.996086121 234.220870972
0.994244158 -0.027437374 -0.103565194 66.403099060 0.027787264 0.999611974 0.001936910 -5.247229099 0.103471868 -0.004803555 0.994620800 234.770339966
0.991902709 -0.030616855 -0.123254158 66.336021423 0.030846672 0.999524117 -0.000043714 -5.254637718 0.123196840 -0.003758621 0.992375135 235.300109863
0.988556683 -0.033692788 -0.147039056 66.248176575 0.034148034 0.999416649 0.000572181 -5.263042927 0.146933988 -0.005586727 0.989130497 235.827682495
0.984305441 -0.031285979 -0.173677772 66.128295898 0.032391768 0.999468982 0.003535442 -5.261569977 0.173474953 -0.009105684 0.984796166 236.357238770
0.978423417 -0.026951851 -0.204844311 66.003776550 0.028988481 0.999555588 0.006947396 -5.267221451 0.204566032 -0.012735620 0.978769898 236.866653442
0.970303893 -0.024723336 -0.240622461 65.857902527 0.027040778 0.999614239 0.006333457 -5.277516365 0.240373060 -0.012651996 0.970598102 237.354705811
0.959831238 -0.020795815 -0.279806316 65.688468933 0.022719530 0.999735296 0.003633244 -5.294075489 0.279656708 -0.009844368 0.960049570 237.831771851
0.946143329 -0.016824923 -0.323310524 65.513153076 0.018186338 0.999833882 0.001190046 -5.299563885 0.323236793 -0.007005788 0.946292162 238.289489746
0.929387629 -0.011608114 -0.368922591 65.299087524 0.012112051 0.999926209 -0.000949972 -5.295367718 0.368906379 -0.003585516 0.929459631 238.737426758
0.908847570 -0.001585927 -0.417125463 65.062797546 0.000136357 0.999993861 -0.003504915 -5.299277782 0.417128444 0.003128555 0.908842146 239.159362793
0.884067178 0.011635740 -0.467215002 64.788688660 -0.014938465 0.999882758 -0.003365111 -5.305743694 0.467121065 0.009954459 0.884137332 239.562240601
0.854812980 0.026028559 -0.518283010 64.483688354 -0.029847508 0.999553978 0.000970341 -5.316392422 0.518077075 0.014639995 0.855208635 239.959869385
0.821514606 0.036224995 -0.569035530 64.170776367 -0.040891983 0.999153137 0.004570808 -5.319713116 0.568719208 0.019514006 0.822300196 240.325942993
0.783911824 0.043537777 -0.619343758 63.832611084 -0.047395561 0.998823881 0.010224740 -5.323931217 0.619060516 0.021338847 0.785053372 240.678039551
0.742501855 0.048531931 -0.668083489 63.479701996 -0.046423391 0.998702049 0.020954693 -5.314390182 0.668233335 0.015455804 0.743791163 241.015411377
0.697295070 0.056311108 -0.714568973 63.102798462 -0.046908218 0.998357236 0.032900587 -5.305878162 0.715247750 0.010577735 0.698791027 241.331787109
0.650172949 0.063272528 -0.757147133 62.703430176 -0.046463031 0.997972429 0.043499120 -5.281824589 0.758364320 0.006897402 0.651794493 241.612716675
0.599726558 0.071831748 -0.796974480 62.290473938 -0.051724084 0.997359872 0.050970007 -5.267583847 0.798531651 0.010654707 0.601858616 241.866424561
0.546879590 0.073664010 -0.833964229 61.899795532 -0.051939920 0.997188032 0.054021478 -5.252274990 0.835598588 0.013772792 0.549167871 242.057449341
0.489872575 0.067348883 -0.869188726 61.485641479 -0.045740917 0.997623861 0.051521178 -5.229866982 0.870593309 0.014518673 0.491789162 242.252319336
0.430759013 0.057344079 -0.900643349 61.040634155 -0.031831712 0.998323619 0.048338953 -5.200386524 0.901905537 0.007846572 0.431862235 242.441970825
0.369748771 0.051000994 -0.927730978 60.568405151 -0.021588577 0.998694360 0.046297964 -5.169002533 0.928880930 0.002909775 0.370367050 242.608062744
0.310029387 0.051541843 -0.949328840 60.078384399 -0.017945712 0.998668730 0.048359986 -5.138797760 0.950557590 0.002043366 0.310541570 242.728866577
0.254075587 0.055344988 -0.965599656 59.574279785 -0.019240068 0.998453081 0.052165460 -5.119635582 0.966993034 0.005324227 0.254747391 242.820632935
0.202283978 0.058155414 -0.977598548 59.083007812 -0.020960193 0.998263717 0.055047669 -5.100077152 0.979102492 0.009355403 0.203151703 242.878295898
0.154175401 0.057559386 -0.986365557 58.566848755 -0.021172773 0.998264909 0.054944333 -5.073316097 0.987816691 0.012413022 0.155126572 242.922760010
0.110029399 0.055978727 -0.992350817 58.056411743 -0.018743170 0.998352051 0.054239072 -5.049086571 0.993751705 0.012631902 0.110897243 242.951629639
0.071080983 0.052884459 -0.996067584 57.544265747 -0.016681040 0.998516917 0.051824115 -5.025472641 0.997331023 0.012931734 0.071857750 242.962188721
0.038685322 0.049445078 -0.998027384 57.021087646 -0.017563775 0.998654366 0.048795335 -4.999641418 0.999097109 0.015641464 0.039501667 242.954116821
0.012388825 0.047111019 -0.998812795 56.497268677 -0.022009976 0.998660326 0.046830826 -4.977908134 0.999680936 0.021403668 0.013409138 242.931716919
-0.007128239 0.045315769 -0.998947322 55.960983276 -0.026069915 0.998624682 0.045487158 -4.963416576 0.999634743 0.026366709 -0.005936980 242.906280518
-0.021858454 0.043413535 -0.998818159 55.387329102 -0.028248824 0.998631001 0.044023607 -4.939796925 0.999362051 0.029177714 -0.020602226 242.877777100
-0.034306407 0.041459337 -0.998551011 54.805496216 -0.026915809 0.998738468 0.042391844 -4.910932541 0.999048829 0.028331123 -0.033147216 242.848571777
-0.043766260 0.039832845 -0.998247504 54.213150024 -0.025359914 0.998838544 0.040968288 -4.889329910 0.998719990 0.027108489 -0.042705178 242.814575195
-0.049365878 0.038859177 -0.998024642 53.592361450 -0.026085133 0.998851836 0.040181652 -4.867092133 0.998440206 0.028017201 -0.048295498 242.775009155
-0.052484035 0.038912017 -0.997863531 52.964721680 -0.027585670 0.998802722 0.040399548 -4.842021942 0.998240829 0.029647054 -0.051347852 242.742675781
-0.053379416 0.039200731 -0.997804582 52.292953491 -0.028474735 0.998763084 0.040761698 -4.818129539 0.998168230 0.030588057 -0.052197099 242.697387695
-0.052439213 0.040169552 -0.997815967 51.613662720 -0.027567556 0.998751640 0.041656006 -4.793319702 0.998243630 0.029691750 -0.051266432 242.663574219
-0.051377058 0.040190000 -0.997870266 50.918197632 -0.026054712 0.998795867 0.041568749 -4.763611794 0.998339355 0.028134905 -0.050268054 242.624847412
-0.049981356 0.038919110 -0.997991621 50.196472168 -0.023363730 0.998921454 0.040125474 -4.740414143 0.998476863 0.025322333 -0.049018145 242.581848145
-0.049023986 0.036599513 -0.998126924 49.462844849 -0.020743538 0.999075532 0.037653141 -4.712713242 0.998582304 0.022550583 -0.048219442 242.555465698
-0.048123479 0.035178341 -0.998221815 48.691314697 -0.019144706 0.999163568 0.036134481 -4.675741196 0.998657942 0.020849578 -0.047409773 242.513687134
-0.047475815 0.034882743 -0.998263240 47.909149170 -0.019699162 0.999162972 0.035851043 -4.651124954 0.998678267 0.021366997 -0.046748877 242.474166870
-0.047300935 0.034998436 -0.998267472 47.091552734 -0.019730901 0.999158263 0.035964578 -4.621794701 0.998685896 0.021397870 -0.046570539 242.434753418
-0.047135353 0.036271431 -0.998229861 46.276596069 -0.017779499 0.999151707 0.037144460 -4.596841812 0.998730361 0.019498840 -0.046450496 242.398605347
-0.046529174 0.036546979 -0.998248160 45.426254272 -0.014236072 0.999204755 0.037245557 -4.571757317 0.998815536 0.015944136 -0.045971870 242.360031128
-0.046375155 0.035555221 -0.998291135 44.561096191 -0.012212397 0.999271512 0.036157459 -4.539282799 0.998849452 0.013868335 -0.045907140 242.322052002
-0.047057271 0.035521179 -0.998260498 43.690582275 -0.010497485 0.999294758 0.036052831 -4.512273312 0.998837113 0.012175770 -0.046651244 242.279327393
-0.048992991 0.037092496 -0.998110235 42.795150757 -0.008834713 0.999255002 0.037568700 -4.481681347 0.998760164 0.010658615 -0.048628807 242.228912354
-0.051741838 0.040089533 -0.997855604 41.889831543 -0.006756867 0.999157012 0.040492184 -4.454470634 0.998637736 0.008837514 -0.051427364 242.181732178
-0.055443168 0.041933522 -0.997580886 40.962493896 -0.004929284 0.999094009 0.042271085 -4.422451973 0.998449624 0.007261001 -0.055186152 242.139801025
-0.058426142 0.039243907 -0.997520089 40.018707275 -0.005885438 0.999196112 0.039654564 -4.385426044 0.998274386 0.008187708 -0.058148265 242.075073242
-0.061689138 0.034493133 -0.997499228 39.064544678 -0.006935992 0.999363720 0.034986556 -4.353541851 0.998071373 0.009076934 -0.061410666 242.005462646
-0.064118028 0.030955249 -0.997462153 38.091049194 -0.006186601 0.999487281 0.031415779 -4.319577217 0.997923195 0.008185213 -0.063893557 241.934722900
-0.066143274 0.033778995 -0.997238338 37.093902588 -0.005414236 0.999399960 0.034211326 -4.286525249 0.997795582 0.007662130 -0.065920711 241.863845825
-0.067718506 0.040182281 -0.996895134 36.079467773 -0.003586009 0.999172390 0.040517673 -4.256879330 0.997698188 0.006318660 -0.067518353 241.792449951
-0.068872571 0.045158576 -0.996602893 35.048477173 -0.001017546 0.998971283 0.045336213 -4.214368820 0.997624993 0.004136507 -0.068755746 241.719284058
-0.070213199 0.046027359 -0.996469617 34.004211426 0.001914202 0.998939276 0.046006560 -4.171405792 0.997530222 0.001322825 -0.070226789 241.655792236
-0.071064353 0.044194531 -0.996492326 32.946624756 0.001521518 0.999021649 0.044198200 -4.130726337 0.997470737 0.001624731 -0.071062088 241.573776245
-0.071812630 0.041848917 -0.996539891 31.883453369 -0.000183971 0.999118805 0.041970480 -4.088604927 0.997418165 0.003197339 -0.071741581 241.488403320
-0.071957946 0.040705238 -0.996576786 30.806991577 -0.000832151 0.999164104 0.040871006 -4.051624298 0.997407377 0.003770293 -0.071864009 241.402191162
-0.071550488 0.040789824 -0.996602714 29.711532593 -0.005089709 0.999135554 0.041258905 -4.014467239 0.997424126 0.008024508 -0.071281075 241.321685791
-0.070677400 0.038884327 -0.996741176 28.627578735 -0.009453899 0.999168932 0.039649401 -3.980061293 0.997454584 0.012225401 -0.070251107 241.225433350
-0.070550799 0.037655640 -0.996797264 27.531799316 -0.011711867 0.999187052 0.038574856 -3.945502043 0.997439504 0.014395838 -0.070052385 241.145111084
-0.070024610 0.037358120 -0.996845603 26.449371338 -0.013486264 0.999171734 0.038392652 -3.915634155 0.997454226 0.016132144 -0.069462776 241.063537598
-0.068898439 0.037888680 -0.996904075 25.369949341 -0.012521188 0.999166965 0.038840059 -3.889616013 0.997545242 0.015158438 -0.068366647 240.985519409
-0.068439722 0.037785485 -0.996939480 24.285614014 -0.011009362 0.999193072 0.038626689 -3.859693527 0.997594535 0.013619263 -0.067968488 240.906860352
-0.068182230 0.039657906 -0.996884525 23.204895020 -0.007515098 0.999160886 0.040262461 -3.833263159 0.997644722 0.010236858 -0.067826986 240.836883545
-0.068007469 0.041595522 -0.996817470 22.119903564 0.001166444 0.999133170 0.041612577 -3.801637650 0.997684300 0.001667225 -0.067996979 240.773544312
-0.068265557 0.041009910 -0.996824086 21.047973633 0.002246939 0.999158561 0.040952079 -3.765532970 0.997664750 0.000555804 -0.068300247 240.701843262
-0.069679141 0.041373774 -0.996711135 19.967514038 0.006123284 0.999138474 0.041046463 -3.734979630 0.997550666 -0.003243065 -0.069872379 240.627792358
-0.072430611 0.043673601 -0.996416807 18.894210815 0.008551823 0.999031305 0.043166555 -3.702680588 0.997336805 -0.005394599 -0.072733879 240.552322388
-0.075498104 0.048230115 -0.995978951 17.819610596 0.005895627 0.998833716 0.047921453 -3.671534538 0.997128606 -0.002253943 -0.075694442 240.467590332
-0.078408360 0.050553441 -0.995638847 16.745422363 0.003617086 0.998721302 0.050425105 -3.635821819 0.996914864 0.000352434 -0.078490973 240.375610352
-0.081247926 0.049149707 -0.995481312 15.688323975 0.000280167 0.998784482 0.049289927 -3.593648911 0.996693850 0.003725801 -0.081162930 240.272720337
-0.083082795 0.045099489 -0.995521724 14.638000488 -0.002478211 0.998962998 0.045462213 -3.555521488 0.996539652 0.006244236 -0.082884789 240.170730591
-0.085094094 0.041566744 -0.995505512 13.582550049 -0.005884889 0.999091029 0.042219486 -3.521751642 0.996355593 0.009451067 -0.084772110 240.081436157
-0.086173654 0.040564992 -0.995454133 12.547027588 -0.007874511 0.999111772 0.041395720 -3.496428728 0.996249199 0.011405928 -0.085777760 239.981750488
-0.087743521 0.042066243 -0.995254636 11.508758545 -0.010463334 0.999013901 0.043147609 -3.462179422 0.996088266 0.014199598 -0.087216854 239.885330200
-0.088465333 0.046409395 -0.994997561 10.486480713 -0.013245886 0.998770833 0.047763091 -3.432447433 0.995991230 0.017405001 -0.087741852 239.782196045
-0.089723229 0.048070390 -0.994806170 9.482177734 -0.018169874 0.998589337 0.049891971 -3.400508165 0.995801151 0.022551961 -0.088723183 239.679687500
-0.090422869 0.047592461 -0.994765699 8.485778809 -0.022242902 0.998511851 0.049793541 -3.368821144 0.995655060 0.026628951 -0.089229703 239.574630737
-0.091283679 0.045477375 -0.994785905 7.501861572 -0.028847137 0.998416662 0.048290428 -3.335044622 0.995406985 0.033104856 -0.089827180 239.467132568
-0.091739893 0.045395855 -0.994747758 6.530364990 -0.031970821 0.998311043 0.048506953 -3.300093412 0.995269716 0.036252923 -0.090133667 239.370391846
-0.092326164 0.044587985 -0.994730115 5.582336426 -0.035026733 0.998233199 0.047996026 -3.270656109 0.995112658 0.039273430 -0.090601325 239.276138306
-0.092074275 0.044394910 -0.994762063 4.663970947 -0.038964007 0.998079896 0.048149455 -3.245504379 0.994989574 0.043193240 -0.090167761 239.178039551
-0.091999888 0.044361830 -0.994770467 3.748138428 -0.041057691 0.997988522 0.048302501 -3.214285851 0.994912326 0.045286797 -0.089993477 239.089599609
-0.091479182 0.046385657 -0.994726181 2.852935791 -0.041405402 0.997873485 0.050340232 -3.190100670 0.994945943 0.045792107 -0.089364052 238.998672485
-0.091734886 0.048145648 -0.994619071 1.977966309 -0.041871764 0.997760534 0.052159596 -3.160043716 0.994902968 0.046431292 -0.089513540 238.920028687
-0.091577053 0.047772545 -0.994651616 1.139068604 -0.043138158 0.997720599 0.051891655 -3.134876251 0.994863331 0.047659501 -0.089307427 238.833267212
-0.091659427 0.046754021 -0.994692206 0.326019287 -0.042854309 0.997786522 0.050848428 -3.107900858 0.994867861 0.047287587 -0.089452863 238.753616333
-0.092081070 0.045774452 -0.994698882 -0.469329834 -0.040225100 0.997956395 0.049648069 -3.082520962 0.994938731 0.044583499 -0.090051532 238.684219360
-0.092746019 0.045645047 -0.994643211 -1.231750488 -0.040399466 0.997953534 0.049564034 -3.057752848 0.994870067 0.044779904 -0.090712190 238.612762451
-0.092845201 0.046508756 -0.994593740 -1.976776123 -0.040932897 0.997885704 0.050483774 -3.033305407 0.994838834 0.045398783 -0.090745211 238.545867920
-0.092301011 0.046170834 -0.994660258 -2.692199707 -0.042434081 0.997834504 0.050255910 -3.015342474 0.994826674 0.046846151 -0.090141892 238.470123291
-0.091223836 0.046728089 -0.994733572 -3.384201050 -0.043105684 0.997776926 0.050824136 -2.994490385 0.994897127 0.047515035 -0.089006782 238.405548096
-0.088820696 0.048480075 -0.994867265 -4.041152954 -0.043177459 0.997688532 0.052472390 -2.970011234 0.995111465 0.047616459 -0.086522102 238.341567993
-0.085416913 0.050774019 -0.995050848 -4.669464111 -0.042620700 0.997600317 0.054562747 -2.951702595 0.995433450 0.047070339 -0.083047986 238.288619995
-0.081301808 0.052580576 -0.995301723 -5.268814087 -0.043694969 0.997459352 0.056263808 -2.934093714 0.995731354 0.048064020 -0.078797698 238.240036011
-0.075852275 0.054673888 -0.995619118 -5.836288452 -0.043919895 0.997343361 0.058114659 -2.920186996 0.996151447 0.048135605 -0.073249459 238.196060181
-0.069674015 0.055282082 -0.996037006 -6.372619629 -0.044124451 0.997315347 0.058439590 -2.894343853 0.996593654 0.048021294 -0.067047715 238.160064697
-0.062678218 0.055263396 -0.996502638 -6.867645264 -0.043071244 0.997385800 0.058021475 -2.880795479 0.997104049 0.046557281 -0.060134053 238.137466431
-0.054537892 0.053485759 -0.997078300 -7.326171875 -0.041722838 0.997570157 0.055794287 -2.862308502 0.997639716 0.044643831 -0.052173853 238.116821289
-0.045609355 0.051642049 -0.997623622 -7.755477905 -0.040574398 0.997743011 0.053503208 -2.845288754 0.998135030 0.042918220 -0.043411016 238.103134155
-0.036318183 0.050038043 -0.998086929 -8.150390625 -0.040492915 0.997851729 0.051499706 -2.834500313 0.998519719 0.042285811 -0.034214020 238.094650269
-0.027547598 0.049268078 -0.998405635 -8.515960693 -0.040613838 0.997904778 0.050363962 -2.822736502 0.998795092 0.041936491 -0.025488853 238.102050781
-0.018112063 0.048628606 -0.998652756 -8.860946655 -0.040319446 0.997968554 0.049326546 -2.813498497 0.999022722 0.041158527 -0.016114473 238.098144531
-0.008462787 0.043779545 -0.999005497 -9.170715332 -0.038367964 0.998291254 0.044073269 -2.811529398 0.999228001 0.038702779 -0.006768584 238.101074219
0.001315475 0.037922066 -0.999279916 -9.458251953 -0.036355708 0.998621881 0.037849236 -2.807332754 0.999338150 0.036279734 0.002692342 238.118682861
0.012075305 0.035541095 -0.999295413 -9.726272583 -0.034872513 0.998775184 0.035101198 -2.800156116 0.999318957 0.034424074 0.013299942 238.132339478
0.022544861 0.035603646 -0.999111772 -9.972167969 -0.034717210 0.998790801 0.034808818 -2.794075489 0.999142945 0.033901606 0.023753703 238.146987915
0.033702970 0.034226827 -0.998845756 -10.209823608 -0.034193870 0.998867810 0.033073816 -2.791533947 0.998846889 0.033039708 0.034835160 238.165908813
0.045970380 0.030958664 -0.998462975 -10.441268921 -0.033925928 0.998991430 0.029413061 -2.788268566 0.998366535 0.032521654 0.046974301 238.187210083
0.060010195 0.027440200 -0.997820556 -10.674987793 -0.034129713 0.999094009 0.025422614 -2.784859896 0.997614145 0.032529712 0.060892344 238.215377808
0.076621294 0.024551045 -0.996757984 -10.897567749 -0.034284830 0.999170482 0.021974977 -2.781551600 0.996470690 0.032489926 0.077399433 238.247283936
0.095214367 0.022970809 -0.995191872 -11.115798950 -0.034996521 0.999192953 0.019714890 -2.778075457 0.994841576 0.032951105 0.095941424 238.276596069
0.114696503 0.022222094 -0.993152022 -11.337966919 -0.035741463 0.999194801 0.018229617 -2.774935007 0.992757440 0.033405829 0.115398407 238.316406250
0.134279668 0.023535741 -0.990664065 -11.559265137 -0.033913232 0.999241412 0.019142745 -2.771675587 0.990363121 0.031026134 0.134975970 238.370910645
0.155657470 0.027739491 -0.987421632 -11.772445679 -0.032310374 0.999213755 0.022977345 -2.775726318 0.987282634 0.028327361 0.156431377 238.420471191
0.177812040 0.030909274 -0.983579040 -11.986099243 -0.031883419 0.999162793 0.025635093 -2.775772572 0.983547926 0.026801627 0.178648651 238.478317261
0.200562418 0.030456578 -0.979207456 -12.192321777 -0.034065567 0.999128997 0.024098856 -2.777169228 0.979088545 0.028523931 0.201425254 238.536590576
0.227308750 0.024540933 -0.973513484 -12.400695801 -0.034361068 0.999262035 0.017166944 -2.770826340 0.973216355 0.029548766 0.227984250 238.602188110
0.256665111 0.018622970 -0.966320932 -12.626632690 -0.032094188 0.999427199 0.010736435 -2.770153284 0.965967357 0.028257616 0.257115781 238.687469482
0.287814856 0.016361911 -0.957546294 -12.869827271 -0.028001802 0.999570310 0.008663339 -2.771645069 0.957276642 0.024319585 0.288149357 238.793060303
0.321538031 0.017688807 -0.946731508 -13.124862671 -0.022277676 0.999690056 0.011112131 -2.774318218 0.946634650 0.017518001 0.321832478 238.917114258
0.358743966 0.021781737 -0.933181882 -13.400794983 -0.021102181 0.999661446 0.015221130 -2.771960258 0.933197498 0.014231680 0.359082162 239.054092407
0.398204803 0.027844526 -0.916873872 -13.680145264 -0.022756439 0.999531448 0.020471470 -2.766588211 0.917014301 0.012712942 0.398651838 239.207458496
0.439594686 0.033464689 -0.897572696 -13.978515625 -0.026874244 0.999348342 0.024097333 -2.765074968 0.897794187 0.013528524 0.440207601 239.380844116
0.483502209 0.037695721 -0.874531150 -14.290893555 -0.031229002 0.999179125 0.025802953 -2.759085178 0.874785960 0.014834946 0.484282553 239.574020386
0.527376294 0.040493637 -0.848666370 -14.597061157 -0.032315835 0.999096811 0.027589716 -2.755532265 0.849017084 0.012875199 0.528208554 239.806427002
0.572057247 0.041344084 -0.819171071 -14.888412476 -0.030630661 0.999108970 0.029035145 -2.754385471 0.819641590 0.008481981 0.572813988 240.062500000
0.617830038 0.039271411 -0.785330355 -15.172191620 -0.028498236 0.999214172 0.027546983 -2.753004551 0.785795093 0.005361174 0.618463755 240.344451904
0.663688064 0.037818052 -0.747052908 -15.449867249 -0.029604472 0.999266624 0.024285005 -2.755428553 0.747423470 0.005998441 0.664320886 240.645050049
0.709692717 0.032410476 -0.703765452 -15.723989487 -0.029431716 0.999433100 0.016347250 -2.735355854 0.703896344 0.009111498 0.710244298 240.973129272
0.754215479 0.031202037 -0.655885220 -15.979642868 -0.032531373 0.999419332 0.010136303 -2.733570576 0.655820608 0.013691888 0.754792571 241.315658569
0.796208620 0.031343501 -0.604209781 -16.243070602 -0.034947101 0.999372363 0.005790450 -2.720200062 0.604012072 0.016504973 0.796804309 241.712280273
0.835013270 0.031520806 -0.549326241 -16.513288498 -0.034363814 0.999396324 0.005110876 -2.714757442 0.549155772 0.014609295 0.835592330 242.157272339
0.869076788 0.028710004 -0.493843406 -16.726400375 -0.030420901 0.999526739 0.004572944 -2.710129738 0.493740976 0.011048920 0.869538844 242.618682861
0.898608923 0.025163701 -0.438028306 -16.915210724 -0.025882574 0.999655604 0.004330138 -2.716567516 0.437986404 0.007446198 0.898950756 243.108764648
0.923567474 0.022843787 -0.382754833 -17.087833405 -0.023739394 0.999715328 0.002383647 -2.717034340 0.382700324 0.006884908 0.923846900 243.632049561
0.944350123 0.021480352 -0.328240007 -17.235561371 -0.023719814 0.999714673 -0.002819845 -2.714752913 0.328085780 0.010448713 0.944590151 244.168151855
0.961325347 0.022108603 -0.274526507 -17.368894577 -0.025018875 0.999661744 -0.007103693 -2.716170549 0.274276584 0.013697304 0.961553276 244.734359741
0.974473894 0.023397937 -0.223278344 -17.476093292 -0.025848612 0.999633372 -0.008059172 -2.725633144 0.223007917 0.013624888 0.974721432 245.328125000
0.984094143 0.023964049 -0.176023841 -17.567440033 -0.025789693 0.999634624 -0.008090910 -2.731863022 0.175765634 0.012501817 0.984352648 245.949844360
0.990504444 0.021319769 -0.135817766 -17.629961014 -0.022656791 0.999708772 -0.008305917 -2.741281033 0.135601133 0.011304242 0.990698993 246.597808838
0.994484067 0.017509367 -0.103416003 -17.678167343 -0.018516989 0.999789894 -0.008791308 -2.747358322 0.103240348 0.010657768 0.994599342 247.272644043
0.996849597 0.012100774 -0.078386508 -17.713119507 -0.012850162 0.999876380 -0.009062799 -2.751231909 0.078267150 0.010041527 0.996881843 247.985092163
0.998147309 0.008259723 -0.060280316 -17.741153717 -0.008821677 0.999920011 -0.009062178 -2.760252237 0.060200647 0.009577161 0.998140335 248.708312988
0.998794019 0.005973778 -0.048732363 -17.776567459 -0.006418202 0.999939203 -0.008968309 -2.776268959 0.048675824 0.009270268 0.998771608 249.459136963
0.999107540 0.003243759 -0.042114306 -17.799894333 -0.003654353 0.999946535 -0.009676184 -2.784736633 0.042080667 0.009821448 0.999065936 250.218246460
0.999238729 0.002147757 -0.038953058 -17.825572968 -0.002585054 0.999934196 -0.011179374 -2.789489031 0.038926482 0.011271559 0.999178529 251.006042480
0.999306560 0.002897778 -0.037120741 -17.855979919 -0.003346787 0.999921918 -0.012039502 -2.800629377 0.037082955 0.012155389 0.999238253 251.820220947
0.999331236 0.002934544 -0.036448725 -17.883483887 -0.003354906 0.999928534 -0.011477162 -2.811054468 0.036412440 0.011591769 0.999269605 252.650741577
0.999338508 0.003625985 -0.036186054 -17.923244476 -0.003973503 0.999946654 -0.009536369 -2.821498871 0.036149547 0.009673846 0.999299586 253.503021240
0.999330223 0.002716533 -0.036492806 -17.963800430 -0.002952008 0.999975145 -0.006400324 -2.831360579 0.036474515 0.006503765 0.999313414 254.372360229
0.999267936 0.003596468 -0.038088009 -17.998241425 -0.003767675 0.999983132 -0.004424212 -2.842480421 0.038071454 0.004564476 0.999264598 255.271331787
0.999179184 0.002648169 -0.040422402 -18.027057648 -0.002858056 0.999982715 -0.005135437 -2.851712465 0.040408105 0.005246751 0.999169469 256.189178467
0.999072552 0.001188239 -0.043041781 -18.072362900 -0.001564941 0.999960780 -0.008719376 -2.860090494 0.043029733 0.008778648 0.999035239 257.114837646
0.998948216 0.000826299 -0.045844957 -18.122138977 -0.001552835 0.999873757 -0.015814338 -2.867319107 0.045826104 0.015868895 0.998823404 258.063446045
0.998808622 0.003819333 -0.048648790 -18.174186707 -0.004857183 0.999762774 -0.021233197 -2.882613897 0.048556149 0.021444196 0.998590231 259.040618896
0.998708069 0.006305564 -0.050422821 -18.233982086 -0.007342589 0.999764800 -0.020407867 -2.905031204 0.050282277 0.020751735 0.998519421 260.033569336
0.998679876 0.008055178 -0.050730538 -18.304641724 -0.008670326 0.999891400 -0.011917428 -2.916977882 0.050629031 0.012341546 0.998641253 261.060882568
0.998675108 0.006565082 -0.051038962 -18.358177185 -0.006690988 0.999974966 -0.002296384 -2.932457924 0.051022612 0.002634842 0.998694003 262.109832764
0.998647690 0.003438500 -0.051873989 -18.412738800 -0.003466023 0.999993920 -0.000440619 -2.943288803 0.051872157 0.000619820 0.998653531 263.180908203
0.998606324 0.000043569 -0.052777376 -18.467727661 -0.000439851 0.999971807 -0.007496968 -2.941138506 0.052775562 0.007509734 0.998578191 264.249755859
0.998535275 -0.002534249 -0.054044783 -18.524642944 0.001701522 0.999879241 -0.015448545 -2.956024885 0.054077405 0.015333959 0.998418987 265.347412109
0.998489916 -0.003234902 -0.054840218 -18.580999374 0.002108935 0.999786019 -0.020577226 -2.974997759 0.054895051 0.020430498 0.998283088 266.459533691
0.998445988 -0.001062201 -0.055718169 -18.646869659 -0.000024394 0.999809921 -0.019497333 -3.003866673 0.055728287 0.019468393 0.998256147 267.586791992
0.998412848 0.000489559 -0.056316387 -18.713426590 -0.001179830 0.999924600 -0.012224437 -3.028743505 0.056306157 0.012271479 0.998338103 268.740600586
0.998387337 0.001747432 -0.056741990 -18.789522171 -0.001897749 0.999994814 -0.002595370 -3.047467470 0.056737162 0.002698867 0.998385489 269.895690918
0.998342156 0.002123342 -0.057519246 -18.860343933 -0.002015807 0.999996126 0.001927499 -3.056125164 0.057523113 -0.001808356 0.998342514 271.071838379
0.998324573 0.000208606 -0.057861835 -18.930095673 -0.000231210 0.999999881 -0.000383962 -3.063230991 0.057861749 0.000396697 0.998324513 272.242675781
0.998269260 -0.001242190 -0.058795523 -19.001964569 0.000909745 0.999983430 -0.005680698 -3.076032400 0.058801606 0.005617377 0.998253882 273.422576904
0.998199344 -0.002848702 -0.059916701 -19.072622299 0.002232563 0.999943972 -0.010347699 -3.089317322 0.059942823 0.010195298 0.998149753 274.615264893
0.998131931 -0.002184519 -0.061056696 -19.149215698 0.001425712 0.999921262 -0.012468714 -3.107337952 0.061079126 0.012358372 0.998056412 275.818328857
0.998109937 -0.003009707 -0.061379910 -19.228111267 0.002438937 0.999953091 -0.009371762 -3.132247448 0.061405238 0.009204348 0.998070478 277.035522461
0.998060644 -0.001730275 -0.062225267 -19.309177399 0.001424433 0.999986708 -0.004959105 -3.151813984 0.062233020 0.004860851 0.998049796 278.258148193
0.998000026 -0.003226615 -0.063131332 -19.376760483 0.002833988 0.999976099 -0.006307761 -3.171579599 0.063150175 0.006116232 0.997985303 279.459350586
0.997925222 -0.004619360 -0.064218156 -19.459302902 0.003896125 0.999927640 -0.011382819 -3.189980984 0.064266086 0.011109000 0.997870982 280.687042236
0.997877479 -0.005201059 -0.064911053 -19.537687302 0.004263076 0.999884605 -0.014580433 -3.218302250 0.064979397 0.014272766 0.997784555 281.905151367
0.997797191 -0.004393371 -0.066192895 -19.627340317 0.003398688 0.999879718 -0.015132158 -3.249109030 0.066251412 0.014873856 0.997692108 283.143341064
0.997810423 -0.001591185 -0.066119462 -19.720272064 0.000746678 0.999917865 -0.012795187 -3.279800653 0.066134393 0.012717800 0.997729659 284.358947754
0.997818887 0.000657844 -0.066008054 -19.803541183 -0.001214736 0.999963999 -0.008396943 -3.308131218 0.066000149 0.008458811 0.997783780 285.593963623
0.997878969 0.003991173 -0.064973816 -19.898656845 -0.004303062 0.999979854 -0.004661004 -3.328075409 0.064953908 0.004930704 0.997876108 286.829742432
0.997928917 0.005504303 -0.064090550 -19.983066559 -0.005731913 0.999977887 -0.003368059 -3.347721815 0.064070597 0.003728445 0.997938395 288.085388184
0.998019814 0.004163646 -0.062762052 -20.068239212 -0.004463592 0.999979258 -0.004639649 -3.367932796 0.062741436 0.004910606 0.998017728 289.335266113
0.998110235 0.004404016 -0.061290659 -20.151636124 -0.004926956 0.999952734 -0.008383619 -3.393839836 0.061250839 0.008669753 0.998084724 290.564453125
0.998159230 0.002960782 -0.060575254 -20.220205307 -0.003764275 0.999906361 -0.013154563 -3.422797203 0.060530636 0.013358371 0.998076975 291.803894043
0.998217106 0.002983524 -0.059612788 -20.298261642 -0.003924333 0.999869525 -0.015671153 -3.446778536 0.059558254 0.015877152 0.998098552 293.053619385
0.998306036 0.003368046 -0.058083694 -20.384696960 -0.004155730 0.999900937 -0.013445733 -3.479565144 0.058032654 0.013664337 0.998221159 294.308410645
0.998327672 0.006053051 -0.057491399 -20.461982727 -0.006634831 0.999928653 -0.009933944 -3.511373997 0.057427164 0.010298776 0.998296559 295.566955566
0.998354137 0.007564067 -0.056848828 -20.540361404 -0.007987001 0.999942064 -0.007216098 -3.536498785 0.056790952 0.007658273 0.998356700 296.820587158
0.998356283 0.010418400 -0.056357931 -20.625514984 -0.010578077 0.999940813 -0.002535701 -3.554353237 0.056328177 0.003127692 0.998407423 298.079162598
0.998367131 0.012425884 -0.055754986 -20.697322845 -0.012317893 0.999921560 0.002280132 -3.573489189 0.055778943 -0.001589625 0.998441875 299.342895508
0.998328984 0.015894722 -0.055556990 -20.778751373 -0.015899884 0.999873519 0.000349143 -3.585904360 0.055555515 0.000534790 0.998455465 300.593566895
0.998278499 0.018881291 -0.055529069 -20.856876373 -0.019186331 0.999803603 -0.004965298 -3.600818634 0.055424411 0.006022150 0.998444736 301.841064453
0.998193681 0.021587849 -0.056065951 -20.936426163 -0.022143077 0.999711573 -0.009300783 -3.621099949 0.055848993 0.010525456 0.998383760 303.101379395
0.998077273 0.025383150 -0.056546126 -21.012895584 -0.026098285 0.999588013 -0.011944452 -3.650583267 0.056219645 0.013397243 0.998328507 304.364624023
0.998039842 0.026675403 -0.056611970 -21.106336594 -0.027414870 0.999548137 -0.012325693 -3.675023079 0.056257598 0.013853543 0.998320162 305.626220703
0.997942686 0.027951259 -0.057698037 -21.175897598 -0.028495157 0.999556720 -0.008625360 -3.713228464 0.057431374 0.010251730 0.998296797 306.891387939
0.997988462 0.026447373 -0.057616152 -21.258848190 -0.026800413 0.999626398 -0.005363239 -3.735001802 0.057452783 0.006896587 0.998324394 308.158905029
0.997949004 0.026772488 -0.058146846 -21.341054916 -0.027043104 0.999626756 -0.003871955 -3.752449989 0.058021482 0.005436485 0.998300552 309.428558350
0.997915328 0.025750451 -0.059177376 -21.408836365 -0.025984650 0.999657273 -0.003191354 -3.774730444 0.059074912 0.004722404 0.998242378 310.698089600
0.997899413 0.025274048 -0.059649091 -21.491847992 -0.025476780 0.999671936 -0.002640583 -3.793871164 0.059562784 0.004154703 0.998215914 311.970428467
0.997860909 0.024381487 -0.060656097 -21.562097549 -0.024591411 0.999693871 -0.002716693 -3.818997860 0.060571294 0.004202500 0.998154998 313.248413086
0.997748852 0.025747135 -0.061921455 -21.639886856 -0.025932323 0.999661326 -0.002188755 -3.831237793 0.061844129 0.003789595 0.998078644 314.510345459
0.997737646 0.025364986 -0.062259566 -21.728633881 -0.025520774 0.999672830 -0.001708147 -3.846812010 0.062195871 0.003293194 0.998058558 315.788391113
0.997709155 0.025705909 -0.062575281 -21.811649323 -0.026005663 0.999653876 -0.003980414 -3.873717308 0.062451303 0.005598607 0.998032331 317.047790527
0.997667134 0.026930166 -0.062730275 -21.900362015 -0.027513640 0.999585688 -0.008455979 -3.896153450 0.062476564 0.010162191 0.997994721 318.312408447
0.997723699 0.025281502 -0.062516332 -21.983884811 -0.025784969 0.999641180 -0.007259607 -3.921960354 0.062310364 0.008855063 0.998017550 319.573303223
0.997710824 0.026862409 -0.062060356 -22.074758530 -0.027141081 0.999624968 -0.003651543 -3.940274954 0.061938990 0.005327569 0.998065710 320.844726562
0.997790456 0.025843132 -0.061207220 -22.160341263 -0.025934082 0.999663413 -0.000691856 -3.961295605 0.061168738 0.002277680 0.998124838 322.103942871
0.997814715 0.026224107 -0.060647290 -22.243192673 -0.026199568 0.999656022 0.001199904 -3.974105597 0.060657892 0.000391651 0.998158514 323.377868652
0.997861326 0.025517881 -0.060180321 -22.331089020 -0.025442487 0.999674261 0.002018881 -3.990429401 0.060212236 -0.000483427 0.998185456 324.645385742
0.997935236 0.022084817 -0.060311649 -22.405969620 -0.022112897 0.999755442 0.000201917 -4.007459641 0.060301360 0.001132165 0.998179555 325.901275635
0.997967958 0.020212265 -0.060427163 -22.479410172 -0.020409437 0.999788225 -0.002647494 -4.022930145 0.060360853 0.003875398 0.998169124 327.147918701
0.998014867 0.016999222 -0.060641080 -22.558778763 -0.017268658 0.999843180 -0.003921748 -4.042893410 0.060564905 0.004961153 0.998151958 328.398620605
0.998014390 0.014679837 -0.061252035 -22.640243530 -0.014865100 0.999886215 -0.002570003 -4.064239025 0.061207335 0.003475417 0.998118997 329.655731201
0.998003602 0.011620867 -0.062079117 -22.716506958 -0.011600430 0.999932468 0.000689632 -4.076777458 0.062082939 0.000031889 0.998071015 330.912597656
0.997985780 0.008112647 -0.062917039 -22.791784286 -0.007850491 0.999959469 0.004412787 -4.092947006 0.062950291 -0.003909969 0.998009026 332.149475098
0.997949421 0.004245674 -0.063866384 -22.871208191 -0.004078604 0.999987900 0.002746083 -4.105722427 0.063877270 -0.002479967 0.997954667 333.380645752
0.997900724 0.000113565 -0.064762048 -22.946987152 -0.000191293 0.999999285 -0.001194012 -4.119109631 0.064761870 0.001203894 0.997900009 334.597351074
0.997845113 -0.001586315 -0.065593995 -23.028934479 0.001407531 0.999995172 -0.002771733 -4.136325836 0.065598078 0.002673434 0.997842550 335.811401367
0.997773826 -0.002778378 -0.066631086 -23.108327866 0.002702378 0.999995589 -0.001230700 -4.156558037 0.066634215 0.001047898 0.997776926 337.006286621
0.997733176 -0.004320284 -0.067155443 -23.185354233 0.004448118 0.999988556 0.001754139 -4.176346779 0.067147098 -0.002048878 0.997740984 338.210754395
0.997693479 -0.006350250 -0.067582808 -23.268987656 0.006757100 0.999960363 0.005793140 -4.194599152 0.067543343 -0.006236442 0.997696877 339.377136230
0.997631013 -0.008643763 -0.068246886 -23.351242065 0.009247286 0.999920845 0.008532273 -4.210431576 0.068167739 -0.009143158 0.997631967 340.536621094
0.997557759 -0.011063375 -0.068964586 -23.426858902 0.011635995 0.999901056 0.007906927 -4.222015858 0.068870284 -0.008690088 0.997587800 341.680114746
0.997500598 -0.012285392 -0.069581464 -23.507396698 0.012728613 0.999901414 0.005930007 -4.233663559 0.069501750 -0.006800862 0.997558653 342.786865234
0.997473359 -0.011221622 -0.070149474 -23.590614319 0.011485249 0.999928415 0.003355853 -4.245482922 0.070106797 -0.004153059 0.997530818 343.896209717
0.997446299 -0.010698609 -0.070614673 -23.662715912 0.010789883 0.999941349 0.000911247 -4.259739876 0.070600785 -0.001670844 0.997503281 344.985107422
0.997482955 -0.009302170 -0.070293739 -23.741874695 0.009347279 0.999956250 0.000312807 -4.272964954 0.070287757 -0.000969075 0.997526288 346.054443359
0.997608244 -0.007025020 -0.068763517 -23.828199387 0.007145110 0.999973357 0.001500619 -4.290631294 0.068751141 -0.001988353 0.997631848 347.117614746
0.997748137 -0.004482331 -0.066921696 -23.902225494 0.004609096 0.999987841 0.001739955 -4.308354378 0.066913091 -0.002044486 0.997756720 348.172973633
0.997899055 -0.004847766 -0.064606726 -23.975572586 0.004850460 0.999988258 -0.000115150 -4.325347900 0.064606518 -0.000198464 0.997910798 349.210021973
0.998052597 -0.005838852 -0.062104598 -24.041790009 0.005830308 0.999982953 -0.000318805 -4.342666149 0.062105399 -0.000043905 0.998069584 350.230804443
0.998219609 -0.005480972 -0.059393648 -24.105319977 0.005498935 0.999984860 0.000139004 -4.356980801 0.059391987 -0.000465358 0.998234630 351.236389160
0.998356581 -0.007562782 -0.056805752 -24.165031433 0.007637348 0.999970257 0.001095677 -4.374797821 0.056795772 -0.001527721 0.998384655 352.208129883
0.998463988 -0.008941717 -0.054677919 -24.217161179 0.009057366 0.999957263 0.001867649 -4.389748096 0.054658879 -0.002360019 0.998502314 353.172698975
0.998577833 -0.009939692 -0.052378125 -24.268213272 0.010104098 0.999944806 0.002874967 -4.406196594 0.052346658 -0.003400112 0.998623192 354.114837646
0.998653293 -0.013516209 -0.050089028 -24.310495377 0.013794009 0.999891341 0.005204570 -4.421918869 0.050013237 -0.005888490 0.998731196 355.041412354
0.998749673 -0.012684698 -0.048355240 -24.353000641 0.013065206 0.999886036 0.007561060 -4.432454586 0.048253819 -0.008183377 0.998801589 355.937591553
0.998868883 -0.012204708 -0.045956325 -24.394348145 0.012612171 0.999883592 0.008586807 -4.446382523 0.045846175 -0.009156704 0.998906553 356.802124023
0.998959124 -0.011494964 -0.044141844 -24.427934647 0.011774915 0.999912143 0.006087318 -4.457751274 0.044067994 -0.006600748 0.999006748 357.640869141
0.999068260 -0.010696894 -0.041811198 -24.474111557 0.010727030 0.999942362 0.000496498 -4.466295719 0.041803475 -0.000944545 0.999125421 358.448852539
0.999146342 -0.009839819 -0.040122230 -24.502262115 0.009743835 0.999949157 -0.002587139 -4.484027863 0.040145647 0.002193986 0.999191403 359.236358643
0.999208510 -0.009496640 -0.038627990 -24.530813217 0.009450183 0.999954402 -0.001385095 -4.498466492 0.038639378 0.001018957 0.999252677 360.005371094
0.999271989 -0.008772214 -0.037127908 -24.564052582 0.008878566 0.999956965 0.002700576 -4.511710644 0.037102617 -0.003028253 0.999306858 360.752899170
0.999302030 -0.008596682 -0.036352973 -24.592546463 0.008760204 0.999952197 0.004341269 -4.530127048 0.036313917 -0.004656699 0.999329567 361.464447021
0.999258876 -0.006863046 -0.037876096 -24.627052307 0.006927453 0.999974787 0.001569481 -4.545250893 0.037864368 -0.001830703 0.999281228 362.140930176
0.999080122 -0.005912193 -0.042472336 -24.655427933 0.005819483 0.999980390 -0.002306121 -4.557124138 0.042485140 0.002056832 0.999094963 362.795257568
0.998823583 -0.004664045 -0.048266798 -24.687097549 0.004473909 0.999981821 -0.004046553 -4.564117908 0.048284795 0.003825852 0.998826265 363.416839600
0.998488009 -0.000351207 -0.054968767 -24.732526779 0.000143524 0.999992847 -0.003782106 -4.583798409 0.054969702 0.003768498 0.998480916 364.010803223
0.998046756 0.003302053 -0.062383957 -24.787048340 -0.003539984 0.999986887 -0.003703836 -4.590803623 0.062370908 0.003917439 0.998045325 364.582977295
0.997232974 0.006682127 -0.074038498 -24.835182190 -0.006909112 0.999972165 -0.002810064 -4.605495453 0.074017659 0.003313829 0.997251451 365.137176514
0.995916247 0.005418402 -0.090119094 -24.893709183 -0.005531166 0.999984205 -0.001001580 -4.620976925 0.090112247 0.001495953 0.995930493 365.667510986
0.993808389 0.004785760 -0.111004427 -24.965187073 -0.004951230 0.999987006 -0.001215055 -4.628130913 0.110997170 0.001757141 0.993819177 366.185394287
0.990384758 0.002567496 -0.138316572 -25.056032181 -0.002685216 0.999996185 -0.000664491 -4.639517784 0.138314337 0.001029512 0.990387857 366.679229736
0.984493256 0.001976267 -0.175411299 -25.167186737 -0.001866317 0.999997973 0.000791777 -4.644352913 0.175412506 -0.000452127 0.984494925 367.166717529
0.975625932 0.003132597 -0.219417974 -25.313985825 -0.002122487 0.999986053 0.004839168 -4.651329041 0.219430074 -0.004255506 0.975618958 367.629760742
0.962879598 0.003549253 -0.269907951 -25.485786438 -0.001273093 0.999962151 0.008607691 -4.652696133 0.269928306 -0.007944552 0.962847650 368.095794678
0.945159674 0.005025150 -0.326570004 -25.683750153 -0.000758921 0.999912739 0.013189849 -4.655079365 0.326607764 -0.012218673 0.945080996 368.535614014
0.922088802 0.007448145 -0.386906713 -25.919982910 -0.000012409 0.999815345 0.019217366 -4.656332970 0.386978388 -0.017715316 0.921918631 368.956115723
0.893519759 0.012435259 -0.448851615 -26.170522690 -0.001014282 0.999669790 0.025676351 -4.650281429 0.449022710 -0.022487065 0.893237352 369.354156494
0.859999657 0.020309323 -0.509890318 -26.440816879 -0.003377477 0.999412358 0.034110788 -4.652077198 0.510283411 -0.027613124 0.859562874 369.714019775
0.821869016 0.026207529 -0.569073260 -26.722881317 -0.003454678 0.999152184 0.041024618 -4.644159317 0.569665968 -0.031750899 0.821262777 370.051269531
0.779036283 0.030053470 -0.626258135 -27.042476654 -0.002923232 0.999013782 0.044305257 -4.634606838 0.626972020 -0.032684706 0.778355837 370.387573242
0.729629993 0.030776965 -0.683149219 -27.384757996 0.002932990 0.998836696 0.048131742 -4.623525620 0.683835864 -0.037122037 0.728690982 370.716369629
0.673780560 0.033898819 -0.738153517 -27.747417450 0.004765040 0.998727083 0.050214838 -4.594850540 0.738916099 -0.037351113 0.672761321 371.015197754
0.613653064 0.038448591 -0.788639128 -28.161056519 0.004366168 0.998633146 0.052083839 -4.573217392 0.789563715 -0.035404742 0.612646461 371.271850586
0.549416721 0.045523293 -0.834307492 -28.604934692 0.002843847 0.998407006 0.056350011 -4.548437119 0.835543752 -0.033332285 0.548412085 371.492248535
0.480778515 0.045644335 -0.875653327 -29.055877686 0.013981533 0.998118162 0.059704527 -4.524992943 0.876730680 -0.040947635 0.479235590 371.696166992
0.407426655 0.040469956 -0.912340879 -29.542068481 0.026378633 0.998079240 0.056053165 -4.500794411 0.912856936 -0.046903864 0.405576587 371.877319336
0.330381691 0.035838902 -0.943166852 -30.037734985 0.032820158 0.998238325 0.049428109 -4.485730171 0.943276703 -0.047285028 0.328623414 372.009460449
0.252171159 0.029441783 -0.967234790 -30.558013916 0.036359973 0.998542905 0.039874323 -4.468336105 0.966999471 -0.045223784 0.250733256 372.097808838
0.174566209 0.025103457 -0.984325469 -31.092285156 0.036499619 0.998822927 0.031946257 -4.439847946 0.983968794 -0.041504238 0.173444450 372.159484863
0.102462053 0.022803430 -0.994475663 -31.615173340 0.039849963 0.998840570 0.027009321 -4.413565636 0.993938506 -0.042397246 0.101434588 372.173187256
0.036953926 0.026157290 -0.998974681 -32.163482666 0.038023680 0.998896658 0.027561821 -4.397580147 0.998593450 -0.039003212 0.035918534 372.156829834
-0.019836545 0.035324391 -0.999179125 -32.730194092 0.035819385 0.998759210 0.034598436 -4.391724586 0.999161482 -0.035103671 -0.021077156 372.104675293
-0.067419171 0.042753156 -0.996808410 -33.293090820 0.031777557 0.998666644 0.040683586 -4.383312225 0.997218668 -0.028933281 -0.068687916 372.025421143
-0.105328679 0.043708447 -0.993476570 -33.857543945 0.030467162 0.998706460 0.040708408 -4.371815681 0.993970752 -0.025980650 -0.106524110 371.939575195
-0.134925008 0.039320916 -0.990075290 -34.426177979 0.025323234 0.999022782 0.036225278 -4.351373672 0.990532160 -0.020184213 -0.135788798 371.829925537
-0.156586409 0.040296346 -0.986841977 -35.015869141 0.020891836 0.999078929 0.037481032 -4.330856323 0.987443388 -0.014747922 -0.157284021 371.708221436
-0.170513511 0.045385353 -0.984309673 -35.622467041 0.017543375 0.998920202 0.043019965 -4.301940918 0.985199273 -0.009932634 -0.171125531 371.581848145
-0.177945852 0.050109014 -0.982763827 -36.249237061 0.016001543 0.998717964 0.048025146 -4.282506943 0.983910382 -0.007179870 -0.178519607 371.455383301
-0.180890560 0.050920874 -0.982184231 -36.880523682 0.015427016 0.998682797 0.048935018 -4.260453224 0.983382344 -0.006300290 -0.181437850 371.338012695
-0.181885719 0.045089461 -0.982285440 -37.524078369 0.013838821 0.998966575 0.043292694 -4.237819672 0.983222365 -0.005719353 -0.182321668 371.213043213
-0.182379007 0.033674579 -0.982651591 -38.178527832 0.014802691 0.999394119 0.031500973 -4.206117630 0.983116984 -0.008800773 -0.182767034 371.090667725
-0.181726456 0.026792387 -0.982984245 -38.855804443 0.018673999 0.999542534 0.023791406 -4.181862831 0.983171999 -0.014032722 -0.182143688 370.968566895
-0.181013584 0.026636230 -0.983119965 -39.562103271 0.022470506 0.999484241 0.022942295 -4.160017967 0.983223975 -0.017938334 -0.181518793 370.845336914
-0.179397106 0.030133769 -0.983315051 -40.289306641 0.025252137 0.999342501 0.026017899 -4.143456459 0.983452559 -0.020163272 -0.180040121 370.717498779
-0.176760554 0.031034363 -0.983764589 -41.039367676 0.022334898 0.999371886 0.027513642 -4.123087883 0.984000504 -0.017108958 -0.177342653 370.576751709
-0.172911048 0.031561881 -0.984431684 -41.810089111 0.018604971 0.999412775 0.028774314 -4.103654861 0.984761775 -0.013339928 -0.173396707 370.440490723
-0.166550756 0.030985182 -0.985545993 -42.595214844 0.013283861 0.999485970 0.029178567 -4.083725929 0.985943437 -0.008232147 -0.166876674 370.297241211
-0.159031868 0.028641829 -0.986857951 -43.398254395 0.005611321 0.999589145 0.028107069 -4.065495968 0.987257540 -0.001067658 -0.159127235 370.155456543
-0.149570942 0.027588464 -0.988366008 -44.217681885 0.001543836 0.999615967 0.027668856 -4.041167736 0.988749743 0.002612582 -0.149556160 370.024017334
-0.139539003 0.029930923 -0.989764214 -45.057159424 -0.002761401 0.999527395 0.030615479 -4.016951084 0.990212858 0.007005185 -0.139390469 369.900787354
-0.129555225 0.033988550 -0.990989625 -45.921051025 -0.008060468 0.999343216 0.035328832 -3.994727612 0.991539598 0.012564871 -0.129196167 369.780609131
-0.118963122 0.036498409 -0.992227793 -46.797973633 -0.012148527 0.999195814 0.038211275 -3.968585014 0.992824495 0.016599828 -0.118424058 369.663909912
-0.109384656 0.035741769 -0.993356884 -47.696350098 -0.014376183 0.999191880 0.037534773 -3.945334435 0.993895710 0.018386401 -0.108782411 369.559112549
-0.100204825 0.034129292 -0.994381368 -48.607513428 -0.012092857 0.999295890 0.035516579 -3.913073063 0.994893372 0.015583842 -0.099721551 369.466552734
-0.093344092 0.035737269 -0.994992435 -49.544616699 -0.010184116 0.999269068 0.036846284 -3.875705719 0.995581925 0.013572494 -0.092911839 369.386108398
-0.088514924 0.039513692 -0.995290935 -50.506622314 -0.007635335 0.999156594 0.040346202 -3.844284534 0.996045709 0.011170615 -0.088138580 369.306701660
-0.085296392 0.044595320 -0.995357156 -51.479522705 -0.007081459 0.998945475 0.045362927 -3.808043957 0.996330500 0.010917870 -0.084890604 369.220123291
-0.083306551 0.047838125 -0.995375156 -52.462036133 -0.004404369 0.998819649 0.048372291 -3.770393372 0.996514320 0.008413721 -0.082997561 369.134918213
-0.081836224 0.048015699 -0.995488524 -53.466522217 -0.005674171 0.998800159 0.048641890 -3.736468315 0.996629715 0.009629239 -0.081465602 369.048980713
-0.080628633 0.044684194 -0.995742202 -54.471771240 -0.010449579 0.998901844 0.045672122 -3.694875717 0.996689558 0.014087559 -0.080073118 368.955749512
-0.079801679 0.040683504 -0.995980263 -55.487640381 -0.013319908 0.999034047 0.041875485 -3.653723240 0.996721804 0.016608095 -0.079182625 368.867980957
-0.079014301 0.039215490 -0.996101856 -56.520751953 -0.012804967 0.999103606 0.040349402 -3.615537643 0.996791244 0.015943231 -0.078441381 368.788421631
-0.077747345 0.038720842 -0.996220946 -57.563842773 -0.014033185 0.999104023 0.039928086 -3.579996109 0.996874392 0.017084457 -0.077134371 368.703491211
-0.075724483 0.039827321 -0.996333182 -58.613677979 -0.014050418 0.999060154 0.041004211 -3.547356129 0.997029901 0.017103914 -0.075093746 368.618713379
-0.073657393 0.040158480 -0.996474922 -59.675842285 -0.015396193 0.999024034 0.041399274 -3.513239384 0.997164965 0.018391274 -0.072967291 368.535522461
-0.071628332 0.041781168 -0.996556044 -60.751434326 -0.018589137 0.998892844 0.043215252 -3.475396156 0.997258306 0.021620547 -0.070772409 368.453186035
-0.069595337 0.042447191 -0.996671975 -61.826965332 -0.020780493 0.998815835 0.043989558 -3.434521675 0.997359037 0.023772795 -0.068630815 368.370513916
-0.067899466 0.043986399 -0.996722043 -62.905853271 -0.019566555 0.998776793 0.045410004 -3.399072647 0.997500300 0.022585731 -0.066955686 368.297088623
-0.067366004 0.043698289 -0.996770978 -63.980590820 -0.021141315 0.998753607 0.045214027 -3.366255760 0.997504413 0.024118930 -0.066358209 368.218261719
-0.067001462 0.041475233 -0.996890604 -65.058959961 -0.020248173 0.998873353 0.042918619 -3.328546524 0.997547507 0.023060817 -0.066086173 368.128234863
-0.067649961 0.041003406 -0.996866167 -66.148742676 -0.020923696 0.998877108 0.042506054 -3.290289879 0.997489691 0.023733659 -0.066716075 368.052398682
-0.067932606 0.045013133 -0.996674061 -67.248687744 -0.021568196 0.998681962 0.046573892 -3.256170750 0.997456908 0.024660340 -0.066872239 367.973815918
-0.068269253 0.048570652 -0.996483982 -68.352142334 -0.022394864 0.998487949 0.050202608 -3.217672348 0.997415602 0.025743412 -0.067078352 367.888244629
-0.069174170 0.048273191 -0.996436000 -69.453735352 -0.026146762 0.998397708 0.050183378 -3.174454212 0.997261941 0.029524967 -0.067801237 367.797454834
-0.070198655 0.046670768 -0.996440828 -70.542449951 -0.025409415 0.998497128 0.048557159 -3.130725384 0.997209549 0.028727610 -0.068907261 367.716369629
-0.072051406 0.042709474 -0.996486187 -71.631927490 -0.021613793 0.998781323 0.044370640 -3.098977566 0.997166812 0.024734806 -0.071040392 367.634338379
-0.074326396 0.040942606 -0.996393144 -72.724243164 -0.021247707 0.998865008 0.042629160 -3.058973312 0.997007608 0.024339542 -0.073372126 367.547821045
-0.075985909 0.044788513 -0.996102452 -73.808288574 -0.020573230 0.998707592 0.046475042 -3.027135849 0.996896625 0.024024490 -0.074966192 367.461181641
-0.077140212 0.046233427 -0.995947838 -74.908996582 -0.018983819 0.998675048 0.047830407 -2.991825581 0.996839643 0.022596534 -0.076160312 367.379913330
-0.078243852 0.043877710 -0.995968401 -75.989013672 -0.019070374 0.998782277 0.045499858 -2.947344303 0.996752083 0.022553558 -0.077311754 367.291076660
-0.079014659 0.043226413 -0.995935798 -77.074432373 -0.022178447 0.998735905 0.045107517 -2.914623260 0.996626675 0.025652464 -0.077956080 367.201171875
-0.078948617 0.043569386 -0.995926261 -78.152404785 -0.024101483 0.998668969 0.045599941 -2.877202034 0.996587396 0.027603341 -0.077793479 367.108917236
-0.077495456 0.045915768 -0.995934844 -79.230895996 -0.026115973 0.998502672 0.048066285 -2.840373993 0.996650636 0.029734727 -0.076180339 367.015228271
-0.075817347 0.048188012 -0.995956719 -80.307708740 -0.027321899 0.998356104 0.050383989 -2.806190014 0.996747375 0.031031404 -0.074376106 366.932006836
-0.073185444 0.049472176 -0.996090770 -81.381134033 -0.026855547 0.998308957 0.051555499 -2.766927242 0.996956885 0.030523660 -0.071733117 366.848724365
-0.070089579 0.048989166 -0.996337175 -82.442016602 -0.026609922 0.998346150 0.050959881 -2.729481220 0.997185826 0.030084198 -0.068670034 366.767303467
-0.066512704 0.046512675 -0.996701002 -83.507965088 -0.027197411 0.998457193 0.048409596 -2.686507225 0.997414947 0.030327536 -0.065145135 366.694488525
-0.062672734 0.044113003 -0.997058868 -84.561126709 -0.028929757 0.998522639 0.045996219 -2.653205872 0.997614861 0.031727366 -0.061303973 366.614013672
-0.059378743 0.043142207 -0.997302949 -85.625396729 -0.029979248 0.998537898 0.044980578 -2.621645927 0.997785389 0.032569274 -0.057998538 366.560485840
-0.055626035 0.044264730 -0.997470200 -86.679412842 -0.031249128 0.998450220 0.046050895 -2.582664013 0.997962713 0.033731688 -0.054156542 366.498229980
-0.051552415 0.047058482 -0.997561097 -87.718780518 -0.033018295 0.998262763 0.048797920 -2.550735950 0.998124421 0.035453409 -0.049909115 366.434631348
-0.047878265 0.051368762 -0.997531414 -88.750579834 -0.033166457 0.998044252 0.052987054 -2.513554573 0.998302400 0.035621509 -0.046080828 366.382354736
-0.044052243 0.053540815 -0.997593522 -89.767181396 -0.032194417 0.997968137 0.054982584 -2.478845596 0.998510420 0.034539048 -0.042239070 366.335144043
-0.040487647 0.052577615 -0.997795820 -90.771484375 -0.031057404 0.998065829 0.053852070 -2.442885876 0.998697281 0.033169288 -0.038776398 366.298828125
-0.037073374 0.048659008 -0.998127282 -91.741394043 -0.029153397 0.998336017 0.049752023 -2.411112785 0.998887300 0.030943263 -0.035593152 366.250854492
-0.034529924 0.046416134 -0.998325169 -92.712463379 -0.026418580 0.998529434 0.047339391 -2.374486923 0.999054372 0.028008964 -0.033252954 366.224853516
-0.032606959 0.045276385 -0.998442352 -93.663238525 -0.023063743 0.998673320 0.046040073 -2.346492290 0.999202251 0.024529032 -0.031519413 366.199310303
-0.030939221 0.043670937 -0.998566866 -94.582733154 -0.020551072 0.998806059 0.044318147 -2.323608875 0.999310017 0.021892784 -0.030004740 366.162353516
-0.029947042 0.042087216 -0.998665035 -95.491149902 -0.017887484 0.998930573 0.042634800 -2.299197674 0.999391437 0.019140393 -0.029162288 366.138305664
-0.029356837 0.042456947 -0.998667002 -96.390441895 -0.016320698 0.998943985 0.042948488 -2.271430969 0.999435842 0.017559765 -0.028632879 366.112304688
-0.029256821 0.043189667 -0.998638511 -97.271453857 -0.013259423 0.998961449 0.043592095 -2.252204895 0.999484062 0.014516732 -0.028653741 366.084472656
-0.031625628 0.041979380 -0.998617887 -98.151397705 -0.010378830 0.999049962 0.042326234 -2.234290123 0.999445915 0.011703077 -0.031159878 366.062316895
-0.035304546 0.041473690 -0.998515725 -99.030334473 -0.005098138 0.999118030 0.041678965 -2.204662323 0.999363661 0.006562021 -0.035061955 366.030120850
-0.042500854 0.043052290 -0.998168528 -99.907226562 -0.001267383 0.999068022 0.043145053 -2.180212975 0.999095738 0.003098760 -0.042406678 365.991577148
-0.051955938 0.045734473 -0.997601688 -100.782287598 0.002795589 0.998953521 0.045650855 -2.150915146 0.998645544 -0.000417055 -0.052029371 365.948364258
-0.063452601 0.046125691 -0.996918440 -101.650177002 0.002649877 0.998935580 0.046050366 -2.118856430 0.997981429 0.000280302 -0.063507318 365.876464844
-0.076317430 0.042540804 -0.996175766 -102.509613037 0.002275345 0.999094248 0.042491123 -2.092492104 0.997081101 0.000976163 -0.076345086 365.801757812
-0.089701056 0.036534149 -0.995298684 -103.361938477 0.002110426 0.999331713 0.036491994 -2.069501877 0.995966733 0.001172862 -0.089718223 365.713775635
-0.102477908 0.031147148 -0.994247615 -104.214385986 0.000601624 0.999511421 0.031250041 -2.048284531 0.994735181 0.002604275 -0.102446556 365.615081787
-0.113527656 0.028110702 -0.993137062 -105.066314697 -0.003401504 0.999582827 0.028681980 -2.035768509 0.993529022 0.006634357 -0.113384604 365.505401611
-0.122208476 0.026653508 -0.992146671 -105.935180664 -0.006635501 0.999595046 0.027670940 -2.016098022 0.992482483 0.009965004 -0.121982098 365.388671875
-0.127769470 0.026906684 -0.991439044 -106.807861328 -0.008360767 0.999567211 0.028204754 -1.999272823 0.991768837 0.011892892 -0.127489209 365.267944336
-0.131192565 0.025825426 -0.991020620 -107.687347412 -0.012147387 0.999543726 0.027655620 -1.983170986 0.991282582 0.015666515 -0.130818963 365.143707275
-0.131747007 0.024222082 -0.990987480 -108.574096680 -0.015985718 0.999519527 0.026555849 -1.966546535 0.991154552 0.019340297 -0.131296515 365.013610840
-0.130963445 0.022867918 -0.991123438 -109.467590332 -0.018280059 0.999508262 0.025476838 -1.950584650 0.991218686 0.021454329 -0.130481005 364.886291504
-0.129006505 0.023110831 -0.991374433 -110.371032715 -0.017005118 0.999529839 0.025513807 -1.931670189 0.991497934 0.020149885 -0.128552794 364.766357422
-0.126838923 0.027221108 -0.991549909 -111.284881592 -0.016111482 0.999434948 0.029498557 -1.913513184 0.991792619 0.019716894 -0.126328707 364.649719238
-0.124792099 0.036252655 -0.991520524 -112.230407715 -0.017782817 0.999090016 0.038767550 -1.887607098 0.992023647 0.022469902 -0.124033928 364.521545410
-0.121947050 0.050973613 -0.991226971 -113.186798096 -0.022003097 0.998296082 0.054044105 -1.849237442 0.992292821 0.028400570 -0.120617747 364.396453857
-0.116835833 0.055943914 -0.991574347 -114.155242920 -0.025365395 0.997918427 0.059290610 -1.803828239 0.992827296 0.032078937 -0.115173578 364.276733398
-0.111174107 0.047405150 -0.992669702 -115.125671387 -0.033751186 0.998105347 0.051444702 -1.760879517 0.993227661 0.039223097 -0.109363437 364.157409668
-0.103564978 0.035607882 -0.993985236 -116.111541748 -0.035985712 0.998570502 0.039521553 -1.709830284 0.993971646 0.039862305 -0.102135539 364.045684814
-0.098527193 0.036915764 -0.994449437 -117.115783691 -0.037729066 0.998454630 0.040802535 -1.659326553 0.994418919 0.041539807 -0.096982121 363.940856934
-0.092448235 0.047801472 -0.994569540 -118.164245605 -0.034222629 0.998104334 0.051152460 -1.618577957 0.995129347 0.038765728 -0.090637088 363.846374512
-0.087374210 0.051309690 -0.994853377 -119.220397949 -0.031192767 0.998042047 0.054213692 -1.576725006 0.995687187 0.035769101 -0.085602641 363.754608154
-0.083364487 0.041200969 -0.995666981 -120.277038574 -0.030013204 0.998587847 0.043834757 -1.524778843 0.996066988 0.033537421 -0.082010269 363.670898438
-0.079710364 0.031770911 -0.996311724 -121.351654053 -0.032928705 0.998862565 0.034486726 -1.480036974 0.996274173 0.035556197 -0.078573585 363.579193115
-0.075681925 0.033146650 -0.996580899 -122.449981689 -0.039860416 0.998547912 0.036239136 -1.445994854 0.996334970 0.042466778 -0.074250817 363.485687256
-0.070821285 0.039037872 -0.996725023 -123.574005127 -0.045763206 0.998054564 0.042341597 -1.409411907 0.996438920 0.048611999 -0.068897009 363.393371582
-0.065079331 0.034337584 -0.997289181 -124.700622559 -0.049865335 0.998047292 0.037617709 -1.378087878 0.996633470 0.052178290 -0.063240051 363.301269531
-0.059870005 0.021645673 -0.997971535 -125.826629639 -0.045899872 0.998647690 0.024413947 -1.340317965 0.997150362 0.047268424 -0.058795452 363.244140625
-0.054783344 0.015347906 -0.998380303 -126.963653564 -0.038898818 0.999090016 0.017493280 -1.318923473 0.997740328 0.039794151 -0.054136515 363.185058594
-0.049432516 0.021899782 -0.998537421 -128.135498047 -0.033185378 0.999171555 0.023556525 -1.301877260 0.998226106 0.034301292 -0.048664808 363.136596680
-0.043076277 0.034292217 -0.998483181 -129.332366943 -0.030330244 0.998905241 0.035615209 -1.277492523 0.998611391 0.031818401 -0.041989088 363.081970215
-0.036747336 0.040560842 -0.998501122 -130.515609741 -0.030311007 0.998670995 0.041683260 -1.243270397 0.998864830 0.031797323 -0.035469055 363.031616211
-0.031688809 0.039702814 -0.998709023 -131.701431274 -0.031632088 0.998670399 0.040704954 -1.202106953 0.998997211 0.032881137 -0.030390859 362.984405518
-0.027466416 0.037635747 -0.998914003 -132.876922607 -0.031852696 0.998750567 0.038505424 -1.160177231 0.999115169 0.032875706 -0.026233315 362.944427490
-0.024795651 0.036014445 -0.999043643 -134.065597534 -0.028456375 0.998920500 0.036716271 -1.126358986 0.999287486 0.029339561 -0.023743987 362.920471191
-0.022721410 0.036054567 -0.999091506 -135.241561890 -0.026800856 0.998968363 0.036659628 -1.101390362 0.999382555 0.027609466 -0.021731734 362.891235352
-0.022254467 0.039737627 -0.998962402 -136.421829224 -0.027342891 0.998811781 0.040340766 -1.074467182 0.999378502 0.028212272 -0.021141529 362.862976074
-0.022249579 0.044183362 -0.998775721 -137.614486694 -0.027643275 0.998613775 0.044792008 -1.043112755 0.999370277 0.028606031 -0.020997405 362.829895020
-0.022937417 0.041511104 -0.998874784 -138.786697388 -0.025572944 0.998786271 0.042094663 -1.003575802 0.999409854 0.026509708 -0.021847963 362.794403076
-0.026400805 0.033465065 -0.999091208 -139.944458008 -0.018256122 0.999256670 0.033953022 -0.972463131 0.999484777 0.019135911 -0.025770187 362.777404785
-0.031484246 0.028225103 -0.999105692 -141.107254028 -0.009981418 0.999542475 0.028551981 -0.941093922 0.999454498 0.010871425 -0.031188130 362.739135742
-0.038712382 0.032023594 -0.998737276 -142.272171021 -0.003833519 0.999474227 0.032195821 -0.927172184 0.999243200 0.005075049 -0.038569212 362.703430176
-0.046002269 0.038532630 -0.998198032 -143.433670044 -0.001565010 0.999251783 0.038645435 -0.901719093 0.998940229 0.003339960 -0.045907497 362.653686523
-0.052956581 0.039209999 -0.997826755 -144.585342407 -0.005703803 0.999200642 0.039566699 -0.872238159 0.998580575 0.007786721 -0.052690625 362.585266113
-0.058258772 0.036255322 -0.997643054 -145.743118286 -0.012246967 0.999239147 0.037028506 -0.837117672 0.998226523 0.014375332 -0.057770491 362.504943848
-0.062272549 0.032275330 -0.997537255 -146.886444092 -0.017860241 0.999280930 0.033446696 -0.806033134 0.997899413 0.019899065 -0.061651230 362.419372559
-0.065209150 0.030071994 -0.997418463 -148.038940430 -0.020078463 0.999303877 0.031441528 -0.778774261 0.997669697 0.022076901 -0.064559937 362.335998535
-0.067436814 0.032319438 -0.997200012 -149.193450928 -0.019163558 0.999248862 0.033681799 -0.757159233 0.997539580 0.021381287 -0.066766739 362.256622314
-0.069191813 0.039189212 -0.996833324 -150.357528687 -0.016181879 0.999052584 0.040399671 -0.723347664 0.997472107 0.018925965 -0.068492055 362.179992676
-0.071056008 0.046190601 -0.996402442 -151.521057129 -0.012554873 0.998806655 0.047197383 -0.691200256 0.997393489 0.015863355 -0.070391297 362.107330322
-0.072154403 0.048233397 -0.996226549 -152.667846680 -0.013676768 0.998688221 0.049343161 -0.654299736 0.997299731 0.017185485 -0.071400046 362.018554688
-0.072343707 0.042672217 -0.996466637 -153.806762695 -0.017148595 0.998883426 0.044020712 -0.611384392 0.997232437 0.020272622 -0.071531177 361.928344727
-0.072870851 0.034629893 -0.996739984 -154.941482544 -0.019562753 0.999155104 0.036144022 -0.579517841 0.997149527 0.022132825 -0.072131872 361.835937500
-0.072766304 0.034017619 -0.996768832 -156.079299927 -0.016024539 0.999249279 0.035272103 -0.545257568 0.997220397 0.018539378 -0.072166562 361.750183105
-0.074985147 0.038709592 -0.996433139 -157.219161987 -0.013103137 0.999121726 0.039800100 -0.520173073 0.997098684 0.016040813 -0.074412107 361.670684814
-0.078152895 0.044397287 -0.995952427 -158.348556519 -0.008514754 0.998941720 0.045198705 -0.484911919 0.996905148 0.012012695 -0.077692151 361.584228516
-0.081113815 0.048556052 -0.995521426 -159.482025146 -0.004781527 0.998782218 0.049104687 -0.450951576 0.996693373 0.008743183 -0.080782890 361.494445801
-0.083438158 0.051085576 -0.995202720 -160.603820801 -0.005815221 0.998643160 0.051749736 -0.410072327 0.996496022 0.010105226 -0.083027840 361.391845703
-0.085928082 0.049490202 -0.995071352 -161.731216431 -0.008531456 0.998692334 0.050407015 -0.366086960 0.996264756 0.012820789 -0.085393548 361.284545898
-0.088714242 0.046911709 -0.994951963 -162.841888428 -0.013672873 0.998738825 0.048309393 -0.328154564 0.995963454 0.017889572 -0.087960958 361.177124023
-0.091152310 0.042524427 -0.994928718 -163.951522827 -0.016010387 0.998896122 0.044160821 -0.289788246 0.995708346 0.019954545 -0.090370774 361.062835693
-0.092809081 0.039130259 -0.994914770 -165.054611206 -0.014704111 0.999064624 0.040665124 -0.262531281 0.995575428 0.018403424 -0.092146873 360.955352783
-0.093811035 0.038553949 -0.994843423 -166.149581909 -0.014625207 0.999088705 0.040097591 -0.229160309 0.995482743 0.018311376 -0.093161702 360.848480225
-0.095944166 0.043819875 -0.994421840 -167.257369995 -0.012181417 0.998903990 0.045192681 -0.193393707 0.995312333 0.016449433 -0.095305204 360.745239258
-0.096908092 0.051187675 -0.993976235 -168.357421875 -0.009905995 0.998577535 0.052390426 -0.163386345 0.995244086 0.014923379 -0.096263170 360.638061523
-0.097256541 0.052749123 -0.993860483 -169.460906982 -0.011296165 0.998471677 0.054099277 -0.117202759 0.995195210 0.016488321 -0.096512079 360.523681641
-0.097176075 0.050651331 -0.993977666 -170.552612305 -0.011612938 0.998578489 0.052021123 -0.076314926 0.995199621 0.016598202 -0.096449733 360.413452148
-0.096921086 0.046957325 -0.994183779 -171.631698608 -0.013467741 0.998733103 0.048485149 -0.036913872 0.995200992 0.018088644 -0.096165895 360.299804688
-0.097058535 0.047085050 -0.994164407 -172.707107544 -0.016003994 0.998677373 0.048861235 0.001825333 0.995150089 0.020652995 -0.096176624 360.185668945
-0.097553968 0.049275629 -0.994009674 -173.794723511 -0.015537912 0.998576403 0.051026933 0.041248322 0.995108962 0.020422712 -0.096649408 360.075988770
-0.097169399 0.047252227 -0.994145632 -174.862991333 -0.010971190 0.998760819 0.048543938 0.078197479 0.995207489 0.015623943 -0.096530557 359.967895508
-0.097780704 0.039301950 -0.994431674 -175.931747437 -0.010501553 0.999123514 0.040519983 0.112076759 0.995152593 0.014405148 -0.097282290 359.865722656
-0.097532630 0.036167618 -0.994574964 -176.992218018 -0.006718132 0.999292731 0.036997993 0.144509315 0.995209694 0.010290193 -0.097220659 359.762603760
-0.098434687 0.041138936 -0.994292974 -178.066024780 -0.004910371 0.999112904 0.041824490 0.176802635 0.995131552 0.008999322 -0.098145366 359.657287598
-0.098062158 0.044416688 -0.994188607 -179.125762939 -0.006520181 0.998953402 0.045272682 0.201530457 0.995158970 0.010921826 -0.097669959 359.547180176
-0.096691132 0.040044084 -0.994508684 -180.186340332 -0.009535979 0.999107182 0.041156385 0.236460686 0.995268822 0.013463068 -0.096222997 359.434875488
-0.094614863 0.033215605 -0.994959831 -181.230300903 -0.017588302 0.999231458 0.035030752 0.261201859 0.995358706 0.020814074 -0.093957901 359.315521240
-0.091931343 0.031563770 -0.995265007 -182.308670044 -0.023652224 0.999146283 0.033871587 0.296802998 0.995484412 0.026654093 -0.091106296 359.212707520
-0.088595748 0.034745481 -0.995461583 -183.379013062 -0.027408848 0.998927951 0.037305851 0.322871685 0.995690584 0.030589590 -0.087548494 359.104980469
-0.084467292 0.037133884 -0.995734036 -184.447677612 -0.027166134 0.998848081 0.039554495 0.352312088 0.996055841 0.030391309 -0.083361149 359.012207031
-0.080022335 0.036454923 -0.996126413 -185.523483276 -0.025466681 0.998930037 0.038603351 0.383058548 0.996467888 0.028457148 -0.079008341 358.925842285
-0.075388908 0.035659876 -0.996516526 -186.598754883 -0.022569226 0.999043345 0.037457716 0.410970688 0.996898949 0.025314493 -0.074511886 358.843872070
-0.070307255 0.033659488 -0.996957481 -187.661544800 -0.017603453 0.999233067 0.034977745 0.436693668 0.997370183 0.020009076 -0.069660783 358.765502930
-0.066349387 0.031695087 -0.997293055 -188.726135254 -0.012770478 0.999386549 0.032611236 0.459124565 0.997714818 0.014899638 -0.065903902 358.696533203
-0.062283516 0.030205365 -0.997601449 -189.798690796 -0.007863711 0.999496043 0.030753689 0.489929676 0.998027682 0.009760289 -0.062014580 358.630737305
-0.059056759 0.036282264 -0.997595191 -190.892822266 -0.002381074 0.999331295 0.036486365 0.511629105 0.998251915 0.004530109 -0.058930874 358.575073242
-0.056816936 0.041921377 -0.997504115 -191.970901489 0.003227124 0.999120533 0.041805495 0.542207718 0.998379409 -0.000843809 -0.056902289 358.524536133
-0.055712342 0.043581523 -0.997495353 -193.064285278 0.004157880 0.999048352 0.043417152 0.579227448 0.998438299 -0.001728598 -0.055840492 358.463256836
-0.053212762 0.042212363 -0.997690558 -194.149948120 0.006845483 0.999098063 0.041906800 0.612695694 0.998559713 -0.004599695 -0.053453803 358.400329590
-0.052323103 0.042222753 -0.997737169 -195.239578247 0.004014647 0.999106586 0.042070169 0.647889137 0.998622119 -0.001804318 -0.052445889 358.335754395
-0.049757242 0.044553027 -0.997767091 -196.327148438 -0.000795606 0.999002457 0.044647861 0.684346199 0.998760998 0.003015382 -0.049672127 358.266479492
-0.046406865 0.044586178 -0.997927248 -197.438949585 -0.008127615 0.998953462 0.045009993 0.713500023 0.998889744 0.010199532 -0.045995951 358.195312500
-0.042399883 0.041751008 -0.998228073 -198.542587280 -0.014060237 0.999002576 0.042380616 0.751051903 0.999001920 0.015832251 -0.041770577 358.136535645
-0.038096547 0.040249489 -0.998463392 -199.648864746 -0.018525762 0.998988330 0.040977512 0.786515236 0.999102533 0.020058388 -0.037312388 358.081359863
-0.033140182 0.041214500 -0.998600543 -200.779281616 -0.022369113 0.998868525 0.041967917 0.823431969 0.999200284 0.023728635 -0.032180786 358.034851074
-0.028671622 0.042130064 -0.998700738 -201.905776978 -0.023143163 0.998815596 0.042799328 0.865716934 0.999320984 0.024340210 -0.027662635 357.997436523
-0.024416089 0.043947082 -0.998735428 -203.037689209 -0.023723558 0.998726487 0.044526652 0.905447960 0.999420345 0.024780720 -0.023342371 357.962890625
-0.020744681 0.046068791 -0.998722851 -204.179077148 -0.022909671 0.998653591 0.046541456 0.941103935 0.999522328 0.023845898 -0.019661307 357.932739258
-0.018484116 0.047714025 -0.998690069 -205.314910889 -0.021223817 0.998616874 0.048103344 0.982968330 0.999603927 0.022085156 -0.017445922 357.910491943
-0.016324043 0.047917746 -0.998718023 -206.447341919 -0.020268090 0.998629868 0.048244804 1.020636559 0.999661446 0.021029649 -0.015330434 357.882995605
-0.014917493 0.047307402 -0.998768985 -207.605804443 -0.020296033 0.998660028 0.047605377 1.058339119 0.999682724 0.020981202 -0.013937354 357.870147705
-0.013908982 0.048670776 -0.998718023 -208.737472534 -0.019926544 0.998602808 0.048942674 1.101766586 0.999704719 0.020581739 -0.012919664 357.852172852
-0.012693763 0.050848186 -0.998625815 -209.880523682 -0.020667275 0.998479486 0.051103443 1.140381813 0.999705911 0.021287560 -0.011623621 357.837219238
-0.010745168 0.051099211 -0.998635709 -211.029663086 -0.020625515 0.998469651 0.051312644 1.182232857 0.999729455 0.021148747 -0.009674788 357.823974609
-0.009682894 0.048717555 -0.998765647 -212.158035278 -0.018990064 0.998623371 0.048894722 1.226608276 0.999772727 0.019440066 -0.008744478 357.812744141
-0.008234382 0.048566092 -0.998786032 -213.282699585 -0.017302060 0.998663425 0.048702776 1.269371033 0.999816418 0.017682090 -0.007382989 357.805236816
-0.006631374 0.048622482 -0.998795271 -214.427627563 -0.017141566 0.998664916 0.048729945 1.307867050 0.999831140 0.017444057 -0.005789042 357.794464111
-0.004406214 0.046380509 -0.998914242 -215.569046021 -0.016063254 0.998791635 0.046445675 1.350122452 0.999861360 0.016250459 -0.003655910 357.790222168
-0.001727819 0.043933116 -0.999033093 -216.691986084 -0.014700519 0.998925388 0.043953810 1.387530327 0.999890566 0.014762242 -0.001080155 357.787902832
0.002016187 0.044651050 -0.999000609 -217.794891357 -0.015250413 0.998887837 0.044615231 1.421765327 0.999881685 0.015145221 0.002694905 357.783447266
0.005437672 0.047785886 -0.998842955 -218.906555176 -0.015300171 0.998744607 0.047697894 1.456539154 0.999868333 0.015023090 0.006161988 357.791107178
0.009748936 0.050899208 -0.998656332 -220.009307861 -0.015007186 0.998598635 0.050749768 1.493108749 0.999840021 0.014492254 0.010499179 357.798034668
0.015490234 0.053012274 -0.998473704 -221.137481689 -0.017448176 0.998455822 0.052740637 1.528633118 0.999727726 0.016604586 0.016391277 357.809204102
0.020990908 0.052984610 -0.998374820 -222.223159790 -0.020271394 0.998411953 0.052560378 1.574510574 0.999574244 0.019135151 0.022031665 357.830566406
0.028188407 0.051788285 -0.998260200 -223.302307129 -0.020901246 0.998469234 0.051208928 1.608570099 0.999384105 0.019421384 0.029227674 357.851257324
0.035231888 0.050222769 -0.998116493 -224.361129761 -0.022865606 0.998515546 0.049435731 1.646100998 0.999117672 0.021080818 0.036327958 357.882690430
0.041802943 0.049473353 -0.997900367 -225.404937744 -0.022148885 0.998573720 0.048578899 1.682387352 0.998880506 0.020071629 0.042839110 357.923004150
0.046816170 0.050051328 -0.997648895 -226.432403564 -0.020333489 0.998584688 0.049144100 1.713977814 0.998696625 0.017984938 0.047767639 357.970489502
0.050241590 0.049354408 -0.997516870 -227.422790527 -0.017998399 0.998660803 0.048504483 1.742570877 0.998574853 0.015516767 0.051062584 358.025451660
0.052988291 0.048130091 -0.997434676 -228.415466309 -0.015725296 0.998754203 0.047358368 1.775382996 0.998471379 0.013175511 0.053679109 358.082458496
0.055834174 0.050074868 -0.997183561 -229.406951904 -0.015028627 0.998670518 0.049308058 1.804356575 0.998326957 0.012233224 0.056512535 358.130432129
0.057976902 0.055241559 -0.996788442 -230.381225586 -0.011649156 0.998437345 0.054655381 1.841536522 0.998250008 0.008442989 0.058529854 358.192565918
0.059863210 0.057660591 -0.996539772 -231.336090088 -0.009207271 0.998319685 0.057210483 1.868452072 0.998164058 0.005750612 0.060293496 358.250244141
0.061747074 0.049564254 -0.996860504 -232.277359009 -0.007704620 0.998760164 0.049181473 1.898971558 0.998062193 0.004643613 0.062052369 358.314025879
0.064543843 0.038979683 -0.997153401 -233.178924561 -0.006611590 0.999231577 0.038632970 1.927001953 0.997893095 0.004099243 0.064751983 358.368896484
0.067565978 0.040908620 -0.996875823 -234.084625244 -0.011604932 0.999123693 0.040214311 1.959271431 0.997647345 0.008851556 0.067981541 358.418914795
0.072479546 0.053111784 -0.995954752 -234.964904785 -0.014983618 0.998526394 0.052158508 1.979418755 0.997257352 0.011142578 0.073168516 358.478973389
0.078063548 0.061899945 -0.995024860 -235.825744629 -0.019548761 0.997973740 0.060549717 2.001631737 0.996756732 0.014724780 0.079115391 358.538604736
0.086901844 0.059074003 -0.994463980 -236.652618408 -0.023281422 0.998088121 0.057254832 2.032402992 0.995944917 0.018176977 0.088110983 358.598205566
0.095614016 0.057015482 -0.993784249 -237.469131470 -0.025455272 0.998171806 0.054818105 2.067720413 0.995092928 0.020055670 0.096890569 358.675354004
0.105615139 0.057128895 -0.992764771 -238.249877930 -0.023916194 0.998205543 0.054897670 2.098233223 0.994119525 0.017945122 0.106791914 358.765167236
0.118462980 0.055436555 -0.991409898 -239.008209229 -0.022732971 0.998329997 0.053107161 2.116018295 0.992698312 0.016246447 0.119525373 358.852783203
0.133486748 0.046530411 -0.989957690 -239.720001221 -0.022065541 0.998789132 0.043970175 2.133199692 0.990804911 0.015974516 0.134351790 358.955810547
0.150140524 0.038244076 -0.987924755 -240.410598755 -0.020308154 0.999159992 0.035592664 2.156087875 0.988456130 0.014719022 0.150791109 359.071472168
0.166296542 0.035192721 -0.985447645 -241.093566895 -0.015540646 0.999332368 0.033066057 2.177222252 0.985953391 0.009815718 0.166732430 359.199737549
0.181785583 0.040496837 -0.982504070 -241.744934082 -0.009002934 0.999178290 0.039518371 2.182362556 0.983297110 0.001661547 0.182000756 359.336669922
0.196676612 0.045192488 -0.979426384 -242.379699707 -0.002441676 0.998956621 0.045603342 2.191346169 0.980465412 -0.006577672 0.196581781 359.479797363
0.209971964 0.045749024 -0.976636589 -242.985794067 0.004044544 0.998855472 0.047659393 2.204786301 0.977699161 -0.013957188 0.209546626 359.621551514
0.219950795 0.044083349 -0.974514484 -243.571228027 0.010707139 0.998809159 0.047598988 2.222726822 0.975452304 -0.020903701 0.219216883 359.767211914
0.226615131 0.042430893 -0.973059833 -244.142333984 0.015316537 0.998771846 0.047119144 2.235671043 0.973864079 -0.025581818 0.225686908 359.907775879
0.229945302 0.039421335 -0.972404957 -244.693008423 0.019100422 0.998803973 0.045008253 2.250216484 0.973016262 -0.028922783 0.228917301 360.049926758
0.231539667 0.037855837 -0.972088695 -245.231567383 0.022916399 0.998753071 0.044352632 2.263203621 0.972555518 -0.032546166 0.230383456 360.185363770
0.231629252 0.037750460 -0.972071409 -245.771942139 0.024888404 0.998689711 0.044714704 2.292729378 0.972485781 -0.034550544 0.230386198 360.318359375
0.228560150 0.038851995 -0.972754240 -246.284988403 0.026700836 0.998577297 0.046157051 2.308444023 0.973163605 -0.036523014 0.227197587 360.440673828
0.223066688 0.040133074 -0.973976791 -246.783874512 0.027601594 0.998491466 0.047464717 2.322484016 0.974412441 -0.037471108 0.221622467 360.554199219
0.215614259 0.041500099 -0.975596309 -247.257354736 0.026427343 0.998482525 0.048314281 2.331944466 0.976120889 -0.036199670 0.214190364 360.654174805
0.207609355 0.042600792 -0.977283716 -247.716888428 0.025503013 0.998475969 0.048942316 2.341259003 0.977879286 -0.035084561 0.206206501 360.742126465
0.197907388 0.041400861 -0.979346156 -248.159027100 0.025344478 0.998557508 0.047334656 2.355961800 0.979893148 -0.034188896 0.196572661 360.822021484
0.186132371 0.039931040 -0.981712937 -248.580825806 0.027621279 0.998566210 0.045853533 2.371039391 0.982136369 -0.035650995 0.184762537 360.897216797
0.171445549 0.038775902 -0.984430194 -248.993011475 0.029908819 0.998559713 0.044541284 2.379382133 0.984739482 -0.037079550 0.170038879 360.958435059
0.151980758 0.037393227 -0.987675905 -249.405410767 0.030944431 0.998614192 0.042568997 2.391840935 0.987898946 -0.037032738 0.150613070 361.008148193
0.130235851 0.038484510 -0.990735948 -249.816040039 0.030318718 0.998624504 0.042776451 2.402937889 0.991019487 -0.035608873 0.128889918 361.043609619
0.108744502 0.039857335 -0.993270516 -250.225555420 0.027537508 0.998691618 0.043089721 2.413248062 0.993688345 -0.032037966 0.107504666 361.066589355
0.087915421 0.041597895 -0.995259106 -250.626571655 0.024876738 0.998724401 0.043940201 2.424737930 0.995817363 -0.028621821 0.086768448 361.078094482
0.067123830 0.042584993 -0.996835470 -251.021911621 0.023890473 0.998733699 0.044274796 2.436430931 0.997458577 -0.026786765 0.066021442 361.093933105
0.046918690 0.043267440 -0.997961283 -251.424041748 0.022893857 0.998752475 0.044378091 2.451436043 0.998636365 -0.024929347 0.045869589 361.093566895
0.027852774 0.043682657 -0.998657227 -251.819519043 0.021735929 0.998782039 0.044294346 2.463272095 0.999375761 -0.022940468 0.026869416 361.087219238
0.010073841 0.043864481 -0.998986781 -252.220367432 0.019352091 0.998841703 0.044053268 2.474640846 0.999762058 -0.019776272 0.009213328 361.069580078
-0.005298734 0.043404870 -0.999043524 -252.610061646 0.016097685 0.998931766 0.043314636 2.487658501 0.999856412 -0.015852777 -0.005991697 361.053955078
-0.016567588 0.041826379 -0.998987615 -253.007293701 0.012305159 0.999057531 0.041625235 2.499248505 0.999787152 -0.011603075 -0.017066598 361.027435303
-0.024236560 0.040644206 -0.998879671 -253.414093018 0.006958786 0.999155819 0.040486597 2.512516975 0.999682009 -0.005969733 -0.024498940 361.005828857
-0.028602242 0.040909253 -0.998753548 -253.828643799 0.002557427 0.999161899 0.040852748 2.526624680 0.999587774 -0.001385766 -0.028682828 360.981445312
-0.030627251 0.041697994 -0.998660743 -254.256439209 0.000070329 0.999129534 0.041715410 2.539247513 0.999530852 0.001207391 -0.030603409 360.963500977
-0.029464602 0.042402156 -0.998666048 -254.685806274 -0.002121832 0.999094963 0.042482965 2.552851677 0.999563575 0.003370746 -0.029348016 360.946289062
-0.026480079 0.042954467 -0.998726189 -255.116073608 -0.005468471 0.999055207 0.043113612 2.565878868 0.999634504 0.006603149 -0.026220202 360.932250977
-0.023015976 0.042908501 -0.998813868 -255.546203613 -0.007247223 0.999045134 0.043085434 2.576756477 0.999708831 0.008230278 -0.022683024 360.921813965
-0.018888831 0.043020755 -0.998895645 -255.976272583 -0.011265019 0.999001265 0.043238327 2.588697433 0.999758184 0.012069296 -0.018385291 360.913665771
-0.011036634 0.041952163 -0.999058723 -256.409210205 -0.015505530 0.998992205 0.042120662 2.604694366 0.999818921 0.015955804 -0.010375023 360.905578613
-0.000693798 0.041258540 -0.999148369 -256.840179443 -0.019041389 0.998966813 0.041264266 2.621205330 0.999818563 0.019053796 0.000092566 360.900970459
0.010172069 0.041719761 -0.999077559 -257.268890381 -0.021738069 0.998902380 0.041491117 2.631635666 0.999711931 0.021295967 0.011067808 360.909912109
0.020927727 0.042730708 -0.998867512 -257.701293945 -0.023243941 0.998836994 0.042242408 2.649765968 0.999510884 0.022333572 0.021896601 360.928649902
0.031647325 0.044556089 -0.998505592 -258.121459961 -0.023500798 0.998762846 0.043822721 2.656443596 0.999222934 0.022078797 0.032655299 360.945434570
0.042276859 0.047117472 -0.997994244 -258.549377441 -0.027027473 0.998575747 0.045999993 2.665177345 0.998740256 0.025028532 0.043490112 360.963043213
0.054466665 0.051884212 -0.997166812 -258.968200684 -0.030370751 0.998273134 0.050282884 2.672832489 0.998053730 0.027545955 0.055948317 360.976928711
0.065780759 0.053503312 -0.996398687 -259.387268066 -0.032531746 0.998145580 0.051449418 2.689494133 0.997303724 0.029030204 0.067399323 361.010986328
0.078000546 0.052372482 -0.995576739 -259.806213379 -0.030048972 0.998288989 0.050160911 2.689638138 0.996500373 0.026003476 0.079440832 361.037078857
0.088271976 0.050496608 -0.994815767 -260.203582764 -0.027314216 0.998461366 0.048258014 2.697803497 0.995721936 0.022912771 0.089515448 361.091644287
0.098410726 0.049427219 -0.993917644 -260.586853027 -0.027206307 0.998526096 0.046962615 2.709275246 0.994773924 0.022419203 0.099610448 361.140655518
0.107665062 0.048047014 -0.993025661 -260.946075439 -0.030159526 0.998529673 0.045043394 2.722219467 0.993729770 0.025099576 0.108955860 361.180572510
0.116153717 0.045698419 -0.992179394 -261.294738770 -0.032761466 0.998573720 0.042157572 2.738045692 0.992690802 0.027608495 0.117485225 361.214630127
0.121631384 0.041698761 -0.991699100 -261.629577637 -0.032445185 0.998750269 0.038015861 2.753572464 0.992044926 0.027551936 0.122832358 361.270935059
0.126149237 0.038073923 -0.991280437 -261.959289551 -0.028015951 0.999001324 0.034805201 2.756931782 0.991615653 0.023381012 0.127089918 361.325866699
0.128781140 0.036771376 -0.990991116 -262.284667969 -0.020993369 0.999189436 0.034347456 2.762264252 0.991450846 0.016380936 0.129448652 361.381408691
0.129660428 0.036904216 -0.990871489 -262.602386475 -0.017069710 0.999242127 0.034982320 2.773742199 0.991411507 0.012378069 0.130192101 361.407592773
0.124859214 0.036671963 -0.991496623 -262.922149658 -0.015851658 0.999262869 0.034963012 2.786370754 0.992047906 0.011351404 0.125348508 361.448303223
0.114017248 0.036856804 -0.992794812 -263.237762451 -0.015855743 0.999251842 0.035275567 2.791985035 0.993352175 0.011719476 0.114516377 361.491546631
0.098492265 0.037958171 -0.994413674 -263.557678223 -0.017788351 0.999179780 0.036378246 2.794199944 0.994978845 0.014106000 0.099086702 361.517700195
0.080076575 0.037807051 -0.996071517 -263.867950439 -0.018289126 0.999167979 0.036454275 2.801039696 0.996620953 0.015298140 0.080701411 361.522247314
0.056938410 0.035314087 -0.997752964 -264.178161621 -0.018335486 0.999242663 0.034320470 2.825557709 0.998209298 0.016340131 0.057542801 361.528228760
0.029562175 0.033332657 -0.999007225 -264.492004395 -0.015961275 0.999332130 0.032871183 2.823369026 0.999435723 0.014973675 0.030074477 361.529846191
0.000227988 0.029718934 -0.999558270 -264.809570312 -0.015158937 0.999443531 0.029712064 2.836457729 0.999885082 0.015145468 0.000678360 361.504913330
-0.032645583 0.028673463 -0.999055803 -265.143157959 -0.015353641 0.999456048 0.029186657 2.843000889 0.999349236 0.016291955 -0.032187581 361.478668213
-0.068239570 0.030938391 -0.997189283 -265.472717285 -0.017056430 0.999336779 0.032172225 2.843767166 0.997523308 0.019203901 -0.067666650 361.428131104
-0.107877731 0.033070408 -0.993614078 -265.823913574 -0.018834710 0.999199212 0.035301201 2.859945297 0.993985832 0.022522638 -0.107168436 361.360778809
-0.150565624 0.035057355 -0.987978399 -266.189758301 -0.016456218 0.999143720 0.037961435 2.874032021 0.988463223 0.021974066 -0.149859786 361.287109375
-0.195932865 0.036273420 -0.979946315 -266.563537598 -0.012807574 0.999135733 0.039544508 2.873131752 0.980533779 0.020298796 -0.195298910 361.197967529
-0.242988229 0.034732178 -0.969407260 -266.939575195 -0.010633394 0.999203384 0.038465049 2.901841164 0.969971001 0.019654643 -0.242425323 361.080993652
-0.292433023 0.040008958 -0.955448866 -267.325073242 -0.007450072 0.998998761 0.044112828 2.883456230 0.956257164 0.020018203 -0.291842103 360.947814941
-0.340095043 0.036190704 -0.939694464 -267.703369141 -0.008620960 0.999097228 0.041598603 2.929721355 0.940351605 0.022248546 -0.339475989 360.762023926
-0.387256980 0.034531135 -0.921324909 -268.067199707 -0.005348330 0.999197423 0.039697830 2.939615726 0.921956301 0.020300811 -0.386761427 360.557312012
-0.438559294 0.031031284 -0.898166299 -268.462341309 -0.001913349 0.999369204 0.035462059 2.965290070 0.898700178 0.017270725 -0.438223243 360.342590332
-0.489967108 0.031637203 -0.871166706 -268.863342285 0.004791137 0.999423862 0.033600315 2.974901199 0.871727824 0.012289166 -0.489836335 360.099121094
-0.541599035 0.032895260 -0.839993119 -269.256469727 0.008796525 0.999401152 0.033466190 2.994005203 0.840590954 0.010736234 -0.541563988 359.824249268
-0.591638327 0.037256807 -0.805342197 -269.650177002 0.015367655 0.999271274 0.034938645 3.005846977 0.806057036 0.008294818 -0.591779828 359.509429932
-0.641094804 0.038268194 -0.766507387 -270.028564453 0.017370567 0.999223709 0.035358194 3.031993866 0.767265439 0.009353278 -0.641261935 359.162719727
-0.686636090 0.037957449 -0.726009667 -270.378814697 0.018718045 0.999228060 0.034539014 3.065725327 0.726760209 0.010126255 -0.686816573 358.774444580
-0.731099725 0.042769510 -0.680928707 -270.733276367 0.024225850 0.999031186 0.036738887 3.070213318 0.681840301 0.010363717 -0.731427550 358.349945068
-0.772165775 0.046615355 -0.633709371 -271.073883057 0.029496627 0.998859882 0.037534453 3.088533401 0.634736538 0.010290523 -0.772660494 357.884613037
-0.810779691 0.050257873 -0.583190382 -271.413421631 0.034798641 0.998683572 0.037685286 3.106736183 0.584316611 0.010260224 -0.811461210 357.390502930
-0.844527006 0.051856261 -0.532996535 -271.721221924 0.038071927 0.998596013 0.036830805 3.131514549 0.534158170 0.010812401 -0.845315576 356.869110107
-0.872912526 0.051934317 -0.485104859 -271.988464355 0.038976260 0.998563409 0.036769051 3.159160614 0.486317545 0.013188588 -0.873682737 356.309661865
-0.896914482 0.051077481 -0.439244688 -272.251403809 0.038605098 0.998558581 0.037287634 3.185036659 0.440516114 0.016486729 -0.897593498 355.709442139
-0.915849209 0.052153900 -0.398121357 -272.481964111 0.039863475 0.998440146 0.039092664 3.191687584 0.399539143 0.019932477 -0.916499615 355.108764648
-0.931625128 0.052354161 -0.359630167 -272.714447021 0.041017208 0.998393536 0.039088488 3.220719814 0.361098856 0.021664789 -0.932276011 354.470672607
-0.945011616 0.053993784 -0.322549313 -272.919128418 0.043280914 0.998249829 0.040298723 3.245908737 0.324160695 0.024122527 -0.945694566 353.790985107
-0.956246972 0.054247189 -0.287487775 -273.109588623 0.044604201 0.998203933 0.039991714 3.267516613 0.289140880 0.025418788 -0.956949115 353.104125977
-0.965047240 0.056569710 -0.255897790 -273.293884277 0.048801526 0.998137295 0.036610566 3.294926167 0.257492155 0.022842726 -0.966010332 352.384948730
-0.971869111 0.059357457 -0.227919534 -273.449249268 0.053948447 0.998096108 0.029894859 3.319693565 0.229260087 0.016757984 -0.973221064 351.643310547
-0.977618575 0.062291950 -0.200952813 -273.606719971 0.058712661 0.997992873 0.023728689 3.336207390 0.202027574 0.011399129 -0.979313612 350.882690430
-0.982392788 0.065167025 -0.175094560 -273.734558105 0.062517479 0.997830987 0.020611560 3.356069565 0.176057979 0.009302175 -0.984336019 350.094055176
-0.986259103 0.071480289 -0.148943216 -273.862030029 0.068976209 0.997377515 0.021917375 3.372487068 0.150119275 0.011342669 -0.988603115 349.270629883
-0.989284992 0.076189436 -0.124540277 -273.972534180 0.073704429 0.996980429 0.024447378 3.392497063 0.126026854 0.015006255 -0.991913319 348.418945312
-0.991773605 0.076027825 -0.102981150 -274.047210693 0.073619813 0.996921062 0.026991025 3.410988808 0.104716145 0.019187529 -0.994317055 347.554687500
-0.993440270 0.076183721 -0.085279323 -274.113647461 0.074305251 0.996922314 0.024993390 3.428254128 0.086920954 0.018492736 -0.996043563 346.657531738
-0.994917393 0.069923006 -0.072456904 -274.182373047 0.068492077 0.997407913 0.022051662 3.448200226 0.073811010 0.016976859 -0.997127652 345.736877441
-0.995919347 0.061946627 -0.065631814 -274.223510742 0.060881305 0.997980714 0.018111277 3.465635300 0.066621214 0.014041618 -0.997679710 344.816833496
-0.996345043 0.058757521 -0.062002122 -274.269104004 0.057802677 0.998181820 0.017084582 3.480497360 0.062893242 0.013438249 -0.997929811 343.854156494
-0.996340632 0.060309101 -0.060569022 -274.328277588 0.059298601 0.998071671 0.018346230 3.495291710 0.061558671 0.014687432 -0.997995615 342.864837646
-0.996322274 0.061861414 -0.059288420 -274.392944336 0.060809750 0.997961164 0.019382874 3.514394760 0.060366593 0.015706273 -0.998052597 341.866790771
-0.996256471 0.063686579 -0.058456052 -274.449798584 0.062631682 0.997842133 0.019705990 3.536686897 0.059584919 0.015971018 -0.998095512 340.852813721
-0.996377587 0.062994979 -0.057124760 -274.503601074 0.061916422 0.997871637 0.020459807 3.551485062 0.058292039 0.016848734 -0.998157382 339.808929443
-0.996489644 0.062614560 -0.055569194 -274.562805176 0.061483975 0.997869313 0.021828845 3.574559212 0.056817599 0.018335603 -0.998216271 338.746856689
-0.996617675 0.061681744 -0.054303493 -274.616607666 0.060505826 0.997901917 0.023040181 3.594638824 0.055610716 0.019676572 -0.998258710 337.670104980
-0.996865988 0.058682732 -0.053057265 -274.663177490 0.057511151 0.998071849 0.023346318 3.624686718 0.054324988 0.020221760 -0.998318791 336.571899414
-0.996887088 0.060142264 -0.050982989 -274.736724854 0.058836177 0.997909307 0.026744414 3.632855415 0.052484870 0.023661513 -0.998341441 335.433380127
-0.997031450 0.059586223 -0.048763547 -274.791625977 0.058292422 0.997919619 0.027538745 3.656260014 0.050303031 0.024614448 -0.998430729 334.317169189
-0.997188210 0.058301400 -0.047084168 -274.826477051 0.057126474 0.998030245 0.025926458 3.678936481 0.048502974 0.023163801 -0.998554587 333.233245850
-0.997197747 0.060249552 -0.044347662 -274.890228271 0.059237823 0.997960448 0.023785863 3.697690010 0.045690306 0.021092150 -0.998733044 332.057006836
-0.997248530 0.061570745 -0.041284353 -274.932159424 0.060642023 0.997885644 0.023384044 3.715695381 0.042636834 0.020816138 -0.998873711 330.918823242
-0.997321486 0.062048696 -0.038727295 -274.969635010 0.061123796 0.997826338 0.024627246 3.733868599 0.040171202 0.022194121 -0.998946309 329.770568848
-0.997402072 0.062664978 -0.035527293 -275.017730713 0.061717026 0.997723520 0.027180143 3.755484581 0.037149660 0.024916891 -0.998999000 328.598846436
-0.997398257 0.064566076 -0.032062359 -275.054016113 0.063550547 0.997473657 0.031742901 3.781757832 0.034030873 0.029622734 -0.998981714 327.417205811
-0.997433066 0.066014811 -0.027741985 -275.089080811 0.064917386 0.997137845 0.038754497 3.813357353 0.030220952 0.036854077 -0.998863816 326.212768555
-0.997299790 0.069449879 -0.023874583 -275.126586914 0.068416037 0.996785402 0.041690331 3.845252752 0.026693223 0.039944354 -0.998845458 325.013824463
-0.997398257 0.068849713 -0.021380560 -275.145446777 0.068071231 0.997058511 0.035222735 3.875268936 0.023742745 0.033675682 -0.999150991 323.823028564
-0.997608304 0.066443391 -0.019062577 -275.170135498 0.066033013 0.997587800 0.021405987 3.899003983 0.020438880 0.020096026 -0.999589443 322.639190674
-0.997879267 0.062499538 -0.018194793 -275.184753418 0.062321812 0.998004198 0.010176924 3.908946991 0.018794533 0.009021408 -0.999782801 321.457214355
-0.998166800 0.058540616 -0.015362321 -275.195587158 0.058379430 0.998236716 0.010739512 3.908807755 0.015963931 0.009822981 -0.999824286 320.267272949
-0.998280525 0.057483222 -0.011473680 -275.207031250 0.057229038 0.998132288 0.021372808 3.912594795 0.012680828 0.020679431 -0.999705791 319.077819824
-0.998389602 0.056290101 -0.007059211 -275.206970215 0.056043271 0.997937441 0.031304616 3.926599026 0.008806791 0.030858580 -0.999485135 317.890960693
-0.998476624 0.055154573 -0.001644941 -275.201904297 0.055066559 0.997900188 0.034101069 3.949053526 0.003522317 0.033958532 -0.999417186 316.701416016
-0.998470545 0.055120192 0.004296778 -275.204162598 0.055230238 0.997954667 0.032189328 3.982109785 -0.002513708 0.032377403 -0.999472618 315.518463135
-0.998416066 0.055444937 0.009577314 -275.188720703 0.055714767 0.997975290 0.030679319 4.003982544 -0.007856910 0.031164315 -0.999483585 314.341552734
-0.998345613 0.055455618 0.015206801 -275.164703369 0.055909842 0.997945786 0.031277351 4.019588470 -0.013441058 0.032075807 -0.999395370 313.154083252
-0.998239517 0.055631109 0.020574674 -275.137481689 0.056261741 0.997920275 0.031459827 4.044801235 -0.018781738 0.032562006 -0.999293327 311.983184814
-0.998094201 0.056022286 0.025872231 -275.092864990 0.056839682 0.997869730 0.032019585 4.068044186 -0.024023306 0.033429131 -0.999152303 310.827392578
-0.997800231 0.058114115 0.031904452 -275.060302734 0.059171554 0.997693419 0.033265173 4.089522839 -0.029897684 0.035079829 -0.998937368 309.643768311
-0.997511983 0.059745338 0.037422556 -275.021911621 0.061026711 0.997553885 0.034088597 4.111534119 -0.035294380 0.036287554 -0.998718023 308.485534668
-0.997205615 0.060841732 0.043357387 -274.967895508 0.062311560 0.997497916 0.033395033 4.131548405 -0.041217092 0.036003370 -0.998501658 307.326568604
-0.996777892 0.063487001 0.049027465 -274.913818359 0.065128393 0.997342944 0.032639135 4.159330845 -0.046825036 0.035727043 -0.998264313 306.158233643
-0.996477127 0.064097442 0.054080121 -274.853576660 0.065896370 0.997308016 0.032162357 4.180233002 -0.051873010 0.035612743 -0.998018503 305.007385254
-0.996132374 0.065260440 0.058833633 -274.775390625 0.067243367 0.997211158 0.032377083 4.199478149 -0.056556612 0.036208030 -0.997742653 303.864410400
-0.995755076 0.066520222 0.063616641 -274.709228516 0.068576120 0.997173548 0.030696617 4.217717171 -0.061394881 0.034928892 -0.997502208 302.711944580
-0.995227933 0.070293680 0.067680672 -274.630859375 0.072326899 0.996985853 0.028071847 4.235733032 -0.065503404 0.032833010 -0.997312307 301.568542480
-0.994774461 0.072070099 0.072319381 -274.552429199 0.074262135 0.996843040 0.028090375 4.252896309 -0.070066594 0.033314172 -0.996986032 300.420349121
-0.994163394 0.074836686 0.077711016 -274.466247559 0.077310756 0.996575594 0.029327828 4.272156715 -0.075250112 0.035164546 -0.996544719 299.274261475
-0.993577480 0.077075779 0.082845166 -274.374267578 0.079603121 0.996443212 0.027644595 4.290446758 -0.080419779 0.034061778 -0.996179104 298.145629883
-0.992956996 0.079503715 0.087842114 -274.275390625 0.082135528 0.996261895 0.026758187 4.309140205 -0.085386373 0.033784676 -0.995775342 297.009765625
-0.992468834 0.080459140 0.092369601 -274.174468994 0.083380543 0.996118426 0.028210022 4.332653046 -0.089741305 0.035699390 -0.995325208 295.869628906
-0.991904020 0.082771279 0.096307874 -274.058563232 0.086025067 0.995837212 0.030131362 4.341404915 -0.093412951 0.038172312 -0.994895339 294.746582031
-0.991551876 0.082540900 0.100060374 -273.948333740 0.085782215 0.995905399 0.028528545 4.367528439 -0.097295895 0.036870930 -0.994572401 293.621551514
-0.991284490 0.081927978 0.103165299 -273.820861816 0.085052483 0.996030569 0.026253333 4.381092072 -0.100604907 0.034798983 -0.994317889 292.503051758
-0.991013408 0.080589898 0.106760375 -273.703979492 0.083680041 0.996184468 0.024781097 4.391240597 -0.104355924 0.033492111 -0.993975878 291.363220215
-0.990695119 0.080432892 0.109791830 -273.574279785 0.083542258 0.996214867 0.024013065 4.406765461 -0.107444815 0.032961875 -0.993664861 290.238891602
-0.990246892 0.081260510 0.113173351 -273.454040527 0.084496729 0.996132493 0.024090180 4.421089649 -0.110778078 0.033418000 -0.993283272 289.086425781
-0.989824533 0.082033470 0.116268776 -273.315490723 0.085348874 0.996066332 0.023820788 4.431110859 -0.113857314 0.033501800 -0.992932320 287.955932617
-0.989253163 0.083606742 0.119952224 -273.183715820 0.086790241 0.995993376 0.021556422 4.451961040 -0.117669359 0.031735435 -0.992545843 286.816436768
-0.988910079 0.083358310 0.122916117 -273.031829834 0.086520128 0.996037006 0.020604752 4.465705395 -0.120711423 0.031010963 -0.992203116 285.686706543
-0.988612413 0.082547747 0.125823006 -272.874816895 0.085818149 0.996093929 0.020787783 4.474751949 -0.123615555 0.031348959 -0.991834879 284.568084717
-0.988154054 0.081439495 0.130074859 -272.740234375 0.084972307 0.996143997 0.021835523 4.474364758 -0.127795026 0.032629617 -0.991263866 283.389526367
-0.987746596 0.080302678 0.133823335 -272.583862305 0.083964966 0.996227086 0.021942239 4.484674454 -0.131556407 0.032909837 -0.990762472 282.250183105
-0.987510562 0.078647420 0.136519700 -272.412963867 0.082262948 0.996388555 0.021038195 4.502505779 -0.134372070 0.032005951 -0.990414023 281.097686768
-0.987090826 0.079726160 0.138908699 -272.253295898 0.083358437 0.996308327 0.020520659 4.514111042 -0.136759862 0.031834964 -0.990092754 279.961425781
-0.986505389 0.080600381 0.142517075 -272.085632324 0.084329143 0.996230960 0.020310169 4.523143291 -0.140342921 0.032054428 -0.989584208 278.812988281
-0.985929012 0.081382789 0.146017164 -271.913513184 0.085344441 0.996128798 0.021064756 4.534407139 -0.143737599 0.033230107 -0.989057779 277.649078369
-0.985416055 0.081876956 0.149170384 -271.749725342 0.086052917 0.996053159 0.021747613 4.542138100 -0.146801010 0.034266986 -0.988572478 276.500793457
-0.985070229 0.080434740 0.152208313 -271.560180664 0.084797353 0.996146858 0.022380620 4.552988529 -0.149821654 0.034953341 -0.988095164 275.353576660
-0.984587550 0.078836337 0.156116068 -271.375976562 0.083294764 0.996277332 0.022215109 4.565269470 -0.153783530 0.034876373 -0.987488866 274.200073242
-0.984074712 0.078160457 0.159650475 -271.204650879 0.082617663 0.996350169 0.021464141 4.579872608 -0.157390133 0.034312263 -0.986940384 273.041778564
-0.983755469 0.075670116 0.162787616 -271.000579834 0.079919763 0.996606469 0.019707592 4.591757774 -0.160743922 0.032397393 -0.986464500 271.890106201
-0.983318925 0.073462322 0.166395083 -270.806854248 0.077512249 0.996829450 0.017968390 4.603342533 -0.164547518 0.030566312 -0.985895514 270.712036133
-0.983027935 0.070186451 0.169500530 -270.591583252 0.074174210 0.997095168 0.017302187 4.614089489 -0.167793781 0.029581094 -0.985378385 269.554962158
-0.982389808 0.068445191 0.173854932 -270.391235352 0.072859839 0.997158706 0.019131139 4.616493702 -0.172051519 0.031461276 -0.984585404 268.378875732
-0.981867075 0.067001991 0.177335024 -270.168884277 0.071685083 0.997224212 0.020126952 4.626859665 -0.175494224 0.032474268 -0.983944774 267.201446533
-0.981035113 0.066687591 0.181997329 -269.951293945 0.071547471 0.997231364 0.020261904 4.632555008 -0.180142239 0.032899085 -0.983090401 266.016448975
-0.980321884 0.066488057 0.185873225 -269.719787598 0.071217179 0.997282207 0.018875146 4.642153263 -0.184113100 0.031741079 -0.982392669 264.847290039
-0.979232907 0.068191998 0.190926224 -269.498748779 0.072978683 0.997168422 0.018144256 4.648923397 -0.189148307 0.031700995 -0.981436729 263.661346436
-0.978368044 0.067954309 0.195392892 -269.254638672 0.073119320 0.997135758 0.019335026 4.655379772 -0.193519354 0.033203766 -0.980534434 262.487945557
-0.977464557 0.066473238 0.200361148 -269.011688232 0.072352819 0.997132957 0.022158269 4.663498878 -0.198313773 0.036155611 -0.979471684 261.314575195
-0.976458549 0.065319180 0.205578029 -268.757629395 0.071955293 0.997095406 0.024963247 4.671574116 -0.203350320 0.039167996 -0.978322387 260.137268066
-0.975587130 0.063043773 0.210370734 -268.486206055 0.069877535 0.997237146 0.025203181 4.688260078 -0.208200619 0.039288078 -0.977297068 258.970977783
-0.974292874 0.061499588 0.216728941 -268.237884521 0.068244286 0.997385502 0.023767566 4.703504086 -0.214700609 0.037947081 -0.975942492 257.757659912
-0.973044157 0.062073808 0.222108915 -267.964843750 0.068503797 0.997422218 0.021356234 4.719535828 -0.220210701 0.035995856 -0.974788189 256.574279785
-0.971920848 0.061111066 0.227234557 -267.690429688 0.067138411 0.997564971 0.018883374 4.733785629 -0.225527242 0.033609308 -0.973657131 255.401580811
-0.970556021 0.062960498 0.232503191 -267.405029297 0.068919264 0.997467220 0.017586607 4.742818356 -0.230807051 0.033092726 -0.972437024 254.210327148
-0.969380260 0.062682040 0.237430364 -267.109069824 0.069016375 0.997444868 0.018452674 4.755372524 -0.235667035 0.034274239 -0.971229434 253.024078369
-0.968262792 0.060140982 0.242591336 -266.797485352 0.067148983 0.997527897 0.020716105 4.763153553 -0.240745723 0.036348391 -0.969907522 251.816955566
-0.967072010 0.058066830 0.247790679 -266.494750977 0.065778933 0.997570217 0.022951702 4.778580666 -0.245855883 0.038495351 -0.968541861 250.611450195
-0.965997219 0.056054257 0.252402812 -266.174346924 0.064374000 0.997617185 0.024819151 4.793972969 -0.250410140 0.040223412 -0.967303872 249.407989502
-0.964598417 0.056450751 0.257611245 -265.855163574 0.064953640 0.997584760 0.024609787 4.806989670 -0.255599797 0.040471345 -0.965935349 248.203399658
-0.963188529 0.059308995 0.262202919 -265.524353027 0.067464940 0.997474492 0.022205113 4.822583199 -0.260223776 0.039077215 -0.964757323 247.008453369
-0.961352587 0.063602291 0.267873436 -265.194793701 0.071794145 0.997200727 0.020887565 4.832371712 -0.265795112 0.039312057 -0.963227749 245.820648193
-0.959572673 0.066814318 0.273415923 -264.855957031 0.075351283 0.996939480 0.020829797 4.835009575 -0.271187395 0.040589944 -0.961670399 244.627899170
-0.957862377 0.068796992 0.278866440 -264.511535645 0.077670455 0.996760368 0.020882759 4.842865944 -0.276526332 0.041662496 -0.960102797 243.445892334
-0.956320047 0.068880737 0.284091711 -264.153930664 0.078314617 0.996686578 0.021969344 4.849527836 -0.281637132 0.043258246 -0.958545804 242.280639648
-0.954760313 0.068582289 0.289360315 -263.800628662 0.079001404 0.996574163 0.024467967 4.862032890 -0.286690950 0.046220914 -0.956907511 241.085266113
-0.953425288 0.068866186 0.293662578 -263.434112549 0.079724364 0.996499598 0.025151625 4.876231194 -0.290902525 0.047392257 -0.955578208 239.910827637
-0.952143073 0.070268773 0.297466367 -263.065673828 0.080685265 0.996477246 0.022868700 4.886716843 -0.294811487 0.045775421 -0.954458475 238.718750000
-0.950863600 0.073451817 0.300772011 -262.690185547 0.082668588 0.996414244 0.018013952 4.898780823 -0.298370361 0.041993201 -0.953526139 237.543853760
-0.949702501 0.074288540 0.304215461 -262.315124512 0.082269572 0.996518910 0.013482729 4.905303478 -0.302154839 0.037832249 -0.952508211 236.373413086
-0.948652625 0.075655617 0.307139248 -261.944671631 0.083761133 0.996397436 0.013274598 4.894432545 -0.305028439 0.038319308 -0.951572061 235.217468262
-0.947539687 0.075079091 0.310695708 -261.553771973 0.084681921 0.996254086 0.017514305 4.896537781 -0.308216900 0.042905807 -0.950348139 234.040802002
-0.946352720 0.074388690 0.314457119 -261.169494629 0.085138567 0.996156752 0.020569745 4.904891491 -0.311718434 0.046238657 -0.949048996 232.856262207
-0.945266366 0.073602282 0.317890495 -260.770019531 0.084603928 0.996194959 0.020922367 4.917219162 -0.315140992 0.046671990 -0.947896719 231.682525635
-0.944096446 0.073960692 0.321265548 -260.372253418 0.084806338 0.996199191 0.019876987 4.926201820 -0.318574369 0.046011150 -0.946780443 230.524200439
-0.942883968 0.073721044 0.324862033 -259.962554932 0.084616877 0.996222317 0.019520087 4.932808399 -0.322195798 0.045893982 -0.945560098 229.354949951
-0.941439271 0.075040117 0.328726321 -259.553710938 0.085639432 0.996166050 0.017862597 4.936959743 -0.326125592 0.044968486 -0.944256306 228.187347412
-0.939661741 0.076809898 0.333370864 -259.132568359 0.086873785 0.996100843 0.015362948 4.936473370 -0.330890983 0.043397162 -0.942670584 227.030761719
-0.937781811 0.079227105 0.338065922 -258.730804443 0.088643581 0.995985210 0.012480719 4.937192440 -0.335719854 0.041671559 -0.941039801 225.891784668
-0.935946226 0.080211200 0.342886418 -258.305541992 0.089846678 0.995879889 0.012280838 4.938062668 -0.340488642 0.042301409 -0.939296722 224.737030029
-0.934210420 0.079243235 0.347809315 -257.869415283 0.089915954 0.995841980 0.014624924 4.947711945 -0.345204175 0.044936363 -0.937451243 223.575134277
-0.932202339 0.078607693 0.353298306 -257.448638916 0.091280386 0.995637715 0.019323636 4.945034981 -0.350238144 0.050262745 -0.935311198 222.417968750
-0.930405974 0.079961330 0.357703030 -257.004425049 0.093812823 0.995357454 0.021509122 4.957020760 -0.354322493 0.053569335 -0.933587909 221.277526855
-0.928565979 0.082001060 0.361996144 -256.565185547 0.096254170 0.995124936 0.021483755 4.962907791 -0.358469695 0.054792721 -0.931932092 220.121276855
-0.926866412 0.084279187 0.365808606 -256.113708496 0.098105513 0.994988143 0.019337732 4.971072674 -0.362345457 0.053811330 -0.930489302 218.975830078
-0.925622821 0.086360730 0.368462563 -255.641601562 0.099105157 0.994952083 0.015766017 4.967830181 -0.365241021 0.051109917 -0.929509163 217.828491211
-0.924274683 0.085855931 0.371947706 -255.201538086 0.097236246 0.995190084 0.011910336 4.977853298 -0.369136095 0.047175217 -0.928177238 216.681396484
-0.923403144 0.083819851 0.374567747 -254.732330322 0.095104858 0.995398402 0.011709438 4.973413467 -0.371862650 0.046435744 -0.927125692 215.552795410
-0.922729135 0.079975694 0.377061009 -254.261322021 0.091830969 0.995682597 0.013538103 4.977872372 -0.374350339 0.047117874 -0.926089525 214.399810791
-0.922049999 0.077362165 0.379261255 -253.784088135 0.089821666 0.995841265 0.015239163 4.981016159 -0.376505077 0.048117146 -0.925164223 213.272125244
-0.921143293 0.076742887 0.381583065 -253.315246582 0.089314923 0.995885670 0.015316989 4.979640961 -0.378837615 0.048190203 -0.924207687 212.134246826
-0.920271873 0.077351429 0.383557737 -252.840850830 0.089360856 0.995907009 0.013561041 4.985615253 -0.380938858 0.046754893 -0.923417449 211.015319824
-0.919066548 0.077160656 0.386474937 -252.370697021 0.088548392 0.996002913 0.011720359 4.985024929 -0.384025842 0.044993527 -0.922225356 209.874877930
-0.918352008 0.077425025 0.388117582 -251.887603760 0.088896818 0.995972574 0.011659752 4.986083508 -0.385651708 0.045210168 -0.921536326 208.756408691
-0.917429566 0.076601125 0.390455097 -251.409637451 0.089413784 0.995885909 0.014713292 4.986523151 -0.387721658 0.048410479 -0.920504332 207.622467041
-0.916558146 0.075186908 0.392770380 -250.923797607 0.089354485 0.995839298 0.017884441 4.987667084 -0.389791489 0.051487915 -0.919462919 206.505981445
-0.915501237 0.075636491 0.395141572 -250.433654785 0.089262262 0.995876670 0.016184272 4.992082596 -0.392288148 0.050087947 -0.918477774 205.392608643
-0.913921595 0.077481896 0.398426920 -249.957077026 0.090116605 0.995845735 0.013050051 4.997560501 -0.395760596 0.047831602 -0.917107344 204.271942139
-0.912601113 0.077538498 0.401432008 -249.460479736 0.089232154 0.995955706 0.010483532 5.003342152 -0.398995608 0.045387916 -0.915829182 203.163787842
-0.911164641 0.077135853 0.404758364 -248.963378906 0.088615485 0.996018946 0.009671235 5.002585411 -0.402401000 0.044679943 -0.914372683 202.053558350
-0.909554958 0.078100339 0.408179075 -248.467468262 0.090479434 0.995836735 0.011075595 4.997137070 -0.405614704 0.047005672 -0.912834644 200.888488770
-0.908041835 0.076845117 0.411771148 -247.961547852 0.090372317 0.995817244 0.013449533 4.997393608 -0.409015268 0.049425442 -0.911188364 199.779541016
-0.906662107 0.075778611 0.414995670 -247.447097778 0.090313815 0.995793045 0.015480399 4.990525246 -0.412076712 0.051515333 -0.909691691 198.659271240
-0.905037999 0.072231963 0.419152349 -246.931594849 0.086504847 0.996136725 0.015119235 4.993611336 -0.416440964 0.049942192 -0.907790065 197.555389404
-0.903536677 0.070198193 0.422721833 -246.408676147 0.084069058 0.996358275 0.014233763 4.986764431 -0.420183212 0.048398551 -0.906147718 196.436584473
-0.902192950 0.066838481 0.426122963 -245.880920410 0.079392053 0.996774316 0.011743219 4.989619255 -0.423963517 0.044425420 -0.904589176 195.342071533
-0.900843978 0.064240344 0.429363996 -245.351165771 0.075492375 0.997103870 0.009205604 4.990082264 -0.427529156 0.040706519 -0.903084636 194.250122070
-0.898942351 0.063374840 0.433459103 -244.819686890 0.074647136 0.997169256 0.009015872 4.983803749 -0.431660712 0.040461220 -0.901128411 193.157104492
-0.896710753 0.063061170 0.438101619 -244.291671753 0.075445719 0.997090340 0.010900012 4.983934879 -0.436139524 0.042827051 -0.898859382 192.076995850
-0.894408822 0.060604405 0.443125099 -243.748535156 0.074664280 0.997105718 0.014333192 4.984493256 -0.440973938 0.045905355 -0.896345139 190.991333008
-0.891873002 0.059530839 0.448351264 -243.206466675 0.075022489 0.997039437 0.016852697 4.986024380 -0.446020603 0.048666887 -0.893698692 189.905120850
-0.889748693 0.058048051 0.452744961 -242.656250000 0.073582970 0.997148275 0.016759604 4.983491898 -0.450480998 0.048226148 -0.891482711 188.849395752
-0.887373567 0.058294617 0.457351178 -242.105590820 0.073170178 0.997208714 0.014862481 4.991350174 -0.455208182 0.046653032 -0.889162064 187.784576416
-0.885190368 0.057916790 0.461609989 -241.549209595 0.072517022 0.997269809 0.013935354 4.992848396 -0.459542602 0.045810021 -0.886973619 186.741851807
-0.882757902 0.058228038 0.466205895 -240.990264893 0.072972618 0.997240961 0.013620110 4.996302605 -0.464126527 0.046043523 -0.884571433 185.654022217
-0.880761266 0.057536684 0.470052719 -240.423965454 0.071697973 0.997350991 0.012263551 4.996171474 -0.468101919 0.044503082 -0.882553339 184.605377197
-0.878823876 0.057295538 0.473694056 -239.842330933 0.071054481 0.997409761 0.011182816 4.994466305 -0.471826345 0.043485809 -0.880618572 183.533447266
-0.877368927 0.056461912 0.476483017 -239.266235352 0.070205845 0.997471035 0.011075515 4.993816853 -0.474652678 0.043169204 -0.879114032 182.510009766
-0.875418425 0.054430809 0.480291396 -238.687911987 0.069132388 0.997523308 0.012958303 4.989941120 -0.478396535 0.044547629 -0.877013206 181.439819336
-0.873439312 0.053517941 0.483983546 -238.108612061 0.069493271 0.997467875 0.015115621 4.988529205 -0.481949091 0.046836171 -0.874946713 180.404785156
-0.870942235 0.056346778 0.488144428 -237.535949707 0.073653132 0.997150540 0.016309496 4.990981102 -0.485834479 0.050157990 -0.872610569 179.348266602
-0.868821025 0.058414835 0.491668284 -236.953521729 0.075926997 0.996989489 0.015717907 4.994101524 -0.489269942 0.050986949 -0.870640635 178.317871094
-0.866714358 0.061260086 0.495028615 -236.363067627 0.079686493 0.996688724 0.016177244 4.989322186 -0.492398411 0.053468145 -0.868726015 177.278991699
-0.864487886 0.062649392 0.498734534 -235.770965576 0.082100116 0.996476769 0.017135132 4.994422913 -0.495903850 0.055759270 -0.866585612 176.251068115
-0.862630248 0.062362909 0.501976252 -235.176605225 0.082881197 0.996385038 0.018643010 4.993403435 -0.498999000 0.057686415 -0.864680529 175.229339600
-0.860437274 0.065102339 0.505380630 -234.580413818 0.084712833 0.996278703 0.015889013 4.998137951 -0.502465546 0.056483719 -0.862750411 174.211883545
-0.858419657 0.067108922 0.508539081 -233.970779419 0.085108496 0.996297121 0.012188621 4.998506069 -0.505838037 0.053743951 -0.860952616 173.176940918
-0.856107116 0.066849664 0.512456477 -233.360275269 0.084299862 0.996381342 0.010853515 5.002574921 -0.509876490 0.052491784 -0.858644605 172.152191162
-0.854359150 0.064112306 0.515713215 -232.744659424 0.083131745 0.996442378 0.013845191 4.999506474 -0.512990892 0.054700911 -0.856649399 171.126708984
-0.852416635 0.061988309 0.519175887 -232.115081787 0.080559045 0.996661544 0.013268143 5.001322746 -0.516620159 0.053134292 -0.854564667 170.108734131
-0.850761175 0.062360175 0.521839619 -231.485229492 0.079922922 0.996738255 0.011188406 5.003400803 -0.519439757 0.051225610 -0.852970243 169.084350586
-0.848470569 0.060590237 0.525762916 -230.847274780 0.076942980 0.996992350 0.009273842 5.005978107 -0.523619711 0.048322346 -0.850580573 168.060974121
-0.846481800 0.062041823 0.528790474 -230.199584961 0.077909589 0.996930301 0.007749148 5.005165577 -0.526686490 0.047757361 -0.848716974 167.036773682
-0.844267130 0.065741263 0.531875253 -229.553863525 0.080290057 0.996762514 0.004245035 5.002645016 -0.529874265 0.046288237 -0.846812248 166.018310547
-0.841584563 0.068724997 0.535735309 -228.910217285 0.083363064 0.996514380 0.003120250 4.987862110 -0.533653498 0.047286488 -0.844380260 164.986114502
-0.838739276 0.071132831 0.539867461 -228.251922607 0.087246917 0.996177495 0.004290823 4.980931282 -0.537498593 0.050700650 -0.841739297 163.958312988
-0.835572124 0.073720314 0.544412017 -227.581466675 0.090630047 0.995875597 0.004246212 4.974319458 -0.541853607 0.052888107 -0.838807225 162.916870117
-0.832818508 0.075062491 0.548433065 -226.920654297 0.091962837 0.995756745 0.003362990 4.958191872 -0.545853496 0.053236224 -0.836187720 161.889648438
-0.830382943 0.076122858 0.551968932 -226.237213135 0.091633849 0.995792627 0.000522834 4.950901985 -0.549606800 0.051013190 -0.833864570 160.859954834
-0.828070045 0.075620785 0.555501223 -225.552246094 0.091273770 0.995825708 0.000496743 4.936762333 -0.553144813 0.051114026 -0.831515670 159.850189209
-0.825506210 0.072252400 0.559749305 -224.854583740 0.089414664 0.995989025 0.003304611 4.922299385 -0.557265341 0.052777763 -0.828655601 158.819946289
-0.822823524 0.071483649 0.563783288 -224.153106689 0.090551637 0.995874345 0.005887510 4.914521694 -0.561036468 0.055895880 -0.825901747 157.796020508
-0.820472121 0.069255419 0.567476153 -223.444946289 0.087559916 0.996146560 0.005025620 4.906716824 -0.564941347 0.053811543 -0.823374510 156.779418945
-0.818335056 0.067457609 0.570768893 -222.726455688 0.084348492 0.996431291 0.003168468 4.898955345 -0.568518221 0.050736368 -0.821104646 155.768829346
-0.816371202 0.064228989 0.573945105 -222.018066406 0.079742812 0.996813715 0.001873682 4.885097027 -0.571996033 0.047297612 -0.818891764 154.787109375
-0.814340711 0.060695518 0.577204704 -221.308578491 0.077070154 0.997018099 0.003892616 4.865683556 -0.575247228 0.047655173 -0.816590190 153.799530029
-0.812020779 0.059861440 0.580550373 -220.595275879 0.076981209 0.997020662 0.004869964 4.854738235 -0.578529179 0.048645981 -0.814209700 152.799163818
-0.809795022 0.058520991 0.583787441 -219.879943848 0.075725079 0.997115731 0.005086731 4.842457294 -0.581805944 0.048326552 -0.811890841 151.819732666
-0.807039380 0.059110399 0.587531924 -219.160461426 0.076762944 0.997036159 0.005132490 4.834114075 -0.585487187 0.049242798 -0.809184909 150.812438965
-0.804841042 0.056617789 0.590783834 -218.438674927 0.075386710 0.997128785 0.007141500 4.826056957 -0.588683188 0.050285015 -0.806798339 149.833343506
-0.802932858 0.053084664 0.593700945 -217.703536987 0.071588859 0.997404993 0.007637071 4.818401814 -0.591754913 0.048634429 -0.804649472 148.847991943
-0.801284552 0.050426021 0.596154511 -216.965637207 0.067717053 0.997682571 0.006628263 4.812263489 -0.594438732 0.045680951 -0.802842379 147.884979248
-0.799089909 0.049704053 0.599153519 -216.233657837 0.067564569 0.997687876 0.007345415 4.803704739 -0.597403109 0.046351194 -0.800600529 146.904449463
-0.796790361 0.049494658 0.602225900 -215.497543335 0.067996696 0.997653723 0.007971359 4.793231964 -0.600418329 0.047300860 -0.798286319 145.942596436
-0.794091105 0.053146169 0.605470777 -214.763183594 0.069198377 0.997597814 0.003189765 4.784695625 -0.603846788 0.044430558 -0.795861244 144.971038818
-0.792012811 0.054777980 0.608042300 -214.028717041 0.067709781 0.997703612 -0.001686038 4.772226334 -0.606738329 0.039835040 -0.793903112 144.019897461
-0.790379405 0.053733382 0.610256732 -213.285339355 0.065582432 0.997842908 -0.002920859 4.759886265 -0.609097242 0.037713531 -0.792198420 143.081817627
-0.788424611 0.051229257 0.612994373 -212.539123535 0.065386966 0.997859716 0.000706501 4.740957260 -0.611646235 0.040638868 -0.790086865 142.119354248
-0.785993934 0.049964543 0.616211772 -211.798370361 0.065984808 0.997815311 0.003259070 4.727708340 -0.614702702 0.043222222 -0.787573695 141.177825928
-0.783279181 0.051164791 0.619561017 -211.058273315 0.068008810 0.997678280 0.003589455 4.708554268 -0.617938876 0.044947151 -0.784940243 140.238403320
-0.779751062 0.052674100 0.623870373 -210.316558838 0.068759605 0.997631788 0.001708693 4.699506283 -0.622302949 0.044229429 -0.781526327 139.307373047
-0.776423335 0.053136770 0.627967894 -209.564010620 0.069571108 0.997575700 0.001606240 4.679586887 -0.626360178 0.044935539 -0.778237820 138.380126953
-0.773546219 0.049252555 0.631823242 -208.799362183 0.066752672 0.997761726 0.003947240 4.668098927 -0.630214632 0.045229260 -0.775102615 137.451568604
-0.770900249 0.047358707 0.635193110 -208.034591675 0.066999152 0.997729003 0.006924664 4.659446716 -0.633422613 0.047895622 -0.772322536 136.529449463
-0.767809153 0.047443703 0.638919950 -207.276031494 0.068735614 0.997598469 0.008523841 4.654033661 -0.636981189 0.050461233 -0.769226313 135.604888916
-0.764144659 0.052441228 0.642909706 -206.506683350 0.074267052 0.997214317 0.006930414 4.651525021 -0.640755296 0.053042848 -0.765910625 134.682098389
-0.760517240 0.054271251 0.647045851 -205.735443115 0.076165661 0.997077763 0.005892369 4.645903587 -0.644835234 0.053763922 -0.762428403 133.767913818
-0.757238984 0.053148448 0.650971770 -204.947479248 0.076545730 0.997036815 0.007638513 4.640193462 -0.648636818 0.055613287 -0.759063482 132.855987549
-0.753931999 0.049595062 0.655077815 -204.151763916 0.074141398 0.997199237 0.009833046 4.634911537 -0.652755439 0.055981830 -0.755497456 131.953735352
-0.750960946 0.047740556 0.658618927 -203.346847534 0.071852416 0.997368753 0.009631374 4.634496689 -0.656426132 0.054556139 -0.752415299 131.025085449
-0.747821093 0.050609130 0.661968470 -202.545623779 0.074077003 0.997224748 0.007443968 4.630790234 -0.659754574 0.054603394 -0.749494672 130.129089355
-0.744733691 0.054286096 0.665150285 -201.749588013 0.075752772 0.997120738 0.003436588 4.624685764 -0.663048565 0.052946318 -0.746701717 129.235412598
-0.741544008 0.057756014 0.668413818 -200.952270508 0.078682192 0.996899068 0.001151050 4.611829758 -0.666274607 0.053445809 -0.743788958 128.329315186
-0.738820910 0.058464166 0.671360910 -200.139160156 0.079434283 0.996839941 0.000608165 4.606520653 -0.669203818 0.053778399 -0.741130233 127.439392090
-0.736069441 0.057876524 0.674427330 -199.303985596 0.079478122 0.996835887 0.001198079 4.597580910 -0.672224045 0.054484081 -0.738340378 126.523620605
-0.733572602 0.057628322 0.677163363 -198.474029541 0.080051921 0.996788919 0.001891159 4.582464218 -0.674879968 0.055595536 -0.735830307 125.614929199
-0.731419325 0.056933686 0.679547608 -197.635955811 0.080776349 0.996726334 0.003434716 4.571328163 -0.677127481 0.057403579 -0.733623743 124.724243164
-0.727987528 0.057397760 0.683183551 -196.803314209 0.082241394 0.996604800 0.003904989 4.562231064 -0.680639863 0.059028748 -0.730236411 123.824737549
-0.725008607 0.060451165 0.686082065 -195.958511353 0.084849283 0.996392071 0.001870599 4.552845955 -0.683493614 0.059569761 -0.727522016 122.921630859
-0.721492529 0.064249329 0.689435005 -195.113220215 0.085848384 0.996303678 -0.003006640 4.538944244 -0.687079787 0.057017609 -0.724341273 122.031402588
-0.718428254 0.064333327 0.692619741 -194.246978760 0.084308021 0.996426702 -0.005102634 4.526178837 -0.690473080 0.054727521 -0.721284866 121.125366211
-0.715443850 0.062957674 0.695827901 -193.381347656 0.082233012 0.996597290 -0.005619710 4.504584789 -0.693813980 0.053199433 -0.718186617 120.238189697
-0.713214993 0.059362337 0.698427260 -192.500091553 0.077720538 0.996960700 -0.005369888 4.482654095 -0.696623325 0.050452255 -0.715661049 119.355590820
-0.710285068 0.059098240 0.701429009 -191.631851196 0.075570308 0.997112393 -0.007486332 4.468254089 -0.699845970 0.047689773 -0.712700129 118.475860596
-0.707333684 0.057607066 0.704528749 -190.753112793 0.074250303 0.997215092 -0.006993195 4.451498985 -0.702969551 0.047364943 -0.709641218 117.603485107
-0.703995585 0.056620929 0.707943797 -189.864700317 0.074453317 0.997208118 -0.005718032 4.431374550 -0.706291020 0.048683293 -0.706245780 116.725494385
-0.701008797 0.054739136 0.711048663 -188.984588623 0.074645996 0.997205019 -0.003176494 4.405133247 -0.709235191 0.050850186 -0.703135490 115.849914551
-0.698192716 0.054247849 0.713851810 -188.089752197 0.073306046 0.997301102 -0.004090073 4.383266449 -0.712147057 0.049473986 -0.700285077 114.989074707
-0.694727302 0.055132125 0.717157364 -187.179290771 0.074365012 0.997220397 -0.004623090 4.366502762 -0.715418816 0.050119627 -0.696896076 114.099075317
-0.691179633 0.053478964 0.720701635 -186.270202637 0.072964408 0.997326374 -0.004030070 4.349349499 -0.718990266 0.049800064 -0.693233848 113.224639893
-0.687797785 0.052580666 0.723995507 -185.345886230 0.073850393 0.997266769 -0.002269094 4.327926636 -0.722135961 0.051906679 -0.689800978 112.338943481
-0.684304118 0.053439401 0.727236152 -184.419067383 0.072601937 0.997348607 -0.004972134 4.307259560 -0.725573659 0.049396295 -0.686369538 111.469863892
-0.680757642 0.056053512 0.730361044 -183.490707397 0.074151821 0.997219384 -0.007418574 4.284198284 -0.728745997 0.049107350 -0.683021188 110.604644775
-0.677594781 0.057108618 0.733214736 -182.555679321 0.075081669 0.997143030 -0.008279311 4.260116577 -0.731592774 0.049440973 -0.679946780 109.736343384
-0.674208641 0.056174766 0.736401379 -181.608489990 0.076208629 0.997072101 -0.006287019 4.240727425 -0.734598458 0.051881377 -0.676515698 108.864822388
-0.671025753 0.052487440 0.739573896 -180.649566650 0.074305840 0.997229874 -0.003354512 4.220622540 -0.737701237 0.052703690 -0.673067093 108.000213623
-0.668362975 0.049365837 0.742195547 -179.700622559 0.071996659 0.997403741 -0.001506042 4.197672844 -0.740342975 0.052429013 -0.670181990 107.142730713
-0.665790915 0.047384247 0.744632483 -178.733764648 0.066879578 0.997754216 -0.003693134 4.180447578 -0.743135214 0.047341850 -0.667464733 106.289016724
-0.663926959 0.045701131 0.746399879 -177.760681152 0.061778098 0.998070896 -0.006158676 4.156315804 -0.745241463 0.042022251 -0.665469527 105.442352295
-0.661652565 0.044568654 0.748484850 -176.800598145 0.058951747 0.998233914 -0.007327297 4.136700153 -0.747489512 0.039276358 -0.663111448 104.593490601
-0.659768343 0.043492381 0.750209689 -175.814392090 0.058189880 0.998283029 -0.006699304 4.111499786 -0.749213040 0.039234623 -0.661166310 103.736602783
-0.657838583 0.043546550 0.751899064 -174.832061768 0.058476508 0.998266637 -0.006653775 4.087895870 -0.750885487 0.039591320 -0.659244657 102.874404907
-0.655981660 0.044149198 0.753484726 -173.847137451 0.060852520 0.998131573 -0.005505857 4.063793659 -0.752319992 0.042239700 -0.657442570 102.013183594
-0.655022383 0.043908007 0.754332602 -172.877960205 0.061693147 0.998084903 -0.004525224 4.040076256 -0.753086686 0.043573029 -0.656476855 101.179855347
-0.653707504 0.042747390 0.755539298 -171.884841919 0.060412202 0.998164654 -0.004204993 4.023531914 -0.754332364 0.042894952 -0.655090094 100.331878662
-0.652506351 0.039995264 0.756727040 -170.890350342 0.057222899 0.998355567 -0.003424211 4.003282547 -0.755619586 0.041067798 -0.653721929 99.483596802
-0.651821256 0.039012264 0.757368803 -169.887207031 0.055071417 0.998474240 -0.004035063 3.984107018 -0.756370664 0.039079230 -0.652975202 98.636672974
-0.650836110 0.038422201 0.758245528 -168.889541626 0.050671343 0.998690069 -0.007112653 3.960522652 -0.757525563 0.033792146 -0.651930451 97.783020020
-0.649752617 0.036412220 0.759273112 -167.881530762 0.048647519 0.998796344 -0.006268544 3.939352989 -0.758587480 0.032863751 -0.650741935 96.923660278
-0.649104834 0.032283191 0.760013700 -166.879821777 0.047111083 0.998887241 -0.002193697 3.913360596 -0.759238780 0.034381129 -0.649903417 96.082138062
-0.649225354 0.027473366 0.760099769 -165.870590210 0.043658607 0.999045789 0.001180272 3.894202232 -0.759342074 0.033951160 -0.649805307 95.235992432
-0.649634719 0.023572879 0.759881020 -164.858459473 0.040360507 0.999179006 0.003508522 3.887560368 -0.759174466 0.032948438 -0.650052786 94.381164551
-0.650826812 0.022040308 0.758906484 -163.853515625 0.038144112 0.999265432 0.003690951 3.876071692 -0.758267701 0.031349979 -0.651189446 93.539382935
-0.652160287 0.027184168 0.757593632 -162.862640381 0.043341342 0.999059260 0.001461082 3.862483501 -0.756841183 0.033787984 -0.652724981 92.685638428
-0.652927041 0.034357846 0.756641328 -161.867446899 0.051022492 0.998696625 -0.001320446 3.846078873 -0.755700529 0.037743568 -0.653829098 91.814514160
-0.653164387 0.042075336 0.756046593 -160.872741699 0.062888503 0.998019814 -0.001210910 3.830280304 -0.754600406 0.046755709 -0.654517055 90.938507080
-0.653608441 0.046043336 0.755431116 -159.885711670 0.070370674 0.997520924 0.000086929 3.813152075 -0.753554344 0.053217009 -0.655228257 90.073120117
-0.654491305 0.049462900 0.754449844 -158.907241821 0.075608075 0.997137606 0.000216723 3.793454885 -0.752279580 0.057184346 -0.656357646 89.202407837
-0.655438185 0.051984236 0.753457904 -157.916915894 0.078117758 0.996943772 -0.000828204 3.775639296 -0.751198232 0.058315597 -0.657495856 88.330291748
-0.656875491 0.049314704 0.752384663 -156.932632446 0.074526839 0.997218966 -0.000295999 3.761387348 -0.750306845 0.055878416 -0.658724070 87.485412598
-0.658556819 0.045896668 0.751130223 -155.961578369 0.071930461 0.997407377 0.002120288 3.743031502 -0.749085546 0.055425469 -0.660150886 86.638717651
-0.659526110 0.045240700 0.750318944 -154.969360352 0.068120271 0.997677088 -0.000277895 3.729826927 -0.748588622 0.050928656 -0.661075830 85.779479980
-0.660742283 0.044982921 0.749263704 -153.989822388 0.065639302 0.997841358 -0.002022186 3.714107037 -0.747737288 0.047845006 -0.662268639 84.925292969
-0.661026001 0.044355676 0.749050975 -153.015686035 0.062865645 0.998015404 -0.003620352 3.689543009 -0.747725010 0.044696424 -0.662502527 84.068984985
-0.661008954 0.046982251 0.748906016 -152.034057617 0.065029092 0.997869790 -0.005204083 3.668557167 -0.747555196 0.045260727 -0.662656069 83.197631836
-0.661293507 0.050321460 0.748437703 -151.054351807 0.065674044 0.997799993 -0.009060127 3.645888090 -0.747247040 0.043161523 -0.663143516 82.342178345
-0.661523581 0.053560145 0.748009443 -150.107482910 0.068869427 0.997570157 -0.010522943 3.611127377 -0.746755481 0.044553805 -0.663604856 81.498977661
-0.661025405 0.055681996 0.748294771 -149.140502930 0.072525822 0.997314930 -0.010144508 3.580435276 -0.746850431 0.047564916 -0.663288951 80.643615723
-0.660063267 0.056332674 0.749094963 -148.168441772 0.076998942 0.997005701 -0.007128374 3.552217960 -0.747253478 0.052974332 -0.662424326 79.770553589
-0.659109950 0.056754135 0.749902248 -147.196258545 0.080534674 0.996740937 -0.004651245 3.528404474 -0.747722208 0.057327446 -0.661532640 78.909362793
-0.658292770 0.058305845 0.750500619 -146.213363647 0.082506299 0.996577740 -0.005053971 3.503870964 -0.748226881 0.058594033 -0.660850525 78.046737671
-0.657448530 0.060621802 0.751056910 -145.231521606 0.084415987 0.996409178 -0.006530745 3.481797934 -0.748755932 0.059107587 -0.660205126 77.188095093
-0.656317949 0.059028190 0.752171934 -144.258850098 0.082374431 0.996581316 -0.006331774 3.457660437 -0.749974251 0.057804074 -0.658936620 76.336914062
-0.656347036 0.056187760 0.752364278 -143.275833130 0.079839252 0.996796250 -0.004792244 3.439550877 -0.750223100 0.056922816 -0.658730149 75.484954834
-0.656401515 0.052178983 0.752605259 -142.297943115 0.077743135 0.996972561 -0.001315843 3.415262222 -0.750395417 0.057646167 -0.658470750 74.649291992
-0.655992985 0.050679471 0.753063798 -141.315261841 0.075723201 0.997128248 -0.001142070 3.396123409 -0.750959039 0.056275208 -0.657946706 73.788131714
-0.655801535 0.050627917 0.753234088 -140.330062866 0.074114516 0.997246623 -0.002501375 3.378062010 -0.751286745 0.054185171 -0.657748103 72.937408447
-0.655514717 0.053216197 0.753305256 -139.349334717 0.076032795 0.997096121 -0.004275903 3.354586601 -0.751345277 0.054472979 -0.657657385 72.086334229
-0.655699730 0.054097530 0.753081262 -138.367065430 0.075616255 0.997120202 -0.005789790 3.332433701 -0.751225770 0.053148821 -0.657902122 71.239501953
-0.655981183 0.055205811 0.752755821 -137.393569946 0.076845914 0.997024000 -0.006153470 3.312403202 -0.750855327 0.053809647 -0.658271313 70.389663696
-0.655630708 0.054222092 0.753132582 -136.413269043 0.077140063 0.997009516 -0.004626761 3.292770624 -0.751131237 0.055063244 -0.657852769 69.536804199
-0.655936718 0.052526813 0.752986193 -135.423889160 0.076116681 0.997093618 -0.003248977 3.264983654 -0.750968397 0.055183686 -0.658028483 68.682662964
-0.656625986 0.052685875 0.752374351 -134.440612793 0.074940212 0.997178197 -0.004425379 3.245746136 -0.750484467 0.053477269 -0.658721328 67.839614868
-0.656538129 0.053971626 0.752359450 -133.456039429 0.073902972 0.997240543 -0.007047920 3.220082283 -0.750663757 0.050974373 -0.658715129 66.976074219
-0.656775117 0.055162735 0.752066374 -132.483779907 0.071857728 0.997360647 -0.010401724 3.193282843 -0.750655174 0.047210187 -0.659005523 66.125808716
-0.656955957 0.056193534 0.751831949 -131.503494263 0.072543167 0.997302949 -0.011151847 3.163612366 -0.750430882 0.047214001 -0.659260631 65.271347046
-0.656843901 0.054702509 0.752040029 -130.519775391 0.071267121 0.997404039 -0.010304170 3.131114006 -0.750651419 0.046827491 -0.659037232 64.422576904
-0.657079577 0.053692929 0.751906812 -129.541961670 0.071641050 0.997393250 -0.008616906 3.101061821 -0.750409424 0.048205394 -0.659213305 63.558715820
-0.657047629 0.051061444 0.752118170 -128.560714722 0.070106894 0.997518480 -0.006476628 3.078923464 -0.750582457 0.048473209 -0.658996820 62.706130981
-0.656746507 0.048359439 0.752559364 -127.592811584 0.069422230 0.997581124 -0.003520873 3.048080206 -0.750909328 0.049932025 -0.658515215 61.858093262
-0.657518029 0.043524951 0.752180815 -126.607437134 0.065882832 0.997827351 -0.000147901 3.028254509 -0.750553012 0.049458552 -0.658957005 61.000869751
-0.657985687 0.039856657 0.751975000 -125.630912781 0.061584741 0.998101354 0.000985259 3.007973433 -0.750508010 0.046958469 -0.659191012 60.161590576
-0.658220887 0.038660653 0.751831651 -124.643112183 0.057852827 0.998324871 -0.000686265 2.992458344 -0.750598729 0.043043870 -0.659354925 59.302307129
-0.658563018 0.038180467 0.751556575 -123.672920227 0.054036912 0.998533249 -0.003376676 2.974468231 -0.750583112 0.038388036 -0.659660220 58.472213745
-0.658588171 0.037998382 0.751543581 -122.706420898 0.051588360 0.998654425 -0.005284817 2.955059052 -0.750733137 0.035290383 -0.659662366 57.624542236
-0.658472180 0.037235349 0.751683533 -121.727890015 0.048933692 0.998780131 -0.006609776 2.936076164 -0.751012743 0.032430299 -0.659491062 56.782775879
-0.658444524 0.036413450 0.751747906 -120.752700806 0.047932822 0.998830080 -0.006398080 2.902224302 -0.751101375 0.031820618 -0.659419656 55.933898926
-0.658819318 0.035211593 0.751476765 -119.777526855 0.047018513 0.998878419 -0.005582871 2.883857012 -0.750830531 0.031655215 -0.659736037 55.093505859
-0.658629298 0.032272018 0.751775205 -118.804801941 0.046042740 0.998936236 -0.002544102 2.856974125 -0.751057565 0.032938171 -0.659414530 54.244461060
-0.658450723 0.031554997 0.751962066 -117.833831787 0.046466552 0.998919070 -0.001230061 2.836437702 -0.751188099 0.034131151 -0.659205198 53.397689819
-0.658113003 0.033253010 0.752184510 -116.865631104 0.047083851 0.998886526 -0.002964026 2.815333605 -0.751445591 0.033465080 -0.658945918 52.553192139
-0.657880545 0.036226962 0.752250791 -115.898712158 0.048719775 0.998797357 -0.005492341 2.795462608 -0.751545072 0.033036184 -0.658854365 51.715942383
-0.657123923 0.039514948 0.752746224 -114.924514771 0.052389700 0.998604357 -0.006686556 2.771466017 -0.751959860 0.035042252 -0.658276916 50.847366333
-0.657026052 0.042670589 0.752659380 -113.954582214 0.056080017 0.998396993 -0.007647759 2.742370129 -0.751779199 0.037184373 -0.658365846 50.006637573
-0.656218529 0.044889685 0.753234684 -112.972190857 0.056727771 0.998338819 -0.010075628 2.723521709 -0.752435744 0.036117509 -0.657674909 49.146377563
-0.656018496 0.043565698 0.753486812 -111.991706848 0.057976842 0.998291671 -0.007242876 2.696908474 -0.752515137 0.038933322 -0.657423615 48.300689697
-0.656069756 0.038016789 0.753742158 -111.004928589 0.056019887 0.998428404 -0.001597477 2.679225683 -0.752618313 0.041176494 -0.657168388 47.442489624
-0.655931592 0.035699736 0.753975689 -110.023742676 0.056441482 0.998404205 0.001828951 2.664752007 -0.752707183 0.043755174 -0.656899810 46.597488403
-0.655478358 0.036734492 0.754320145 -109.047088623 0.058096536 0.998309195 0.001867421 2.646726608 -0.752976179 0.045047440 -0.656504154 45.752822876
-0.655238628 0.041396424 0.754286885 -108.069839478 0.060840555 0.998145640 -0.001928418 2.632854939 -0.752968013 0.044627659 -0.656542182 44.909866333
-0.654332876 0.043866929 0.754933298 -107.085563660 0.062425185 0.998042107 -0.003886696 2.617367744 -0.753625691 0.044583656 -0.655790091 44.041351318
-0.654148221 0.044197895 0.755073965 -106.103843689 0.063817315 0.997956693 -0.003127640 2.602960110 -0.753669322 0.046140850 -0.655632138 43.194183350
-0.653625727 0.043257318 0.755580783 -105.101608276 0.066810049 0.997765481 0.000672466 2.587208271 -0.753863335 0.050919928 -0.655055165 42.331985474
-0.652949929 0.042791259 0.756191432 -104.123703003 0.069634974 0.997565746 0.003677709 2.571048737 -0.754193306 0.055058729 -0.654340267 41.483306885
-0.652003288 0.045342475 0.756859064 -103.138412476 0.072893865 0.997335076 0.003046013 2.560150623 -0.754703999 0.057156395 -0.653571010 40.624603271
-0.651513577 0.050608318 0.756947219 -102.150230408 0.073388100 0.997297287 -0.003511745 2.549181223 -0.755079150 0.053262964 -0.653466702 39.778808594
-0.651527762 0.054568533 0.756659627 -101.173492432 0.072694741 0.997310579 -0.009329335 2.529024839 -0.755133748 0.048926856 -0.653742433 38.935943604
-0.651549697 0.053262908 0.756734014 -100.181671143 0.068645291 0.997579277 -0.011111124 2.507914305 -0.755493999 0.044706773 -0.653628707 38.089416504
-0.652210116 0.049933594 0.756391883 -99.184341431 0.068053417 0.997655809 -0.007180692 2.478990078 -0.754977286 0.046791725 -0.654079318 37.238601685
-0.652695060 0.047634158 0.756121993 -98.186767578 0.068447493 0.997647643 -0.003764967 2.455954552 -0.754522622 0.049297277 -0.654420137 36.390014648
-0.652462006 0.050684549 0.756124675 -97.210342407 0.071473628 0.997429013 -0.005184883 2.428173304 -0.754443467 0.050660033 -0.654407144 35.534118652
-0.652052283 0.055580102 0.756134093 -96.223526001 0.074663617 0.997168958 -0.008911347 2.406272411 -0.754488766 0.050645042 -0.654356122 34.674720764
-0.651827931 0.058024384 0.756143928 -95.229049683 0.076730080 0.996998072 -0.010362307 2.380753994 -0.754475296 0.051264543 -0.654323459 33.809333801
-0.651784182 0.056903359 0.756266952 -94.232925415 0.075104743 0.997122467 -0.010297348 2.350186825 -0.754676700 0.050087579 -0.654182434 32.945831299
-0.652858973 0.054871853 0.755489588 -93.230934143 0.072775736 0.997302651 -0.009545547 2.314351082 -0.753975570 0.048749413 -0.655091405 32.098724365
-0.653418183 0.050611343 0.755303562 -92.224838257 0.070992045 0.997462153 -0.005422212 2.287553072 -0.753661096 0.050077572 -0.655352831 31.242935181
-0.653479457 0.047135461 0.755475342 -91.214859009 0.070723556 0.997495413 -0.001060285 2.265878439 -0.753633201 0.052737024 -0.655176282 30.367935181
-0.653339863 0.047144547 0.755595505 -90.226737976 0.070570700 0.997506022 -0.001218014 2.247669458 -0.753768504 0.052527122 -0.655037522 29.503952026
-0.653580546 0.049638625 0.755227745 -89.226196289 0.069772922 0.997549415 -0.005183568 2.231197834 -0.753634274 0.049306564 -0.655442238 28.653694153
-0.653053761 0.050164029 0.755648196 -88.235191345 0.068635061 0.997617900 -0.006910817 2.203489065 -0.754194856 0.047350828 -0.654941082 27.788459778
-0.652630687 0.049001824 0.756089926 -87.227996826 0.067282476 0.997712255 -0.006585343 2.185582876 -0.754682899 0.046573810 -0.654434681 26.923675537
-0.652829885 0.048586547 0.755945027 -86.227066040 0.068103626 0.997664154 -0.005308571 2.162087917 -0.754437149 0.048016999 -0.654613853 26.078384399
-0.652281642 0.048245385 0.756439745 -85.223075867 0.069146827 0.997598469 -0.004000746 2.137321234 -0.754816175 0.049695797 -0.654051185 25.215385437
-0.652235270 0.046342093 0.756598651 -84.215187073 0.067768089 0.997697473 -0.002689204 2.108789444 -0.754981160 0.049519252 -0.653874040 24.373207092
-0.651942849 0.046385616 0.756848037 -83.240310669 0.067694992 0.997702062 -0.002835130 2.091618776 -0.755240381 0.049386479 -0.653584719 23.512786865
-0.651813149 0.045788415 0.756996214 -82.232902527 0.066048138 0.997810364 -0.003483660 2.068276882 -0.755498171 0.047727492 -0.653410077 22.657371521
-0.651195645 0.044330228 0.757614195 -81.248344421 0.063549176 0.997971594 -0.003771536 2.040708303 -0.756244600 0.045689743 -0.652691960 21.802787781
-0.651562572 0.042291883 0.757415056 -80.243186951 0.061332431 0.998112977 -0.002970844 2.014187813 -0.756111443 0.044518415 -0.652926922 20.960807800
-0.651386380 0.039841358 0.757699430 -79.246330261 0.059508350 0.998226941 -0.001330063 1.993899345 -0.756408989 0.044223059 -0.652602315 20.105789185
-0.651484013 0.037209541 0.757749379 -78.257736206 0.057290718 0.998357534 0.000231683 1.972397208 -0.756496131 0.043562941 -0.652545691 19.262237549
-0.651284099 0.035805326 0.757988870 -77.271591187 0.057189744 0.998361349 0.001979072 1.957327485 -0.756675959 0.044638123 -0.652264595 18.420684814
-0.651087880 0.033757627 0.758251369 -76.284942627 0.054781094 0.998495042 0.002585528 1.939068317 -0.757022917 0.043221243 -0.651957273 17.586334229
-0.651015282 0.032493621 0.758368909 -75.291732788 0.053100005 0.998585284 0.002797138 1.921279550 -0.757205129 0.042090371 -0.651819706 16.744537354
-0.651572585 0.031460676 0.757933855 -74.302841187 0.052323077 0.998623967 0.003529184 1.906649232 -0.756779909 0.041956950 -0.652322054 15.910896301
-0.651711941 0.031016191 0.757832348 -73.319068909 0.052650705 0.998603284 0.004407592 1.894031405 -0.756637156 0.042772885 -0.652434707 15.066413879
-0.652412653 0.032428797 0.757170081 -72.338111877 0.054507490 0.998504519 0.004201254 1.882562518 -0.755901515 0.044012386 -0.653204560 14.225204468
-0.653068662 0.035571307 0.756463110 -71.369056702 0.057426073 0.998346269 0.002631554 1.868836164 -0.755118549 0.045159284 -0.654031396 13.389266968
-0.654038072 0.039261986 0.755442142 -70.409622192 0.061978031 0.998075902 0.001786430 1.855742693 -0.753918469 0.047989208 -0.655212998 12.544250488
-0.654714108 0.042144854 0.754700899 -69.447479248 0.064647615 0.997908115 0.000356442 1.838627458 -0.753107131 0.049022976 -0.656069040 11.707901001
-0.655561686 0.044276435 0.753842533 -68.474327087 0.067426398 0.997724235 0.000035137 1.818979979 -0.752125382 0.050851922 -0.657055140 10.865966797
-0.656527042 0.044778980 0.752972245 -67.505393982 0.070865601 0.997482836 0.002468769 1.798880458 -0.750966370 0.054980647 -0.658047676 10.022171021
-0.657690287 0.042276856 0.752101362 -66.542968750 0.070590653 0.997489333 0.005658896 1.780309319 -0.749973834 0.056813125 -0.659023404 9.191833496
-0.659063458 0.043269463 0.750841856 -65.587051392 0.072376229 0.997359037 0.006053635 1.771218538 -0.748596966 0.058332823 -0.660454631 8.367408752
-0.660305262 0.045919649 0.749592245 -64.640205383 0.073235191 0.997308850 0.003417194 1.758380651 -0.747418046 0.057152919 -0.661891103 7.538253784
-0.660949349 0.051909849 0.748633206 -63.678237915 0.074958414 0.997182250 -0.002965249 1.748947859 -0.746677637 0.054156475 -0.662977934 6.687835693
-0.661648631 0.055230461 0.747777343 -62.748992920 0.076392807 0.997059464 -0.006048411 1.721400976 -0.745912492 0.053122882 -0.663922310 5.879341125
-0.662313819 0.055792455 0.747146428 -61.808349609 0.078430861 0.996907413 -0.004917486 1.699411988 -0.745110214 0.055342417 -0.664641380 5.045906067
-0.662302136 0.054525331 0.747250259 -60.874744415 0.079556152 0.996827900 -0.002224377 1.685595751 -0.745001197 0.057975143 -0.664539099 4.208908081
-0.662483215 0.053864837 0.747137547 -59.944534302 0.079480469 0.996835470 -0.001391853 1.663273811 -0.744848192 0.058460768 -0.664667964 3.381004333
-0.663038015 0.053269316 0.746688008 -59.002933502 0.079260051 0.996853709 -0.000735634 1.642045736 -0.744377851 0.058694772 -0.665174127 2.557723999
-0.663766026 0.051292658 0.746179521 -58.068862915 0.079059765 0.996868253 0.001802726 1.617471814 -0.743750215 0.060189359 -0.665742397 1.747177124
-0.663547873 0.048815262 0.746539533 -57.158493042 0.077064000 0.997020662 0.003303013 1.599484563 -0.744154096 0.059723027 -0.665332913 0.923820496
-0.664371133 0.047839064 0.745870471 -56.247081757 0.075291820 0.997156680 0.003108657 1.586829185 -0.743601024 0.058223240 -0.666084051 0.140014648
-0.664470196 0.046848208 0.745845079 -55.349052429 0.073469654 0.997293472 0.002811548 1.566828728 -0.743694723 0.056665163 -0.666113734 -0.645919800
-0.663614988 0.045702536 0.746676981 -54.471446991 0.071493991 0.997437894 0.002489748 1.547886491 -0.744650126 0.055035152 -0.665182233 -1.437583923
-0.662593365 0.043125674 0.747737050 -53.592121124 0.068972111 0.997612178 0.003581138 1.534707308 -0.745797157 0.053945836 -0.663985610 -2.210952759
-0.661459804 0.040255118 0.748899698 -52.716823578 0.067496747 0.997701526 0.005987157 1.519022226 -0.746937335 0.054508552 -0.662656546 -2.980632782
-0.660158753 0.036533117 0.750237346 -51.855270386 0.064920932 0.997853935 0.008535163 1.496608734 -0.748315454 0.054340668 -0.661113739 -3.731410980
-0.659121752 0.035541214 0.751196146 -51.000793457 0.061257429 0.998100638 0.006526102 1.481165767 -0.749537408 0.050317835 -0.660046935 -4.469493866
-0.658041358 0.037610747 0.752042174 -50.165290833 0.060137592 0.998186469 0.002699946 1.462135315 -0.750576794 0.047002677 -0.659109831 -5.187541962
-0.656953573 0.039366078 0.752902746 -49.310676575 0.059491444 0.998228788 -0.000283229 1.455637097 -0.751580358 0.044605203 -0.658131838 -5.918807983
-0.655902743 0.040141869 0.753777504 -48.472671509 0.059764225 0.998211861 -0.001154954 1.443217754 -0.752476037 0.044291392 -0.657128930 -6.641311646
-0.654617786 0.040553428 0.754871786 -47.650638580 0.062507570 0.998044312 0.000588755 1.412777424 -0.753371656 0.047570601 -0.655872464 -7.347415924
-0.653398633 0.042835746 0.755801320 -46.840595245 0.066336207 0.997797012 0.000797293 1.391815305 -0.754102170 0.050657935 -0.654800773 -8.044498444
-0.651980281 0.045501854 0.756869674 -46.040573120 0.071066953 0.997470737 0.001251825 1.369974494 -0.754898369 0.054604582 -0.653564930 -8.736377716
-0.649576783 0.047263749 0.758825541 -45.259384155 0.073989227 0.997258306 0.001222305 1.361391068 -0.756687284 0.056938898 -0.651292801 -9.427135468
-0.648136139 0.047032408 0.760070860 -44.483524323 0.073624186 0.997285485 0.001070627 1.344751716 -0.757957280 0.056653507 -0.649839520 -10.081501007
-0.645905733 0.048089527 0.761900961 -43.728275299 0.073647209 0.997284234 -0.000511569 1.332954884 -0.759856403 0.055781454 -0.647693276 -10.731082916
-0.643514991 0.046041019 0.764047801 -42.997612000 0.072074756 0.997399032 0.000601936 1.310769439 -0.762032807 0.055455908 -0.645159602 -11.332843781
-0.640506983 0.042686768 0.766765237 -42.269676208 0.069804184 0.997556865 0.002774744 1.296889544 -0.764773488 0.055300660 -0.641921878 -11.930564880
-0.636587262 0.039089791 0.770213366 -41.556190491 0.067193970 0.997727871 0.004899751 1.280637980 -0.768271804 0.054872815 -0.637767434 -12.518680573
-0.632218242 0.037026703 0.773905456 -40.861839294 0.065087751 0.997864783 0.005429609 1.270045638 -0.772051930 0.053804453 -0.633278251 -13.075588226
-0.627590537 0.036264945 0.777698457 -40.172966003 0.063134953 0.997995257 0.004411299 1.252392173 -0.775979400 0.051868446 -0.628622055 -13.620189667
-0.621110678 0.036860254 0.782855749 -39.493827820 0.062078964 0.998068690 0.002259465 1.239832640 -0.781260490 0.050002247 -0.622199416 -14.149829865
-0.612371802 0.037643474 0.789673209 -38.833412170 0.061093327 0.998132050 -0.000204295 1.222107053 -0.788205802 0.048118658 -0.613527656 -14.648792267
-0.601237059 0.037993971 0.798166990 -38.171443939 0.059403758 0.998230219 -0.002770087 1.216239214 -0.796859622 0.045748636 -0.602429986 -15.142761230
-0.587707281 0.035995353 0.808272660 -37.517818451 0.057800341 0.998325229 -0.002431596 1.197710752 -0.807006478 0.045289367 -0.588803530 -15.611053467
-0.572275519 0.034607492 0.819330990 -36.860252380 0.057029881 0.998369753 -0.002336391 1.186848640 -0.818076134 0.045389283 -0.573316216 -16.053966522
-0.554128051 0.033331346 0.831763864 -36.189971924 0.055321667 0.998463571 -0.003155761 1.169657588 -0.830591142 0.044265870 -0.555120587 -16.498828888
-0.533619285 0.031486686 0.845138669 -35.535957336 0.051873285 0.998643756 -0.004453002 1.154528737 -0.844132662 0.041463908 -0.534528971 -16.890716553
-0.510180473 0.029940398 0.859546244 -34.869010925 0.049881645 0.998741686 -0.005181909 1.142735600 -0.858619869 0.040231865 -0.511031985 -17.272272110
-0.482617140 0.028072799 0.875381470 -34.204639435 0.047327433 0.998861790 -0.005940061 1.131689310 -0.874551833 0.038562786 -0.483396411 -17.638175964
-0.453503132 0.024847949 0.890908480 -33.517684937 0.044285055 0.999004781 -0.005320208 1.109369278 -0.890154004 0.037041198 -0.454152226 -17.965625763
-0.420187116 0.023475796 0.907133818 -32.855621338 0.041300677 0.999124110 -0.006725826 1.090117335 -0.906497180 0.034639131 -0.420788646 -18.262512207
-0.382934570 0.022247072 0.923507750 -32.166870117 0.035101801 0.999338388 -0.009518783 1.077280760 -0.923108518 0.028771712 -0.383462191 -18.526857376
-0.342276335 0.020253398 0.939381182 -31.472839355 0.033502840 0.999394953 -0.009340106 1.056929231 -0.939001977 0.028275037 -0.342747808 -18.758941650
-0.298933983 0.017494438 0.954113483 -30.777576447 0.027171260 0.999582589 -0.009815107 1.049925804 -0.953886986 0.022990396 -0.299284577 -18.964244843
-0.255425811 0.014862457 0.966714501 -30.084791183 0.020143604 0.999746621 -0.010047948 1.029067397 -0.966618896 0.016906608 -0.255660415 -19.114492416
-0.209815621 0.013307638 0.977650464 -29.376436234 0.015766950 0.999823391 -0.010225677 1.008450150 -0.977613866 0.013269058 -0.209988356 -19.247545242
-0.160865426 0.013614129 0.986882627 -28.690570831 0.015594881 0.999815106 -0.011250515 1.001100421 -0.986853302 0.013580497 -0.161047935 -19.343305588
-0.110211730 0.012448512 0.993830204 -27.994958878 0.013669344 0.999845982 -0.011007991 0.995221138 -0.993814170 0.012371796 -0.110364914 -19.395174026
-0.058117032 0.008355370 0.998274922 -27.289482117 0.011077574 0.999908805 -0.007724139 0.975977182 -0.998248398 0.010609560 -0.058204174 -19.409095764
-0.005329013 0.005660174 0.999969780 -26.644683838 0.011200283 0.999921620 -0.005600214 0.955201149 -0.999923050 0.011170100 -0.005391955 -19.378776550
0.048004627 0.007870756 0.998816133 -25.971469879 0.009745952 0.999917686 -0.008347842 0.940183282 -0.998799622 0.010135148 0.047923982 -19.315099716
0.101267219 0.009935366 0.994809628 -25.297080994 0.006960686 0.999918580 -0.010694956 0.924828410 -0.994834900 0.008007606 0.101189852 -19.217582703
0.154459059 0.012542585 0.987919569 -24.675529480 0.006143021 0.999887884 -0.013654982 0.909691155 -0.987980127 0.008177946 0.154364705 -19.096735001
0.206643105 0.015000206 0.978301466 -24.029933929 0.004052636 0.999860764 -0.016186800 0.894947112 -0.978408098 0.007309592 0.206553578 -18.928884506
0.258463323 0.014831870 0.965907156 -23.414451599 0.001684218 0.999873698 -0.015804112 0.881417453 -0.966019571 0.005711581 0.258405685 -18.733776093
0.308696210 0.014321039 0.951052964 -22.795631409 -0.003685055 0.999897122 -0.013860433 0.866588175 -0.951153636 0.000773983 0.308717251 -18.495454788
0.356803656 0.013017606 0.934088767 -22.192499161 -0.007795833 0.999909580 -0.010957040 0.846886933 -0.934146941 -0.003372486 0.356872857 -18.235250473
0.401356161 0.011748175 0.915846765 -21.617101669 -0.011362745 0.999904633 -0.007846887 0.829133868 -0.915851653 -0.007257136 0.401451409 -17.944028854
0.442265272 0.012918690 0.896791399 -21.045860291 -0.014372130 0.999869943 -0.007315766 0.814559340 -0.896769226 -0.009653289 0.442393422 -17.630313873
0.478178620 0.017601389 0.878086329 -20.487823486 -0.020179190 0.999755383 -0.009051305 0.797841907 -0.878030837 -0.013390928 0.478416860 -17.302558899
0.506617665 0.025323756 0.861798942 -19.950841904 -0.027146759 0.999541461 -0.013412775 0.792804360 -0.861743391 -0.016599892 0.507072806 -16.949966431
0.528167486 0.032771543 0.848507583 -19.416572571 -0.034364540 0.999261320 -0.017203266 0.770767033 -0.848444521 -0.020072369 0.528903484 -16.582933426
0.543520272 0.037724480 0.838547945 -18.885251999 -0.038036052 0.999070287 -0.020292269 0.762472153 -0.838533878 -0.020865792 0.544449806 -16.207977295
0.554185033 0.038501088 0.831502676 -18.357271194 -0.038204942 0.999053478 -0.020796133 0.744452953 -0.831516325 -0.020242603 0.555131435 -15.844266891
0.560825348 0.037593756 0.827080131 -17.814601898 -0.037260186 0.999102473 -0.020147452 0.724633574 -0.827095270 -0.019517956 0.561722755 -15.476359367
0.564448178 0.036192015 0.824674726 -17.292774200 -0.036235772 0.999161720 -0.019048067 0.703530192 -0.824672818 -0.019131077 0.565286458 -15.113290787
0.565522075 0.034360345 0.824017107 -16.777952194 -0.033921696 0.999255359 -0.018387105 0.683162332 -0.824035287 -0.017553743 0.566266537 -14.751956940
0.566153646 0.032855541 0.823644757 -16.252750397 -0.032189462 0.999324381 -0.017737217 0.664064169 -0.823671043 -0.016470689 0.566828728 -14.396315575
0.565771461 0.031081291 0.823976099 -15.738800049 -0.029488785 0.999412775 -0.017450899 0.646849394 -0.824034631 -0.014424830 0.566355824 -14.041348457
0.563695550 0.029278504 0.825463593 -15.245086670 -0.027454317 0.999483526 -0.016702741 0.628196239 -0.825526297 -0.013247276 0.564208269 -13.699922562
0.560093939 0.028025279 0.827955008 -14.715160370 -0.025498610 0.999537289 -0.016583866 0.607068181 -0.828036666 -0.011823175 0.560549378 -13.349585533
0.554722548 0.026734844 0.831605792 -14.219088554 -0.024077641 0.999580860 -0.016073998 0.589394093 -0.831686974 -0.011106496 0.555133700 -13.018164635
0.548447311 0.024490157 0.835826457 -13.730180740 -0.021301664 0.999655843 -0.015312852 0.568463564 -0.835913777 -0.009406200 0.548780203 -12.697375298
0.542673469 0.022395724 0.839645147 -13.225096703 -0.016738629 0.999734282 -0.015847366 0.551449060 -0.839776993 -0.005454563 0.542904139 -12.381338120
0.536993146 0.021825526 0.843304276 -12.745145798 -0.013677497 0.999759138 -0.017165272 0.540018618 -0.843475759 -0.002316656 0.537162364 -12.077440262
0.531246305 0.020658137 0.846965551 -12.276812553 -0.011434860 0.999786437 -0.017213214 0.510074496 -0.847140312 -0.000540473 0.531369090 -11.792381287
0.525209904 0.021238774 0.850707591 -11.810207367 -0.010507178 0.999774158 -0.018473448 0.496575445 -0.850907803 0.000763902 0.525314450 -11.500946045
0.519973457 0.020996908 0.853924334 -11.363115311 -0.009142673 0.999777377 -0.019016070 0.481453121 -0.854133487 0.002080702 0.520049691 -11.234407425
0.514506221 0.020488415 0.857241869 -10.917468071 -0.007572191 0.999784112 -0.019350491 0.461635411 -0.857453227 0.003464752 0.514550328 -10.968179703
0.509300470 0.018009823 0.860400319 -10.476512909 -0.003363950 0.999815047 -0.018936804 0.448102176 -0.860582232 0.006750179 0.509266853 -10.722005844
0.503436983 0.015509224 0.863892794 -10.059591293 -0.001082467 0.999849439 -0.017319204 0.423462242 -0.864031315 0.007783992 0.503377974 -10.477071762
0.498550951 0.013900437 0.866748989 -9.656153679 0.000427873 0.999867380 -0.016281428 0.408630639 -0.866860330 0.008487980 0.498478889 -10.250608444
0.493642569 0.013713887 0.869556785 -9.263470650 -0.001604308 0.999888301 -0.014858606 0.394064486 -0.869663477 0.005939804 0.493609428 -10.026342392
0.488544166 0.012865402 0.872444332 -8.884328842 -0.001835394 0.999904215 -0.013717207 0.380895495 -0.872537255 0.005100184 0.488520980 -9.812994003
0.483948648 0.012393489 0.875008643 -8.517048836 -0.001096209 0.999907494 -0.013556247 0.366111040 -0.875095725 0.005601334 0.483917475 -9.610905647
0.480010569 0.011433892 0.877188265 -8.168970108 0.001040293 0.999906957 -0.013602760 0.354279131 -0.877262175 0.007442003 0.479954004 -9.427137375
0.476374269 0.010533982 0.879179597 -7.842919350 0.002379662 0.999909103 -0.013269913 0.341448039 -0.879239500 0.008413597 0.476305902 -9.255449295
0.472542346 0.010282890 0.881247997 -7.537436485 0.004040125 0.999896169 -0.013833738 0.334773570 -0.881298780 0.010097381 0.472451746 -9.095602036
0.469431221 0.010981408 0.882900834 -7.254263878 0.004428443 0.999880791 -0.014790959 0.324556530 -0.882957995 0.010853214 0.469326675 -8.947256088
0.466605306 0.012917263 0.884371400 -6.995987892 0.003586344 0.999857485 -0.016496273 0.313523173 -0.884458482 0.010868909 0.466492474 -8.805879593
0.465341032 0.014908086 0.885005891 -6.747694492 0.003591678 0.999818087 -0.018730644 0.305435538 -0.885124147 0.011894794 0.465202868 -8.680647850
0.464639425 0.017379034 0.885329485 -6.521225929 0.004004882 0.999755919 -0.021727076 0.289545238 -0.885491014 0.013640895 0.464456379 -8.562498093
0.464824259 0.019630991 0.885185242 -6.298239708 0.006240305 0.999656737 -0.025446532 0.277953029 -0.885380924 0.017351992 0.464542210 -8.439970016
0.467292905 0.019956429 0.883877337 -6.071630478 0.008877429 0.999588907 -0.027262365 0.267737478 -0.884057999 0.020586070 0.466923654 -8.322596550
0.472261190 0.019661985 0.881239355 -5.840809822 0.009615618 0.999576807 -0.027455365 0.263148010 -0.881406188 0.021439765 0.471872270 -8.201571465
0.479721963 0.018742761 0.877220452 -5.624114037 0.009143526 0.999610722 -0.026358048 0.252825767 -0.877372980 0.020665422 0.479363859 -8.073340416
0.489335418 0.021288227 0.871835828 -5.412305832 0.006647496 0.999581933 -0.028138535 0.237886518 -0.872070312 0.019564707 0.488989353 -7.942696571
0.500280142 0.025966085 0.865474164 -5.206144333 0.004973472 0.999447584 -0.032860450 0.230714902 -0.865849316 0.020743845 0.499874651 -7.808418274
0.513525069 0.028564189 0.857599020 -5.007079601 0.005025964 0.999328494 -0.036294311 0.216024429 -0.858059883 0.022948300 0.513036668 -7.679404259
0.528884768 0.030096039 0.848159850 -4.804881096 0.005026288 0.999242425 -0.038591273 0.209448814 -0.848678768 0.024673434 0.528332829 -7.550218105
0.544981718 0.030006535 0.837910771 -4.622230530 0.004435618 0.999242246 -0.038668949 0.202466905 -0.838436186 0.024790525 0.544435680 -7.412108898
0.561904609 0.031204756 0.826613247 -4.432512283 0.001658644 0.999243736 -0.038849071 0.193132117 -0.827200353 0.023200527 0.561427891 -7.262157440
0.579771638 0.031620461 0.814165175 -4.267127037 0.001414613 0.999206066 -0.039814416 0.179187298 -0.814777792 0.024234999 0.579266667 -7.119904518
0.600061893 0.034063220 0.799228072 -4.078234673 0.001530216 0.999042273 -0.043728229 0.172922105 -0.799952149 0.027462637 0.599435091 -6.958821297
0.621298194 0.034681685 0.782806337 -3.873745918 0.003208734 0.998899043 -0.046802234 0.163779676 -0.783567667 0.031589963 0.620502889 -6.790633202
0.642510176 0.034072984 0.765519202 -3.662500143 0.003108453 0.998886824 -0.047069058 0.148508817 -0.766270816 0.032621931 0.641689062 -6.596235275
0.663725495 0.034268580 0.747190893 -3.459772825 -0.000550534 0.998972058 -0.045327041 0.140006527 -0.747976124 0.029673362 0.663062096 -6.378786087
0.685754299 0.034104310 0.727033734 -3.233274937 -0.006561820 0.999150693 -0.040679753 0.132876605 -0.727803648 0.023125648 0.685395598 -6.139750481
0.706743598 0.029950036 0.706835508 -3.032448053 -0.009157548 0.999407113 -0.033190522 0.106137231 -0.707410455 0.016984310 0.706598878 -5.893982887
0.728267908 0.024579143 0.684851646 -2.808689833 -0.006673447 0.999563575 -0.028777564 0.094884068 -0.685260057 0.016387457 0.728114128 -5.638608456
0.749365270 0.022374801 0.661778748 -2.591928005 -0.006317524 0.999625027 -0.026643768 0.083115175 -0.662126720 0.015785111 0.749225616 -5.357412338
0.771171272 0.021731680 0.636256754 -2.366950989 -0.007084955 0.999648273 -0.025556229 0.073917791 -0.636588335 0.015200379 0.771053970 -5.065011501
0.792013764 0.022484258 0.610089064 -2.158904314 -0.010950237 0.999684036 -0.022626884 0.060727529 -0.610405028 0.011240183 0.792009711 -4.745654106
0.810977459 0.021625567 0.584677637 -1.979273438 -0.011809036 0.999718130 -0.020597007 0.055053584 -0.584958255 0.009799229 0.811004221 -4.420956612
0.830895662 0.019647095 0.556081295 -1.769938588 -0.009846953 0.999739110 -0.020608822 0.045815274 -0.556341112 0.011648076 0.830872416 -4.080528259
0.850440621 0.015948527 0.525829315 -1.565831304 -0.004847956 0.999735534 -0.022481462 0.041317586 -0.526048779 0.016569950 0.850292981 -3.714541912
0.869453609 0.013470533 0.493830889 -1.365921736 -0.002599468 0.999739110 -0.022693805 0.040077623 -0.494007736 0.018447513 0.869261742 -3.327194452
0.887071252 0.011017380 0.461501032 -1.181221008 -0.002251680 0.999806523 -0.019540256 0.031742845 -0.461627007 0.016294446 0.886924446 -2.903919220
0.903473914 0.011998273 0.428475082 -1.009795189 -0.005513751 0.999850750 -0.016371904 0.022937156 -0.428607583 0.012429083 0.903405249 -2.463752508
0.919263422 0.012148691 0.393455386 -0.841702819 -0.007175107 0.999874711 -0.014109239 0.017763287 -0.393577486 0.010147023 0.919235468 -1.996223927
0.933972955 0.006978628 0.357275486 -0.661903441 -0.003548878 0.999941111 -0.010254442 0.012251190 -0.357326001 0.008309444 0.933942795 -1.495506883
0.947052240 -0.001217041 0.321077138 -0.504478097 0.003337436 0.999976099 -0.006053730 -0.004215243 -0.321062118 0.006804773 0.947033703 -0.979615927
0.959148467 -0.010014838 0.282725871 -0.348834246 0.011739391 0.999921381 -0.004406276 -0.005661691 -0.282659501 0.007545303 0.959190607 -0.441000909
0.969610155 -0.015851593 0.244141057 -0.226710901 0.017274806 0.999843955 -0.003689299 -0.012803072 -0.244044483 0.007794672 0.969732702 0.123366512
0.978752851 -0.016545741 0.204374880 -0.120637074 0.018013244 0.999823570 -0.005322047 -0.010962754 -0.204250768 0.008890423 0.978878260 0.713215649
0.986010313 -0.015547058 0.165957645 -0.034686059 0.016766725 0.999841750 -0.005950711 -0.014465594 -0.165838867 0.008650028 0.986114919 1.313839197
0.991179228 -0.015499294 0.131618738 0.022553073 0.016626941 0.999833822 -0.007472796 -0.020230807 -0.131481037 0.009595297 0.991272271 1.939275980
0.994777083 -0.015085436 0.100950219 0.075945504 0.016157050 0.999821365 -0.009806043 -0.005947107 -0.100784257 0.011385885 0.994843125 2.607425690
0.997160375 -0.018169263 0.073082648 0.116833836 0.018938957 0.999772072 -0.009852606 -0.009029777 -0.072886974 0.011208737 0.997277200 3.289607286
0.998692155 -0.020015819 0.047046319 0.139009342 0.020493653 0.999742985 -0.009696321 -0.023850443 -0.046840146 0.010647790 0.998845637 3.982029200
0.999521315 -0.020197358 0.023436323 0.145601317 0.020440012 0.999739468 -0.010160767 -0.043458730 -0.023224995 0.010634941 0.999673724 4.693667889
0.999823511 -0.018536875 0.003050112 0.133370996 0.018564845 0.999783337 -0.009412305 -0.048207261 -0.002874976 0.009467269 0.999951065 5.431566238
0.999734819 -0.017148664 -0.015371053 0.112212658 0.017046187 0.999831736 -0.006773314 -0.058615249 0.015484621 0.006509500 0.999858916 6.186399937
0.999448001 -0.015600374 -0.029330324 0.073566392 0.015460066 0.999867976 -0.005004404 -0.052590545 0.029404521 0.004548193 0.999557257 6.986631393
0.999227285 -0.009983567 -0.038015336 0.026965544 0.009848764 0.999944508 -0.003731616 -0.068159051 0.038050484 0.003354328 0.999270201 7.764504433
0.999063194 -0.005850584 -0.042877585 -0.016166663 0.005596188 0.999966025 -0.006050711 -0.074499391 0.042911530 0.005805091 0.999062002 8.568316460
0.998997092 -0.005895450 -0.044385556 -0.055082791 0.005583564 0.999958873 -0.007147435 -0.081801936 0.044425871 0.006892437 0.998988926 9.393077850
0.998934984 -0.008332182 -0.045380857 -0.091609888 0.007988269 0.999938011 -0.007754464 -0.084880106 0.045442656 0.007383691 0.998939633 10.232078552
0.998908877 -0.009652227 -0.045693967 -0.130027220 0.009397550 0.999939084 -0.005785061 -0.097094342 0.045747023 0.005349337 0.998938739 11.097370148
0.998900235 -0.007477160 -0.046286270 -0.174668819 0.007194240 0.999954402 -0.006275974 -0.107205793 0.046331089 0.005936077 0.998908520 11.975104332
0.998894334 -0.005707375 -0.046664640 -0.225701153 0.005270133 0.999941111 -0.009487551 -0.115621105 0.046716042 0.009231132 0.998865545 12.870937347
0.998866081 -0.002535773 -0.047541212 -0.269756705 0.001997698 0.999933481 -0.011362181 -0.125988275 0.047566861 0.011254325 0.998804629 13.774277687
0.998847365 0.001216466 -0.047984198 -0.328182518 -0.001782865 0.999929249 -0.011762824 -0.139433086 0.047966491 0.011834815 0.998778820 14.691826820
0.998799503 0.001819384 -0.048951060 -0.379763663 -0.002294925 0.999950707 -0.009660156 -0.156448290 0.048931070 0.009760899 0.998754442 15.632525444
0.998725593 -0.000146483 -0.050469179 -0.424330831 -0.000249642 0.999969244 -0.007842441 -0.165056631 0.050468773 0.007845046 0.998694837 16.586807251
0.998600304 0.000015006 -0.052891001 -0.480133891 -0.000348700 0.999980092 -0.006299865 -0.181523681 0.052889854 0.006309489 0.998580396 17.551181793
0.998405516 -0.001792072 -0.056419961 -0.538054585 0.001384688 0.999972701 -0.007258832 -0.197296858 0.056431428 0.007169134 0.998380721 18.527793884
0.998158216 -0.003466376 -0.060564980 -0.590027690 0.002931560 0.999955952 -0.008917077 -0.206736133 0.060593221 0.008723103 0.998124421 19.486452103
0.997886777 -0.005418504 -0.064750642 -0.652455807 0.004887382 0.999953151 -0.008358163 -0.225360453 0.064792894 0.008024039 0.997866452 20.478324890
0.997627378 -0.005074719 -0.068657957 -0.727520227 0.004700996 0.999973238 -0.005603735 -0.238412708 0.068684556 0.005267678 0.997624516 21.483469009
0.997340441 -0.006273082 -0.072612956 -0.800153315 0.006135114 0.999978900 -0.002122928 -0.248707727 0.072624743 0.001671794 0.997357965 22.493089676
0.997075081 -0.006249326 -0.076172441 -0.887212276 0.006419077 0.999977410 0.001983884 -0.254136711 0.076158322 -0.002467038 0.997092664 23.533203125
0.996848106 -0.005213274 -0.079162046 -0.973076642 0.005540576 0.999976993 0.003915492 -0.263087809 0.079139814 -0.004341754 0.996854067 24.580226898
0.996654928 -0.004108354 -0.081621811 -1.062616348 0.004171886 0.999991119 0.000607832 -0.272202879 0.081618585 -0.000946316 0.996663213 25.619482040
0.996500731 -0.003092151 -0.083526559 -1.155974269 0.002694938 0.999984503 -0.004867853 -0.278962225 0.083540313 0.004625720 0.996493638 26.671457291
0.996392787 -0.004351160 -0.084749758 -1.254359245 0.003758499 0.999967337 -0.007151367 -0.285940975 0.084778108 0.006807038 0.996376634 27.732160568
0.996250629 -0.003915558 -0.086425312 -1.343827128 0.003714217 0.999989986 -0.002490321 -0.295221686 0.086434200 0.002159982 0.996255219 28.802829742
0.996111631 -0.004978211 -0.087958947 -1.441839337 0.005371408 0.999976635 0.004234106 -0.313337743 0.087935813 -0.004690106 0.996115088 29.882457733
0.995916784 -0.010821950 -0.089624837 -1.533131123 0.011329392 0.999922514 0.005155059 -0.322163224 0.089562103 -0.006149404 0.995962262 30.961128235
0.995793462 -0.013568033 -0.090616025 -1.623866677 0.013837492 0.999901533 0.002346032 -0.331195444 0.090575270 -0.003590062 0.995883167 32.022335052
0.995720804 -0.012928417 -0.091503881 -1.728526473 0.012774028 0.999915838 -0.002272726 -0.343997896 0.091525562 0.001094127 0.995802104 33.110900879
0.995733380 -0.011401057 -0.091569699 -1.836258411 0.011090524 0.999930918 -0.003899372 -0.353333443 0.091607831 0.002867179 0.995791018 34.194095612
0.995882034 -0.007214899 -0.090371110 -1.940747857 0.007034780 0.999972582 -0.002311474 -0.370903879 0.090385310 0.001666215 0.995905459 35.269363403
0.995983958 -0.003334787 -0.089469843 -2.036642313 0.003291985 0.999994397 -0.000625950 -0.386302143 0.089471422 0.000328903 0.995989323 36.372711182
0.996104658 -0.002387994 -0.088146850 -2.142307281 0.002521881 0.999995828 0.001407567 -0.392806649 0.088143118 -0.001624380 0.996106505 37.457828522
0.996200562 -0.002432139 -0.087054670 -2.235029697 0.002810778 0.999987125 0.004227124 -0.408007324 0.087043270 -0.004455755 0.996194541 38.554973602
0.996316910 0.004028265 -0.085652977 -2.341705561 -0.003381242 0.999964654 0.007697741 -0.413200557 0.085680954 -0.007379776 0.996295273 39.662727356
0.996483386 0.007338931 -0.083468378 -2.444270134 -0.006741438 0.999949634 0.007437912 -0.413965642 0.083518758 -0.006849059 0.996482670 40.793594360
0.996663213 0.009110969 -0.081113629 -2.539422035 -0.008763360 0.999950826 0.004640437 -0.415619671 0.081151918 -0.003914125 0.996694088 41.885246277
0.996810973 0.011227217 -0.079005055 -2.634483337 -0.011134818 0.999936700 0.001609989 -0.422173321 0.079018131 -0.000725147 0.996872902 43.002925873
0.996941924 0.011098893 -0.077353559 -2.724097013 -0.011005865 0.999938130 0.001628861 -0.434009254 0.077366851 -0.000772537 0.997002423 44.124740601
0.997106373 0.010467079 -0.075294867 -2.813059568 -0.010236974 0.999941707 0.003441352 -0.441659182 0.075326495 -0.002660603 0.997155368 45.246131897
0.997270048 0.010865469 -0.073036641 -2.902374983 -0.010688853 0.999938905 0.002808626 -0.452649891 0.073062696 -0.002020280 0.997325301 46.372795105
0.997335374 0.012375052 -0.071895912 -2.983165741 -0.012532364 0.999919951 -0.001737340 -0.462102026 0.071868658 0.002633736 0.997410655 47.495368958
0.997396588 0.011967142 -0.071111783 -3.073213100 -0.012386809 0.999908328 -0.005463436 -0.478201091 0.071039878 0.006330061 0.997453392 48.626323700
0.997356534 0.010730913 -0.071866877 -3.148493052 -0.011068314 0.999929488 -0.004298208 -0.487793505 0.071815684 0.005082291 0.997404993 49.761211395
0.997379541 0.007144481 -0.071992874 -3.227772713 -0.007239514 0.999973238 -0.001059187 -0.501192093 0.071983382 0.001577605 0.997404575 50.910022736
0.997412443 0.003670841 -0.071797848 -3.310033560 -0.003671953 0.999993265 0.000116507 -0.513257802 0.071797788 0.000147433 0.997419178 52.056575775
0.997463107 -0.001224045 -0.071175203 -3.387773275 0.001181514 0.999999106 -0.000639648 -0.527996838 0.071175918 0.000553931 0.997463644 53.197563171
0.997465491 -0.001843218 -0.071127661 -3.471920490 0.001806141 0.999998212 -0.000585585 -0.541601837 0.071128614 0.000455635 0.997467041 54.338279724
0.997497499 -0.006866567 -0.070367865 -3.541829586 0.007066269 0.999971688 0.002589427 -0.553253889 0.070348091 -0.003080186 0.997517765 55.487731934
0.997517943 -0.007169402 -0.070046708 -3.619748592 0.007811456 0.999929905 0.008896470 -0.554850340 0.069978014 -0.009421555 0.997504056 56.665222168
0.997579992 -0.007371560 -0.069136150 -3.700195789 0.008071288 0.999918938 0.009847138 -0.560148776 0.069057956 -0.010381325 0.997558653 57.840137482
0.997569561 -0.006032833 -0.069416277 -3.783942223 0.006300141 0.999973536 0.003632496 -0.563743293 0.069392525 -0.004060999 0.997581184 59.004226685
0.997618794 -0.002830159 -0.068910964 -3.881239176 0.002545137 0.999987841 -0.004223548 -0.578662276 0.068922080 0.004038103 0.997613847 60.184146881
0.997634768 0.002137536 -0.068704039 -3.971715689 -0.002682059 0.999965727 -0.007834360 -0.593616188 0.068684936 0.008000098 0.997606337 61.351078033
0.997660875 0.004435004 -0.068213552 -4.063307285 -0.004864518 0.999969363 -0.006131789 -0.613463104 0.068184264 0.006449272 0.997651875 62.537616730
0.997642875 0.006296794 -0.068330638 -4.151866913 -0.006624756 0.999967575 -0.004574085 -0.631988645 0.068299629 0.005015977 0.997652233 63.719738007
0.997612238 0.006390020 -0.068767399 -4.237001896 -0.006475253 0.999978542 -0.001016611 -0.647145152 0.068759426 0.001459470 0.997632205 64.917457581
0.997567892 0.005550028 -0.069479957 -4.318109035 -0.005515073 0.999984562 0.000694905 -0.661881268 0.069482736 -0.000310028 0.997583091 66.106887817
0.997555494 0.005458300 -0.069665134 -4.401622295 -0.005305414 0.999983072 0.002379433 -0.680134535 0.069676943 -0.002004014 0.997567594 67.294494629
0.997528911 0.007170313 -0.069890663 -4.488170624 -0.006765489 0.999958932 0.006027243 -0.691637993 0.069931015 -0.005539505 0.997536421 68.481315613
0.997532010 0.008841928 -0.069654621 -4.585629940 -0.008217024 0.999923408 0.009252899 -0.699619472 0.069731101 -0.008657710 0.997528255 69.671104431
0.997492373 0.010024696 -0.070060641 -4.665705204 -0.009766341 0.999944210 0.004029164 -0.712216079 0.070097119 -0.003334824 0.997534573 70.845748901
0.997496307 0.009799102 -0.070036262 -4.754299164 -0.010211023 0.999932587 -0.005525932 -0.724267066 0.069977388 0.006227239 0.997529149 72.012504578
0.997469246 0.009977685 -0.070396021 -4.836842537 -0.010671734 0.999898016 -0.009489998 -0.743430436 0.070294157 0.010217229 0.997473955 73.188133240
0.997463644 0.005854932 -0.070936970 -4.914543152 -0.006566014 0.999930441 -0.009795107 -0.770394802 0.070874691 0.010236036 0.997432709 74.370216370
0.997455001 -0.001675158 -0.071279198 -4.979707241 0.000758321 0.999916673 -0.012887725 -0.799556136 0.071294844 0.012800873 0.997373164 75.540199280
0.997496128 -0.000588850 -0.070718408 -5.071187973 -0.000387511 0.999904811 -0.013791800 -0.826044738 0.070719793 0.013784671 0.997400999 76.709548950
0.997502267 -0.006634544 -0.070321955 -5.153537750 0.006051335 0.999945521 -0.008503218 -0.851677895 0.070374541 0.008056438 0.997488081 77.879043579
0.997514188 -0.007428436 -0.070073597 -5.230738163 0.007333331 0.999971807 -0.001614370 -0.871032715 0.070083611 0.001096484 0.997540534 79.046867371
0.997624099 -0.004606726 -0.068738446 -5.322825909 0.004825488 0.999983788 0.003016824 -0.889540076 0.068723433 -0.003341353 0.997630179 80.209945679
0.997678876 -0.001603824 -0.068075627 -5.411331654 0.002029601 0.999978781 0.006185770 -0.898108482 0.068064265 -0.006309579 0.997660995 81.367485046
0.997702777 0.002066655 -0.067712054 -5.495564461 -0.001519814 0.999965847 0.008126488 -0.907510996 0.067726538 -0.008004909 0.997671783 82.523200989
0.997763157 0.005418357 -0.066628285 -5.586295128 -0.004984081 0.999965250 0.006682400 -0.916687489 0.066662177 -0.006335372 0.997755468 83.663139343
0.997816622 0.009755617 -0.065320835 -5.686146259 -0.009745757 0.999952376 0.000469584 -0.929858625 0.065322302 0.000168042 0.997864187 84.794670105
0.997777939 0.012629003 -0.065419406 -5.761859417 -0.012963108 0.999904990 -0.004685145 -0.944706380 0.065354019 0.005522774 0.997846842 85.924324036
0.997890949 0.009150276 -0.064264484 -5.842354774 -0.009478726 0.999943495 -0.004807877 -0.959670842 0.064216860 0.005406882 0.997921348 87.051940918
0.997925699 0.008360781 -0.063831076 -5.911590576 -0.008355292 0.999965012 0.000352936 -0.980438769 0.063831791 0.000181123 0.997960627 88.184875488
0.998002648 0.004095192 -0.063039407 -5.982699871 -0.003697448 0.999972522 0.006424807 -0.993226051 0.063063987 -0.006178889 0.997990370 89.333465576
0.998082399 -0.000551530 -0.061897200 -6.059624672 0.001166306 0.999950349 0.009896530 -0.998724163 0.061888669 -0.009949743 0.998033464 90.457923889
0.998110414 -0.005259782 -0.061219998 -6.125529289 0.005790659 0.999947131 0.008497451 -1.003448606 0.061172068 -0.008835899 0.998088121 91.593643188
0.998130143 -0.008144720 -0.060579255 -6.191464901 0.008488962 0.999949217 0.005427326 -1.005035162 0.060531978 -0.005931433 0.998148620 92.721138000
0.998149991 -0.010794220 -0.059833724 -6.268298149 0.010884809 0.999940038 0.001188284 -1.018458247 0.059817310 -0.001837364 0.998207629 93.847343445
0.998191535 -0.012626676 -0.058772378 -6.338816643 0.012497001 0.999918580 -0.002573439 -1.035988927 0.058800086 0.001834306 0.998268068 94.954711914
