1.000000000 0.000000000 0.000000000 0.000000000 0.000000000 1.000000000 0.000000000 0.000000000 0.000000000 0.000000000 1.000000000 0.000000000
0.999997735 -0.001587038 -0.001426953 -0.003945305 0.001585690 0.999998271 -0.000945276 -0.008014653 0.001428451 0.000943011 0.999998510 0.559290349
0.999995351 -0.001837828 -0.002440122 -0.006507321 0.001831629 0.999995112 -0.002540213 -0.017948899 0.002444778 0.002535731 0.999993801 1.112323880
0.999988019 -0.002394072 -0.004263415 -0.016040903 0.002379544 0.999991357 -0.003409388 -0.037255000 0.004271541 0.003399202 0.999985099 1.676310062
0.999971449 -0.004114031 -0.006342655 -0.017753387 0.004078603 0.999976039 -0.005588456 -0.040766764 0.006365494 0.005562427 0.999964297 2.250091076
0.999945402 -0.006968732 -0.007783517 -0.023802811 0.006914086 0.999951422 -0.007025636 -0.065025151 0.007832099 0.006971436 0.999945045 2.803472519
0.999925792 -0.008190049 -0.009015623 -0.035865486 0.008120712 0.999937356 -0.007700686 -0.076594919 0.009078126 0.007626902 0.999929726 3.374203682
0.999910831 -0.008366935 -0.010408156 -0.046646796 0.008294994 0.999941528 -0.006936096 -0.090523988 0.010465581 0.006849142 0.999921799 3.953111649
0.999895632 -0.008579915 -0.011622779 -0.053009208 0.008492485 0.999935448 -0.007550961 -0.102564976 0.011686815 0.007451467 0.999903917 4.545080662
0.999889433 -0.007909876 -0.012594200 -0.068682179 0.007780975 0.999917209 -0.010251263 -0.118237473 0.012674242 0.010152134 0.999868155 5.138236523
0.999879837 -0.006175581 -0.014219288 -0.075903006 0.005975087 0.999882758 -0.014099715 -0.133877009 0.014304694 0.014013059 0.999799490 5.747432232
0.999868095 -0.005077865 -0.015428500 -0.091361105 0.004804690 0.999831975 -0.017691668 -0.148600668 0.015515744 0.017615205 0.999724448 6.356224060
0.999857545 -0.003248047 -0.016564745 -0.106340900 0.002956891 0.999841273 -0.017571120 -0.162365362 0.016619187 0.017519636 0.999708414 6.983078003
0.999843180 -0.000930582 -0.017684251 -0.122461520 0.000738602 0.999940753 -0.010859438 -0.169854611 0.017693309 0.010844673 0.999784648 7.622779369
0.999838352 0.000339117 -0.017975722 -0.152431548 -0.000346002 0.999999881 -0.000379891 -0.185612440 0.017975591 0.000386049 0.999838352 8.295468330
0.999812782 0.001064945 -0.019321460 -0.159424588 -0.000942230 0.999979317 0.006359212 -0.199509725 0.019327832 -0.006339816 0.999793112 8.983459473
0.999780118 0.003950797 -0.020593256 -0.179014117 -0.003842584 0.999978602 0.005291701 -0.215152100 0.020613723 -0.005211406 0.999773920 9.670033455
0.999761105 0.005472436 -0.021160500 -0.201735333 -0.005509809 0.999983370 -0.001708276 -0.221877396 0.021150799 0.001824458 0.999774635 10.353148460
0.999733865 0.005376782 -0.022435302 -0.225361809 -0.005550032 0.999955177 -0.007667068 -0.224446833 0.022393072 0.007789544 0.999718904 11.067765236
0.999719024 0.002787643 -0.023538679 -0.244803742 -0.002932129 0.999977052 -0.006105928 -0.227460116 0.023521118 0.006173231 0.999704301 11.814296722
0.999713480 0.001751526 -0.023873167 -0.265675128 -0.001673626 0.999993205 0.003282661 -0.236057937 0.023878753 -0.003241765 0.999709606 12.579125404
0.999707937 0.001692622 -0.024108754 -0.292113334 -0.001440157 0.999943972 0.010485460 -0.240187719 0.024125151 -0.010447676 0.999654353 13.361173630
0.999693036 0.000977358 -0.024755599 -0.312902540 -0.000652718 0.999913752 0.013118455 -0.247262478 0.024766285 -0.013098270 0.999607444 14.153340340
0.999691606 -0.001124873 -0.024806740 -0.338923246 0.001425908 0.999925494 0.012120874 -0.245877653 0.024791259 -0.012152508 0.999618769 14.969310760
0.999713778 -0.001505017 -0.023876408 -0.368559688 0.001734592 0.999952435 0.009597342 -0.242609143 0.023860829 -0.009636011 0.999668837 15.788912773
0.999717295 0.000805036 -0.023762520 -0.389909834 -0.000658084 0.999980628 0.006191379 -0.242185786 0.023767043 -0.006173991 0.999698460 16.635728836
0.999735892 -0.002304751 -0.022866178 -0.411829531 0.002324551 0.999996960 0.000839378 -0.251280963 0.022864174 -0.000892310 0.999738157 17.492708206
0.999741852 -0.004840723 -0.022199856 -0.422364742 0.004719210 0.999973595 -0.005522709 -0.260683537 0.022226004 0.005416517 0.999738276 18.371238708
0.999776244 -0.003549623 -0.020853322 -0.451224297 0.003326509 0.999936938 -0.010724146 -0.273231983 0.020890074 0.010652378 0.999725044 19.261501312
0.999786019 -0.002287053 -0.020559959 -0.480583638 0.002047006 0.999929607 -0.011688923 -0.287184745 0.020585245 0.011644336 0.999720275 20.176342010
0.999776483 -0.002107414 -0.021036195 -0.501748919 0.001873572 0.999936283 -0.011129699 -0.305156559 0.021058310 0.011087799 0.999716759 21.106884003
0.999773741 -0.000764116 -0.021258812 -0.518189847 0.000494864 0.999919653 -0.012667823 -0.328623384 0.021266783 0.012654436 0.999693751 22.039016724
0.999773324 0.002051956 -0.021190407 -0.545982718 -0.002363906 0.999889076 -0.014706727 -0.348723531 0.021157878 0.014753486 0.999667287 22.988603592
0.999756157 0.005396987 -0.021412829 -0.577094972 -0.005727845 0.999864697 -0.015420250 -0.370783925 0.021326708 0.015539139 0.999651790 23.954528809
0.999744236 0.007822542 -0.021220138 -0.606185317 -0.008151406 0.999847353 -0.015455744 -0.398508221 0.021095995 0.015624765 0.999655366 24.933986664
0.999728501 0.008107516 -0.021844596 -0.624989152 -0.008446508 0.999844611 -0.015471059 -0.426418543 0.021715770 0.015651369 0.999641657 25.915634155
0.999737501 0.008442556 -0.021300359 -0.659426391 -0.008772643 0.999842167 -0.015451247 -0.452235758 0.021166548 0.015634051 0.999653697 26.908658981
0.999715030 0.009981788 -0.021684067 -0.693267584 -0.010295155 0.999843478 -0.014388264 -0.482195616 0.021537052 0.014607405 0.999661326 27.916225433
0.999697626 0.010137822 -0.022401512 -0.705366850 -0.010416183 0.999869525 -0.012344422 -0.508646190 0.022273444 0.012574027 0.999672830 28.908210754
0.999686778 0.010786554 -0.022583235 -0.738225400 -0.011038602 0.999877810 -0.011066119 -0.536117852 0.022461111 0.011311940 0.999683738 29.927375793
0.999683976 0.010646019 -0.022773536 -0.765440464 -0.010922360 0.999867797 -0.012044540 -0.565535307 0.022642300 0.012289474 0.999668121 30.952640533
0.999658346 0.011986736 -0.023228502 -0.787649035 -0.012295103 0.999837577 -0.013178321 -0.588949382 0.023066765 0.013459414 0.999643326 32.004802704
0.999659836 0.011689400 -0.023313414 -0.826798916 -0.011976008 0.999853969 -0.012192213 -0.616074920 0.023167491 0.012467268 0.999653876 33.030677795
0.999647796 0.011101939 -0.024105180 -0.851995409 -0.011343216 0.999886692 -0.009895775 -0.636884272 0.023992587 0.010165719 0.999660432 34.079551697
0.999630392 0.011794941 -0.024493506 -0.882609308 -0.011945556 0.999910593 -0.006011943 -0.660197616 0.024420405 0.006302310 0.999681890 35.139610291
0.999612987 0.011640820 -0.025264941 -0.910296082 -0.011735780 0.999924600 -0.003613565 -0.686382115 0.025220972 0.003908670 0.999674261 36.208160400
0.999614000 0.011341121 -0.025362454 -0.948861480 -0.011423995 0.999929845 -0.003125083 -0.705057204 0.025325235 0.003413617 0.999673426 37.270580292
0.999612212 0.011091649 -0.025542051 -0.982373178 -0.011213004 0.999926507 -0.004612894 -0.722813010 0.025489010 0.004897508 0.999663115 38.344081879
0.999586225 0.011201980 -0.026492769 -1.018769860 -0.011341318 0.999922574 -0.005115097 -0.743284583 0.026433419 0.005413444 0.999635935 39.440475464
0.999581516 0.010854104 -0.026813505 -1.058914185 -0.010970323 0.999931037 -0.004191108 -0.760392606 0.026766164 0.004483507 0.999631643 40.522697449
0.999545217 0.011078289 -0.028047547 -1.088145375 -0.011135442 0.999936223 -0.001882361 -0.786691844 0.028024904 0.002193827 0.999604821 41.612648010
0.999532938 0.011496045 -0.028316168 -1.131261826 -0.011482589 0.999933898 0.000637768 -0.805384040 0.028321628 -0.000312327 0.999598801 42.692871094
0.999492645 0.012704342 -0.029207723 -1.161992073 -0.012689544 0.999919236 0.000691948 -0.830238223 0.029214155 -0.000320964 0.999573112 43.781314850
0.999458313 0.014070556 -0.029751210 -1.203375101 -0.014172432 0.999894381 -0.003216166 -0.849276304 0.029702814 0.003636071 0.999552190 44.863029480
0.999445319 0.015611410 -0.029416697 -1.253636360 -0.015833767 0.999847710 -0.007341152 -0.867510319 0.029297611 0.007802857 0.999540269 45.954227448
0.999448538 0.015286535 -0.029478377 -1.279898167 -0.015513024 0.999851763 -0.007469878 -0.898088336 0.029359818 0.007923057 0.999537528 47.049896240
0.999449611 0.016111722 -0.028998939 -1.321617246 -0.016257044 0.999856412 -0.004782529 -0.920776367 0.028917721 0.005251334 0.999567986 48.132495880
0.999436736 0.016830070 -0.029033128 -1.359212399 -0.016923228 0.999852419 -0.002965925 -0.942498505 0.028978925 0.003455589 0.999574065 49.221847534
0.999455273 0.015564139 -0.029101491 -1.389379144 -0.015617210 0.999876797 -0.001597265 -0.966072023 0.029073045 0.002050879 0.999575198 50.306587219
0.999478757 0.014166691 -0.029008413 -1.424272537 -0.014238766 0.999896049 -0.002279559 -0.988940895 0.028973103 0.002691415 0.999576569 51.407135010
0.999501467 0.013197361 -0.028681591 -1.458221436 -0.013321790 0.999902666 -0.004151489 -1.006363153 0.028624011 0.004531510 0.999579966 52.487571716
0.999494493 0.013876920 -0.028603965 -1.493882775 -0.014060847 0.999881685 -0.006239085 -1.035846710 0.028514002 0.006638127 0.999571323 53.586486816
0.999519467 0.012271083 -0.028464667 -1.526856422 -0.012524845 0.999883235 -0.008753900 -1.060710192 0.028353924 0.009106210 0.999556482 54.686431885
0.999538183 0.011057066 -0.028304271 -1.560953617 -0.011403343 0.999861717 -0.012102046 -1.090495944 0.028166544 0.012419220 0.999526083 55.767368317
0.999561727 0.009618273 -0.027996402 -1.593191385 -0.010002342 0.999857366 -0.013610960 -1.126969695 0.027861495 0.013885025 0.999515355 56.854476929
0.999590635 0.007731568 -0.027546700 -1.627589226 -0.008045456 0.999903738 -0.011302243 -1.155585885 0.027456665 0.011519242 0.999556601 57.953010559
0.999615669 0.006179781 -0.027023586 -1.667216182 -0.006323544 0.999966264 -0.005237689 -1.180844784 0.026990307 0.005406561 0.999621093 59.041847229
0.999608397 0.004927099 -0.027545104 -1.686835170 -0.004915772 0.999987781 0.000478931 -1.204046130 0.027547128 -0.000343338 0.999620438 60.129470825
0.999623299 0.003241014 -0.027253320 -1.717008233 -0.003217904 0.999994397 0.000891769 -1.220901370 0.027256059 -0.000803734 0.999628186 61.230991364
0.999629855 -0.000009902 -0.027205966 -1.745333195 -0.000044397 0.999998033 -0.001995240 -1.238192797 0.027205933 0.001995709 0.999627829 62.321220398
0.999635756 -0.001428989 -0.026951138 -1.781075954 0.001282896 0.999984384 -0.005437145 -1.255074620 0.026958488 0.005400589 0.999621987 63.415637970
0.999638081 0.000971378 -0.026883328 -1.821659207 -0.001221410 0.999956131 -0.009285769 -1.289237976 0.026873130 0.009315245 0.999595463 64.513191223
0.999642193 0.001048307 -0.026728677 -1.854952216 -0.001414914 0.999905169 -0.013700647 -1.311891437 0.026711777 0.013733564 0.999548852 65.599472046
0.999649167 0.004162760 -0.026156494 -1.893941760 -0.004537177 0.999887884 -0.014271480 -1.341583014 0.026094154 0.014385151 0.999556005 66.697822571
0.999653518 0.007707184 -0.025169170 -1.939085722 -0.007977466 0.999911427 -0.010655928 -1.376608968 0.025084812 0.010853022 0.999626398 67.816459656
0.999649167 0.009097159 -0.024874756 -1.978771448 -0.009304532 0.999922812 -0.008233676 -1.406161547 0.024797933 0.008462235 0.999656677 68.913764954
0.999656200 0.008235904 -0.024891773 -2.009687424 -0.008429592 0.999934912 -0.007686315 -1.429423809 0.024826851 0.007893500 0.999660611 70.006858826
0.999658644 0.006845560 -0.025213614 -2.031092405 -0.007023567 0.999951005 -0.006978182 -1.456588149 0.025164608 0.007152889 0.999657750 71.111701965
0.999662936 0.005973380 -0.025264107 -2.065712452 -0.006117544 0.999965429 -0.005632854 -1.482716084 0.025229586 0.005785510 0.999664962 72.200462341
0.999661505 0.004314371 -0.025656240 -2.098008633 -0.004402061 0.999984682 -0.003362398 -1.510205984 0.025641341 0.003474200 0.999665141 73.304000854
0.999643922 0.003390000 -0.026466575 -2.127513647 -0.003437236 0.999992609 -0.001739439 -1.536760569 0.026460482 0.001829792 0.999648213 74.409744263
0.999637604 0.002936966 -0.026759930 -2.166661024 -0.003018101 0.999990940 -0.002992067 -1.560893297 0.026750900 0.003071747 0.999637425 75.505477905
0.999619544 0.002778099 -0.027440904 -2.199891329 -0.002965834 0.999972463 -0.006803100 -1.586222887 0.027421249 0.006881897 0.999600291 76.585441589
0.999592662 0.003539685 -0.028320257 -2.227115870 -0.003789127 0.999954462 -0.008759089 -1.617727757 0.028287962 0.008862830 0.999560535 77.680747986
0.999568522 0.005448574 -0.028862745 -2.267086506 -0.005645687 0.999961257 -0.006752249 -1.644938469 0.028824838 0.006912285 0.999560595 78.761764526
0.999543846 0.006572951 -0.029477905 -2.304779053 -0.006656597 0.999974072 -0.002740338 -1.668229580 0.029459130 0.002935311 0.999561667 79.848960876
0.999511003 0.007902124 -0.030254204 -2.344619036 -0.007871999 0.999968410 0.001114699 -1.688089728 0.030262057 -0.000875992 0.999541640 80.921104431
0.999498010 0.008987025 -0.030380053 -2.390216589 -0.008939405 0.999958575 0.001702949 -1.709804773 0.030394102 -0.001430514 0.999536991 82.004432678
0.999482632 0.008494345 -0.031021958 -2.427343130 -0.008499845 0.999963880 -0.000045416 -1.735219836 0.031020451 0.000309074 0.999518692 83.075256348
0.999472022 0.008477039 -0.031366441 -2.472250938 -0.008503412 0.999963582 -0.000707517 -1.753887057 0.031359300 0.000973866 0.999507725 84.137985229
0.999475360 0.008063075 -0.031368174 -2.521614552 -0.008095846 0.999966800 -0.000917832 -1.774850726 0.031359732 0.001171303 0.999507487 85.190956116
0.999428153 0.006613259 -0.033159837 -2.535029650 -0.006638890 0.999977767 -0.000662923 -1.799463868 0.033154715 0.000882688 0.999449849 86.236656189
0.999416232 0.005425621 -0.033730760 -2.573039532 -0.005406078 0.999985158 0.000670546 -1.817060590 0.033733897 -0.000487803 0.999430716 87.262962341
0.999393761 0.005429173 -0.034389693 -2.611747026 -0.005319887 0.999980509 0.003268568 -1.836712003 0.034406770 -0.003083637 0.999403179 88.266555786
0.999370575 0.004664503 -0.035166245 -2.652238131 -0.004516728 0.999980628 0.004280471 -1.858456135 0.035185531 -0.004118940 0.999372303 89.247856140
0.999299407 0.003573058 -0.037255365 -2.694485188 -0.003406123 0.999983907 0.004543346 -1.874150753 0.037271000 -0.004413267 0.999295473 90.201324463
0.999182284 0.002955851 -0.040324423 -2.740571976 -0.002807925 0.999989092 0.003724535 -1.896464109 0.040334996 -0.003608262 0.999179721 91.134552002
0.999033868 0.002705374 -0.043863162 -2.783388376 -0.002587885 0.999992907 0.002735108 -1.912248731 0.043870252 -0.002618952 0.999033809 92.069740295
0.998897612 0.002369893 -0.046881706 -2.830231905 -0.002219569 0.999992251 0.003258244 -1.930702806 0.046889063 -0.003150595 0.998895109 92.964019775
0.998747110 0.003813494 -0.049896277 -2.880389452 -0.003602307 0.999984145 0.004321773 -1.949115992 0.049911968 -0.004136617 0.998745084 93.829292297
0.998581588 0.004435490 -0.053058028 -2.935545921 -0.004160850 0.999977350 0.005285555 -1.965681076 0.053080272 -0.005057292 0.998577416 94.678985596
0.998411357 0.005637522 -0.056061883 -2.985906601 -0.005269782 0.999963641 0.006705217 -1.978789449 0.056097645 -0.006399131 0.998404801 95.494453430
0.998273492 0.007373231 -0.058272418 -3.048413038 -0.006961305 0.999949336 0.007268814 -1.990912557 0.058323059 -0.006850612 0.998274267 96.286270142
0.998080730 0.009183605 -0.061241135 -3.091704369 -0.008703041 0.999929249 0.008109213 -2.011135817 0.061311275 -0.007560665 0.998090029 97.043121338
0.997888148 0.010894611 -0.064035609 -3.145054817 -0.010466811 0.999920607 0.007012330 -2.024937630 0.064106926 -0.006327272 0.997922957 97.773956299
0.997718036 0.012376389 -0.066374049 -3.203457355 -0.012166475 0.999919653 0.003565889 -2.044528961 0.066412844 -0.002750213 0.997788429 98.466186523
0.997509599 0.015042609 -0.068908431 -3.259905577 -0.015089861 0.999886155 -0.000165224 -2.057504416 0.068898104 0.001204632 0.997622967 99.143493652
0.997345984 0.016551794 -0.070901893 -3.311228991 -0.016790738 0.999855161 -0.002775372 -2.075160980 0.070845686 0.003958500 0.997479439 99.782608032
0.997243404 0.018391686 -0.071884103 -3.365323544 -0.018721471 0.999817073 -0.003916623 -2.085492611 0.071798921 0.005251602 0.997405291 100.398948669
0.997263849 0.020910593 -0.070905626 -3.416952848 -0.021219555 0.999768317 -0.003606861 -2.097635031 0.070813783 0.005101578 0.997476518 100.987487793
0.997397423 0.024783527 -0.067706466 -3.466691017 -0.024975952 0.999686062 -0.001996915 -2.115231514 0.067635722 0.003682751 0.997703314 101.555717468
0.997650385 0.027137712 -0.062907010 -3.492017508 -0.027233528 0.999628901 -0.000666059 -2.128858089 0.062865585 0.002377674 0.998019159 102.102256775
0.998088896 0.028138850 -0.055016220 -3.528197050 -0.028097598 0.999604046 0.001523318 -2.142861605 0.055037301 0.000025416 0.998484313 102.626129150
0.998575389 0.027914822 -0.045475125 -3.547464371 -0.027762942 0.999606669 0.003968179 -2.157712698 0.045568008 -0.002700003 0.998957574 103.137687683
0.999049604 0.027549690 -0.033777177 -3.555977583 -0.027383782 0.999610603 0.005364746 -2.172348022 0.033911824 -0.004434701 0.999414980 103.598999023
0.999427497 0.026753202 -0.020712139 -3.548337698 -0.026649265 0.999630928 0.005278072 -2.178989172 0.020845700 -0.004723087 0.999771535 104.053802490
0.999632478 0.026505629 -0.005690522 -3.537674427 -0.026480993 0.999639809 0.004361603 -2.188228369 0.005804080 -0.004209309 0.999974310 104.489990234
0.999608338 0.025035715 0.012505926 -3.525233746 -0.025053063 0.999685347 0.001232426 -2.197245121 -0.012471137 -0.001545256 0.999921024 104.913772583
0.999115527 0.024878161 0.033899978 -3.496653795 -0.024781810 0.999687552 -0.003259468 -2.211864710 -0.033970479 0.002416483 0.999419928 105.335800171
0.998081386 0.022666605 0.057617299 -3.442044020 -0.022239421 0.999720335 -0.008044704 -2.222640991 -0.057783529 0.006747894 0.998306334 105.737854004
0.996208847 0.020354249 0.084579378 -3.381567240 -0.019503284 0.999750614 -0.010875328 -2.233470917 -0.084779650 0.009184523 0.996357381 106.150665283
0.993188262 0.017723059 0.115164801 -3.322295904 -0.016429279 0.999790907 -0.012173742 -2.244237185 -0.115356483 0.010198743 0.993271828 106.546562195
0.988939404 0.015521440 0.147505924 -3.231933594 -0.013611872 0.999810100 -0.013946399 -2.259917974 -0.147694379 0.011784311 0.988962829 106.924278259
0.983046770 0.012514233 0.182927534 -3.129836798 -0.009922248 0.999837101 -0.015077884 -2.281488180 -0.183086425 0.013007212 0.983010769 107.302200317
0.975073993 0.009228056 0.221687853 -3.048045397 -0.005852278 0.999856770 -0.015879670 -2.287625313 -0.221802652 0.014186474 0.974988401 107.592483521
0.965243101 0.006420950 0.261274755 -2.921520233 -0.002161303 0.999860108 -0.016587403 -2.304830074 -0.261344701 0.015446182 0.965121925 107.940200806
0.952768326 0.007916261 0.303594917 -2.767141342 -0.002690664 0.999841034 -0.017626852 -2.320182800 -0.303686172 0.015977433 0.952638149 108.305305481
0.937443078 0.010356912 0.347984433 -2.619323015 -0.004263410 0.999823987 -0.018272037 -2.332262278 -0.348112404 0.015645394 0.937322259 108.636405945
0.919688821 0.010421974 0.392509758 -2.451868057 -0.004023714 0.999845326 -0.017120078 -2.343181372 -0.392627478 0.014165797 0.919588506 108.948898315
0.899254799 0.009215294 0.437328219 -2.273372650 -0.002664226 0.999874890 -0.015590864 -2.358523369 -0.437417179 0.012855018 0.899166822 109.253707886
0.876124442 0.008369409 0.482012421 -2.070763588 -0.000566440 0.999866486 -0.016331568 -2.369466305 -0.482084751 0.014035455 0.876012146 109.549476624
0.851111770 0.009157031 0.524904668 -1.854709625 0.000820770 0.999823451 -0.018772898 -2.380184412 -0.524983943 0.016408661 0.850953996 109.825508118
0.823181629 0.011580514 0.567660034 -1.633966446 0.001235103 0.999753058 -0.022186467 -2.395484447 -0.567776799 0.018964611 0.822964072 110.098335266
0.792261124 0.016103879 0.609969616 -1.392914772 0.000067308 0.999649346 -0.026479283 -2.413489342 -0.610182166 0.021019565 0.791982293 110.377609253
0.758143425 0.022116164 0.651712716 -1.132617950 -0.003221391 0.999539495 -0.030172354 -2.429945946 -0.652079880 0.020775551 0.757865548 110.651290894
0.720928371 0.027114868 0.692479014 -0.851459503 -0.005234745 0.999418855 -0.033683673 -2.435040712 -0.692989886 0.020658566 0.720651329 110.900527954
0.684373736 0.026504656 0.728649557 -0.563117981 -0.001863389 0.999399424 -0.034603033 -2.442868710 -0.729129076 0.022323648 0.684012055 111.048423767
0.643157244 0.023815554 0.765363753 -0.250316620 0.002514478 0.999445140 -0.033212371 -2.455780268 -0.765730083 0.023285268 0.642740488 111.260742188
0.598969162 0.021819564 0.800474823 0.076251984 0.003930958 0.999536514 -0.030187055 -2.467041969 -0.800762475 0.021227749 0.598605752 111.460716248
0.553021967 0.020517802 0.832914114 0.418079376 0.004807922 0.999601483 -0.027816214 -2.477049828 -0.833152890 0.019387564 0.552702904 111.640609741
0.504888296 0.017960295 0.862997890 0.768756866 0.006495226 0.999676168 -0.024604749 -2.488852024 -0.863160312 0.018028017 0.504608154 111.806251526
0.454051852 0.013906932 0.890866816 1.128631592 0.008939659 0.999756753 -0.020163080 -2.508058310 -0.890930474 0.017119128 0.453817070 111.945053101
0.400996506 0.014769324 0.915960491 1.484378815 0.005123059 0.999818265 -0.018364294 -2.525077820 -0.916065216 0.012056538 0.400847971 112.083724976
0.349522293 0.019617749 0.936722636 1.866226196 0.001557357 0.999767244 -0.021519192 -2.539733887 -0.936926782 0.008980250 0.349410415 112.197296143
0.299668133 0.024666248 0.953724682 2.249511719 0.001567093 0.999651670 -0.026346458 -2.551226139 -0.954042315 0.009389771 0.299525082 112.278381348
0.253258467 0.027090201 0.967019379 2.642372131 0.002453899 0.999586642 -0.028645214 -2.562374115 -0.967395663 0.009627613 0.253087342 112.346862793
0.212008953 0.027139748 0.976890862 3.066658020 0.009273781 0.999513447 -0.029780880 -2.574999571 -0.977223754 0.015373287 0.211654127 112.401062012
0.176775932 0.026622796 0.983891070 3.493171692 0.017597137 0.999388874 -0.030203830 -2.589079857 -0.984093845 0.022652974 0.176199377 112.448158264
0.146501362 0.027962206 0.988815188 3.956977844 0.021380408 0.999277413 -0.031425752 -2.607579470 -0.988979340 0.025745189 0.145797670 112.481666565
0.118653536 0.026251985 0.992588639 4.427673340 0.019642858 0.999392748 -0.028780038 -2.623702049 -0.992741466 0.022912132 0.118065834 112.521446228
0.092496514 0.022462640 0.995459676 4.878440857 0.013562221 0.999624372 -0.023816798 -2.641790867 -0.995620728 0.015703615 0.092157125 112.573219299
0.068577111 0.018400650 0.997476220 5.385421753 0.008803361 0.999779820 -0.019048385 -2.658576965 -0.997607052 0.010087428 0.068400025 112.603530884
0.045818686 0.015798828 0.998824954 5.907165527 0.012996325 0.999780893 -0.016410127 -2.676301956 -0.998865366 0.013732945 0.045603335 112.613479614
0.025897145 0.016656863 0.999525905 6.439598083 0.020716732 0.999637485 -0.017195484 -2.694767475 -0.999449968 0.021152224 0.025542676 112.599639893
0.007935166 0.019235114 0.999783635 7.032363892 0.024367860 0.999514341 -0.019423343 -2.717369318 -0.999671698 0.024516713 0.007462621 112.603378296
-0.005795479 0.024531178 0.999682307 7.614189148 0.026016399 0.999364376 -0.024372552 -2.722309589 -0.999644756 0.025866883 -0.006429911 112.584205627
-0.017119408 0.029510738 0.999417961 8.233543396 0.023818431 0.999292731 -0.029099049 -2.731307983 -0.999569833 0.023306411 -0.017810225 112.590492249
-0.023920536 0.029076114 0.999291003 8.850006104 0.025448233 0.999270737 -0.028466361 -2.751777411 -0.999389946 0.024749260 -0.024643064 112.576904297
-0.026349425 0.026257165 0.999307990 9.484138489 0.031172544 0.999190390 -0.025432132 -2.771072865 -0.999166727 0.030480849 -0.027146578 112.547760010
-0.026006937 0.024311624 0.999366224 10.155250549 0.033417773 0.999166608 -0.023437131 -2.794533730 -0.999103189 0.032787066 -0.026797652 112.531333923
-0.023786187 0.023984933 0.999429286 10.838768005 0.031635165 0.999229550 -0.023227232 -2.819015265 -0.999216437 0.031064626 -0.024526596 112.517745972
-0.022141695 0.024409108 0.999456882 11.526321411 0.028730012 0.999304593 -0.023768911 -2.837194681 -0.999341965 0.028188122 -0.022827625 112.504379272
-0.021135807 0.025718657 0.999445736 12.226364136 0.027130401 0.999315679 -0.025141567 -2.858817339 -0.999408424 0.026583975 -0.021819115 112.503227234
-0.020210147 0.026453277 0.999445736 12.960754395 0.026516424 0.999312460 -0.025913550 -2.886068821 -0.999444067 0.025978010 -0.020897746 112.488220215
-0.019808531 0.025996881 0.999465883 13.711341858 0.025686530 0.999345124 -0.025484663 -2.909722328 -0.999473929 0.025167998 -0.020463347 112.485557556
-0.019479275 0.024799166 0.999502778 14.476280212 0.025147146 0.999388218 -0.024306236 -2.933148146 -0.999494076 0.024661172 -0.020091057 112.480911255
-0.018341422 0.023199705 0.999562740 15.234252930 0.025852887 0.999407530 -0.022721723 -2.967265606 -0.999497652 0.025424834 -0.018930316 112.459793091
-0.019094110 0.020861126 0.999600172 16.024703979 0.026308481 0.999446630 -0.020355390 -2.993558884 -0.999471664 0.025909293 -0.019632459 112.452728271
-0.020364285 0.019224381 0.999607861 16.800216675 0.023531737 0.999547362 -0.018743828 -3.020800114 -0.999515772 0.023140807 -0.020807385 112.442581177
-0.021168947 0.018405838 0.999606550 17.602600098 0.023393044 0.999565899 -0.017909691 -3.042712450 -0.999502242 0.023004711 -0.021590352 112.419853210
-0.022271872 0.016044734 0.999623358 18.400657654 0.025648559 0.999551296 -0.015472127 -3.060282946 -0.999423027 0.025294302 -0.022673368 112.401695251
-0.023800373 0.014572112 0.999610543 19.215469360 0.027271787 0.999531090 -0.013921624 -3.079963446 -0.999344707 0.026929826 -0.024186611 112.387008667
-0.025763512 0.013485428 0.999577165 20.054061890 0.024095085 0.999626875 -0.012865065 -3.113968134 -0.999377668 0.023753447 -0.026078820 112.378662109
-0.025985360 0.018144464 0.999497771 20.872558594 0.021364747 0.999616981 -0.017591184 -3.139983177 -0.999434114 0.020896902 -0.026363134 112.346710205
-0.027032018 0.022881247 0.999372721 21.708412170 0.022577979 0.999496937 -0.022273382 -3.164444208 -0.999379635 0.021961723 -0.027535081 112.329406738
-0.028079391 0.024498951 0.999305487 22.547843933 0.022813987 0.999454916 -0.023861567 -3.190089703 -0.999345362 0.022128122 -0.028622985 112.309165955
-0.030177474 0.022483122 0.999291837 23.399597168 0.019345779 0.999572873 -0.021905230 -3.218163967 -0.999357462 0.018671036 -0.030599594 112.302566528
-0.030646682 0.017922835 0.999369740 24.241004944 0.016394259 0.999713719 -0.017426264 -3.252898932 -0.999395967 0.015849870 -0.030931711 112.277885437
-0.031292439 0.012599927 0.999430895 25.095672607 0.015003714 0.999813795 -0.012134987 -3.279978275 -0.999397695 0.014615443 -0.031475544 112.260246277
-0.031331182 0.007378577 0.999481976 25.946022034 0.011607756 0.999908030 -0.007017852 -3.299439192 -0.999441803 0.011381865 -0.031413913 112.239486694
-0.031599045 0.005307748 0.999486625 26.793113708 0.008568994 0.999950588 -0.005039301 -3.331667185 -0.999463975 0.008405357 -0.031642914 112.229835510
-0.030257344 0.012408962 0.999465108 27.625099182 0.011021162 0.999866307 -0.012080292 -3.359332561 -0.999481380 0.010649748 -0.030390024 112.193328857
-0.029120207 0.023578292 0.999297738 28.452087402 0.013467101 0.999640286 -0.023193931 -3.381561041 -0.999485135 0.012782234 -0.029427290 112.166877747
-0.028323770 0.029139729 0.999173999 29.280929565 0.015678586 0.999464989 -0.028703773 -3.402317762 -0.999475896 0.014852636 -0.028765559 112.143684387
-0.027204514 0.023482449 0.999354184 30.129837036 0.017293438 0.999585509 -0.023017127 -3.437385082 -0.999480426 0.016656103 -0.027599335 112.123336792
-0.026451826 0.015718229 0.999526501 30.951873779 0.020050108 0.999683559 -0.015190084 -3.469812393 -0.999448955 0.019638808 -0.026758671 112.103981018
-0.025632620 0.012855655 0.999588847 31.780464172 0.021482060 0.999693513 -0.012306134 -3.495744467 -0.999440670 0.021157788 -0.025900960 112.080169678
-0.026036382 0.013304844 0.999572396 32.604095459 0.020487815 0.999708533 -0.012772996 -3.522710323 -0.999450982 0.020146491 -0.026301384 112.066474915
-0.026966810 0.014219441 0.999535263 33.420997620 0.017134069 0.999758482 -0.013760353 -3.551411390 -0.999489546 0.016755033 -0.027203918 112.052719116
-0.029262304 0.014345739 0.999468803 34.237159729 0.014302680 0.999800622 -0.013931751 -3.577275753 -0.999469459 0.013887408 -0.029461622 112.036315918
-0.031068325 0.014399290 0.999413550 35.046066284 0.014075072 0.999803364 -0.013967360 -3.601171017 -0.999418139 0.013632875 -0.031264901 112.008621216
-0.033267617 0.014408877 0.999342620 35.857864380 0.012714904 0.999821246 -0.013992506 -3.630226135 -0.999365628 0.012241049 -0.033444881 111.988723755
-0.035367727 0.014672814 0.999266684 36.663627625 0.011012245 0.999837220 -0.014291428 -3.656753063 -0.999313712 0.010498713 -0.035523534 111.970672607
-0.037840009 0.013994976 0.999185860 37.480438232 0.009006950 0.999866068 -0.013663403 -3.680588007 -0.999243259 0.008482593 -0.037961006 111.951660156
-0.040004849 0.012839390 0.999117136 38.273300171 0.009355450 0.999878407 -0.012474583 -3.706735134 -0.999155819 0.008848147 -0.040120006 111.923583984
-0.041795731 0.012265693 0.999050975 39.051239014 0.008520158 0.999892652 -0.011919585 -3.738857031 -0.999089956 0.008013885 -0.041895747 111.890983582
-0.043710947 0.013985657 0.998946428 39.829551697 0.008862128 0.999868095 -0.013610783 -3.754989624 -0.999005020 0.008257851 -0.043829083 111.862953186
-0.044741750 0.014023320 0.998900294 40.604873657 0.009508942 0.999862134 -0.013610912 -3.785185337 -0.998953462 0.008889511 -0.044868946 111.824417114
-0.045461178 0.012830332 0.998883903 41.411491394 0.011927554 0.999853194 -0.012299941 -3.807438850 -0.998895109 0.011355073 -0.045607567 111.789718628
-0.047195554 0.012020954 0.998813391 42.185165405 0.011876254 0.999863684 -0.011472423 -3.834471226 -0.998815119 0.011320715 -0.047331929 111.759643555
-0.049036145 0.012018717 0.998724699 42.953201294 0.011002815 0.999873400 -0.011492315 -3.853503704 -0.998736441 0.010425244 -0.049162269 111.736618042
-0.049852252 0.011029693 0.998695791 43.706489563 0.009077690 0.999902725 -0.010589889 -3.875692844 -0.998715401 0.008537920 -0.049947619 111.702262878
-0.050803661 0.009864862 0.998660088 44.447631836 0.007742851 0.999925077 -0.009483467 -3.900933266 -0.998678803 0.007250682 -0.050876260 111.672630310
-0.051439524 0.009194358 0.998633921 45.159225464 0.007475776 0.999933124 -0.008821247 -3.930265903 -0.998648286 0.007011803 -0.051504731 111.638427734
-0.051478267 0.011623011 0.998606443 45.860984802 0.007588998 0.999907970 -0.011246947 -3.947773933 -0.998645246 0.006999450 -0.051561713 111.600708008
-0.051630378 0.014722276 0.998557687 46.563240051 0.008087230 0.999864697 -0.014323396 -3.968930244 -0.998633504 0.007336043 -0.051742554 111.570907593
-0.051579833 0.016240397 0.998536885 47.260627747 0.005714172 0.999856174 -0.015966689 -3.991332054 -0.998652577 0.004882251 -0.051665187 111.538024902
-0.051964045 0.017167823 0.998501360 47.962608337 0.006404477 0.999837399 -0.016857492 -4.015664577 -0.998628438 0.005518896 -0.052065611 111.508308411
-0.051859975 0.016809862 0.998512864 48.657119751 0.007877224 0.999834120 -0.016422985 -4.040442467 -0.998623312 0.007013815 -0.051983714 111.472419739
-0.052499413 0.015873307 0.998494864 49.349143982 0.007735818 0.999850154 -0.015488117 -4.070771217 -0.998591065 0.006911060 -0.052614331 111.443084717
-0.052398682 0.016277315 0.998493731 50.037818909 0.004521928 0.999860764 -0.016062303 -4.087331772 -0.998616159 0.003673476 -0.052464962 111.410293579
-0.052320719 0.016213303 0.998498678 50.715293884 0.001750875 0.999868155 -0.016143795 -4.118941307 -0.998628795 0.000903593 -0.052342176 111.380157471
-0.052181125 0.014868856 0.998526931 51.402633667 0.003560154 0.999885559 -0.014703041 -4.142520905 -0.998631299 0.002787689 -0.052228093 111.348083496
-0.053077102 0.014414649 0.998486400 52.077033997 0.004004514 0.999890864 -0.014222055 -4.162363052 -0.998582423 0.003243588 -0.053129077 111.312011719
-0.056443810 0.013923437 0.998308778 52.742469788 0.000957976 0.999903023 -0.013891511 -4.187666893 -0.998405397 0.000172267 -0.056451678 111.278396606
-0.061666489 0.013191146 0.998009682 53.405883789 -0.003053161 0.999905467 -0.013404856 -4.211503983 -0.998092175 -0.003873714 -0.061620355 111.245452881
-0.067690372 0.017481005 0.997553289 54.071861267 0.000289041 0.999846816 -0.017501585 -4.228449345 -0.997706413 -0.000896354 -0.067685008 111.197708130
-0.074346662 0.020296771 0.997025907 54.739784241 0.002798455 0.999793172 -0.020144427 -4.248420238 -0.997228503 0.001292462 -0.074388027 111.144882202
-0.081495643 0.021917410 0.996432781 55.417091370 0.001878288 0.999759793 -0.021836972 -4.272233486 -0.996672034 0.000091970 -0.081517220 111.089744568
-0.088294148 0.020991582 0.995873272 56.116073608 -0.001957725 0.999772310 -0.021247342 -4.295881271 -0.996092558 -0.003825659 -0.088232875 111.043609619
-0.093463421 0.020195611 0.995417833 56.806518555 -0.002383174 0.999786854 -0.020508016 -4.316668510 -0.995619833 -0.004289005 -0.093395472 110.977447510
-0.098426580 0.020720648 0.994928718 57.517211914 -0.004707792 0.999762297 -0.021287048 -4.344830036 -0.995133340 -0.006779126 -0.098305702 110.919471741
-0.101868749 0.019200059 0.994612575 58.188392639 -0.006705551 0.999777734 -0.019986555 -4.377210140 -0.994775295 -0.008705431 -0.101717353 110.848014832
-0.104512334 0.016142623 0.994392633 58.899345398 -0.005861908 0.999840915 -0.016847163 -4.395979404 -0.994506419 -0.007589772 -0.104401112 110.777923584
-0.105780244 0.013557737 0.994297147 59.609199524 -0.003765477 0.999894440 -0.014034657 -4.413669109 -0.994382441 -0.005228592 -0.105718017 110.695388794
-0.107665062 0.009884110 0.994138181 60.336318970 -0.004762867 0.999933958 -0.010457552 -4.446176529 -0.994175911 -0.005860860 -0.107610941 110.625579834
-0.108477592 0.009251376 0.994055986 61.062789917 -0.006264508 0.999930501 -0.009989670 -4.467189312 -0.994079292 -0.007310926 -0.108412147 110.549682617
-0.109552860 0.012949958 0.993896782 61.799598694 -0.004027269 0.999901116 -0.013472101 -4.484757423 -0.993972957 -0.005478594 -0.109489799 110.475479126
-0.109957099 0.017758423 0.993777871 62.530212402 0.002714840 0.999841988 -0.017566407 -4.501280308 -0.993932784 0.000766399 -0.109987974 110.389282227
-0.110586166 0.022987233 0.993600667 63.273223877 0.010287940 0.999705374 -0.021983435 -4.523749352 -0.993813276 0.007791039 -0.110790133 110.300323486
-0.110972404 0.023768323 0.993539274 64.016998291 0.010533286 0.999685943 -0.022738865 -4.548441887 -0.993767738 0.007941848 -0.111187935 110.214324951
-0.111614585 0.021317558 0.993522942 64.782707214 0.008222007 0.999755502 -0.020527609 -4.578788757 -0.993717611 0.005877572 -0.111762524 110.142211914
-0.111465573 0.017335065 0.993617237 65.544349670 0.009338402 0.999821961 -0.016395722 -4.596752167 -0.993724585 0.007451239 -0.111607552 110.055282593
-0.111198068 0.015183738 0.993682265 66.302719116 0.011781395 0.999833167 -0.013959328 -4.619780540 -0.993728459 0.010154712 -0.111358404 109.956222534
-0.111799479 0.014362496 0.993627071 67.051406860 0.011436903 0.999847949 -0.013165577 -4.646538258 -0.993665040 0.009892112 -0.111946821 109.873695374
-0.113882780 0.015467484 0.993373930 67.797065735 0.009924468 0.999846637 -0.014430506 -4.668575287 -0.993444800 0.008215323 -0.114018798 109.798629761
-0.116009474 0.016241854 0.993115306 68.537170410 0.009446224 0.999839127 -0.015248370 -4.692796230 -0.993203223 0.007612235 -0.116144180 109.712181091
-0.118180990 0.016362639 0.992857397 69.278488159 0.010469320 0.999829173 -0.015231364 -4.717636108 -0.992937028 0.008594485 -0.118332028 109.625762939
-0.120207787 0.016660888 0.992608905 70.031929016 0.011070423 0.999819517 -0.015441258 -4.738358021 -0.992686987 0.009132442 -0.120370507 109.539840698
-0.122361064 0.016537672 0.992347836 70.777793884 0.010625917 0.999825716 -0.015352068 -4.760768414 -0.992428720 0.008666112 -0.122515440 109.452354431
-0.123940110 0.016665231 0.992149889 71.529724121 0.008316417 0.999841273 -0.015755536 -4.785123825 -0.992254972 0.006298392 -0.124058962 109.365089417
-0.125181794 0.018304538 0.991964936 72.288368225 0.008126401 0.999815166 -0.017423879 -4.807459831 -0.992100537 0.005879953 -0.125307441 109.275901794
-0.125895858 0.018583337 0.991869450 73.042633057 0.007302155 0.999814808 -0.017805353 -4.831964970 -0.992016613 0.005001163 -0.126008272 109.182212830
-0.127118230 0.019058289 0.991704464 73.806701660 0.007036448 0.999807537 -0.018312071 -4.852222919 -0.991862595 0.004650280 -0.127227902 109.089164734
-0.128502369 0.017229805 0.991559565 74.585586548 0.006928901 0.999840260 -0.016475735 -4.876304150 -0.991685033 0.004753245 -0.128601313 108.996368408
-0.129301429 0.014781170 0.991495311 75.368049622 0.005020432 0.999885857 -0.014251540 -4.900274754 -0.991592765 0.003134991 -0.129360914 108.898475647
-0.131448030 0.012833154 0.991239965 76.156593323 0.001476737 0.999917626 -0.012749670 -4.919052601 -0.991321981 -0.000212119 -0.131456256 108.808265686
-0.133391976 0.012495052 0.990984619 76.938171387 0.003410419 0.999920368 -0.012148661 -4.938391209 -0.991057515 0.001759140 -0.133423924 108.700187683
-0.135024548 0.013404623 0.990751684 77.733200073 0.004677324 0.999905944 -0.012891031 -4.958843708 -0.990831316 0.002893463 -0.135074496 108.595932007
-0.137297988 0.014635951 0.990421772 78.530715942 0.004025402 0.999890804 -0.014217857 -4.979412079 -0.990521729 0.002034765 -0.137341857 108.489852905
-0.139029980 0.017642993 0.990130961 79.334167480 0.004978196 0.999841094 -0.017116999 -5.011843681 -0.990275621 0.002549291 -0.139095664 108.383148193
-0.139491320 0.021727972 0.989984989 80.143142700 0.007646866 0.999753058 -0.020864900 -5.033114433 -0.990193903 0.004659811 -0.139623046 108.273582458
-0.140599608 0.025607048 0.989735246 80.961746216 0.007782688 0.999663174 -0.024758315 -5.068676949 -0.990035832 0.004221791 -0.140751481 108.153800964
-0.140321851 0.026750660 0.989744604 81.789672852 0.010092596 0.999621630 -0.025586732 -5.097667217 -0.990054607 0.006398714 -0.140538812 108.037368774
-0.139933109 0.025857622 0.989823341 82.627479553 0.013277966 0.999618053 -0.024236366 -5.132317543 -0.990071952 0.009751371 -0.140223026 107.923110962
-0.139543176 0.024122022 0.989922166 83.440193176 0.014038812 0.999650955 -0.022380127 -5.161785603 -0.990116477 0.010774338 -0.139833093 107.801147461
-0.138691664 0.022746624 0.990074396 84.273513794 0.013420640 0.999687552 -0.021087494 -5.188558578 -0.990244746 0.010362774 -0.138953567 107.686477661
-0.137123942 0.019840030 0.990355313 85.141784668 0.013095470 0.999748349 -0.018215017 -5.224219799 -0.990467429 0.010471455 -0.137349248 107.581680298
-0.135821581 0.016913071 0.990589023 85.995384216 0.013749756 0.999790132 -0.015184915 -5.249295235 -0.990637958 0.011557917 -0.136025667 107.473442078
-0.134147048 0.013331925 0.990871906 86.850921631 0.013902844 0.999836385 -0.011570336 -5.275065422 -0.990864038 0.012223811 -0.134310484 107.360939026
-0.132422090 0.013414233 0.991102695 87.708068848 0.012305080 0.999853611 -0.011888582 -5.301663399 -0.991117120 0.010621288 -0.132567763 107.256195068
-0.130648851 0.017660931 0.991271377 88.550659180 0.013501345 0.999780297 -0.016033063 -5.329011917 -0.991336763 0.011288797 -0.130858541 107.137687683
-0.128882408 0.024124241 0.991366565 89.407569885 0.014317277 0.999645114 -0.022464385 -5.353506088 -0.991556704 0.011298408 -0.129181981 107.035522461
-0.127444744 0.027545849 0.991463125 90.253341675 0.011823757 0.999585450 -0.026251663 -5.381037712 -0.991775215 0.008377180 -0.127717614 106.930656433
-0.126045704 0.024905652 0.991711855 91.116195679 0.010681078 0.999660909 -0.023747731 -5.412302971 -0.991967022 0.007599252 -0.126268983 106.829658508
-0.124860168 0.022604547 0.991916835 91.977966309 0.010816741 0.999712050 -0.021420605 -5.445542336 -0.992115438 0.008054728 -0.125068784 106.723205566
-0.124283195 0.020889373 0.992026925 92.850234985 0.011372042 0.999742687 -0.019627135 -5.476047993 -0.992181659 0.008842049 -0.124488711 106.622817993
-0.123699427 0.020550877 0.992107034 93.713012695 0.010694687 0.999755085 -0.019375853 -5.505950928 -0.992262244 0.008213496 -0.123888850 106.522819519
-0.123206377 0.020630883 0.992166579 94.584487915 0.010128936 0.999757946 -0.019530933 -5.536782265 -0.992329359 0.007643256 -0.123385549 106.421661377
-0.122559309 0.018859752 0.992282093 95.449256897 0.012820773 0.999766111 -0.017418472 -5.565371037 -0.992378473 0.010587028 -0.122772455 106.317527771
-0.121170640 0.018003056 0.992468536 96.315643311 0.015589206 0.999746740 -0.016231796 -5.597559452 -0.992509425 0.013504980 -0.121420622 106.207122803
-0.120700359 0.019241948 0.992502451 97.174667358 0.017128441 0.999703646 -0.017298533 -5.628344536 -0.992541134 0.014912084 -0.120994091 106.108238220
-0.120259047 0.021671202 0.992505908 98.036132812 0.018071100 0.999643862 -0.019637432 -5.654945850 -0.992577970 0.015574094 -0.120607853 106.009757996
-0.119373918 0.023131877 0.992579877 98.902389526 0.015115284 0.999655008 -0.021478903 -5.686412811 -0.992734313 0.012439106 -0.119682431 105.910011292
-0.118693113 0.018665798 0.992755473 99.767204285 0.009794311 0.999796629 -0.017627185 -5.718473434 -0.992882609 0.007631129 -0.118851781 105.815765381
-0.118877053 0.016790910 0.992767096 100.621444702 0.005324000 0.999853432 -0.016273253 -5.750618935 -0.992894828 0.003350977 -0.118949056 105.725296021
-0.120193839 0.017086636 0.992603421 101.465660095 0.001642966 0.999853909 -0.017012501 -5.781231880 -0.992749095 -0.000413983 -0.120204329 105.636253357
-0.121380329 0.021691684 0.992368996 102.307281494 -0.001548320 0.999755859 -0.022042528 -5.811637878 -0.992604852 -0.004212034 -0.121317148 105.540626526
-0.122612596 0.024019351 0.992163897 103.144592285 -0.002506939 0.999696434 -0.024511516 -5.847456932 -0.992451429 -0.005492716 -0.122515202 105.453445435
-0.123404860 0.024396190 0.992056489 103.982215881 -0.002292665 0.999688089 -0.024869055 -5.879471779 -0.992353737 -0.005343415 -0.123310447 105.359169006
-0.123479962 0.023916697 0.992058933 104.813072205 -0.001057425 0.999705791 -0.024232667 -5.915038109 -0.992346585 -0.004041275 -0.123418450 105.249633789
-0.124128938 0.024376366 0.991966784 105.648101807 0.000485863 0.999699593 -0.024505595 -5.955142975 -0.992266119 -0.002559889 -0.124103427 105.151313782
-0.124469995 0.027801886 0.991833806 106.466278076 0.002031423 0.999612391 -0.027764995 -5.987755775 -0.992221296 -0.001441075 -0.124478221 105.047821045
-0.125221491 0.029018486 0.991704404 107.271743774 0.002050134 0.999577582 -0.028989999 -6.023405075 -0.992126763 -0.001597042 -0.125228047 104.957786560
-0.126218438 0.029377505 0.991567492 108.071823120 0.000626811 0.999563575 -0.029534621 -6.057094574 -0.992002368 -0.003106286 -0.126181841 104.858222961
-0.128919244 0.027879786 0.991263092 108.875205994 -0.001754069 0.999596715 -0.028342301 -6.102120876 -0.991653502 -0.005392610 -0.128818274 104.768005371
-0.132024050 0.028999968 0.990822256 109.689224243 -0.001865856 0.999562919 -0.029504415 -6.141067505 -0.991244853 -0.005744021 -0.131912231 104.666656494
-0.135144711 0.031844642 0.990314066 110.460990906 -0.002048761 0.999472260 -0.032418724 -6.176887512 -0.990823805 -0.006410135 -0.135008216 104.560325623
-0.138613582 0.032817036 0.989802659 111.251564026 -0.003177520 0.999430954 -0.033581246 -6.220147133 -0.990341425 -0.007799935 -0.138430476 104.468040466
-0.141737223 0.033016223 0.989353597 112.028808594 -0.002563451 0.999428034 -0.033719670 -6.257503986 -0.989901066 -0.007315490 -0.141571522 104.359352112
-0.145042896 0.031674404 0.988918364 112.811042786 -0.001516013 0.999479175 -0.032235015 -6.296692848 -0.989424288 -0.006174670 -0.144919276 104.252799988
-0.147158742 0.032633666 0.988574564 113.581886292 -0.000487594 0.999453068 -0.033065364 -6.336804390 -0.989112914 -0.005347877 -0.147062421 104.134460449
-0.149059296 0.036665048 0.988148332 114.343238831 -0.004960480 0.999272048 -0.037826065 -6.379871368 -0.988815904 -0.010540015 -0.148768902 104.026397705
-0.151017904 0.043365527 0.987579405 115.157531738 -0.006282398 0.998975039 -0.044826608 -6.433365345 -0.988511086 -0.012973987 -0.150590658 103.920059204
-0.153647304 0.046534795 0.987029433 115.924942017 -0.002059183 0.998873234 -0.047413733 -6.471478462 -0.988123655 -0.009317466 -0.153378367 103.797958374
-0.156734943 0.044945382 0.986617625 116.692207336 0.000287548 0.998966038 -0.045462240 -6.513145924 -0.987640738 -0.006841821 -0.156585813 103.679702759
-0.160027266 0.036859021 0.986424208 117.458915710 -0.001534643 0.999292135 -0.037588809 -6.563703537 -0.987111390 -0.007529042 -0.159857512 103.561500549
-0.161894679 0.034561366 0.986202657 118.226097107 -0.002590504 0.999368191 -0.035448007 -6.609893799 -0.986804664 -0.008293604 -0.161702871 103.440498352
-0.163626909 0.037545189 0.985807657 118.980369568 -0.003138699 0.999250650 -0.038578145 -6.649817944 -0.986517370 -0.009406568 -0.163386345 103.316116333
-0.166644931 0.040602501 0.985180795 119.735183716 -0.005920903 0.999092579 -0.042177387 -6.694200516 -0.985999346 -0.012861797 -0.166253209 103.196121216
-0.169147968 0.043135919 0.984646440 120.479560852 -0.006388213 0.998972833 -0.044860944 -6.738466740 -0.985570133 -0.013878258 -0.168698668 103.076499939
-0.170963407 0.047444187 0.984134495 121.224807739 -0.002588941 0.998814881 -0.048601668 -6.787440300 -0.985274017 -0.010856969 -0.170637965 102.944503784
-0.172936320 0.052051459 0.983556807 121.959861755 -0.002234478 0.998579264 -0.053239364 -6.833365440 -0.984930634 -0.011404749 -0.172574401 102.816764832
-0.175565004 0.054228526 0.982973218 122.695205688 -0.002762231 0.998450637 -0.055575736 -6.881021976 -0.984464049 -0.012472348 -0.175143123 102.690261841
-0.178756833 0.051778339 0.982529998 123.440872192 -0.001961150 0.998593569 -0.052981682 -6.926680565 -0.983891428 -0.011397721 -0.178403974 102.575523376
-0.182792544 0.047886454 0.981984675 124.176048279 0.001584541 0.998826146 -0.048412774 -6.986299515 -0.983150303 -0.007293496 -0.182653904 102.435241699
-0.188015223 0.046453886 0.981067002 124.905464172 0.004340150 0.998910367 -0.046467017 -7.036174774 -0.982156634 -0.004478522 -0.188012004 102.285446167
-0.194049239 0.044973787 0.979960322 125.634109497 0.003022369 0.998971224 -0.045247782 -7.084750175 -0.980987132 -0.005818498 -0.193985581 102.142402649
-0.202410340 0.045337662 0.978250861 126.363243103 0.002077080 0.998945415 -0.045866996 -7.129702091 -0.979298711 -0.007252044 -0.202291012 101.998939514
-0.213388085 0.045170814 0.975922823 127.063362122 0.001450035 0.998944104 -0.045919310 -7.181960583 -0.976966560 -0.008383506 -0.213228226 101.848953247
-0.225285053 0.046454102 0.973184824 127.786285400 0.002011615 0.998882711 -0.047215097 -7.223166466 -0.974290848 -0.008679182 -0.225126743 101.678276062
-0.237783313 0.047489394 0.970156670 128.494506836 0.003103025 0.998836100 -0.048132718 -7.263716221 -0.971313357 -0.008434732 -0.237653971 101.501510620
-0.249453425 0.047721330 0.967210412 129.200469971 0.005673129 0.998839915 -0.047818754 -7.308264732 -0.968370378 -0.006441438 -0.249434710 101.315811157
-0.260311604 0.047598191 0.964350581 129.883331299 0.009022593 0.998860419 -0.046866003 -7.355422974 -0.965482354 -0.003498829 -0.260444403 101.113311768
-0.270284653 0.047197092 0.961622894 130.599334717 0.013060950 0.998885572 -0.045354910 -7.404987335 -0.962691844 0.000300972 -0.270599842 100.913665771
-0.279008389 0.047554746 0.959110737 131.290420532 0.018993221 0.998850942 -0.043999977 -7.451582432 -0.960101068 0.005940252 -0.279590964 100.700691223
-0.287254214 0.047803663 0.956660986 131.981170654 0.023586167 0.998804033 -0.042827375 -7.492816925 -0.957564175 0.010261628 -0.288038135 100.495742798
-0.293421507 0.047853883 0.954784572 132.670227051 0.024295645 0.998797059 -0.042593323 -7.539868832 -0.955674231 0.010699307 -0.294231176 100.280441284
-0.298365235 0.046278667 0.953329206 133.361114502 0.027763328 0.998821974 -0.039797939 -7.576679707 -0.954047978 0.014593270 -0.299298644 100.069114685
-0.299860597 0.043797653 0.952977121 134.041900635 0.033704143 0.998808324 -0.035298765 -7.612853527 -0.953387439 0.021534566 -0.300979376 99.836189270
-0.300635457 0.042783540 0.952779114 134.721252441 0.040032599 0.998678982 -0.032212935 -7.647496223 -0.952898681 0.028457876 -0.301951051 99.609710693
-0.301717520 0.041179150 0.952507675 135.391616821 0.042425118 0.998657048 -0.029735668 -7.687034607 -0.952453017 0.031438481 -0.303059340 99.392745972
-0.301253438 0.046568237 0.952406466 136.057647705 0.044356920 0.998409867 -0.034787171 -7.723099232 -0.952512026 0.031766061 -0.302839994 99.179901123
-0.299929261 0.050106928 0.952644765 136.714691162 0.045217291 0.998243868 -0.038269207 -7.750414848 -0.952889383 0.031597964 -0.301668286 98.969757080
-0.299411893 0.050051264 0.952810347 137.372344971 0.047296926 0.998174012 -0.037571609 -7.787159443 -0.952951014 0.033815611 -0.301232457 98.766967773
-0.297325969 0.048703484 0.953533053 138.021911621 0.047909364 0.998201072 -0.036046125 -7.818013191 -0.953573287 0.034965716 -0.299124479 98.559249878
-0.295792103 0.045368724 0.954174459 138.670989990 0.049860075 0.998243213 -0.032007575 -7.866868973 -0.953950346 0.038107622 -0.297534585 98.360977173
-0.294517040 0.045653131 0.954555333 139.305725098 0.050973911 0.998186767 -0.032012474 -7.904542446 -0.954285979 0.039229196 -0.296310186 98.161773682
-0.292125106 0.047893859 0.955180347 139.940750122 0.052275099 0.998051822 -0.034056086 -7.938280106 -0.954950571 0.039983507 -0.294059634 97.969055176
-0.287643909 0.049762510 0.956443965 140.576339722 0.053959519 0.997905016 -0.035691738 -7.970559597 -0.956216395 0.041342743 -0.289726496 97.776062012
-0.282069564 0.048367597 0.958174109 141.206741333 0.054769024 0.997911453 -0.034250472 -8.010145187 -0.957829535 0.042817242 -0.284129500 97.589584351
-0.276723266 0.046968259 0.959801137 141.828262329 0.055462234 0.997920454 -0.032843154 -8.042024612 -0.959347785 0.044144250 -0.278752804 97.410629272
-0.272008061 0.044935104 0.961245298 142.449859619 0.055340964 0.997986376 -0.030992547 -8.075339317 -0.960702360 0.044766020 -0.273947120 97.235198975
-0.267931461 0.044263199 0.962420702 143.064147949 0.055655830 0.997986972 -0.030404743 -8.106973648 -0.961829126 0.045417935 -0.269855618 97.063003540
-0.263798237 0.042839773 0.963626266 143.696746826 0.056804001 0.997969389 -0.028816152 -8.136206627 -0.962903976 0.047136176 -0.265696049 96.895263672
-0.260100126 0.041104283 0.964706600 144.305313110 0.060076211 0.997846782 -0.026318844 -8.167671204 -0.963711143 0.051110379 -0.262009501 96.728149414
-0.256260037 0.039864447 0.965785563 144.915390015 0.062474322 0.997743189 -0.024606723 -8.189740181 -0.964586914 0.054031078 -0.258172154 96.562805176
-0.252625227 0.038582467 0.966794729 145.520019531 0.060872994 0.997858942 -0.023915946 -8.218252182 -0.965647519 0.052809916 -0.254432917 96.405426025
-0.248944521 0.039500024 0.967711866 146.096145630 0.058180366 0.997973442 -0.025768299 -8.245620728 -0.966768622 0.049886957 -0.250738144 96.270553589
-0.244316220 0.043161970 0.968734503 146.685516357 0.059202816 0.997809231 -0.029526351 -8.272178650 -0.967886627 0.050138045 -0.246336341 96.124298096
-0.238922358 0.046462577 0.969926536 147.272628784 0.061007019 0.997599542 -0.032760333 -8.298712730 -0.969120443 0.051345151 -0.241183400 95.986160278
-0.232246637 0.047042131 0.971518695 147.861587524 0.059892923 0.997626007 -0.033988561 -8.328127861 -0.970811188 0.050293364 -0.234512806 95.853958130
-0.223856807 0.045109622 0.973577499 148.437774658 0.056452416 0.997851312 -0.033254094 -8.364514351 -0.972985685 0.047516648 -0.225922346 95.728439331
-0.213752389 0.043407921 0.975923061 149.012207031 0.055454072 0.997940540 -0.032241367 -8.391013145 -0.975312710 0.047227237 -0.215719342 95.623886108
-0.201300979 0.042304918 0.978615463 149.584182739 0.056370124 0.997911513 -0.031543754 -8.416660309 -0.977906108 0.048814885 -0.203265309 95.503646851
-0.187911987 0.041008145 0.981329560 150.157073975 0.056056462 0.997947216 -0.030968489 -8.446505547 -0.980585039 0.049190514 -0.189825058 95.403671265
-0.173054695 0.040140506 0.984093845 150.730712891 0.055192273 0.997994363 -0.031001834 -8.480129242 -0.983364522 0.048949368 -0.174923062 95.323226929
-0.154073000 0.039373320 0.987274766 151.293792725 0.054208692 0.998037577 -0.031342808 -8.507575989 -0.986571372 0.048689786 -0.155905008 95.239593506
-0.133002520 0.038029857 0.990385890 151.861068726 0.052534014 0.998129368 -0.031272225 -8.543252945 -0.989722550 0.047869664 -0.134751558 95.176452637
-0.110637665 0.037867200 0.993139327 152.424514771 0.049135823 0.998260319 -0.032588642 -8.569046021 -0.992645621 0.045193180 -0.112305880 95.131118774
-0.089176893 0.038674135 0.995264769 152.991531372 0.042893920 0.998467922 -0.034955267 -8.604317665 -0.995091796 0.039573606 -0.090699196 95.111022949
-0.068584800 0.039266136 0.996872246 153.548019409 0.035273034 0.998695850 -0.036911182 -8.644914627 -0.997021496 0.032631163 -0.069880366 95.100006104
-0.049159884 0.040373277 0.997974575 154.108154297 0.029798193 0.998797178 -0.038938705 -8.666145325 -0.998346329 0.027823620 -0.050303817 95.083587646
-0.033841372 0.040097974 0.998622537 154.668563843 0.022919148 0.998963177 -0.039334968 -8.693605423 -0.999164402 0.021556430 -0.034725308 95.086425781
-0.024345636 0.038415510 0.998965263 155.228042603 0.014821231 0.999165475 -0.038062003 -8.720653534 -0.999593794 0.013879250 -0.024894714 95.094924927
-0.022255540 0.035425425 0.999124587 155.783203125 0.006225750 0.999357522 -0.035295010 -8.758089066 -0.999733031 0.005434793 -0.022461772 95.102310181
-0.027878523 0.032860931 0.999071062 156.337310791 -0.000121231 0.999459386 -0.032877084 -8.780805588 -0.999611378 -0.001037685 -0.027859569 95.093414307
-0.040634036 0.029160427 0.998748541 156.886245728 -0.002898413 0.999566376 -0.029302228 -8.812173843 -0.999169946 -0.004085451 -0.040531874 95.070404053
-0.053969860 0.027284734 0.998169839 157.431961060 -0.003557505 0.999615014 -0.027516590 -8.838846207 -0.998536348 -0.005036058 -0.053851962 95.035736084
-0.066596627 0.026032783 0.997440279 157.972381592 -0.000687173 0.999658167 -0.026136549 -8.864099503 -0.997779727 -0.002426022 -0.066555977 94.991790771
-0.078624964 0.025421873 0.996580184 158.514526367 0.001276396 0.999676526 -0.025400160 -8.891281128 -0.996903539 -0.000725053 -0.078631997 94.943099976
-0.093038559 0.024612278 0.995358229 159.066818237 -0.002025743 0.999687672 -0.024908682 -8.914761543 -0.995660424 -0.004333809 -0.092959642 94.899200439
-0.109477878 0.023037508 0.993722320 159.597167969 -0.006109006 0.999696910 -0.023849042 -8.935467720 -0.993970573 -0.008681593 -0.109303951 94.843551636
-0.126751065 0.022256723 0.991684973 160.123489380 -0.004979628 0.999721348 -0.023073554 -8.959636688 -0.991922200 -0.007862816 -0.126604915 94.776306152
-0.141958475 0.021556731 0.989637971 160.648605347 -0.003477697 0.999745786 -0.022275763 -8.979721069 -0.989866555 -0.006603892 -0.141847372 94.690368652
-0.156425714 0.019561496 0.987496197 161.168548584 -0.002679303 0.999791801 -0.020229481 -9.004418373 -0.987686276 -0.005810208 -0.156340718 94.604644775
-0.170152783 0.018664664 0.985241055 161.659439087 -0.000734161 0.999817908 -0.019067604 -9.019742966 -0.985417604 -0.003967728 -0.170108080 94.505310059
-0.183783054 0.017701555 0.982807577 162.169799805 -0.002992050 0.999823153 -0.018567536 -9.038919449 -0.982962430 -0.006353006 -0.183697581 94.412292480
-0.196266532 0.016871471 0.980405450 162.662765503 -0.002866704 0.999837816 -0.017779760 -9.060299873 -0.980546415 -0.006300102 -0.196186304 94.307083130
-0.206997514 0.018041445 0.978175104 163.155090332 0.001055941 0.999833465 -0.018217457 -9.080215454 -0.978340924 -0.002738075 -0.206982136 94.192611694
-0.217168570 0.021045275 0.975907445 163.645324707 0.005270164 0.999778271 -0.020387283 -9.101312637 -0.976120114 0.000715719 -0.217231274 94.079620361
-0.224339962 0.021625075 0.974270999 164.137390137 0.005322505 0.999766052 -0.020965384 -9.120512962 -0.974496484 0.000482191 -0.224402547 93.966842651
-0.229003072 0.021713685 0.973183513 164.614227295 0.006902309 0.999762297 -0.020682506 -9.139860153 -0.973401248 0.001980854 -0.229098439 93.849655151
-0.232260585 0.020448595 0.972438753 165.087417603 0.005774376 0.999790370 -0.019644581 -9.155276299 -0.972636580 0.001052567 -0.232329965 93.739685059
-0.234502673 0.019360259 0.971922636 165.563537598 0.006747202 0.999809980 -0.018287815 -9.173842430 -0.972092032 0.002269216 -0.234588742 93.627502441
-0.234655619 0.019025728 0.971892416 166.033706665 0.008903664 0.999808550 -0.017422497 -9.190627098 -0.972037852 0.004565117 -0.234780073 93.511901855
-0.236199617 0.019238165 0.971514106 166.509506226 0.009383308 0.999802530 -0.017517019 -9.214422226 -0.971659243 0.004978503 -0.236333489 93.400543213
-0.239301205 0.019869169 0.970742106 166.985244751 0.008808286 0.999793887 -0.018292440 -9.229919434 -0.970905483 0.004173172 -0.239426970 93.292678833
-0.241595149 0.022824422 0.970108628 167.450927734 0.008836888 0.999733627 -0.021320697 -9.245189667 -0.970336854 0.003421763 -0.241732478 93.168319702
-0.245767951 0.024281593 0.969024539 167.923385620 0.008406645 0.999701977 -0.022918176 -9.259771347 -0.969292283 0.002513693 -0.245898843 93.049301147
-0.251161575 0.023321105 0.967664421 168.417800903 0.007258254 0.999727011 -0.022209918 -9.274573326 -0.967918158 0.001445279 -0.251262188 92.926422119
-0.256279707 0.021914141 0.966354370 168.912475586 0.006624662 0.999759316 -0.020914795 -9.299033165 -0.966580093 0.001041734 -0.256363273 92.795593262
-0.261994600 0.022819350 0.964799702 169.405960083 0.009722416 0.999732077 -0.021005418 -9.317639351 -0.965020537 0.003876883 -0.262146235 92.656204224
-0.267355680 0.023719566 0.963306069 169.914993286 0.011920305 0.999701917 -0.021307390 -9.337214470 -0.963524282 0.005786254 -0.267558694 92.511871338
-0.273218036 0.025068648 0.961625397 170.436431885 0.011632306 0.999673367 -0.022755537 -9.353315353 -0.961881757 0.004968696 -0.273420453 92.364471436
-0.278799653 0.026543124 0.959982395 170.953750610 0.010523540 0.999642372 -0.024583444 -9.371734619 -0.960291624 0.003248559 -0.278979182 92.214431763
-0.283985376 0.027964447 0.958420932 171.480392456 0.012739610 0.999596417 -0.025391040 -9.391277313 -0.958744168 0.004999226 -0.284227014 92.053207397
-0.289312005 0.028843310 0.956800342 172.009948730 0.016637821 0.999546468 -0.025101071 -9.410903931 -0.957090378 0.008657034 -0.289660692 91.889739990
-0.293729186 0.029881403 0.955421627 172.544219971 0.020414561 0.999479413 -0.024983210 -9.429221153 -0.955670774 0.012166215 -0.294186354 91.716659546
-0.297866464 0.028672587 0.954176903 173.088806152 0.018366087 0.999535918 -0.024302246 -9.449186325 -0.954430878 0.010285672 -0.298254848 91.551727295
-0.301623344 0.026897222 0.953047752 173.635528564 0.019230574 0.999570251 -0.022124050 -9.467622757 -0.953233302 0.011654528 -0.302010894 91.377380371
-0.304349184 0.023102533 0.952280343 174.192001343 0.019045494 0.999653578 -0.018164871 -9.489547729 -0.952370107 0.012608186 -0.304683685 91.199111938
-0.307101250 0.021460865 0.951434851 174.745101929 0.023127995 0.999618709 -0.015082533 -9.508277893 -0.951395810 0.017372916 -0.307480574 91.017379761
-0.308972478 0.020466516 0.950850785 175.300521851 0.025623092 0.999584675 -0.013189436 -9.525655746 -0.950725794 0.020288564 -0.309368491 90.832077026
-0.310461283 0.018356070 0.950408757 175.848007202 0.023957841 0.999647021 -0.011480962 -9.547126770 -0.950284064 0.019205349 -0.310791492 90.660263062
-0.310588837 0.020463964 0.950324059 176.411590576 0.024224227 0.999613941 -0.013608295 -9.564193726 -0.950235665 0.018794281 -0.310964704 90.481369019
-0.309741497 0.021792026 0.950571120 176.955535889 0.025314750 0.999571919 -0.014666627 -9.577701569 -0.950483799 0.019520609 -0.310160518 90.303329468
-0.308579206 0.023227932 0.950914919 177.507751465 0.027594278 0.999499619 -0.015460150 -9.591678619 -0.950798213 0.021469129 -0.309065700 90.125595093
-0.306384087 0.022644011 0.951638758 178.056335449 0.026150962 0.999539912 -0.015364402 -9.611894608 -0.951548874 0.020178860 -0.306835294 89.953521729
-0.304175496 0.023299739 0.952331245 178.597229004 0.026812650 0.999514163 -0.015890140 -9.625557899 -0.952238798 0.020701131 -0.304652452 89.787918091
-0.301387429 0.023238834 0.953218639 179.131942749 0.027542312 0.999498010 -0.015658807 -9.643921852 -0.953104019 0.021534480 -0.301876187 89.617813110
-0.298579931 0.025526946 0.954043269 179.667800903 0.029248549 0.999417424 -0.017587300 -9.663569450 -0.953936398 0.022653164 -0.299152613 89.452224731
-0.295353532 0.028576804 0.954960525 180.217514038 0.030013965 0.999336720 -0.020621918 -9.662176132 -0.954916418 0.022571394 -0.296015382 89.295684814
-0.291533589 0.028515758 0.956135690 180.734176636 0.029756838 0.999342144 -0.020731255 -9.697269440 -0.956097841 0.022407720 -0.292190313 89.138977051
-0.287707090 0.028563410 0.957292497 181.225036621 0.030041452 0.999332428 -0.020789053 -9.717482567 -0.957247257 0.022777297 -0.288373113 88.997436523
-0.283434272 0.026824614 0.958616316 181.710739136 0.028967356 0.999392092 -0.019400839 -9.738605499 -0.958553970 0.022269716 -0.284039021 88.856857300
-0.278615594 0.024351386 0.960094035 182.188522339 0.029460298 0.999424756 -0.016799694 -9.750587463 -0.959950864 0.023604000 -0.279172659 88.722549438
-0.273021698 0.020605979 0.961787045 182.660186768 0.031019384 0.999439299 -0.012607217 -9.764862061 -0.961507559 0.026392000 -0.273507833 88.591247559
-0.265633345 0.017456904 0.963916183 183.103118896 0.032573689 0.999427676 -0.009123470 -9.785357475 -0.963523805 0.028974807 -0.266049981 88.467361450
-0.256720543 0.015363703 0.966363788 183.540451050 0.032310236 0.999451160 -0.007306334 -9.807998657 -0.965945661 0.029347753 -0.257076025 88.360275269
-0.245128512 0.014690574 0.969379306 183.956176758 0.031694245 0.999472141 -0.007132046 -9.818481445 -0.968972385 0.028975476 -0.245464683 88.252624512
-0.231963754 0.015209952 0.972605646 184.369247437 0.030720307 0.999493539 -0.008303731 -9.828499794 -0.972239375 0.027952576 -0.232313514 88.171157837
-0.216748714 0.016325388 0.976091027 184.736572266 0.029230796 0.999520361 -0.010226323 -9.846778870 -0.975789785 0.026315372 -0.217121959 88.114227295
-0.197793841 0.020188689 0.980035722 185.133819580 0.029817600 0.999449134 -0.014570727 -9.864292145 -0.979790032 0.026340315 -0.198286772 88.047882080
-0.174658179 0.024015868 0.984336376 185.534317017 0.030686593 0.999349654 -0.018937217 -9.868904114 -0.984151006 0.026898388 -0.175281525 87.983963013
-0.148438215 0.024057530 0.988628983 185.927795410 0.030442413 0.999341428 -0.019747416 -9.882247925 -0.988452971 0.027164981 -0.149072886 87.934906006
-0.120546103 0.021780960 0.992468774 186.314834595 0.026792552 0.999466479 -0.018680289 -9.893832207 -0.992346108 0.024338936 -0.121065378 87.920944214
-0.089283705 0.019586580 0.995813787 186.711593628 0.021907980 0.999603331 -0.017696874 -9.905120850 -0.995765448 0.020236224 -0.089677453 87.906906128
-0.056969643 0.018727906 0.998200357 187.101821899 0.016334750 0.999707699 -0.017823929 -9.910902977 -0.998242378 0.015289932 -0.057258844 87.906753540
-0.026245832 0.015908176 0.999529064 187.480072021 0.010621676 0.999821365 -0.015633926 -9.929118156 -0.999599218 0.010206348 -0.026410103 87.932449341
0.001953781 0.011201587 0.999935508 187.795318604 0.005613240 0.999921381 -0.011212399 -9.949941635 -0.999982476 0.005634786 0.001890779 87.995025635
0.033787370 0.007111899 0.999403834 188.181396484 0.003023378 0.999969363 -0.007218137 -9.961940765 -0.999424577 0.003265458 0.033764839 88.030807495
0.065637350 0.004318045 0.997834265 188.549697876 0.003274176 0.999984324 -0.004542724 -9.972062111 -0.997838199 0.003565257 0.065622151 88.079864502
0.098590553 0.002801309 0.995124280 188.930160522 0.002143150 0.999993145 -0.003027346 -9.978996277 -0.995125890 0.002431168 0.098583877 88.139633179
0.132498682 0.002255002 0.991180718 189.291854858 0.001701098 0.999995410 -0.002502455 -9.986797333 -0.991181791 0.002017668 0.132494211 88.219146729
0.168679476 0.002938007 0.985666692 189.656616211 0.000587476 0.999995053 -0.003081253 -9.999323845 -0.985670865 0.001098800 0.168676913 88.303070068
0.206366241 0.005670594 0.978458524 190.020721436 0.000190192 0.999982953 -0.005835452 -10.007716179 -0.978474915 0.001390335 0.206361592 88.404602051
0.245466471 0.007722904 0.969374299 190.347030640 0.001807469 0.999962866 -0.008424290 -10.014038086 -0.969403386 0.003819996 0.245443404 88.517288208
0.286638379 0.008601449 0.958000302 190.719009399 0.000969655 0.999956608 -0.009268283 -10.022141457 -0.958038449 0.003585575 0.286617577 88.657501221
0.328986108 0.012575609 0.944251060 191.080780029 -0.004787070 0.999920666 -0.011649160 -10.030579567 -0.944322705 -0.000687784 0.329020202 88.825866699
0.372271478 0.016842775 0.927971125 191.437622070 -0.009307749 0.999852777 -0.014413474 -10.047978401 -0.928077281 -0.003271595 0.372373462 89.018280029
0.416393757 0.021595355 0.908927977 191.771270752 -0.012686516 0.999758542 -0.017941527 -10.054395676 -0.909096003 -0.004060387 0.416567147 89.209922791
0.459762573 0.022607546 0.887754142 192.133575439 -0.009952680 0.999744296 -0.020305056 -10.068269730 -0.887986183 0.000499974 0.459869981 89.432243347
0.502633572 0.023339655 0.864184439 192.500106812 -0.006409429 0.999708652 -0.023271954 -10.082302094 -0.864475787 0.006158337 0.502636731 89.680541992
0.545161724 0.022153130 0.838038146 192.860015869 -0.001917565 0.999681115 -0.025178667 -10.090822220 -0.838328719 0.012119453 0.545030355 89.946105957
0.585391283 0.021085475 0.810476661 193.213027954 -0.003237591 0.999714553 -0.023670267 -10.105522156 -0.810744464 0.011232375 0.585292459 90.244956970
0.624609351 0.022941547 0.780600369 193.572845459 -0.010405659 0.999724150 -0.021055266 -10.116678238 -0.780868053 0.005028655 0.624675751 90.577911377
0.662014246 0.024461025 0.749091923 193.925079346 -0.015315583 0.999700069 -0.019109206 -10.131091118 -0.749334693 0.001177789 0.662190378 90.949790955
0.697621107 0.024552081 0.716046095 194.271545410 -0.016322460 0.999697924 -0.018375594 -10.140222549 -0.716280937 0.001131568 0.697811127 91.339035034
0.731219769 0.022886796 0.681757927 194.608322144 -0.014500032 0.999732673 -0.018009277 -10.160071373 -0.681987882 0.003283227 0.731356144 91.730484009
0.762235045 0.021790618 0.646933496 194.931945801 -0.014134220 0.999755204 -0.017021358 -10.177647591 -0.647146046 0.003830376 0.762356400 92.153823853
0.789945602 0.019765094 0.612858355 195.250518799 -0.012458223 0.999791384 -0.016185882 -10.190740585 -0.613050461 0.005150841 0.790027022 92.600166321
0.814408898 0.018939553 0.579982340 195.572158813 -0.012583733 0.999808609 -0.014979119 -10.206239700 -0.580155015 0.004900786 0.814491332 93.085906982
0.835712254 0.019278979 0.548829079 195.871200562 -0.014263493 0.999808431 -0.013401459 -10.219469070 -0.548982322 0.003371544 0.835827172 93.595947266
0.853647649 0.019000353 0.520504296 196.164627075 -0.015242938 0.999817729 -0.011498065 -10.231868744 -0.520627856 0.001881282 0.853781641 94.141395569
0.869403481 0.017412275 0.493795842 196.485305786 -0.015086396 0.999848366 -0.008694828 -10.243997574 -0.493872374 0.000109715 0.869534373 94.707183838
0.882063866 0.016565995 0.470838547 196.769409180 -0.016201505 0.999857068 -0.004827272 -10.250916481 -0.470851213 -0.003370331 0.882206202 95.290901184
0.892213821 0.014473717 0.451381326 197.056335449 -0.015448977 0.999879479 -0.001524613 -10.262056351 -0.451348990 -0.005613098 0.892329872 95.909889221
0.900981367 0.011168395 0.433714062 197.350189209 -0.012455016 0.999922454 0.000124987 -10.266617775 -0.433679044 -0.005514527 0.901050568 96.536064148
0.908551991 0.007468288 0.417705089 197.634552002 -0.008391083 0.999964714 0.000372776 -10.272234917 -0.417687565 -0.003843685 0.908582568 97.189361572
0.915997505 0.003008088 0.401172638 197.924468994 -0.003766637 0.999992311 0.001102181 -10.280013084 -0.401166230 -0.002520667 0.916001797 97.859413147
0.922983289 0.000216501 0.384839952 198.204589844 -0.000707162 0.999999106 0.001133454 -10.284537315 -0.384839356 -0.001318303 0.922982633 98.559745789
0.929985821 0.000486058 0.367595017 198.488128662 -0.000579692 0.999999821 0.000144310 -10.289970398 -0.367594898 -0.000347298 0.929985940 99.256752014
0.936066926 0.000642331 0.351821482 198.754150391 -0.000657938 0.999999762 -0.000075201 -10.295430183 -0.351821452 -0.000161083 0.936067104 99.993301392
0.940829217 0.001736528 0.338876694 199.004058838 -0.001915220 0.999998152 0.000192901 -10.304192543 -0.338875741 -0.000830510 0.940830767 100.742958069
0.943959355 0.003796399 0.330039948 199.265472412 -0.004650090 0.999987602 0.001797190 -10.314286232 -0.330029041 -0.003231190 0.943965256 101.517059326
0.945227981 0.006717183 0.326341778 199.518615723 -0.008076194 0.999963462 0.002809654 -10.322829247 -0.326310962 -0.005291363 0.945247650 102.298439026
0.945613265 0.008171042 0.325190336 199.777648926 -0.010094735 0.999940097 0.004228793 -10.333735466 -0.325136304 -0.007281512 0.945639133 103.097923279
0.946022213 0.005920456 0.324047655 200.057266235 -0.007655345 0.999962389 0.004079320 -10.338674545 -0.324011296 -0.006339824 0.946031988 103.884292603
0.945993423 0.003969611 0.324161559 200.331314087 -0.005601173 0.999975920 0.004100295 -10.346229553 -0.324137479 -0.005694537 0.945992827 104.693191528
0.946045220 0.001940383 0.324028820 200.616287231 -0.002881284 0.999992907 0.002424031 -10.358892441 -0.324021816 -0.003226862 0.946044087 105.521392822
0.946103990 0.001086297 0.323861212 200.905746460 -0.001519939 0.999998271 0.001086036 -10.367637634 -0.323859453 -0.001519753 0.946103990 106.362106323
0.945825160 0.001601154 0.324672461 201.186050415 -0.002201339 0.999996483 0.001481290 -10.374026299 -0.324668944 -0.002115756 0.945825338 107.204940796
0.945522249 0.000738034 0.325556606 201.477066040 -0.001809178 0.999993920 0.002987463 -10.385250092 -0.325552434 -0.003413703 0.945517838 108.064819336
0.945317388 -0.000853596 0.326150745 201.769042969 -0.001172977 0.999981225 0.006016897 -10.395585060 -0.326149762 -0.006070444 0.945298612 108.924789429
0.944933712 -0.003391846 0.327244222 202.065078735 0.001114150 0.999973834 0.007147443 -10.405014038 -0.327259898 -0.006389260 0.944912791 109.788246155
0.944839478 -0.003184431 0.327518225 202.363693237 0.000827090 0.999972761 0.007336620 -10.415847778 -0.327532679 -0.006661042 0.944816351 110.658584595
0.944583893 -0.004290703 0.328242064 202.657760620 0.002439534 0.999978721 0.006051227 -10.421175957 -0.328261048 -0.004915134 0.944574237 111.527816772
0.944574714 -0.006469326 0.328232795 202.967117310 0.004123088 0.999960721 0.007843540 -10.435264587 -0.328270644 -0.006055477 0.944564283 112.412734985
0.944321156 -0.008618045 0.328912318 203.263519287 0.005475299 0.999930084 0.010480003 -10.440916061 -0.328979641 -0.008095595 0.944302320 113.283943176
0.944303036 -0.010402506 0.328912735 203.574203491 0.006679093 0.999900222 0.012448225 -10.454928398 -0.329009414 -0.009558058 0.944278240 114.176139832
0.944293857 -0.012194466 0.328877479 203.872619629 0.008592742 0.999886155 0.012402809 -10.461753845 -0.328991264 -0.008885938 0.944291174 115.030715942
0.944537759 -0.013670859 0.328118205 204.185699463 0.010417135 0.999877632 0.011672043 -10.470182419 -0.328237593 -0.007606634 0.944564581 115.923889160
0.944571614 -0.013585988 0.328024238 204.488510132 0.010817722 0.999888837 0.010262549 -10.476638794 -0.328127205 -0.006145238 0.944613576 116.795043945
0.944602370 -0.014027734 0.327917010 204.785003662 0.011834266 0.999892294 0.008683746 -10.487386703 -0.328003496 -0.004322030 0.944666624 117.687713623
0.944946051 -0.014181578 0.326918781 205.075958252 0.012125381 0.999891818 0.008326878 -10.494834900 -0.327001482 -0.003904436 0.945015788 118.563308716
0.945375144 -0.014580444 0.325658232 205.387573242 0.012487001 0.999885738 0.008517756 -10.505929947 -0.325745195 -0.003985980 0.945449173 119.451782227
0.945801556 -0.014032847 0.324441820 205.676528931 0.011557733 0.999887586 0.009554712 -10.512997627 -0.324539423 -0.005287050 0.945857406 120.322578430
0.946125746 -0.013893831 0.323501289 205.975280762 0.011271127 0.999886692 0.009979412 -10.528644562 -0.323603272 -0.005795553 0.946175098 121.213348389
0.946553886 -0.013213821 0.322274953 206.261611938 0.010606616 0.999895275 0.009844710 -10.536429405 -0.322371304 -0.005900302 0.946594894 122.083473206
0.947040915 -0.013173637 0.320842683 206.559783936 0.010622410 0.999896526 0.009700759 -10.544810295 -0.320937276 -0.005778893 0.947082818 122.977661133
0.947618306 -0.013076997 0.319137156 206.849014282 0.010636096 0.999899328 0.009390076 -10.550595284 -0.319227844 -0.005503835 0.947661996 123.842872620
0.947991908 -0.014631373 0.317957968 207.139083862 0.011762995 0.999870956 0.010939373 -10.559198380 -0.318077028 -0.006630299 0.948041677 124.721946716
0.948567152 -0.015818922 0.316180617 207.442977905 0.012678597 0.999847770 0.011986863 -10.567892075 -0.316322088 -0.007361617 0.948623300 125.634750366
0.949133158 -0.016448500 0.314445108 207.727142334 0.013117798 0.999833226 0.012705621 -10.574004173 -0.314601660 -0.007934500 0.949190617 126.512367249
0.949641705 -0.017175475 0.312866867 208.009094238 0.013926728 0.999823451 0.012615721 -10.581353188 -0.313028306 -0.007623203 0.949713230 127.397399902
0.950200796 -0.018852226 0.311067611 208.294601440 0.015608701 0.999794781 0.012913455 -10.591961861 -0.311247230 -0.007415014 0.950300038 128.252365112
0.950918615 -0.018521816 0.308886349 208.569107056 0.015468745 0.999804318 0.012330341 -10.598861694 -0.309054285 -0.006947067 0.951019049 129.107727051
0.951368809 -0.019258877 0.307451636 208.841888428 0.016391417 0.999794781 0.011906398 -10.606997490 -0.307617843 -0.006287808 0.951489210 129.960968018
0.952031076 -0.020640291 0.305304497 209.108139038 0.017389286 0.999759495 0.013364321 -10.609385490 -0.305506885 -0.007414222 0.952161014 130.796005249
0.952752411 -0.021235947 0.303004712 209.371170044 0.016764969 0.999708951 0.017349236 -10.617374420 -0.303284943 -0.011449662 0.952831149 131.637405396
0.953389525 -0.021268852 0.300991684 209.623458862 0.015970876 0.999671400 0.020051707 -10.617461205 -0.301319242 -0.014309986 0.953415930 132.466613770
0.953925014 -0.022170592 0.299224943 209.862991333 0.017582485 0.999683082 0.018017191 -10.625515938 -0.299529552 -0.011925931 0.954012513 133.263870239
0.954947233 -0.020451620 0.296070099 210.126922607 0.017200388 0.999759793 0.013582071 -10.633464813 -0.296276778 -0.007877640 0.955069661 134.079940796
0.955664277 -0.018350884 0.293886185 210.353836060 0.016078833 0.999819279 0.010145425 -10.640746117 -0.294019252 -0.004970273 0.955786586 134.848663330
0.956333160 -0.016822431 0.291794270 210.567337036 0.014868362 0.999849737 0.008913115 -10.646879196 -0.291900367 -0.004185405 0.956439555 135.598464966
0.957099497 -0.016991848 0.289260834 210.793563843 0.014569314 0.999838471 0.010526210 -10.657654762 -0.289392978 -0.005860299 0.957192421 136.360061646
0.958059609 -0.018243819 0.285987616 210.997100830 0.014985872 0.999795556 0.013576571 -10.665717125 -0.286176831 -0.008721391 0.958137155 137.079025269
0.959293187 -0.020005936 0.281702608 211.203292847 0.016002437 0.999735713 0.016505422 -10.674900055 -0.281958371 -0.011325610 0.959359765 137.793930054
0.960618973 -0.018644726 0.277242869 211.404663086 0.014009845 0.999727190 0.018689454 -10.675330162 -0.277515680 -0.014069315 0.960618079 138.490051270
0.961623490 -0.019034667 0.273711324 211.585433960 0.014427733 0.999718487 0.018834667 -10.688322067 -0.273992807 -0.014162825 0.961627483 139.153396606
0.962677717 -0.016320543 0.270157844 211.748107910 0.012104975 0.999777734 0.017262969 -10.691812515 -0.270379543 -0.013348422 0.962661266 139.778579712
0.963464320 -0.015820907 0.267368972 211.909622192 0.012013563 0.999801874 0.015869955 -10.696039200 -0.267567098 -0.012078082 0.963463545 140.385986328
0.964005947 -0.012757106 0.265574515 212.069213867 0.009625029 0.999867976 0.013091757 -10.701152802 -0.265706450 -0.010064370 0.964001477 140.969512939
0.964071691 -0.011282947 0.265402555 212.220993042 0.008337780 0.999890566 0.012221036 -10.713728905 -0.265511394 -0.009569087 0.964060247 141.542007446
0.964697480 -0.010157045 0.263164550 212.370010376 0.007653497 0.999915183 0.010536655 -10.720763206 -0.263249278 -0.008150556 0.964693427 142.080123901
0.964967012 -0.009641080 0.262194008 212.502456665 0.007786963 0.999936819 0.008109677 -10.732978821 -0.262255639 -0.005783875 0.964981079 142.602706909
0.965015888 -0.009467450 0.262020379 212.631576538 0.008206377 0.999948859 0.005906723 -10.738178253 -0.262062907 -0.003549844 0.965044260 143.099334717
0.965203345 -0.008324577 0.261367917 212.757812500 0.006835276 0.999954820 0.006606663 -10.745615005 -0.261411101 -0.004590251 0.965216637 143.587188721
0.965742052 -0.007535384 0.259394556 212.880325317 0.005777091 0.999954879 0.007540112 -10.751159668 -0.259439677 -0.005783257 0.965741992 144.057601929
0.966452062 -0.008420192 0.256708950 212.997512817 0.006722760 0.999949336 0.007489182 -10.758365631 -0.256758988 -0.005512143 0.966459751 144.524749756
0.967539489 -0.009315694 0.252548128 213.112243652 0.007898285 0.999946833 0.006625652 -10.762441635 -0.252596408 -0.004415883 0.967561662 144.984146118
0.969384849 -0.012130814 0.245246515 213.232803345 0.010858859 0.999919653 0.006538016 -10.771603584 -0.245306134 -0.003674756 0.969438732 145.441589355
0.971742332 -0.014103194 0.235622421 213.321350098 0.012685664 0.999891162 0.007530959 -10.786779404 -0.235702977 -0.004329125 0.971815526 145.903656006
0.975033820 -0.015064161 0.221544832 213.417160034 0.013873469 0.999879718 0.006929740 -10.792663574 -0.221622571 -0.003683136 0.975125551 146.353469849
0.978920281 -0.014599971 0.203720301 213.488357544 0.013795039 0.999890447 0.005370735 -10.799761772 -0.203776404 -0.002447192 0.979014397 146.781387329
0.983341634 -0.013246448 0.181283727 213.548660278 0.012640996 0.999909997 0.004494826 -10.805904388 -0.181326956 -0.002128343 0.983420551 147.218185425
0.987807035 -0.011967628 0.155222699 213.593429565 0.011363561 0.999924004 0.004778379 -10.810573578 -0.155268103 -0.002956233 0.987867951 147.651367188
0.991989493 -0.011359717 0.125808701 213.619003296 0.010708880 0.999925554 0.005848368 -10.813843727 -0.125865772 -0.004454250 0.992037296 148.087799072
0.995655775 -0.011094421 0.092447385 213.625045776 0.010419455 0.999915421 0.007780555 -10.820055962 -0.092525885 -0.006783503 0.995687187 148.530136108
0.998367071 -0.009141727 0.056388412 213.610244751 0.008607646 0.999915838 0.009707114 -10.825474739 -0.056472406 -0.009205891 0.998361707 148.958709717
0.999830067 -0.006287611 0.017330801 213.588104248 0.006085226 0.999912977 0.011705853 -10.836830139 -0.017402895 -0.011598402 0.999781311 149.357788086
0.999693573 -0.001328827 -0.024718398 213.539916992 0.001663475 0.999907196 0.013522785 -10.842419624 0.024698135 -0.013559760 0.999602973 149.777145386
0.997625351 0.002478286 -0.068829797 213.488464355 -0.001543371 0.999905884 0.013632859 -10.835159302 0.068857104 -0.013494256 0.997535288 150.117797852
0.993330419 0.008038446 -0.115022220 213.403991699 -0.006362579 0.999868274 0.014929681 -10.833885193 0.115127079 -0.014098268 0.993250728 150.510726929
0.986612380 0.010454183 -0.162747279 213.300888062 -0.007581295 0.999804437 0.018263532 -10.828509331 0.162906393 -0.016785193 0.986498713 150.902679443
0.976969302 0.013196446 -0.212971389 213.184829712 -0.008683664 0.999717832 0.022111185 -10.827771187 0.213203073 -0.019752577 0.976808190 151.285354614
0.964457154 0.013406449 -0.263898969 213.047317505 -0.006802144 0.999640763 0.025923777 -10.827709198 0.264151692 -0.023207294 0.964201927 151.634719849
0.948447526 0.014331389 -0.316610008 212.899078369 -0.005333141 0.999557316 0.029268945 -10.820320129 0.316889346 -0.026071532 0.948104143 151.979751587
0.929676414 0.019320952 -0.367870122 212.716369629 -0.006802648 0.999353766 0.035295621 -10.831254005 0.368314326 -0.030311016 0.929207087 152.332397461
0.907834232 0.024377173 -0.418620080 212.500823975 -0.009206787 0.999226868 0.038221035 -10.827821732 0.419228137 -0.030844219 0.907356858 152.667770386
0.881477833 0.027383320 -0.471430749 212.291091919 -0.009827702 0.999164879 0.039661281 -10.819688797 0.472123086 -0.030327462 0.881010830 152.979965210
0.851475060 0.032074753 -0.523413241 212.064453125 -0.011872550 0.999050915 0.041907866 -10.816121101 0.524260640 -0.029469253 0.851047754 153.286056519
0.818273485 0.034855831 -0.573771358 211.823745728 -0.011760954 0.998966098 0.043913174 -10.813234329 0.574708819 -0.029184893 0.817837477 153.579437256
0.781735301 0.033070862 -0.622732937 211.564605713 -0.009080257 0.999090612 0.041659001 -10.773137093 0.623544335 -0.026911736 0.781324685 153.850662231
0.743583560 0.032861236 -0.667834997 211.284210205 -0.003715812 0.998979270 0.045018118 -10.762099266 0.668632686 -0.030993184 0.742946684 154.102996826
0.711960077 0.033132464 -0.701437891 210.956939697 -0.000135940 0.998892784 0.047044791 -10.752422333 0.702219963 -0.033398662 0.711176276 154.255767822
0.668907523 0.034840416 -0.742528796 210.656311035 0.002137236 0.998806715 0.048790649 -10.736854553 0.743342638 -0.034223393 0.668034852 154.475677490
0.623427987 0.037142348 -0.780998111 210.347473145 0.006543383 0.998588204 0.052713629 -10.732952118 0.781853437 -0.037973523 0.622304857 154.679321289
0.578430295 0.041346438 -0.814683259 210.038665771 0.004953616 0.998518169 0.054193441 -10.722900391 0.815716743 -0.035382755 0.577368379 154.833694458
0.532211900 0.043912951 -0.845471561 209.711914062 0.001953024 0.998587549 0.053095043 -10.710107803 0.846608937 -0.029909037 0.531374335 154.970397949
0.483278155 0.046366703 -0.874238133 209.376129150 -0.002548059 0.998666763 0.051557422 -10.696720123 0.875463188 -0.022688964 0.482751966 155.096725464
0.434630632 0.046105895 -0.899427891 209.021423340 -0.003563570 0.998768926 0.049476229 -10.681991577 0.900601804 -0.018298712 0.434259892 155.218368530
0.386800885 0.046014156 -0.921014547 208.663406372 -0.004787972 0.998841047 0.047891572 -10.666005135 0.922150791 -0.014114711 0.386572957 155.324401855
0.341443419 0.044765942 -0.938835740 208.308120728 -0.005763460 0.998946071 0.045536052 -10.653080940 0.939884782 -0.010137047 0.341341615 155.406188965
0.298801661 0.044501040 -0.953277051 207.939086914 -0.008456156 0.998996437 0.043984763 -10.640584946 0.954277754 -0.005081661 0.298878074 155.481323242
0.260643184 0.044043124 -0.964430153 207.567779541 -0.010240681 0.999028802 0.042855553 -10.630738258 0.965380967 -0.001293589 0.260841072 155.544509888
0.227729499 0.041785475 -0.972827554 207.220809937 -0.007464994 0.999124348 0.041167513 -10.616643906 0.973695934 -0.002112911 0.227842033 155.593185425
0.198433697 0.039994430 -0.979298115 206.840103149 0.000166630 0.999165714 0.040839590 -10.594983101 0.980114400 -0.008267133 0.198261499 155.652114868
0.173799813 0.041419830 -0.983909667 206.444564819 0.005947377 0.999052703 0.043107875 -10.580225945 0.984763145 -0.013343827 0.173388839 155.711547852
0.150959790 0.044209056 -0.987550974 206.035598755 0.003167870 0.998972714 0.045204625 -10.564282417 0.988534927 -0.009952517 0.150664687 155.754486084
0.131579697 0.047239095 -0.990179479 205.609466553 -0.002040215 0.998874724 0.047382817 -10.553011894 0.991303563 -0.004214443 0.131528020 155.784088135
0.117415309 0.050334975 -0.991806626 205.172775269 -0.005382230 0.998732269 0.050049290 -10.540019989 0.993068457 -0.000538432 0.117537379 155.804885864
0.103352249 0.049389098 -0.993417919 204.720397949 -0.002635398 0.998776495 0.049381334 -10.530395508 0.994641364 -0.002485622 0.103355944 155.848831177
0.087223470 0.044432487 -0.995197535 204.259796143 0.002572372 0.998991430 0.044827335 -10.509485245 0.996185601 -0.006470021 0.087021232 155.889343262
0.070593417 0.038625877 -0.996757030 203.776290894 0.006862401 0.999207556 0.039206855 -10.486527443 0.997481585 -0.009607892 0.070272446 155.923568726
0.052668810 0.035886742 -0.997967064 203.267517090 0.012046413 0.999258518 0.036568947 -10.466074944 0.998539388 -0.013947965 0.052197456 155.948135376
0.036553979 0.037832785 -0.998615444 202.737991333 0.013456366 0.999173880 0.038346518 -10.452547073 0.999241233 -0.014839455 0.036014676 155.954803467
0.021516562 0.040923897 -0.998930693 202.185348511 0.009954157 0.999103606 0.041145395 -10.432493210 0.999719083 -0.010828827 0.021089911 155.951873779
0.008055329 0.043817971 -0.999007106 201.590988159 0.003771668 0.999031007 0.043849435 -10.417985916 0.999960482 -0.004121146 0.007882237 155.923751831
-0.003382087 0.044881593 -0.998986661 200.999481201 0.000679696 0.998992145 0.044879545 -10.396800995 0.999994099 -0.000527220 -0.003409266 155.902801514
-0.011676073 0.044968262 -0.998920321 200.387817383 -0.000513084 0.998987854 0.044977307 -10.373725891 0.999931812 0.001037685 -0.011641264 155.889022827
-0.016349077 0.045807105 -0.998816550 199.767532349 -0.001619157 0.998947501 0.045839615 -10.352456093 0.999865055 0.002366672 -0.016257644 155.869232178
-0.019502044 0.046190120 -0.998742342 199.114013672 -0.003210611 0.998924196 0.046261225 -10.328453064 0.999804735 0.004108756 -0.019332767 155.839752197
-0.022081256 0.046353742 -0.998681009 198.440322876 -0.006022395 0.998900294 0.046497077 -10.299729347 0.999738097 0.007041163 -0.021777868 155.813049316
-0.023580551 0.046012569 -0.998662651 197.742401123 -0.011218833 0.998865187 0.046286806 -10.277962685 0.999659121 0.012295286 -0.023037553 155.791549683
-0.022186637 0.045903727 -0.998699486 197.041534424 -0.017482741 0.998774767 0.046295576 -10.254929543 0.999601007 0.018487146 -0.021356940 155.765747070
-0.016311765 0.045769565 -0.998818934 196.318664551 -0.022906536 0.998672426 0.046136945 -10.227508545 0.999604642 0.023632051 -0.015241742 155.739852905
-0.007929802 0.045636926 -0.998926640 195.577850342 -0.027555373 0.998568714 0.045839321 -10.196775436 0.999588847 0.027889295 -0.006660938 155.731811523
0.001135230 0.046385564 -0.998923004 194.818954468 -0.029890740 0.998478830 0.046330974 -10.167084694 0.999552548 0.029805951 0.002520025 155.729537964
0.010949612 0.046819285 -0.998843551 194.044891357 -0.032489814 0.998392463 0.046441983 -10.142280579 0.999412298 0.031943705 0.012453139 155.736282349
0.020587444 0.046410237 -0.998710334 193.256286621 -0.035365812 0.998330653 0.045663562 -10.110476494 0.999162436 0.034380104 0.022194445 155.754852295
0.030080140 0.046406604 -0.998469710 192.443313599 -0.038090207 0.998249292 0.045248847 -10.080457687 0.998821497 0.036670823 0.031795084 155.785171509
0.040620923 0.046419185 -0.998095810 191.617019653 -0.040194254 0.998187602 0.044787612 -10.053359032 0.998365879 0.038298402 0.042413056 155.813980103
0.050806999 0.047639649 -0.997571647 190.771713257 -0.042629693 0.998054743 0.045491561 -10.029871941 0.997798264 0.040214881 0.052739024 155.855285645
0.061559319 0.048345242 -0.996931911 189.889572144 -0.044971563 0.997946203 0.045617491 -9.983989716 0.997089803 0.042025402 0.063607037 155.916015625
0.071565986 0.050349943 -0.996164322 189.016723633 -0.046669271 0.997800291 0.047079843 -9.953135490 0.996343493 0.043120939 0.073758364 155.981689453
0.081151724 0.052545715 -0.995315731 188.139068604 -0.047005795 0.997699976 0.048839029 -9.922490120 0.995592713 0.042822231 0.083435059 156.052459717
0.090015948 0.054136544 -0.994467914 187.250671387 -0.047524270 0.997617543 0.050006263 -9.890213013 0.994805872 0.042760000 0.092374265 156.128402710
0.098019660 0.055306513 -0.993646622 186.367889404 -0.047841690 0.997562051 0.050805040 -9.857504845 0.994033992 0.042557828 0.100426614 156.223190308
0.106009841 0.055899080 -0.992792666 185.483551025 -0.048286814 0.997530162 0.051009789 -9.826723099 0.993192017 0.042531252 0.108447194 156.314346313
0.112462461 0.055781391 -0.992089093 184.592529297 -0.046950664 0.997606218 0.050769303 -9.795500755 0.992546201 0.040869590 0.114812195 156.399154663
0.116649628 0.055265997 -0.991634429 183.709442139 -0.045087419 0.997715831 0.050301131 -9.766888618 0.992149353 0.038842615 0.118874967 156.499710083
0.118693650 0.054600276 -0.991428614 182.827453613 -0.044232022 0.997786522 0.049654972 -9.737224579 0.991945267 0.037959155 0.120845973 156.611968994
0.120998442 0.054394446 -0.991161287 181.917877197 -0.044211410 0.997801960 0.049361665 -9.705847740 0.991667688 0.037847947 0.123137355 156.704101562
0.121365070 0.054170683 -0.991128683 181.045410156 -0.044958841 0.997784972 0.049029216 -9.678883553 0.991589248 0.038609564 0.123531699 156.822540283
0.122609198 0.053621776 -0.991005421 180.154357910 -0.045807146 0.997780919 0.048321038 -9.650403976 0.991397381 0.039470524 0.124793351 156.930816650
0.123545706 0.053379182 -0.990902185 179.253952026 -0.046312444 0.997774303 0.047975138 -9.619584084 0.991257608 0.039963976 0.125742853 157.037948608
0.124686420 0.053539086 -0.990750730 178.353805542 -0.047162116 0.997734189 0.047981095 -9.592698097 0.991074741 0.040743303 0.126928926 157.143188477
0.125437796 0.054113068 -0.990624726 177.447448730 -0.047350809 0.997699976 0.048503768 -9.567443848 0.990970969 0.040822666 0.127711594 157.248367310
0.125523508 0.053909171 -0.990624905 176.544967651 -0.047416966 0.997707427 0.048286323 -9.538181305 0.990956843 0.040911358 0.127791941 157.365692139
0.125227690 0.054051302 -0.990654647 175.641525269 -0.048693094 0.997646332 0.048277538 -9.507273674 0.990932465 0.042192351 0.127564847 157.476058960
0.124999762 0.054181330 -0.990676284 174.758621216 -0.049661539 0.997597814 0.048293777 -9.481850624 0.990913093 0.043161802 0.127390206 157.575195312
0.124047875 0.051951330 -0.990915298 173.845718384 -0.047488615 0.997795045 0.046367150 -9.456758499 0.991139174 0.041305449 0.126241446 157.691879272
0.122636974 0.050955094 -0.991142750 172.957946777 -0.048139278 0.997810960 0.045341499 -9.436505318 0.991283536 0.042152338 0.124821484 157.800720215
0.122397304 0.052043036 -0.991115868 172.065048218 -0.050160237 0.997672379 0.046192802 -9.400682449 0.991212964 0.044060722 0.124722898 157.907821655
0.121154010 0.055538349 -0.991078973 171.166854858 -0.050115906 0.997502446 0.049771916 -9.371557236 0.991367936 0.043638740 0.123634756 158.016845703
0.120527864 0.057904754 -0.991019785 170.260589600 -0.049244195 0.997417092 0.052289464 -9.347648621 0.991487861 0.042499624 0.123068035 158.123352051
0.120329380 0.057607085 -0.991061211 169.370513916 -0.050653812 0.997370780 0.051823724 -9.313589096 0.991440892 0.043965105 0.122931063 158.224288940
0.120188415 0.056811512 -0.991124213 168.483993530 -0.051016580 0.997395575 0.050984476 -9.285600662 0.991439342 0.044436026 0.122773707 158.330245972
0.120043218 0.056249093 -0.991173804 167.583740234 -0.051953718 0.997381449 0.050309148 -9.248776436 0.991408288 0.045455899 0.122651219 158.438583374
0.121407390 0.056632474 -0.990985870 166.691238403 -0.051984578 0.997363746 0.050628234 -9.220304489 0.991240561 0.045369346 0.124031365 158.539199829
0.122889698 0.057628538 -0.990745783 165.799560547 -0.052945927 0.997271538 0.051440846 -9.190555573 0.991007030 0.046134401 0.125605583 158.647521973
0.124520183 0.058016054 -0.990519583 164.908752441 -0.053088732 0.997248709 0.051736295 -9.160371780 0.990795910 0.046143204 0.127257586 158.752960205
0.126080394 0.057937801 -0.990326703 164.012710571 -0.053084791 0.997256756 0.051584903 -9.136648178 0.990598679 0.046067435 0.128810167 158.866836548
0.127320945 0.056969322 -0.990224063 163.126235962 -0.052783888 0.997323632 0.050590932 -9.104820251 0.990455985 0.045826599 0.129987299 158.975112915
0.128284156 0.055798475 -0.990166545 162.244491577 -0.052894671 0.997379839 0.049352024 -9.076205254 0.990325928 0.046043444 0.130899429 159.081298828
0.128587961 0.055579435 -0.990139544 161.365203857 -0.053358711 0.997369707 0.049055669 -9.052634239 0.990261674 0.046524588 0.131215394 159.197540283
0.129154563 0.055839811 -0.990051031 160.485366821 -0.053647757 0.997344494 0.049252689 -9.025257111 0.990172207 0.046752810 0.131807268 159.306228638
0.129744709 0.055909749 -0.989969909 159.604110718 -0.054083709 0.997321784 0.049236782 -8.996340752 0.990071356 0.047153033 0.132421017 159.419219971
0.130473375 0.056007586 -0.989868581 158.721679688 -0.053473163 0.997347474 0.049382515 -8.965828896 0.990008771 0.046488300 0.133122206 159.535598755
0.131303728 0.057286929 -0.989685535 157.848495483 -0.053323194 0.997291803 0.050652709 -8.938639641 0.989907026 0.046122309 0.134002864 159.645355225
0.131834626 0.057664212 -0.989593148 156.978103638 -0.053328462 0.997273445 0.051007271 -8.905653954 0.989836276 0.046048947 0.134550333 159.759155273
0.131891310 0.057636891 -0.989587128 156.092132568 -0.052805245 0.997299194 0.051048227 -8.883808136 0.989856720 0.045522571 0.134578645 159.873168945
0.132485509 0.055423763 -0.989634275 155.215148926 -0.051700711 0.997462690 0.048940845 -8.854992867 0.989835799 0.044680826 0.135014832 159.989471436
0.132817864 0.052915011 -0.989727080 154.333267212 -0.051247779 0.997604728 0.046458915 -8.823687553 0.989814758 0.044550724 0.135211527 160.107330322
0.133210957 0.051679879 -0.989739418 153.455749512 -0.051433347 0.997654378 0.045170646 -8.797349930 0.989752293 0.044888381 0.135556579 160.224899292
0.134118497 0.051836412 -0.989608586 152.572036743 -0.052614652 0.997594893 0.045124047 -8.770656586 0.989567518 0.046015948 0.136523247 160.333312988
0.135021508 0.052444015 -0.989453852 151.686630249 -0.051803425 0.997606218 0.045806985 -8.744671822 0.989487588 0.045072164 0.137415051 160.458160400
0.136187732 0.052877463 -0.989270926 150.775543213 -0.051699225 0.997593224 0.046205137 -8.718250275 0.989333212 0.044851962 0.138593674 160.576568604
0.136848629 0.052880388 -0.989179611 149.882629395 -0.051480595 0.997604370 0.046208654 -8.692752838 0.989253461 0.044599954 0.139243066 160.701873779
0.137966335 0.053012282 -0.989017189 148.994552612 -0.050522629 0.997643232 0.046426818 -8.667422295 0.989147484 0.043562412 0.140319526 160.819732666
0.138926864 0.054032035 -0.988827646 148.081100464 -0.046761226 0.997754574 0.047950037 -8.633695602 0.989198148 0.039577231 0.141141534 160.960388184
0.140277326 0.056151908 -0.988518775 147.170166016 -0.043979801 0.997758508 0.050435741 -8.604130745 0.989135087 0.036399860 0.142432451 161.093627930
0.140939713 0.056409694 -0.988409877 146.263626099 -0.046661370 0.997644365 0.050283160 -8.580762863 0.988918066 0.039033655 0.143239856 161.210388184
0.142048001 0.053144027 -0.988432109 145.367553711 -0.045933723 0.997835934 0.047048476 -8.547521591 0.988793373 0.038719226 0.144181669 161.330688477
0.142418265 0.049107142 -0.988587618 144.460311890 -0.045143917 0.998051465 0.043073710 -8.515241623 0.988776565 0.038494240 0.144357622 161.459747314
0.142427623 0.048540410 -0.988614440 143.542022705 -0.045555208 0.998059869 0.042441130 -8.489648819 0.988756478 0.038991734 0.144362569 161.591003418
0.141530991 0.049273174 -0.988706887 142.623840332 -0.048131637 0.997921765 0.042842481 -8.461384773 0.988763154 0.041524533 0.143608451 161.711486816
0.139924765 0.050022487 -0.988897860 141.678634644 -0.046973955 0.997933924 0.043832954 -8.438550949 0.989047408 0.040319119 0.141985476 161.846435547
0.136548102 0.050302286 -0.989355564 140.749114990 -0.045494393 0.997974694 0.044461504 -8.409233093 0.989588261 0.038938992 0.138559997 161.974945068
0.132731199 0.049865093 -0.989896894 139.814300537 -0.043387376 0.998068571 0.044459097 -8.377292633 0.990201950 0.037047923 0.134638369 162.102279663
0.128591835 0.050215714 -0.990425467 138.859786987 -0.043401945 0.998045206 0.044966955 -8.354277611 0.990747452 0.037204001 0.130519927 162.210403442
0.123509586 0.050493021 -0.991058111 137.910751343 -0.043412749 0.998023450 0.045437627 -8.326478958 0.991393507 0.037412561 0.125457525 162.323181152
0.118393004 0.051594589 -0.991625488 136.976684570 -0.044077937 0.997937858 0.046660431 -8.298355103 0.991988063 0.038184531 0.120423079 162.429809570
0.113297820 0.052438904 -0.992176354 136.019241333 -0.044430226 0.997874677 0.047666527 -8.263195992 0.992567241 0.038682096 0.115386903 162.533050537
0.108784676 0.052753303 -0.992664695 135.067443848 -0.046634227 0.997762263 0.047913626 -8.233552933 0.992970943 0.041079871 0.111001313 162.627807617
0.105832040 0.050501309 -0.993100822 134.108001709 -0.046873260 0.997852683 0.045747798 -8.206254959 0.993278682 0.041708287 0.107971966 162.718521118
0.104032755 0.047035217 -0.993461132 133.126861572 -0.047331020 0.997983515 0.042292941 -8.180562973 0.993447065 0.042621668 0.106049240 162.812850952
0.103352785 0.044259142 -0.993659675 132.157150269 -0.047852565 0.998073936 0.039478507 -8.151916504 0.993493140 0.043468941 0.105271578 162.903640747
0.102925658 0.043471042 -0.993738770 131.174377441 -0.045290828 0.998213232 0.038975816 -8.126572609 0.993657529 0.040995631 0.104710579 162.996459961
0.101687670 0.044201307 -0.993834078 130.199798584 -0.041794494 0.998320222 0.040124480 -8.107773781 0.993938148 0.037456613 0.103364229 163.108978271
0.101038933 0.046174172 -0.993810475 129.217361450 -0.039468285 0.998322070 0.042371120 -8.081558228 0.994099379 0.034942854 0.102691829 163.203887939
0.100138485 0.049414817 -0.993745804 128.232040405 -0.038972232 0.998194277 0.045708843 -8.049415588 0.994210124 0.034151264 0.101883471 163.300720215
0.099002659 0.052910440 -0.993679523 127.245300293 -0.038398616 0.998044789 0.049317125 -8.022712708 0.994346082 0.033273388 0.100840807 163.396820068
0.098690808 0.054228965 -0.993639529 126.258407593 -0.039112847 0.997953832 0.050579634 -7.989600182 0.994349301 0.033872318 0.100609899 163.487640381
0.097851157 0.055294003 -0.993663967 125.271896362 -0.041102909 0.997827947 0.051478103 -7.951886654 0.994352043 0.035805270 0.099911392 163.586578369
0.097734511 0.055749610 -0.993649900 124.289321899 -0.041014329 0.997807145 0.051948726 -7.918078423 0.994367123 0.035676688 0.099806726 163.671478271
0.097080708 0.055743389 -0.993714213 123.307907104 -0.041665077 0.997782707 0.051901154 -7.890703201 0.994404018 0.036364585 0.099187970 163.767425537
0.096294284 0.054554939 -0.993856728 122.328414917 -0.042144686 0.997824848 0.050689377 -7.855450630 0.994460285 0.037004679 0.098384023 163.865631104
0.096051872 0.053462137 -0.993939638 121.356704712 -0.043261986 0.997837186 0.049491048 -7.827374935 0.994435847 0.038246088 0.098156989 163.945129395
0.095406055 0.052338641 -0.994061649 120.362319946 -0.044473216 0.997843802 0.048269413 -7.792062759 0.994444549 0.039603911 0.097527981 164.044921875
0.095218241 0.051919281 -0.994101524 119.403518677 -0.046151448 0.997795343 0.047691666 -7.765133381 0.994386017 0.041338108 0.097404420 164.119995117
0.094678581 0.051286697 -0.994185984 118.422256470 -0.044346754 0.997897983 0.047254946 -7.733970642 0.994519711 0.039614882 0.096753955 164.218658447
0.094515264 0.051102862 -0.994210958 117.436264038 -0.046003003 0.997838974 0.046916042 -7.705138206 0.994459987 0.041302402 0.096661866 164.299499512
0.095066488 0.051537618 -0.994135916 116.462890625 -0.045610785 0.997835636 0.047367781 -7.679111481 0.994425476 0.040840231 0.097211421 164.386123657
0.094638765 0.050957710 -0.994206607 115.489593506 -0.045195490 0.997879267 0.046843778 -7.654468536 0.994485199 0.040500421 0.096741140 164.480346680
0.095381320 0.050903548 -0.994138479 114.509323120 -0.045086306 0.997887671 0.046769775 -7.622959137 0.994419277 0.040361062 0.097474933 164.575378418
0.095458508 0.050505906 -0.994151354 113.529846191 -0.045341592 0.997896075 0.046342444 -7.593622208 0.994400263 0.040652622 0.097547710 164.664672852
0.095119059 0.052180428 -0.994097412 112.560882568 -0.045711346 0.997800767 0.048000980 -7.567667961 0.994415879 0.040875722 0.097295105 164.756561279
0.095391631 0.052741870 -0.994041622 111.576278687 -0.046515658 0.997740686 0.048474338 -7.538824081 0.994352460 0.041614454 0.097629428 164.839691162
0.095763385 0.051891141 -0.994050741 110.601074219 -0.046603024 0.997778893 0.047596186 -7.506625175 0.994312704 0.041767791 0.097968996 164.927154541
0.095758796 0.051313527 -0.994081080 109.623977661 -0.047471203 0.997769475 0.046931066 -7.480015755 0.994271994 0.042696156 0.097981095 165.015808105
0.095697045 0.052315809 -0.994034886 108.644607544 -0.047743004 0.997709870 0.047912944 -7.450007915 0.994265020 0.042873073 0.097975612 165.111419678
0.095148683 0.054505594 -0.993969738 107.643127441 -0.047662601 0.997604132 0.050142344 -7.424303055 0.994321346 0.042604204 0.097518563 165.210815430
0.095164180 0.055755191 -0.993898988 106.666351318 -0.046411011 0.997593045 0.051518641 -7.389521599 0.994379163 0.041225128 0.097522736 165.303390503
0.094268739 0.055681244 -0.993988395 105.694549561 -0.047612492 0.997544348 0.051364925 -7.358029366 0.994407535 0.042484161 0.096688390 165.390502930
0.094404817 0.054843109 -0.994022131 104.724868774 -0.048205432 0.997562051 0.050460223 -7.327256203 0.994366109 0.043153580 0.096818388 165.479949951
0.093451202 0.054862436 -0.994111300 103.757583618 -0.048637468 0.997540057 0.050479509 -7.292009354 0.994435310 0.043633670 0.095889688 165.566436768
0.093148589 0.056440677 -0.994051278 102.785461426 -0.050361529 0.997381091 0.051910561 -7.260753632 0.994377792 0.045226540 0.095747113 165.649871826
0.092670619 0.056437381 -0.994096100 101.822250366 -0.053851634 0.997215152 0.051594354 -7.227269650 0.994239509 0.048752420 0.095451772 165.725677490
0.092445493 0.053341061 -0.994288087 100.831802368 -0.055310510 0.997297406 0.048359919 -7.200510025 0.994180501 0.050523911 0.095145941 165.813262939
0.093095660 0.049536876 -0.994424105 99.864501953 -0.059125673 0.997274041 0.044143632 -7.163908005 0.993900061 0.054686412 0.095770776 165.894180298
0.095475316 0.047805991 -0.994283199 98.877868652 -0.062891975 0.997140229 0.041904204 -7.136998653 0.993443072 0.058531612 0.098208845 165.967987061
0.097440779 0.049306396 -0.994019270 97.911758423 -0.063760385 0.997029543 0.043205470 -7.115755081 0.993196845 0.059169069 0.100295126 166.061645508
0.099789202 0.052242536 -0.993636250 96.939315796 -0.062378619 0.996984839 0.046154018 -7.088172436 0.993051469 0.057375979 0.102747142 166.158660889
0.102209568 0.053825848 -0.993305564 95.955810547 -0.061647940 0.996958435 0.047680315 -7.057517052 0.992850780 0.056361858 0.105216920 166.248657227
0.103928745 0.055681918 -0.993025005 95.007492065 -0.059561081 0.996988118 0.049670555 -7.034051418 0.992799878 0.053983428 0.106932163 166.355117798
0.106098235 0.056550264 -0.992746294 94.044479370 -0.058746807 0.996994078 0.050513759 -7.003030777 0.992618740 0.052961260 0.109101415 166.460815430
0.108564317 0.057365678 -0.992432952 93.079177856 -0.058167212 0.996989667 0.051266041 -6.971575737 0.992386281 0.052161384 0.111574292 166.564880371
0.110528231 0.057412170 -0.992213428 92.099899292 -0.060388710 0.996873498 0.050954778 -6.933596611 0.992036760 0.054286536 0.113649726 166.666351318
0.113081872 0.057253640 -0.991934776 91.142410278 -0.061161358 0.996846259 0.050564654 -6.905009270 0.991701543 0.054950126 0.116226971 166.758255005
0.114551127 0.055191427 -0.991883099 90.168777466 -0.061074324 0.996958077 0.048420433 -6.881059647 0.991538227 0.055031966 0.117573440 166.872283936
0.116451740 0.051876232 -0.991840780 89.203338623 -0.060805604 0.997134089 0.045013916 -6.850844383 0.991333425 0.055067513 0.119272351 166.980438232
0.117289782 0.048880368 -0.991894126 88.238616943 -0.060482357 0.997285485 0.041994125 -6.823443413 0.991254270 0.055066608 0.119927764 167.089431763
0.117947400 0.048645783 -0.991827667 87.263107300 -0.060437538 0.997299433 0.041726965 -6.798274040 0.991178989 0.055022027 0.120568931 167.203796387
0.118202388 0.050765615 -0.991691113 86.290756226 -0.060051732 0.997229815 0.043891419 -6.770950794 0.991172135 0.054364685 0.120923519 167.313415527
0.118210256 0.052183568 -0.991616607 85.313217163 -0.056079503 0.997375190 0.045801394 -6.746663570 0.991403878 0.050195158 0.120826423 167.435455322
0.117790163 0.052378628 -0.991656244 84.320129395 -0.054233506 0.997456908 0.046243098 -6.720763206 0.991556525 0.048334006 0.120331287 167.555267334
0.117282271 0.051012259 -0.991787732 83.344253540 -0.052904896 0.997582674 0.045054138 -6.687583923 0.991688550 0.047186360 0.119697571 167.670150757
0.116385102 0.052176848 -0.991832852 82.363510132 -0.052718662 0.997535944 0.046290677 -6.654919147 0.991804183 0.046900537 0.118849039 167.776596069
0.115008652 0.055556927 -0.991809726 81.371963501 -0.050584048 0.997466981 0.050008178 -6.628711700 0.992075801 0.044418372 0.117527604 167.894989014
0.113897264 0.060602773 -0.991642594 80.379806519 -0.052299116 0.997119546 0.054930564 -6.590332508 0.992115200 0.045605574 0.116738677 168.010894775
0.114863336 0.061184336 -0.991495311 79.393936157 -0.052058689 0.997100651 0.055499312 -6.552406311 0.992016315 0.045241106 0.117715478 168.114425659
0.115541458 0.056667350 -0.991684973 78.422790527 -0.051800620 0.997356594 0.050956137 -6.526269913 0.991951048 0.045482345 0.118171394 168.220550537
0.116290271 0.049088433 -0.992001534 77.449295044 -0.049971856 0.997802138 0.043517374 -6.491466522 0.991957426 0.044511504 0.118487716 168.335693359
0.116841137 0.046170760 -0.992076874 76.462829590 -0.048418153 0.997995794 0.040743813 -6.466973305 0.991969764 0.043273970 0.118842483 168.454421997
0.117549717 0.048687726 -0.991872787 75.463958740 -0.047360875 0.997935772 0.043372463 -6.434618950 0.991936982 0.041877542 0.119612992 168.561431885
0.117291689 0.053192709 -0.991671979 74.471633911 -0.046825022 0.997750103 0.047980424 -6.409030437 0.991993010 0.040807348 0.119518578 168.670700073
0.116595149 0.054829139 -0.991664946 73.473312378 -0.046188831 0.997694016 0.049731828 -6.375592709 0.992104948 0.040005349 0.118858814 168.781921387
0.115102112 0.054234449 -0.991872072 72.479278564 -0.046238724 0.997718632 0.049188346 -6.338903427 0.992276907 0.040201217 0.117347240 168.894821167
0.113420308 0.054797955 -0.992034912 71.480651855 -0.046111792 0.997692227 0.049838450 -6.307752609 0.992476583 0.040091801 0.115685403 169.005416870
0.111253679 0.054840226 -0.992277801 70.492538452 -0.044637166 0.997744322 0.050137646 -6.276815891 0.992789090 0.038714468 0.113450587 169.107299805
0.108270824 0.055800352 -0.992554188 69.491012573 -0.042844497 0.997757673 0.051419277 -6.240725994 0.993197799 0.036958274 0.110418797 169.210449219
0.104818702 0.055351082 -0.992949903 68.500091553 -0.040413607 0.997862220 0.051358737 -6.208224297 0.993669987 0.034745321 0.106831551 169.315093994
0.101487637 0.054605443 -0.993337214 67.511230469 -0.039987721 0.997909427 0.050771307 -6.178320885 0.994032979 0.034568619 0.103459001 169.409667969
0.099321008 0.053574584 -0.993612289 66.524215698 -0.039714731 0.997967303 0.049839541 -6.144289017 0.994262695 0.034510918 0.101246774 169.499725342
0.097277880 0.053218361 -0.993833482 65.524475098 -0.039689384 0.997982442 0.049555678 -6.107148170 0.994465709 0.034623962 0.099193811 169.588073730
0.094886303 0.052981872 -0.994077325 64.530364990 -0.040731732 0.997953117 0.049300533 -6.080316544 0.994654536 0.035812538 0.096850097 169.681472778
0.092687666 0.052770220 -0.994296014 63.526794434 -0.040517990 0.997967362 0.049188010 -6.053525448 0.994870603 0.035727739 0.094637454 169.776763916
0.090710521 0.054574434 -0.994380832 62.501098633 -0.041952278 0.997820377 0.050936189 -6.018726349 0.994993269 0.037096094 0.092802286 169.866348267
0.089557230 0.056081377 -0.994401574 61.492187500 -0.042333938 0.997725487 0.052456181 -5.981890678 0.995081663 0.037399095 0.091727674 169.953948975
0.088795006 0.056131173 -0.994467139 60.477966309 -0.044038430 0.997655809 0.052379001 -5.945873260 0.995076001 0.039143767 0.091058791 170.032440186
0.088426411 0.055980418 -0.994508445 59.470825195 -0.045102652 0.997620463 0.052145306 -5.917891502 0.995061100 0.040243942 0.090740860 170.122009277
0.087985516 0.054620095 -0.994623184 58.469390869 -0.044563152 0.997711718 0.050847597 -5.882805824 0.995124459 0.039849691 0.090218246 170.208663940
0.088110626 0.054233704 -0.994633257 57.472930908 -0.045163333 0.997707427 0.050400484 -5.849019051 0.995086372 0.040480133 0.090358019 170.277725220
0.087337315 0.054093290 -0.994709074 56.445343018 -0.043304130 0.997786880 0.050458483 -5.818063736 0.995237112 0.038668104 0.089486480 170.367767334
0.085697412 0.055019461 -0.994800866 55.436828613 -0.043097530 0.997744203 0.051469598 -5.781876087 0.995388627 0.038462650 0.087875247 170.459793091
0.084911346 0.056047175 -0.994811058 54.431121826 -0.042285733 0.997719884 0.052601792 -5.752277851 0.995490968 0.037599809 0.087087750 170.531936646
0.083112597 0.056613475 -0.994930744 53.432922363 -0.042174831 0.997690320 0.053247381 -5.724061489 0.995647311 0.037535507 0.085308313 170.618515015
0.082085490 0.055546697 -0.995076180 52.430740356 -0.040174030 0.997818530 0.052385755 -5.688119888 0.995815277 0.035676107 0.084137976 170.697158813
0.080113113 0.054611575 -0.995288670 51.411422729 -0.040108711 0.997865975 0.051524550 -5.656335831 0.995978534 0.035791948 0.082132578 170.784957886
0.079058945 0.055159289 -0.995342672 50.428512573 -0.040047798 0.997837663 0.052116603 -5.622840405 0.996065140 0.035741001 0.081097007 170.847656250
0.076791584 0.053629447 -0.995603859 49.434814453 -0.039077647 0.997946978 0.050741579 -5.588442802 0.996281147 0.035009328 0.078729630 170.929046631
0.074518919 0.050454728 -0.995942473 48.452713013 -0.038317438 0.998126566 0.047698371 -5.555801392 0.996483266 0.034607530 0.076312602 170.997528076
0.072780967 0.046181254 -0.996278167 47.485412598 -0.036136787 0.998393595 0.043639414 -5.536911964 0.996693075 0.032826178 0.074332893 171.053176880
0.069998920 0.043375198 -0.996603668 46.496124268 -0.036208387 0.998506367 0.040914822 -5.506624699 0.996889770 0.033221412 0.071464896 171.127441406
0.068412721 0.044167243 -0.996679127 45.514389038 -0.035129562 0.998506665 0.041836914 -5.485660076 0.997038543 0.032150712 0.069862127 171.187683105
0.065772593 0.047657151 -0.996696055 44.526748657 -0.033520162 0.998400569 0.045526639 -5.462864399 0.997271597 0.030414999 0.067264855 171.249145508
0.064149201 0.050423279 -0.996665835 43.552825928 -0.033016581 0.998283148 0.048380036 -5.434809685 0.997394204 0.029802943 0.065703869 171.304870605
0.062597811 0.051539849 -0.996707201 42.571685791 -0.033816457 0.998201787 0.049493309 -5.405664921 0.997465789 0.030606931 0.064228177 171.368041992
0.062633038 0.051235769 -0.996720612 41.620605469 -0.034587104 0.998192966 0.049138028 -5.382866859 0.997437119 0.031396013 0.064291954 171.413238525
0.062809765 0.051141698 -0.996714354 40.656585693 -0.035068624 0.998182595 0.049007118 -5.353864670 0.997409225 0.031875268 0.064489126 171.470733643
0.062928379 0.052365366 -0.996643364 39.699279785 -0.036968205 0.998059511 0.050105594 -5.319985390 0.997333169 0.033691049 0.064742148 171.522613525
0.062395513 0.055362515 -0.996514857 38.739425659 -0.037772361 0.997875988 0.053073063 -5.294855595 0.997336507 0.034329191 0.064354181 171.582015991
0.062433779 0.056329574 -0.996458352 37.787429810 -0.038740810 0.997790337 0.053977542 -5.262714386 0.997297049 0.035233572 0.064478099 171.633743286
0.062560916 0.055455498 -0.996499300 36.838394165 -0.038787756 0.997835875 0.053094756 -5.229134560 0.997287154 0.035330314 0.064576507 171.683990479
0.062137008 0.055016026 -0.996550262 35.899734497 -0.039672211 0.997826636 0.052612845 -5.199395180 0.997278988 0.036266137 0.064184606 171.729522705
0.060503304 0.055230394 -0.996638834 34.955444336 -0.040036775 0.997798800 0.052864153 -5.167016506 0.997364700 0.036703754 0.062581360 171.791870117
0.058491528 0.055878121 -0.996722937 34.026855469 -0.040887233 0.997728527 0.053535078 -5.133208275 0.997450352 0.037621882 0.060643375 171.841735840
0.056363106 0.057086162 -0.996776998 33.104873657 -0.041500892 0.997635126 0.054788627 -5.101667881 0.997547448 0.038279079 0.058598936 171.898544312
0.055143833 0.057919063 -0.996797204 32.172744751 -0.042172514 0.997560382 0.055630386 -5.076679230 0.997587442 0.038969770 0.057451904 171.926086426
0.052864015 0.057853062 -0.996924520 31.285415649 -0.042941537 0.997528672 0.055611055 -5.045894623 0.997678041 0.039869640 0.055217683 171.982482910
0.050557435 0.057174530 -0.997083306 30.386154175 -0.042491224 0.997579157 0.055048432 -5.015450478 0.997816861 0.039584178 0.052864432 172.020828247
0.048488557 0.056513749 -0.997223735 29.492538452 -0.042867273 0.997595906 0.054450482 -4.979553223 0.997903466 0.040108033 0.050794542 172.052963257
0.046885848 0.056239113 -0.997315884 28.602539062 -0.042686660 0.997614622 0.054249171 -4.953022003 0.997987807 0.040028561 0.049174666 172.083068848
0.044800758 0.056283165 -0.997409165 27.733703613 -0.043579124 0.997571349 0.054334864 -4.922054768 0.998044968 0.041031972 0.047144771 172.130523682
0.043669105 0.055875156 -0.997482359 26.862396240 -0.043235026 0.997605085 0.053989232 -4.887705803 0.998110116 0.040768512 0.045980334 172.162017822
0.041960895 0.056290463 -0.997532427 26.008163452 -0.044062793 0.997544467 0.054437656 -4.860055923 0.998147309 0.041669797 0.044338167 172.193206787
0.040638387 0.057657626 -0.997509062 25.172332764 -0.044771526 0.997435987 0.055829417 -4.833132744 0.998170435 0.042391177 0.043115616 172.221710205
0.039424300 0.058328141 -0.997518778 24.346923828 -0.046071578 0.997339249 0.056496784 -4.807084084 0.998159945 0.043729909 0.042006671 172.250869751
0.039523721 0.058736026 -0.997490942 23.535705566 -0.047742203 0.997241735 0.056829657 -4.780378342 0.998077571 0.045376282 0.042218924 172.279556274
0.040983319 0.058027145 -0.997473538 22.743026733 -0.048603352 0.997246146 0.056016944 -4.751524925 0.997977078 0.046184786 0.043690741 172.309356689
0.043460369 0.057250679 -0.997413456 21.957336426 -0.050380100 0.997212112 0.055043906 -4.725572109 0.997784078 0.047857560 0.046223462 172.334411621
0.046321452 0.056135993 -0.997348130 21.188980103 -0.050252330 0.997286499 0.053798575 -4.699073792 0.997661889 0.047627028 0.049016714 172.370407104
0.048869669 0.055452317 -0.997264743 20.434616089 -0.050933212 0.997296989 0.052958194 -4.675925732 0.997505784 0.048205841 0.051561952 172.405441284
0.051558137 0.055127397 -0.997147381 19.685424805 -0.050406668 0.997346282 0.052532084 -4.653739929 0.997397125 0.047554411 0.054200113 172.444274902
0.054600120 0.054000568 -0.997047067 18.937713623 -0.049361706 0.997461617 0.051319882 -4.624687672 0.997287452 0.046413869 0.057127059 172.479019165
0.056878090 0.053870153 -0.996926725 18.190246582 -0.048914969 0.997494400 0.051110063 -4.607720852 0.997182131 0.045857597 0.059370637 172.530624390
0.059421480 0.052794244 -0.996836007 17.466049194 -0.048367552 0.997579813 0.049950443 -4.586369991 0.997060597 0.045246378 0.061831176 172.572525024
0.061958909 0.052973576 -0.996672034 16.731430054 -0.048859105 0.997554243 0.049983099 -4.560841084 0.996882200 0.045599595 0.064395607 172.614761353
0.064008296 0.053900670 -0.996492743 16.020492554 -0.047012597 0.997594535 0.050940480 -4.538006783 0.996841490 0.043587092 0.066388369 172.655487061
0.065597296 0.055209357 -0.996317744 15.291793823 -0.045792438 0.997582793 0.052264497 -4.516400814 0.996794939 0.042195402 0.067966938 172.701812744
0.066846430 0.055355351 -0.996226549 14.586624146 -0.045704942 0.997581601 0.052363861 -4.495504856 0.996715903 0.042032141 0.069214761 172.742843628
0.068112195 0.055134855 -0.996153176 13.897827148 -0.044984654 0.997626066 0.052140538 -4.471909046 0.996663094 0.041260187 0.070430696 172.788909912
0.069514334 0.055051673 -0.996060908 13.208679199 -0.046153177 0.997584462 0.051914886 -4.447782040 0.996512830 0.042362541 0.071887195 172.828857422
0.070790172 0.054750610 -0.995987654 12.544494629 -0.044914342 0.997654736 0.051649950 -4.428163528 0.996479690 0.041077808 0.073083222 172.874572754
0.072675109 0.055971228 -0.995783985 11.879501343 -0.045190085 0.997583449 0.052774277 -4.406389236 0.996331453 0.041164178 0.075028837 172.918258667
0.074453533 0.057450201 -0.995568275 11.222930908 -0.044459302 0.997537732 0.054238964 -4.384479046 0.996232986 0.040223990 0.076824367 172.965896606
0.076322854 0.058512472 -0.995364785 10.582656860 -0.043929312 0.997504592 0.055269837 -4.360730171 0.996114910 0.039507344 0.078702807 173.023406982
0.078942597 0.058348041 -0.995170176 9.960815430 -0.043476056 0.997537315 0.055038057 -4.337029457 0.995930731 0.038921222 0.081284940 173.074020386
0.081926107 0.058615580 -0.994913220 9.351058960 -0.043643206 0.997522414 0.055175502 -4.320573330 0.995682359 0.038900893 0.084281266 173.118576050
0.084880769 0.058583006 -0.994667470 8.758834839 -0.044025760 0.997515619 0.054993782 -4.292666435 0.995418012 0.039123069 0.087249041 173.172073364
0.088853061 0.058443505 -0.994328678 8.183593750 -0.041764718 0.997617781 0.054904737 -4.272332191 0.995168805 0.036649399 0.091082275 173.222503662
0.092178166 0.058582868 -0.994017839 7.630187988 -0.040187523 0.997673333 0.055071600 -4.246582031 0.994931340 0.034870699 0.094318032 173.281707764
0.096173465 0.060234822 -0.993540466 7.085571289 -0.040201318 0.997587860 0.056588769 -4.233796120 0.994552553 0.034499288 0.098363042 173.339248657
0.101090014 0.061600767 -0.992968321 6.559997559 -0.041210204 0.997483909 0.057685457 -4.225350380 0.994023383 0.035089009 0.103374243 173.386398315
0.106807828 0.061675061 -0.992365062 6.041168213 -0.040622126 0.997511625 0.057622775 -4.207059383 0.993449569 0.034157410 0.109047413 173.448699951
0.113919914 0.061113354 -0.991608500 5.546325684 -0.039853532 0.997583926 0.056903094 -4.184777260 0.992690265 0.033036701 0.116080284 173.505828857
0.122050166 0.060568556 -0.990674138 5.056060791 -0.038426660 0.997676253 0.056262527 -4.173386574 0.991779804 0.031201446 0.124094009 173.571304321
0.131322682 0.058849189 -0.989591479 4.579376221 -0.037666753 0.997811794 0.054339513 -4.155471802 0.990623891 0.030138677 0.133251965 173.640136719
0.141980112 0.056586277 -0.988250911 4.123565674 -0.037741836 0.997948229 0.051719241 -4.150674820 0.989149868 0.029955290 0.143824458 173.714965820
0.153359056 0.054611865 -0.986660361 3.673492432 -0.038241796 0.998051703 0.049298365 -4.138852596 0.987430334 0.030171311 0.155148685 173.794036865
0.166506886 0.053578008 -0.984583735 3.233459473 -0.037767570 0.998136520 0.047928486 -4.122009277 0.985316873 0.029204903 0.168220103 173.869079590
0.179727972 0.052448314 -0.982317150 2.813400269 -0.036108397 0.998256445 0.046692837 -4.111246109 0.983053386 0.027077887 0.181308448 173.959899902
0.193430662 0.051012281 -0.979786932 2.413986206 -0.033995733 0.998396158 0.045269694 -4.102403641 0.980524838 0.024552027 0.194854617 174.057846069
0.208497643 0.049406450 -0.976774216 2.008270264 -0.033539612 0.998497009 0.043346006 -4.086381912 0.977447689 0.023723083 0.209841311 174.151382446
0.224818468 0.049889017 -0.973122776 1.639907837 -0.033919547 0.998483837 0.043352846 -4.079727173 0.973810196 0.023261357 0.226169825 174.249633789
0.243014276 0.051140409 -0.968673766 1.271484375 -0.033987116 0.998445034 0.044185709 -4.075319767 0.969427168 0.022184668 0.244374514 174.353546143
0.262739956 0.050208382 -0.963559628 0.923431396 -0.031824268 0.998552799 0.043354057 -4.069835663 0.964341879 0.019273728 0.263957560 174.468887329
0.283783674 0.046635121 -0.957753718 0.594223022 -0.028854841 0.998779655 0.040083040 -4.062495232 0.958454132 0.016260911 0.284783006 174.597579956
0.306446850 0.041817136 -0.950968802 0.263412476 -0.025511865 0.999036491 0.035709705 -4.058418274 0.951545835 0.013317857 0.307218432 174.721420288
0.328603446 0.039090682 -0.943658710 -0.053405762 -0.023873404 0.999167621 0.033076856 -4.060741901 0.944166243 0.011659175 0.329263151 174.858917236
0.351933360 0.038751878 -0.935222566 -0.364479065 -0.024137342 0.999186099 0.032319151 -4.053732872 0.935713828 0.011199596 0.352582276 174.997146606
0.378062427 0.039938129 -0.924918294 -0.627250671 -0.022044323 0.999174118 0.034133844 -4.058778286 0.925517619 0.007484470 0.378630579 175.120132446
0.405563533 0.042899366 -0.913059652 -0.931304932 -0.021538420 0.999069214 0.037373506 -4.050876617 0.913813055 0.004508529 0.406109989 175.279418945
0.434587240 0.045850869 -0.899461985 -1.230926514 -0.023122014 0.998942077 0.039750244 -4.039558411 0.900332987 0.003522414 0.435187638 175.442062378
0.463492930 0.045840155 -0.884914160 -1.518478394 -0.022550246 0.998947740 0.039936125 -4.033763885 0.885813713 0.001444918 0.464038908 175.625457764
0.493513763 0.044912189 -0.868577600 -1.795379639 -0.021339549 0.998990476 0.039530709 -4.040017128 0.869476140 -0.000973896 0.493973970 175.804351807
0.524803817 0.042543657 -0.850159466 -2.065742493 -0.020319561 0.999091744 0.037453253 -4.040378571 0.850980699 -0.002380749 0.525191665 175.998062134
0.555618048 0.039114188 -0.830517173 -2.325439453 -0.019750673 0.999231875 0.033846758 -4.039456367 0.831203103 -0.002402599 0.555963755 176.214996338
0.587592602 0.035879884 -0.808361113 -2.581905365 -0.021504117 0.999355972 0.028726172 -4.045071602 0.808871210 0.000503802 0.587985754 176.422317505
0.619538903 0.030556323 -0.784371018 -2.816131592 -0.022571854 0.999522328 0.021109382 -4.041261673 0.784641385 0.004626623 0.619932711 176.644134521
0.651267052 0.028089147 -0.758328617 -3.025642395 -0.026870891 0.999541640 0.013946652 -4.036718369 0.758372784 0.011293970 0.651723266 176.862289429
0.682553649 0.025691992 -0.730383813 -3.262737274 -0.027305773 0.999580622 0.009643646 -4.034132957 0.730325222 0.013361389 0.682968915 177.121643066
0.713657498 0.022272846 -0.700140655 -3.506233215 -0.023826456 0.999687850 0.007515584 -4.024823189 0.700089514 0.011318319 0.713965416 177.405456543
0.743318677 0.019631103 -0.668649316 -3.726972580 -0.018636078 0.999789059 0.008635940 -4.031078815 0.668677807 0.006041745 0.743527770 177.712081909
0.772321224 0.019966871 -0.634918332 -3.936588287 -0.017875794 0.999793172 0.009697132 -4.035649776 0.634980679 0.003860369 0.772518396 178.018798828
0.800425529 0.021435089 -0.599048853 -4.157550812 -0.019514363 0.999762535 0.009699052 -4.040362358 0.599114478 0.003926687 0.800653756 178.343276978
0.824991167 0.018738976 -0.564834893 -4.292688370 -0.016985171 0.999820769 0.008361740 -4.036035061 0.564890385 0.002695455 0.825161576 178.679367065
0.849681497 0.017208794 -0.527015388 -4.480557442 -0.015535935 0.999850392 0.007600584 -4.043894291 0.527067363 0.001729600 0.849821746 179.044509888
0.872186542 0.016290018 -0.488902122 -4.655591965 -0.015736958 0.999862432 0.005240753 -4.046342850 0.488920242 0.003122916 0.872322917 179.426773071
0.892101109 0.015426950 -0.451572359 -4.816238403 -0.016980398 0.999855638 0.000612283 -4.052206039 0.451516628 0.007121660 0.892234266 179.821640015
0.910542309 0.015133871 -0.413138807 -4.989710331 -0.018469218 0.999821126 -0.004080568 -4.050108910 0.413003147 0.011345881 0.910658896 180.251815796
0.926992655 0.018134099 -0.374640822 -5.139878273 -0.021860255 0.999744773 -0.005698327 -4.049513817 0.374441892 0.013472050 0.927152514 180.700942993
0.941874564 0.021396836 -0.335282713 -5.284166336 -0.024910694 0.999670565 -0.006182729 -4.054298401 0.335039943 0.014175479 0.942097306 181.169174194
0.955418169 0.023525894 -0.294317335 -5.414994240 -0.026558977 0.999627292 -0.006312242 -4.065339088 0.294059157 0.013847598 0.955686927 181.667633057
0.967360079 0.022932760 -0.252365977 -5.518464088 -0.025236737 0.999664128 -0.005896016 -4.078760147 0.252146006 0.012072464 0.967613876 182.176895142
0.977090299 0.024810918 -0.211373970 -5.609385014 -0.026636956 0.999628365 -0.005795485 -4.094387054 0.211151615 0.011293071 0.977388084 182.708312988
0.984670639 0.025340559 -0.172573283 -5.684632301 -0.027500760 0.999570370 -0.010137836 -4.098109722 0.172242254 0.014728326 0.984944522 183.262588501
0.990270078 0.025844540 -0.136737972 -5.744370461 -0.028255656 0.999477088 -0.015721343 -4.106914043 0.136260167 0.019431995 0.990482509 183.842254639
0.994326234 0.023242306 -0.103803188 -5.787354469 -0.025130654 0.999540985 -0.016920790 -4.120043278 0.103362262 0.019433428 0.994453907 184.436538696
0.996910810 0.021517852 -0.075536743 -5.812107563 -0.022885330 0.999588668 -0.017284738 -4.137113094 0.075133741 0.018960025 0.996993184 185.052520752
0.998508394 0.018782664 -0.051266402 -5.831668854 -0.019761546 0.999630690 -0.018654330 -4.155349255 0.050897088 0.019639608 0.998510778 185.663894653
0.999340653 0.014296148 -0.033374809 -5.837306023 -0.014956416 0.999695659 -0.019618299 -4.171571732 0.033084188 0.020104531 0.999250352 186.305725098
0.999721467 0.011535374 -0.020588767 -5.833236694 -0.011940629 0.999735236 -0.019670088 -4.191910267 0.020356413 0.019910453 0.999594510 186.976455688
0.999916077 0.009482518 -0.008824470 -5.838334560 -0.009655495 0.999757946 -0.019770337 -4.207405090 0.008634862 0.019853884 0.999765575 187.637695312
0.999972045 0.007471405 0.000332829 -5.838093758 -0.007463715 0.999790907 -0.019036347 -4.225148678 -0.000474988 0.019033331 0.999818742 188.319152832
0.999974608 0.004145163 0.005801449 -5.819106579 -0.004044631 0.999843299 -0.017234581 -4.250161171 -0.005871980 0.017210677 0.999834657 189.037902832
0.999957979 0.001826580 0.008980491 -5.810420990 -0.001670450 0.999847889 -0.017362315 -4.270602226 -0.009010838 0.017346585 0.999808908 189.763214111
0.999951422 -0.001140014 0.009788411 -5.803408623 0.001312508 0.999843657 -0.017633926 -4.290386677 -0.009766778 0.017645916 0.999796569 190.496383667
0.999956727 -0.002784102 0.008874944 -5.801229000 0.002937484 0.999845743 -0.017316714 -4.309678078 -0.008825364 0.017342035 0.999810636 191.238296509
0.999975502 -0.002397648 0.006580593 -5.796592236 0.002503126 0.999867797 -0.016067427 -4.336835384 -0.006541199 0.016083505 0.999849260 192.024154663
0.999991059 -0.002110753 0.003656443 -5.795651436 0.002166842 0.999879003 -0.015404258 -4.351252079 -0.003623486 0.015412043 0.999874651 192.812088013
0.999991119 -0.004121868 0.000889044 -5.805236340 0.004135808 0.999858677 -0.016293617 -4.376889229 -0.000821758 0.016297149 0.999866843 193.602218628
0.999977589 -0.006102409 -0.002762780 -5.797774792 0.006048882 0.999801457 -0.018984817 -4.403521538 0.002878085 0.018967679 0.999815941 194.393920898
0.999978483 -0.004289276 -0.004965121 -5.818288326 0.004181605 0.999760151 -0.021496490 -4.432003498 0.005056135 0.021475265 0.999756575 195.191970825
0.999970555 -0.003389194 -0.006884950 -5.833129883 0.003240357 0.999763250 -0.021515131 -4.457340240 0.006956239 0.021492189 0.999744833 195.995620728
0.999954641 -0.003007805 -0.009033976 -5.839166641 0.002840035 0.999824345 -0.018526778 -4.478932858 0.009088114 0.018500281 0.999787569 196.819519043
0.999948740 -0.002940336 -0.009689875 -5.844569206 0.002815385 0.999913037 -0.012883581 -4.509485245 0.009726915 0.012855640 0.999870062 197.630218506
0.999941945 -0.001618956 -0.010651545 -5.862294197 0.001509055 0.999945641 -0.010317755 -4.539527416 0.010667670 0.010301081 0.999890029 198.462448120
0.999935091 0.000358994 -0.011386549 -5.879639626 -0.000478220 0.999945104 -0.010469828 -4.562523365 0.011382165 0.010474593 0.999880373 199.272613525
0.999917090 0.002786902 -0.012573396 -5.890902042 -0.002946996 0.999914587 -0.012732211 -4.590470314 0.012536839 0.012768209 0.999839902 200.088439941
0.999898791 0.004817835 -0.013386004 -5.909581661 -0.005007112 0.999887466 -0.014142606 -4.608835220 0.013316360 0.014208200 0.999810398 200.910873413
0.999883890 0.005912560 -0.014043619 -5.934296131 -0.006115703 0.999876678 -0.014466557 -4.629224300 0.013956352 0.014550764 0.999796748 201.743804932
0.999876618 0.005851566 -0.014575818 -5.945738316 -0.006022510 0.999913275 -0.011711750 -4.661275864 0.014506022 0.011798088 0.999825180 202.579635620
0.999867976 0.004819574 -0.015516715 -5.961050034 -0.004981657 0.999933243 -0.010424050 -4.682863235 0.015465440 0.010499972 0.999825299 203.408386230
0.999847174 0.005676161 -0.016533777 -5.986343384 -0.005838514 0.999935031 -0.009787768 -4.706501007 0.016477147 0.009882805 0.999815404 204.234497070
0.999815643 0.005362587 -0.018438291 -5.999851704 -0.005533550 0.999942064 -0.009233708 -4.728203773 0.018387707 0.009334034 0.999787390 205.070526123
0.999787211 0.002691371 -0.020452810 -6.019521713 -0.002841124 0.999969363 -0.007296331 -4.752940655 0.020432547 0.007352888 0.999764204 205.903457642
0.999749005 0.002365983 -0.022278462 -6.042316914 -0.002482146 0.999983490 -0.005187949 -4.770903111 0.022265820 0.005241945 0.999738336 206.723541260
0.999715805 0.001911961 -0.023763690 -6.067939758 -0.001985849 0.999993265 -0.003086070 -4.793715477 0.023757631 0.003132384 0.999712825 207.551925659
0.999665022 0.002548198 -0.025755681 -6.105769157 -0.002612168 0.999993563 -0.002450360 -4.810068130 0.025749272 0.002516817 0.999665260 208.367431641
0.999608934 0.001038562 -0.027945213 -6.117431164 -0.001100009 0.999997020 -0.002183537 -4.828585148 0.027942860 0.002213423 0.999607086 209.176116943
0.999562323 0.000581816 -0.029576922 -6.148164272 -0.000640536 0.999997854 -0.001975889 -4.844541073 0.029575709 0.001993970 0.999560535 209.988601685
0.999517620 0.001655070 -0.031012047 -6.179152489 -0.001712162 0.999996901 -0.001814504 -4.860916615 0.031008948 0.001866726 0.999517381 210.798431396
0.999453723 0.000902971 -0.033036962 -6.201075554 -0.001042091 0.999990642 -0.004194072 -4.880617619 0.033032868 0.004226208 0.999445319 211.618591309
0.999408245 0.000206834 -0.034395702 -6.232455254 -0.000457141 0.999973476 -0.007269590 -4.895196915 0.034393288 0.007281012 0.999381840 212.391998291
0.999404192 0.001697308 -0.034472529 -6.266705036 -0.002020952 0.999954164 -0.009355789 -4.916869164 0.034455068 0.009419883 0.999361873 213.181442261
0.999408901 0.003660807 -0.034182869 -6.305362701 -0.003890833 0.999970198 -0.006665175 -4.935012817 0.034157451 0.006794235 0.999393344 213.965316772
0.999406934 0.004367876 -0.034157023 -6.326712608 -0.004494038 0.999983370 -0.003617691 -4.953794479 0.034140654 0.003769048 0.999409914 214.734375000
0.999443591 0.003532854 -0.033166427 -6.357782841 -0.003615008 0.999990523 -0.002417388 -4.971115112 0.033157576 0.002535940 0.999446929 215.491851807
0.999455869 0.002317742 -0.032903694 -6.383234024 -0.002382228 0.999995291 -0.001920777 -4.991131783 0.032899085 0.001998116 0.999456704 216.241821289
0.999432623 0.004589414 -0.033367392 -6.409134865 -0.004726760 0.999980688 -0.004038465 -5.005635738 0.033348214 0.004193893 0.999435008 216.961776733
0.999422193 0.005661090 -0.033513851 -6.443763733 -0.005888510 0.999960303 -0.006691040 -5.024105549 0.033474643 0.006884521 0.999415874 217.664916992
0.999356449 0.006669257 -0.035245810 -6.472411633 -0.006921174 0.999951363 -0.007030260 -5.038355827 0.035197206 0.007269677 0.999353945 218.359100342
0.999309897 0.006109981 -0.036639530 -6.499381542 -0.006319160 0.999964356 -0.005596008 -5.053982258 0.036604032 0.005823677 0.999312878 219.029190063
0.999219120 0.006316334 -0.039003920 -6.524528027 -0.006452898 0.999973476 -0.003376395 -5.068492889 0.038981561 0.003625446 0.999233365 219.682022095
0.999112785 0.005988352 -0.041686758 -6.559660435 -0.006032136 0.999981403 -0.000924594 -5.087974072 0.041680444 0.001175233 0.999130309 220.317947388
0.998970270 0.006406245 -0.044915091 -6.589609623 -0.006508170 0.999976575 -0.002123399 -5.098012924 0.044900436 0.002413528 0.998988569 220.928817749
0.998820662 0.006141621 -0.048162028 -6.620033741 -0.006344714 0.999971628 -0.004065122 -5.112275124 0.048135694 0.004365902 0.998831272 221.520492554
0.998694658 0.005645407 -0.050764777 -6.653147697 -0.005859646 0.999974549 -0.004072390 -5.124112606 0.050740492 0.004364538 0.998702347 222.092529297
0.998535752 0.005892043 -0.053773522 -6.688268185 -0.006140614 0.999971211 -0.004458504 -5.141223431 0.053745706 0.004782178 0.998543203 222.645935059
0.998394370 0.005626270 -0.056364920 -6.721529484 -0.005890529 0.999972403 -0.004523310 -5.150121212 0.056337915 0.004848067 0.998399973 223.182189941
0.998337567 0.006209265 -0.057302285 -6.753167629 -0.006467411 0.999969780 -0.004320621 -5.167531013 0.057273723 0.004684035 0.998347521 223.688781738
0.998405695 0.006980798 -0.056011569 -6.777645111 -0.007241067 0.999963880 -0.004445103 -5.179503441 0.055978514 0.004843599 0.998420238 224.182434082
0.998598695 0.007794997 -0.052343342 -6.798945427 -0.008025077 0.999959052 -0.004186872 -5.196712494 0.052308563 0.004601065 0.998620391 224.649597168
0.998924732 0.008665547 -0.045544691 -6.827035904 -0.008863462 0.999952137 -0.004145369 -5.209724426 0.045506589 0.004544595 0.998953700 225.085769653
0.999289155 0.009357857 -0.036517885 -6.841307163 -0.009548883 0.999941587 -0.005060141 -5.218912125 0.036468398 0.005405249 0.999320209 225.538070679
0.999651134 0.010675087 -0.024158433 -6.849351883 -0.010822023 0.999923706 -0.005959664 -5.229613781 0.024092969 0.006219028 0.999690354 225.987014771
0.999880731 0.012945495 -0.008423523 -6.842640877 -0.012997187 0.999896884 -0.006111111 -5.249569893 0.008343543 0.006219864 0.999945819 226.437271118
0.999871612 0.012791801 0.009652007 -6.827795029 -0.012730017 0.999898255 -0.006435724 -5.257831097 -0.009733350 0.006312027 0.999932706 226.885269165
0.999496758 0.011069682 0.029727302 -6.797830105 -0.010857689 0.999914527 -0.007283232 -5.269837856 -0.029805385 0.006956797 0.999531507 227.329284668
0.998562694 0.011399065 0.052369561 -6.755549908 -0.010844020 0.999882102 -0.010870571 -5.286972046 -0.052487299 0.010287050 0.998568594 227.731124878
0.996828258 0.013836605 0.078370817 -6.711055756 -0.012631694 0.999794602 -0.015849447 -5.299751759 -0.078574024 0.014809221 0.996798277 228.154617310
0.994047701 0.015787749 0.107795760 -6.648160934 -0.013756832 0.999714077 -0.019558161 -5.316766262 -0.108073711 0.017958818 0.993980646 228.571823120
0.990002334 0.015192007 0.140230358 -6.557891846 -0.012319740 0.999696612 -0.021327958 -5.331363678 -0.140511826 0.019387128 0.989889145 228.989990234
0.984505832 0.013178941 0.174855873 -6.460494995 -0.009543747 0.999720812 -0.021614302 -5.347802639 -0.175091907 0.019610627 0.984356761 229.390686035
0.977465093 0.008076550 0.210942596 -6.330447674 -0.003638972 0.999764025 -0.021416612 -5.362120628 -0.211065784 0.020166377 0.977263808 229.794113159
0.968505204 0.001486869 0.248988837 -6.213720798 0.003702658 0.999785602 -0.020372778 -5.376361847 -0.248965755 0.020653063 0.968292058 230.156875610
0.958086133 -0.006429852 0.286408037 -6.076433182 0.012365729 0.999744475 -0.018921342 -5.407360077 -0.286213219 0.021669921 0.957920909 230.463577271
0.945708632 -0.014005722 0.324713796 -5.911776066 0.020373195 0.999660909 -0.016217772 -5.423310280 -0.324376553 0.021952745 0.945673287 230.828338623
0.931267679 -0.017746288 0.363903224 -5.744500637 0.024351934 0.999611318 -0.013571684 -5.439352036 -0.363520950 0.021500619 0.931337893 231.169342041
0.914351821 -0.016870653 0.404569089 -5.564369202 0.024295814 0.999617338 -0.013225742 -5.460328102 -0.404191136 0.021922315 0.914411783 231.518692017
0.895115614 -0.011884548 0.445675611 -5.379172325 0.021040291 0.999656916 -0.015601085 -5.474191189 -0.445337266 0.023341920 0.895058572 231.856475830
0.873378098 -0.005699125 0.487009495 -5.179818153 0.017807957 0.999636590 -0.020237850 -5.488424301 -0.486717194 0.026347937 0.873162150 232.184494019
0.849381447 -0.002949079 0.527771294 -4.961135864 0.019888127 0.999453008 -0.026422702 -5.496860981 -0.527404666 0.032939333 0.848975480 232.490142822
0.823185444 -0.003891770 0.567759275 -4.710748672 0.024820270 0.999267220 -0.029136939 -5.510152817 -0.567229867 0.038077042 0.822678804 232.795852661
0.795083165 -0.006379399 0.606466889 -4.439676285 0.032093808 0.998986244 -0.031566966 -5.521625519 -0.605650723 0.044562194 0.794481874 233.095748901
0.766565442 -0.004306588 0.642151713 -4.164249420 0.033923328 0.998852849 -0.033797007 -5.537864685 -0.641269505 0.047691543 0.765832186 233.316192627
0.732690454 0.005401101 0.680540621 -3.881141663 0.025118826 0.999072552 -0.034972809 -5.551168919 -0.680098355 0.042718627 0.731875300 233.598159790
0.696083009 0.017563976 0.717746496 -3.589279175 0.008215571 0.999440432 -0.032424916 -5.574563980 -0.717914343 0.028467128 0.695549190 233.897781372
0.660257339 0.021952992 0.750718594 -3.265865326 0.001838573 0.999522448 -0.030845702 -5.596138954 -0.751037240 0.021746352 0.659901619 234.161468506
0.621917129 0.019263539 0.782846093 -2.916511536 0.007716249 0.999498129 -0.030724736 -5.617683411 -0.783045053 0.025148876 0.621456385 234.389663696
0.580400407 0.018787803 0.814114571 -2.549110413 0.015614139 0.999293268 -0.034192953 -5.636388779 -0.814181626 0.032557301 0.579696894 234.601364136
0.537501395 0.020151148 0.843022108 -2.163635254 0.022522295 0.999014735 -0.038239878 -5.642682076 -0.842962086 0.039540779 0.536517978 234.790527344
0.492316127 0.025802530 0.870033979 -1.799896240 0.018407676 0.999028325 -0.040044248 -5.658857822 -0.870221794 0.035729732 0.491362810 234.951110840
0.445346057 0.032705806 0.894761026 -1.386489868 0.007986436 0.999147773 -0.040496469 -5.674713612 -0.895322919 0.025180893 0.444705307 235.150665283
0.398590922 0.032728303 0.916544676 -0.948257446 0.000434138 0.999356210 -0.035874166 -5.701155663 -0.917128742 0.014697026 0.398320138 235.325561523
0.352679729 0.029807737 0.935269237 -0.491806030 -0.001993584 0.999514163 -0.031103516 -5.730955124 -0.935742021 0.009105045 0.352567852 235.475830078
0.309111893 0.027140146 0.950638473 -0.021835327 0.002931736 0.999560773 -0.029490145 -5.756859303 -0.951021314 0.011902778 0.308896542 235.594894409
0.270553887 0.029044874 0.962266624 0.487167358 0.007044413 0.999458313 -0.032148089 -5.779305458 -0.962679088 0.015476393 0.270202696 235.685653687
0.233035266 0.030710060 0.971983314 0.968856812 0.012163598 0.999330997 -0.034490373 -5.803494930 -0.972392261 0.019860288 0.232505858 235.768753052
0.198620856 0.033581063 0.979500949 1.548919678 0.013044787 0.999233723 -0.036902767 -5.814863682 -0.979989648 0.020107042 0.198030651 235.901397705
0.169015884 0.033554729 0.985042095 2.122802734 0.012166101 0.999273121 -0.036126994 -5.831403732 -0.985538304 0.018090159 0.168484807 236.000930786
0.142276704 0.028282197 0.989422858 2.654251099 0.013942591 0.999435306 -0.030573312 -5.860212326 -0.989728749 0.018144988 0.141802013 236.042953491
0.115459383 0.025283182 0.992990494 3.233306885 0.009908756 0.999596953 -0.026603533 -5.886829376 -0.993262947 0.012910930 0.115162313 236.109481812
0.089406013 0.024915129 0.995683730 3.831985474 0.009782903 0.999616861 -0.025891995 -5.906817436 -0.995947361 0.012055580 0.089128017 236.155273438
0.065176547 0.026588082 0.997519612 4.434890747 0.006593307 0.999611676 -0.027074646 -5.926917076 -0.997852087 0.008341586 0.064975977 236.197479248
0.044238687 0.029274905 0.998592079 5.067031860 0.009787483 0.999509871 -0.029735412 -5.950958729 -0.998973191 0.011089161 0.043930471 236.210922241
0.024871588 0.030179426 0.999235094 5.727935791 0.016511321 0.999395490 -0.030595250 -5.968156815 -0.999554336 0.017259644 0.024358273 236.215972900
0.007574797 0.027679635 0.999588132 6.372482300 0.017056016 0.999467850 -0.027805554 -5.995526314 -0.999825835 0.017259615 0.007098675 236.193099976
-0.008692861 0.023488240 0.999686360 7.053771973 0.015762350 0.999603093 -0.023349222 -6.017712593 -0.999838054 0.015554433 -0.009059668 236.189529419
-0.023151159 0.019973379 0.999532461 7.730422974 0.012881705 0.999723375 -0.019678827 -6.047082901 -0.999648988 0.012420095 -0.023402095 236.175842285
-0.033003926 0.019669369 0.999261677 8.421173096 0.016023479 0.999688268 -0.019148538 -6.070086479 -0.999326766 0.015379673 -0.033308744 236.140594482
-0.040135145 0.022125484 0.998949289 9.140090942 0.021142630 0.999549747 -0.021289330 -6.083180904 -0.998970568 0.020265967 -0.040584922 236.109970093
-0.044089675 0.024013894 0.998739064 9.885223389 0.026858734 0.999378204 -0.022843581 -6.109447002 -0.998666644 0.025817702 -0.044707179 236.052902222
-0.047408581 0.022011166 0.998633027 10.634689331 0.027726801 0.999400914 -0.020711806 -6.129966736 -0.998490691 0.026706981 -0.047990441 236.017944336
-0.049987555 0.018938970 0.998570442 11.396774292 0.025257677 0.999524415 -0.017692693 -6.155041218 -0.998430550 0.024337154 -0.050442100 235.990264893
-0.051588893 0.018276148 0.998501301 12.179718018 0.024984982 0.999543190 -0.017004343 -6.177623749 -0.998355925 0.024070302 -0.052021861 235.958450317
-0.052764773 0.018620104 0.998433411 12.986328125 0.022446495 0.999595642 -0.017455535 -6.207355499 -0.998354673 0.021490289 -0.053161502 235.919525146
-0.053906918 0.018184381 0.998380363 13.785446167 0.025301227 0.999538064 -0.016839340 -6.224827766 -0.998225391 0.024352491 -0.054342151 235.874938965
-0.054747343 0.014731963 0.998391688 14.590377808 0.027229490 0.999541342 -0.013255790 -6.247749805 -0.998129010 0.026459977 -0.055123329 235.836151123
-0.053177595 0.011702309 0.998516619 15.402282715 0.028957300 0.999528885 -0.010172013 -6.269371033 -0.998165250 0.028373422 -0.053491354 235.801651001
-0.049524188 0.011087146 0.998711407 16.214813232 0.028504252 0.999546766 -0.009682950 -6.295465469 -0.998366117 0.027987981 -0.049817681 235.747512817
-0.046180248 0.013130669 0.998846889 17.022994995 0.030071005 0.999478698 -0.011748686 -6.313927174 -0.998480439 0.029493770 -0.046551108 235.719253540
-0.042504668 0.014499161 0.998991132 17.818588257 0.031034160 0.999431372 -0.013185126 -6.337275982 -0.998614252 0.030442422 -0.042930484 235.682968140
-0.040045023 0.012952060 0.999114037 18.614898682 0.031169636 0.999445558 -0.011707065 -6.356955528 -0.998711705 0.030673210 -0.040426612 235.662124634
-0.036311150 0.011977635 0.999268711 19.430541992 0.030614115 0.999472201 -0.010867627 -6.380657196 -0.998871505 0.030197114 -0.036658645 235.632522583
-0.033378959 0.011663402 0.999374688 20.245956421 0.030681085 0.999472618 -0.010639801 -6.404558659 -0.998971701 0.030306756 -0.033719182 235.616546631
-0.029935122 0.014998539 0.999439359 21.049484253 0.030641446 0.999431252 -0.014080647 -6.427761078 -0.999082088 0.030202759 -0.030377746 235.589431763
-0.027845383 0.017442405 0.999460101 21.877853394 0.028372567 0.999458730 -0.016651912 -6.449855804 -0.999209523 0.027893569 -0.028325200 235.587265015
-0.025764465 0.015985405 0.999540150 22.705551147 0.026229968 0.999538720 -0.015309268 -6.469976425 -0.999323785 0.025823474 -0.026171923 235.572830200
-0.023586273 0.012272336 0.999646485 23.549377441 0.021657411 0.999696255 -0.011761948 -6.506797314 -0.999487221 0.021372333 -0.023844957 235.554092407
-0.022030473 0.010655557 0.999700546 24.375686646 0.018294599 0.999780059 -0.010253245 -6.531133652 -0.999589920 0.018063236 -0.022220612 235.548385620
-0.020581007 0.012199200 0.999713838 25.193359375 0.016735148 0.999789655 -0.011855602 -6.551970959 -0.999648213 0.016486356 -0.020780802 235.539443970
-0.018698573 0.014095594 0.999725878 26.020904541 0.014335743 0.999801636 -0.013828532 -6.575936317 -0.999722421 0.014073238 -0.018896937 235.527343750
-0.018847227 0.014558538 0.999716341 26.852798462 0.014139731 0.999797881 -0.014293154 -6.603600979 -0.999722362 0.013866334 -0.019049287 235.524322510
-0.018277884 0.014099103 0.999733686 27.686859131 0.013191932 0.999816954 -0.013859097 -6.628544331 -0.999746025 0.012935103 -0.018460512 235.515319824
-0.018416166 0.013084390 0.999744892 28.512634277 0.012793700 0.999835610 -0.012849908 -6.651905060 -0.999748647 0.012553789 -0.018580556 235.503433228
-0.018996358 0.011603253 0.999752343 29.347930908 0.013874562 0.999839425 -0.011340635 -6.677057266 -0.999723375 0.013655695 -0.019154310 235.491195679
-0.019403934 0.011067022 0.999750495 30.174911499 0.013297472 0.999853134 -0.010810070 -6.709311962 -0.999723315 0.013084396 -0.019548178 235.476593018
-0.020163655 0.011263565 0.999733329 31.002548218 0.013715432 0.999845564 -0.010988205 -6.732983589 -0.999702692 0.013490212 -0.020315051 235.463470459
-0.020689607 0.010636603 0.999729335 31.836013794 0.013449095 0.999855876 -0.010359619 -6.755198002 -0.999695480 0.013231119 -0.020829678 235.451614380
-0.021845579 0.010741538 0.999703825 32.658615112 0.010875908 0.999885678 -0.010505835 -6.777101040 -0.999702334 0.010643180 -0.021959901 235.441879272
-0.024020433 0.009779414 0.999663770 33.482894897 0.007171061 0.999928117 -0.009609693 -6.801950455 -0.999685884 0.006937821 -0.024088740 235.431808472
-0.026486158 0.009901350 0.999600291 34.308364868 0.004820656 0.999940574 -0.009776991 -6.822885990 -0.999637723 0.004559776 -0.026532292 235.418243408
-0.029071808 0.009660618 0.999530673 35.131332397 0.003893354 0.999946833 -0.009551400 -6.847205639 -0.999569774 0.003613851 -0.029107809 235.402313232
-0.030616999 0.007121462 0.999505818 35.939651489 0.001723642 0.999973536 -0.007071996 -6.868810654 -0.999529660 0.001506267 -0.030628443 235.376205444
-0.032886147 0.003435653 0.999453127 36.761138916 -0.000082671 0.999994099 -0.003440233 -6.887281418 -0.999459028 -0.000195762 -0.032885671 235.356933594
-0.034802198 -0.000639813 0.999394119 37.587066650 -0.002330195 0.999997139 0.000559054 -6.905940533 -0.999391615 -0.002309327 -0.034803629 235.343139648
-0.035681605 -0.000961009 0.999362707 38.390930176 -0.002026028 0.999997556 0.000889281 -6.924377918 -0.999361157 -0.001993007 -0.035683513 235.316940308
-0.036512136 0.001951943 0.999331355 39.184921265 -0.000616552 0.999997854 -0.001975772 -6.944748402 -0.999333084 -0.000688280 -0.036510944 235.288131714
-0.036635756 0.006210490 0.999309480 39.990478516 0.000148028 0.999980688 -0.006209235 -6.960874081 -0.999328792 -0.000079554 -0.036635995 235.264129639
-0.037050843 0.009294433 0.999270141 40.793060303 0.001098590 0.999956548 -0.009260083 -6.978466511 -0.999312758 0.000754694 -0.037059426 235.242645264
-0.036664367 0.010112081 0.999276519 41.584686279 0.002189944 0.999947190 -0.010038517 -6.998716354 -0.999325275 0.001820305 -0.036684513 235.214508057
-0.036816835 0.009647189 0.999275506 42.389358521 0.002069928 0.999952018 -0.009577457 -7.022974014 -0.999319911 0.001715816 -0.036835074 235.181961060
-0.038380027 0.009745290 0.999215782 43.181564331 -0.000392722 0.999952197 -0.009767557 -7.043520927 -0.999263227 -0.000767293 -0.038374424 235.165100098
-0.039803386 0.008759094 0.999169052 43.965072632 -0.001645824 0.999959648 -0.008831588 -7.062433243 -0.999206126 -0.001995984 -0.039787412 235.143234253
-0.041225076 0.006104735 0.999131322 44.762924194 -0.001646033 0.999979556 -0.006177835 -7.084247112 -0.999148607 -0.001899285 -0.041214228 235.118041992
-0.043082833 0.003398214 0.999065697 45.559600830 -0.002518818 0.999990642 -0.003509979 -7.106986046 -0.999068320 -0.002667684 -0.043073893 235.082214355
-0.044782639 0.002991924 0.998992264 46.345352173 -0.004038463 0.999986827 -0.003175937 -7.126738071 -0.998988569 -0.004176620 -0.044769883 235.055114746
-0.045698643 0.004844236 0.998943567 47.114669800 -0.004140227 0.999978721 -0.005038659 -7.147090435 -0.998946726 -0.004366113 -0.045677662 235.020812988
-0.045759559 0.006809054 0.998929381 47.905914307 -0.002543075 0.999972761 -0.006932661 -7.161631107 -0.998949349 -0.002857588 -0.045740962 234.992187500
-0.045674920 0.006906644 0.998932481 48.672973633 -0.001439712 0.999974608 -0.006979679 -7.184790611 -0.998955309 -0.001756972 -0.045663834 234.963623047
-0.045181870 0.004920862 0.998966694 49.440979004 -0.000839752 0.999987304 -0.004963871 -7.203801632 -0.998978496 -0.001063161 -0.045177102 234.934371948
-0.044476748 0.003569087 0.999004126 50.205047607 -0.003027860 0.999988556 -0.003707408 -7.216440201 -0.999005914 -0.003189738 -0.044465423 234.913513184
-0.044385791 0.001743576 0.999013007 50.972351074 -0.004971566 0.999985695 -0.001966158 -7.229249477 -0.999002159 -0.005053928 -0.044376493 234.895019531
-0.043200374 0.000109481 0.999066412 51.742095947 -0.006694315 0.999977529 -0.000399048 -7.248293877 -0.999044001 -0.006705305 -0.043198705 234.862396240
-0.042736173 0.000939037 0.999086082 52.489501953 -0.005053699 0.999986589 -0.001156056 -7.270017147 -0.999073744 -0.005098485 -0.042730808 234.832305908
-0.043183923 0.002783003 0.999063373 53.247573853 -0.005431968 0.999980688 -0.003020352 -7.283292770 -0.999052465 -0.005557310 -0.043167949 234.810424805
-0.043444395 0.006847227 0.999032557 54.004989624 -0.008318994 0.999939382 -0.007215206 -7.299798965 -0.999021351 -0.008624404 -0.043384790 234.789123535
-0.044413090 0.005305585 0.998999298 54.750183105 -0.007031230 0.999959469 -0.005623276 -7.320432663 -0.998988688 -0.007273939 -0.044373989 234.764190674
-0.043493509 0.002261893 0.999051213 55.502655029 -0.003810904 0.999989808 -0.002429925 -7.332996845 -0.999046504 -0.003912974 -0.043484449 234.724029541
-0.044301748 0.003360660 0.999012589 56.227325439 -0.003735973 0.999986768 -0.003529610 -7.359577656 -0.999011278 -0.003888651 -0.044288516 234.695953369
-0.045192242 0.010319070 0.998925030 56.955657959 -0.007356917 0.999916077 -0.010662142 -7.385161400 -0.998951197 -0.007830855 -0.045112610 234.673950195
-0.044184089 0.022571592 0.998768449 57.676239014 -0.004610608 0.999729455 -0.022797279 -7.401641369 -0.999012828 -0.005612206 -0.044068098 234.647521973
-0.043079734 0.029638950 0.998632014 58.393539429 0.001800980 0.999560535 -0.029588819 -7.424773216 -0.999070108 0.000523841 -0.043114185 234.609725952
-0.042191148 0.024910079 0.998799026 59.141891479 0.002618995 0.999688447 -0.024821632 -7.453445435 -0.999106169 0.001568597 -0.042243242 234.574920654
-0.041397572 0.018147709 0.998978078 59.863815308 -0.000214509 0.999834836 -0.018172164 -7.486760139 -0.999142885 -0.000966569 -0.041386843 234.570251465
-0.038752198 0.013048198 0.999163628 60.582107544 -0.001021918 0.999913692 -0.013097628 -7.521706581 -0.999248326 -0.001528625 -0.038735509 234.534866333
-0.036276460 0.011164055 0.999279439 61.295318604 0.000276137 0.999937654 -0.011161385 -7.542541027 -0.999341786 -0.000128957 -0.036277294 234.508499146
-0.034826279 0.010984402 0.999333084 62.010482788 0.000558234 0.999939680 -0.010971616 -7.559535503 -0.999393284 0.000175762 -0.034830332 234.489898682
-0.034812450 0.009353410 0.999350250 62.717895508 -0.005052922 0.999941766 -0.009534966 -7.583481312 -0.999381244 -0.005381573 -0.034763098 234.483337402
-0.034756660 0.009259943 0.999352992 63.432052612 -0.010067070 0.999903083 -0.009615164 -7.606625080 -0.999345183 -0.010394745 -0.034659982 234.469436646
-0.035461426 0.010851300 0.999312282 64.132354736 -0.012419342 0.999859035 -0.011297948 -7.622223854 -0.999293983 -0.012811440 -0.035321712 234.452529907
-0.036700249 0.011286792 0.999262571 64.858963013 -0.012569672 0.999851882 -0.011755100 -7.647945881 -0.999247253 -0.012991820 -0.036552906 234.435241699
-0.038533688 0.011054901 0.999196291 65.555664062 -0.014299347 0.999830306 -0.011613366 -7.664885998 -0.999155104 -0.014735357 -0.038369060 234.414520264
-0.039785147 0.010655227 0.999151528 66.250930786 -0.014584192 0.999830425 -0.011243194 -7.682069778 -0.999101877 -0.015019128 -0.039623022 234.395019531
-0.040934324 0.008604341 0.999124885 66.928115845 -0.012605272 0.999878883 -0.009127275 -7.705105305 -0.999082386 -0.012967858 -0.040820837 234.363662720
-0.042010665 0.008427044 0.999081612 67.605773926 -0.010804259 0.999902129 -0.008888277 -7.725420952 -0.999058723 -0.011167740 -0.041915417 234.330535889
-0.043073654 0.007653663 0.999042690 68.276046753 -0.011570236 0.999899745 -0.008159078 -7.749126434 -0.999005020 -0.011910598 -0.042980790 234.308334351
-0.042225599 0.006877753 0.999084473 68.944793701 -0.013283400 0.999884069 -0.007444669 -7.766505241 -0.999019861 -0.013585593 -0.042129397 234.285644531
-0.041241407 0.007992277 0.999117315 69.606277466 -0.014101095 0.999863744 -0.008580309 -7.784563065 -0.999049783 -0.014442510 -0.041123033 234.265701294
-0.040199280 0.010056403 0.999141216 70.252044678 -0.015446752 0.999823630 -0.010684754 -7.802544594 -0.999072373 -0.015863003 -0.040036917 234.244232178
-0.039849162 0.012441624 0.999128282 70.911407471 -0.017034691 0.999768674 -0.013129009 -7.826154232 -0.999060512 -0.017543020 -0.039628029 234.231674194
-0.039403081 0.014326916 0.999120891 71.560958862 -0.015997538 0.999760032 -0.014966985 -7.847695351 -0.999095500 -0.016573211 -0.039164424 234.205688477
-0.039455891 0.014745604 0.999112546 72.214385986 -0.014950246 0.999770463 -0.015345714 -7.866889477 -0.999109507 -0.015542456 -0.039226413 234.186019897
-0.039159417 0.013885901 0.999136627 72.845855713 -0.015833043 0.999769270 -0.014515243 -7.886837959 -0.999107659 -0.016387776 -0.038930535 234.164657593
-0.038883805 0.011750265 0.999174714 73.502349854 -0.018377135 0.999753356 -0.012472231 -7.910050869 -0.999074817 -0.018846933 -0.038658261 234.148742676
-0.039038420 0.010630061 0.999181151 74.133010864 -0.018463813 0.999765038 -0.011357663 -7.928480148 -0.999067068 -0.018892081 -0.038833022 234.131225586
-0.039665222 0.009764375 0.999165297 74.766510010 -0.015927495 0.999819040 -0.010403061 -7.949925900 -0.999086082 -0.016326841 -0.039502621 234.103881836
-0.041826606 0.009804998 0.999076784 75.428527832 -0.013062414 0.999861002 -0.010359554 -7.967663288 -0.999039531 -0.013483658 -0.041692615 234.078811646
-0.045095086 0.009583802 0.998936832 76.058670044 -0.014631992 0.999840379 -0.010253003 -7.984740257 -0.998875678 -0.015078794 -0.044947624 234.058380127
-0.048004627 0.008849565 0.998807967 76.688674927 -0.017161911 0.999805808 -0.009683239 -8.000948906 -0.998699725 -0.017606292 -0.047843337 234.034240723
-0.050164938 0.007181257 0.998715162 77.307525635 -0.017581597 0.999812841 -0.008072264 -8.021409035 -0.998586178 -0.017963951 -0.050029278 234.007537842
-0.053229570 0.009851022 0.998533726 77.925186157 -0.013670969 0.999850452 -0.010592780 -8.041631699 -0.998488724 -0.014214772 -0.053086877 233.961853027
-0.058768630 0.013283649 0.998183370 78.569427490 -0.013277736 0.999812603 -0.014087066 -8.058992386 -0.998183429 -0.014081489 -0.058581233 233.935394287
-0.065333009 0.016237171 0.997731507 79.209564209 -0.013883371 0.999756038 -0.017179223 -8.080247879 -0.997767091 -0.014974242 -0.065091610 233.891235352
-0.071433544 0.017674640 0.997288823 79.861068726 -0.016192393 0.999690711 -0.018877035 -8.093367577 -0.997313976 -0.017496945 -0.071125269 233.849487305
-0.076564670 0.017258648 0.996915340 80.506195068 -0.017699642 0.999669075 -0.018665684 -8.114908218 -0.996907651 -0.019074174 -0.076233864 233.798034668
-0.082155824 0.015644554 0.996496856 81.183441162 -0.015890829 0.999729097 -0.017005414 -8.137893677 -0.996492922 -0.017232250 -0.081884980 233.747802734
-0.088165164 0.016624652 0.995967209 81.864288330 -0.013939329 0.999742210 -0.017921604 -8.161117554 -0.996008456 -0.015463173 -0.087910771 233.686126709
-0.093771338 0.017192323 0.995445311 82.536254883 -0.013651835 0.999734700 -0.018552413 -8.188512802 -0.995500147 -0.015329340 -0.093511701 233.612915039
-0.100335717 0.016507944 0.994816720 83.234222412 -0.016493944 0.999697328 -0.018252486 -8.202610970 -0.994816959 -0.018239824 -0.100033045 233.552551270
-0.106065273 0.012925106 0.994275153 83.938461304 -0.017065527 0.999744594 -0.014816689 -8.226815224 -0.994212687 -0.018539367 -0.105817676 233.475311279
-0.110468388 0.011179529 0.993816793 84.663284302 -0.015712559 0.999792099 -0.012993286 -8.250670433 -0.993755460 -0.017050751 -0.110269785 233.393280029
-0.116617084 0.011299895 0.993112683 85.379806519 -0.012666362 0.999837041 -0.012863765 -8.274091721 -0.993096173 -0.014079260 -0.116454959 233.311157227
-0.122175932 0.014598309 0.992401183 86.117279053 -0.013161526 0.999780059 -0.016327187 -8.286958694 -0.992421329 -0.015056301 -0.121956944 233.221008301
-0.127632976 0.018458679 0.991649806 86.863357544 -0.009902854 0.999753237 -0.019884091 -8.303324699 -0.991772115 -0.012358024 -0.127418637 233.128173828
-0.131572008 0.019414769 0.991116643 87.624114990 -0.007335859 0.999761760 -0.020557962 -8.328632355 -0.991279662 -0.009975540 -0.131398201 233.024124146
-0.135979891 0.018609155 0.990536869 88.395019531 -0.004686196 0.999800324 -0.019426504 -8.350306511 -0.990700543 -0.007283463 -0.135865569 232.914428711
-0.140049934 0.015430463 0.990024209 89.199447632 -0.003474393 0.999864757 -0.016075328 -8.371503830 -0.990138352 -0.005691080 -0.139977336 232.804168701
-0.142952323 0.012740692 0.989647627 90.005065918 -0.001537893 0.999913096 -0.013094994 -8.393594742 -0.989728391 -0.003393930 -0.142920256 232.686492920
-0.144871354 0.010340066 0.989396393 90.828277588 0.001690995 0.999946535 -0.010202721 -8.413586617 -0.989448965 0.000194982 -0.144881129 232.569000244
-0.146031618 0.008561607 0.989242852 91.649688721 0.003861405 0.999959886 -0.008084341 -8.434160233 -0.989272356 0.002639297 -0.146058798 232.442123413
-0.146286607 0.008746612 0.989203751 92.494888306 0.005394688 0.999953091 -0.008043877 -8.450122833 -0.989227712 0.004159736 -0.146326900 232.317276001
-0.146287680 0.011380826 0.989176512 93.348220825 0.006641590 0.999922574 -0.010522248 -8.467837334 -0.989219725 0.005030429 -0.146351933 232.204071045
-0.146018147 0.013945634 0.989183724 94.228149414 0.009989180 0.999870420 -0.012621747 -8.486663818 -0.989231586 0.008038129 -0.146138549 232.082214355
-0.144670725 0.016866162 0.989336073 95.115264893 0.013717776 0.999792814 -0.015038475 -8.507035255 -0.989384770 0.011395863 -0.144872189 231.947219849
-0.142805219 0.015540194 0.989628911 96.024139404 0.018629093 0.999741793 -0.013010788 -8.528494835 -0.989575565 0.016577879 -0.143057942 231.808563232
-0.139313579 0.015775118 0.990122676 96.925506592 0.023793228 0.999637783 -0.012578933 -8.551912308 -0.989962459 0.021805799 -0.139638424 231.672485352
-0.135103464 0.014904916 0.990719438 97.859527588 0.026502248 0.999583483 -0.011424188 -8.569536209 -0.990477085 0.024712844 -0.135442257 231.546798706
-0.131082296 0.013922372 0.991273761 98.800033569 0.030031290 0.999498248 -0.010066662 -8.593736649 -0.990916550 0.028449668 -0.131434560 231.423278809
-0.125971913 0.012171009 0.991959274 99.749343872 0.029867932 0.999517977 -0.008470736 -8.611869812 -0.991584182 0.028560694 -0.126274705 231.307693481
-0.121443391 0.012724361 0.992516935 100.708709717 0.030282579 0.999499857 -0.009108542 -8.634735107 -0.992136478 0.028949797 -0.121767998 231.202453613
-0.116693377 0.014652455 0.993059993 101.683151245 0.029442342 0.999502718 -0.011287784 -8.653078079 -0.992731571 0.027920801 -0.117066741 231.099761963
-0.111166835 0.014613649 0.993694425 102.657058716 0.030815816 0.999461770 -0.011251038 -8.680453300 -0.993324041 0.029370761 -0.111557245 230.979827881
-0.106605291 0.012434779 0.994223893 103.652099609 0.031259708 0.999469399 -0.009148582 -8.699436188 -0.993810117 0.030103859 -0.106937528 230.885025024
-0.101654768 0.011241059 0.994756281 104.650604248 0.029834926 0.999520838 -0.008246049 -8.731211662 -0.994372308 0.028840229 -0.101941466 230.788864136
-0.098091483 0.016883431 0.995034397 105.639221191 0.029259080 0.999472797 -0.014074356 -8.752670288 -0.994747400 0.027733212 -0.098533750 230.696258545
-0.096140981 0.024326129 0.995070457 106.633117676 0.028917750 0.999347568 -0.021636738 -8.789049149 -0.994947612 0.026695022 -0.096781731 230.610473633
-0.094933867 0.027076803 0.995115340 107.635772705 0.029059310 0.999279380 -0.024417855 -8.820245743 -0.995059431 0.026599284 -0.095652342 230.520019531
-0.093434215 0.023819959 0.995340586 108.642059326 0.030231142 0.999320686 -0.021077370 -8.853814125 -0.995166540 0.028120937 -0.094090819 230.429840088
-0.092326403 0.017681282 0.995571792 109.636611938 0.031317506 0.999399245 -0.014844962 -8.892398834 -0.995236158 0.029808244 -0.092824697 230.342864990
-0.091228247 0.013972357 0.995731950 110.664337158 0.035311501 0.999318123 -0.010787462 -8.928344727 -0.995203733 0.034176670 -0.091659427 230.238006592
-0.090298891 0.010880456 0.995855451 111.668090820 0.035619747 0.999335825 -0.007688680 -8.951013565 -0.995277703 0.034777835 -0.090626478 230.152069092
-0.089996934 0.009304991 0.995898724 112.674514771 0.034975931 0.999369085 -0.006176730 -8.979498863 -0.995327830 0.034276593 -0.090265632 230.068542480
-0.089144349 0.010026841 0.995968342 113.690353394 0.034308217 0.999386847 -0.006990495 -8.999089241 -0.995427728 0.033546735 -0.089433670 229.986175537
-0.088072062 0.013766047 0.996018946 114.686492920 0.035005618 0.999329686 -0.010716464 -9.033338547 -0.995498836 0.033922438 -0.088494897 229.897659302
-0.087105751 0.016128324 0.996068537 115.683212280 0.034493309 0.999318242 -0.013164520 -9.057698250 -0.995601773 0.033210993 -0.087602735 229.817749023
-0.086032033 0.015692841 0.996168911 116.679275513 0.034599703 0.999319851 -0.012754354 -9.084682465 -0.995691538 0.033369862 -0.086516500 229.735687256
-0.084556222 0.013820732 0.996322930 117.686416626 0.034744274 0.999336660 -0.010913855 -9.116995811 -0.995812833 0.033693682 -0.084980249 229.651885986
-0.082724929 0.015120848 0.996457815 118.675888062 0.032818489 0.999383926 -0.012440697 -9.151981354 -0.996032059 0.031673081 -0.083170295 229.564605713
-0.080850482 0.018722011 0.996550560 119.666015625 0.031952355 0.999358356 -0.016182464 -9.180896759 -0.996214092 0.030533778 -0.081396818 229.487640381
-0.078544974 0.020094840 0.996708155 120.669616699 0.032678477 0.999311447 -0.017572127 -9.206261635 -0.996374965 0.031190705 -0.079147458 229.420501709
-0.075927615 0.016023513 0.996984720 121.661041260 0.032254640 0.999387085 -0.013605705 -9.241167068 -0.996591687 0.031124333 -0.076397896 229.344787598
-0.073258996 0.011547294 0.997246146 122.657989502 0.030150101 0.999501586 -0.009358544 -9.279281616 -0.996857107 0.029381473 -0.073570728 229.286727905
-0.070635200 0.009833958 0.997453690 123.657073975 0.030604091 0.999502003 -0.007686907 -9.302956581 -0.997032583 0.029983198 -0.070900917 229.230072021
-0.068071961 0.011046078 0.997619271 124.645980835 0.030490469 0.999494672 -0.008986344 -9.327571869 -0.997214377 0.029806161 -0.068374395 229.167770386
-0.066207051 0.011148771 0.997743607 125.622261047 0.027081145 0.999589324 -0.009372376 -9.356056213 -0.997438371 0.026399521 -0.066481829 229.117706299
-0.064663172 0.009485356 0.997862041 126.613533020 0.023809483 0.999684811 -0.007959787 -9.384167671 -0.997623086 0.023243874 -0.064868689 229.054626465
-0.062825084 0.006870778 0.998001039 127.596061707 0.018230667 0.999817371 -0.005735648 -9.403047562 -0.997858167 0.017833879 -0.062938809 229.007049561
-0.062142730 0.005343665 0.998053014 128.578811646 0.012761750 0.999908149 -0.004559001 -9.433374405 -0.997985721 0.012453595 -0.062205195 228.961914062
-0.062164187 0.008184989 0.998032331 129.549438477 0.011671063 0.999903977 -0.007473386 -9.454547882 -0.997997642 0.011183523 -0.062253714 228.909500122
-0.063190103 0.010015774 0.997951388 130.486618042 0.011367855 0.999891996 -0.009315443 -9.495546341 -0.997936904 0.010755923 -0.063297153 228.853729248
-0.063343048 0.014557733 0.997885764 131.439804077 0.010285879 0.999850035 -0.013933472 -9.520826340 -0.997938991 0.009381544 -0.063483238 228.805770874
-0.062894821 0.017694997 0.997863412 132.392852783 0.010979233 0.999794602 -0.017037230 -9.549473763 -0.997959912 0.009884222 -0.063076138 228.749206543
-0.063521624 0.019208634 0.997795701 133.351379395 0.013356911 0.999741554 -0.018395772 -9.580226898 -0.997891188 0.012158941 -0.063761711 228.687789917
-0.063505530 0.014517051 0.997876108 134.277206421 0.011763657 0.999835610 -0.013796915 -9.610395432 -0.997912347 0.010862492 -0.063665867 228.623474121
-0.065742135 0.010672783 0.997779608 135.231460571 0.010208867 0.999897659 -0.010022794 -9.648532867 -0.997784436 0.009527280 -0.065844417 228.579376221
-0.066683888 0.009345287 0.997730553 136.171966553 0.008983155 0.999921203 -0.008765414 -9.673019409 -0.997733891 0.008378256 -0.066762567 228.514755249
-0.069469213 0.009150397 0.997542262 137.112213135 0.005604470 0.999945760 -0.008782148 -9.701477051 -0.997568488 0.004980607 -0.069516778 228.463928223
-0.073160648 0.009060440 0.997279048 138.051147461 0.003635327 0.999954522 -0.008818058 -9.727024078 -0.997313619 0.002980301 -0.073190212 228.406692505
-0.077064514 0.008310745 0.996991634 138.988540649 0.002978219 0.999962687 -0.008105305 -9.752204895 -0.997021854 0.002344629 -0.077086329 228.343048096
-0.080770135 0.007409907 0.996705353 139.924331665 0.002247980 0.999971151 -0.007252018 -9.779875755 -0.996730328 0.001654828 -0.080784440 228.264251709
-0.085027218 0.007518365 0.996350288 140.846572876 0.001716998 0.999971151 -0.007399161 -9.803942680 -0.996377170 0.001081601 -0.085037708 228.189727783
-0.088881612 0.007994588 0.996010184 141.779449463 0.000871893 0.999968052 -0.007948551 -9.828277588 -0.996041894 0.000161935 -0.088885665 228.110015869
-0.092848539 0.010641150 0.995623350 142.706115723 -0.002313718 0.999937892 -0.010903033 -9.851695061 -0.995677531 -0.003315923 -0.092818141 228.030960083
-0.098592639 0.011828911 0.995057642 143.631530762 0.000337245 0.999929667 -0.011853414 -9.876142502 -0.995127857 -0.000833081 -0.098589778 227.950378418
-0.104047894 0.012318582 0.994496107 144.562164307 0.001101915 0.999924123 -0.012270533 -9.895747185 -0.994571805 -0.000180870 -0.104053497 227.855285645
-0.111796141 0.011297673 0.993667126 145.490051270 0.000010417 0.999935389 -0.011367771 -9.920171738 -0.993731320 -0.001260520 -0.111788988 227.760375977
-0.120166540 0.010123226 0.992702305 146.414749146 -0.000112078 0.999947846 -0.010210682 -9.953150749 -0.992753923 -0.001338240 -0.120159149 227.650192261
-0.128554940 0.006962459 0.991677940 147.357254028 0.000071205 0.999975443 -0.007011483 -9.971153259 -0.991702378 -0.000830748 -0.128552318 227.527603149
-0.137792110 0.004990232 0.990448713 148.298919678 0.001253098 0.999987364 -0.004863960 -9.993005753 -0.990460515 0.000570915 -0.137796640 227.400848389
-0.146598101 0.003870648 0.989188552 149.204910278 0.000383571 0.999992490 -0.003856078 -10.014418602 -0.989196062 -0.000185869 -0.146598458 227.260498047
-0.156101108 0.003899605 0.987733483 150.128173828 -0.000161286 0.999992073 -0.003973492 -10.033908844 -0.987741172 -0.000779574 -0.156099200 227.119369507
-0.165093660 0.003527382 0.986271739 151.058822632 0.000815033 0.999993742 -0.003440029 -10.053042412 -0.986277699 0.000235918 -0.165095568 226.966949463
-0.174260020 0.003651309 0.984693050 151.982574463 0.002510067 0.999991536 -0.003263833 -10.072514534 -0.984696627 0.001902890 -0.174267769 226.801971436
-0.184157610 0.006101141 0.982877791 152.906661987 0.004238085 0.999976397 -0.005413207 -10.092115402 -0.982887566 0.003168636 -0.184179068 226.630554199
-0.194221735 0.007842144 0.980926454 153.826629639 0.005026865 0.999962866 -0.006999024 -10.113730431 -0.980944932 0.003571623 -0.194253922 226.445678711
-0.204667330 0.007007671 0.978806555 154.759796143 0.007558838 0.999955893 -0.005578544 -10.135227203 -0.978802443 0.006256894 -0.204711199 226.246215820
-0.215098262 0.006473083 0.976571023 155.663314819 0.011007085 0.999930561 -0.004203514 -10.156930923 -0.976530433 0.009845032 -0.215154529 226.035034180
-0.225613356 0.008656574 0.974178493 156.592910767 0.014265820 0.999882638 -0.005581112 -10.180912018 -0.974112511 0.012638282 -0.225710392 225.823455811
-0.234076142 0.011382511 0.972151637 157.512420654 0.018699933 0.999799192 -0.007203627 -10.196420670 -0.972038448 0.016492972 -0.234241962 225.593261719
-0.239741445 0.011454313 0.970769405 158.458374023 0.022562461 0.999726057 -0.006223953 -10.215054512 -0.970574796 0.020410804 -0.239934206 225.357116699
-0.244280815 0.011703779 0.969633996 159.383361816 0.029289808 0.999559999 -0.004685987 -10.230846405 -0.969262183 0.027255693 -0.244516134 225.115127563
-0.246626854 0.013347087 0.969018638 160.307769775 0.033797011 0.999415398 -0.005164025 -10.262466431 -0.968521059 0.031476345 -0.246933699 224.870315552
-0.247051120 0.016877729 0.968855560 161.228652954 0.037635565 0.999261022 -0.007810608 -10.283725739 -0.968271434 0.034533806 -0.247503757 224.637207031
-0.245109200 0.019973630 0.969289780 162.156005859 0.043885171 0.998991549 -0.009488216 -10.302021980 -0.968501806 0.040211797 -0.245738626 224.399581909
-0.241377831 0.021913219 0.970183909 163.073028564 0.045971680 0.998880804 -0.011123822 -10.330509186 -0.969341815 0.041915935 -0.242115021 224.173812866
-0.235023499 0.020864090 0.971765816 163.999954224 0.051879309 0.998613775 -0.008893416 -10.356410980 -0.970604300 0.048324376 -0.235780120 223.927932739
-0.228637934 0.017134933 0.973360896 164.926513672 0.055820677 0.998430848 -0.004464255 -10.375879288 -0.971910000 0.053312957 -0.229235649 223.711669922
-0.222860813 0.011866379 0.974778175 165.861190796 0.058971915 0.998258770 0.001330357 -10.398533821 -0.973065078 0.057781015 -0.223172545 223.497482300
-0.217352509 0.011773197 0.976022303 166.796707153 0.062529407 0.998041332 0.001885998 -10.418924332 -0.974088430 0.061440017 -0.217662930 223.278396606
-0.212055326 0.015104937 0.977140903 167.709777832 0.064034157 0.997946560 -0.001530113 -10.436417580 -0.975157499 0.062245924 -0.212587118 223.081649780
-0.205851793 0.020768052 0.978362799 168.626281738 0.065112889 0.997849882 -0.007481674 -10.456698418 -0.976414561 0.062163912 -0.206761479 222.883773804
-0.200246811 0.024699975 0.979434133 169.570892334 0.066684827 0.997707486 -0.011526988 -10.477721214 -0.977473497 0.063005149 -0.201434851 222.691238403
-0.194157481 0.025014326 0.980651498 170.499893188 0.065765157 0.997757733 -0.012429949 -10.501161575 -0.978763521 0.062079329 -0.195367217 222.512603760
-0.187456727 0.020717433 0.982054412 171.419754028 0.062666103 0.997993112 -0.009091834 -10.529452324 -0.980271935 0.059837200 -0.188378811 222.344207764
-0.180487514 0.016962092 0.983431041 172.344024658 0.063246660 0.997982204 -0.005605509 -10.557763100 -0.981541753 0.061187003 -0.181196094 222.171615601
-0.173525572 0.016411679 0.984692693 173.261444092 0.064865172 0.997880459 -0.005200743 -10.577140808 -0.982690990 0.062969789 -0.174222350 222.005416870
-0.168217659 0.016692746 0.985608697 174.172760010 0.063931204 0.997936308 -0.005990166 -10.597266197 -0.983674765 0.062003497 -0.168937683 221.863342285
-0.165184259 0.018485647 0.986089647 175.077362061 0.061868045 0.998049438 -0.008346076 -10.630359650 -0.984320521 0.059628792 -0.166005731 221.715621948
-0.163071632 0.021728378 0.986375034 175.973083496 0.062850267 0.997955620 -0.011592817 -10.655752182 -0.984610379 0.060103472 -0.164103866 221.568664551
-0.162388802 0.022688420 0.986466169 176.851501465 0.063699938 0.997891247 -0.012465132 -10.682312965 -0.984668732 0.060813628 -0.163491607 221.426696777
-0.161733150 0.019840576 0.986635208 177.721878052 0.064582333 0.997867346 -0.009479862 -10.702799797 -0.984719157 0.062185984 -0.162669659 221.282318115
-0.161317945 0.013221646 0.986813903 178.597686768 0.066663004 0.997772515 -0.002470831 -10.726150513 -0.984648407 0.065385386 -0.161840081 221.137161255
-0.160943508 0.006831193 0.986940086 179.439788818 0.066068366 0.997807622 0.003867561 -10.749040604 -0.984749913 0.065827973 -0.161041975 221.007369995
-0.160660267 0.006814567 0.986986279 180.261169434 0.066922642 0.997750103 0.004004686 -10.767358780 -0.984738410 0.066695124 -0.160754800 220.877426147
-0.159986854 0.011068225 0.987057149 181.065429688 0.069218062 0.997601569 0.000032721 -10.789575577 -0.984689415 0.068327412 -0.160369277 220.743637085
-0.158958912 0.016719148 0.987143755 181.898925781 0.069212034 0.997585416 -0.005750849 -10.805719376 -0.984856367 0.067408070 -0.159732223 220.603424072
-0.158946276 0.020036163 0.987083912 182.708770752 0.067184560 0.997695982 -0.009433102 -10.823499680 -0.984998643 0.064817436 -0.159926176 220.476104736
-0.159186006 0.020940168 0.987026632 183.517028809 0.065542333 0.997793496 -0.010598042 -10.842517853 -0.985070705 0.063004963 -0.160207272 220.354187012
-0.160030246 0.019721165 0.986915171 184.316436768 0.065844931 0.997786880 -0.009261527 -10.865245819 -0.984913707 0.063501231 -0.160974622 220.225128174
-0.161221981 0.017175408 0.986768782 185.138183594 0.067076817 0.997727215 -0.006406890 -10.886924744 -0.984636128 0.065156370 -0.162007689 220.090347290
-0.162548780 0.013303423 0.986610830 185.958724976 0.069536567 0.997577429 -0.001994820 -10.892140388 -0.984247208 0.068281271 -0.163079977 219.946472168
-0.164007187 0.008814713 0.986419857 186.773757935 0.072235771 0.997382760 0.003097602 -10.908302307 -0.983810842 0.071762823 -0.164214730 219.807006836
-0.165727854 0.007459584 0.986143410 187.576400757 0.074629679 0.997198761 0.004998790 -10.924139023 -0.983343720 0.074423999 -0.165820360 219.672851562
-0.166796207 0.010073663 0.985940039 188.361297607 0.076579019 0.997059703 0.002767958 -10.939853668 -0.983013153 0.075963996 -0.167077184 219.532943726
-0.167171836 0.016130159 0.985795975 189.171234131 0.078209937 0.996932268 -0.003049505 -10.957158089 -0.982820988 0.076589242 -0.167920470 219.394271851
-0.165583253 0.022750948 0.985933602 189.943084717 0.079642445 0.996776998 -0.009625585 -10.970948219 -0.982974946 0.076928310 -0.166861534 219.259231567
-0.163733244 0.024231866 0.986207068 190.718017578 0.080992416 0.996653557 -0.011041935 -10.993997574 -0.983174384 0.078067355 -0.165148020 219.129745483
-0.160563827 0.022283752 0.986774027 191.513000488 0.080965817 0.996673167 -0.009332887 -11.008022308 -0.983699143 0.078396440 -0.161833882 219.004028320
-0.156189442 0.016739147 0.987585247 192.283386230 0.079187244 0.996850193 -0.004372497 -11.036130905 -0.984547734 0.077521220 -0.157023072 218.880691528
-0.151505709 0.014330482 0.988352537 193.059661865 0.078502208 0.996910989 -0.002420884 -11.052701950 -0.985334218 0.077221081 -0.152162671 218.763107300
-0.147331953 0.013040867 0.989001155 193.840057373 0.076725155 0.997050822 -0.001717232 -11.076269150 -0.986106753 0.075628258 -0.147897959 218.656936646
-0.143018484 0.013936893 0.989621997 194.624359131 0.077075392 0.997021019 -0.002902295 -11.085050583 -0.986714423 0.075860411 -0.143666625 218.542236328
-0.139852166 0.016248019 0.990039170 195.389526367 0.077246726 0.996997118 -0.005450400 -11.108906746 -0.987154722 0.075715020 -0.140687346 218.443618774
-0.136210680 0.018223185 0.990512371 196.154266357 0.078356542 0.996896684 -0.007565423 -11.125629425 -0.987576365 0.076582626 -0.137215853 218.337875366
-0.133063674 0.017962607 0.990944684 196.915054321 0.079031110 0.996844232 -0.007457276 -11.138111115 -0.987951458 0.077323169 -0.134063363 218.232040405
-0.131038189 0.012743777 0.991295457 197.688858032 0.079063505 0.996866763 -0.002364090 -11.155973434 -0.988219678 0.078065507 -0.131635189 218.134246826
-0.129301667 0.008747473 0.991566718 198.445068359 0.079426840 0.996839464 0.001563377 -11.175074577 -0.988419175 0.078959160 -0.129587770 218.038955688
-0.128142715 0.008546485 0.991719067 199.201324463 0.077484325 0.996992588 0.001420014 -11.191063881 -0.988724411 0.077024639 -0.128419518 217.944259644
-0.127223372 0.012022558 0.991801202 199.956954956 0.076181933 0.997091234 -0.002314441 -11.208439827 -0.988944113 0.075262882 -0.127769232 217.847198486
-0.126831293 0.016444700 0.991788030 200.699981689 0.074995048 0.997159719 -0.006943291 -11.222455978 -0.989085257 0.073498562 -0.127704382 217.758300781
-0.126901031 0.018011931 0.991751850 201.429656982 0.069127500 0.997564733 -0.009272194 -11.238479614 -0.989503682 0.067380667 -0.127837062 217.679458618
-0.127316236 0.016514169 0.991724730 202.140441895 0.065756455 0.997802198 -0.008173646 -11.260990143 -0.989680111 0.064171657 -0.128122330 217.595413208
-0.127612948 0.012477764 0.991745591 202.841156006 0.064066194 0.997936308 -0.004311932 -11.279468536 -0.989752769 0.062987104 -0.128149033 217.510726929
-0.127512813 0.008228990 0.991802931 203.508728027 0.064663619 0.997907102 0.000033942 -11.296386719 -0.989726901 0.064137883 -0.127778053 217.424621582
-0.128203869 0.005354535 0.991733432 204.177673340 0.063572235 0.997973204 0.002829916 -11.312652588 -0.989708245 0.063409515 -0.128284454 217.335784912
-0.128636360 0.005406471 0.991677105 204.811004639 0.060901131 0.998140752 0.002458142 -11.328004837 -0.989820063 0.060710467 -0.128726482 217.263442993
-0.128219843 0.007839173 0.991714835 205.412994385 0.059490897 0.998228848 -0.000199021 -11.343669891 -0.989959896 0.058972482 -0.128459096 217.187622070
-0.127571464 0.011710981 0.991760373 205.989059448 0.060308155 0.998171687 -0.004029180 -11.361444473 -0.989994287 0.059297226 -0.128044486 217.110229492
-0.126844883 0.014367176 0.991818428 206.531005859 0.062275805 0.998037875 -0.006492734 -11.376726151 -0.989965677 0.060942724 -0.127490759 217.040451050
-0.125710249 0.015236183 0.991949975 207.055725098 0.061800972 0.998060346 -0.007497975 -11.393360138 -0.990140200 0.060360901 -0.126407981 216.975662231
-0.124752402 0.015144069 0.992072284 207.561279297 0.059212070 0.998215020 -0.007791960 -11.408500671 -0.990419507 0.057770588 -0.125426412 216.916793823
-0.124695420 0.015010332 0.992081523 208.039672852 0.056721162 0.998358190 -0.007975981 -11.423938751 -0.990572453 0.055277448 -0.125342131 216.868850708
-0.124925971 0.017039130 0.992019773 208.514160156 0.056160886 0.998370886 -0.010075826 -11.438699722 -0.990575373 0.054453976 -0.125679374 216.807907104
-0.126858115 0.019342929 0.991732299 208.966156006 0.056792133 0.998311400 -0.012206644 -11.460380554 -0.990293741 0.054774079 -0.127742529 216.745468140
-0.130025983 0.021930397 0.991268218 209.412277222 0.056541979 0.998292446 -0.014669124 -11.474588394 -0.989897311 0.054140892 -0.131044030 216.686004639
-0.134816766 0.023440516 0.990593255 209.853179932 0.055687990 0.998319328 -0.016044373 -11.491125107 -0.989304483 0.053001095 -0.135895491 216.627304077
-0.139503360 0.024313666 0.989923239 210.303466797 0.055739194 0.998306274 -0.016664617 -11.505231857 -0.988651752 0.052852746 -0.140622258 216.560546875
-0.144338131 0.024115968 0.989234686 210.732452393 0.056567963 0.998269200 -0.016082458 -11.520000458 -0.987910390 0.053637672 -0.145452499 216.491027832
-0.149290204 0.024055688 0.988500714 211.149444580 0.057898294 0.998201430 -0.015547554 -11.534503937 -0.987096846 0.054911409 -0.150414467 216.421997070
-0.154176116 0.023826281 0.987756133 211.549072266 0.059848208 0.998098731 -0.014734221 -11.548156738 -0.986229181 0.056843765 -0.155308962 216.348220825
-0.159047961 0.022356121 0.987017810 211.927368164 0.061365224 0.998034358 -0.012717276 -11.561488152 -0.985361993 0.058545914 -0.160107136 216.278640747
-0.163623571 0.021075690 0.986297846 212.286254883 0.061693072 0.998033524 -0.011091798 -11.575481415 -0.984592080 0.059032857 -0.164602041 216.221878052
-0.168142557 0.021783583 0.985522032 212.626007080 0.061041184 0.998067319 -0.011646485 -11.584011078 -0.983871043 0.058199160 -0.169147253 216.173171997
-0.171860814 0.023611698 0.984838367 212.930664062 0.060400303 0.998084426 -0.013389030 -11.598800659 -0.983267963 0.057183478 -0.172957659 216.109481812
-0.175690174 0.026275806 0.984094858 213.246093750 0.060680225 0.998031974 -0.015814716 -11.608243942 -0.982573688 0.056936603 -0.176938891 216.049682617
-0.179655075 0.027200824 0.983353496 213.556762695 0.062083874 0.997938454 -0.016261760 -11.618902206 -0.981768548 0.058128886 -0.180973411 215.991699219
-0.183930397 0.026368806 0.982585609 213.862945557 0.064131029 0.997832119 -0.014773269 -11.631379128 -0.980845094 0.060296964 -0.185222745 215.924148560
-0.189478993 0.025034752 0.981565773 214.165985107 0.064930528 0.997806191 -0.012914951 -11.640331268 -0.979735792 0.061286461 -0.190688848 215.863006592
-0.195074797 0.024976438 0.980470479 214.471740723 0.065534510 0.997773528 -0.012378450 -11.646312714 -0.978596628 0.061839920 -0.196277261 215.798263550
-0.199904203 0.025167976 0.979492128 214.771575928 0.065589085 0.997771502 -0.012251612 -11.658060074 -0.977617681 0.061794851 -0.201109409 215.729339600
-0.205677152 0.025584415 0.978285432 215.070236206 0.064263545 0.997853577 -0.012585244 -11.666831970 -0.976507664 0.060279593 -0.206879854 215.666854858
-0.212409973 0.025306007 0.976852894 215.361267090 0.062812544 0.997950852 -0.012194403 -11.678652763 -0.975159764 0.058768403 -0.213564277 215.597473145
-0.220670819 0.026304279 0.974993706 215.654220581 0.062480185 0.997964323 -0.012782836 -11.688089371 -0.973345220 0.058096983 -0.221865058 215.534027100
-0.228915572 0.029144421 0.973010063 215.942779541 0.063200437 0.997887790 -0.015020723 -11.693668365 -0.971392632 0.058056179 -0.230273962 215.452301025
-0.239710212 0.031321768 0.970339298 216.230773926 0.062455405 0.997906625 -0.016782807 -11.703673363 -0.968833685 0.056579921 -0.241164565 215.371780396
-0.252393126 0.031903699 0.967098832 216.531005859 0.061602823 0.997958601 -0.016844664 -11.714080811 -0.965662003 0.055324536 -0.253843307 215.278717041
-0.267033935 0.033353232 0.963109910 216.833953857 0.059972420 0.998038888 -0.017934773 -11.720954895 -0.961819351 0.052970834 -0.268510580 215.185821533
-0.281536102 0.034875967 0.958916843 217.138397217 0.059870072 0.998030603 -0.018720821 -11.727130890 -0.957681298 0.052139830 -0.283069611 215.084884644
-0.296752691 0.034515787 0.954330623 217.444259644 0.057652820 0.998171270 -0.018174045 -11.736676216 -0.953212678 0.049626648 -0.298200011 214.995376587
-0.312441468 0.033119567 0.949359655 217.761306763 0.054359905 0.998377740 -0.016939377 -11.744935036 -0.948380589 0.046314534 -0.313735008 214.876434326
-0.329679370 0.033810012 0.943487465 218.080032349 0.052953862 0.998447537 -0.017276045 -11.753487587 -0.942606807 0.044265747 -0.330957890 214.752487183
-0.348424554 0.035503440 0.936664283 218.406433105 0.053937696 0.998386025 -0.017778963 -11.755386353 -0.935783744 0.044326883 -0.349777222 214.620315552
-0.368097782 0.037016429 0.929050088 218.724655151 0.053971328 0.998373032 -0.018394578 -11.773607254 -0.928219497 0.043371059 -0.369496822 214.476211548
-0.389318109 0.038429201 0.920301676 219.039184570 0.052929342 0.998411715 -0.019300010 -11.786036491 -0.919581652 0.041197114 -0.390733838 214.335281372
-0.412268162 0.037903398 0.910273731 219.378570557 0.049618758 0.998585403 -0.019108040 -11.800036430 -0.909710348 0.037289016 -0.413565636 214.173507690
-0.436911345 0.037270769 0.898732364 219.727111816 0.045429453 0.998780429 -0.019334659 -11.802838326 -0.898356915 0.032381386 -0.438071728 214.002563477
-0.462794900 0.035638619 0.885748923 220.089492798 0.041600909 0.998963773 -0.018457843 -11.822003365 -0.885488927 0.028305763 -0.463797927 213.813446045
-0.488723993 0.035120040 0.871731579 220.438980103 0.040681221 0.999019921 -0.017440852 -11.832459450 -0.871489763 0.026939340 -0.489673734 213.597534180
-0.515491843 0.034704607 0.856191635 220.789810181 0.041288126 0.999024928 -0.015635617 -11.842137337 -0.855899453 0.027290514 -0.516422033 213.356796265
-0.543938875 0.033568166 0.838453233 221.152618408 0.041892752 0.999039888 -0.012819851 -11.851404190 -0.838078558 0.028151898 -0.544822931 213.107940674
-0.572130561 0.031943165 0.819540501 221.535964966 0.041775808 0.999079168 -0.009776869 -11.863623619 -0.819098115 0.028643319 -0.572938204 212.825164795
-0.600381851 0.030114537 0.799146235 221.878723145 0.040501870 0.999153376 -0.007223270 -11.876506805 -0.798687160 0.028030194 -0.601093292 212.547576904
-0.628358483 0.029602135 0.777360618 222.231933594 0.040516727 0.999164820 -0.005297911 -11.892688751 -0.776868165 0.028167117 -0.629032969 212.225784302
-0.656576276 0.031387758 0.753606617 222.601776123 0.041841079 0.999110937 -0.005159200 -11.881420135 -0.753098547 0.028144300 -0.657305837 211.898712158
-0.683941603 0.029982744 0.728920341 222.930541992 0.041601516 0.999132156 -0.002062933 -11.895833015 -0.728349566 0.028913267 -0.684595346 211.547912598
-0.710831285 0.027929470 0.702808142 223.268218994 0.040488295 0.999179244 0.001243283 -11.902189255 -0.702196598 0.029339265 -0.711378574 211.172286987
-0.736701369 0.026575360 0.675695837 223.606994629 0.038810749 0.999242008 0.003014247 -11.899353027 -0.675103605 0.028444860 -0.737174392 210.771728516
-0.762172461 0.025056092 0.646888852 223.934143066 0.036245134 0.999334931 0.003997004 -11.906294823 -0.646358490 0.026492978 -0.762573838 210.371017456
-0.786454320 0.024693057 0.617154777 224.255798340 0.035598937 0.999351680 0.005379344 -11.912687302 -0.616621792 0.026200661 -0.786823511 209.930114746
-0.809057236 0.025852865 0.587161183 224.552856445 0.036185957 0.999327898 0.005860433 -11.906431198 -0.586615086 0.025988415 -0.809448957 209.467590332
-0.830603838 0.026605390 0.556227863 224.826538086 0.036151864 0.999327183 0.006185212 -11.915074348 -0.555689037 0.025246136 -0.831006765 209.014587402
-0.850122929 0.028040953 0.525837719 225.110229492 0.036695652 0.999308228 0.006036555 -11.912795067 -0.525304735 0.024427768 -0.850563884 208.515411377
-0.867914796 0.027699213 0.495940834 225.385864258 0.036020663 0.999324918 0.007223322 -11.913841248 -0.495405972 0.024133341 -0.868326664 207.991577148
-0.884945035 0.029353781 0.464769542 225.649200439 0.037322588 0.999271631 0.007952412 -11.922372818 -0.464197576 0.024383849 -0.885396123 207.474212646
-0.901228905 0.027322374 0.432481468 225.896759033 0.034868442 0.999346495 0.009526247 -11.919250488 -0.431938559 0.023665281 -0.901592731 206.925384521
-0.916512966 0.024236379 0.399270713 226.133728027 0.031924870 0.999410629 0.012616637 -11.918538094 -0.398729622 0.024309972 -0.916746616 206.342437744
-0.930951715 0.023793733 0.364366114 226.354156494 0.032403894 0.999321043 0.017534241 -11.921323776 -0.363701522 0.028130412 -0.931090593 205.754135132
-0.944197297 0.026365748 0.328324437 226.547943115 0.036073510 0.999072552 0.023510911 -11.913232803 -0.327400059 0.034042746 -0.944272637 205.140655518
-0.956098080 0.026202451 0.291873276 226.710083008 0.036260899 0.998918474 0.029104624 -11.904298782 -0.290794969 0.038410459 -0.956014156 204.505004883
-0.967089534 0.022609683 0.253430396 226.874023438 0.031814542 0.998972356 0.032281283 -11.906231880 -0.252440065 0.039281655 -0.966814995 203.874084473
-0.976455331 0.022897009 0.214501739 227.010375977 0.030566134 0.999004066 0.032504421 -11.891098022 -0.213543847 0.038295601 -0.976182818 203.209381104
-0.984030366 0.028499518 0.175705180 227.107543945 0.034708101 0.998873353 0.032363366 -11.873024940 -0.174584880 0.037944924 -0.983910799 202.557739258
-0.990054965 0.034974378 0.136266232 227.179168701 0.039689835 0.998698175 0.032042149 -11.855707169 -0.134968176 0.037131865 -0.990154266 201.873336792
-0.994601965 0.037818465 0.096628226 227.211517334 0.040948715 0.998691976 0.030619109 -11.849220276 -0.095343865 0.034410622 -0.994849682 201.197631836
-0.997623324 0.038134024 0.057388049 227.244812012 0.039698862 0.998863459 0.026378889 -11.833276749 -0.056316890 0.028594438 -0.998003364 200.509628296
-0.998940825 0.040295612 0.022221940 227.239059448 0.040780868 0.998929501 0.021833997 -11.824410439 -0.021318337 0.022717096 -0.999514699 199.813186646
-0.998983383 0.043746728 -0.010888580 227.219451904 0.043540191 0.998879790 0.018532978 -11.812714577 0.011687140 0.018040044 -0.999769092 199.128128052
-0.998066187 0.046647720 -0.041082829 227.167892456 0.045891523 0.998762608 0.019161852 -11.804477692 0.041925851 0.017239442 -0.998971939 198.417404175
-0.996379972 0.048573241 -0.069768980 227.106109619 0.047126077 0.998641312 0.022241479 -11.793615341 0.070754521 0.018873023 -0.997315288 197.698410034
-0.994137645 0.048821829 -0.096474126 227.031616211 0.046580039 0.998592734 0.025355641 -11.786968231 0.097576268 0.020713221 -0.995012760 196.979675293
-0.991593599 0.048661500 -0.119893305 226.932983398 0.045626596 0.998567998 0.027931364 -11.779618263 0.121080793 0.022226235 -0.992393851 196.253265381
-0.988829136 0.048848905 -0.140821993 226.811660767 0.045170143 0.998552322 0.029204503 -11.764396667 0.142044738 0.022517312 -0.989604235 195.518417358
-0.985890627 0.048571039 -0.160189614 226.688171387 0.044062752 0.998529553 0.031578604 -11.744852066 0.161487862 0.024074651 -0.986581206 194.766326904
-0.982584357 0.046973374 -0.179782614 226.553070068 0.041265827 0.998522341 0.035358347 -11.731080055 0.181177855 0.027323676 -0.983070850 194.029541016
-0.978763461 0.046497643 -0.199650541 226.397201538 0.039191641 0.998414934 0.040393587 -11.712249756 0.201212287 0.031711128 -0.979034424 193.280151367
-0.974652410 0.045665350 -0.219014794 226.224761963 0.036503192 0.998287976 0.045701247 -11.684720993 0.220726788 0.036548089 -0.974650741 192.527832031
-0.970273137 0.043375216 -0.238094732 226.036071777 0.032280780 0.998212278 0.050301440 -11.659610748 0.239850923 0.041120239 -0.969938755 191.776306152
-0.965674520 0.039871886 -0.256676376 225.835220337 0.027166314 0.998232424 0.052858740 -11.633539200 0.258330256 0.044071391 -0.965050817 191.008544922
-0.961358666 0.035939027 -0.272943348 225.608291626 0.022665234 0.998408973 0.051631339 -11.594186783 0.274364680 0.043449908 -0.960643649 190.218261719
-0.957043886 0.036529761 -0.287633955 225.373184204 0.024479412 0.998669744 0.045381665 -11.567313194 0.288909107 0.036391124 -0.956664920 189.456390381
-0.953469872 0.033147365 -0.299660832 225.122085571 0.022743158 0.999013484 0.038142297 -11.540219307 0.300629526 0.029552294 -0.953283191 188.687774658
-0.949648023 0.029499874 -0.311927557 224.892456055 0.020201508 0.999251187 0.032999542 -11.513479233 0.312667459 0.025036534 -0.949532866 187.922210693
-0.946577311 0.032384373 -0.320847034 224.618942261 0.022191010 0.999127626 0.035377037 -11.500087738 0.321712792 0.026367178 -0.946470261 187.132324219
-0.944217443 0.037076939 -0.327228725 224.339721680 0.025715405 0.998908997 0.038980547 -11.481084824 0.328316987 0.028391298 -0.944140792 186.345642090
-0.941800594 0.043250456 -0.333378822 224.047973633 0.031573862 0.998685956 0.040366527 -11.458181381 0.334686607 0.027491154 -0.941928506 185.555847168
-0.940187573 0.045082986 -0.337661564 223.764099121 0.034194313 0.998687625 0.038129192 -11.435565948 0.338937402 0.024302481 -0.940495253 184.779510498
-0.939021945 0.044262700 -0.340996653 223.467666626 0.033252507 0.998721719 0.038068663 -11.415112495 0.342245787 0.024408316 -0.939293385 183.970397949
-0.937691927 0.045415446 -0.344487280 223.178634644 0.034968644 0.998722315 0.036482073 -11.400484085 0.345703989 0.022162689 -0.938081980 183.180450439
-0.936665416 0.046920255 -0.347068906 222.890014648 0.036442578 0.998663127 0.036658525 -11.383101463 0.348324955 0.021688679 -0.937123179 182.382446289
-0.936481833 0.048287798 -0.347375780 222.574829102 0.038348455 0.998635948 0.035435110 -11.358297348 0.348613024 0.019863015 -0.937056184 181.565643311
-0.936743736 0.050471339 -0.346358269 222.279296875 0.040206652 0.998514891 0.036762673 -11.346388817 0.347699344 0.020511292 -0.937381744 180.775817871
-0.937267780 0.053324748 -0.344507843 221.985458374 0.043235507 0.998382926 0.036908511 -11.330211639 0.345918894 0.019698186 -0.938057661 179.973083496
-0.938291192 0.057245452 -0.341076106 221.690002441 0.047152121 0.998171628 0.037816700 -11.317673683 0.342617303 0.019400608 -0.939274907 179.172363281
-0.939841747 0.059712969 -0.336351126 221.399200439 0.049723446 0.998030543 0.038243383 -11.293560028 0.337972313 0.019218190 -0.940959930 178.356933594
-0.941891789 0.061431039 -0.330251813 221.117675781 0.051224757 0.997904599 0.039527841 -11.276148796 0.331988037 0.020313876 -0.943064928 177.570098877
-0.943877697 0.061900623 -0.324443221 220.851470947 0.051498562 0.997849107 0.040559147 -11.257603645 0.326256007 0.021574512 -0.945035338 176.769866943
-0.946037889 0.061335322 -0.318198591 220.581054688 0.051202159 0.997882128 0.040120348 -11.235959053 0.319985479 0.021662911 -0.947174788 175.960479736
-0.948092222 0.061518345 -0.311988652 220.335327148 0.051355857 0.997850955 0.040693980 -11.223165512 0.313821614 0.022559198 -0.949214101 175.170654297
-0.950084567 0.062201843 -0.305729866 220.078201294 0.052358761 0.997814894 0.040299252 -11.201837540 0.307568491 0.022280052 -0.951265335 174.364532471
-0.951918721 0.064080380 -0.299573869 219.834442139 0.054501321 0.997702897 0.040231664 -11.193384171 0.301463783 0.021970101 -0.953224540 173.588806152
-0.953544140 0.063335806 -0.294521004 219.604629517 0.053666998 0.997724831 0.040804792 -11.177242279 0.296435326 0.023103105 -0.954773664 172.804473877
-0.955302358 0.063032776 -0.288833380 219.372283936 0.053184446 0.997708321 0.041827273 -11.158820152 0.290807962 0.024596240 -0.956465364 172.028503418
-0.956766605 0.062383819 -0.284088582 219.163330078 0.052211035 0.997699142 0.043248907 -11.144973755 0.286132962 0.026546543 -0.957822323 171.282196045
-0.958022714 0.062541291 -0.279787302 218.933929443 0.052220117 0.997656941 0.044200342 -11.125700951 0.281896085 0.027734410 -0.959043980 170.531219482
-0.958762884 0.061916478 -0.277380854 218.723876953 0.051463619 0.997668862 0.044814695 -11.111268997 0.279509008 0.028691644 -0.959714293 169.804168701
-0.959021211 0.060120758 -0.276882559 218.536758423 0.049872603 0.997789681 0.043913893 -11.093077660 0.278910697 0.028305499 -0.959899902 169.107391357
-0.959202528 0.059432067 -0.276402235 218.336059570 0.049292848 0.997836947 0.043493427 -11.079990387 0.278389275 0.028094353 -0.960057378 168.411651611
-0.959169626 0.058267437 -0.276765108 218.147552490 0.048331827 0.997922838 0.042592045 -11.062909126 0.278671950 0.027476424 -0.959993482 167.743041992
-0.959079742 0.058741987 -0.276975423 217.958343506 0.048819192 0.997899055 0.042592507 -11.054012299 0.278895468 0.027327897 -0.959932566 167.094329834
-0.958767414 0.058359299 -0.278135300 217.770141602 0.048191871 0.997900903 0.043259528 -11.040521622 0.280076057 0.028071966 -0.959567308 166.454711914
-0.957991004 0.057942320 -0.280884892 217.590057373 0.047579173 0.997916281 0.043580767 -11.028196335 0.282824755 0.028385704 -0.958751678 165.830322266
-0.956958771 0.057143934 -0.284542620 217.418991089 0.046753839 0.997972727 0.043180138 -11.006603241 0.286433250 0.028018152 -0.957690477 165.226318359
-0.955837011 0.057742629 -0.288169384 217.234252930 0.047381852 0.997959197 0.042806309 -10.993331909 0.290053040 0.027261851 -0.956622243 164.631408691
-0.954328775 0.056924220 -0.293285459 217.052963257 0.046329413 0.998002410 0.042951398 -10.977398872 0.295144558 0.027402012 -0.955059648 164.052917480
-0.952291489 0.055689845 -0.300066650 216.881988525 0.044959273 0.998082101 0.042552944 -10.966316223 0.301860929 0.027032021 -0.952968836 163.509155273
-0.949862957 0.054533828 -0.307873935 216.694732666 0.043596040 0.998153389 0.042299327 -10.966549873 0.309612155 0.026756478 -0.950486302 162.940032959
-0.946641803 0.053891823 -0.317750841 216.505035400 0.042621635 0.998194575 0.042319696 -10.954645157 0.319457859 0.026518520 -0.947229624 162.397491455
-0.942092180 0.053480227 -0.331062615 216.315307617 0.041637737 0.998217106 0.042766206 -10.940997124 0.332759500 0.026505006 -0.942639351 161.861511230
-0.936337471 0.053028546 -0.347073883 216.118682861 0.040524654 0.998244584 0.043191694 -10.929166794 0.348755002 0.026376948 -0.936842799 161.340362549
-0.929086566 0.053515602 -0.365970075 215.902679443 0.040148605 0.998222530 0.044044431 -10.919856071 0.367676616 0.026227903 -0.929583669 160.842285156
-0.920208335 0.054932877 -0.387555033 215.678726196 0.040892750 0.998177052 0.044388250 -10.904747009 0.389286935 0.024998248 -0.920777202 160.344482422
-0.909568071 0.053979456 -0.412034333 215.456024170 0.039281778 0.998256147 0.044063993 -10.889158249 0.413694352 0.023893759 -0.910102248 159.867492676
-0.896522045 0.052365210 -0.439893514 215.201812744 0.036591966 0.998349309 0.044268146 -10.883308411 0.441485524 0.023590796 -0.896958232 159.408447266
-0.879771590 0.049971480 -0.472762913 214.959854126 0.033235844 0.998492062 0.043692458 -10.873959541 0.474233359 0.022726711 -0.880105853 158.971038818
-0.860134959 0.047640383 -0.507837117 214.672119141 0.030636303 0.998656392 0.041794941 -10.855665207 0.509145916 0.020391034 -0.860438824 158.543487549
-0.837206244 0.046981186 -0.544866085 214.386016846 0.029894663 0.998745024 0.040182792 -10.845562935 0.546070099 0.017352689 -0.837560058 158.131805420
-0.811649203 0.047279894 -0.582229078 214.090194702 0.030672632 0.998793602 0.038348217 -10.837990761 0.583339810 0.013266792 -0.812120199 157.760437012
-0.783355951 0.046112105 -0.619860530 213.777770996 0.029597322 0.998880446 0.036903847 -10.832938194 0.620868266 0.010562636 -0.783843756 157.412841797
-0.752045751 0.047356561 -0.657407641 213.430114746 0.030490993 0.998847306 0.037071913 -10.815512657 0.658405423 0.007834760 -0.752622843 157.062286377
-0.717497230 0.046448186 -0.695011258 213.076034546 0.027561570 0.998885989 0.038303118 -10.804596901 0.696016133 0.008326775 -0.717978120 156.736785889
-0.679205894 0.046292406 -0.732486427 212.700225830 0.023693094 0.998871684 0.041158013 -10.791893005 0.733565271 0.010599896 -0.679536462 156.420623779
-0.639159441 0.044926494 -0.767760932 212.338287354 0.018487915 0.998901367 0.043060817 -10.781558990 0.768851995 0.013328432 -0.639287949 156.153320312
-0.597530007 0.044193439 -0.800628066 211.941085815 0.015502634 0.998930097 0.043569390 -10.768894196 0.801696956 0.013622167 -0.597575903 155.889129639
-0.554776788 0.045417916 -0.830758810 211.526184082 0.014794587 0.998889565 0.044729944 -10.756669998 0.831867814 0.012524396 -0.554832697 155.652038574
-0.510379672 0.046682131 -0.858681202 211.137420654 0.013489769 0.998837233 0.046283703 -10.747799873 0.859843373 0.012038848 -0.510415912 155.467941284
-0.463730216 0.045972563 -0.884783149 210.712326050 0.009571082 0.998854518 0.046883252 -10.731354713 0.885924995 0.013272840 -0.463639021 155.276306152
-0.417164803 0.044636674 -0.907734156 210.260314941 0.001667762 0.998829067 0.048349708 -10.713410378 0.908829451 0.018655906 -0.416750789 155.095657349
-0.369763970 0.046000469 -0.927986324 209.812103271 -0.002923272 0.998711109 0.050671116 -10.705734253 0.929121196 0.021449106 -0.369152904 154.950347900
-0.321782589 0.046391916 -0.945676506 209.343017578 -0.004987029 0.998701990 0.050690107 -10.688038826 0.946800590 0.021027304 -0.321133494 154.825897217
-0.274530172 0.045611989 -0.960496187 208.871429443 -0.006331359 0.998766959 0.049239028 -10.671541214 0.961557746 0.019598838 -0.273902893 154.728240967
-0.229403257 0.045334637 -0.972275257 208.379409790 -0.009084089 0.998771489 0.048713434 -10.652355194 0.973289192 0.020007247 -0.228709579 154.646423340
-0.185846925 0.047148749 -0.981446862 207.893310547 -0.012548643 0.998652697 0.050351534 -10.641977310 0.982498586 0.021673506 -0.185004830 154.561843872
-0.146798611 0.050317250 -0.987885892 207.379364014 -0.014111689 0.998497188 0.052954707 -10.620506287 0.989065886 0.021714406 -0.145867944 154.514099121
-0.112007380 0.054187022 -0.992228866 206.846084595 -0.013602388 0.998334944 0.056055989 -10.603976250 0.993614256 0.019775372 -0.111083865 154.478759766
-0.081726193 0.057495050 -0.994995236 206.313858032 -0.014311288 0.998164058 0.058853652 -10.583747864 0.996552229 0.019049535 -0.080753326 154.461944580
-0.053617120 0.057885133 -0.996882498 205.768630981 -0.017445164 0.998111725 0.058894794 -10.560808182 0.998409271 0.020548539 -0.052506089 154.438903809
-0.028808832 0.054387581 -0.998104334 205.201446533 -0.019846262 0.998290718 0.054970574 -10.530357361 0.999387980 0.021392275 -0.027680159 154.429107666
-0.007632375 0.050731331 -0.998683333 204.622833252 -0.022340130 0.998454332 0.050890435 -10.509040833 0.999721408 0.022699121 -0.006487250 154.437011719
0.011579216 0.048423592 -0.998759866 204.032928467 -0.024809970 0.998533130 0.048124969 -10.490119934 0.999625206 0.024221949 0.012763619 154.435073853
0.027601659 0.046936419 -0.998516500 203.424194336 -0.028725488 0.998521745 0.046142615 -10.464403152 0.999206245 0.027409256 0.028909087 154.444076538
0.040934265 0.047395609 -0.998037219 202.769927979 -0.029850150 0.998486459 0.046192646 -10.443801880 0.998715997 0.027900686 0.042287111 154.486389160
0.054081976 0.049779546 -0.997295082 202.128005981 -0.030884726 0.998362124 0.048157975 -10.421508789 0.998058915 0.028196692 0.055530787 154.515563965
0.066582739 0.050922137 -0.996480644 201.460769653 -0.031488974 0.998306632 0.048911422 -10.386209488 0.997283876 0.028121499 0.068073452 154.575637817
0.078672826 0.051841192 -0.995551705 200.776535034 -0.033920661 0.998207867 0.049298950 -10.366202354 0.996323287 0.029891280 0.080290318 154.634094238
0.086927414 0.051309202 -0.994892657 200.191909790 -0.035632905 0.998193860 0.048366081 -10.354489326 0.995577395 0.031246562 0.088598728 154.690490723
0.095002949 0.050338261 -0.994203448 199.502975464 -0.033508904 0.998316407 0.047344502 -10.326747894 0.994912863 0.028816801 0.096529782 154.763931274
0.100202441 0.049616005 -0.993729234 198.795028687 -0.032064833 0.998398125 0.046615869 -10.296558380 0.994450331 0.027192734 0.101632893 154.828369141
0.102728665 0.048854951 -0.993509054 198.083648682 -0.032166790 0.998433948 0.045771092 -10.270805359 0.994189262 0.027255990 0.104139268 154.902282715
0.102962732 0.048125789 -0.993520319 197.372299194 -0.033168111 0.998439491 0.044926722 -10.243348122 0.994132102 0.028327411 0.104398310 154.978576660
0.101781547 0.048327502 -0.993632257 196.635437012 -0.033821102 0.998409986 0.045095455 -10.215963364 0.994231761 0.029015850 0.103254199 155.049346924
0.101548314 0.049359273 -0.993605554 195.877029419 -0.036050685 0.998294950 0.045907784 -10.193632126 0.994177341 0.031158285 0.103154600 155.115661621
0.101549506 0.049406160 -0.993602991 195.104263306 -0.038113251 0.998225987 0.045740735 -10.166051865 0.994100213 0.033224482 0.103252351 155.184295654
0.102109611 0.049697544 -0.993530989 194.317687988 -0.040100444 0.998145103 0.045807045 -10.139251709 0.993964612 0.035163689 0.103913128 155.251693726
0.103151321 0.049175806 -0.993449509 193.530960083 -0.041453116 0.998121917 0.045102958 -10.110182762 0.993801713 0.036529135 0.104996085 155.336105347
0.104581892 0.049319342 -0.993292630 192.724609375 -0.042859320 0.998065174 0.045043737 -10.079907417 0.993592322 0.037861086 0.106493354 155.417190552
0.105967522 0.049253825 -0.993149161 191.902557373 -0.043394167 0.998050034 0.044866793 -10.047079086 0.993422449 0.038342446 0.107898235 155.507461548
0.107487500 0.049751621 -0.992960870 191.069229126 -0.044164609 0.998000145 0.045223318 -10.020646095 0.993225038 0.038992785 0.109469831 155.594497681
0.109013796 0.050244827 -0.992769599 190.218627930 -0.044145126 0.997981071 0.045661110 -9.990058899 0.993059516 0.038848247 0.111011744 155.687576294
0.110706508 0.050726630 -0.992557883 189.356628418 -0.045171831 0.997921348 0.045962431 -9.954849243 0.992826164 0.039747305 0.112767816 155.782272339
0.112864554 0.051233038 -0.992288709 188.481185913 -0.046380293 0.997852802 0.046244945 -9.927999496 0.992527366 0.040803220 0.114998400 155.874649048
0.115489185 0.051475570 -0.991974056 187.603698730 -0.046986956 0.997821510 0.046308614 -9.896577835 0.992196798 0.041261695 0.117656231 155.976516724
0.118381917 0.051734082 -0.991619647 186.718048096 -0.047200155 0.997806191 0.046421979 -9.870746613 0.991845787 0.041309070 0.120564044 156.074096680
0.122101128 0.051526368 -0.991179287 185.806533813 -0.047882810 0.997794509 0.045971684 -9.835014343 0.991361976 0.041847251 0.124299049 156.185913086
0.125190675 0.051482134 -0.990796149 184.895111084 -0.047946274 0.997799873 0.045787863 -9.802765846 0.990973532 0.041772760 0.127383649 156.299652100
0.128599584 0.051088244 -0.990379810 183.970718384 -0.046710655 0.997875810 0.045409597 -9.768240929 0.990595937 0.040421635 0.130712807 156.404739380
0.129721284 0.051339231 -0.990220606 183.049453735 -0.045861963 0.997900546 0.045729380 -9.742407799 0.990489423 0.039481375 0.131803453 156.528625488
0.130168796 0.051738724 -0.990140975 182.119750977 -0.045235910 0.997907579 0.046197627 -9.710989952 0.990459383 0.038776439 0.132236898 156.646957397
0.129488230 0.051751003 -0.990229607 181.177749634 -0.044867016 0.997920096 0.046285849 -9.681879044 0.990565360 0.038435172 0.131540835 156.769012451
0.129175782 0.051714715 -0.990272343 180.237136841 -0.044630237 0.997930408 0.046292864 -9.654632568 0.990616858 0.038216166 0.131216526 156.882888794
0.128439665 0.051745828 -0.990366399 179.281799316 -0.045370895 0.997898757 0.046255279 -9.623297691 0.990678906 0.038992796 0.130517542 157.005264282
0.127674818 0.052225702 -0.990440130 178.332122803 -0.046176102 0.997842789 0.046663616 -9.592447281 0.990740597 0.039776895 0.129810989 157.124771118
0.126892388 0.052953530 -0.990502059 177.376174927 -0.047543894 0.997750938 0.047250260 -9.559203148 0.990776420 0.041096624 0.129124641 157.241134644
0.126354098 0.053623393 -0.990534902 176.416625977 -0.047725067 0.997710168 0.047923956 -9.536506653 0.990836620 0.041217942 0.128623962 157.356521606
0.125414252 0.054080822 -0.990629315 175.450439453 -0.049472824 0.997611821 0.048198722 -9.503886223 0.990870178 0.042964429 0.127790272 157.479461670
0.125429511 0.053722337 -0.990647018 174.503768921 -0.050293181 0.997593284 0.047731224 -9.474197388 0.990827024 0.043835875 0.127829492 157.591384888
0.125091314 0.051561013 -0.990804553 173.546066284 -0.048835680 0.997758150 0.045757264 -9.446510315 0.990942597 0.042662777 0.127328873 157.711929321
0.124892175 0.050836440 -0.990867138 172.596801758 -0.050417539 0.997721434 0.044833306 -9.417721748 0.990888536 0.044357751 0.127170622 157.829528809
0.125691950 0.053403061 -0.990630925 171.649215698 -0.052558508 0.997506261 0.047105037 -9.385000229 0.990676105 0.046145357 0.128185332 157.942016602
0.126196146 0.057672266 -0.990327477 170.697540283 -0.051895056 0.997325480 0.051466875 -9.359060287 0.990647018 0.044898167 0.128851533 158.059616089
0.126888931 0.059202570 -0.990148604 169.746551514 -0.051371738 0.997269869 0.053045001 -9.331665993 0.990585744 0.044134829 0.129583895 158.183822632
0.127647102 0.058497179 -0.990093172 168.808593750 -0.051872797 0.997286677 0.052234527 -9.295320511 0.990462363 0.044691306 0.130335152 158.300079346
0.127964854 0.057675995 -0.990100265 167.868652344 -0.051485181 0.997347891 0.051444028 -9.261789322 0.990441442 0.044392463 0.130594909 158.420974731
0.128426135 0.057704441 -0.990038931 166.935287476 -0.051188625 0.997360706 0.051491085 -9.233967781 0.990397215 0.044065919 0.131040990 158.535949707
0.128965914 0.057764784 -0.989965200 165.994644165 -0.051267814 0.997355282 0.051517181 -9.200992584 0.990322888 0.044109389 0.131586313 158.655059814
0.129430830 0.058205739 -0.989878654 165.059875488 -0.051795527 0.997309744 0.051870205 -9.172966957 0.990234792 0.044557683 0.132097423 158.770385742
0.129863620 0.057900939 -0.989839911 164.132583618 -0.052242152 0.997306466 0.051483709 -9.141933441 0.990154684 0.045025501 0.132538676 158.888031006
0.130041242 0.056910455 -0.989874005 163.202377319 -0.052138969 0.997362614 0.050491415 -9.110582352 0.990136802 0.045045041 0.132665515 159.007461548
0.129984021 0.055936567 -0.989937127 162.282974243 -0.052384056 0.997400463 0.049479976 -9.082639694 0.990131438 0.045425303 0.132576287 159.127716064
0.129677534 0.055326279 -0.990011513 161.357940674 -0.052340712 0.997432053 0.048885074 -9.055870056 0.990173876 0.045478608 0.132240355 159.239532471
0.129483759 0.054866124 -0.990062535 160.432540894 -0.052884113 0.997429073 0.048357990 -9.022972107 0.990170419 0.046096992 0.132052422 159.355758667
0.129174471 0.055076718 -0.990091324 159.505264282 -0.052866131 0.997418880 0.048587039 -8.994424820 0.990211844 0.046066076 0.131752729 159.474395752
0.129333615 0.055032443 -0.990072906 158.579025269 -0.052745271 0.997427046 0.048551075 -8.964851379 0.990197420 0.045942366 0.131903589 159.593429565
0.129431665 0.056089807 -0.990000665 157.652725220 -0.053034082 0.997361481 0.049573224 -8.934239388 0.990169048 0.046087433 0.132064819 159.707839966
0.129367113 0.056349937 -0.989994347 156.722076416 -0.052741256 0.997361839 0.049877349 -8.901686668 0.990193129 0.045761060 0.131997764 159.828399658
0.129514277 0.055983603 -0.989995897 155.795364380 -0.052809633 0.997377396 0.049492307 -8.873780251 0.990170300 0.045871362 0.132131040 159.946716309
0.131693840 0.054774620 -0.989776015 154.848022461 -0.052793451 0.997442782 0.048174512 -8.842298508 0.989883661 0.045909401 0.134248793 160.063323975
0.133923113 0.053252477 -0.989559948 153.920303345 -0.053247780 0.997499347 0.046473388 -8.814527512 0.989560246 0.046468001 0.136423767 160.182983398
0.136377156 0.052430481 -0.989268601 152.981658936 -0.053689383 0.997522056 0.045466479 -8.783320427 0.989201069 0.046912629 0.138854146 160.312530518
0.138003051 0.053040043 -0.989010632 152.050949097 -0.052972581 0.997531056 0.046105381 -8.762746811 0.989014268 0.046027754 0.140471995 160.444564819
0.140350878 0.053617567 -0.988648951 151.102142334 -0.051490214 0.997576714 0.046792079 -8.734037399 0.988762021 0.044338439 0.142771542 160.571594238
0.142056882 0.053386156 -0.988417864 150.165191650 -0.051620521 0.997585356 0.046462331 -8.701504707 0.988511682 0.044422347 0.144469678 160.708084106
0.143837869 0.053448588 -0.988156915 149.215194702 -0.050995398 0.997614026 0.046537135 -8.671541214 0.988286555 0.043697644 0.146220267 160.841674805
0.144663870 0.053804908 -0.988016844 148.279281616 -0.047791615 0.997735023 0.047336560 -8.643472672 0.988326013 0.040371034 0.146907628 160.976409912
0.145527661 0.055925313 -0.987772346 147.336746216 -0.041963052 0.997851491 0.050313596 -8.621084213 0.988463938 0.034127917 0.147561789 161.120391846
0.144811630 0.056405488 -0.987850189 146.377059937 -0.044637628 0.997729778 0.050426055 -8.587846756 0.988451838 0.036793012 0.147000670 161.258270264
0.144539416 0.053766064 -0.988037229 145.427856445 -0.043497957 0.997902632 0.047939621 -8.558845520 0.988542557 0.036048435 0.146574974 161.397888184
0.143333077 0.049351353 -0.988443315 144.473220825 -0.043181375 0.998116612 0.043572642 -8.520008087 0.988732100 0.036436930 0.145194173 161.533294678
0.142491639 0.047766574 -0.988642752 143.508956909 -0.043147258 0.998185158 0.042008866 -8.490795135 0.988855124 0.036671307 0.144294024 161.672790527
0.140120685 0.048432708 -0.988949239 142.541107178 -0.045242999 0.998072863 0.042469207 -8.468263626 0.989100277 0.038792212 0.142041862 161.796249390
0.137006462 0.048832145 -0.989365816 141.565673828 -0.044730309 0.998070359 0.043067563 -8.436243057 0.989559710 0.038354103 0.138926387 161.930786133
0.132564902 0.049196038 -0.989952803 140.581176758 -0.043017246 0.998111963 0.043841057 -8.409053802 0.990240514 0.036773250 0.134430885 162.059951782
0.127833724 0.048667774 -0.990600944 139.606307983 -0.041228585 0.998192728 0.043720346 -8.377656937 0.990938425 0.035252128 0.129609168 162.180084229
0.121944427 0.049108814 -0.991321385 138.614181519 -0.041830104 0.998142123 0.044301096 -8.351461411 0.991655171 0.036064792 0.123772085 162.299606323
0.117259443 0.049372986 -0.991873324 137.611709595 -0.042350423 0.998103440 0.044676434 -8.319362640 0.992197931 0.036767516 0.119127989 162.406448364
0.112122715 0.051251102 -0.992371917 136.597671509 -0.043725021 0.997956216 0.046599254 -8.290446281 0.992731988 0.038166642 0.114134550 162.514282227
0.107761502 0.052328516 -0.992798805 135.580429077 -0.044621628 0.997862041 0.047752019 -8.258801460 0.993175030 0.039154459 0.109866083 162.614669800
0.103896618 0.051488280 -0.993254542 134.557586670 -0.045720469 0.997850657 0.046944074 -8.225849152 0.993536770 0.040534727 0.106027365 162.706436157
0.101221859 0.047978193 -0.993706346 133.526947021 -0.045788400 0.998002648 0.043521486 -8.195935249 0.993809700 0.041094892 0.103216529 162.803726196
0.099257827 0.044540215 -0.994064510 132.508941650 -0.046757594 0.998102963 0.040052392 -8.166897774 0.993962705 0.042504542 0.101152122 162.894500732
0.097983956 0.043025978 -0.994257569 131.467529297 -0.045729883 0.998204291 0.038690094 -8.139745712 0.994136870 0.041676264 0.099775612 162.991195679
0.096441567 0.042685952 -0.994422913 130.428771973 -0.042525873 0.998344421 0.038730022 -8.111923218 0.994429767 0.038553517 0.098097146 163.095657349
0.096129417 0.044194121 -0.994387329 129.373596191 -0.040373579 0.998364806 0.040467896 -8.086217880 0.994549811 0.036256813 0.097756505 163.196960449
0.095988393 0.047234546 -0.994261205 128.318984985 -0.039263453 0.998275697 0.043634675 -8.055159569 0.994607866 0.034849696 0.097677469 163.296264648
0.095602989 0.050111290 -0.994157553 127.256790161 -0.038472541 0.998171806 0.046613932 -8.019023895 0.994675934 0.033791319 0.097356141 163.388641357
0.094958186 0.051845364 -0.994130373 126.190185547 -0.038749523 0.998078525 0.048349958 -7.986657143 0.994726896 0.033930849 0.096784711 163.492065430
0.094426990 0.052951273 -0.994122684 125.116043091 -0.040618885 0.997957826 0.049297351 -7.955313683 0.994702935 0.035725143 0.096385002 163.584518433
0.094033718 0.053608350 -0.994124591 124.047744751 -0.041155469 0.997904956 0.049919330 -7.915209770 0.994717956 0.036219567 0.096042991 163.682891846
0.093015432 0.053696103 -0.994215667 122.975708008 -0.042712439 0.997840703 0.049895857 -7.875206947 0.994748056 0.037824292 0.095108092 163.783782959
0.093645334 0.053131189 -0.994186997 121.911178589 -0.043088462 0.997855723 0.049268626 -7.844725609 0.994672894 0.038224205 0.095733881 163.870361328
0.093837678 0.052173100 -0.994219482 120.828872681 -0.045277033 0.997816384 0.048088457 -7.813130379 0.994557440 0.040502805 0.095995009 163.969284058
0.094503880 0.051735651 -0.994179308 119.762145996 -0.046282504 0.997797251 0.047524437 -7.781327248 0.994448066 0.041521862 0.096690178 164.062011719
0.094953477 0.051221523 -0.994163096 118.679779053 -0.045877539 0.997839451 0.047029126 -7.747188568 0.994424045 0.041144174 0.097098231 164.168151855
0.095307827 0.051222086 -0.994129241 117.606323242 -0.046614967 0.997809291 0.046942696 -7.708078384 0.994355917 0.041867286 0.097486734 164.263946533
0.096006989 0.051088359 -0.994068742 116.529754639 -0.046156578 0.997836173 0.046824183 -7.677264214 0.994309962 0.041387361 0.098157346 164.364578247
0.096046209 0.050809000 -0.994079292 115.467208862 -0.045666635 0.997869670 0.046590503 -7.646199226 0.994328797 0.040921416 0.098161876 164.461029053
0.096675336 0.050559688 -0.994031072 114.389083862 -0.045686871 0.997881711 0.046312228 -7.615430355 0.994266927 0.040936910 0.098780453 164.561737061
0.096866608 0.051067829 -0.993986368 113.312377930 -0.046325009 0.997831821 0.046750903 -7.592350006 0.994218707 0.041517831 0.099022269 164.661834717
0.096962094 0.052608371 -0.993896902 112.244064331 -0.045957346 0.997773588 0.048330087 -7.561900616 0.994226635 0.040990662 0.099163949 164.761123657
0.096820056 0.052674655 -0.993907094 111.166625977 -0.046537001 0.997745991 0.048344772 -7.529827118 0.994213402 0.041572709 0.099053144 164.864852905
0.096634030 0.051522791 -0.993985593 110.090072632 -0.046678234 0.997795045 0.047182251 -7.495717049 0.994224846 0.041838076 0.098825991 164.962921143
0.095886767 0.051426150 -0.994063020 109.008346558 -0.046420861 0.997808933 0.047142208 -7.469860554 0.994309366 0.041624933 0.098063886 165.076385498
0.095349729 0.053403184 -0.994010448 107.929672241 -0.047024317 0.997686744 0.049089924 -7.435746670 0.994332612 0.042061940 0.097640395 165.170654297
0.094931841 0.055355608 -0.993943572 106.856185913 -0.047237083 0.997578502 0.051046427 -7.396272659 0.994362473 0.042105060 0.097316802 165.270675659
0.094296515 0.055866960 -0.993975461 105.782623291 -0.048256170 0.997507095 0.051487491 -7.364306450 0.994374037 0.043110348 0.096757352 165.367523193
0.094048321 0.055120762 -0.994040608 104.725921631 -0.048842199 0.997519255 0.050692596 -7.326560974 0.994368851 0.043783575 0.096507251 165.463775635
0.093798220 0.054721504 -0.994086266 103.654327393 -0.049474444 0.997510910 0.050241798 -7.290625095 0.994361222 0.044469275 0.096272051 165.562377930
0.095427454 0.056877505 -0.993810177 102.580718994 -0.053206306 0.997230589 0.051964290 -7.259111404 0.994013488 0.047918141 0.098189414 165.651062012
0.096931517 0.056020390 -0.993713260 101.504501343 -0.056738243 0.997102141 0.050676916 -7.222701073 0.993672550 0.051469352 0.099829137 165.750762939
0.099274874 0.052412812 -0.993678808 100.454055786 -0.058996625 0.997165143 0.046702556 -7.189126015 0.993309677 0.053987294 0.102085650 165.848876953
0.103117406 0.048167009 -0.993502319 99.376281738 -0.063254178 0.997122645 0.041777261 -7.158261776 0.992655933 0.058535203 0.105867445 165.945312500
0.106736898 0.047211774 -0.993165851 98.299530029 -0.064924143 0.997071266 0.040419940 -7.130388260 0.992165387 0.060166139 0.109489441 166.045745850
0.110212028 0.049549837 -0.992672205 97.217910767 -0.064357862 0.997016311 0.042621303 -7.101022243 0.991822243 0.059188884 0.113072097 166.162185669
0.113511324 0.052278955 -0.992160380 96.153686523 -0.062138740 0.997033179 0.045426529 -7.071291924 0.991591692 0.056495164 0.116423130 166.286392212
0.116586745 0.054165423 -0.991702378 95.089874268 -0.060665473 0.997035623 0.047324751 -7.043143272 0.991325974 0.054644655 0.119527102 166.411071777
0.120038927 0.056175720 -0.991178572 94.016204834 -0.059270356 0.997022390 0.049328852 -7.009373665 0.990998328 0.052826125 0.123011053 166.540740967
0.123127341 0.056828346 -0.990762472 92.938781738 -0.058217064 0.997053325 0.049954232 -6.974673271 0.990681887 0.051528540 0.126072943 166.678527832
0.126403987 0.057474360 -0.990312457 91.863388062 -0.059402768 0.996967077 0.050278373 -6.941543579 0.990198672 0.052471906 0.129434764 166.801712036
0.129085898 0.056571335 -0.990018487 90.795349121 -0.058221404 0.997081518 0.049383596 -6.909777641 0.989922822 0.051265538 0.132002831 166.930511475
0.130963385 0.053385198 -0.989948809 89.709197998 -0.058052640 0.997248590 0.046098892 -6.875214577 0.989686072 0.051431876 0.133702219 167.074951172
0.133094966 0.049591102 -0.989861846 88.630996704 -0.056750644 0.997490108 0.042342681 -6.839232922 0.989477217 0.050539698 0.135575235 167.215682983
0.134243071 0.047939561 -0.989788115 87.542526245 -0.055134997 0.997643232 0.040842164 -6.813868523 0.989413381 0.049089190 0.136569798 167.361297607
0.134060681 0.048866838 -0.989767671 86.468185425 -0.053719513 0.997673213 0.041981027 -6.784828186 0.989516139 0.047541820 0.136373878 167.506683350
0.133763790 0.050224368 -0.989739776 85.378890991 -0.049125552 0.997823179 0.043995216 -6.756370068 0.989794910 0.042736545 0.135939896 167.657958984
0.133339107 0.050356045 -0.989790440 84.279113770 -0.045844112 0.997952700 0.044595435 -6.726469040 0.990009725 0.039429739 0.135374606 167.807434082
0.132968128 0.049593635 -0.989878833 83.178161621 -0.044122368 0.998053372 0.044076331 -6.696034908 0.990137815 0.037815042 0.134897470 167.951431274
0.131504655 0.050476708 -0.990029693 82.067077637 -0.041488297 0.998108029 0.045377735 -6.662049294 0.990447104 0.035107259 0.133350015 168.099441528
0.129673600 0.054729503 -0.990045249 80.964462280 -0.039442394 0.997969985 0.050001517 -6.623400688 0.990772009 0.032565869 0.131569028 168.242721558
0.127154589 0.059144165 -0.990118086 79.850784302 -0.038599987 0.997759581 0.054643478 -6.585021973 0.991131604 0.031270374 0.129152656 168.388504028
0.124448061 0.057268552 -0.990572155 78.733779907 -0.036474492 0.997922242 0.053111106 -6.550949097 0.991555572 0.029521031 0.126278341 168.519729614
0.121189773 0.049179994 -0.991410375 77.629486084 -0.035363227 0.998351753 0.045201536 -6.512100697 0.991999328 0.029581498 0.122729182 168.644882202
0.118007302 0.043371689 -0.992065191 76.518417358 -0.034031216 0.998635471 0.039610881 -6.477529526 0.992429495 0.029086802 0.119322240 168.775329590
0.114587963 0.044788346 -0.992402911 75.391174316 -0.034133319 0.998570800 0.041125499 -6.446678638 0.992826521 0.029161518 0.115952969 168.901855469
0.111335456 0.048770428 -0.992585540 74.245086670 -0.032994706 0.998425841 0.045356467 -6.409394264 0.993235111 0.027700273 0.112769365 169.023864746
0.108464301 0.050530180 -0.992815435 73.111251831 -0.033914179 0.998314083 0.047104947 -6.377269745 0.993521810 0.028561303 0.109995127 169.138427734
0.105481744 0.050667655 -0.993129611 71.968292236 -0.035165112 0.998266518 0.047194794 -6.335170269 0.993799269 0.029945323 0.107080638 169.256088257
0.103540123 0.052043006 -0.993262827 70.826431274 -0.036496989 0.998156428 0.048494875 -6.298631668 0.993955493 0.031229936 0.105248630 169.360565186
0.101255894 0.053079627 -0.993443429 69.678771973 -0.035361469 0.998136699 0.049726199 -6.255246162 0.994231820 0.030094543 0.102944195 169.475616455
0.099510670 0.053367119 -0.993604362 68.530471802 -0.034501266 0.998145342 0.050155669 -6.217716694 0.994438231 0.029289579 0.101167321 169.577682495
0.097533166 0.052337933 -0.993855238 67.377334595 -0.033388007 0.998226225 0.049291547 -6.185718060 0.994672179 0.028375277 0.099107623 169.690521240
0.095649958 0.051153462 -0.994099975 66.225265503 -0.031963058 0.998321533 0.048295289 -6.143075943 0.994901896 0.027155021 0.097124457 169.795043945
0.093518913 0.050348833 -0.994343758 65.053176880 -0.032680370 0.998337567 0.047477446 -6.108346939 0.995081127 0.028055474 0.095008850 169.901077271
0.091223717 0.049971245 -0.994575918 63.885574341 -0.032933943 0.998345196 0.047139887 -6.072721481 0.995285749 0.028455023 0.092718542 170.007553101
0.088659823 0.052473649 -0.994678915 62.703216553 -0.033380244 0.998206973 0.049684457 -6.036560535 0.995502532 0.028797602 0.090252459 170.111160278
0.086050808 0.055231676 -0.994758666 61.527877808 -0.032972418 0.998073101 0.052563451 -5.992813587 0.995745003 0.028276466 0.087706149 170.206634521
0.082998216 0.055804737 -0.994986176 60.360763550 -0.034058247 0.998006463 0.053133119 -5.953908920 0.995967686 0.029477516 0.084733367 170.300567627
0.080280423 0.055171583 -0.995244324 59.179306030 -0.034825526 0.998012662 0.052515879 -5.911354542 0.996163845 0.030443905 0.082042217 170.390213013
0.078807533 0.054726128 -0.995386660 58.008102417 -0.034916010 0.998030901 0.052107111 -5.873403549 0.996278286 0.030648490 0.080563188 170.467864990
0.077294528 0.054496057 -0.995517790 56.836364746 -0.035255712 0.998029947 0.051896233 -5.835361481 0.996384740 0.031086396 0.079063535 170.554397583
0.075470090 0.054667272 -0.995648503 55.669143677 -0.035604157 0.998007059 0.052097984 -5.799286366 0.996512353 0.031517379 0.077266097 170.638565063
0.074183881 0.055858623 -0.995679080 54.518997192 -0.036090247 0.997926354 0.053295769 -5.766659260 0.996591449 0.031980604 0.076045990 170.711120605
0.072608531 0.055698052 -0.995804191 53.351531982 -0.035752814 0.997943044 0.053210791 -5.724664211 0.996719658 0.031739231 0.074450552 170.797988892
0.071586013 0.055354919 -0.995897293 52.190261841 -0.034344450 0.998003542 0.053003285 -5.688582420 0.996843040 0.030409250 0.073344231 170.880157471
0.070594728 0.054552905 -0.996012270 51.029266357 -0.035895601 0.997995615 0.052117348 -5.647585869 0.996859014 0.032073244 0.072411478 170.952178955
0.069459021 0.053809684 -0.996132493 49.865310669 -0.034443442 0.998078167 0.051513091 -5.612340450 0.996990025 0.030732185 0.071178913 171.030563354
0.068116784 0.051522862 -0.996346116 48.730667114 -0.035493705 0.998158574 0.049190007 -5.572436333 0.997045875 0.032013349 0.069820046 171.103256226
0.068062961 0.047017835 -0.996572614 47.590805054 -0.033706583 0.998427033 0.044803265 -5.544100285 0.997111619 0.030541608 0.069540679 171.167907715
0.066460252 0.044142123 -0.996812165 46.450988770 -0.032751672 0.998579085 0.042036720 -5.519355297 0.997251391 0.029853491 0.067811549 171.239395142
0.065470576 0.044162035 -0.996876895 45.299560547 -0.031489018 0.998614073 0.042170931 -5.488191128 0.997357666 0.028629711 0.066770434 171.317764282
0.063547909 0.047918446 -0.996827900 44.156555176 -0.028929578 0.998515308 0.046155296 -5.460979939 0.997559547 0.025904721 0.064839840 171.391693115
0.062389314 0.050751526 -0.996760786 43.027267456 -0.028119618 0.998399198 0.049074888 -5.427273273 0.997655749 0.024966778 0.063716531 171.456390381
0.060880423 0.052041128 -0.996787488 41.911209106 -0.027982742 0.998336375 0.050412901 -5.398112297 0.997752726 0.024823686 0.062235415 171.523300171
0.059675753 0.052113894 -0.996856511 40.801544189 -0.028813569 0.998310089 0.050464991 -5.363274097 0.997801840 0.025711458 0.061076462 171.579040527
0.058349729 0.053794071 -0.996845901 39.690322876 -0.031036928 0.998162150 0.052048381 -5.329930305 0.997813702 0.027902018 0.059912086 171.633102417
0.056804001 0.056681376 -0.996775150 38.590270996 -0.033477832 0.997933805 0.054839436 -5.293498039 0.997824013 0.030254763 0.058584213 171.691802979
0.056070626 0.057970107 -0.996742606 37.490966797 -0.035626806 0.997793436 0.056027077 -5.254843235 0.997791111 0.032369271 0.058012187 171.737136841
0.054941535 0.057540182 -0.996830404 36.419876099 -0.037155949 0.997764528 0.055546209 -5.220228672 0.997798145 0.033986375 0.056956708 171.784317017
0.053675592 0.057349175 -0.996910453 35.351959229 -0.037507255 0.997760713 0.055378631 -5.187968731 0.997853935 0.034418873 0.055706382 171.843170166
0.052201331 0.058082726 -0.996946037 34.312484741 -0.039621662 0.997641563 0.056048609 -5.147825241 0.997850299 0.036574848 0.054379523 171.886856079
0.050129473 0.058804624 -0.997010112 33.285934448 -0.039778411 0.997590601 0.056838814 -5.116814137 0.997950315 0.036810171 0.052347839 171.933685303
0.047899365 0.060130421 -0.997040808 32.269897461 -0.040362746 0.997487605 0.058218282 -5.078794479 0.998036504 0.037454668 0.050206065 171.981384277
0.046313167 0.060374454 -0.997100890 31.269760132 -0.041683592 0.997419238 0.058457620 -5.047716141 0.998057008 0.038855381 0.048710287 172.017639160
0.044519782 0.060302615 -0.997186959 30.283462524 -0.041489135 0.997426927 0.058464829 -5.015273094 0.998146772 0.038769569 0.046907127 172.059265137
0.042574704 0.059532259 -0.997318089 29.317001343 -0.042367596 0.997432768 0.057730470 -4.975161076 0.998194575 0.039796110 0.044987619 172.094680786
0.040681005 0.058971155 -0.997430503 28.369186401 -0.041917387 0.997478664 0.057264369 -4.945532799 0.998292625 0.039480101 0.043050349 172.130142212
0.038906574 0.058710173 -0.997516632 27.427154541 -0.042477127 0.997467279 0.057050515 -4.912237167 0.998339653 0.040152002 0.041301847 172.160827637
0.037520170 0.058010198 -0.997610748 26.503875732 -0.042933710 0.997485399 0.056388170 -4.876432896 0.998373210 0.040715434 0.039916396 172.191619873
0.036465824 0.059198793 -0.997579932 25.607955933 -0.044569757 0.997346938 0.057555750 -4.851941586 0.998340487 0.042363077 0.039007545 172.215484619
0.036258996 0.059417341 -0.997574508 24.718734741 -0.045879465 0.997277319 0.057732053 -4.819773674 0.998288751 0.043674879 0.038886309 172.243713379
0.037227809 0.058913030 -0.997568786 23.856292725 -0.048385806 0.997196138 0.057085332 -4.789650440 0.998134792 0.046142999 0.039973974 172.266632080
0.039891422 0.058551837 -0.997487009 23.000793457 -0.050245080 0.997136235 0.056521848 -4.762811661 0.997939944 0.047864079 0.042719126 172.299346924
0.044027448 0.057535194 -0.997372210 22.162780762 -0.052115072 0.997113228 0.055219714 -4.733911514 0.997670114 0.049546938 0.046898842 172.331008911
0.049472511 0.056909870 -0.997152805 21.336395264 -0.052391849 0.997148693 0.054310273 -4.707071304 0.997400403 0.049555812 0.052313089 172.374526978
0.056346476 0.056290627 -0.996823192 20.524703979 -0.054566894 0.997090757 0.053221282 -4.679795742 0.996919036 0.051394712 0.059254169 172.414276123
0.065172732 0.056306150 -0.996284187 19.732711792 -0.055867173 0.997046709 0.052694649 -4.659120083 0.996308863 0.052225322 0.068125904 172.468017578
0.075583518 0.055708069 -0.995582104 18.941848755 -0.055297468 0.997135878 0.051596887 -4.632054806 0.995604992 0.051153302 0.078447521 172.531311035
0.087036669 0.055505443 -0.994657755 18.144073486 -0.054743052 0.997204483 0.050857313 -4.608530521 0.994700015 0.050024129 0.089831889 172.601562500
0.098692536 0.053991124 -0.993652344 17.385070801 -0.053080712 0.997391105 0.048922136 -4.582811832 0.993701398 0.047915511 0.101300955 172.683914185
0.110106111 0.054488111 -0.992425263 16.621826172 -0.051207457 0.997481108 0.049084410 -4.560702801 0.992599964 0.045415074 0.112618923 172.769439697
0.121489108 0.055477832 -0.991041243 15.891967773 -0.048252892 0.997586489 0.049929034 -4.548774242 0.991419315 0.041754764 0.123872876 172.858795166
0.132389367 0.056849618 -0.989566207 15.132690430 -0.045921650 0.997633636 0.051169444 -4.531785965 0.990133524 0.038668219 0.134686708 172.964935303
0.142706037 0.057334960 -0.988103092 14.407333374 -0.044115070 0.997697115 0.051520370 -4.507288933 0.988781512 0.036237970 0.144906759 173.073715210
0.152579248 0.056408953 -0.986680210 13.707473755 -0.039649110 0.997915387 0.050919976 -4.482438087 0.987495661 0.031351652 0.154497743 173.186019897
0.160938084 0.055652183 -0.985394239 13.009124756 -0.037140682 0.998043299 0.050300617 -4.463604450 0.986265421 0.028502928 0.162690103 173.310485840
0.167879224 0.055551820 -0.984241188 12.310104370 -0.034728669 0.998124540 0.050411843 -4.435988426 0.985195696 0.025718277 0.169493616 173.437438965
0.172459841 0.055379175 -0.983458638 11.627487183 -0.029798338 0.998254657 0.050986897 -4.414320946 0.984565794 0.020512233 0.173809052 173.567077637
0.174793661 0.055928845 -0.983015478 10.966461182 -0.025402650 0.998309195 0.052282050 -4.397116661 0.984277487 0.015832618 0.175918877 173.689376831
0.175336778 0.056107979 -0.982908428 10.308181763 -0.021284491 0.998357415 0.053193014 -4.372119427 0.984278440 0.011594009 0.176243007 173.811706543
0.174447179 0.055874586 -0.983080089 9.674789429 -0.017815579 0.998404384 0.053584199 -4.356389999 0.984505475 0.008166521 0.175164223 173.918167114
0.171235502 0.056010503 -0.983636856 9.048248291 -0.015050285 0.998414934 0.054231990 -4.337872505 0.985115290 0.005517563 0.171807051 174.032180786
0.167722404 0.056556936 -0.984210670 8.443557739 -0.012269065 0.998395443 0.055281248 -4.316668987 0.985757947 0.002803437 0.168147147 174.135772705
0.163459063 0.056972545 -0.984903812 7.855102539 -0.010206547 0.998375356 0.056057900 -4.293859005 0.986497402 0.000889284 0.163775027 174.234481812
0.159051120 0.058077808 -0.985560715 7.281326294 -0.007819015 0.998310983 0.057567328 -4.274786949 0.987239480 -0.001450043 0.159236610 174.323242188
0.154638946 0.059018757 -0.986206830 6.719436646 -0.005830191 0.998251259 0.058825374 -4.256080151 0.987954021 -0.003346928 0.154712617 174.403457642
0.150228500 0.059356935 -0.986867905 6.183395386 -0.003748403 0.998223126 0.059469309 -4.238617897 0.988644242 -0.005234812 0.150184035 174.483886719
0.145350218 0.059044566 -0.987616897 5.677673340 -0.002576497 0.998236835 0.059300292 -4.214113712 0.989376903 -0.006074719 0.145246089 174.556259155
0.141064227 0.059281256 -0.988224089 5.197662354 -0.002189622 0.998221815 0.059568446 -4.205935478 0.989998102 -0.006239143 0.140943170 174.613586426
0.136650980 0.057641625 -0.988940895 4.728607178 -0.001424022 0.998316050 0.057991304 -4.189179420 0.990618289 -0.006516299 0.136502922 174.683837891
0.132501185 0.055178426 -0.989645898 4.281326294 -0.001794989 0.998461008 0.055429596 -4.172575951 0.991181314 -0.005568088 0.132396281 174.737289429
0.128210068 0.053184312 -0.990320086 3.870010376 -0.002425662 0.998574853 0.053313602 -4.159753323 0.991744220 -0.004433165 0.128156364 174.783416748
0.123868287 0.052487101 -0.990909576 3.485519409 -0.002593143 0.998613834 0.052571028 -4.154138088 0.992295325 -0.003942316 0.123832703 174.831771851
0.120631218 0.051326234 -0.991369843 3.131774902 -0.002253130 0.998674035 0.051430244 -4.138963223 0.992695034 -0.003970417 0.120586872 174.867507935
0.117345333 0.050299950 -0.991816640 2.794540405 -0.002941866 0.998729706 0.050302491 -4.128977299 0.993086934 -0.002984978 0.117344260 174.906967163
0.114266455 0.049745291 -0.992204010 2.472091675 -0.003818709 0.998760164 0.049634218 -4.123698235 0.993442893 -0.001882595 0.114314795 174.938339233
0.111651421 0.049786400 -0.992499590 2.191482544 -0.005331171 0.998759866 0.049500708 -4.117415428 0.993733227 -0.000235645 0.111778378 174.955718994
0.109402716 0.049669776 -0.992755890 1.917068481 -0.007192812 0.998764157 0.049177736 -4.106158257 0.993971646 0.001760521 0.109624803 174.982437134
0.106842041 0.049242202 -0.993055940 1.665145874 -0.007207000 0.998784959 0.048750892 -4.099936485 0.994249940 0.001948307 0.107067108 175.007461548
0.104819357 0.048517320 -0.993307054 1.443679810 -0.007026258 0.998820424 0.048045166 -4.094616413 0.994466424 0.001943171 0.105036616 175.023391724
0.102866054 0.046908438 -0.993588567 1.218414307 -0.006741699 0.998897374 0.046461109 -4.090332985 0.994672418 0.001919204 0.103068888 175.045898438
0.100724638 0.044568382 -0.993915677 0.999404907 -0.007001221 0.999003172 0.044087000 -4.085154533 0.994889796 0.002517974 0.100936234 175.065612793
0.099031389 0.043012179 -0.994154334 0.790771484 -0.006759100 0.999071419 0.042551622 -4.079501152 0.995061398 0.002505638 0.099230170 175.082031250
0.097097456 0.042619016 -0.994362056 0.585144043 -0.005879136 0.999089897 0.042247575 -4.074088573 0.995257616 0.001743855 0.097259641 175.102478027
0.095086098 0.041399259 -0.994607806 0.385086060 -0.004999243 0.999142110 0.041110057 -4.067138672 0.995456517 0.001063292 0.095211446 175.121551514
0.093271732 0.039789900 -0.994845271 0.184814453 -0.005691237 0.999206126 0.039430734 -4.066867828 0.995624423 0.001984128 0.093424141 175.129959106
0.090867579 0.038609110 -0.995114267 -0.019683838 -0.006676073 0.999249339 0.038159925 -4.058406830 0.995840609 0.003175955 0.091057122 175.150253296
0.088922381 0.038973771 -0.995275795 -0.227050781 -0.006284392 0.999236226 0.038567383 -4.056054592 0.996018767 0.002825198 0.089099407 175.163864136
0.087081134 0.039338887 -0.995424211 -0.424804688 -0.004299888 0.999225557 0.039112955 -4.048689842 0.996191978 0.000874213 0.087182879 175.181488037
0.085153043 0.039808176 -0.995572448 -0.623107910 -0.003026783 0.999207258 0.039694633 -4.043897629 0.996363401 -0.000366740 0.085206032 175.198791504
0.083281994 0.040267717 -0.995712221 -0.815872192 -0.002169017 0.999188244 0.040226877 -4.041522026 0.996523738 -0.001190462 0.083301723 175.212036133
0.080839038 0.040940486 -0.995886028 -1.009292603 -0.001515268 0.999159992 0.040952079 -4.037679195 0.996726036 -0.001801490 0.080833137 175.226486206
0.078405738 0.041424695 -0.996060550 -1.207000732 -0.001788735 0.999140561 0.041411988 -4.032600403 0.996919990 -0.001465253 0.078412473 175.237503052
0.076280355 0.042317841 -0.996188045 -1.404388428 -0.003241142 0.999104202 0.042193539 -4.028457642 0.997081220 0.000010247 0.076349199 175.242126465
0.073261082 0.042277340 -0.996416271 -1.607818604 -0.006942644 0.999098480 0.041880690 -4.022293091 0.997288644 0.003849538 0.073488593 175.248413086
0.069713116 0.038343437 -0.996830046 -1.827194214 -0.011027154 0.999229610 0.037664559 -4.016737461 0.997506261 0.008366479 0.070082247 175.258407593
0.066512346 0.034421831 -0.997191668 -2.055145264 -0.013005373 0.999349773 0.033628874 -4.017727375 0.997700870 0.010732115 0.066916764 175.266662598
0.063248396 0.032128230 -0.997480631 -2.304992676 -0.013546109 0.999417245 0.031331677 -4.012805939 0.997905970 0.011530299 0.063646734 175.278747559
0.060298741 0.032371424 -0.997655392 -2.571853638 -0.014178596 0.999400914 0.031571101 -4.008896351 0.998079717 0.012241652 0.060721576 175.281707764
0.056130588 0.031698324 -0.997920156 -2.857467651 -0.014121308 0.999421120 0.030951714 -4.000850677 0.998323619 0.012354599 0.056545675 175.300460815
0.052750111 0.030020688 -0.998156488 -3.164596558 -0.013792319 0.999474585 0.029331442 -3.992353916 0.998512566 0.012219653 0.053136408 175.310562134
0.049330831 0.028029069 -0.998389304 -3.485931396 -0.013523389 0.999533236 0.027392991 -3.985610485 0.998691082 0.012150281 0.049686849 175.325057983
0.046605468 0.025237652 -0.998594642 -3.830688477 -0.015889438 0.999573052 0.024520801 -3.972204208 0.998787105 0.014724297 0.046986580 175.331863403
0.044763088 0.023719408 -0.998716116 -4.209274292 -0.019051710 0.999556541 0.022885460 -3.963758469 0.998816073 0.018002823 0.045195103 175.343704224
0.045111418 0.022146787 -0.998736560 -4.592269897 -0.022783251 0.999517024 0.021135010 -3.955046415 0.998722196 0.021801032 0.045594215 175.350067139
0.046098232 0.021798821 -0.998699069 -5.012649536 -0.026288724 0.999442101 0.020601595 -3.949576855 0.998591006 0.025304822 0.046645582 175.361694336
0.047349811 0.024258602 -0.998583853 -5.457138062 -0.027258417 0.999364138 0.022985047 -3.941214085 0.998506427 0.026131475 0.047980905 175.376876831
0.048612177 0.028117936 -0.998421967 -5.926177979 -0.026577273 0.999286175 0.026848253 -3.933089495 0.998464167 0.025230177 0.049324811 175.393341064
0.049634933 0.033163238 -0.998216689 -6.414321899 -0.028409865 0.999091029 0.031779647 -3.917481899 0.998363316 0.026781822 0.050531983 175.417205811
0.051127911 0.037376504 -0.997992575 -6.932510376 -0.030328799 0.998896599 0.035856597 -3.898852825 0.998231590 0.028434634 0.052205086 175.440887451
0.051542103 0.043559443 -0.997720420 -7.463363647 -0.030029094 0.998664141 0.042049348 -3.892710209 0.998219252 0.027793325 0.052781284 175.466735840
0.052140832 0.048221730 -0.997474849 -8.009658813 -0.021696173 0.998652399 0.047144540 -3.878121138 0.998404086 0.019183226 0.053116798 175.507202148
0.053306282 0.047783464 -0.997434378 -8.569839478 -0.012370188 0.998809397 0.047188234 -3.860045910 0.998501658 0.009823016 0.053833902 175.552886963
0.053649127 0.046591777 -0.997472346 -9.147201538 -0.005803285 0.998908579 0.046346735 -3.840515137 0.998543024 0.003302152 0.053860962 175.587097168
0.052165627 0.044446852 -0.997648895 -9.744888306 -0.008498119 0.998992622 0.044062365 -3.813196898 0.998602390 0.006179595 0.052490771 175.606872559
0.050577819 0.043017264 -0.997793257 -10.369354248 -0.010836739 0.999036789 0.042521562 -3.789480925 0.998661339 0.008662178 0.050995290 175.635513306
0.048736811 0.043519549 -0.997863173 -11.007568359 -0.006245395 0.999044061 0.043266021 -3.759985924 0.998792231 0.004123399 0.048961997 175.667709351
0.045672417 0.046830453 -0.997858286 -11.666793823 0.003624698 0.998886228 0.047044605 -3.733175755 0.998950005 -0.005765577 0.045451760 175.713714600
0.042953968 0.048180453 -0.997914672 -12.349456787 0.004976055 0.998813808 0.048438057 -3.706839561 0.999064744 -0.007046289 0.042663276 175.743850708
0.040576100 0.044824727 -0.998170614 -13.043762207 0.004706271 0.998973548 0.045052100 -3.687124252 0.999165535 -0.006525704 0.040323496 175.764282227
0.037147760 0.036978122 -0.998625398 -13.753097534 0.000415868 0.999314487 0.037019107 -3.672479630 0.999309719 -0.001790473 0.037106931 175.772003174
0.035085380 0.025663299 -0.999054909 -14.481063843 -0.001227706 0.999670565 0.025636002 -3.644729853 0.999383748 0.000327092 0.035105348 175.802673340
0.034417152 0.020691752 -0.999193370 -15.233169556 -0.003903663 0.999780834 0.020569457 -3.619852543 0.999399960 0.003192571 0.034490407 175.826843262
0.032882631 0.025299011 -0.999139071 -15.995941162 -0.001247059 0.999679863 0.025271662 -3.607055426 0.999458551 0.000414983 0.032903671 175.852569580
0.032353103 0.031734850 -0.998972714 -16.781967163 0.000113839 0.999495685 0.031755153 -3.590795517 0.999476671 -0.001141104 0.032333136 175.865280151
0.031756520 0.036413107 -0.998832166 -17.580230713 0.000994297 0.999334514 0.036463033 -3.570573807 0.999495149 -0.002151077 0.031699181 175.884002686
0.029864550 0.034143250 -0.998970747 -18.395645142 -0.003030244 0.999414921 0.034067843 -3.548088074 0.999549448 0.002009701 0.029950500 175.901977539
0.028858364 0.029688269 -0.999142528 -19.232162476 -0.005572942 0.999548078 0.029539354 -3.526276827 0.999567986 0.004715707 0.029010773 175.914047241
0.027851641 0.026856573 -0.999251366 -20.077377319 -0.005369887 0.999628603 0.026717044 -3.505909443 0.999597788 0.004621752 0.027985513 175.932937622
0.027033865 0.028115174 -0.999239206 -20.947753906 -0.006034782 0.999590755 0.027961800 -3.482391834 0.999616444 0.005274271 0.027192473 175.952697754
0.026342988 0.031914938 -0.999143422 -21.830444336 -0.007903696 0.999465644 0.031716850 -3.464277983 0.999621749 0.007061408 0.026581109 175.970626831
0.025941730 0.035089985 -0.999047458 -22.737564087 -0.007984143 0.999359131 0.034893613 -3.441541910 0.999631643 0.007071334 0.026205301 175.983840942
0.025405526 0.037314046 -0.998980701 -23.639343262 -0.007607179 0.999281406 0.037131820 -3.417372704 0.999648392 0.006656066 0.025671124 176.002380371
0.025402546 0.039390523 -0.998901069 -24.552947998 -0.008621828 0.999194860 0.039182857 -3.394972563 0.999640226 0.007617002 0.025721669 176.017700195
0.025234342 0.040616907 -0.998856246 -25.509811401 -0.007737487 0.999152303 0.040433474 -3.371039152 0.999651730 0.006708318 0.025527239 176.049468994
0.025941730 0.037952971 -0.998942852 -26.447052002 -0.010028652 0.999238610 0.037703775 -3.340167999 0.999613285 0.009039942 0.026302576 176.068771362
0.028099835 0.035574593 -0.998971879 -27.396636963 -0.010407079 0.999322772 0.035294350 -3.320579529 0.999550939 0.009404614 0.028451025 176.088684082
0.029346287 0.035263393 -0.998947203 -28.369812012 -0.011665450 0.999321520 0.034933913 -3.292748928 0.999501348 0.010627982 0.029737711 176.110305786
0.031077564 0.037302837 -0.998820782 -29.348281860 -0.011276679 0.999252796 0.036968112 -3.266836882 0.999453485 0.010114497 0.031475008 176.140548706
0.033145189 0.039133750 -0.998684108 -30.327804565 -0.012214895 0.999174356 0.038747560 -3.241613626 0.999375939 0.010914526 0.033595800 176.163177490
0.034624696 0.039635170 -0.998614192 -31.336822510 -0.011517360 0.999162734 0.039257605 -3.217061520 0.999334097 0.010142111 0.035052240 176.197616577
0.036075771 0.039507706 -0.998567879 -32.335739136 -0.011376926 0.999169707 0.039120499 -3.186788321 0.999284387 0.009949327 0.036495268 176.232452393
0.037014663 0.039360847 -0.998539209 -33.359115601 -0.009584328 0.999191999 0.039031301 -3.166996956 0.999268711 0.008125598 0.037362039 176.269180298
0.037591338 0.038999856 -0.998531938 -34.371856689 -0.008843997 0.999211967 0.038693473 -3.140961409 0.999254107 0.007376470 0.037906647 176.305801392
0.037473440 0.037830148 -0.998581409 -35.394683838 -0.008228027 0.999260962 0.037547126 -3.114255905 0.999263823 0.006809330 0.037756979 176.345092773
0.036886632 0.038622852 -0.998572767 -36.418029785 -0.007941209 0.999232650 0.038355030 -3.092705965 0.999287903 0.006515086 0.037165046 176.376739502
0.036279619 0.039412443 -0.998564303 -37.451202393 -0.007369002 0.999205410 0.039170019 -3.065442324 0.999314606 0.005937344 0.036541224 176.412719727
0.035088956 0.040064178 -0.998580873 -38.499694824 -0.010393261 0.999156713 0.039722078 -3.037928343 0.999330223 0.008984703 0.035475791 176.444305420
0.033808470 0.038359284 -0.998691976 -39.541519165 -0.011911120 0.999207675 0.037975870 -3.017773151 0.999357402 0.010611632 0.034238577 176.473724365
0.033281803 0.036449689 -0.998781145 -40.583206177 -0.012123454 0.999275923 0.036063764 -2.991379499 0.999372482 0.010908409 0.033699632 176.500488281
0.032611072 0.038027409 -0.998744547 -41.635742188 -0.013431589 0.999202371 0.037606277 -2.966790199 0.999377966 0.012188339 0.033095837 176.527832031
0.032180607 0.040497929 -0.998661280 -42.676544189 -0.015710985 0.999075830 0.040008474 -2.942027092 0.999358594 0.014402457 0.032787085 176.553680420
0.031820476 0.041844469 -0.998617411 -43.737640381 -0.015277135 0.999026895 0.041374829 -2.916549206 0.999376953 0.013939439 0.032428801 176.587005615
0.032424331 0.042074233 -0.998588383 -44.788894653 -0.013975491 0.999034941 0.041639268 -2.887993813 0.999376655 0.012605631 0.032981038 176.612060547
0.032469869 0.043479700 -0.998526573 -45.859313965 -0.012746631 0.998990059 0.043085393 -2.858758450 0.999391496 0.011328869 0.032991290 176.648437500
0.033032835 0.044926610 -0.998444140 -46.916893005 -0.011292538 0.998942196 0.044575423 -2.832353115 0.999390602 0.009802511 0.033505201 176.675033569
0.032678127 0.045100231 -0.998447835 -47.979766846 -0.012339893 0.998923421 0.044717841 -2.800870895 0.999389708 0.010859448 0.033199489 176.707916260
0.032728553 0.044212889 -0.998485863 -49.044921875 -0.013029030 0.998955071 0.043806598 -2.771502495 0.999379337 0.011575575 0.033270419 176.730697632
0.032474101 0.043005727 -0.998546898 -50.104393005 -0.015975203 0.998968542 0.042504352 -2.739836216 0.999344885 0.014571699 0.033127666 176.758132935
0.033055604 0.040211443 -0.998644352 -51.162567139 -0.017778516 0.999055862 0.039639536 -2.720101833 0.999295473 0.016444102 0.033739269 176.777404785
0.033455372 0.038828798 -0.998685658 -52.220977783 -0.021942735 0.999032736 0.038107220 -2.690240383 0.999199331 0.020639004 0.034274995 176.794372559
0.032013357 0.043074630 -0.998558879 -53.303390503 -0.024734698 0.998799086 0.042292010 -2.667669296 0.999181390 0.023345141 0.033040345 176.835830688
0.031948686 0.050993014 -0.998187900 -54.373756409 -0.024203135 0.998444319 0.050231453 -2.634177685 0.999196470 0.022554446 0.033133149 176.860717773
0.031500638 0.057580311 -0.997843862 -55.443130493 -0.025040185 0.998071373 0.056802951 -2.596828461 0.999190152 0.023196859 0.032881737 176.890350342
0.030980289 0.056795318 -0.997905076 -56.518363953 -0.026954466 0.998068690 0.055967819 -2.556045055 0.999156475 0.025164099 0.032451332 176.921554565
0.030667186 0.050702192 -0.998242915 -57.571578979 -0.028806631 0.998342574 0.049822286 -2.516873360 0.999114513 0.027228102 0.032076895 176.948669434
0.031042814 0.043162283 -0.998585761 -58.633407593 -0.028977536 0.998686075 0.042265803 -2.484626770 0.999098003 0.027624501 0.032252789 176.972259521
0.032119632 0.038146921 -0.998755872 -59.690887451 -0.028343847 0.998904288 0.037241064 -2.459963322 0.999082148 0.027112411 0.033165634 176.990463257
0.032680035 0.039244510 -0.998695076 -60.764839172 -0.028029211 0.998871803 0.038334262 -2.434553862 0.999072731 0.026739869 0.033743143 177.028137207
0.032730877 0.040245026 -0.998653710 -61.827407837 -0.026790358 0.998865306 0.039375499 -2.410868645 0.999105215 0.025465488 0.033771932 177.060607910
0.032955229 0.041846782 -0.998580515 -62.900436401 -0.024105242 0.998865724 0.041063216 -2.382129669 0.999166191 0.022717770 0.033926547 177.098999023
0.032772541 0.041588549 -0.998597205 -63.962768555 -0.022655761 0.998908103 0.040857963 -2.356833458 0.999206066 0.021284958 0.033678949 177.125350952
0.032962561 0.040728491 -0.998626530 -65.031288147 -0.020969355 0.998977602 0.040050659 -2.329718828 0.999236763 0.019620374 0.033782899 177.154968262
0.031648457 0.038283829 -0.998765707 -66.103446960 -0.019863464 0.999092937 0.037666947 -2.308148146 0.999301791 0.018646836 0.032380223 177.189880371
0.030536711 0.037904870 -0.998814702 -67.182968140 -0.019313581 0.999116480 0.037325848 -2.285709620 0.999347091 0.018150879 0.031241775 177.223526001
0.030064225 0.039965719 -0.998748720 -68.262535095 -0.017287802 0.999071658 0.039458249 -2.259516239 0.999398530 0.016079884 0.030727208 177.248443604
0.028958142 0.044096310 -0.998607516 -69.341728210 -0.016282514 0.998914719 0.043637704 -2.231667042 0.999448001 0.014996174 0.029644668 177.272644043
0.028516531 0.047443569 -0.998466849 -70.420936584 -0.016690373 0.998756349 0.046980646 -2.200723171 0.999454021 0.015325053 0.029272974 177.298217773
0.027569592 0.044219796 -0.998641491 -71.499542236 -0.016428484 0.998906195 0.043777980 -2.169754505 0.999485016 0.015199214 0.028265953 177.327407837
0.026539564 0.039718989 -0.998858571 -72.569679260 -0.018642439 0.999056220 0.039231524 -2.144242287 0.999474108 0.017579960 0.027254939 177.350753784
0.026241481 0.036603406 -0.998985350 -73.641738892 -0.020423813 0.999140441 0.036072597 -2.117196560 0.999447048 0.019456489 0.026966512 177.368438721
0.025250375 0.038164336 -0.998952448 -74.723991394 -0.020958705 0.999071598 0.037639119 -2.090302229 0.999461472 0.019986345 0.026026785 177.398925781
0.025240004 0.042810258 -0.998764515 -75.799530029 -0.021883514 0.998866916 0.042261627 -2.061004639 0.999442041 0.020789785 0.026148260 177.409606934
0.024633110 0.045772906 -0.998648167 -76.892837524 -0.021588113 0.998742640 0.045244735 -2.028226376 0.999463439 0.020444406 0.025590301 177.436248779
0.023762703 0.045218974 -0.998694479 -77.973976135 -0.022193410 0.998754203 0.044693619 -2.001445293 0.999471307 0.021102393 0.024736702 177.457366943
0.023085952 0.042618591 -0.998824656 -79.041091919 -0.023637345 0.998834908 0.042072695 -1.977075100 0.999453962 0.022638272 0.024066448 177.466979980
0.021350741 0.041326106 -0.998917699 -80.114242554 -0.027703783 0.998786092 0.040728528 -1.938921928 0.999388278 0.026804207 0.022469699 177.482421875
0.019808233 0.041208383 -0.998954296 -81.193946838 -0.030950179 0.998696685 0.040584043 -1.922394037 0.999324739 0.030113908 0.021057844 177.482925415
0.017700553 0.041596960 -0.998977721 -82.264892578 -0.030797791 0.998682797 0.041038983 -1.897391081 0.999368966 0.030039890 0.018958330 177.504776001
0.014885485 0.038400229 -0.999151766 -83.352874756 -0.031303953 0.998790324 0.037919972 -1.871214867 0.999399245 0.030712930 0.016069531 177.507720947
0.011219323 0.039079137 -0.999173164 -84.443092346 -0.029432794 0.998815954 0.038734678 -1.842571020 0.999503851 0.028973881 0.012356281 177.520721436
0.008743167 0.037367705 -0.999263465 -85.529739380 -0.024624877 0.999006510 0.037142638 -1.818915606 0.999658644 0.024281988 0.009654641 177.526550293
0.007664919 0.033910047 -0.999395490 -86.615409851 -0.024131088 0.999140084 0.033716302 -1.791281462 0.999679446 0.023858065 0.008476615 177.521682739
0.005220711 0.029597620 -0.999548435 -87.696403503 -0.023910040 0.999279797 0.029464783 -1.777372122 0.999700665 0.023745408 0.005924642 177.526016235
0.002405465 0.028580843 -0.999588609 -88.780204773 -0.024145382 0.999301732 0.028514534 -1.756434679 0.999705613 0.024066858 0.003093839 177.525405884
0.000461042 0.032305885 -0.999477983 -89.864883423 -0.025435926 0.999155045 0.032283716 -1.744800806 0.999676406 0.025407763 0.001282394 177.509796143
-0.001240253 0.036409747 -0.999336302 -90.964080811 -0.025835473 0.999002218 0.036429636 -1.722831964 0.999665558 0.025863500 -0.000298262 177.492538452
-0.003876209 0.041386791 -0.999135673 -92.065689087 -0.026704915 0.998782575 0.041475765 -1.701129913 0.999635816 0.026842600 -0.002766252 177.493469238
-0.005982041 0.041849710 -0.999105930 -93.163490295 -0.026850589 0.998756945 0.041995853 -1.673901081 0.999621511 0.027077807 -0.004850984 177.479049683
-0.008089900 0.038432602 -0.999228418 -94.256370544 -0.025585849 0.998926044 0.038628116 -1.646106243 0.999639869 0.025878608 -0.007097960 177.458282471
-0.010394216 0.033410493 -0.999387741 -95.351211548 -0.024114668 0.999142587 0.033653107 -1.623664856 0.999655247 0.024449697 -0.009579659 177.438476562
-0.013634920 0.030998120 -0.999426425 -96.453628540 -0.023471497 0.999234021 0.031312369 -1.609655380 0.999631524 0.023884978 -0.012896895 177.436523438
-0.016511559 0.030981442 -0.999383569 -97.552803040 -0.023155043 0.999239922 0.031359550 -1.590012789 0.999595523 0.023658562 -0.015781522 177.416015625
-0.019592643 0.033493385 -0.999246895 -98.656547546 -0.023803720 0.999139786 0.033956524 -1.569260597 0.999524653 0.024451090 -0.018778443 177.392364502
-0.021999836 0.036329757 -0.999097705 -99.756546021 -0.024598755 0.999017298 0.036868490 -1.556198120 0.999455392 0.025387656 -0.021084547 177.356842041
-0.024221301 0.035953771 -0.999059916 -100.877708435 -0.025940707 0.998993993 0.036580302 -1.528971910 0.999370039 0.026802337 -0.023264170 177.325698853
-0.027139783 0.035758853 -0.998991907 -101.983581543 -0.025886962 0.998999655 0.036462408 -1.503983736 0.999296427 0.026850443 -0.026186943 177.298706055
-0.029277325 0.035217300 -0.998950720 -103.075187683 -0.025601072 0.999024868 0.035970233 -1.476826668 0.999243438 0.026627323 -0.028347254 177.252227783
-0.031874537 0.034664519 -0.998890638 -104.178947449 -0.024076398 0.999081790 0.035439428 -1.459444523 0.999201953 0.025179299 -0.031010628 177.214508057
-0.034606099 0.032594707 -0.998869538 -105.272865295 -0.023690185 0.999160409 0.033424951 -1.433817148 0.999120355 0.024820102 -0.033804893 177.169738770
-0.036735058 0.032087903 -0.998809874 -106.373115540 -0.023101520 0.999189973 0.032949761 -1.416610956 0.999058127 0.024284430 -0.035964012 177.123107910
-0.038638234 0.032725334 -0.998717308 -107.478019714 -0.021249730 0.999210656 0.033563606 -1.397904873 0.999027371 0.022519309 -0.037912369 177.076690674
-0.040551782 0.032264266 -0.998656511 -108.580986023 -0.022061145 0.999205947 0.033177841 -1.377786875 0.998933971 0.023376919 -0.039807796 177.023681641
-0.042290211 0.030716248 -0.998633146 -109.671722412 -0.018562054 0.999330640 0.031523768 -1.362200737 0.998932958 0.019869827 -0.041691661 176.982452393
-0.044349551 0.031674206 -0.998513937 -110.767784119 -0.015987340 0.999346733 0.032410711 -1.344424486 0.998888254 0.017400976 -0.043814182 176.931091309
-0.045762181 0.034844857 -0.998344481 -111.869575500 -0.016008912 0.999237537 0.035609845 -1.320677280 0.998824060 0.017611995 -0.045169473 176.869583130
-0.047665715 0.036421135 -0.998199105 -112.973098755 -0.015038865 0.999195576 0.037175626 -1.307517529 0.998750150 0.016783783 -0.047079682 176.815246582
-0.048948169 0.034848038 -0.998193383 -114.093635559 -0.014962872 0.999253452 0.035618778 -1.279138088 0.998689353 0.016679304 -0.048390150 176.759445190
-0.050459623 0.033195771 -0.998174369 -115.213699341 -0.015723646 0.999297202 0.034027975 -1.254991055 0.998602390 0.017411973 -0.049902201 176.693359375
-0.051744819 0.033033863 -0.998113990 -116.320777893 -0.015516848 0.999305546 0.033877734 -1.240646362 0.998539984 0.017240573 -0.051196337 176.626403809
-0.052677989 0.032340683 -0.998087704 -117.420249939 -0.014029241 0.999352872 0.033122122 -1.221568584 0.998512983 0.015747221 -0.052190185 176.562408447
-0.053890347 0.030871117 -0.998069704 -118.527725220 -0.012675900 0.999420285 0.031597327 -1.196451664 0.998466551 0.014354216 -0.053467751 176.494857788
-0.055246711 0.030644525 -0.998002350 -119.645446777 -0.011817500 0.999438822 0.031342819 -1.176949978 0.998402774 0.013525480 -0.054853559 176.432571411
-0.055510759 0.033538260 -0.997894704 -120.774024963 -0.010234579 0.999364078 0.034156974 -1.163043499 0.998405695 0.012109106 -0.055132270 176.366622925
-0.054769397 0.035676174 -0.997861505 -121.881370544 -0.005004018 0.999339104 0.036003657 -1.144363403 0.998486519 0.006965219 -0.054554701 176.300811768
-0.054272175 0.035401735 -0.997898579 -123.004768372 -0.004566886 0.999352038 0.035701681 -1.122372150 0.998515844 0.006494893 -0.054075360 176.233856201
-0.055004597 0.032055274 -0.997971416 -124.124443054 -0.006912945 0.999448359 0.032483730 -1.098607540 0.998462200 0.008685676 -0.054752707 176.165008545
-0.054426312 0.028661035 -0.998106539 -125.248840332 -0.006119961 0.999559641 0.029036483 -1.080911160 0.998499215 0.007688717 -0.054226995 176.094909668
-0.054150939 0.027767656 -0.998146713 -126.360221863 -0.009568471 0.999552965 0.028325882 -1.064765453 0.998487055 0.011084608 -0.053861022 176.034683228
-0.054509997 0.028852297 -0.998096347 -127.486320496 -0.013628550 0.999467850 0.029636253 -1.044784546 0.998420238 0.015218075 -0.054087758 175.965606689
-0.054704428 0.031578604 -0.998003185 -128.615875244 -0.012950684 0.999393284 0.032332469 -1.025009155 0.998418689 0.014693552 -0.054262280 175.895874023
-0.055369139 0.033997979 -0.997886956 -129.740768433 -0.011282479 0.999334991 0.034673341 -1.007562637 0.998402178 0.013178474 -0.054948807 175.827728271
-0.056142092 0.035554841 -0.997789621 -130.882507324 -0.013582469 0.999246061 0.036370981 -0.979751587 0.998330534 0.015594386 -0.055616856 175.760742188
-0.056659937 0.035985738 -0.997744858 -132.010086060 -0.013209144 0.999235749 0.036789633 -0.964207172 0.998306215 0.015263849 -0.056141257 175.689407349
-0.057453036 0.034129113 -0.997764826 -133.119873047 -0.014084107 0.999288321 0.034992214 -0.943989754 0.998248994 0.016063025 -0.056931376 175.620025635
-0.058501124 0.032011304 -0.997774065 -134.251922607 -0.015345945 0.999338806 0.032961264 -0.919626236 0.998169482 0.017240053 -0.057971239 175.554962158
-0.058147192 0.031088205 -0.997823894 -135.386703491 -0.017306864 0.999333382 0.032143775 -0.893016338 0.998158038 0.019138271 -0.057570457 175.470748901
-0.058396697 0.031162109 -0.997806966 -136.522796631 -0.019088455 0.999295115 0.032325737 -0.872713566 0.998110950 0.020934310 -0.057760715 175.400726318
-0.058669329 0.031506937 -0.997780204 -137.661056519 -0.018617101 0.999293447 0.032649405 -0.850268364 0.998103917 0.020491289 -0.058041215 175.332687378
-0.058844447 0.032657325 -0.997732818 -138.782836914 -0.019573746 0.999234855 0.033860914 -0.834367752 0.998075247 0.021521896 -0.058160186 175.252258301
-0.058871984 0.033180825 -0.997713923 -139.937576294 -0.018358624 0.999242425 0.034314945 -0.822020054 0.998096704 0.020336848 -0.058218241 175.194000244
-0.058447123 0.032422952 -0.997763872 -141.075057983 -0.016798599 0.999298990 0.033456869 -0.791203022 0.998149157 0.018716492 -0.057861447 175.123916626
-0.057973862 0.033938456 -0.997741044 -142.224472046 -0.016709033 0.999248981 0.034960628 -0.773691654 0.998178244 0.018698091 -0.057363272 175.049591064
-0.058454394 0.032639507 -0.997756362 -143.366607666 -0.014517871 0.999331892 0.033541586 -0.761354923 0.998184502 0.016445948 -0.057941437 174.982849121
-0.058657050 0.028434334 -0.997873127 -144.510894775 -0.014747457 0.999460518 0.029346453 -0.739730358 0.998169243 0.016437469 -0.058206081 174.909103394
-0.058049321 0.027379250 -0.997938275 -145.654281616 -0.015892763 0.999471843 0.028345797 -0.718732834 0.998187304 0.017505448 -0.057583570 174.825851440
-0.058356166 0.031081121 -0.997811973 -146.800704956 -0.017201610 0.999335527 0.032134600 -0.702764511 0.998147666 0.019039219 -0.057782769 174.759216309
-0.058396339 0.033187818 -0.997741699 -147.940490723 -0.017632928 0.999257028 0.034270253 -0.692947865 0.998137772 0.019594360 -0.057767749 174.682922363
-0.058784962 0.032777287 -0.997732520 -149.080596924 -0.014161543 0.999332845 0.033664241 -0.669230938 0.998170316 0.016108377 -0.058281541 174.611236572
-0.059570670 0.032425940 -0.997697353 -150.229125977 -0.011311175 0.999386191 0.033156201 -0.644724846 0.998160064 0.013260265 -0.059167385 174.549423218
-0.059803724 0.033591006 -0.997644842 -151.385375977 -0.008177303 0.999383628 0.034139737 -0.628251553 0.998176754 0.010199724 -0.059492230 174.471435547
-0.060460091 0.033781733 -0.997598886 -152.531036377 -0.007929341 0.999379337 0.034322590 -0.609498978 0.998139203 0.009985445 -0.060154676 174.401580811
-0.060748100 0.032049697 -0.997638464 -153.664398193 -0.008186180 0.999434769 0.032605875 -0.588422775 0.998119593 0.010147595 -0.060451388 174.323806763
-0.061136246 0.031179670 -0.997642457 -154.799636841 -0.008305610 0.999461472 0.031745497 -0.566890717 0.998095036 0.010226823 -0.060844302 174.251068115
-0.061067343 0.033292785 -0.997578382 -155.942916870 -0.008323320 0.999391854 0.033862829 -0.549864769 0.998099089 0.010371071 -0.060753107 174.174102783
-0.061404824 0.038640171 -0.997364759 -157.083023071 -0.008128468 0.999197841 0.039211635 -0.529501438 0.998079896 0.010514828 -0.061041474 174.096359253
-0.061277628 0.042269319 -0.997225344 -158.226715088 -0.006342122 0.999066234 0.042737059 -0.496120453 0.998100638 0.008943351 -0.060952306 174.029785156
-0.061028004 0.038214672 -0.997404337 -159.353393555 -0.003491741 0.999252558 0.038499136 -0.483872414 0.998130083 0.005832199 -0.060848951 173.950286865
-0.060842752 0.028466446 -0.997741401 -160.457519531 -0.006428767 0.999561310 0.028910400 -0.464387417 0.998126686 0.008173236 -0.060633063 173.876617432
-0.060047388 0.020984758 -0.997974932 -161.573959351 -0.007758280 0.999738991 0.021488663 -0.448492289 0.998165369 0.009032908 -0.059868932 173.804611206
-0.059845805 0.023079192 -0.997940838 -162.688964844 -0.007673108 0.999692500 0.023579855 -0.437076807 0.998178184 0.009068462 -0.059650302 173.726089478
-0.059473276 0.031807333 -0.997723162 -163.817535400 -0.005525923 0.999466419 0.032192305 -0.427907467 0.998214722 0.007427918 -0.059265852 173.654357910
-0.058720469 0.039368913 -0.997497916 -164.933761597 -0.002828747 0.999211490 0.039603069 -0.405682564 0.998270452 0.005147180 -0.058562756 173.587295532
-0.059222817 0.042442195 -0.997342229 -166.049942017 -0.003926772 0.999078095 0.042749241 -0.378135204 0.998237193 0.006448057 -0.059001565 173.519851685
-0.059343934 0.040320989 -0.997423053 -167.152618408 -0.004533913 0.999162734 0.040661074 -0.352560043 0.998227417 0.006935210 -0.059111476 173.442794800
-0.058782816 0.031771738 -0.997765064 -168.245025635 -0.001136435 0.999490619 0.031893633 -0.347186089 0.998270154 0.003008692 -0.058716655 173.379577637
-0.059119701 0.022469111 -0.997998118 -169.334915161 0.003005561 0.999746144 0.022330426 -0.330959797 0.998246491 -0.001679381 -0.059172153 173.322143555
-0.060749650 0.023001254 -0.997888088 -170.428375244 0.005994636 0.999724805 0.022678651 -0.319956303 0.998135149 -0.004604259 -0.060870767 173.251739502
-0.062319636 0.038006742 -0.997332394 -171.530181885 0.010149726 0.999247134 0.037445489 -0.310566425 0.998004675 -0.007789062 -0.062658429 173.191177368
-0.061300159 0.052916497 -0.996715665 -172.635559082 0.014805997 0.998531997 0.052102324 -0.278395653 0.998009562 -0.011563489 -0.061993599 173.117645264
-0.061244726 0.056607474 -0.996516407 -173.710861206 0.011600744 0.998363376 0.055999432 -0.241652489 0.998055458 -0.008130663 -0.061801195 173.044342041
-0.061816931 0.050944254 -0.996786535 -174.771240234 0.008742067 0.998685837 0.050499178 -0.208158493 0.998049259 -0.005592274 -0.062180996 172.978591919
-0.061951280 0.038565632 -0.997333765 -175.817199707 0.003433673 0.999255538 0.038426653 -0.187773705 0.998073220 -0.001043937 -0.062037587 172.888641357
-0.061766505 0.027789544 -0.997703731 -176.856765747 0.001836605 0.999613762 0.027729047 -0.176749706 0.998088956 -0.000119663 -0.061793685 172.818191528
-0.062930822 0.024475997 -0.997717738 -177.887634277 -0.000222242 0.999698877 0.024538616 -0.165810585 0.998017848 0.001765971 -0.062906504 172.749267578
-0.062887073 0.032098074 -0.997504413 -178.924179077 -0.000510558 0.999481499 0.032193884 -0.148993015 0.998020530 0.002533862 -0.062838078 172.675628662
-0.063055754 0.041925877 -0.997129023 -179.970626831 -0.001852226 0.999110579 0.042126328 -0.132692337 0.998008311 0.004503217 -0.062922120 172.602874756
-0.063623071 0.049100127 -0.996765494 -180.990310669 -0.003732822 0.998770237 0.049437147 -0.107584000 0.997967124 0.006866082 -0.063361526 172.529830933
-0.064280510 0.049361154 -0.996710479 -181.994888306 -0.003623550 0.998757780 0.049696248 -0.080978394 0.997925401 0.006806127 -0.064021826 172.458618164
-0.064975381 0.047229577 -0.996768594 -182.995056152 -0.002964266 0.998865783 0.047522176 -0.051776886 0.997882485 0.006042453 -0.064761639 172.382446289
-0.065738916 0.046251137 -0.996764421 -184.013854980 -0.000536438 0.998923421 0.046386700 -0.027550697 0.997836769 0.003584114 -0.065643430 172.322143555
-0.065597296 0.043034744 -0.996917903 -185.005096436 -0.000169985 0.999069095 0.043138795 -0.005186081 0.997846305 0.002999245 -0.065528989 172.250747681
-0.065523982 0.037759766 -0.997136354 -185.986572266 0.000294142 0.999284446 0.037821785 0.017015934 0.997851014 0.002184933 -0.065488219 172.184112549
-0.065468788 0.036880769 -0.997172952 -186.975692749 0.001465891 0.999319196 0.036863912 0.039329052 0.997853696 0.000951681 -0.065478206 172.118103027
-0.063362479 0.039309308 -0.997216165 -187.939834595 0.000950450 0.999225914 0.039328143 0.052852631 0.997990191 0.001544120 -0.063350797 172.048538208
-0.062418461 0.037670434 -0.997338951 -188.909072876 -0.001342429 0.999283373 0.037827894 0.074094296 0.998049200 0.003700016 -0.062323213 171.989532471
-0.061138988 0.032946628 -0.997585475 -189.857910156 -0.003006293 0.999444485 0.033192270 0.092002869 0.998124897 0.005028369 -0.061005950 171.922912598
-0.060416937 0.031096071 -0.997688890 -190.806625366 -0.004262945 0.999497473 0.031410597 0.106588364 0.998164296 0.006150820 -0.060253978 171.859222412
-0.059631705 0.032878529 -0.997678995 -191.750991821 -0.005282567 0.999433041 0.033252083 0.115841866 0.998206615 0.007253179 -0.059424281 171.788619995
-0.060546279 0.035503507 -0.997533977 -192.690719604 -0.004729455 0.999345839 0.035855059 0.125840664 0.998154342 0.006888678 -0.060338736 171.728210449
-0.061026216 0.037143607 -0.997444808 -193.616348267 -0.004184244 0.999289036 0.037468288 0.139932156 0.998127401 0.006460100 -0.060827374 171.663162231
-0.061756849 0.036908019 -0.997408688 -194.542144775 -0.004916035 0.999292672 0.037282128 0.154506207 0.998079240 0.007205718 -0.061531663 171.596572876
-0.064926267 0.034086321 -0.997307837 -195.466491699 -0.007084540 0.999375522 0.034618206 0.169422626 0.997865021 0.009313094 -0.064644217 171.525451660
-0.068414211 0.033299580 -0.997101247 -196.387344360 -0.009396362 0.999376953 0.034020297 0.187026501 0.997612894 0.011696592 -0.068058729 171.454406738
-0.071877837 0.034510463 -0.996816278 -197.306121826 -0.008373313 0.999345124 0.035201792 0.204174042 0.997378349 0.010876881 -0.071541786 171.386703491
-0.076246023 0.036820646 -0.996409059 -198.217529297 -0.011475692 0.999219358 0.037802629 0.216673851 0.997023165 0.014316779 -0.075763941 171.308074951
-0.080131531 0.039601110 -0.995997369 -199.127304077 -0.006311968 0.999170303 0.040235087 0.238224983 0.996764302 0.009510799 -0.079815149 171.232086182
-0.084920645 0.041233014 -0.995534301 -200.033248901 -0.002359057 0.999132276 0.041583274 0.259799957 0.996385038 0.005879791 -0.084749699 171.156433105
-0.090421081 0.038520377 -0.995158434 -200.935272217 -0.003181257 0.999235451 0.038967241 0.276816368 0.995898545 0.006689312 -0.090229392 171.069076538
-0.096055508 0.033116862 -0.994824946 -201.825607300 -0.000673933 0.999444008 0.033335701 0.297790051 0.995375812 0.003872521 -0.095979691 170.979263306
-0.102826953 0.030338136 -0.994236529 -202.710403442 0.001249547 0.999537945 0.030370669 0.318339825 0.994698524 0.001880576 -0.102817416 170.887802124
-0.108886600 0.034053370 -0.993470848 -203.592895508 0.002667419 0.999419451 0.033964925 0.332634449 0.994050741 0.001048317 -0.108914256 170.785369873
-0.115862966 0.039544467 -0.992477775 -204.479522705 0.002613625 0.999215841 0.039507825 0.345564365 0.993261814 0.001983527 -0.115875363 170.675109863
-0.123022079 0.042269878 -0.991503477 -205.358276367 0.001712060 0.999100029 0.042381316 0.370211601 0.992402613 0.003516313 -0.122983694 170.562408447
-0.129704595 0.041125864 -0.990699530 -206.237976074 0.003712455 0.999152601 0.040990729 0.387058735 0.991545796 0.001638756 -0.129747391 170.445419312
-0.135149479 0.036676187 -0.990146279 -207.088745117 0.002446051 0.999323964 0.036682270 0.407919407 0.990822315 0.002535637 -0.135147810 170.317535400
-0.139831543 0.033640631 -0.989603758 -207.951690674 -0.001182779 0.999416292 0.034141328 0.419440269 0.990174711 0.005944517 -0.139710188 170.184860229
-0.142536402 0.033064343 -0.989237249 -208.802780151 -0.006286147 0.999391496 0.034309495 0.432438374 0.989769697 0.011108835 -0.142241836 170.046844482
-0.144157290 0.035185214 -0.988929033 -209.676025391 -0.012257358 0.999227524 0.037338391 0.458238602 0.989478886 0.017504258 -0.143614650 169.910812378
-0.143817544 0.036818381 -0.988919199 -210.531707764 -0.016443785 0.999080777 0.039588112 0.475931644 0.989467740 0.021955036 -0.143079996 169.773620605
-0.143366456 0.037173424 -0.988971353 -211.380783081 -0.020796169 0.998960495 0.040563621 0.493140697 0.989451230 0.026382273 -0.142444372 169.638473511
-0.142394185 0.037885599 -0.989084840 -212.222915649 -0.022975996 0.998871446 0.041568220 0.516656399 0.989543438 0.028644277 -0.141363025 169.510299683
-0.140978456 0.040254679 -0.989193976 -213.048339844 -0.022948250 0.998771667 0.043914992 0.534086227 0.989746690 0.028891336 -0.139881492 169.380645752
-0.139941931 0.042519458 -0.989246428 -213.870941162 -0.026752086 0.998550475 0.046703801 0.551252365 0.989798307 0.033000223 -0.138601661 169.260253906
-0.137471557 0.038339034 -0.989763439 -214.673736572 -0.031831127 0.998563528 0.043101043 0.575332165 0.989994109 0.037430458 -0.136053681 169.142761230
-0.131999254 0.036748003 -0.990568459 -215.489547729 -0.037096061 0.998429418 0.041982904 0.590796471 0.990555465 0.042287894 -0.130428672 169.016586304
-0.123417616 0.036216948 -0.991693735 -216.275070190 -0.041706458 0.998261511 0.041647226 0.610780716 0.991478026 0.046500027 -0.121692538 168.910385132
-0.111503243 0.037095487 -0.993071616 -217.046783447 -0.045527119 0.998063147 0.042393781 0.626693249 0.992720783 0.049938723 -0.109598398 168.815933228
-0.098989367 0.038040712 -0.994361103 -217.818023682 -0.048736904 0.997884452 0.043027297 0.635995388 0.993894279 0.052721322 -0.096925974 168.731903076
-0.085687757 0.038063329 -0.995594800 -218.575439453 -0.048602905 0.997920573 0.042335350 0.653320312 0.995135963 0.052016411 -0.083659649 168.666061401
-0.073978186 0.038255189 -0.996525884 -219.319305420 -0.048166681 0.997960687 0.041885972 0.668465614 0.996096015 0.051097989 -0.071984649 168.613784790
-0.061697364 0.039118510 -0.997328103 -220.052536011 -0.047089595 0.998004854 0.042058136 0.687176704 0.996983528 0.049558643 -0.059732199 168.575515747
-0.049196482 0.040103689 -0.997983813 -220.778305054 -0.048532646 0.997917295 0.042493470 0.703252792 0.997609437 0.050525308 -0.047147632 168.539749146
-0.036600590 0.041080669 -0.998485267 -221.490280151 -0.049948558 0.997830689 0.042884659 0.721436501 0.998080969 0.051442500 -0.034469247 168.515487671
-0.022367716 0.042868949 -0.998830259 -222.203292847 -0.051449120 0.997707069 0.043972895 0.738271713 0.998425066 0.052372515 -0.020110846 168.502212524
-0.007712841 0.043524209 -0.999022543 -222.894668579 -0.050500490 0.997760534 0.043859106 0.752997398 0.998694241 0.050789405 -0.005497575 168.500061035
0.006983936 0.043041177 -0.999048948 -223.574829102 -0.051224966 0.997776926 0.042628281 0.768950462 0.998662770 0.050878532 0.009173155 168.504043579
0.021596014 0.043255057 -0.998830795 -224.245635986 -0.050766505 0.997822225 0.042113740 0.785483360 0.998477161 0.049797643 0.023744941 168.523437500
0.036139429 0.043168943 -0.998414040 -224.904800415 -0.049615089 0.997912049 0.041351330 0.795290947 0.998114467 0.048041981 0.038205802 168.554275513
0.050999224 0.042017821 -0.997814417 -225.554229736 -0.048115201 0.998057723 0.039568856 0.814800262 0.997538984 0.045992061 0.052921832 168.590377808
0.066167235 0.041723117 -0.996935904 -226.189788818 -0.047026489 0.998145521 0.038652565 0.836335182 0.996699810 0.044324856 0.068006575 168.640350342
0.081787527 0.039138384 -0.995881140 -226.802856445 -0.045529105 0.998332202 0.035495594 0.836785316 0.995609403 0.042438470 0.083433032 168.688064575
0.095237136 0.037335873 -0.994754255 -227.420318604 -0.044198994 0.998469472 0.033243731 0.840684414 0.994472921 0.040801093 0.096741557 168.764572144
0.109376967 0.036306810 -0.993337214 -228.014739990 -0.044337321 0.998516262 0.031614095 0.852405548 0.993011177 0.040584043 0.110824466 168.842636108
0.124028444 0.036974039 -0.991589606 -228.586822510 -0.042639587 0.998581052 0.031901356 0.851720333 0.991362154 0.038324293 0.125429034 168.911575317
0.136217475 0.037603419 -0.989965081 -229.149917603 -0.041828252 0.998606563 0.032176167 0.863924026 0.989795566 0.037025549 0.137600541 169.006835938
0.149718344 0.039202783 -0.987951159 -229.710586548 -0.039313186 0.998659492 0.033670012 0.867628574 0.987946808 0.033798490 0.151058853 169.093566895
0.161950886 0.040163755 -0.985981166 -230.255340576 -0.038918421 0.998653948 0.034287490 0.873464108 0.986031115 0.032819934 0.163295984 169.192031860
0.172614038 0.040518850 -0.984155834 -230.793762207 -0.039848715 0.998622835 0.034125287 0.882017612 0.984183192 0.033326838 0.173990965 169.283828735
0.181709170 0.040452499 -0.982519925 -231.313385010 -0.037019450 0.998726666 0.034273311 0.878226757 0.982655227 0.030144570 0.182975292 169.367767334
0.187091708 0.039680615 -0.981540680 -231.818237305 -0.033731695 0.998854101 0.033950936 0.885646343 0.981763124 0.026757093 0.188215792 169.474716187
0.189608872 0.039118469 -0.981080115 -232.318023682 -0.029921422 0.998972178 0.034049097 0.892214298 0.981403708 0.022899302 0.190584481 169.582183838
0.190015852 0.039835628 -0.980972588 -232.803543091 -0.027459895 0.999001265 0.035248719 0.898287296 0.981397033 0.020239584 0.190919936 169.677017212
0.188685715 0.041027505 -0.981180191 -233.279617310 -0.026439631 0.998976946 0.036687199 0.899669647 0.981681585 0.019019688 0.189577460 169.767395020
0.184739351 0.040716082 -0.981943905 -233.744400024 -0.025863584 0.998996794 0.036557302 0.914026260 0.982447267 0.018643009 0.185607076 169.859130859
0.180255949 0.040890276 -0.982769430 -234.205413818 -0.024667252 0.999009252 0.037041590 0.914012432 0.983310401 0.017565252 0.181086004 169.915771484
0.171367705 0.041443050 -0.984335124 -234.649551392 -0.023022724 0.999010503 0.038052779 0.920260429 0.984938145 0.016141055 0.172152281 169.989608765
0.159463286 0.041565023 -0.986328483 -235.080932617 -0.019739147 0.999047756 0.038909730 0.930269718 0.987006545 0.013264610 0.160131931 170.055801392
0.144084036 0.041657031 -0.988688290 -235.485427856 -0.017997727 0.999058604 0.039471116 0.933030605 0.989401817 0.012106979 0.144698083 170.106918335
0.125400424 0.041144591 -0.991252661 -235.882568359 -0.016131565 0.999092162 0.039429232 0.941528797 0.991975009 0.011046015 0.125950277 170.155029297
0.105772972 0.041887607 -0.993507802 -236.273986816 -0.016335435 0.999050796 0.040382173 0.945935249 0.994256258 0.011958034 0.106356800 170.179824829
0.083386362 0.042090956 -0.995627999 -236.676940918 -0.014759254 0.999050140 0.040999506 0.954877377 0.996407986 0.011275925 0.083928406 170.204986572
0.057796061 0.043271124 -0.997390330 -237.041992188 -0.012090178 0.999017298 0.042641118 0.959202290 0.998255312 0.009594129 0.058262467 170.222534180
0.029799879 0.044087037 -0.998583198 -237.391357422 -0.008837924 0.998999417 0.043841675 0.976465225 0.999516904 0.007518922 0.030159712 170.214355469
-0.001468778 0.044459760 -0.999010205 -237.753341675 -0.008757384 0.998972297 0.044470951 0.990661621 0.999960661 0.008814027 -0.001077890 170.197143555
-0.032456040 0.045895912 -0.998418808 -238.018966675 -0.009144458 0.998889685 0.046214819 0.982425690 0.999431312 0.010629946 -0.032000303 170.123077393
-0.067802668 0.045327503 -0.996668756 -238.349121094 -0.013554918 0.998833358 0.046348084 0.991525650 0.997606874 0.016652277 -0.067109108 170.068115234
-0.105109811 0.041710630 -0.993585587 -238.672119141 -0.014867925 0.998942435 0.043508366 1.003314018 0.994349539 0.019345708 -0.104378462 170.004425049
-0.143303156 0.037052590 -0.988985121 -238.982910156 -0.016479619 0.999071002 0.039818350 1.009339809 0.989541769 0.022004185 -0.142559409 169.930435181
-0.180117965 0.034066115 -0.983054996 -239.289108276 -0.015071690 0.999187231 0.037386626 1.021385193 0.983529627 0.021550300 -0.179458141 169.846221924
-0.216099858 0.033617239 -0.975792408 -239.578582764 -0.014930622 0.999176443 0.037729397 1.027143002 0.976257145 0.022722503 -0.215420008 169.747543335
-0.249845624 0.031954981 -0.967758417 -239.829208374 -0.016057869 0.999181092 0.037138198 1.041814804 0.968152702 0.024818949 -0.249127865 169.628494263
-0.285418510 0.031857647 -0.957873404 -240.123580933 -0.016355336 0.999139965 0.038103539 1.044185638 0.958263457 0.026541797 -0.284651995 169.517303467
-0.318763733 0.029728997 -0.947368145 -240.391418457 -0.021148054 0.999036074 0.038466118 1.061190128 0.947598517 0.032296583 -0.317827702 169.371627808
-0.351884484 0.026813131 -0.935659349 -240.572387695 -0.023939647 0.999004900 0.037631687 1.064542294 0.935737312 0.035641361 -0.350892425 169.264053345
-0.385736108 0.023747019 -0.922303557 -240.813491821 -0.028125674 0.998901427 0.037482250 1.070592880 0.922180414 0.040398661 -0.384644389 169.156738281
-0.415903568 0.023081889 -0.909115851 -241.036132812 -0.032033529 0.998685658 0.040010754 1.059582233 0.908844471 0.045762796 -0.414617538 168.997299194
-0.443785787 0.021440569 -0.895876467 -241.286880493 -0.037239689 0.998408914 0.042341664 1.115923166 0.895358860 0.052152783 -0.442281246 168.801879883
-0.473347068 0.026344080 -0.880482197 -241.547332764 -0.032175343 0.998368621 0.047168706 1.103358746 0.880288422 0.050656971 -0.471727133 168.673507690
-0.502537966 0.025532799 -0.864178002 -241.777603149 -0.031896960 0.998335719 0.048045356 1.097396374 0.863966525 0.051709268 -0.500887275 168.537643433
-0.527920485 0.019514132 -0.849069536 -242.034439087 -0.034890532 0.998393655 0.044639703 1.144140720 0.848576784 0.053190704 -0.526391625 168.338623047
-0.550291538 0.021725673 -0.834689915 -242.182800293 -0.035898324 0.998121500 0.049646467 1.098926783 0.834200561 0.057283998 -0.548477888 168.146575928
-0.571366429 0.021059969 -0.820424914 -242.403015137 -0.039484534 0.997807682 0.053111423 1.113199711 0.819744825 0.062740177 -0.569282293 167.956817627
-0.589336157 0.018017611 -0.807687044 -242.628677368 -0.043419175 0.997600019 0.053935319 1.131914139 0.806720376 0.066855133 -0.587139487 167.763153076
-0.605161667 0.013178360 -0.795993924 -242.852310181 -0.045829915 0.997628093 0.051359192 1.148221970 0.794782758 0.067560926 -0.603122354 167.563064575
-0.621713161 0.009726532 -0.783184469 -243.069686890 -0.044947922 0.997832000 0.048073173 1.158730149 0.781954110 0.065090246 -0.619928122 167.365905762
-0.635956287 0.013485578 -0.771607459 -243.289001465 -0.037172906 0.998151422 0.048082728 1.157205582 0.770829499 0.059261393 -0.634279370 167.174652100
-0.649183750 0.015135101 -0.760481060 -243.525024414 -0.032471031 0.998339117 0.047587808 1.157127500 0.759938300 0.055586834 -0.647614121 166.978820801
-0.661553502 0.013448382 -0.749777496 -243.725357056 -0.030114261 0.998556197 0.044481408 1.172438025 0.749293149 0.052005824 -0.660193443 166.764068604
-0.674911261 0.011664989 -0.737807035 -243.936386108 -0.027154272 0.998805165 0.040630914 1.182317376 0.737399459 0.047456861 -0.673788190 166.553543091
-0.687126279 0.009683998 -0.726473808 -244.137115479 -0.023670627 0.999081969 0.035706472 1.189908743 0.726152658 0.041730937 -0.686266184 166.330657959
-0.700518131 0.008788345 -0.713580430 -244.344268799 -0.020171152 0.999280810 0.032108903 1.201542139 0.713349402 0.036886610 -0.699837089 166.126083374
-0.713458061 0.008648942 -0.700644553 -244.535507202 -0.019567482 0.999287903 0.032260813 1.219527006 0.700424671 0.036726587 -0.712780833 165.877777100
-0.728531837 0.011273531 -0.684919178 -244.765808105 -0.018317154 0.999186456 0.035929773 1.235221982 0.684767008 0.038721751 -0.727732658 165.614196777
-0.746303797 0.016839746 -0.665392697 -244.931121826 -0.013687068 0.999080241 0.040636107 1.224547148 0.665464997 0.039434150 -0.745386958 165.435058594
-0.763819814 0.020358130 -0.645108819 -245.133575439 -0.010460670 0.998980701 0.043911114 1.236977339 0.645345211 0.040288433 -0.762828350 165.173065186
-0.780817509 0.022623271 -0.624349654 -245.329040527 -0.006569752 0.998991609 0.044414591 1.253151178 0.624724865 0.038781505 -0.779881477 164.896697998
-0.797640443 0.022737522 -0.602704763 -245.516052246 -0.005692644 0.998960793 0.045220446 1.260084033 0.603106618 0.039500635 -0.796682119 164.606353760
-0.814778447 0.023289504 -0.579304874 -245.711456299 -0.005392960 0.998845160 0.047741141 1.262920976 0.579747736 0.042022612 -0.813711882 164.305236816
-0.831832886 0.022649366 -0.554564297 -245.886047363 -0.005283674 0.998798609 0.048718046 1.274574995 0.555001497 0.043455396 -0.830713749 163.996536255
-0.848919392 0.023590183 -0.527995586 -246.070617676 -0.001945004 0.998857200 0.047754899 1.296061039 0.528518736 0.041567013 -0.847903371 163.661010742
-0.864883661 0.025178460 -0.501340926 -246.244201660 0.002583307 0.998951256 0.045713004 1.313064575 0.501966119 0.038241301 -0.864041686 163.304382324
-0.880882025 0.024539769 -0.472699255 -246.409423828 0.004867492 0.999072015 0.042795304 1.334166884 0.473310798 0.035396758 -0.880184054 162.942550659
-0.896827102 0.021522826 -0.441857666 -246.541107178 0.004480775 0.999206483 0.039576702 1.334653020 0.442358851 0.033513591 -0.896211863 162.622528076
-0.911376476 0.016178828 -0.411255538 -246.679626465 0.000558638 0.999274790 0.038073566 1.351757050 0.411573261 0.034469608 -0.910724521 162.226684570
-0.925274730 0.016856480 -0.378923535 -246.822418213 0.002087077 0.999223113 0.039354298 1.364827156 0.379292518 0.035622682 -0.924591064 161.817901611
-0.936449170 0.023790771 -0.349995524 -246.970153809 0.009770619 0.999079466 0.041769631 1.375342369 0.350667089 0.035695463 -0.935819626 161.389190674
-0.945784092 0.026085852 -0.323747039 -247.109893799 0.013285986 0.999042511 0.041684397 1.392359018 0.324524432 0.035123140 -0.945225000 160.928237915
-0.953488708 0.022499653 -0.300587624 -247.242828369 0.010537548 0.999088824 0.041358046 1.409702897 0.301244289 0.036266975 -0.952857018 160.449066162
-0.958983898 0.018741913 -0.282841027 -247.368133545 0.007028635 0.999077201 0.042371061 1.430813551 0.283374131 0.038645167 -0.958230615 159.945877075
-0.962561846 0.016904844 -0.270535380 -247.499511719 0.005401411 0.999051452 0.043209206 1.448758125 0.271009207 0.040130254 -0.961740136 159.427215576
-0.965137005 0.019346921 -0.261029154 -247.630706787 0.008064790 0.998989105 0.044223934 1.467410326 0.261620879 0.040577009 -0.964317322 158.880920410
-0.968129039 0.025548065 -0.249146223 -247.776000977 0.014932467 0.998901963 0.044405501 1.489085197 0.250007123 0.039269876 -0.967447519 158.317810059
-0.971381068 0.032961655 -0.235228881 -247.923034668 0.023262896 0.998765588 0.043888468 1.511953592 0.236385137 0.037160318 -0.970948696 157.729080200
-0.975028157 0.033557430 -0.219532818 -248.055541992 0.025321994 0.998869896 0.040221136 1.534301519 0.220634446 0.033657718 -0.974775910 157.112884521
-0.978342056 0.034903817 -0.204031959 -248.172424316 0.027677407 0.998888075 0.038165800 1.555349827 0.205137208 0.031692125 -0.978220224 156.473312378
-0.981561899 0.034618355 -0.187984273 -248.294067383 0.027915426 0.998880565 0.038188770 1.587138891 0.189095855 0.032236978 -0.981429458 155.793090820
-0.984128356 0.039883498 -0.172918886 -248.396606445 0.033408877 0.998633206 0.040194396 1.609931946 0.174285635 0.033779416 -0.984115720 155.097015381
-0.986701846 0.041162737 -0.157243460 -248.500000000 0.034731604 0.998452544 0.043431427 1.631720066 0.158787876 0.037392545 -0.986604571 154.371978760
-0.988772511 0.042708658 -0.143197194 -248.595062256 0.036713779 0.998345673 0.044249739 1.661952496 0.144850150 0.038495604 -0.988704801 153.617721558
-0.990475297 0.043099940 -0.130772904 -248.693878174 0.037862763 0.998388350 0.042274449 1.688916206 0.132384166 0.036920365 -0.990510821 152.826980591
-0.991897583 0.041708536 -0.119998090 -248.786254883 0.037291303 0.998549938 0.038824800 1.723659039 0.121443413 0.034035344 -0.992014647 152.008300781
-0.992802262 0.042834707 -0.111843064 -248.877868652 0.038809739 0.998526812 0.037921060 1.755424023 0.113302633 0.033307511 -0.993002057 151.176162720
-0.993540287 0.041143537 -0.105758756 -248.953399658 0.037253268 0.998563886 0.038501110 1.788573742 0.107190952 0.034312543 -0.993646264 150.314788818
-0.994047880 0.040935874 -0.100963145 -249.033996582 0.037113078 0.998531818 0.039456055 1.818474770 0.102430083 0.035474144 -0.994107723 149.438873291
-0.994320393 0.043153711 -0.097287379 -249.136016846 0.039397873 0.998414516 0.040202428 1.836017132 0.098868012 0.036141176 -0.994444132 148.520507812
-0.994511843 0.043395776 -0.095199049 -249.217224121 0.039835501 0.998445392 0.038986050 1.873575211 0.096742883 0.034979790 -0.994694471 147.596694946
-0.994682074 0.043511331 -0.093353361 -249.302001953 0.040056661 0.998452842 0.038567249 1.904859543 0.094887041 0.034622718 -0.994886041 146.636932373
-0.994763136 0.045424178 -0.091560081 -249.384857178 0.041955575 0.998339951 0.039459560 1.937840939 0.093200505 0.035411451 -0.995017648 145.679229736
-0.994893193 0.046849143 -0.089404754 -249.479156494 0.043332364 0.998223960 0.040880091 1.974349976 0.091161169 0.036797196 -0.995156407 144.679306030
-0.994873762 0.049810912 -0.088009253 -249.565856934 0.046217386 0.998030782 0.042408857 2.009735584 0.089948364 0.038123894 -0.995216727 143.662353516
-0.994840026 0.053100985 -0.086450025 -249.654693604 0.049489390 0.997831345 0.043398451 2.050770760 0.088567041 0.038896155 -0.995310426 142.624511719
-0.994993091 0.053302206 -0.084545948 -249.741729736 0.049879454 0.997867823 0.042093705 2.086757660 0.086609364 0.037665833 -0.995530248 141.559600830
-0.995052814 0.053450368 -0.083747752 -249.815826416 0.050405160 0.998003185 0.038065068 2.125031948 0.085615113 0.033655420 -0.995760083 140.476669312
-0.995322585 0.051252373 -0.081892446 -249.912414551 0.048465237 0.998187780 0.035668168 2.155854225 0.083572119 0.031532396 -0.996002793 139.403808594
-0.995543838 0.049069289 -0.080527455 -249.987762451 0.046291757 0.998278916 0.036004633 2.193626881 0.082155578 0.032116435 -0.996101975 138.262847900
-0.995780706 0.047227431 -0.078680910 -250.077148438 0.044369970 0.998304367 0.037678756 2.225924015 0.080326974 0.034028701 -0.996187687 137.117950439
-0.995732188 0.050056178 -0.077536553 -250.168243408 0.046879541 0.998006105 0.042262677 2.265863895 0.079497464 0.038447428 -0.996093392 135.942855835
-0.995854139 0.051057514 -0.075287528 -250.254425049 0.047442850 0.997669220 0.049043536 2.304205894 0.077616096 0.045268342 -0.995955348 134.755340576
-0.995820403 0.054472700 -0.073312730 -250.336029053 0.050541349 0.997236431 0.054452490 2.346024513 0.076076299 0.050519567 -0.995821476 133.573410034
-0.995858431 0.056677718 -0.071089879 -250.428558350 0.052888047 0.997133672 0.054104198 2.386614323 0.073952615 0.050120313 -0.996001601 132.396026611
-0.995973468 0.056846809 -0.069320850 -250.506195068 0.053325068 0.997241139 0.051638551 2.428861141 0.072065085 0.047734089 -0.996257067 131.221679688
-0.996160746 0.055934168 -0.067345731 -250.586273193 0.052715704 0.997423530 0.048655655 2.459952354 0.069893733 0.044918668 -0.996542811 130.029815674
-0.996437073 0.054203574 -0.064619988 -250.658569336 0.051136088 0.997527122 0.048215076 2.499396324 0.067073621 0.044738859 -0.996744871 128.852416992
-0.996727586 0.051211275 -0.062543392 -250.715820312 0.048215806 0.997658730 0.048500057 2.537191391 0.064880714 0.045325760 -0.996863246 127.675094604
-0.996948123 0.048890553 -0.060864810 -250.777191162 0.045904554 0.997717261 0.049527768 2.577432632 0.063147314 0.046582635 -0.996916652 126.499298096
-0.997084856 0.048420854 -0.058972586 -250.833435059 0.045530066 0.997740030 0.049414478 2.624578476 0.061232001 0.046585388 -0.997036099 125.315544128
-0.997295618 0.048221767 -0.055463813 -250.895965576 0.045439161 0.997695804 0.050382026 2.654521942 0.057765525 0.047725543 -0.997188926 124.159378052
-0.997330546 0.050202172 -0.053022854 -250.958984375 0.047528166 0.997590363 0.050542556 2.691365719 0.055432431 0.047887556 -0.997313380 122.971511841
-0.997425437 0.050996628 -0.050417874 -251.013641357 0.048456099 0.997553468 0.050389230 2.733944416 0.052864205 0.047816440 -0.997456312 121.775177002
-0.997481823 0.051652744 -0.048600331 -251.068084717 0.049169652 0.997488976 0.050970998 2.770956516 0.051111087 0.048452985 -0.997516870 120.597503662
-0.997679114 0.049500629 -0.046760324 -251.114929199 0.047076717 0.997558236 0.051588815 2.811776161 0.049199823 0.049267750 -0.997573376 119.422409058
-0.997841001 0.047428884 -0.045430593 -251.162078857 0.045058019 0.997637272 0.051861294 2.849029064 0.047782976 0.049702309 -0.997620463 118.229499817
-0.997967362 0.046195995 -0.043899838 -251.207916260 0.043920811 0.997709334 0.051449835 2.888974190 0.046176054 0.049417138 -0.997710347 117.045913696
-0.998100758 0.044170223 -0.042943794 -251.251190186 0.041919373 0.997768342 0.051972456 2.931940794 0.045143593 0.050073564 -0.997724891 115.871170044
-0.998128533 0.043915465 -0.042558443 -251.288726807 0.041704573 0.997801065 0.051514667 2.969759464 0.044727150 0.049643371 -0.997765183 114.697021484
-0.998157501 0.044178270 -0.041595675 -251.340393066 0.042072736 0.997852504 0.050202064 3.003282547 0.043724190 0.048359513 -0.997872710 113.520698547
-0.998160720 0.044417687 -0.041262738 -251.374938965 0.042380139 0.997898877 0.049007427 3.044356108 0.043352839 0.047168557 -0.997945905 112.348541260
-0.998168230 0.045146674 -0.040276911 -251.427062988 0.043109275 0.997813642 0.050094750 3.079184294 0.042450465 0.048266675 -0.997932196 111.190353394
-0.998137474 0.047135741 -0.038725108 -251.477172852 0.045101710 0.997637570 0.051818386 3.112993956 0.041076120 0.049975306 -0.997905374 110.030082703
-0.998220921 0.046411060 -0.037430134 -251.516052246 0.044402316 0.997616351 0.052821416 3.150635004 0.039792411 0.051065456 -0.997902274 108.874359131
-0.998291731 0.045729022 -0.036371708 -251.547210693 0.043818895 0.997701645 0.051685497 3.193167210 0.038651641 0.050003424 -0.998001099 107.714851379
-0.998445272 0.043809686 -0.034465689 -251.584381104 0.042012710 0.997802317 0.051239844 3.228233099 0.036634747 0.049712177 -0.998091459 106.561492920
-0.998573065 0.042422369 -0.032441832 -251.618225098 0.040710092 0.997830808 0.051734172 3.264036417 0.034566142 0.050339632 -0.998134017 105.406242371
-0.998652697 0.041475028 -0.031187344 -251.643768311 0.039812900 0.997845352 0.052149493 3.306710005 0.033283047 0.050837573 -0.998152256 104.251396179
-0.998719096 0.041396283 -0.029099071 -251.674468994 0.039847434 0.997855425 0.051930122 3.332013607 0.031186379 0.050704077 -0.998226762 103.117042542
-0.998798966 0.040786937 -0.027155818 -251.704437256 0.039425932 0.998025417 0.048896655 3.372559786 0.029096542 0.047767274 -0.998434901 101.968833923
-0.998847842 0.040032126 -0.026469363 -251.710113525 0.038778849 0.998175621 0.046277292 3.407357693 0.028273651 0.045197517 -0.998577952 100.852783203
-0.998913288 0.038882982 -0.025704961 -251.733520508 0.037646767 0.998187900 0.046943128 3.436320543 0.027483670 0.045924395 -0.998566985 99.714797974
-0.998956323 0.038500275 -0.024583658 -251.775756836 0.037249673 0.998081803 0.049448963 3.462505817 0.026440300 0.048481610 -0.998474240 98.566864014
-0.998986363 0.038086984 -0.024003766 -251.793365479 0.036806110 0.997983336 0.051716335 3.501605511 0.025925077 0.050780416 -0.998373508 97.436950684
-0.998975515 0.038460080 -0.023846647 -251.815277100 0.037194375 0.997984052 0.051423457 3.538477898 0.025776323 0.050483812 -0.998392224 96.303703308
-0.998959541 0.038896430 -0.023816220 -251.846008301 0.037694681 0.998088002 0.048983686 3.569993973 0.025675975 0.048034966 -0.998515725 95.179573059
-0.998960137 0.037691731 -0.025657108 -251.863494873 0.036480259 0.998268068 0.046152178 3.610605240 0.027352229 0.045168202 -0.998605013 94.055793762
-0.998967409 0.035877936 -0.027872408 -251.886779785 0.034605026 0.998392761 0.044882208 3.631586075 0.029437890 0.043871336 -0.998603344 92.941543579
-0.998922229 0.034049138 -0.031545114 -251.912445068 0.032555811 0.998378217 0.046701349 3.660477877 0.033084095 0.045624040 -0.998410702 91.823379517
-0.998751998 0.034714635 -0.035906635 -251.948425293 0.033024382 0.998365641 0.046641260 3.695107222 0.037467085 0.045397259 -0.998266101 90.701087952
-0.998546720 0.035973497 -0.040132884 -251.990203857 0.034121901 0.998362899 0.045904856 3.721257210 0.041718539 0.044468727 -0.998139381 89.583511353
-0.998249412 0.040012073 -0.043557301 -252.035797119 0.038064387 0.998276711 0.044662260 3.758007765 0.045269266 0.042926088 -0.998052239 88.469711304
-0.997968912 0.043013867 -0.046989661 -252.083984375 0.040815603 0.998070955 0.046780378 3.790309191 0.048911221 0.044767447 -0.997799397 87.345474243
-0.997743130 0.045201000 -0.049654327 -252.131103516 0.042690065 0.997810483 0.050515551 3.837108374 0.051828962 0.048281800 -0.997488141 86.270675659
-0.997802258 0.042526115 -0.050818566 -252.184356689 0.039691400 0.997666955 0.055545323 3.877105236 0.053062130 0.053406179 -0.997162223 85.165672302
-0.997906804 0.037099279 -0.052967407 -252.229064941 0.033783808 0.997493386 0.062173959 3.917425156 0.055141248 0.060254376 -0.996658802 84.066604614
-0.997848868 0.034993805 -0.055440191 -252.273681641 0.031406894 0.997436345 0.064299278 3.964819193 0.057548136 0.062419739 -0.996389747 82.962234497
-0.997985840 0.028331550 -0.056762259 -252.325531006 0.024938127 0.997909307 0.059624583 4.008930206 0.058332842 0.058088936 -0.996605873 81.867797852
-0.997933388 0.028144095 -0.057767905 -252.381408691 0.025132064 0.998319268 0.052220508 4.044508934 0.059140511 0.050660752 -0.996963382 80.774314880
-0.997880340 0.031262353 -0.057075590 -252.448516846 0.028609589 0.998498321 0.046718080 4.081815243 0.058450397 0.044986140 -0.997276306 79.696189880
-0.997804999 0.033096850 -0.057357222 -252.494262695 0.030436909 0.998447776 0.046644121 4.118431568 0.058811963 0.044795960 -0.997263432 78.586593628
-0.997780204 0.034584232 -0.056913622 -252.561431885 0.031715840 0.998217642 0.050553210 4.157860756 0.058560524 0.048635915 -0.997098684 77.484718323
-0.997770905 0.035125352 -0.056739397 -252.625122070 0.032083288 0.998043537 0.053663924 4.199068069 0.058513351 0.051723920 -0.996945739 76.366333008
-0.997810006 0.033966973 -0.056759186 -252.681427002 0.030705022 0.997879803 0.057385936 4.241051197 0.058588073 0.055517465 -0.996737361 75.271446228
-0.997799873 0.032052170 -0.058037397 -252.722503662 0.028589984 0.997816861 0.059532590 4.278868675 0.059818842 0.057742313 -0.996537924 74.182289124
-0.997795582 0.031352639 -0.058488943 -252.790588379 0.027912654 0.997883499 0.058731720 4.329627514 0.060206544 0.056969672 -0.996558905 73.076141357
-0.997773886 0.030903917 -0.059097875 -252.842224121 0.027517360 0.997978628 0.057283811 4.372610092 0.060748711 0.055530064 -0.996607423 71.984535217
-0.997730732 0.033383224 -0.058472823 -252.909301758 0.030125594 0.997991085 0.055734087 4.416242599 0.060215939 0.053846080 -0.996731997 70.881889343
-0.997812390 0.033006672 -0.057281248 -252.970428467 0.029817296 0.998004019 0.055667870 4.458895206 0.059004329 0.053838111 -0.996804953 69.813056946
-0.997881532 0.033894211 -0.055535205 -253.039703369 0.030797310 0.997972369 0.055702053 4.499108791 0.057310577 0.053873703 -0.996901989 68.722732544
-0.997991681 0.033211190 -0.053941127 -253.092010498 0.030134637 0.997926116 0.056880485 4.541823387 0.055718325 0.055140752 -0.996922731 67.634063721
-0.998103619 0.031664856 -0.052789450 -253.128936768 0.028622054 0.997939050 0.057432380 4.587430000 0.054499239 0.055812519 -0.996952891 66.540168762
-0.998211741 0.031081103 -0.051063925 -253.176025391 0.028133519 0.997951210 0.057461668 4.630489826 0.052745279 0.055922296 -0.997041106 65.461799622
-0.998341560 0.029868972 -0.049220033 -253.223297119 0.027024079 0.997980535 0.057484757 4.670357704 0.050837643 0.056059275 -0.997132659 64.393188477
-0.998455882 0.029833898 -0.046860319 -253.264404297 0.027122375 0.997978687 0.057470821 4.706139565 0.048480179 0.056111112 -0.997246861 63.317928314
-0.998531222 0.029306196 -0.045572516 -253.300811768 0.026693061 0.998021364 0.056928162 4.751808167 0.047150694 0.055628065 -0.997337699 62.246936798
-0.998639703 0.028646003 -0.043567955 -253.341247559 0.026175722 0.998073518 0.056250140 4.794085503 0.045095365 0.055033199 -0.997465730 61.174995422
-0.998750687 0.027637277 -0.041630521 -253.382232666 0.025274158 0.998096287 0.056258727 4.829237461 0.043106109 0.055136267 -0.997547865 60.120704651
-0.998806477 0.026269479 -0.041182876 -253.407318115 0.023959329 0.998164594 0.055618625 4.869059086 0.042568360 0.054565515 -0.997602582 59.062522888
-0.998915911 0.024559587 -0.039545681 -253.441619873 0.022323407 0.998179615 0.056028180 4.902901649 0.040849719 0.055084646 -0.997645736 58.013622284
-0.998963237 0.024140859 -0.038597852 -253.472808838 0.021931214 0.998151422 0.056680784 4.939001083 0.039894823 0.055775516 -0.997646093 56.960586548
-0.999015570 0.022876434 -0.038014822 -253.502380371 0.020681687 0.998150945 0.057157028 4.977431774 0.039252080 0.056314532 -0.997641444 55.921169281
-0.999037385 0.022130832 -0.037877403 -253.540557861 0.019938298 0.998157024 0.057315022 5.019567490 0.039076023 0.056504637 -0.997637391 54.855609894
-0.999058723 0.021397581 -0.037737351 -253.573944092 0.019226549 0.998189986 0.056983415 5.059571266 0.038888354 0.056204211 -0.997661829 53.817848206
-0.999054432 0.020810165 -0.038179681 -253.614501953 0.018646821 0.998247147 0.056168701 5.093465805 0.039281636 0.055403646 -0.997691393 52.771358490
-0.999043584 0.018896919 -0.039431576 -253.634429932 0.016702943 0.998333037 0.055246357 5.138501167 0.040409829 0.054534893 -0.997693896 51.712627411
-0.999000072 0.017794872 -0.041015584 -253.664428711 0.015529977 0.998371482 0.054892451 5.171015739 0.041925594 0.054200590 -0.997649550 50.680603027
-0.998949409 0.016704634 -0.042675521 -253.711975098 0.014346860 0.998384953 0.054969888 5.209312916 0.043524850 0.054299872 -0.997575641 49.651611328
-0.998824477 0.015736787 -0.045856599 -253.745025635 0.013164598 0.998351574 0.055863891 5.250722408 0.046660125 0.055194516 -0.997385144 48.611763000
-0.998665214 0.015866023 -0.049154874 -253.787933350 0.013045828 0.998279095 0.057172474 5.281462669 0.049977381 0.056454893 -0.997153640 47.581481934
-0.998531222 0.015604473 -0.051888630 -253.836303711 0.012614955 0.998268664 0.057450619 5.318386555 0.052695278 0.056711648 -0.996999264 46.555343628
-0.998356700 0.016030304 -0.055017069 -253.882934570 0.012919770 0.998322666 0.056434810 5.358489990 0.055829458 0.055631265 -0.996889234 45.530162811
-0.998209596 0.016632320 -0.057454277 -253.941345215 0.013403035 0.998332858 0.056141242 5.397422791 0.058292251 0.055270664 -0.996768475 44.516319275
-0.998077273 0.016186781 -0.059830710 -253.994995117 0.012873448 0.998383760 0.055354927 5.435005188 0.060630027 0.054478269 -0.996672511 43.506942749
-0.997983456 0.016480099 -0.061301328 -254.053222656 0.013063913 0.998361111 0.055716973 5.469727039 0.062119082 0.054803770 -0.996563196 42.479537964
-0.997870922 0.016935071 -0.062982947 -254.110443115 0.013434018 0.998362660 0.055601191 5.503457069 0.063821435 0.054636698 -0.996464610 41.478675842
-0.997784495 0.017187238 -0.064270183 -254.169586182 0.013601214 0.998347998 0.055823147 5.541125298 0.065123461 0.054825321 -0.996369958 40.467895508
-0.997683525 0.016815227 -0.065920487 -254.227111816 0.013123955 0.998342574 0.056034297 5.581305504 0.066753462 0.055039339 -0.996250629 39.457099915
-0.997625232 0.017058356 -0.066731185 -254.288757324 0.013348800 0.998361349 0.055645723 5.613541603 0.067571059 0.054622795 -0.996218085 38.475585938
-0.997530222 0.017806763 -0.067945689 -254.354705811 0.014091207 0.998399198 0.054776907 5.653528214 0.068812318 0.053684175 -0.996184230 37.467948914
-0.997454166 0.018463574 -0.068881750 -254.417449951 0.014751588 0.998431206 0.054014001 5.686962128 0.069770977 0.052860361 -0.996161699 36.471904755
-0.997442245 0.017987579 -0.069177583 -254.479675293 0.014156140 0.998359323 0.055482373 5.726298809 0.070062079 0.054361172 -0.996060491 35.482761383
-0.997522354 0.019540712 -0.067583196 -254.546051025 0.015759841 0.998304605 0.056031555 5.767947674 0.068563513 0.054827623 -0.996139050 34.489387512
-0.997642517 0.020813696 -0.065394245 -254.601776123 0.017107625 0.998242974 0.056730267 5.801741600 0.066460110 0.055477779 -0.996245742 33.493148804
-0.997902632 0.022151124 -0.060824454 -254.657531738 0.018756751 0.998264611 0.055820823 5.838515759 0.061955396 0.054562882 -0.996586323 32.506240845
-0.998268366 0.022430578 -0.054379359 -254.701995850 0.019390287 0.998253345 0.055805918 5.875356674 0.055536132 0.054654855 -0.996959686 31.522863388
-0.998658419 0.023451408 -0.046169866 -254.741546631 0.020870158 0.998234034 0.055617157 5.912617683 0.047392633 0.054578964 -0.997384310 30.541805267
-0.999052167 0.023623107 -0.036561072 -254.772247314 0.021568498 0.998219848 0.055605527 5.951863289 0.037809562 0.054764252 -0.997783184 29.559728622
-0.999371409 0.022809332 -0.027135745 -254.785369873 0.021257645 0.998195589 0.056158036 5.989419460 0.028367708 0.055545896 -0.998052955 28.585956573
-0.999623418 0.022119543 -0.016244793 -254.795303345 0.021162773 0.998156846 0.056877922 6.025775433 0.017472964 0.056512717 -0.998249054 27.611303329
-0.999735594 0.022382345 -0.005274580 -254.797103882 0.022038918 0.998071492 0.058031116 6.061655998 0.006563280 0.057899524 -0.998300910 26.630725861
-0.999735594 0.022284662 0.005706684 -254.790435791 0.022576774 0.998082876 0.057627037 6.093336105 -0.004411544 0.057740629 -0.998322010 25.648826599
-0.999572515 0.023919670 0.016810982 -254.762817383 0.024814537 0.998166442 0.055208933 6.129157066 -0.015459578 0.055602487 -0.998333335 24.681232452
-0.999280572 0.024373386 0.029060269 -254.731018066 0.025860589 0.998314798 0.051949557 6.160666466 -0.027745109 0.052663695 -0.998226881 23.726131439
-0.998756886 0.025929376 0.042575043 -254.686630249 0.028099604 0.998293400 0.051193021 6.199741364 -0.041174978 0.052325718 -0.997781038 22.760848999
-0.997919202 0.027012857 0.058544945 -254.624649048 0.030131010 0.998137176 0.053049449 6.236322403 -0.057002872 0.054703083 -0.996874213 21.802024841
-0.996683836 0.029023513 0.076019824 -254.546508789 0.033157036 0.998007059 0.053688750 6.260666370 -0.074310087 0.056031302 -0.995659828 20.836238861
-0.995064855 0.029813079 0.094642147 -254.447799683 0.034782916 0.998077214 0.051303815 6.292700291 -0.092930645 0.054342549 -0.994188428 19.888603210
-0.992922068 0.030766025 0.114713944 -254.330398560 0.036529973 0.998155594 0.048487004 6.333974361 -0.113010615 0.052334312 -0.992214680 18.930938721
-0.990416288 0.029627878 0.134899974 -254.202377319 0.036381472 0.998190463 0.047876455 6.365596294 -0.133237392 0.052325472 -0.989701986 17.974647522
-0.987476707 0.027687894 0.155315712 -254.039230347 0.035532858 0.998216927 0.047962628 6.394932747 -0.153710783 0.052880794 -0.986699820 17.022033691
-0.984031439 0.027223272 0.175901681 -253.861831665 0.036220357 0.998183608 0.048141330 6.422145844 -0.174271613 0.053743795 -0.983229995 16.081916809
-0.980067253 0.027499672 0.196753576 -253.662307739 0.037513662 0.998173654 0.047350921 6.448024750 -0.195092097 0.053788036 -0.979308963 15.136390686
-0.975429893 0.026885921 0.218664065 -253.442687988 0.037864473 0.998215616 0.046172142 6.480551243 -0.217032507 0.053317279 -0.974707365 14.188629150
-0.970152855 0.027421121 0.240939558 -253.203857422 0.039199892 0.998252034 0.044229731 6.508205414 -0.239305571 0.052354395 -0.969531894 13.255798340
-0.964334846 0.027234102 0.263281435 -252.937606812 0.039561164 0.998349488 0.041632444 6.529070854 -0.261713058 0.050563328 -0.963820577 12.317230225
-0.957983851 0.026978768 0.285550624 -252.641555786 0.039675303 0.998460174 0.038770970 6.561575890 -0.284064919 0.048471268 -0.957579136 11.374298096
-0.950913429 0.026110288 0.308353812 -252.350509644 0.039825525 0.998473585 0.038268350 6.574872017 -0.306883931 0.048670240 -0.950501800 10.468048096
-0.943307042 0.025298661 0.330956161 -252.017105103 0.040171839 0.998463213 0.038176037 6.600467682 -0.329481751 0.049306840 -0.942873716 9.539260864
-0.935399175 0.024042763 0.352775365 -251.648239136 0.040326439 0.998429775 0.038881134 6.621086121 -0.351286620 0.050595555 -0.934899926 8.616485596
-0.926534176 0.023578219 0.375471890 -251.269561768 0.041380584 0.998365521 0.039419290 6.650001526 -0.373928756 0.052060548 -0.925995469 7.687789917
-0.917189360 0.026694097 0.397556573 -250.876190186 0.046124212 0.998158813 0.039389834 6.665906906 -0.395773113 0.054464914 -0.916731954 6.778671265
-0.907219172 0.026651388 0.419813305 -250.444183350 0.046375450 0.998244345 0.036845181 6.686204910 -0.418094277 0.052895684 -0.906862378 5.875473022
-0.896938920 0.026071224 0.441385388 -249.990020752 0.046759177 0.998255253 0.036055528 6.710896492 -0.439675301 0.052978419 -0.896592975 4.973800659
-0.886368632 0.024757950 0.462318093 -249.528839111 0.046829883 0.998242140 0.036325861 6.726074219 -0.460606068 0.053848397 -0.885969996 4.110580444
-0.876233816 0.021877322 0.481389493 -249.038864136 0.045689743 0.998240292 0.037799064 6.747240543 -0.479715437 0.055115376 -0.875691414 3.215637207
-0.865935922 0.023426110 0.499606639 -248.520339966 0.044919003 0.998508394 0.031036016 6.773415089 -0.498134375 0.049317021 -0.865696549 2.341018677
-0.855106831 0.022118891 0.517980218 -247.978897095 0.043807223 0.998599112 0.029676696 6.788713932 -0.516598165 0.048068009 -0.854877830 1.468368530
-0.844758630 0.022196509 0.534687042 -247.406921387 0.043344714 0.998694658 0.027021945 6.798389435 -0.533389330 0.046002880 -0.844617963 0.586318970
-0.835182905 0.020189341 0.549601793 -246.829666138 0.042385843 0.998716593 0.027722795 6.811879635 -0.548336744 0.046448935 -0.834966779 -0.271224976
-0.826801896 0.019598641 0.562152028 -246.225341797 0.040952690 0.998837948 0.025409302 6.823434353 -0.561000764 0.044030089 -0.826643825 -1.135437012
-0.819905043 0.016159365 0.572271466 -245.596527100 0.037446946 0.998974681 0.025442718 6.836253166 -0.571273565 0.042290431 -0.819669485 -2.014633179
-0.814214110 0.013209878 0.580414593 -244.965240479 0.034457341 0.999078274 0.025598854 6.849096298 -0.579541445 0.040842488 -0.813918710 -2.883895874
-0.810016751 0.011971279 0.586285055 -244.324523926 0.032735094 0.999155700 0.024825461 6.867261410 -0.585492849 0.039301127 -0.809724689 -3.751770020
-0.806773901 0.011076163 0.590756536 -243.677581787 0.031606469 0.999201775 0.024429612 6.880268574 -0.590014398 0.038380899 -0.806479931 -4.632629395
-0.804641843 0.011828535 0.593642473 -243.022933960 0.031591352 0.999238253 0.022909751 6.889968395 -0.592919290 0.037188116 -0.804402590 -5.484634399
-0.802820683 0.012932310 0.596080542 -242.356658936 0.031342052 0.999297798 0.020532146 6.900383472 -0.595396459 0.035166014 -0.802662253 -6.361312866
-0.801426172 0.013053474 0.597951353 -241.686981201 0.030693563 0.999342084 0.019322205 6.903422832 -0.597305715 0.033838578 -0.801299453 -7.249389648
-0.800286889 0.013711360 0.599460363 -241.016159058 0.031546716 0.999316752 0.019258041 6.913433075 -0.598786712 0.034322966 -0.800172687 -8.135818481
-0.799619079 0.011416318 0.600399375 -240.324066162 0.029214097 0.999374986 0.019905023 6.915530682 -0.599796832 0.033456556 -0.799452782 -9.032180786
-0.799355388 0.010969128 0.600758612 -239.644348145 0.029405840 0.999349475 0.020879801 6.923832893 -0.600138783 0.034356192 -0.799157858 -9.923629761
-0.799500823 0.009985551 0.600582004 -238.961914062 0.028545517 0.999363720 0.021384202 6.923308849 -0.599986374 0.034240611 -0.799277186 -10.816101074
-0.800059319 0.008899976 0.599854827 -238.281616211 0.027070142 0.999407053 0.021276847 6.927984715 -0.599309802 0.033260897 -0.799825907 -11.721496582
-0.802048087 0.008567811 0.597197890 -237.596954346 0.026228709 0.999437749 0.020887038 6.938387394 -0.596683145 0.032416139 -0.801821828 -12.606170654
-0.804662228 0.006576078 0.593696535 -236.920471191 0.024236575 0.999468982 0.021778245 6.942985535 -0.593238115 0.031913299 -0.804394364 -13.506729126
-0.808121681 0.004053895 0.589001596 -236.235107422 0.021944972 0.999489248 0.023229789 6.948877335 -0.588606596 0.031698119 -0.807797909 -14.412445068
-0.811679125 0.003443921 0.584093332 -235.570068359 0.021445327 0.999484122 0.023908133 6.956185341 -0.583709657 0.031931806 -0.811334252 -15.322738647
-0.815588236 0.002168624 0.578628778 -234.912841797 0.019903528 0.999506354 0.024308380 6.965955734 -0.578290462 0.031342380 -0.815228820 -16.226837158
-0.819450855 0.002292540 0.573144972 -234.265838623 0.020028692 0.999495804 0.024637995 6.964419365 -0.572799504 0.031668968 -0.819083571 -17.165023804
-0.823934913 0.002303595 0.566680074 -233.629486084 0.019442843 0.999517918 0.024206161 6.971295834 -0.566351116 0.030962169 -0.823582530 -18.079284668
-0.829082847 0.001642412 0.559123755 -232.995010376 0.018845266 0.999509573 0.025008200 6.980179310 -0.558808446 0.031270698 -0.828707218 -18.997375488
-0.833776236 0.002354918 0.552097738 -232.377960205 0.019966546 0.999465346 0.025890289 6.981805801 -0.551741660 0.032610189 -0.833377481 -19.923919678
-0.838595748 0.003502031 0.544743121 -231.752670288 0.021471793 0.999414742 0.026629377 6.986106873 -0.544331074 0.034027893 -0.838180184 -20.849899292
-0.842808127 0.005262679 0.538188577 -231.155715942 0.023807799 0.999337971 0.027511192 6.996299267 -0.537687480 0.035999738 -0.842375398 -21.778060913
-0.845681310 0.009886787 0.533596814 -230.570266724 0.029007068 0.999202013 0.027458629 7.001667500 -0.532899499 0.038699325 -0.845293164 -22.710525513
-0.847439766 0.014041735 0.530705810 -229.964691162 0.033317626 0.999086320 0.026767710 7.011994839 -0.529844999 0.040365882 -0.847133279 -23.665054321
-0.848545909 0.016455298 0.528865814 -229.377670288 0.035866160 0.999006212 0.026462549 7.023628712 -0.527904749 0.041423071 -0.848292828 -24.597518921
-0.849649072 0.016823297 0.527080536 -228.800674438 0.036940932 0.998934448 0.027664555 7.033455849 -0.526053488 0.042975999 -0.849365234 -25.514175415
-0.850452542 0.017539412 0.525759041 -228.229919434 0.038016159 0.998879969 0.028171036 7.042224884 -0.524676085 0.043945473 -0.850166798 -26.435607910
-0.851410627 0.020389296 0.524103522 -227.639282227 0.041266095 0.998750627 0.028182531 7.048160076 -0.522874117 0.045622606 -0.851188302 -27.399703979
-0.851882339 0.022904603 0.523232400 -227.080139160 0.044197369 0.998623490 0.028243426 7.058827400 -0.521865308 0.047185566 -0.851722002 -28.310653687
-0.852336884 0.025687981 0.522362351 -226.506347656 0.047370721 0.998479426 0.028192846 7.075332642 -0.520843863 0.048774473 -0.852257729 -29.237594604
-0.852555275 0.028074477 0.521882951 -225.954132080 0.050797094 0.998279691 0.029280782 7.072107792 -0.520163119 0.051473610 -0.852514625 -30.145401001
-0.852687240 0.030952722 0.521504104 -225.388046265 0.053284965 0.998190105 0.027878415 7.086918831 -0.519697309 0.051559892 -0.852793336 -31.065963745
-0.852977753 0.032352936 0.520943880 -224.840057373 0.054654565 0.998126507 0.027501617 7.098527908 -0.519078135 0.051930223 -0.853147984 -31.957183838
-0.852956176 0.033308018 0.520919025 -224.287979126 0.056237075 0.998017192 0.028268844 7.109457493 -0.518944561 0.053407043 -0.853137970 -32.865158081
-0.853315830 0.034336261 0.520262778 -223.730255127 0.058029659 0.997884214 0.029319813 7.116997719 -0.518155277 0.055209726 -0.853502870 -33.769348145
-0.853596210 0.035934433 0.519694328 -223.187240601 0.060189933 0.997739851 0.029872717 7.128907681 -0.517446280 0.056779608 -0.853829861 -34.662078857
-0.853759289 0.037162039 0.519340515 -222.653518677 0.061781097 0.997633398 0.030176884 7.139569759 -0.516990006 0.057849206 -0.854034662 -35.538787842
-0.854096174 0.037357472 0.518771946 -222.107849121 0.062484793 0.997563183 0.031037871 7.147083282 -0.516348302 0.058924679 -0.854349136 -36.425476074
-0.854567170 0.036938149 0.518026114 -221.575729370 0.062019501 0.997587860 0.031177511 7.158846378 -0.515624940 0.058770984 -0.854796767 -37.288772583
-0.854235768 0.036474504 0.518604755 -221.056320190 0.062103078 0.997552276 0.032135155 7.164443493 -0.516163230 0.059657950 -0.854409933 -38.132766724
-0.852338910 0.038473874 0.521572709 -220.542282104 0.065332256 0.997311175 0.033197291 7.170451641 -0.518893063 0.062370867 -0.852560759 -38.981979370
-0.850145936 0.038930692 0.525106251 -220.035247803 0.066380337 0.997230649 0.033536233 7.185222149 -0.522346497 0.063367411 -0.850375891 -39.796875000
-0.847348809 0.038693842 0.529625297 -219.539733887 0.068017833 0.997035146 0.035979606 7.193495750 -0.526662827 0.066511236 -0.847468376 -40.588363647
-0.843964100 0.038788989 0.534995675 -219.060531616 0.068399951 0.997022092 0.035614524 7.199596405 -0.532021046 0.066651046 -0.844104052 -41.325683594
-0.839921474 0.041096285 0.541149735 -218.586624146 0.070380107 0.996956706 0.033525921 7.208608627 -0.538125098 0.066245317 -0.840257764 -42.053268433
-0.835818887 0.041635897 0.547424436 -218.121078491 0.070673898 0.996983528 0.032077972 7.218268394 -0.544437587 0.065499991 -0.836240172 -42.748764038
-0.831969619 0.040258825 0.553358912 -217.666366577 0.070086643 0.997000217 0.032839246 7.223153114 -0.550376892 0.066104315 -0.832295537 -43.422119141
-0.828657031 0.037957601 0.558468223 -217.216079712 0.068874717 0.997030973 0.034430981 7.227000237 -0.555503190 0.066995814 -0.828811049 -44.063766479
-0.824650049 0.037243988 0.564416170 -216.788772583 0.068494499 0.997062325 0.034282148 7.233114243 -0.561481297 0.066930167 -0.824778438 -44.687316895
-0.821129441 0.035734743 0.569622576 -216.361953735 0.066272549 0.997256637 0.032972045 7.241570473 -0.566881597 0.064824648 -0.821244955 -45.287918091
-0.817517996 0.036093421 0.574770927 -215.957092285 0.066347845 0.997291505 0.031742904 7.241090775 -0.572068453 0.064085208 -0.817698479 -45.844848633
-0.814117193 0.035007656 0.579644322 -215.557373047 0.065515600 0.997345269 0.031782690 7.244244099 -0.576992929 0.063850582 -0.814249516 -46.388504028
-0.810567617 0.034993220 0.584598541 -215.168502808 0.065576002 0.997358978 0.031223107 7.254540443 -0.581961989 0.063644074 -0.810721636 -46.922378540
-0.806764126 0.034628920 0.589857996 -214.790954590 0.065742984 0.997343481 0.031367138 7.260625362 -0.587204814 0.064084910 -0.806897521 -47.435531616
-0.802574396 0.034466121 0.595555604 -214.419967651 0.066434458 0.997283518 0.031812474 7.262400627 -0.592841387 0.065097287 -0.802683949 -47.922363281
-0.797463775 0.034867175 0.602358520 -214.060363770 0.067675650 0.997198105 0.031873707 7.265640259 -0.599559426 0.066183135 -0.797588944 -48.388977051
-0.791033030 0.035092313 0.610766292 -213.706314087 0.067988113 0.997211874 0.030758683 7.272405624 -0.607984006 0.065855972 -0.791213393 -48.838958740
-0.783572674 0.036186069 0.620245516 -213.351882935 0.068886966 0.997207284 0.028848138 7.275422573 -0.617469430 0.065331444 -0.783877015 -49.282424927
-0.775223732 0.036634438 0.630623698 -213.001358032 0.069344841 0.997218728 0.027314566 7.277844906 -0.627869129 0.064905398 -0.775607944 -49.700790405
-0.766465068 0.036723953 0.641235173 -212.651153564 0.068584770 0.997335494 0.024860973 7.277905464 -0.638613641 0.063034035 -0.766941547 -50.094131470
-0.757660627 0.037183907 0.651588857 -212.306198120 0.068635352 0.997379124 0.022891492 7.277671337 -0.649029911 0.062066004 -0.758226991 -50.472824097
-0.747820377 0.037792884 0.662824810 -211.961425781 0.069966272 0.997305095 0.022073943 7.272657871 -0.660204351 0.062882714 -0.748449326 -50.834304810
-0.737142324 0.038795602 0.674623191 -211.616973877 0.070740744 0.997295320 0.019944930 7.280080795 -0.672024786 0.062425587 -0.737892985 -51.192230225
-0.725188375 0.040248737 0.687373519 -211.305786133 0.072927810 0.997164667 0.018551435 7.273870945 -0.684677899 0.063581914 -0.726067424 -51.525024414
-0.711993814 0.040637337 0.701008976 -210.963958740 0.073527969 0.997150362 0.016875561 7.270510674 -0.698325574 0.063559055 -0.712952852 -51.859710693
-0.696129560 0.040248983 0.716786981 -210.634689331 0.074525900 0.997084379 0.016389877 7.271591187 -0.714037418 0.064828679 -0.697099447 -52.159973145
-0.678723693 0.039509423 0.733330369 -210.307693481 0.075039551 0.997056425 0.015733680 7.267363071 -0.730550170 0.065707594 -0.679690599 -52.444412231
-0.659335732 0.038329903 0.750871122 -209.995513916 0.074323907 0.997130692 0.014362616 7.260398388 -0.748166144 0.065277457 -0.660292745 -52.704864502
-0.639022946 0.037012648 0.768296897 -209.667755127 0.071427815 0.997381091 0.011360559 7.261707306 -0.765864313 0.062137414 -0.639993191 -52.932510376
-0.619168401 0.034044757 0.784520209 -209.366333008 0.065899283 0.997788250 0.008710134 7.261254787 -0.782488525 0.057092350 -0.620042443 -53.109237671
-0.598807573 0.030627862 0.800307274 -209.101623535 0.061824776 0.998054445 0.008062984 7.240835190 -0.798503280 0.054306984 -0.599536180 -53.295425415
-0.579415679 0.028819887 0.814522505 -208.833648682 0.057181399 0.998349488 0.005352192 7.232840538 -0.813023865 0.049676679 -0.580107331 -53.458816528
-0.560645580 0.030315364 0.827500761 -208.570831299 0.054908626 0.998491168 0.000621939 7.228372574 -0.826233327 0.045785617 -0.561464190 -53.602890015
-0.541301966 0.032500286 0.840200067 -208.308959961 0.052859459 0.998591483 -0.004572230 7.226980209 -0.839165270 0.041937560 -0.542257428 -53.742935181
-0.520560861 0.033671163 0.853160560 -208.048019409 0.052401252 0.998598397 -0.007438151 7.217412949 -0.852215230 0.040834665 -0.521595716 -53.886840820
-0.498123884 0.031841025 0.866521060 -207.787292480 0.050575480 0.998691142 -0.007624158 7.211258888 -0.865629673 0.040026940 -0.499082327 -54.003570557
-0.473835230 0.028025445 0.880167723 -207.518493652 0.048183989 0.998821259 -0.005863827 7.199370384 -0.879294574 0.039631497 -0.474627018 -54.121185303
-0.449116230 0.024269082 0.893143833 -207.263641357 0.042994693 0.999060035 -0.005527289 7.192697525 -0.892438412 0.035918046 -0.449737430 -54.202301025
-0.422933817 0.021888889 0.905896366 -207.039459229 0.040026877 0.999183714 -0.005455713 7.177231789 -0.905276358 0.033952795 -0.423464775 -54.267959595
-0.396358252 0.019865522 0.917880952 -206.790969849 0.037829515 0.999270201 -0.005291516 7.170116425 -0.917316198 0.032625653 -0.396820545 -54.353591919
-0.370305419 0.018091833 0.928733826 -206.527816772 0.035577685 0.999352932 -0.005281940 7.158175468 -0.928228498 0.031086270 -0.370709538 -54.430999756
-0.343657494 0.018023334 0.938922226 -206.257003784 0.032920554 0.999432504 -0.007135539 7.154357910 -0.938517988 0.028457655 -0.344055772 -54.498519897
-0.316427231 0.017711582 0.948451579 -205.980300903 0.029049436 0.999537706 -0.008973961 7.147947311 -0.948172033 0.024712376 -0.316795468 -54.556640625
-0.288290262 0.018363554 0.957367063 -205.685775757 0.027380347 0.999565363 -0.010927980 7.140841007 -0.957151592 0.023062611 -0.288667679 -54.615692139
-0.259265065 0.018632622 0.965626657 -205.389022827 0.026556997 0.999573350 -0.012157264 7.132294655 -0.965441227 0.022492187 -0.259649277 -54.660232544
-0.230084896 0.019856097 0.972968102 -205.077209473 0.026699854 0.999544263 -0.014084553 7.122903824 -0.972804368 0.022737462 -0.230510116 -54.711441040
-0.200135708 0.020284887 0.979558229 -204.779785156 0.028022774 0.999495149 -0.014972353 7.098123550 -0.979367435 0.024453437 -0.200603127 -54.759109497
-0.169458151 0.022250053 0.985286355 -204.498336792 0.028366879 0.999441028 -0.017690921 7.098754406 -0.985129178 0.024951627 -0.169994593 -54.780654907
-0.138319612 0.024693431 0.990079880 -204.148284912 0.027898235 0.999389589 -0.021028090 7.091606617 -0.989994764 0.024712883 -0.138924122 -54.805618286
-0.107571244 0.026810443 0.993835926 -203.795974731 0.028797014 0.999300897 -0.023840930 7.078920364 -0.993780375 0.026054906 -0.108268142 -54.822875977
-0.075868607 0.027275728 0.996744752 -203.432342529 0.027682876 0.999298096 -0.025238482 7.062914848 -0.996733546 0.025677953 -0.076570511 -54.824600220
-0.044491410 0.028284350 0.998609364 -203.041610718 0.029036591 0.999213398 -0.027007785 7.048860550 -0.998587787 0.027794596 -0.045277715 -54.817565918
-0.013748527 0.029745582 0.999463022 -202.620956421 0.027142525 0.999200165 -0.029364396 7.039436817 -0.999537110 0.026724234 -0.014544964 -54.803939819
0.017737985 0.031146294 0.999357462 -202.194046021 0.023638083 0.999222279 -0.031561643 7.026824951 -0.999563217 0.024182733 0.016987979 -54.783187866
0.047946453 0.030099498 0.998396456 -201.756713867 0.020683954 0.999301612 -0.031120112 7.009877205 -0.998635888 0.022142887 0.047290385 -54.730895996
0.076580346 0.027246322 0.996691227 -201.299377441 0.019005485 0.999405026 -0.028780797 6.995560169 -0.996882379 0.021146644 0.076016963 -54.674179077
0.103490531 0.024262642 0.994334579 -200.806304932 0.020311182 0.999442399 -0.026501274 6.980025291 -0.994423151 0.022938741 0.102940023 -54.607025146
0.128385484 0.022592209 0.991467118 -200.279220581 0.021586373 0.999439955 -0.025569120 6.961759090 -0.991489530 0.024684884 0.127825916 -54.535446167
0.151489437 0.020889241 0.988238096 -199.801635742 0.023236997 0.999425113 -0.024687767 6.941503525 -0.988185704 0.026703622 0.150916934 -54.447052002
0.172630668 0.019663446 0.984790325 -199.262664795 0.021999270 0.999474347 -0.023813048 6.928339481 -0.984740913 0.025775533 0.172107399 -54.334594727
0.195116460 0.019006712 0.980596006 -198.681213379 0.022133013 0.999472260 -0.023776563 6.906376362 -0.980530441 0.026342742 0.194592774 -54.212783813
0.217232049 0.020067602 0.975913763 -198.118743896 0.020840876 0.999465406 -0.025190938 6.891471386 -0.975897551 0.025811177 0.216697693 -54.053741455
0.242456734 0.018632360 0.969983339 -197.505310059 0.021739140 0.999460161 -0.024632491 6.879142761 -0.969918668 0.027058916 0.241920829 -53.917236328
0.267441094 0.013767129 0.963475883 -196.881546021 0.026022011 0.999430060 -0.021504054 6.863550186 -0.963222802 0.030822648 0.266930401 -53.734024048
0.292930245 0.008926406 0.956092119 -196.238494873 0.029843047 0.999383867 -0.018473990 6.845237732 -0.955667913 0.033944294 0.292483389 -53.525115967
0.318404734 0.001085799 0.947954357 -195.598739624 0.036538571 0.999242187 -0.013417351 6.824328423 -0.947250485 0.038909040 0.318123758 -53.306961060
0.344914436 -0.003089545 0.938628972 -194.929992676 0.040481634 0.999113083 -0.011587000 6.805292606 -0.937760711 0.041993763 0.344733596 -53.049896240
0.371494949 -0.004119714 0.928425908 -194.253128052 0.045301236 0.998879492 -0.013694244 6.787394524 -0.927329242 0.047146183 0.371265292 -52.759368896
0.399046957 -0.003726521 0.916922927 -193.581405640 0.051622909 0.998496950 -0.018408362 6.769062042 -0.915476203 0.054680031 0.398639560 -52.477012634
0.425465167 -0.001127197 0.904974163 -192.892410278 0.057865024 0.997986794 -0.025961658 6.752090454 -0.903122962 0.063412130 0.424673855 -52.141334534
0.450019240 -0.000427802 0.893018842 -192.166931152 0.060053673 0.997750700 -0.029784903 6.727159977 -0.890997469 0.067032836 0.449032724 -51.780265808
0.472088397 -0.002146085 0.881548584 -191.474670410 0.059036624 0.997829080 -0.029186228 6.699162483 -0.879572153 0.065822132 0.471190214 -51.406196594
0.491495907 -0.005217698 0.870864332 -190.748687744 0.057777464 0.997974277 -0.026629020 6.667176723 -0.868961215 0.063404381 0.490801752 -50.977806091
0.508309901 -0.007739033 0.861139476 -190.020782471 0.056013416 0.998139262 -0.024093123 6.633723736 -0.859350681 0.060482133 0.507797599 -50.528366089
0.523662508 -0.008621145 0.851882219 -189.244705200 0.054305088 0.998252988 -0.023279576 6.604262829 -0.850193262 0.058452174 0.523215830 -50.080780029
0.534866989 -0.006421710 0.844911933 -188.500732422 0.050917346 0.998398721 -0.024644677 6.570008755 -0.843400776 0.056202292 0.534337521 -49.575599670
0.543388963 -0.003764238 0.839472651 -187.743316650 0.047112923 0.998550653 -0.026018543 6.541324615 -0.838158011 0.053688198 0.542778730 -49.070045471
0.549080968 -0.000468008 0.835769117 -186.972244263 0.042179175 0.998741090 -0.027151477 6.509166241 -0.834704220 0.050160408 0.548409402 -48.542098999
0.552109599 0.001479014 0.833770216 -186.166351318 0.037374586 0.998949349 -0.026520893 6.478816032 -0.832933426 0.045804258 0.551474273 -47.999664307
0.552456677 0.001549585 0.833540201 -185.358917236 0.034358531 0.999106050 -0.024629647 6.444339752 -0.832833230 0.042246029 0.551909566 -47.452400208
0.551494479 0.002528170 0.834174752 -184.556060791 0.032689013 0.999161780 -0.024639759 6.405673981 -0.833537817 0.040857039 0.550949574 -46.909370422
0.551230609 0.005176101 0.834336877 -183.705917358 0.032568656 0.999085128 -0.027715670 6.367147923 -0.833717048 0.042450957 0.550557733 -46.354797363
0.550311863 0.007054199 0.834929407 -182.867004395 0.032571323 0.999021828 -0.029908735 6.334009171 -0.834323645 0.043653887 0.549543798 -45.792465210
0.549742043 0.006608607 0.835308373 -182.006958008 0.032661028 0.999033988 -0.029399162 6.295354843 -0.834695756 0.043443985 0.548995137 -45.237747192
0.548785090 0.005321330 0.835946560 -181.118499756 0.031382598 0.999143720 -0.026962345 6.250697613 -0.835374236 0.041030709 0.548148155 -44.643013000
0.547354698 0.003298879 0.836894274 -180.233428955 0.031186569 0.999217272 -0.024335708 6.217274189 -0.836319506 0.039420124 0.546823382 -44.055953979
0.545428693 0.003099979 0.838151574 -179.344467163 0.028547762 0.999344230 -0.022273678 6.176470280 -0.837670982 0.036076054 0.544982553 -43.458106995
0.544063449 0.004291132 0.839033127 -178.431701660 0.027084928 0.999375939 -0.022674164 6.135438442 -0.838606834 0.035061337 0.543607712 -42.866302490
0.542002559 0.006638856 0.840350628 -177.508300781 0.025963694 0.999359131 -0.024640890 6.102433681 -0.839975655 0.035174031 0.541482806 -42.270904541
0.539705038 0.009628482 0.841799140 -176.588409424 0.023735441 0.999363065 -0.026648270 6.054566860 -0.841519535 0.034362681 0.539132774 -41.671791077
0.536937833 0.012973023 0.843522131 -175.640441895 0.021812011 0.999334037 -0.029253621 6.020603180 -0.843339860 0.034106288 0.536297262 -41.058670044
0.533540964 0.012909453 0.845675707 -174.684204102 0.019525666 0.999428988 -0.027575377 5.981114388 -0.845548809 0.031224975 0.532984257 -40.444671631
0.529772997 0.009472845 0.848086596 -173.707229614 0.017736549 0.999595225 -0.022244614 5.939600945 -0.847954035 0.026826726 0.529390574 -39.832550049
0.525596380 0.007973187 0.850696743 -172.718048096 0.015022084 0.999713182 -0.018651132 5.896891117 -0.850601435 0.022582205 0.525325894 -39.216079712
0.520291090 0.008450665 0.853947222 -171.712936401 0.014696229 0.999714375 -0.018847262 5.869223118 -0.853862584 0.022355866 0.520018220 -38.601867676
0.515211701 0.008214897 0.857023597 -170.688583374 0.015907433 0.999690175 -0.019145386 5.834377766 -0.856915355 0.023496972 0.514921427 -37.991355896
0.510238528 0.007577048 0.859999597 -169.657028198 0.017072124 0.999674916 -0.018936567 5.788418293 -0.859863520 0.024344185 0.509943247 -37.379928589
0.505374312 0.005058483 0.862885416 -168.610122681 0.019748986 0.999653101 -0.017426834 5.753863335 -0.862674236 0.025848186 0.505099118 -36.774490356
0.499571800 0.001308888 0.866271555 -167.559432983 0.022955285 0.999627709 -0.014748512 5.711689949 -0.865968347 0.027253449 0.499355793 -36.167663574
0.494362593 -0.000288100 0.869255841 -166.490570068 0.024074895 0.999620855 -0.013360554 5.676046371 -0.868922412 0.027532199 0.494182110 -35.572151184
0.488076687 0.001380872 0.872799695 -165.434814453 0.023906171 0.999602437 -0.014950015 5.636509418 -0.872473300 0.028162051 0.487849593 -34.965873718
0.481385350 0.004323713 0.876498461 -164.373245239 0.022219241 0.999606311 -0.017134119 5.599834442 -0.876227438 0.027723243 0.481099784 -34.372383118
0.474411726 0.006090223 0.880282044 -163.306198120 0.021604123 0.999594331 -0.018558828 5.561882973 -0.880037963 0.027822247 0.474087715 -33.792793274
0.467348278 0.005056992 0.884058833 -162.232635498 0.021179780 0.999632597 -0.016914563 5.518546581 -0.883819520 0.026629163 0.467069447 -33.209945679
0.460221469 0.003135610 0.887798607 -161.161163330 0.020999461 0.999675512 -0.014416552 5.478020668 -0.887555718 0.025278099 0.460006297 -32.648223877
0.453923225 0.002029186 0.891038477 -160.080581665 0.022334408 0.999657333 -0.013654402 5.439733505 -0.890760839 0.026098866 0.453722358 -32.094894409
0.447807074 0.001563890 0.894128919 -159.002899170 0.021031849 0.999703348 -0.012281942 5.405611992 -0.893882930 0.024305122 0.447641313 -31.551963806
0.442643762 -0.001055687 0.896696925 -157.897583008 0.020844221 0.999741197 -0.009112502 5.365729809 -0.896455288 0.022724541 0.442551255 -31.003089905
0.438620925 -0.003348917 0.898665965 -156.807128906 0.020776073 0.999763548 -0.006414726 5.336306572 -0.898432016 0.021484382 0.438586771 -30.469604492
0.435177624 -0.003848047 0.900336444 -155.712982178 0.020039098 0.999784529 -0.005412812 5.303802013 -0.900121629 0.020397464 0.435160995 -29.928428650
0.433770955 -0.002099802 0.901020765 -154.626281738 0.026826382 0.999584079 -0.010585302 5.271802425 -0.900623798 0.028762722 0.433646858 -29.405677795
0.433024883 0.003649269 0.901374638 -153.539062500 0.029521476 0.999397933 -0.018228389 5.237268448 -0.900898457 0.034503255 0.432656467 -28.884841919
0.432996213 0.003477320 0.901389122 -152.463623047 0.031153210 0.999337435 -0.018820111 5.192199707 -0.900857329 0.036230199 0.432601035 -28.367179871
0.432782114 -0.000030946 0.901498556 -151.373535156 0.031622555 0.999385118 -0.015146725 5.153520584 -0.900943756 0.035062920 0.432516992 -27.844200134
0.432099938 -0.000675097 0.901825488 -150.281372070 0.029897865 0.999460757 -0.013577054 5.121583939 -0.901329994 0.032829300 0.431887090 -27.313385010
0.430544972 -0.001129128 0.902568460 -149.202621460 0.028129991 0.999530196 -0.012168200 5.091914177 -0.902130723 0.030628199 0.430374503 -26.776062012
0.430123985 -0.000749347 0.902769506 -148.108703613 0.028133126 0.999525070 -0.012574350 5.055268764 -0.902331352 0.030806258 0.429940820 -26.252166748
0.430255353 0.001171025 0.902706504 -147.031707764 0.029578850 0.999443889 -0.015394632 5.013071537 -0.902222514 0.033324640 0.429981411 -25.739540100
0.430229664 0.004564992 0.902707934 -145.943435669 0.032452524 0.999262631 -0.020520112 4.975100517 -0.902135968 0.038123515 0.429764271 -25.216125488
0.429904699 0.006722271 0.902849257 -144.855728149 0.034670789 0.999111831 -0.023948001 4.935682297 -0.902208388 0.041597854 0.429289758 -24.703674316
0.428855658 0.006808092 0.903347433 -143.768737793 0.035617311 0.999066651 -0.024438469 4.886387348 -0.902670681 0.042655382 0.428212941 -24.176361084
0.428260326 0.005844406 0.903636575 -142.675979614 0.035111003 0.999116361 -0.023102095 4.841135025 -0.902973115 0.041621298 0.427676737 -23.654388428
0.427880585 0.003438965 0.903828800 -141.574066162 0.036002636 0.999134243 -0.020845558 4.794023514 -0.903118014 0.041459627 0.427386343 -23.131721497
0.427258909 0.002394107 0.904126167 -140.483764648 0.037306622 0.999098182 -0.020275420 4.753630638 -0.903359354 0.042392746 0.426784277 -22.609268188
0.426577389 0.002326942 0.904448152 -139.392745972 0.038570724 0.999040186 -0.020761956 4.712157249 -0.903628349 0.043741800 0.426078200 -22.092231750
0.426249206 0.004158131 0.904596210 -138.314407349 0.037824318 0.999032974 -0.022415191 4.661094189 -0.903814673 0.043770194 0.425679743 -21.582191467
0.425568223 0.005296621 0.904910862 -137.219345093 0.038738839 0.998959541 -0.024065498 4.612051010 -0.904096782 0.045296710 0.424920201 -21.053169250
0.424711943 0.004236277 0.905318677 -136.129257202 0.038655076 0.998992264 -0.022808859 4.564956188 -0.904502988 0.044682357 0.424120247 -20.523628235
0.424174190 0.001468542 0.905579388 -135.044036865 0.037507936 0.999112070 -0.019188970 4.513784409 -0.904803514 0.042105880 0.423742473 -20.010406494
0.424315095 -0.001271905 0.905513763 -133.952758789 0.037181202 0.999180138 -0.016019285 4.461780548 -0.904750943 0.040465314 0.424014509 -19.509559631
0.424888968 -0.001214943 0.905244768 -132.866439819 0.037955377 0.999143660 -0.016473912 4.427743912 -0.904449522 0.041358486 0.424571216 -18.998558044
0.426182747 -0.000929312 0.904636681 -131.799255371 0.039600130 0.999060094 -0.017629685 4.380443573 -0.903769970 0.043337196 0.425818980 -18.490005493
0.427964866 0.000998871 0.903794825 -130.744827271 0.040459663 0.998975694 -0.020262521 4.337009907 -0.902889311 0.045238879 0.427486062 -17.992362976
0.429586470 0.001853693 0.903023899 -129.684097290 0.040510368 0.998951614 -0.021322206 4.297197342 -0.902116716 0.045741558 0.429060996 -17.481796265
0.430930436 0.000295718 0.902385175 -128.633789062 0.041059550 0.998957813 -0.019935194 4.252011299 -0.901450634 0.045642208 0.430469155 -16.977325439
0.432376623 -0.000560818 0.901692986 -127.586563110 0.039598215 0.999046862 -0.018366631 4.204275131 -0.900823295 0.043646730 0.431986749 -16.467529297
0.433097720 0.000127658 0.901346982 -126.532394409 0.038456827 0.999086738 -0.018620033 4.159514427 -0.900526226 0.042727236 0.432697296 -15.952049255
0.433676541 0.003811744 0.901060641 -125.495285034 0.035757180 0.999130547 -0.021436388 4.111564636 -0.900358915 0.041515842 0.433163166 -15.445434570
0.432695806 0.006053969 0.901519716 -124.458984375 0.031228248 0.999276698 -0.021698836 4.069423199 -0.900999069 0.037541874 0.432193756 -14.941123962
0.429251850 0.002440236 0.903181553 -123.419410706 0.026564594 0.999529600 -0.015325811 4.030826569 -0.902794123 0.030571284 0.428985119 -14.432365417
0.423324406 -0.001420483 0.905977130 -122.371818542 0.020485567 0.999758124 -0.008004510 3.989298344 -0.905746579 0.021947958 0.423251092 -13.924568176
0.416432977 0.001954271 0.909164429 -121.331634521 0.016642569 0.999813735 -0.009772077 3.953548908 -0.909014165 0.019200245 0.416322887 -13.433151245
0.408568501 0.010190012 0.912670851 -120.296554565 0.012820883 0.999774933 -0.016901964 3.921336651 -0.912637651 0.018606856 0.408345938 -12.967872620
0.399093151 0.016675014 0.916758776 -119.252601624 0.009399710 0.999707699 -0.022275763 3.882562637 -0.916862249 0.017507371 0.398819745 -12.504554749
0.388622582 0.016401218 0.921251118 -118.203361511 0.007652205 0.999749601 -0.021026768 3.838825226 -0.921365321 0.015221081 0.388399780 -12.045555115
0.378498554 0.012299377 0.925520182 -117.140518188 0.005874282 0.999859631 -0.015689621 3.802340508 -0.925583243 0.011375265 0.378373206 -11.599357605
0.368502736 0.009145911 0.929581702 -116.086738586 0.005077543 0.999916911 -0.011850749 3.763752222 -0.929612815 0.009087025 0.368425667 -11.172706604
0.359225333 0.010749437 0.933188975 -115.025047302 0.006403204 0.999881744 -0.013982547 3.727442980 -0.933228910 0.010998284 0.359113991 -10.752120972
0.352080107 0.014109864 0.935863614 -113.986335754 0.009211157 0.999785721 -0.018538928 3.693603277 -0.935924649 0.015147574 0.351874650 -10.354797363
0.346184313 0.014778851 0.938050210 -112.933395386 0.011299759 0.999737680 -0.019920871 3.654875517 -0.938098550 0.017496035 0.345926523 -9.957847595
0.341971874 0.007366130 0.939681351 -111.846969604 0.019288193 0.999703586 -0.014856066 3.617105722 -0.939512253 0.023205111 0.341728389 -9.568542480
0.338113427 0.003985869 0.941096961 -110.784774780 0.016739698 0.999807358 -0.010248697 3.571716785 -0.940956533 0.019218901 0.337981582 -9.178298950
0.333571255 0.008389827 0.942687571 -109.728881836 0.014680106 0.999792933 -0.014092634 3.532773495 -0.942610621 0.018539650 0.333378971 -8.798477173
0.329321563 0.014903423 0.944100320 -108.670455933 0.014921545 0.999668419 -0.020985559 3.497053146 -0.944100022 0.020998433 0.328989983 -8.428901672
0.324436665 0.019325485 0.945710063 -107.603134155 0.010173033 0.999662161 -0.023917969 3.460613489 -0.945852757 0.017380606 0.324130416 -8.046371460
0.321409285 0.018704180 0.946755648 -106.534004211 0.009299329 0.999694347 -0.022907022 3.415682316 -0.946894705 0.016166722 0.321137130 -7.673873901
0.319365799 0.015297237 0.947508037 -105.465187073 0.010085662 0.999758184 -0.019540260 3.374818563 -0.947577894 0.015796736 0.319134295 -7.309982300
0.318180859 0.012023334 0.947953761 -104.387901306 0.011570440 0.999795854 -0.016564492 3.332897186 -0.947959363 0.016238747 0.317976832 -6.942207336
0.317345440 0.009771761 0.948259771 -103.310821533 0.011276722 0.999837339 -0.014077145 3.295169830 -0.948243082 0.015160579 0.317183614 -6.571632385
0.316102386 0.008644392 0.948685706 -102.252532959 0.005084036 0.999928713 -0.010805319 3.258043528 -0.948711514 0.008238739 0.316035867 -6.207702637
0.312556624 0.009950520 0.949847162 -101.184753418 -0.001848444 0.999949634 -0.009867141 3.227784157 -0.949897468 0.001328303 0.312559247 -5.832046509
0.307959318 0.015250660 0.951277375 -100.111495972 -0.005455342 0.999883413 -0.014263830 3.197914839 -0.951383948 -0.000796862 0.308006585 -5.479515076
0.301908970 0.024197277 0.953029633 -99.049552917 -0.007933016 0.999706984 -0.022869319 3.158531427 -0.953303754 -0.000655946 0.302012444 -5.124656677
0.296255231 0.030884771 0.954609454 -97.975952148 -0.006797084 0.999519885 -0.030228358 3.122761250 -0.955084741 0.002466751 0.296322942 -4.794937134
0.290264547 0.028418476 0.956524312 -96.884323120 -0.002830388 0.999580085 -0.028838763 3.057063103 -0.956942201 0.005663536 0.290223122 -4.462516785
0.283294499 0.024199309 0.958727717 -95.788185120 0.000369264 0.999678791 -0.025342075 3.013108015 -0.959033012 0.007533296 0.283194542 -4.138496399
0.275200069 0.021146823 0.961154461 -94.690078735 0.001771316 0.999745190 -0.022503046 2.965199471 -0.961385429 0.007895349 0.275092483 -3.818717957
0.266932786 0.019896634 0.963509738 -93.599678040 0.002097005 0.999772489 -0.021226425 2.919864416 -0.963712871 0.007686513 0.266830325 -3.499824524
0.258524895 0.018746300 0.965822697 -92.505317688 0.002837373 0.999792635 -0.020165134 2.875565290 -0.966000438 0.007953590 0.258418143 -3.203590393
0.250338733 0.018736830 0.967977047 -91.405586243 0.004404765 0.999780297 -0.020491600 2.832123041 -0.968148351 0.009393552 0.250201225 -2.916358948
0.241797984 0.019749785 0.970125675 -90.293861389 0.005551098 0.999748349 -0.021736423 2.792809248 -0.970310807 0.010641089 0.241627514 -2.637062073
0.234049022 0.019412596 0.972031057 -89.199470520 0.006972440 0.999741435 -0.021644855 2.751873493 -0.972199857 0.011843386 0.233853161 -2.367195129
0.227227747 0.017471150 0.973684967 -88.106803894 0.007839023 0.999773860 -0.019768657 2.708878279 -0.973810136 0.012124727 0.227039397 -2.113159180
0.220623732 0.015703689 0.975232601 -86.974113464 0.009684517 0.999785841 -0.018289957 2.665728569 -0.975310922 0.013479856 0.220424414 -1.850669861
0.213560700 0.014437532 0.976823151 -85.873695374 0.010179557 0.999803603 -0.017002722 2.624223709 -0.976876855 0.013574741 0.213371813 -1.601470947
0.207286716 0.013439112 0.978187978 -84.772064209 0.012038699 0.999794900 -0.016287075 2.587931156 -0.978206217 0.015152206 0.207082391 -1.365783691
0.203983188 0.012476924 0.978894830 -83.631820679 0.014906487 0.999763250 -0.015849141 2.536531210 -0.978860855 0.017824844 0.203748941 -1.129615784
0.200802863 0.014300147 0.979527235 -82.526206970 0.018316487 0.999663830 -0.018348996 2.500562429 -0.979460359 0.021626029 0.200473428 -0.901161194
0.198323429 0.016238190 0.980002105 -81.395393372 0.021394819 0.999552786 -0.020891814 2.463767767 -0.979903102 0.025110304 0.197887301 -0.648628235
0.196510196 0.015016224 0.980386794 -80.299537659 0.022926237 0.999538958 -0.019904941 2.427412987 -0.980233729 0.026388105 0.196075320 -0.448822021
0.193665028 0.010692128 0.981009483 -79.196632385 0.022633139 0.999625802 -0.015363128 2.381136894 -0.980806589 0.025178622 0.193350554 -0.222244263
0.190384984 0.006929866 0.981685102 -78.091522217 0.022529816 0.999680877 -0.011426266 2.345010042 -0.981450975 0.024292573 0.190168142 -0.000717163
0.187329233 0.006218227 0.982277572 -77.007415771 0.023805274 0.999657512 -0.010868133 2.310587406 -0.982008755 0.025419304 0.187117040 0.203384399
0.184165537 0.007614538 0.982865870 -75.920379639 0.024772499 0.999616385 -0.012386085 2.280978203 -0.982583106 0.026629131 0.183906257 0.408153534
0.181235075 0.007536154 0.983411014 -74.808692932 0.026561923 0.999568343 -0.012555134 2.241905451 -0.983081102 0.028396716 0.180956662 0.621173859
0.179157376 0.005633412 0.983804286 -73.714675903 0.028040273 0.999548137 -0.010829885 2.206287861 -0.983420730 0.029526396 0.178918421 0.818798065
0.176821589 0.004550110 0.984232545 -72.614715576 0.027795538 0.999567389 -0.009614597 2.171397209 -0.983850539 0.029057339 0.176618576 1.032718658
0.174910784 0.005237234 0.984570324 -71.527275085 0.028735524 0.999532700 -0.010421744 2.140273571 -0.984164834 0.030115021 0.174678564 1.231803894
0.172573090 0.006116005 0.984977841 -70.454132080 0.027062258 0.999573767 -0.010948085 2.092515945 -0.984624982 0.028545069 0.172334015 1.420894623
0.170705736 0.007451073 0.985293984 -69.368316650 0.025974590 0.999589860 -0.012059377 2.060120344 -0.984979749 0.027651209 0.170442224 1.612525940
0.169249475 0.007909947 0.985541701 -68.285621643 0.025360463 0.999601722 -0.012378015 2.031668901 -0.985247076 0.027088763 0.168981493 1.802536011
0.167431951 0.005559941 0.985867918 -67.201988220 0.027141551 0.999579072 -0.010246770 1.997598052 -0.985509932 0.028473623 0.167210579 1.989974976
0.165714025 0.003126205 0.986168921 -66.119987488 0.028903460 0.999549985 -0.008025510 1.966680527 -0.985750258 0.029833633 0.165549040 2.170700073
0.163912773 0.002302621 0.986472249 -65.044036865 0.029275779 0.999545455 -0.007197618 1.932615876 -0.986040413 0.030059522 0.163770854 2.352581024
0.162595809 0.003766849 0.986685634 -63.935630798 0.030994199 0.999479711 -0.008923227 1.899391890 -0.986205876 0.032032408 0.162394464 2.532421112
0.161161423 0.006112065 0.986909211 -62.865940094 0.033905014 0.999356270 -0.011725814 1.871810675 -0.986345589 0.035350919 0.160850406 2.707767487
0.159495533 0.006263996 0.987178862 -61.782737732 0.036572196 0.999255955 -0.012249493 1.840250611 -0.986521065 0.038057037 0.159147739 2.873374939
0.156905591 0.004983711 0.987601161 -60.710678101 0.036680717 0.999267936 -0.010870254 1.812147737 -0.986932278 0.037931520 0.156607926 3.054111481
0.154766679 0.001902171 0.987949371 -59.645065308 0.036281861 0.999312639 -0.007607773 1.777398229 -0.987284720 0.037022065 0.154591322 3.226116180
0.152990341 -0.000033863 0.988227785 -58.571197510 0.034292288 0.999397933 -0.005274648 1.745158315 -0.987632632 0.034695558 0.152899444 3.397827148
0.150793850 0.001105647 0.988564610 -57.515094757 0.035335001 0.999354362 -0.006507651 1.717672467 -0.987933517 0.035912246 0.150657415 3.565929413
0.149151385 0.004382633 0.988804817 -56.456802368 0.033991594 0.999376416 -0.009556791 1.691564798 -0.988230109 0.035036456 0.148909390 3.725872040
0.146623552 0.007127822 0.989166737 -55.402824402 0.033943683 0.999348879 -0.012232648 1.660463929 -0.988609850 0.035369556 0.146286190 3.897975922
0.144554615 0.007867233 0.989465594 -54.354286194 0.034351196 0.999325752 -0.012964125 1.629353285 -0.988900423 0.035863351 0.144186914 4.040378571
0.141774714 0.009619681 0.989852250 -53.310970306 0.034775641 0.999287128 -0.014692227 1.597814560 -0.989287972 0.036505733 0.141339123 4.188652039
0.138666749 0.012216282 0.990263820 -52.263641357 0.033256978 0.999302506 -0.016984768 1.565937996 -0.989780605 0.035288405 0.138163805 4.335937500
0.134967387 0.011798760 0.990779817 -51.239067078 0.030125646 0.999417961 -0.016005445 1.534354687 -0.990391970 0.032008093 0.134533405 4.491233826
0.132470608 0.009643081 0.991140127 -50.193145752 0.029471267 0.999472260 -0.013663127 1.500585794 -0.990748763 0.031020118 0.132116497 4.626029968
0.129745662 0.008062463 0.991514504 -49.138488770 0.027900130 0.999541342 -0.011778633 1.468868732 -0.991154671 0.029191609 0.129461229 4.780059814
0.126703382 0.009307858 0.991896987 -48.111209869 0.027646873 0.999534369 -0.012911093 1.432739973 -0.991555274 0.029058727 0.126387000 4.921775818
0.125216424 0.012580865 0.992049813 -47.078815460 0.029551918 0.999428630 -0.016404485 1.400804520 -0.991689324 0.031371083 0.124773085 5.047092438
0.122540295 0.014484288 0.992357969 -46.056549072 0.029731380 0.999391139 -0.018258298 1.358394146 -0.992018223 0.031741548 0.122035027 5.184818268
0.120102882 0.014669389 0.992653191 -45.029865265 0.030800287 0.999354422 -0.018495006 1.321987391 -0.992283642 0.032795306 0.119573534 5.314342499
0.118210793 0.013602257 0.992895424 -44.019447327 0.031263106 0.999359488 -0.017412897 1.286361694 -0.992496371 0.033099387 0.117709875 5.438804626
0.116067946 0.012262494 0.993165672 -42.978336334 0.033143539 0.999319136 -0.016211849 1.246224403 -0.992688239 0.034798697 0.115582466 5.562259674
0.114428937 0.010597188 0.993375003 -41.966712952 0.034527566 0.999296546 -0.014637666 1.211147308 -0.992831290 0.035973791 0.113982499 5.673849106
0.112176895 0.009156836 0.993646204 -40.957576752 0.035079055 0.999297798 -0.013169145 1.173041224 -0.993068993 0.036333438 0.111776888 5.793560028
0.109530747 0.009020725 0.993942499 -39.949207306 0.034610022 0.999317825 -0.012883478 1.134712219 -0.993380666 0.035811506 0.109143853 5.926658630
0.107783318 0.010196268 0.994122088 -38.947010040 0.036563374 0.999230266 -0.014212882 1.101474524 -0.993501782 0.037880372 0.107327580 6.030891418
0.106081247 0.012140770 0.994283497 -37.956058502 0.036630087 0.999199033 -0.016108906 1.073762178 -0.993682683 0.038129538 0.105551600 6.139337540
0.105029762 0.013581750 0.994376302 -36.970378876 0.037324850 0.999148369 -0.017589318 1.035969257 -0.993768394 0.038962346 0.104433358 6.244487762
0.103538275 0.013245353 0.994537294 -35.992961884 0.038158786 0.999122262 -0.017279016 1.004084349 -0.993893266 0.039739378 0.102941990 6.356552124
0.101989865 0.011996333 0.994713247 -35.032203674 0.038355950 0.999136329 -0.015982391 0.975375533 -0.994045854 0.039783210 0.101441622 6.463066101
0.100696087 0.010636878 0.994860530 -34.073127747 0.036898762 0.999215007 -0.014418200 0.937099040 -0.994232893 0.038160972 0.100224555 6.554920197
0.099434316 0.011033498 0.994983077 -33.136863708 0.036865216 0.999211192 -0.014764541 0.906211078 -0.994361103 0.038148366 0.098949134 6.649797440
0.098120749 0.011852959 0.995103955 -32.200035095 0.036687363 0.999206305 -0.015519329 0.872703671 -0.994498074 0.038030509 0.097608030 6.748695374
0.097143531 0.011350320 0.995205760 -31.287883759 0.036645297 0.999216139 -0.014973066 0.832887650 -0.994595647 0.037924144 0.096651435 6.839080811
0.095983207 0.007830936 0.995352268 -30.378978729 0.037325148 0.999237478 -0.011460827 0.805371642 -0.994683027 0.038251713 0.095617712 6.931018829
0.094659805 0.003121902 0.995504916 -29.483222961 0.039701145 0.999187708 -0.006908528 0.777482092 -0.994717836 0.040176641 0.094458938 7.022232056
0.093963385 -0.002340748 0.995572984 -28.611228943 0.039860472 0.999204278 -0.001412798 0.752248228 -0.994777501 0.039816756 0.093981922 7.095247269
0.092462182 -0.005336142 0.995701909 -27.743911743 0.042092092 0.999112666 0.001445694 0.730611503 -0.994826138 0.041777503 0.092604756 7.173974991
0.090882301 -0.004721137 0.995850444 -26.903995514 0.041816641 0.999124885 0.000920432 0.712572455 -0.994983315 0.041559469 0.091000199 7.259033203
0.089902699 -0.002523128 0.995947421 -26.083339691 0.040709767 0.999170363 -0.001143520 0.699166179 -0.995118260 0.040647589 0.089930773 7.336894989
0.088396490 0.000344362 0.996085286 -25.274719238 0.039466865 0.999213457 -0.003847886 0.677311063 -0.995303154 0.039652504 0.088313401 7.416764259
0.087459862 0.003486455 0.996161997 -24.498262405 0.038196336 0.999246776 -0.006850770 0.656087160 -0.995435536 0.038648903 0.087260842 7.490188599
0.086459279 0.006076827 0.996236861 -23.726409912 0.038064342 0.999231100 -0.009398539 0.636011541 -0.995527983 0.038733691 0.086161494 7.552053452
0.086155474 0.006985298 0.996257305 -22.972599030 0.039351836 0.999171197 -0.010408847 0.612758219 -0.995504320 0.040101331 0.085809231 7.617918968
0.086588740 0.004660879 0.996233284 -22.250476837 0.040138062 0.999160826 -0.008163224 0.590178668 -0.995435297 0.040693715 0.086328983 7.684379578
0.087814987 0.003263622 0.996131480 -21.534065247 0.038846780 0.999222755 -0.006698329 0.564986885 -0.995379031 0.039284714 0.087619960 7.750088692
0.089090765 0.001061706 0.996023059 -20.833885193 0.039263986 0.999218404 -0.004577144 0.542758882 -0.995249391 0.039515615 0.088979483 7.810605049
0.089685738 0.000041182 0.995970130 -20.150337219 0.039586700 0.999209642 -0.003606043 0.523087800 -0.995183051 0.039750583 0.089613259 7.878806114
0.090311229 0.000501231 0.995913625 -19.482303619 0.040376626 0.999175847 -0.004164305 0.508056462 -0.995094895 0.040587708 0.090216517 7.935580254
0.090139747 0.001873334 0.995927453 -18.848426819 0.039254911 0.999214470 -0.005432420 0.487494409 -0.995155334 0.039584715 0.089995444 7.998521805
0.089075029 0.004664924 0.996013999 -18.212726593 0.039093275 0.999202132 -0.008176027 0.467201352 -0.995257437 0.039665729 0.088821590 8.060123444
0.086985171 0.006180467 0.996190548 -17.607851028 0.039054215 0.999190867 -0.009609215 0.451253951 -0.995443881 0.039741296 0.086673379 8.119988441
0.084762454 0.006299322 0.996381283 -17.011711121 0.041566461 0.999087155 -0.009852502 0.429824024 -0.995533824 0.042251166 0.084423244 8.167323112
0.083037674 0.006828647 0.996523023 -16.421901703 0.042790674 0.999029815 -0.010411463 0.417179555 -0.995627284 0.043506436 0.082664907 8.210816383
0.081015110 0.005575159 0.996697307 -15.858147621 0.045762978 0.998908997 -0.009307312 0.398579895 -0.995661736 0.046365868 0.080671608 8.250018120
0.079458475 0.004060077 0.996829927 -15.320722580 0.048280671 0.998802423 -0.007916619 0.379325032 -0.995668292 0.048756659 0.079167306 8.293850899
0.077804625 0.005429468 0.996953905 -14.785894394 0.048645385 0.998773396 -0.009235780 0.361527860 -0.995781183 0.049215790 0.077445030 8.328463554
0.076057374 0.006257666 0.997083962 -14.298624992 0.048315391 0.998782516 -0.009953828 0.343956470 -0.995932341 0.048931554 0.075662434 8.363681793
0.074036717 0.007118760 0.997230291 -13.817138672 0.046296418 0.998871863 -0.010567641 0.328935862 -0.996180475 0.046950579 0.073623598 8.404556274
0.072632134 0.010063375 0.997308075 -13.368864059 0.047582000 0.998775542 -0.013543497 0.309251666 -0.996223152 0.048437607 0.072064340 8.437704086
0.071695805 0.015474499 0.997306526 -12.944266319 0.046567310 0.998737395 -0.018844400 0.293175757 -0.996338964 0.047792945 0.070884645 8.471260071
0.070453227 0.019043149 0.997333348 -12.552062988 0.047673751 0.998610973 -0.022435298 0.274580002 -0.996375263 0.049127262 0.069447458 8.503731728
0.070107341 0.019973962 0.997339666 -12.174771309 0.046135210 0.998664737 -0.023243558 0.262116879 -0.996472180 0.047642011 0.069092274 8.530560493
0.070352972 0.020224171 0.997317076 -11.818267822 0.047390144 0.998597801 -0.023593146 0.246590912 -0.996395767 0.048922852 0.069295883 8.553685188
0.071400285 0.022413721 0.997195899 -11.487550735 0.047590427 0.998532355 -0.025851289 0.232592702 -0.996311784 0.049302768 0.070228875 8.585185051
0.073613048 0.023630654 0.997006953 -11.175593376 0.047331687 0.998509884 -0.027160967 0.214007050 -0.996163130 0.049189419 0.072384834 8.601702690
0.077907562 0.023526177 0.996683061 -10.878055573 0.045432091 0.998599172 -0.027122693 0.199866444 -0.995925009 0.047394454 0.076729536 8.632749557
0.083642781 0.023602029 0.996216357 -10.589772224 0.044557836 0.998631001 -0.027400337 0.185948431 -0.995499194 0.046681084 0.082476616 8.665834427
0.090235412 0.022711154 0.995661557 -10.307293892 0.041978557 0.998764694 -0.026586404 0.171047717 -0.995035470 0.044195469 0.089170575 8.702864647
0.099502027 0.021741394 0.994799852 -10.041066170 0.040388472 0.998849094 -0.025869636 0.161563009 -0.994217396 0.042752527 0.098509431 8.745873451
0.111148238 0.021507725 0.993571103 -9.789854050 0.040399931 0.998841584 -0.026141254 0.147050887 -0.992982328 0.043045759 0.110150576 8.783101082
0.123957753 0.022043617 0.992042661 -9.533211708 0.041561406 0.998760581 -0.027386080 0.133678377 -0.991416812 0.044625409 0.122887969 8.824868202
0.139372647 0.022189051 0.989991367 -9.303559303 0.042088956 0.998712718 -0.028309884 0.119107187 -0.989345133 0.045613326 0.138259292 8.869832993
0.156493127 0.021417893 0.987446904 -9.067669868 0.040341970 0.998791933 -0.028057473 0.109881431 -0.986854911 0.044226352 0.155440032 8.930067062
0.174247682 0.019810317 0.984502673 -8.821999550 0.036873233 0.998965144 -0.026627552 0.095317781 -0.984011292 0.040941581 0.173336923 8.998410225
0.190251648 0.019191492 0.981547773 -8.592615128 0.031512979 0.999174297 -0.025644235 0.084581882 -0.981229484 0.035810351 0.189489782 9.069900513
0.201885462 0.016867219 0.979263961 -8.367231369 0.028858742 0.999315083 -0.023162121 0.081036806 -0.978983939 0.032936420 0.201260448 9.126800537
0.210185647 0.012263367 0.977584600 -8.187175751 0.027491318 0.999451816 -0.018448453 0.070929796 -0.977274954 0.030752689 0.209733307 9.179597855
0.216905773 0.008972327 0.976151228 -8.032499313 0.028733946 0.999465823 -0.015571450 0.065156683 -0.975769460 0.031426217 0.216532111 9.225114822
0.221997797 0.008650512 0.975008786 -7.938784599 0.029085100 0.999456942 -0.015489751 0.056301743 -0.974613249 0.031796917 0.221625626 9.245109558
0.224401414 0.010550152 0.974439740 -7.867528915 0.028228100 0.999451399 -0.017321536 0.052440539 -0.974087894 0.031393562 0.223980486 9.265401840
0.226138830 0.012081121 0.974020243 -7.833491325 0.026345644 0.999481440 -0.018513611 0.054823145 -0.973738790 0.029847834 0.225703239 9.281152725
0.226790130 0.011503665 0.973875821 -7.824675560 0.026404539 0.999490082 -0.017955154 0.050883546 -0.973585784 0.029786792 0.226370692 9.280162811
0.226376414 0.012944364 0.973953903 -7.837867737 0.027530506 0.999427199 -0.019681841 0.052336395 -0.973650753 0.031268947 0.225890398 9.274549484
0.226962328 0.017203305 0.973751664 -7.847335815 0.029506586 0.999263525 -0.024531433 0.044623673 -0.973456502 0.034299798 0.226287603 9.266571999
0.226858258 0.021727607 0.973685384 -7.846426010 0.029433586 0.999141514 -0.029153364 0.042514563 -0.973482907 0.035272732 0.226023972 9.266716957
0.226372898 0.021884138 0.973794878 -7.848634720 0.028978547 0.999153733 -0.029190518 0.044068128 -0.973609626 0.034827102 0.225547135 9.268495560
0.226805627 0.020282879 0.973728895 -7.851753235 0.028305802 0.999223530 -0.027407065 0.044056267 -0.973528683 0.033778254 0.226055384 9.269518852
0.226723373 0.019859210 0.973756731 -7.846220970 0.028359711 0.999233544 -0.026981892 0.044299990 -0.973546207 0.033732884 0.225986362 9.270012856
0.226298809 0.019489916 0.973863006 -7.848196030 0.028228285 0.999248624 -0.026557432 0.045340449 -0.973648846 0.033500396 0.225578606 9.273014069
0.226823926 0.019183179 0.973746836 -7.846999168 0.028487572 0.999247551 -0.026321428 0.045518160 -0.973519087 0.033710014 0.226106763 9.268698692
0.226478517 0.019570757 0.973819613 -7.852582932 0.028745383 0.999228299 -0.026766632 0.044507772 -0.973591983 0.034054883 0.225741208 9.272259712
0.226656079 0.019324532 0.973783135 -7.845488548 0.028476546 0.999244273 -0.026457956 0.044647366 -0.973558486 0.033726837 0.225934505 9.269499779
0.226648033 0.019145450 0.973788559 -7.846117020 0.028380049 0.999252439 -0.026251512 0.048300564 -0.973563194 0.033586022 0.225935280 9.270683289
0.226452947 0.019544873 0.973826051 -7.847661972 0.028506383 0.999237418 -0.026683744 0.049686164 -0.973604918 0.033802871 0.225723088 9.273000717
0.226764083 0.019287322 0.973758757 -7.847710609 0.028653398 0.999239028 -0.026464675 0.046931803 -0.973528206 0.033902738 0.226038873 9.268866539
0.226733863 0.019145995 0.973768592 -7.845374107 0.028438140 0.999250352 -0.026268596 0.048131704 -0.973541558 0.033648144 0.226019382 9.268339157
0.226597130 0.019257635 0.973798215 -7.846323013 0.028556727 0.999243319 -0.026405817 0.046208352 -0.973569870 0.033791970 0.225875735 9.271173477
0.226593971 0.019370167 0.973796725 -7.850885391 0.028524375 0.999241412 -0.026513672 0.048255205 -0.973571599 0.033784781 0.225869596 9.271282196
0.226621926 0.019222170 0.973793149 -7.849189758 0.028431267 0.999248624 -0.026341196 0.047206551 -0.973567784 0.033655666 0.225905120 9.270395279
0.226658285 0.019223168 0.973784804 -7.850373268 0.028426155 0.999248743 -0.026342329 0.049043447 -0.973559618 0.033651665 0.225941598 9.270805359
0.226561964 0.019261234 0.973806322 -7.848854065 0.028363902 0.999249935 -0.026363529 0.047162324 -0.973583698 0.033593923 0.225845754 9.271415710
0.226543069 0.019329382 0.973809421 -7.848883629 0.028486433 0.999243855 -0.026461212 0.048696578 -0.973584533 0.033734959 0.225821137 9.271753311
0.226526737 0.019275745 0.973814309 -7.850563049 0.028396832 0.999248445 -0.026384812 0.049426824 -0.973591030 0.033630107 0.225809157 9.272321701
0.226514280 0.019455377 0.973813534 -7.847757339 0.028331470 0.999245822 -0.026553532 0.050075650 -0.973595738 0.033604324 0.225792289 9.271833420
0.226474464 0.019292276 0.973826170 -7.846478462 0.028296486 0.999251485 -0.026376652 0.047505647 -0.973606169 0.033529494 0.225759029 9.272154808
0.226476192 0.019142505 0.973828614 -7.847866058 0.028452944 0.999250174 -0.026259311 0.045542896 -0.973601043 0.033655401 0.225761712 9.273239136
0.226386130 0.019220890 0.973848104 -7.852423668 0.028287569 0.999253809 -0.026298217 0.046608627 -0.973626912 0.033501346 0.225673497 9.275474548
0.226506531 0.019202428 0.973820329 -7.849165916 0.028427621 0.999249399 -0.026316002 0.046630412 -0.973594725 0.033644143 0.225790620 9.273852348
0.226224244 0.019197216 0.973886132 -7.854714394 0.028366452 0.999251902 -0.026286481 0.045361012 -0.973662198 0.033572331 0.225510478 9.280155182
0.226257622 0.019180451 0.973878622 -7.854359627 0.028489441 0.999248087 -0.026298946 0.047253460 -0.973650753 0.033695593 0.225541055 9.280573845
0.226254940 0.019376138 0.973875403 -7.847241402 0.028219720 0.999252081 -0.026437160 0.046424121 -0.973659277 0.033464029 0.225538969 9.280930519
0.226401985 0.019485546 0.973838985 -7.851842880 0.028387332 0.999243200 -0.026593458 0.049750030 -0.973620176 0.033665501 0.225677490 9.274135590
0.226393223 0.019364955 0.973843575 -7.853021622 0.028401198 0.999246001 -0.026472624 0.051551253 -0.973621905 0.033651546 0.225672483 9.273709297
0.226520002 0.019233199 0.973816633 -7.850854874 0.028372852 0.999250412 -0.026335353 0.047040671 -0.973593235 0.033595439 0.225804508 9.270204544
0.226475775 0.019276442 0.973826170 -7.848341942 0.028428009 0.999247372 -0.026390951 0.046420425 -0.973601997 0.033660848 0.225757360 9.273244858
0.226453185 0.019352706 0.973829806 -7.848187447 0.028204935 0.999253035 -0.026416678 0.049270183 -0.973613620 0.033448949 0.225738168 9.273619652
0.226509273 0.019429790 0.973815143 -7.848100662 0.028315267 0.999247074 -0.026523339 0.049537420 -0.973597288 0.033581618 0.225788593 9.272264481
0.226539969 0.019300928 0.973810673 -7.848366737 0.028372919 0.999248564 -0.026405575 0.049068242 -0.973588586 0.033611771 0.225822151 9.272195816
0.226648629 0.019206433 0.973787308 -7.847036362 0.028493540 0.999246895 -0.026340447 0.046086401 -0.973559797 0.033716671 0.225930691 9.270754814
0.226518571 0.019396294 0.973813713 -7.846365929 0.028297439 0.999248624 -0.026485162 0.050383151 -0.973595738 0.033555817 0.225799501 9.272546768
0.226491153 0.019166425 0.973824739 -7.848982811 0.028256051 0.999256313 -0.026238726 0.046317428 -0.973603368 0.033459280 0.225781143 9.274042130
0.226659238 0.019258603 0.973783731 -7.844577789 0.028473765 0.999246120 -0.026389772 0.047432959 -0.973557830 0.033708777 0.225940049 9.271253586
0.226564407 0.019236820 0.973806322 -7.849282265 0.028335081 0.999251604 -0.026331879 0.048428446 -0.973584116 0.033558749 0.225849748 9.272604942
0.226615489 0.019219488 0.973794699 -7.848960876 0.028412815 0.999249339 -0.026333934 0.046803087 -0.973569810 0.033635926 0.225899279 9.270959854
0.226627886 0.019240364 0.973791420 -7.847635269 0.028371610 0.999250174 -0.026346235 0.046252519 -0.973568141 0.033598818 0.225912035 9.269300461
0.226522267 0.019084387 0.973819077 -7.851078033 0.028462067 0.999251366 -0.026203426 0.045146793 -0.973590136 0.033652563 0.225809515 9.270711899
0.226611197 0.019283980 0.973794460 -7.849193573 0.028510462 0.999244213 -0.026422620 0.048143476 -0.973568022 0.033750992 0.225890100 9.270843506
0.226596177 0.019301360 0.973797619 -7.848108292 0.028455818 0.999245644 -0.026427243 0.048352867 -0.973573089 0.033698518 0.225876033 9.270886421
0.226375043 0.019102801 0.973852873 -7.852814674 0.028472487 0.999250650 -0.026219511 0.045599937 -0.973623991 0.033663455 0.225661457 9.275135040
0.226613641 0.019244231 0.973794639 -7.847574234 0.028398044 0.999249160 -0.026355835 0.046618670 -0.973570704 0.033626456 0.225897014 9.270454407
0.226496160 0.019292964 0.973820984 -7.849942207 0.028307261 0.999251127 -0.026380623 0.048721015 -0.973600686 0.033541314 0.225780427 9.271802902
0.226573765 0.019204827 0.973804712 -7.847429276 0.028416825 0.999249637 -0.026318343 0.046570599 -0.973579466 0.033635486 0.225857973 9.271982193
0.226608038 0.019269789 0.973795414 -7.847295761 0.028456425 0.999246478 -0.026395407 0.048537195 -0.973570287 0.033692151 0.225888968 9.270486832
0.226548970 0.019282633 0.973808944 -7.849483490 0.028380619 0.999248803 -0.026388904 0.048074216 -0.973586261 0.033615679 0.225831509 9.272941589
0.226542354 0.019305831 0.973810017 -7.848935127 0.028378172 0.999248266 -0.026411908 0.047204554 -0.973587871 0.033618364 0.225824237 9.272489548
0.226535141 0.019140277 0.973814845 -7.850300789 0.028435681 0.999250770 -0.026255107 0.046325892 -0.973587751 0.033638794 0.225821137 9.272157669
0.226564407 0.019307164 0.973804772 -7.850117683 0.028313929 0.999250412 -0.026399150 0.047515750 -0.973584533 0.033553347 0.225847960 9.272456169
0.226503730 0.019338194 0.973818302 -7.850677490 0.028271705 0.999251068 -0.026419053 0.048653364 -0.973599851 0.033515517 0.225787342 9.272188187
0.226617038 0.019263970 0.973793447 -7.849088669 0.028277854 0.999252796 -0.026348317 0.047938794 -0.973573387 0.033507764 0.225902975 9.271149635
0.226574957 0.019269908 0.973803163 -7.848689079 0.028469497 0.999246061 -0.026397387 0.047693193 -0.973577619 0.033704672 0.225855529 9.272052765
0.226548910 0.019305581 0.973808527 -7.848175049 0.028361948 0.999248803 -0.026408123 0.049339414 -0.973586857 0.033601839 0.225831211 9.272566795
0.226564109 0.019134035 0.973808289 -7.850970268 0.028424786 0.999251306 -0.026247205 0.045590162 -0.973581433 0.033626970 0.225850582 9.271841049
0.226474404 0.019337779 0.973825157 -7.847283363 0.028269006 0.999251246 -0.026416967 0.048778445 -0.973606825 0.033511836 0.225758195 9.273522377
0.226689219 0.019257940 0.973776817 -7.851040840 0.029000632 0.999227703 -0.026512448 0.047720224 -0.973535419 0.034250230 0.225955665 9.271880150
0.227130473 0.020110440 0.973656774 -7.845245361 0.028724845 0.999213398 -0.027339116 0.049290985 -0.973440707 0.034177683 0.226374149 9.274787903
0.227142513 0.020799091 0.973639369 -7.842009544 0.028781539 0.999191821 -0.028059455 0.048291504 -0.973436117 0.034396335 0.226360321 9.282027245
0.227579832 0.021465780 0.973522842 -7.824469566 0.027991878 0.999199629 -0.028575592 0.052218735 -0.973357081 0.033753961 0.226796865 9.282995224
0.228666127 0.021293240 0.973272085 -7.814439774 0.028355895 0.999190867 -0.028522391 0.048834085 -0.973091900 0.034120105 0.227877319 9.284057617
0.228965878 0.021213725 0.973203361 -7.804383278 0.028175931 0.999199212 -0.028409345 0.047162086 -0.973026693 0.033925682 0.228184819 9.295993805
0.229976535 0.021310756 0.972962797 -7.782547951 0.027771400 0.999209344 -0.028449882 0.045351684 -0.972799838 0.033563342 0.229202867 9.295764923
0.231111825 0.021735806 0.972684443 -7.765858650 0.027145792 0.999217153 -0.028778614 0.047419161 -0.972548485 0.033055369 0.230340898 9.303949356
0.233048081 0.022653112 0.972201407 -7.734473228 0.026926102 0.999195039 -0.029736595 0.045313597 -0.972092450 0.033107650 0.232250512 9.308111191
0.235988677 0.024984650 0.971434653 -7.703996658 0.026708551 0.999125004 -0.032185085 0.043789059 -0.971388757 0.033540927 0.235114872 9.320842743
0.240903020 0.028211575 0.970139146 -7.650136948 0.026034683 0.999029934 -0.035516601 0.039059669 -0.970200002 0.033813320 0.239934862 9.335197449
0.247494996 0.031201653 0.968386710 -7.582208633 0.025182515 0.998936534 -0.038621992 0.037978202 -0.968561947 0.033945162 0.246446073 9.361763000
0.256289721 0.032807700 0.966043115 -7.499374390 0.024023369 0.998898923 -0.040296879 0.033289403 -0.966301441 0.033535287 0.255219400 9.398599625
0.267719269 0.032728277 0.962941051 -7.381587029 0.023130249 0.998916566 -0.040381745 0.027001411 -0.963219404 0.033084039 0.266672194 9.443010330
0.282037079 0.033069324 0.958833516 -7.243276596 0.020725174 0.998962581 -0.040549573 0.022244066 -0.959179699 0.031308476 0.281059146 9.502127647
0.299452066 0.033270434 0.953531146 -7.091220856 0.019930294 0.998955667 -0.041114401 0.013792634 -0.953903258 0.031315949 0.298476279 9.576391220
0.320853591 0.032507788 0.946570873 -6.911489964 0.020126821 0.998951137 -0.041128945 0.004235804 -0.946915030 0.032247834 0.319862783 9.645643234
0.344316244 0.030359183 0.938362777 -6.706335545 0.020763066 0.998986363 -0.039939214 0.001664758 -0.938624144 0.033235006 0.343336940 9.749013901
0.371377826 0.026874444 0.928092778 -6.493726730 0.020125682 0.999113142 -0.036984272 -0.010385573 -0.928263664 0.032413635 0.370507598 9.852940559
0.400475085 0.022717882 0.916025996 -6.324777126 0.020778924 0.999210358 -0.033865180 -0.024762914 -0.916072011 0.032596193 0.399686813 9.942816734
0.432438850 0.019987004 0.901441753 -6.070695400 0.021195361 0.999252677 -0.032323517 -0.030274183 -0.901414156 0.033084325 0.431692064 10.087694168
0.466223776 0.018353611 0.884476423 -5.808434963 0.017303154 0.999404311 -0.029859271 -0.045218274 -0.884497583 0.029225335 0.465628505 10.254411697
0.500585258 0.017153200 0.865517378 -5.529266357 0.013043860 0.999540746 -0.027353454 -0.061483935 -0.865589023 0.024982423 0.500131607 10.464680672
0.536928415 0.017852640 0.843438923 -5.250160217 0.007498709 0.999635577 -0.025932411 -0.070220321 -0.843594551 0.020248551 0.536598921 10.672916412
0.573709011 0.017645808 0.818869114 -4.972200394 0.004366950 0.999687791 -0.024601804 -0.085244507 -0.819047570 0.017690238 0.573452830 10.911727905
0.611708879 0.018199958 0.790873528 -4.697086334 -0.000569293 0.999745190 -0.022566285 -0.105408214 -0.791082740 0.013353758 0.611563385 11.158882141
0.649554968 0.016978635 0.760125041 -4.401564598 -0.001760314 0.999781549 -0.020827502 -0.114151023 -0.760312617 0.012190551 0.649442971 11.453574181
0.686506689 0.019006172 0.726875067 -4.100054741 -0.003937398 0.999740839 -0.022422282 -0.113994464 -0.727112830 0.012531051 0.686403632 11.778335571
0.721301317 0.019724483 0.692340553 -3.825815678 -0.004814672 0.999713063 -0.023465324 -0.145696789 -0.692604721 0.013592175 0.721189260 12.114288330
0.755173266 0.019875159 0.655223906 -3.556858063 -0.006380039 0.999715745 -0.022971502 -0.155467451 -0.655494213 0.013167112 0.755085409 12.483508110
0.786468923 0.016977295 0.617396474 -3.281110287 -0.006553704 0.999795258 -0.019144159 -0.165967375 -0.617595077 0.011010053 0.786419153 12.895143509
0.815577626 0.014073268 0.578476489 -3.005396128 -0.006954469 0.999870420 -0.014520096 -0.172315568 -0.578605890 0.007819269 0.815569818 13.337478638
0.843947768 0.011244705 0.536307514 -2.712844849 -0.006035788 0.999916017 -0.011467061 -0.188034043 -0.536391437 0.006440562 0.843944788 13.801026344
0.868492365 0.013814798 0.495510012 -2.466397762 -0.007909527 0.999870539 -0.014013129 -0.192916423 -0.495639443 0.008251047 0.868489206 14.300033569
0.890799046 0.016433457 0.454100162 -2.227188110 -0.011778396 0.999845088 -0.013078013 -0.202392384 -0.454244763 0.006301312 0.890854657 14.831146240
0.910297751 0.011263317 0.413800776 -1.973724365 -0.007654954 0.999916852 -0.010377201 -0.218416005 -0.413883269 0.006278717 0.910308301 15.425401688
0.926408708 0.008266517 0.376428694 -1.751634121 -0.005771151 0.999953270 -0.007756279 -0.224095598 -0.376475215 0.005013058 0.926413119 16.018665314
0.940132022 0.005144848 0.340771586 -1.544474602 -0.002755912 0.999968112 -0.007494060 -0.231300995 -0.340799302 0.006106269 0.940116227 16.641324997
0.952058494 0.001246946 0.305913538 -1.340104342 0.001544199 0.999959350 -0.008881798 -0.243807048 -0.305912197 0.008928383 0.952017844 17.305187225
0.962203026 -0.008181773 0.272210270 -1.158901095 0.011154107 0.999893844 -0.009373673 -0.260045588 -0.272104681 0.012055639 0.962192118 17.985862732
0.971272051 -0.015196533 0.237486139 -0.974730015 0.018107302 0.999785244 -0.010079951 -0.273254007 -0.237281948 0.014090608 0.971338630 18.714422226
0.978877246 -0.016793288 0.203758016 -0.832121372 0.019432260 0.999751151 -0.010957548 -0.282801390 -0.203523293 0.014685574 0.978959978 19.471071243
0.984983087 -0.016920380 0.171819746 -0.711466670 0.019108038 0.999755979 -0.011086296 -0.290750444 -0.171590224 0.014202953 0.985065997 20.246675491
0.989852428 -0.018770594 0.140853927 -0.608411372 0.020763503 0.999703825 -0.012692363 -0.307563096 -0.140573964 0.015488187 0.989949048 21.038578033
0.993536770 -0.018022303 0.112071075 -0.534519374 0.019916127 0.999676764 -0.015801802 -0.326490074 -0.111750066 0.017931692 0.993574560 21.846206665
0.996240675 -0.015029210 0.085315242 -0.525094748 0.016699834 0.999681890 -0.018901950 -0.343711346 -0.085004024 0.020255640 0.996174693 22.630851746
0.998033643 -0.011760111 0.061567437 -0.475369066 0.013001037 0.999719560 -0.019793900 -0.368873954 -0.061317392 0.020555420 0.997906625 23.457677841
0.999128222 -0.008957162 0.040774044 -0.440383732 0.009799782 0.999741554 -0.020512868 -0.386565655 -0.040579770 0.020894563 0.998957813 24.330163956
0.999675453 -0.005370818 0.024901895 -0.437249064 0.005904326 0.999753535 -0.021400593 -0.408314914 -0.024780819 0.021540675 0.999460816 25.240159988
0.999919474 -0.001862769 0.012552576 -0.441855848 0.002143546 0.999746978 -0.022391880 -0.437783837 -0.012507689 0.022416983 0.999670446 26.171939850
0.999992490 0.000743493 0.003799001 -0.454357147 -0.000658919 0.999752998 -0.022215052 -0.466727227 -0.003814579 0.022212382 0.999746025 27.130460739
0.999991000 0.002904176 -0.003086432 -0.459812254 -0.002970774 0.999758005 -0.021796942 -0.488518149 0.003022383 0.021805914 0.999757648 28.097011566
0.999958932 0.005351613 -0.007311437 -0.473406285 -0.005494306 0.999792039 -0.019637780 -0.519559681 0.007204823 0.019677145 0.999780416 29.095949173
0.999938488 0.006777247 -0.008779192 -0.501039386 -0.006944820 0.999791563 -0.019199783 -0.547855556 0.008647241 0.019259572 0.999777138 30.117607117
0.999927044 0.007937179 -0.009103014 -0.506654263 -0.008123334 0.999754846 -0.020598475 -0.567508101 0.008937289 0.020670919 0.999746382 31.171001434
0.999915659 0.009184382 -0.009181100 -0.526313126 -0.009376209 0.999733984 -0.021073766 -0.596343100 0.008985108 0.021158073 0.999735773 32.239944458
0.999927342 0.007128179 -0.009723317 -0.540169656 -0.007314671 0.999787331 -0.019281130 -0.624944210 0.009583809 0.019350853 0.999766827 33.326816559
0.999923646 0.006412759 -0.010562008 -0.558360159 -0.006580261 0.999851942 -0.015901240 -0.651298404 0.010458473 0.015969526 0.999817789 34.441356659
0.999917448 0.006146889 -0.011281740 -0.575660348 -0.006273347 0.999917507 -0.011208138 -0.680277169 0.011211914 0.011277988 0.999873519 35.584953308
0.999905765 0.006242204 -0.012226366 -0.598051786 -0.006343999 0.999945402 -0.008304868 -0.701680124 0.012173858 0.008381649 0.999890745 36.728836060
0.999892056 0.005481581 -0.013630077 -0.613009632 -0.005572046 0.999962628 -0.006608048 -0.724379659 0.013593346 0.006683282 0.999885261 37.891063690
0.999873102 0.005567735 -0.014926333 -0.638628125 -0.005641771 0.999971986 -0.004922615 -0.746190727 0.014898507 0.005006202 0.999876499 39.053600311
0.999844849 0.006154518 -0.016504487 -0.668089211 -0.006207239 0.999975801 -0.003145070 -0.768982470 0.016484732 0.003247029 0.999858856 40.211547852
0.999822676 0.005382107 -0.018045401 -0.694378555 -0.005414920 0.999983788 -0.001769980 -0.789446473 0.018035581 0.001867381 0.999835610 41.383811951
0.999785185 0.005884663 -0.019872429 -0.722399890 -0.005886442 0.999982655 -0.000031003 -0.810252964 0.019871902 0.000147974 0.999802530 42.541202545
0.999751031 0.005606782 -0.021597467 -0.751090288 -0.005594401 0.999984145 0.000633621 -0.839337409 0.021600677 -0.000512639 0.999766529 43.710655212
0.999700785 0.006871803 -0.023475740 -0.780366123 -0.006951043 0.999970436 -0.003295484 -0.858219087 0.023452399 0.003457679 0.999718964 44.862739563
0.999648690 0.008529172 -0.025094448 -0.816751063 -0.008709255 0.999937057 -0.007075666 -0.879763126 0.025032518 0.007291734 0.999660015 46.024044037
0.999616921 0.007539468 -0.026631096 -0.848224819 -0.007708685 0.999950707 -0.006257155 -0.903100133 0.026582608 0.006460049 0.999625742 47.184890747
0.999554455 0.010119465 -0.028080314 -0.897777140 -0.010205613 0.999943614 -0.002926277 -0.934685230 0.028049119 0.003211550 0.999601364 48.346229553
0.999556065 0.007265490 -0.028895011 -0.932572722 -0.007280897 0.999973416 -0.000428046 -0.961255670 0.028891133 0.000638237 0.999582350 49.501010895
0.999501824 0.008193768 -0.030478857 -0.963402629 -0.008196020 0.999966383 0.000051029 -0.980561316 0.030478252 0.000198802 0.999535382 50.653415680
0.999496102 0.008829976 -0.030489488 -1.011461735 -0.008889496 0.999958813 -0.001817146 -1.002633095 0.030472187 0.002087266 0.999533415 51.800441742
0.999506593 0.007418647 -0.030520832 -1.048972964 -0.007543279 0.999963641 -0.003970386 -1.021744967 0.030490268 0.004198654 0.999526262 52.941036224
0.999516070 0.007729323 -0.030131496 -1.089954972 -0.007892643 0.999954760 -0.005305085 -1.049622536 0.030089129 0.005540335 0.999531865 54.091587067
0.999524891 0.005674019 -0.030294523 -1.128476620 -0.005937513 0.999945283 -0.008614908 -1.076187491 0.030243983 0.008790690 0.999503911 55.237728119
0.999530435 0.004561984 -0.030301049 -1.161471605 -0.004916783 0.999920130 -0.011644986 -1.111988187 0.030245503 0.011788501 0.999472976 56.362659454
0.999538839 0.002984557 -0.030219287 -1.203380108 -0.003336794 0.999926984 -0.011612331 -1.144107103 0.030182423 0.011707811 0.999475837 57.492660522
0.999537528 0.001477807 -0.030373236 -1.236946940 -0.001674989 0.999977708 -0.006467566 -1.175140977 0.030362999 0.006515450 0.999517679 58.629199982
0.999530435 0.000090949 -0.030640613 -1.272300243 -0.000071932 0.999999821 0.000621720 -1.196447134 0.030640664 -0.000619224 0.999530256 59.765838623
0.999533594 -0.001396009 -0.030507417 -1.310133815 0.001521688 0.999990463 0.004096810 -1.214048386 0.030501407 -0.004141322 0.999526143 60.903190613
0.999532163 -0.004469261 -0.030257512 -1.351445794 0.004524944 0.999988198 0.001772080 -1.235916734 0.030249236 -0.001908165 0.999540567 62.019855499
0.999496043 -0.009027971 -0.030432632 -1.380397081 0.008970955 0.999957740 -0.002009529 -1.256181955 0.030449487 0.001735507 0.999534786 63.134449005
0.999511063 -0.007945254 -0.030240381 -1.421891332 0.007731927 0.999944448 -0.007164791 -1.282468200 0.030295627 0.006927471 0.999516964 64.252952576
0.999522209 -0.007080758 -0.030086530 -1.461890459 0.006736283 0.999910772 -0.011535429 -1.312392712 0.030165525 0.011327247 0.999480724 65.356834412
0.999551475 -0.004374910 -0.029626068 -1.506603003 0.003968120 0.999897242 -0.013775725 -1.339655399 0.029683292 0.013651986 0.999466121 66.475837708
0.999597549 0.000122741 -0.028367715 -1.558339357 -0.000433115 0.999940097 -0.010935233 -1.378280282 0.028364673 0.010943118 0.999537766 67.594810486
0.999603510 0.003498225 -0.027938349 -1.595944405 -0.003730255 0.999958932 -0.008257303 -1.404274344 0.027908316 0.008358247 0.999575555 68.714256287
0.999597549 0.003927070 -0.028095532 -1.629724741 -0.004121706 0.999967873 -0.006873113 -1.428624034 0.028067639 0.006986149 0.999581635 69.811622620
0.999593735 0.003207268 -0.028321285 -1.665911317 -0.003353360 0.999981284 -0.005112397 -1.457601786 0.028304359 0.005205291 0.999585807 70.909767151
0.999589860 0.001885839 -0.028575927 -1.701480865 -0.002011328 0.999988437 -0.004363296 -1.481987596 0.028567368 0.004418982 0.999582112 71.999427795
0.999572873 0.000392212 -0.029221805 -1.737836480 -0.000486624 0.999994695 -0.003223820 -1.506553531 0.029220384 0.003236663 0.999567747 73.100318909
0.999554873 -0.001334301 -0.029804120 -1.774081111 0.001297605 0.999998391 -0.001250564 -1.536200762 0.029805740 0.001211333 0.999554992 74.208038330
0.999533057 -0.002525260 -0.030451635 -1.808659792 0.002457600 0.999994457 -0.002259106 -1.562332511 0.030457171 0.002183213 0.999533713 75.296333313
0.999514997 -0.002961729 -0.031000175 -1.840650558 0.002788944 0.999980330 -0.005615439 -1.590774298 0.031016197 0.005526257 0.999503613 76.382865906
0.999495447 -0.002828932 -0.031636003 -1.879246473 0.002564606 0.999961495 -0.008392705 -1.615299821 0.031658530 0.008307336 0.999464214 77.465217590
0.999471009 -0.001222051 -0.032499675 -1.915368557 0.000964978 0.999968112 -0.007924540 -1.642902374 0.032508321 0.007888987 0.999440312 78.544418335
0.999457836 0.000382045 -0.032921825 -1.961543679 -0.000529127 0.999989927 -0.004459027 -1.664064169 0.032919791 0.004474029 0.999448001 79.626495361
0.999439120 0.001795862 -0.033438992 -2.004057884 -0.001789861 0.999998391 0.000209392 -1.690439939 0.033439316 -0.000149423 0.999440730 80.694931030
0.999423087 0.003143128 -0.033817884 -2.050734043 -0.003084132 0.999993622 0.001796535 -1.713080764 0.033823315 -0.001691199 0.999426425 81.781318665
0.999407947 0.003862049 -0.034187842 -2.097827435 -0.003871612 0.999992490 -0.000213527 -1.731913090 0.034186758 0.000345763 0.999415398 82.842765808
0.999384999 0.002950998 -0.034941588 -2.133632898 -0.003014977 0.999993861 -0.001778459 -1.757149339 0.034936126 0.001882714 0.999387801 83.921325684
0.999374628 0.003091354 -0.035224341 -2.180885077 -0.003170798 0.999992549 -0.002199737 -1.775032878 0.035217278 0.002310051 0.999377012 84.971084595
0.999346435 0.001700632 -0.036107551 -2.213516951 -0.001828790 0.999992132 -0.003516599 -1.803107142 0.036101289 0.003580334 0.999341726 86.047805786
0.999328554 0.001323738 -0.036616176 -2.258191347 -0.001460594 0.999992073 -0.003711074 -1.816183448 0.036610976 0.003762063 0.999322534 87.101058960
0.999317646 0.000702706 -0.036928896 -2.304493189 -0.000800481 0.999996185 -0.002632921 -1.838899732 0.036926903 0.002660685 0.999314427 88.164764404
0.999300122 0.000974911 -0.037393514 -2.349375010 -0.000993741 0.999999404 -0.000484984 -1.865309119 0.037393019 0.000521804 0.999300480 89.213668823
0.999326050 0.001463171 -0.036678560 -2.397503614 -0.001485478 0.999998748 -0.000580939 -1.886080503 0.036677662 0.000635032 0.999326944 90.260475159
0.999380052 0.001678473 -0.035167258 -2.443108797 -0.001729248 0.999997497 -0.001413440 -1.905859590 0.035164796 0.001473376 0.999380469 91.315956116
0.999410987 0.000420959 -0.034315031 -2.479888916 -0.000526636 0.999995172 -0.003070633 -1.927417040 0.034313571 0.003086896 0.999406338 92.362815857
0.999445379 -0.000103882 -0.033299863 -2.519672155 0.000006453 0.999995708 -0.002925918 -1.944985509 0.033300024 0.002924080 0.999441147 93.402343750
0.999476254 -0.000203618 -0.032359924 -2.555960655 0.000142929 0.999998212 -0.001877724 -1.968916297 0.032360248 0.001872115 0.999474525 94.451057434
0.999512017 -0.000694633 -0.031229470 -2.591131449 0.000679987 0.999999642 -0.000479581 -1.992023587 0.031229792 0.000458112 0.999512136 95.487327576
0.999546230 0.001370011 -0.030090535 -2.627924681 -0.001359993 0.999998987 0.000353382 -2.009107113 0.030090990 -0.000312298 0.999547124 96.530662537
0.999604106 0.002319266 -0.028039757 -2.666494370 -0.002292700 0.999996901 0.000979570 -2.026791811 0.028041942 -0.000914896 0.999606311 97.561889648
0.999647141 0.003395200 -0.026345316 -2.700254917 -0.003454635 0.999991596 -0.002210793 -2.045059443 0.026337590 0.002301026 0.999650478 98.610450745
0.999676943 0.003202240 -0.025214039 -2.718455791 -0.003413077 0.999959528 -0.008323317 -2.074976921 0.025186365 0.008406687 0.999647439 99.623764038
0.999720275 0.002782566 -0.023487093 -2.753254652 -0.003113631 0.999896169 -0.014070836 -2.097574949 0.023445500 0.014140030 0.999625087 100.639541626
0.999760449 0.002643497 -0.021728136 -2.781473875 -0.002962372 0.999888182 -0.014656620 -2.133464575 0.021686962 0.014717476 0.999656498 101.662994385
0.999805510 0.004224266 -0.019263819 -2.800286770 -0.004441124 0.999927104 -0.011228418 -2.160491467 0.019214982 0.011311787 0.999751389 102.699874878
0.999869049 0.005004239 -0.015388069 -2.815898657 -0.005073613 0.999977112 -0.004472599 -2.189676046 0.015365334 0.004550087 0.999871612 103.721992493
0.999914110 0.005279866 -0.011996412 -2.828567743 -0.005268439 0.999985635 0.000983951 -2.210046291 0.012001435 -0.000920664 0.999927580 104.747970581
0.999958277 0.002979490 -0.008636928 -2.843264341 -0.002971939 0.999995172 0.000886942 -2.235929012 0.008639529 -0.000861237 0.999962330 105.768646240
0.999975741 0.000734416 -0.006923097 -2.846635818 -0.000782769 0.999975324 -0.006984119 -2.257157326 0.006917797 0.006989370 0.999951661 106.766067505
0.999981225 -0.002020244 -0.005781560 -2.848047733 0.001917566 0.999841332 -0.017710416 -2.285959959 0.005816421 0.017698996 0.999826431 107.758560181
0.999983549 -0.002605102 -0.005108210 -2.857851267 0.002483976 0.999718964 -0.023576802 -2.319937468 0.005168194 0.023563726 0.999708951 108.756935120
0.999988616 -0.001818032 -0.004413996 -2.869404554 0.001702249 0.999658048 -0.026094407 -2.356982231 0.004459927 0.026086597 0.999649763 109.751525879
0.999989867 0.001559913 -0.004224029 -2.888579369 -0.001662130 0.999703228 -0.024304647 -2.396913290 0.004184863 0.024311421 0.999695659 110.753715515
0.999989331 0.002416585 -0.003941557 -2.893057346 -0.002500707 0.999766171 -0.021478847 -2.430449724 0.003888730 0.021488473 0.999761522 111.765106201
0.999972522 0.005869048 -0.004531262 -2.909014940 -0.005938250 0.999863565 -0.015412684 -2.463811398 0.004440186 0.015439168 0.999870956 112.788848877
0.999967694 0.006661111 -0.004498616 -2.927658319 -0.006702301 0.999935210 -0.009203938 -2.492249250 0.004437016 0.009233791 0.999947548 113.813026428
0.999971688 0.004998091 -0.005623180 -2.939798832 -0.005024635 0.999976277 -0.004716391 -2.512564182 0.005599474 0.004744512 0.999973059 114.846580505
0.999955535 0.005474254 -0.007678730 -2.941896439 -0.005470194 0.999984860 0.000549532 -2.534574986 0.007681622 -0.000507503 0.999970376 115.899971008
0.999943733 0.004699074 -0.009509861 -2.953571558 -0.004643273 0.999971926 0.005881390 -2.546570301 0.009537231 -0.005836902 0.999937475 116.958000183
0.999933183 0.003689636 -0.010953304 -2.966976881 -0.003594371 0.999955654 0.008704385 -2.555518389 0.010984935 -0.008664434 0.999902129 118.031295776
0.999926329 0.002031296 -0.011964610 -2.985204935 -0.001967142 0.999983668 0.005371308 -2.559891224 0.011975325 -0.005347377 0.999913990 119.099624634
0.999910891 -0.001770992 -0.013229487 -2.995010138 0.001795885 0.999996662 0.001869989 -2.571568966 0.013226131 -0.001893581 0.999910712 120.174880981
0.999899626 -0.001989562 -0.014026654 -3.017760038 0.001886041 0.999970913 -0.007389688 -2.580681562 0.014040949 0.007362491 0.999874294 121.271255493
0.999884605 -0.004746556 -0.014430076 -3.038035870 0.004491006 0.999833405 -0.017690646 -2.616306067 0.014511641 0.017623797 0.999739349 122.349723816
0.999866903 -0.005962608 -0.015184435 -3.061813116 0.005588643 0.999682903 -0.024552694 -2.641412258 0.015326018 0.024464564 0.999583185 123.454269409
0.999855220 -0.006171748 -0.015858414 -3.080794573 0.005821960 0.999740839 -0.022009235 -2.675404787 0.015990138 0.021913720 0.999632001 124.575126648
0.999860108 -0.005002086 -0.015960475 -3.119485378 0.004735035 0.999848902 -0.016726142 -2.715092897 0.016041730 0.016648229 0.999732733 125.691726685
0.999842405 -0.006295343 -0.016597969 -3.144867897 0.006092637 0.999906600 -0.012235137 -2.740444422 0.016673442 0.012132084 0.999787390 126.820373535
0.999820232 -0.005434287 -0.018165672 -3.162760258 0.005236366 0.999926627 -0.010925171 -2.770230293 0.018223708 0.010828084 0.999775290 127.967895508
0.999818206 -0.004033888 -0.018636145 -3.212455034 0.003788493 0.999905884 -0.013184305 -2.808022022 0.018687576 0.013111305 0.999739408 129.115783691
0.999783039 -0.003736462 -0.020492129 -3.238755941 0.003415622 0.999871373 -0.015669432 -2.833037853 0.020548042 0.015596039 0.999667227 130.274551392
0.999756277 -0.002757900 -0.021904087 -3.275831461 0.002481456 0.999917090 -0.012637819 -2.866698265 0.021937124 0.012580385 0.999680221 131.446487427
0.999717116 -0.003240625 -0.023562161 -3.311030626 0.003069781 0.999968767 -0.007283351 -2.911706209 0.023585027 0.007208960 0.999695837 132.598312378
0.999666333 -0.002537149 -0.025705654 -3.340589285 0.002397277 0.999982178 -0.005470632 -2.935077667 0.025719075 0.005407183 0.999654591 133.758926392
0.999635696 -0.002714502 -0.026854005 -3.382410765 0.002582525 0.999984443 -0.004948098 -2.961843014 0.026867019 0.004876944 0.999627113 134.906768799
0.999588549 -0.002499944 -0.028574295 -3.420427322 0.002349121 0.999983132 -0.005310638 -2.989311934 0.028587090 0.005241329 0.999577582 136.060592651
0.999538422 -0.003086573 -0.030222828 -3.458154440 0.002908740 0.999978185 -0.005926278 -3.016636372 0.030240461 0.005835632 0.999525607 137.206008911
0.999499023 -0.002237851 -0.031570401 -3.508348465 0.002069877 0.999983549 -0.005352272 -3.040304661 0.031581856 0.005284244 0.999487221 138.337295532
0.999475062 -0.001600090 -0.032358054 -3.552316189 0.001489086 0.999992907 -0.003454288 -3.066493034 0.032363351 0.003404291 0.999470353 139.491546631
0.999473155 -0.001259150 -0.032431457 -3.601203680 0.001155340 0.999994159 -0.003219458 -3.088178396 0.032435324 0.003180293 0.999468803 140.623733521
0.999470413 -0.000732880 -0.032531999 -3.636863708 0.000559706 0.999985635 -0.005331988 -3.116413593 0.032535437 0.005310955 0.999456465 141.764251709
0.999451756 -0.000768521 -0.033099107 -3.671051264 0.000510932 0.999969542 -0.007790111 -3.140335083 0.033104084 0.007768929 0.999421716 142.908493042
0.999465168 -0.001291747 -0.032676097 -3.726582289 0.001074826 0.999977291 -0.006655217 -3.170039654 0.032683954 0.006616536 0.999443829 144.028961182
0.999423027 -0.002241848 -0.033890288 -3.767093658 0.002173713 0.999995530 -0.002047165 -3.194564104 0.033894729 0.001972316 0.999423444 145.150787354
0.999362469 -0.003078549 -0.035569895 -3.809844255 0.003147178 0.999993265 0.001873578 -3.214530945 0.035563886 -0.001984328 0.999365449 146.295654297
0.999309182 -0.003269943 -0.037020288 -3.863738298 0.003362865 0.999991357 0.002448050 -3.233446598 0.037011962 -0.002570853 0.999311507 147.425994873
0.999264657 -0.002451515 -0.038264610 -3.908654690 0.002476583 0.999996722 0.000607743 -3.248580217 0.038262993 -0.000702061 0.999267459 148.549316406
0.999216855 -0.001819048 -0.039526783 -3.955822468 0.001713707 0.999994874 -0.002698759 -3.280108452 0.039531488 0.002628908 0.999214888 149.670227051
0.999219358 -0.002082234 -0.039449982 -4.001946926 0.001864253 0.999982774 -0.005561472 -3.301975012 0.039460886 0.005483586 0.999206066 150.773880005
0.999253571 -0.000195558 -0.038630579 -4.052044392 0.000008126 0.999988258 -0.004851991 -3.328783274 0.038631074 0.004848055 0.999241769 151.871215820
0.999314964 -0.001180079 -0.036989372 -4.094367027 0.001052743 0.999993443 -0.003461774 -3.351837397 0.036993213 0.003420462 0.999309659 152.962554932
0.999367416 -0.001596803 -0.035528295 -4.137813568 0.001516134 0.999996185 -0.002297368 -3.376855135 0.035531826 0.002242049 0.999366045 154.034149170
0.999410689 -0.001238631 -0.034303296 -4.177896023 0.001157214 0.999996483 -0.002393193 -3.405957222 0.034306142 0.002352087 0.999408603 155.120651245
0.999453783 -0.001252798 -0.033024363 -4.211549282 0.001154729 0.999994874 -0.002988497 -3.429716110 0.033027936 0.002948731 0.999450088 156.183837891
0.999505341 -0.000326928 -0.031447481 -4.250273228 0.000244897 0.999996543 -0.002612344 -3.450445652 0.031448226 0.002603350 0.999502003 157.252700806
0.999554992 0.000498262 -0.029824996 -4.291827679 -0.000551669 0.999998271 -0.001782478 -3.471827030 0.029824056 0.001798138 0.999553561 158.305953979
0.999604881 0.001464974 -0.028070416 -4.332017422 -0.001508398 0.999997675 -0.001525861 -3.505120277 0.028068118 0.001567599 0.999604762 159.353042603
0.999632299 0.003072309 -0.026942201 -4.363724709 -0.003181835 0.999986827 -0.004023296 -3.528181791 0.026929485 0.004107542 0.999628901 160.384979248
0.999681056 0.001551982 -0.025205854 -4.395815372 -0.001678029 0.999986172 -0.004980321 -3.552851677 0.025197778 0.005021029 0.999669850 161.432815552
0.999714851 0.003960379 -0.023549300 -4.431159973 -0.004123000 0.999967992 -0.006861001 -3.587299109 0.023521373 0.006956138 0.999699116 162.486389160
0.999741793 0.006068858 -0.021898329 -4.462550163 -0.006254958 0.999944806 -0.008439933 -3.617182255 0.021845901 0.008574726 0.999724567 163.512603760
0.999790013 0.001601695 -0.020429293 -4.476655960 -0.001857988 0.999919713 -0.012532576 -3.636823893 0.020407580 0.012567901 0.999712765 164.546295166
0.999833465 0.000264807 -0.018247539 -4.508261681 -0.000461947 0.999941587 -0.010800273 -3.665901184 0.018243613 0.010806904 0.999775171 165.569854736
0.999869585 -0.001409723 -0.016089741 -4.538240910 0.001276971 0.999965072 -0.008257965 -3.700968266 0.016100822 0.008236341 0.999836445 166.583374023
0.999879360 -0.000184994 -0.015530903 -4.556440830 0.000081370 0.999977708 -0.006672466 -3.730183363 0.015531791 0.006670397 0.999857128 167.595565796
0.999886155 0.004065712 -0.014530409 -4.587363243 -0.004239059 0.999919951 -0.011919145 -3.757872820 0.014480787 0.011979383 0.999823391 168.590576172
0.999862015 0.009484763 -0.013636987 -4.622417927 -0.009741700 0.999773920 -0.018899823 -3.786011696 0.013454643 0.019030062 0.999728382 169.608764648
0.999782383 0.015877195 -0.013531811 -4.662598610 -0.016172223 0.999627590 -0.021979451 -3.822798014 0.013177800 0.022193508 0.999666870 170.650070190
0.999738991 0.017611727 -0.014554496 -4.687241077 -0.017891806 0.999652803 -0.019342614 -3.861778736 0.014208786 0.019597972 0.999706984 171.670227051
0.999667764 0.019601693 -0.016736703 -4.713966370 -0.019921137 0.999618351 -0.019137917 -3.891027689 0.016355181 0.019464971 0.999676764 172.698242188
0.999663055 0.017787443 -0.018905805 -4.746763706 -0.018106570 0.999694169 -0.016844831 -3.932315588 0.018600397 0.017181475 0.999679387 173.739501953
0.999729335 0.010526781 -0.020747757 -4.770445347 -0.010865392 0.999808490 -0.016275743 -3.963742256 0.020572452 0.016496770 0.999652267 174.759567261
0.999755085 0.006806032 -0.021058312 -4.813996315 -0.007046658 0.999910474 -0.011373617 -3.993762255 0.020979017 0.011519222 0.999713540 175.776763916
0.999709368 0.006653477 -0.023171173 -4.843833447 -0.006778208 0.999962926 -0.005308668 -4.017043114 0.023134993 0.005464184 0.999717414 176.815353394
0.999664664 0.002453248 -0.025779620 -4.860020161 -0.002340989 0.999987662 0.004383816 -4.032693386 0.025790056 -0.004321997 0.999658048 177.881195068
0.999629200 -0.001675129 -0.027178835 -4.888071060 0.001910611 0.999960840 0.008640497 -4.042497158 0.027163297 -0.008689221 0.999593258 178.940109253
0.999578238 -0.004997776 -0.028607199 -4.914084435 0.005200474 0.999961853 0.007015537 -4.055487156 0.028571047 -0.007161350 0.999566138 180.007949829
0.999515772 -0.004193513 -0.030832758 -4.948333740 0.004214690 0.999990940 0.000621876 -4.063434124 0.030829871 -0.000751526 0.999524355 181.060943604
0.999467075 -0.005139224 -0.032235909 -4.983861923 0.004943764 0.999968946 -0.006140215 -4.078556061 0.032266464 0.005977576 0.999461412 182.127746582
0.999485433 -0.003013719 -0.031934109 -5.029626846 0.002702744 0.999948561 -0.009776695 -4.102983952 0.031961929 0.009685354 0.999442160 183.203262329
0.999550939 -0.003778189 -0.029726796 -5.084205151 0.003413934 0.999918580 -0.012294628 -4.130398273 0.029770827 0.012187621 0.999482453 184.282882690
0.999587715 -0.000150990 -0.028711414 -5.140909672 -0.000219557 0.999916732 -0.012902312 -4.157862186 0.028710973 0.012903296 0.999504447 185.376235962
0.999564409 -0.003366203 -0.029320771 -5.131919861 0.002954885 0.999896765 -0.014060276 -4.180861473 0.029365074 0.013967511 0.999471188 186.506683350
0.999559760 -0.003688768 -0.029439673 -5.174005985 0.003233136 0.999874473 -0.015509412 -4.213326931 0.029493188 0.015407401 0.999446213 187.615875244
0.999565899 -0.004240831 -0.029155480 -5.210359573 0.003784939 0.999870002 -0.015674021 -4.244466305 0.029218160 0.015556866 0.999451995 188.740768433
0.999572814 -0.003385414 -0.029029869 -5.239027977 0.002957284 0.999886394 -0.014778213 -4.277562141 0.029076602 0.014686050 0.999469280 189.878067017
0.999599457 0.000085740 -0.028300092 -5.279444218 -0.000469482 0.999908030 -0.013553396 -4.313831329 0.028296327 0.013561254 0.999507606 191.006820679
0.999632776 0.001679229 -0.027045330 -5.329723835 -0.002011679 0.999922693 -0.012269816 -4.337817669 0.027022636 0.012319718 0.999558926 192.144042969
0.999644578 0.000763912 -0.026647788 -5.353819370 -0.001015966 0.999954879 -0.009446464 -4.371544838 0.026639368 0.009470180 0.999600232 193.284393311
0.999679089 -0.002357484 -0.025221329 -5.397019863 0.002104488 0.999947250 -0.010052876 -4.407787323 0.025243698 0.009996573 0.999631345 194.420822144
0.999678969 -0.004060630 -0.025009872 -5.425422192 0.003688242 0.999881923 -0.014917813 -4.437429428 0.025067495 0.014820782 0.999575913 195.544738770
0.999686062 -0.004812619 -0.024588862 -5.454813480 0.004348191 0.999811828 -0.018906426 -4.475818157 0.024675224 0.018793572 0.999518871 196.670303345
0.999698699 -0.004123330 -0.024197128 -5.480547428 0.003738758 0.999866307 -0.015917087 -4.510186672 0.024259524 0.015821824 0.999580503 197.800186157
0.999722481 -0.001521633 -0.023508970 -5.517491341 0.001267830 0.999940813 -0.010807147 -4.552615643 0.023524024 0.010774342 0.999665201 198.921752930
0.999734402 0.003326662 -0.022804745 -5.552085876 -0.003525701 0.999956012 -0.008693311 -4.580265999 0.022774821 0.008771405 0.999702156 200.033782959
0.999763310 0.003197330 -0.021519301 -5.579485416 -0.003416933 0.999942362 -0.010175905 -4.612558842 0.021485526 0.010247028 0.999716640 201.150909424
0.999751210 0.005985281 -0.021487724 -5.613168716 -0.006192645 0.999934793 -0.009596791 -4.646738529 0.021428883 0.009727470 0.999723077 202.275787354
0.999754369 0.004010220 -0.021798471 -5.638895988 -0.004189125 0.999957860 -0.008167743 -4.674823284 0.021764798 0.008257052 0.999729037 203.398223877
0.999737918 0.004200527 -0.022504518 -5.668243408 -0.004403556 0.999949992 -0.008979767 -4.704519749 0.022465672 0.009076513 0.999706388 204.498901367
0.999732614 0.004611476 -0.022659894 -5.697186947 -0.004814679 0.999948621 -0.008921135 -4.736929417 0.022617592 0.009027850 0.999703407 205.600509644
0.999730885 0.005124489 -0.022625409 -5.731667042 -0.005272132 0.999965191 -0.006470714 -4.763426304 0.022591462 0.006588257 0.999723077 206.697662354
0.999729156 0.006405619 -0.022373697 -5.760690212 -0.006454160 0.999976993 -0.002098067 -4.788371086 0.022359742 0.002241903 0.999747455 207.792251587
0.999747515 0.005896956 -0.021681953 -5.789709568 -0.005894740 0.999982595 0.000166105 -4.821081638 0.021682557 -0.000038253 0.999764919 208.883590698
0.999773741 0.005398916 -0.020574812 -5.819746971 -0.005379277 0.999985039 0.001009726 -4.840534210 0.020579955 -0.000898820 0.999787807 209.936752319
0.999803305 0.003837003 -0.019459184 -5.837778568 -0.003804052 0.999991298 0.001730061 -4.865913391 0.019465651 -0.001655697 0.999809146 210.990707397
0.999823034 0.005252543 -0.018063311 -5.869090557 -0.005244163 0.999986112 0.000511287 -4.892744541 0.018065747 -0.000416469 0.999836743 212.008590698
0.999855399 0.003794134 -0.016575472 -5.882825851 -0.003871989 0.999981582 -0.004667440 -4.915863514 0.016557459 0.004730945 0.999851704 212.996658325
0.999854207 0.005877439 -0.016033590 -5.901014805 -0.006004109 0.999951065 -0.007863592 -4.935384750 0.015986588 0.007958713 0.999840558 213.976226807
0.999859214 0.007685120 -0.014916739 -5.923799515 -0.007799874 0.999940336 -0.007650068 -4.961909294 0.014857057 0.007765339 0.999859452 214.943725586
0.999848068 0.008767409 -0.015066846 -5.940908432 -0.008832543 0.999951899 -0.004261883 -4.987463474 0.015028756 0.004394314 0.999877393 215.906692505
0.999857366 0.007282862 -0.015237097 -5.958406925 -0.007368290 0.999957383 -0.005558022 -5.011630535 0.015195969 0.005669501 0.999868453 216.856475830
0.999870598 0.004234249 -0.015521105 -5.968912125 -0.004355572 0.999960184 -0.007791184 -5.032351494 0.015487498 0.007857779 0.999849200 217.799804688
0.999864697 0.005243393 -0.015591005 -5.987597942 -0.005390910 0.999940932 -0.009434761 -5.054589272 0.015540615 0.009517534 0.999833941 218.739868164
0.999873519 0.006285646 -0.014608336 -6.007441521 -0.006420501 0.999937057 -0.009202817 -5.078402996 0.014549570 0.009295447 0.999850929 219.681091309
0.999889970 0.003581007 -0.014396190 -6.018033981 -0.003694983 0.999961972 -0.007898312 -5.100700378 0.014367358 0.007950637 0.999865174 220.618576050
0.999905407 0.002575191 -0.013508939 -6.037948608 -0.002682128 0.999965191 -0.007903928 -5.125070095 0.013488115 0.007939413 0.999877512 221.553237915
0.999925017 -0.000520729 -0.012234321 -6.046660423 0.000424935 0.999969244 -0.007831275 -5.149079323 0.012238022 0.007825489 0.999894500 222.492401123
0.999941587 -0.001869760 -0.010645732 -6.062184334 0.001783687 0.999965668 -0.008088988 -5.170391560 0.010660492 0.008069527 0.999910593 223.425811768
0.999942780 -0.005042697 -0.009432339 -6.061711788 0.004969714 0.999957681 -0.007745056 -5.198358536 0.009470996 0.007697737 0.999925494 224.355789185
0.999949098 -0.006594523 -0.007637232 -6.068314552 0.006530005 0.999943018 -0.008442093 -5.227097988 0.007692469 0.008391791 0.999935210 225.289978027
0.999969542 -0.005794394 -0.005224725 -6.088743687 0.005749828 0.999947309 -0.008504928 -5.252625465 0.005273731 0.008474628 0.999950171 226.210739136
0.999983490 -0.004143442 -0.003988795 -6.084842205 0.004104288 0.999943793 -0.009774805 -5.273343563 0.004029072 0.009758272 0.999944270 227.152969360
0.999942899 -0.010587689 -0.001460003 -6.090916157 0.010572461 0.999893427 -0.010069969 -5.295340061 0.001566465 0.010053959 0.999948204 228.076950073
0.999954283 -0.009548822 -0.000527683 -6.086848259 0.009539144 0.999826133 -0.016021309 -5.334838867 0.000680576 0.016015543 0.999871492 229.014556885
0.999952734 -0.009721598 0.000111287 -6.087436199 0.009721236 0.999620378 -0.025779445 -5.371351242 0.000139373 0.025779309 0.999667645 229.942352295
0.999912083 -0.013022499 -0.002501755 -6.086606979 0.012928683 0.999323428 -0.034432404 -5.399168968 0.002948458 0.034397032 0.999403894 230.865264893
0.999889910 -0.013553089 -0.006044538 -6.107878685 0.013326354 0.999259591 -0.036093231 -5.444307327 0.006529237 0.036008704 0.999330163 231.773391724
0.999879539 -0.009970765 -0.011895102 -6.123557091 0.009592582 0.999459684 -0.031437442 -5.489491940 0.012202130 0.031319547 0.999434948 232.723327637
0.999769092 -0.008630448 -0.019679062 -6.159987926 0.008104554 0.999612033 -0.026648438 -5.530179501 0.019901415 0.026482794 0.999451160 233.669723511
0.999580503 -0.006594037 -0.028202403 -6.197772026 0.006113519 0.999835253 -0.017090606 -5.565299034 0.028310454 0.016911019 0.999456108 234.606155396
0.999315500 -0.001406294 -0.036966167 -6.241339207 0.001140373 0.999973357 -0.007213716 -5.589489460 0.036975324 0.007166623 0.999290466 235.571685791
0.999022067 0.000876222 -0.044206202 -6.294663429 -0.000864657 0.999999583 0.000280727 -5.617636681 0.044206433 -0.000242229 0.999022365 236.539855957
0.998748600 -0.000391211 -0.050010923 -6.351670742 0.000548349 0.999994934 0.003128404 -5.628968239 0.050009448 -0.003151912 0.998743773 237.509780884
0.998459816 0.000342263 -0.055478856 -6.403884888 -0.000269094 0.999999106 0.001326322 -5.642977715 0.055479258 -0.001309350 0.998458982 238.492706299
0.998333216 0.008368186 -0.057103481 -6.473976135 -0.008415811 0.999964416 -0.000593575 -5.656065464 0.057096481 0.001073158 0.998368084 239.494323730
0.998411357 0.009497592 -0.055538554 -6.535976887 -0.009832817 0.999935031 -0.005765731 -5.671016216 0.055480182 0.006302672 0.998439908 240.498489380
0.998631001 0.007273448 -0.051799279 -6.601759911 -0.007592726 0.999953330 -0.005969645 -5.695083618 0.051753443 0.006354770 0.998639703 241.491455078
0.998783290 0.003211804 -0.049210366 -6.651360512 -0.003622446 0.999959350 -0.008257709 -5.708815575 0.049181841 0.008425924 0.998754323 242.511718750
0.998854518 0.000460480 -0.047848184 -6.694752693 -0.000898918 0.999957800 -0.009141989 -5.733179569 0.047841955 0.009174529 0.998812795 243.544540405
0.998928964 -0.005736759 -0.045912549 -6.732364655 0.005141125 0.999901235 -0.013080816 -5.762217045 0.045983054 0.012830764 0.998859823 244.605789185
0.998985589 -0.006776835 -0.044518139 -6.780664444 0.005989235 0.999823630 -0.017801290 -5.783907413 0.044630922 0.017516604 0.998849988 245.655929565
0.999078512 -0.006730712 -0.042389646 -6.832362175 0.005894629 0.999786258 -0.019817946 -5.823535442 0.042513974 0.019549813 0.998904586 246.725997925
0.999137402 -0.005103085 -0.041211288 -6.888432503 0.004356749 0.999825239 -0.018179541 -5.854209900 0.041296858 0.017984312 0.998985052 247.808563232
0.999171913 -0.003657196 -0.040523462 -6.928766727 0.003096695 0.999898791 -0.013885670 -5.887213230 0.040570144 0.013748683 0.999082088 248.921218872
0.999206424 -0.002727577 -0.039737791 -6.979121685 0.002304205 0.999940157 -0.010696050 -5.917397976 0.039764587 0.010595998 0.999152899 250.035507202
0.999232531 -0.005892989 -0.038725719 -7.023383617 0.005540868 0.999942362 -0.009193743 -5.942654133 0.038777668 0.008972112 0.999207556 251.167831421
0.999245405 -0.008721117 -0.037849464 -7.061285496 0.008372763 0.999921203 -0.009352441 -5.976150036 0.037928045 0.009028479 0.999239683 252.311431885
0.999235988 -0.012335057 -0.037084218 -7.104764462 0.011872837 0.999849379 -0.012658568 -6.002636433 0.037234776 0.012208602 0.999231994 253.457748413
0.999214351 -0.012457836 -0.037622407 -7.140618801 0.011823851 0.999785125 -0.017027030 -6.033648491 0.037826441 0.016568810 0.999146938 254.630722046
0.999192297 -0.015148345 -0.037218820 -7.186214924 0.014406935 0.999693990 -0.020108387 -6.068731785 0.037512042 0.019555936 0.999104798 255.789276123
0.999270797 -0.011615627 -0.036371969 -7.246216774 0.011015161 0.999800444 -0.016666116 -6.102551460 0.036558297 0.016253321 0.999199331 256.952880859
0.999329209 -0.009562354 -0.035350651 -7.306372643 0.009191354 0.999901116 -0.010642515 -6.136821747 0.035448920 0.010310456 0.999318302 258.115417480
0.999293506 -0.010675607 -0.036034860 -7.332592487 0.010439186 0.999922752 -0.006742678 -6.171653271 0.036104061 0.006361740 0.999327779 259.332489014
0.999319077 -0.009022237 -0.035776742 -7.379699230 0.008877972 0.999951839 -0.004189184 -6.200017929 0.035812814 0.003868707 0.999351025 260.522338867
0.999344289 -0.008148074 -0.035279397 -7.427978516 0.008006592 0.999959350 -0.004149752 -6.226630211 0.035311773 0.003864563 0.999368846 261.692565918
0.999354184 -0.007374828 -0.035168532 -7.474159241 0.007262993 0.999968171 -0.003306675 -6.251501560 0.035191800 0.003049111 0.999375939 262.869689941
0.999370337 -0.005516028 -0.035050720 -7.520751953 0.005280151 0.999962807 -0.006818628 -6.280483723 0.035087030 0.006629261 0.999362290 264.046905518
0.999371648 -0.007989950 -0.034532376 -7.562143803 0.007660506 0.999924004 -0.009661932 -6.307263851 0.034606948 0.009391326 0.999356866 265.210418701
0.999379814 -0.007384433 -0.034431111 -7.609156132 0.006959916 0.999898493 -0.012433055 -6.340728760 0.034519427 0.012185707 0.999329746 266.363403320
0.999390304 -0.007972626 -0.033992164 -7.651811123 0.007520725 0.999881923 -0.013401469 -6.376674175 0.034094997 0.013137653 0.999332249 267.517456055
0.999351084 -0.012381637 -0.033823960 -7.688014030 0.012004534 0.999863744 -0.011329401 -6.409113884 0.033959627 0.010916009 0.999363601 268.683044434
0.999350071 -0.013131716 -0.033570077 -7.731146336 0.012927846 0.999896705 -0.006282830 -6.441591263 0.033649113 0.005844758 0.999416590 269.823364258
0.999371469 -0.011482476 -0.033538800 -7.768589020 0.011400208 0.999931514 -0.002643129 -6.473193645 0.033566851 0.002259118 0.999433935 270.966339111
0.999396026 -0.008770913 -0.033625484 -7.810077190 0.008613167 0.999951243 -0.004833241 -6.501179218 0.033666234 0.004540700 0.999422789 272.100799561
0.999458253 -0.005153920 -0.032505244 -7.869357109 0.004869267 0.999949157 -0.008830211 -6.523316383 0.032549102 0.008667151 0.999432564 273.239196777
0.999492824 -0.000732649 -0.031835772 -7.909727573 0.000441382 0.999957979 -0.009155124 -6.559623241 0.031841144 0.009136430 0.999451160 274.342681885
0.999512851 0.000475190 -0.031206088 -7.960888863 -0.000744107 0.999962687 -0.008606398 -6.586433411 0.031200835 0.008625426 0.999475896 275.508819580
0.999489069 0.000047321 -0.031962343 -7.994447231 -0.000271544 0.999975383 -0.007010924 -6.621980667 0.031961225 0.007016021 0.999464512 276.636444092
0.999462903 -0.002522066 -0.032673918 -8.035369873 0.002375638 0.999986947 -0.004519540 -6.646073818 0.032684892 0.004439491 0.999455869 277.738372803
0.999416590 -0.003495199 -0.033974454 -8.079108238 0.003449337 0.999993086 -0.001408423 -6.673692703 0.033979140 0.001290412 0.999421716 278.829162598
0.999365687 -0.004663273 -0.035304934 -8.113807678 0.004625193 0.999988616 -0.001160188 -6.706995010 0.035309941 0.000996160 0.999375939 279.926055908
0.999321163 -0.004145993 -0.036605582 -8.158723831 0.004005810 0.999984384 -0.003902079 -6.731864929 0.036621187 0.003752796 0.999322176 280.988891602
0.999272704 -0.003426070 -0.037977677 -8.200407982 0.003224290 0.999980390 -0.005373100 -6.758248806 0.037995338 0.005246741 0.999264121 282.036590576
0.999228895 -0.002100401 -0.039207898 -8.251157761 0.001907378 0.999985874 -0.004959836 -6.787674427 0.039217763 0.004881227 0.999218762 283.075134277
0.999164999 -0.002258636 -0.040794976 -8.292580605 0.002116613 0.999991536 -0.003524244 -6.813959122 0.040802594 0.003434954 0.999161303 284.098815918
0.999093711 -0.002789618 -0.042473868 -8.336916924 0.002829164 0.999995589 0.000870974 -6.838770866 0.042471252 -0.000990350 0.999097228 285.107360840
0.999060214 -0.001907246 -0.043301806 -8.389352798 0.002196923 0.999975502 0.006643124 -6.859879017 0.043288078 -0.006732012 0.999039948 286.105957031
0.999014497 -0.002279876 -0.044326115 -8.430609703 0.002692329 0.999953628 0.009247486 -6.875986576 0.044302978 -0.009357712 0.998974323 287.080657959
0.998984635 -0.001647148 -0.045022141 -8.475233078 0.001954258 0.999975145 0.006778158 -6.896501541 0.045009855 -0.006859261 0.998962998 288.040954590
0.998981178 -0.000812122 -0.045122121 -8.533436775 0.000874293 0.999998689 0.001358121 -6.913457870 0.045120958 -0.001396187 0.998980582 288.994171143
0.998954833 -0.001563397 -0.045681413 -8.584084511 0.001443796 0.999995470 -0.002651026 -6.928786278 0.045685351 0.002582300 0.998952568 289.935119629
0.998923242 -0.002788042 -0.046309818 -8.626969337 0.002628493 0.999990404 -0.003505802 -6.944568634 0.046319146 0.003380302 0.998920977 290.900268555
0.998911738 -0.002920323 -0.046548419 -8.670455933 0.002795380 0.999992311 -0.002749024 -6.971731663 0.046556089 0.002615912 0.998912275 291.843383789
0.998928249 -0.002737634 -0.046204437 -8.722870827 0.002654404 0.999994755 -0.001862597 -6.989679337 0.046209294 0.001737956 0.998930275 292.786987305
0.999002576 -0.000377374 -0.044651650 -8.778845787 0.000292037 0.999998093 -0.001917689 -7.011667252 0.044652291 0.001902736 0.999000788 293.731292725
0.999073923 0.001663684 -0.042993940 -8.812099457 -0.001863832 0.999987602 -0.004615605 -7.038365364 0.042985730 0.004691465 0.999064684 294.655456543
0.999152482 0.005182923 -0.040833782 -8.861989021 -0.005637324 0.999923408 -0.011020800 -7.058121681 0.040773533 0.011241653 0.999105155 295.579650879
0.999222398 0.008076707 -0.038592152 -8.908056259 -0.008682258 0.999841392 -0.015549288 -7.081692219 0.038460445 0.015872264 0.999134064 296.520050049
0.999282300 0.009718566 -0.036612667 -8.943178177 -0.010382185 0.999784470 -0.017979061 -7.114233494 0.036430046 0.018346276 0.999167800 297.443267822
0.999349952 0.012966620 -0.033638675 -8.988671303 -0.013563795 0.999753356 -0.017585596 -7.141598701 0.033402354 0.018030433 0.999279320 298.369812012
0.999427974 0.014787099 -0.030415697 -9.033527374 -0.015306761 0.999739587 -0.016924011 -7.172978878 0.030157521 0.017379895 0.999394059 299.318511963
0.999504149 0.014937514 -0.027717961 -9.053812981 -0.015336667 0.999780893 -0.014244252 -7.206193924 0.027499115 0.014662290 0.999514282 300.263793945
0.999635518 0.011521286 -0.024415703 -9.072680473 -0.011856093 0.999837041 -0.013612662 -7.234660149 0.024254890 0.013897175 0.999609232 301.201416016
0.999718666 0.010413354 -0.021312058 -9.098017693 -0.010647749 0.999883771 -0.010914455 -7.265919209 0.021195924 0.011138310 0.999713302 302.140045166
0.999787152 0.010002249 -0.018044291 -9.119918823 -0.010206510 0.999884486 -0.011263640 -7.285996437 0.017929545 0.011445411 0.999773741 303.107971191
0.999848425 0.009113504 -0.014835485 -9.138148308 -0.009264113 0.999905944 -0.010115136 -7.310657978 0.014741905 0.010251041 0.999838769 304.060913086
0.999887347 0.009434212 -0.011673345 -9.148256302 -0.009530481 0.999920785 -0.008218925 -7.326901913 0.011594882 0.008329251 0.999898076 305.027618408
0.999907494 0.010887672 -0.008151735 -9.165632248 -0.010926425 0.999929130 -0.004724526 -7.354003906 0.008099719 0.004813159 0.999955595 306.013488770
0.999909818 0.012750683 -0.004210099 -9.172763824 -0.012767094 0.999910891 -0.003894397 -7.374882698 0.004160068 0.003947797 0.999983549 306.992431641
0.999900103 0.014127914 -0.000406296 -9.178347588 -0.014130703 0.999868393 -0.007967348 -7.390861511 0.000293681 0.007972294 0.999968171 307.975830078
0.999896467 0.013886611 0.003776727 -9.178029060 -0.013843372 0.999840975 -0.011243640 -7.408009052 -0.003932262 0.011190193 0.999929667 308.967102051
0.999912322 0.010837104 0.007611895 -9.170097351 -0.010771685 0.999905169 -0.008583344 -7.426848888 -0.007704191 0.008500597 0.999934196 309.978454590
0.999884129 0.009461608 0.011927468 -9.164549828 -0.009400757 0.999942541 -0.005147586 -7.447975159 -0.011975487 0.005034862 0.999915600 310.995819092
0.999852180 0.007093737 0.015660483 -9.153309822 -0.006944682 0.999930263 -0.009551855 -7.467281342 -0.015727149 0.009441686 0.999831736 312.019104004
0.999789774 0.006956772 0.019287640 -9.127956390 -0.006587637 0.999795198 -0.019136366 -7.493855000 -0.019416817 0.019005282 0.999630809 313.068786621
0.999702632 0.006287116 0.023561666 -9.108452797 -0.005711072 0.999685049 -0.024436379 -7.529142380 -0.023707880 0.024294550 0.999423683 314.102111816
0.999579728 0.007108018 0.028104698 -9.095166206 -0.006482349 0.999730527 -0.022290876 -7.550756454 -0.028255569 0.022099324 0.999356389 315.147064209
0.999459267 0.007437820 0.032028016 -9.055559158 -0.006979119 0.999871790 -0.014409936 -7.595951080 -0.032131087 0.014178617 0.999383092 316.249328613
0.999298930 0.007574013 0.036664102 -9.026332855 -0.007094866 0.999887943 -0.013181079 -7.626755238 -0.036759827 0.012911712 0.999240696 317.321319580
0.999112666 0.008021590 0.041345999 -8.993865013 -0.007315890 0.999825478 -0.017191300 -7.651299953 -0.041476682 0.016873565 0.998996973 318.397247314
0.998955071 0.007556492 0.045073956 -8.943178177 -0.006631347 0.999764979 -0.020639371 -7.686249256 -0.045219325 0.020318903 0.998770416 319.488800049
0.998757660 0.009183320 0.048977688 -8.884220123 -0.008039354 0.999691427 -0.023502953 -7.728274822 -0.049178410 0.023080004 0.998523295 320.578613281
0.998531282 0.009509076 0.053336821 -8.829774857 -0.008150109 0.999638021 -0.025638863 -7.770113468 -0.053561319 0.025166506 0.998247385 321.675354004
0.998302758 0.009684892 0.057426747 -8.769058228 -0.008235431 0.999642849 -0.025423344 -7.810545921 -0.057652459 0.024907261 0.998025954 322.785522461
0.998022735 0.010220133 0.062017113 -8.707793236 -0.009025609 0.999768913 -0.019510860 -7.856425285 -0.062202185 0.018912541 0.997884393 323.896606445
0.997764051 0.008977088 0.066229537 -8.636461258 -0.008046580 0.999865353 -0.014303149 -7.890468597 -0.066349015 0.013738247 0.997701883 325.039367676
0.997457802 0.008134733 0.070793495 -8.561667442 -0.007286311 0.999898612 -0.012234466 -7.915604591 -0.070885845 0.011687540 0.997415960 326.158752441
0.997211158 0.007309828 0.074273303 -8.480362892 -0.006493492 0.999915898 -0.011226526 -7.943406105 -0.074349120 0.010712923 0.997174740 327.303436279
0.997009218 0.004221653 0.077167019 -8.387983322 -0.003369420 0.999931931 -0.011170866 -7.979542732 -0.077208929 0.010877448 0.996955574 328.446319580
0.996863484 0.002377867 0.079104424 -8.302402496 -0.001230719 0.999893427 -0.014547281 -8.012476921 -0.079130590 0.014404299 0.996760190 329.578918457
0.996823788 0.002676440 0.079594158 -8.211640358 -0.001169070 0.999819219 -0.018978769 -8.046669006 -0.079630569 0.018825436 0.996646643 330.733093262
0.996721148 0.002626396 0.080870241 -8.124054909 -0.000889778 0.999768376 -0.021502690 -8.084166527 -0.080907986 0.021360230 0.996492684 331.885620117
0.996658385 0.002866420 0.081632726 -8.037014961 -0.001236695 0.999799073 -0.020007687 -8.119635582 -0.081673674 0.019839874 0.996461630 333.048461914
0.996584475 0.003256703 0.082515553 -7.947429180 -0.001892714 0.999860346 -0.016602919 -8.158931732 -0.082558103 0.016390031 0.996451497 334.208526611
0.996539474 0.001834252 0.083100840 -7.856625080 -0.000552219 0.999880552 -0.015447796 -8.190519333 -0.083119243 0.015348448 0.996421397 335.387908936
0.996556759 -0.000104577 0.082913481 -7.756538391 0.001502784 0.999857724 -0.016801214 -8.222523689 -0.082899928 0.016867964 0.996415138 336.575531006
0.996575058 -0.000740674 0.082689553 -7.657791138 0.002274125 0.999827147 -0.018452022 -8.262298584 -0.082661599 0.018576873 0.996404529 337.776214600
0.996614575 -0.001825404 0.082195051 -7.564398766 0.003386271 0.999816477 -0.018854395 -8.301353455 -0.082145557 0.019068900 0.996437907 338.983306885
0.996644735 -0.001745227 0.081830680 -7.476309299 0.003182498 0.999842882 -0.017436817 -8.338413239 -0.081787392 0.017638737 0.996493697 340.191314697
0.996676564 -0.003553046 0.081383012 -7.379812717 0.004629653 0.999904215 -0.013044013 -8.382063866 -0.081328869 0.013377437 0.996597528 341.381622314
0.996737659 -0.005367926 0.080531195 -7.286927223 0.006078188 0.999944746 -0.008577171 -8.415549278 -0.080480702 0.009038673 0.996715188 342.578216553
0.996804416 -0.005666754 0.079680003 -7.193046570 0.006257085 0.999954760 -0.007161040 -8.448437691 -0.079635821 0.007636721 0.996794760 343.778778076
0.996858299 -0.007132010 0.078883953 -7.101833344 0.007878144 0.999927104 -0.009151462 -8.475634575 -0.078812934 0.009744169 0.996841788 344.967163086
0.996916831 -0.005333077 0.078284197 -7.017662525 0.006229491 0.999917746 -0.011211039 -8.513634682 -0.078217968 0.011664144 0.996868074 346.166625977
0.997014523 -0.002879820 0.077160828 -6.940474510 0.003878922 0.999910533 -0.012801567 -8.545432091 -0.077117056 0.013062648 0.996936500 347.338897705
0.997126639 -0.001846568 0.075730056 -6.853886127 0.002854564 0.999908745 -0.013204297 -8.583991051 -0.075698763 0.013382533 0.997040927 348.535339355
0.997230113 -0.002340792 0.074340947 -6.763583660 0.003297539 0.999913275 -0.012749581 -8.620165825 -0.074304663 0.012959408 0.997151375 349.723907471
0.997311831 -0.000928842 0.073268235 -6.689052582 0.001788560 0.999930322 -0.011669100 -8.655752182 -0.073252290 0.011768777 0.997244000 350.910461426
0.997390509 0.000503829 0.072193883 -6.613578796 0.000347173 0.999930620 -0.011774705 -8.699682236 -0.072194807 0.011769042 0.997321129 352.078063965
0.997467935 0.002483936 0.071074538 -6.541182518 -0.001549992 0.999911785 -0.013192468 -8.730574608 -0.071101040 0.013048898 0.997383773 353.240783691
0.997541964 0.003768481 0.069969833 -6.470594883 -0.002841569 0.999906957 -0.013342113 -8.767592430 -0.070013598 0.013110494 0.997459888 354.433715820
0.997678757 0.003279034 0.068017639 -6.392978668 -0.002489569 0.999928594 -0.011688282 -8.812327385 -0.068051115 0.011491816 0.997615635 355.584197998
0.997830868 0.002354317 0.065787472 -6.319822311 -0.001581985 0.999929249 -0.011789427 -8.847648621 -0.065810576 0.011659781 0.997763991 356.740997314
0.997980177 0.001741230 0.063502073 -6.252451897 -0.000676131 0.999858797 -0.016790299 -8.881544113 -0.063522339 0.016713450 0.997840464 357.896240234
0.998099029 -0.001158530 0.061619464 -6.191526890 0.002459110 0.999775708 -0.021034993 -8.922389984 -0.061581276 0.021146536 0.997878015 359.026702881
0.998204708 -0.004669313 0.059712075 -6.123628616 0.005696819 0.999838412 -0.017049039 -8.959161758 -0.059622820 0.017358599 0.998070061 360.171325684
0.998309672 -0.005319192 0.057874639 -6.059328556 0.005669029 0.999966621 -0.005882242 -8.998122215 -0.057841420 0.006200393 0.998306513 361.328338623
0.998363733 -0.004414138 0.057012375 -5.997632980 0.004296650 0.999988377 0.002183164 -9.025586128 -0.057021350 -0.001934629 0.998371065 362.482391357
0.998397291 -0.003663141 0.056474876 -5.944799423 0.003397359 0.999982715 0.004801506 -9.047165871 -0.056491487 -0.004601945 0.998392463 363.607971191
0.998441458 0.002962161 0.055730693 -5.894513607 -0.003025435 0.999994874 0.001051029 -9.065748215 -0.055727292 -0.001218001 0.998445272 364.731292725
0.998439908 0.009399090 0.055039581 -5.849977970 -0.008986581 0.999929667 -0.007737477 -9.091704369 -0.055108435 0.007230789 0.998454213 365.854034424
0.998447120 0.012654911 0.054251622 -5.800127029 -0.011975768 0.999846041 -0.012825272 -9.118907928 -0.054405574 0.012155651 0.998444915 366.967834473
0.998384178 0.016077150 0.054502837 -5.755688667 -0.015454437 0.999810636 -0.011827651 -9.148805618 -0.054682668 0.010966229 0.998443544 368.063629150
0.998394668 0.018939080 0.053379815 -5.703072548 -0.018557521 0.999798656 -0.007634636 -9.184465408 -0.053513661 0.006631783 0.998545110 369.175567627
0.998408854 0.021008482 0.052329794 -5.656056881 -0.020788612 0.999772668 -0.004742441 -9.208818436 -0.052417528 0.003647032 0.998618603 370.278320312
0.998464346 0.021754213 0.050948132 -5.604620457 -0.021598751 0.999760211 -0.003600037 -9.235553741 -0.051014233 0.002494093 0.998694837 371.360107422
0.998513877 0.023549022 0.049147040 -5.564589024 -0.023323784 0.999714673 -0.005151514 -9.261400223 -0.049254328 0.003997564 0.998778284 372.436614990
