1.000000000 0.000000000 0.000000000 0.000000000 0.000000000 1.000000000 0.000000000 0.000000000 0.000000000 0.000000000 1.000000000 0.000000000
0.999997735 -0.001587038 -0.001426953 -0.003945305 0.001585690 0.999998271 -0.000945276 -0.008014653 0.001428451 0.000943011 0.999998510 0.559290349
0.999995351 -0.001837828 -0.002440122 -0.006507321 0.001831629 0.999995112 -0.002540213 -0.017948899 0.002444778 0.002535731 0.999993801 1.112323880
0.999988019 -0.002394072 -0.004263415 -0.016040903 0.002379544 0.999991357 -0.003409388 -0.037255000 0.004271541 0.003399202 0.999985099 1.676310062
0.999971449 -0.004114031 -0.006342655 -0.017753387 0.004078603 0.999976039 -0.005588456 -0.040766764 0.006365494 0.005562427 0.999964297 2.250091076
0.999948740 -0.006986804 -0.007332073 -0.033301115 0.006935405 0.999951363 -0.007012331 -0.066039570 0.007380710 0.006961121 0.999948561 2.798048258
0.999929845 -0.008210538 -0.008538191 -0.045367748 0.008144636 0.999936998 -0.007724809 -0.076885581 0.008601078 0.007654727 0.999933720 3.369199038
0.999915481 -0.008387796 -0.009930746 -0.055872414 0.008318884 0.999941170 -0.006960253 -0.090828769 0.009988543 0.006877052 0.999926448 3.948111773
0.999901056 -0.008643550 -0.011100184 -0.063063517 0.008560947 0.999935448 -0.007467622 -0.104280010 0.011164014 0.007371855 0.999910533 4.539299965
0.999895453 -0.008015290 -0.012033612 -0.079351127 0.007893297 0.999917328 -0.010151215 -0.120205455 0.012113981 0.010055169 0.999876082 5.131737709
0.999888122 -0.006277216 -0.013578448 -0.087046966 0.006088013 0.999884427 -0.013930767 -0.136514887 0.013664326 0.013846542 0.999810755 5.739581585
0.999874830 -0.005148489 -0.014961099 -0.099523149 0.004885579 0.999833941 -0.017556680 -0.150845587 0.015049005 0.017481389 0.999733925 6.348686695
0.999866247 -0.003352986 -0.016009292 -0.115558445 0.003074172 0.999843717 -0.017408762 -0.164994135 0.016065162 0.017357217 0.999720275 6.975110054
0.999852419 -0.000862586 -0.017158249 -0.131923005 0.000678219 0.999942005 -0.010748032 -0.171785057 0.017166525 0.010734810 0.999795020 7.616118431
0.999846876 0.000387067 -0.017496590 -0.160315961 -0.000393027 0.999999881 -0.000337213 -0.187617153 0.017496457 0.000344038 0.999846876 8.287093163
0.999822259 0.000776625 -0.018838657 -0.167642221 -0.000656560 0.999979436 0.006378681 -0.197809115 0.018843222 -0.006365179 0.999802172 8.976069450
0.999790847 0.003591394 -0.020134734 -0.186590880 -0.003484790 0.999979734 0.005327088 -0.213046625 0.020153457 -0.005255809 0.999783099 9.662736893
0.999772012 0.005129806 -0.020728061 -0.210313901 -0.005163992 0.999985397 -0.001596082 -0.219951540 0.020719571 0.001702757 0.999783874 10.348696709
0.999747872 0.005152664 -0.021855095 -0.233790115 -0.005319302 0.999957144 -0.007573413 -0.223921090 0.021815136 0.007687758 0.999732435 11.060783386
0.999733031 0.002409448 -0.022979168 -0.253321022 -0.002552401 0.999977589 -0.006193689 -0.223048076 0.022963731 0.006250687 0.999716759 11.809107780
0.999728739 0.001312567 -0.023254426 -0.273009121 -0.001240339 0.999994338 0.003120143 -0.231227010 0.023258390 -0.003090453 0.999724686 12.572132111
0.999721527 0.001383349 -0.023557296 -0.300035208 -0.001140308 0.999945998 0.010327333 -0.235731080 0.023570312 -0.010297594 0.999669135 13.356527328
0.999708831 0.000573171 -0.024123967 -0.320856065 -0.000259094 0.999915183 0.013020392 -0.243578747 0.024129383 -0.013010350 0.999624193 14.147732735
0.999703526 -0.001303436 -0.024314430 -0.343927532 0.001591477 0.999928772 0.011830925 -0.240066662 0.024297277 -0.011866113 0.999634326 14.958842278
0.999723256 -0.001664095 -0.023466403 -0.371825844 0.001881847 0.999955356 0.009260282 -0.236696526 0.023449944 -0.009301879 0.999681711 15.779942513
0.999727666 0.000631514 -0.023327680 -0.393480718 -0.000493494 0.999982357 0.005921830 -0.236719012 0.023331007 -0.005908705 0.999710321 16.625753403
0.999745011 -0.002507739 -0.022440692 -0.414919078 0.002520009 0.999996662 0.000518506 -0.245584488 0.022439318 -0.000574925 0.999748051 17.482995987
0.999756515 -0.005116910 -0.021464696 -0.432900786 0.004993617 0.999970734 -0.005793668 -0.255862206 0.021493714 0.005685071 0.999752820 18.355846405
0.999789894 -0.003821169 -0.020137947 -0.460927278 0.003599331 0.999932587 -0.011040684 -0.268198043 0.020178778 0.010965881 0.999736249 19.245702744
0.999798000 -0.002508330 -0.019941790 -0.487949818 0.002268233 0.999924779 -0.012053410 -0.282080680 0.019970523 0.012005743 0.999728501 20.161783218
0.999786854 -0.002212706 -0.020525625 -0.507485569 0.001978846 0.999933004 -0.011406848 -0.301088780 0.020549489 0.011363801 0.999724269 21.093803406
0.999785960 -0.000985652 -0.020664224 -0.521700561 0.000717813 0.999915719 -0.012964924 -0.325235307 0.020675261 0.012947316 0.999702394 22.023023605
0.999786437 0.001827038 -0.020586427 -0.549025595 -0.002135617 0.999885559 -0.014977455 -0.345926791 0.020556707 0.015018221 0.999675870 22.972467422
0.999769926 0.005196062 -0.020811571 -0.579521835 -0.005523561 0.999861360 -0.015709946 -0.368121505 0.020727055 0.015821286 0.999659956 23.938575745
0.999758303 0.007565732 -0.020641470 -0.608830333 -0.007890306 0.999845803 -0.015688540 -0.398051828 0.020519594 0.015847616 0.999663830 24.918586731
0.999744117 0.007900965 -0.021195319 -0.628029585 -0.008234015 0.999843299 -0.015672378 -0.426487029 0.021068169 0.015842890 0.999652505 25.899677277
0.999746740 0.008057431 -0.021013569 -0.656486750 -0.008386881 0.999842584 -0.015637275 -0.452001870 0.020884264 0.015809553 0.999656916 26.891389847
0.999722838 0.009787761 -0.021412119 -0.691593051 -0.010102520 0.999841750 -0.014641578 -0.481914371 0.021265423 0.014853836 0.999663532 27.901023865
0.999713600 0.010023984 -0.021729929 -0.707095563 -0.010295934 0.999869645 -0.012439450 -0.511754036 0.021602403 0.012659618 0.999686480 28.898782730
0.999704897 0.010697751 -0.021811182 -0.740422547 -0.010942690 0.999878049 -0.011141680 -0.539429545 0.021689331 0.011377065 0.999700010 29.918069839
0.999699354 0.010635921 -0.022093639 -0.766385376 -0.010901988 0.999869049 -0.011957418 -0.570525467 0.021963568 0.012194688 0.999684393 30.942234039
0.999678552 0.011884810 -0.022395989 -0.791559577 -0.012179022 0.999840736 -0.013046501 -0.594866276 0.022237366 0.013315069 0.999664068 31.995742798
0.999674916 0.011524945 -0.022742864 -0.823254526 -0.011802665 0.999856949 -0.012115113 -0.622366130 0.022599986 0.012379602 0.999667943 33.027515411
0.999659061 0.010951161 -0.023703014 -0.845956624 -0.011190564 0.999887466 -0.009991135 -0.641321838 0.023590932 0.010252979 0.999669135 34.076377869
0.999644220 0.011682859 -0.023977095 -0.877129972 -0.011832423 0.999911368 -0.006105416 -0.664684653 0.023903640 0.006386951 0.999693871 35.136833191
0.999631941 0.011558102 -0.024543950 -0.905747771 -0.011650017 0.999925613 -0.003605215 -0.691330671 0.024500456 0.003889825 0.999692261 36.205570221
0.999625504 0.011253874 -0.024943057 -0.938913822 -0.011340677 0.999930084 -0.003341344 -0.707206130 0.024903711 0.003622964 0.999683261 37.271678925
0.999621868 0.010950879 -0.025222695 -0.970823348 -0.011076628 0.999926865 -0.004851206 -0.724995792 0.025167724 0.005128754 0.999670088 38.345729828
0.999588490 0.011088978 -0.026455812 -1.001557469 -0.011238137 0.999921739 -0.005496069 -0.744425893 0.026392797 0.005791122 0.999634862 39.439395905
0.999591231 0.010779399 -0.026478704 -1.047000408 -0.010904977 0.999929965 -0.004602746 -0.761131823 0.026427235 0.004889614 0.999638796 40.523082733
0.999567986 0.010857592 -0.027312690 -1.080932260 -0.010924034 0.999937713 -0.002284601 -0.786497951 0.027286183 0.002581979 0.999624312 41.615993500
0.999554992 0.011220295 -0.027640205 -1.122519016 -0.011214025 0.999937057 0.000381821 -0.807613611 0.027642749 -0.000071693 0.999617875 42.695896149
0.999520302 0.012492176 -0.028338797 -1.154337287 -0.012486551 0.999921978 0.000375454 -0.831239760 0.028341275 -0.000021420 0.999598324 43.786487579
0.999493062 0.013689338 -0.028744053 -1.197287917 -0.013794548 0.999898851 -0.003465108 -0.853233695 0.028693710 0.003859863 0.999580801 44.867694855
0.999467611 0.015444070 -0.028739685 -1.240019441 -0.015664535 0.999849439 -0.007461799 -0.870715261 0.028620118 0.007908020 0.999559104 45.954517365
0.999473751 0.015137266 -0.028688472 -1.267427683 -0.015364370 0.999852240 -0.007712346 -0.900687397 0.028567489 0.008149068 0.999558628 47.048049927
0.999481797 0.015708655 -0.028096352 -1.308944225 -0.015851777 0.999862432 -0.004878486 -0.926036477 0.028015854 0.005321335 0.999593318 48.130706787
0.999464214 0.016448360 -0.028296584 -1.344371915 -0.016538572 0.999858856 -0.002957008 -0.947654128 0.028243953 0.003423409 0.999595225 49.219284058
0.999476314 0.015116083 -0.028610993 -1.370435834 -0.015170778 0.999883473 -0.001695596 -0.971364081 0.028582029 0.002128759 0.999589205 50.306118011
0.999500394 0.014299843 -0.028187383 -1.412198067 -0.014379404 0.999893188 -0.002621855 -0.991825819 0.028146880 0.003025863 0.999599218 51.410305023
0.999516428 0.013432678 -0.028043769 -1.441948533 -0.013564138 0.999897838 -0.004502721 -1.010402679 0.027980423 0.004880933 0.999596536 52.493686676
0.999512136 0.014277778 -0.027777769 -1.480322480 -0.014473449 0.999871731 -0.006855935 -1.037699699 0.027676318 0.007254630 0.999590635 53.590499878
0.999540687 0.012473238 -0.027619906 -1.513780117 -0.012725414 0.999878764 -0.008973368 -1.066890359 0.027504630 0.009320721 0.999578238 54.692790985
0.999562085 0.011239638 -0.027372545 -1.547740579 -0.011580371 0.999857008 -0.012321468 -1.096806288 0.027230142 0.012633056 0.999549389 55.771480560
0.999583900 0.009854986 -0.027108256 -1.579043150 -0.010233392 0.999851644 -0.013855943 -1.133536458 0.026967684 0.014127587 0.999536455 56.860965729
0.999609768 0.007434915 -0.026925797 -1.607795835 -0.007747782 0.999903440 -0.011533996 -1.160421848 0.026837442 0.011738110 0.999570906 57.953948975
0.999632239 0.005847721 -0.026480682 -1.645830393 -0.005996642 0.999966621 -0.005547835 -1.185202122 0.026447356 0.005704589 0.999633908 59.042697906
0.999629855 0.004772975 -0.026782705 -1.667334676 -0.004767160 0.999988616 0.000280946 -1.210398674 0.026783740 -0.000153164 0.999641240 60.128345490
0.999645650 0.002815267 -0.026469236 -1.698981524 -0.002798712 0.999995887 0.000662459 -1.224795580 0.026470993 -0.000588145 0.999649405 61.225685120
0.999648452 -0.000458856 -0.026510041 -1.725405931 0.000399797 0.999997437 -0.002233045 -1.242645979 0.026510999 0.002221662 0.999646068 62.316436768
0.999652445 -0.001759614 -0.026302934 -1.760756731 0.001614267 0.999983311 -0.005546066 -1.258998990 0.026312253 0.005501679 0.999638617 63.414146423
0.999657631 0.000889985 -0.026148994 -1.803153515 -0.001135085 0.999955535 -0.009359876 -1.297521830 0.026139500 0.009386353 0.999614239 64.508110046
0.999662459 0.001032086 -0.025958737 -1.835692644 -0.001389847 0.999904275 -0.013767625 -1.320000648 0.025942042 0.013799056 0.999568224 65.595481873
0.999668062 0.004126420 -0.025431158 -1.873618603 -0.004493464 0.999886334 -0.014392662 -1.349461555 0.025368877 0.014502158 0.999572992 66.691596985
0.999670804 0.007682852 -0.024480611 -1.914994240 -0.007951872 0.999908864 -0.010910790 -1.381579518 0.024394553 0.011101865 0.999640763 67.813453674
0.999668837 0.009057124 -0.024087636 -1.955195427 -0.009264213 0.999920964 -0.008499670 -1.411324143 0.024008749 0.008720008 0.999673724 68.909759521
0.999675930 0.008069636 -0.024143353 -1.984698892 -0.008261994 0.999934852 -0.007878196 -1.434896350 0.024078205 0.008075115 0.999677479 70.003616333
0.999677539 0.007232130 -0.024342529 -2.008756161 -0.007406862 0.999947369 -0.007095558 -1.465523958 0.024289932 0.007273572 0.999678493 71.112022400
0.999680102 0.006213985 -0.024516862 -2.040963888 -0.006350535 0.999964714 -0.005495668 -1.494222403 0.024481846 0.005649606 0.999684334 72.199951172
0.999681890 0.004696246 -0.024780093 -2.074058056 -0.004783530 0.999982536 -0.003464227 -1.519355416 0.024763390 0.003581661 0.999686897 73.301834106
0.999660015 0.003727122 -0.025805498 -2.101925611 -0.003782286 0.999990642 -0.002089204 -1.540338755 0.025797470 0.002186098 0.999664783 74.392913818
0.999650419 0.002742381 -0.026297262 -2.130831480 -0.002825132 0.999991179 -0.003110133 -1.571988106 0.026288500 0.003183339 0.999649346 75.494857788
0.999622762 0.002582462 -0.027344093 -2.155774832 -0.002771986 0.999972403 -0.006895458 -1.595241070 0.027325531 0.006968654 0.999602318 76.573745728
0.999609113 0.003168805 -0.027776903 -2.195257425 -0.003424401 0.999952197 -0.009159010 -1.618334770 0.027746551 0.009250549 0.999572158 77.654724121
0.999590337 0.005796178 -0.028027477 -2.243944407 -0.005996361 0.999957085 -0.007063645 -1.651714206 0.027985331 0.007228815 0.999582171 78.745986938
0.999570966 0.006466539 -0.028566334 -2.284359455 -0.006554286 0.999974072 -0.002979106 -1.671640635 0.028546330 0.003165060 0.999587476 79.825576782
0.999545932 0.007920217 -0.029071806 -2.324187756 -0.007891706 0.999968231 0.001095310 -1.697532058 0.029079558 -0.000865387 0.999576747 80.902061462
0.999518335 0.009105161 -0.029668001 -2.366772413 -0.009058019 0.999957502 0.001722965 -1.715345383 0.029682428 -0.001453402 0.999558330 81.970787048
0.999509752 0.008600821 -0.030103818 -2.408776283 -0.008614311 0.999962866 -0.000318456 -1.735606790 0.030099960 0.000577623 0.999546707 83.039596558
0.999485016 0.008680456 -0.030893466 -2.438872337 -0.008716669 0.999961495 -0.001037676 -1.759807229 0.030883268 0.001306430 0.999522150 84.120643616
0.999480367 0.008029241 -0.031217512 -2.481451273 -0.008065358 0.999966919 -0.001031161 -1.782189727 0.031208200 0.001282406 0.999512076 85.170616150
0.999457836 0.006886702 -0.032196146 -2.516535521 -0.006909987 0.999975920 -0.000612019 -1.802886486 0.032191157 0.000834162 0.999481380 86.200363159
0.999443114 0.005669931 -0.032883719 -2.540652275 -0.005654424 0.999983847 0.000564549 -1.826542974 0.032886390 -0.000378296 0.999459028 87.245780945
0.999430954 0.006041873 -0.033184547 -2.584412813 -0.005939133 0.999977291 0.003193718 -1.846636534 0.033203088 -0.002994813 0.999444127 88.250274658
0.999398112 0.004898684 -0.034343325 -2.623724461 -0.004757630 0.999979913 0.004187694 -1.864493012 0.034363151 -0.004021781 0.999401331 89.225593567
0.999330640 0.003989219 -0.036364961 -2.662464619 -0.003836514 0.999983549 0.004268046 -1.881950378 0.036381386 -0.004125675 0.999329448 90.196334839
0.999206245 0.003122289 -0.039713196 -2.705020189 -0.002990018 0.999989808 0.003389613 -1.900395632 0.039723374 -0.003268180 0.999205351 91.126396179
0.999070287 0.002998780 -0.043006368 -2.757226944 -0.002897168 0.999992847 0.002424858 -1.917876005 0.043013331 -0.002298007 0.999071836 92.043807983
0.998928308 0.002710687 -0.046204332 -2.796195269 -0.002574450 0.999992192 0.003007815 -1.938294291 0.046212122 -0.002885641 0.998927474 92.945350647
0.998776793 0.003779545 -0.049301252 -2.845902443 -0.003584608 0.999985397 0.004041810 -1.954289675 0.049315806 -0.003860140 0.998775780 93.811439514
0.998619676 0.004458943 -0.052333888 -2.900309086 -0.004191095 0.999977529 0.005226694 -1.973929763 0.052356016 -0.005000143 0.998615980 94.653678894
0.998451471 0.005580517 -0.055349369 -2.950826168 -0.005216066 0.999963760 0.006726841 -1.987343669 0.055384904 -0.006427719 0.998444378 95.469024658
0.998304605 0.007337916 -0.057741147 -3.007936954 -0.006920090 0.999948442 0.007432816 -2.000550747 0.057792712 -0.007020641 0.998303890 96.261016846
0.998125076 0.009282858 -0.060498785 -3.056049347 -0.008805333 0.999927998 0.008154985 -2.022383928 0.060570128 -0.007606983 0.998134971 97.021469116
0.997924209 0.011063735 -0.063441515 -3.106516361 -0.010650995 0.999919891 0.006840345 -2.033522844 0.063512109 -0.006150431 0.997962117 97.755737305
0.997757137 0.012447014 -0.065770462 -3.163855791 -0.012257062 0.999919474 0.003290832 -2.051306963 0.065806128 -0.002477299 0.997829378 98.445411682
0.997561276 0.015002051 -0.068165101 -3.221567631 -0.015049128 0.999886751 -0.000177139 -2.067690372 0.068154722 0.001202533 0.997674048 99.114723206
0.997372925 0.016363200 -0.070565358 -3.269264698 -0.016621290 0.999857128 -0.003071776 -2.080310345 0.070505016 0.004236593 0.997502446 99.763702393
0.997260809 0.018437402 -0.071630470 -3.316635609 -0.018770998 0.999815881 -0.003986773 -2.094834805 0.071543775 0.005320427 0.997423291 100.378807068
0.997287810 0.020841453 -0.070587657 -3.370474815 -0.021152796 0.999769509 -0.003666031 -2.108841658 0.070494987 0.005149215 0.997498870 100.963951111
0.997443795 0.024447227 -0.067143090 -3.430930138 -0.024650309 0.999693692 -0.002197670 -2.124618769 0.067068793 0.003847150 0.997740924 101.534461975
0.997699380 0.027215607 -0.062091108 -3.453814030 -0.027302524 0.999627054 -0.000551673 -2.142260075 0.062052935 0.002245648 0.998070359 102.074829102
0.998145342 0.027833024 -0.054140411 -3.496594906 -0.027789110 0.999612570 0.001563909 -2.156223774 0.054162964 -0.000056495 0.998532116 102.609298706
0.998605192 0.027868601 -0.044844542 -3.504933596 -0.027711680 0.999607503 0.004117207 -2.168995380 0.044941682 -0.002868746 0.998985469 103.105407715
0.999061108 0.027808515 -0.033220463 -3.505573034 -0.027650431 0.999604106 0.005208705 -2.179369688 0.033352155 -0.004285255 0.999434471 103.582557678
0.999442577 0.026873766 -0.019806808 -3.505395174 -0.026768999 0.999626338 0.005535770 -2.192124605 0.019948173 -0.005002476 0.999788523 104.038589478
0.999638021 0.026510857 -0.004584646 -3.499931335 -0.026491465 0.999640048 0.004240023 -2.197752476 0.004695402 -0.004117034 0.999980509 104.478988647
0.999592543 0.025284797 0.013244363 -3.478055954 -0.025307534 0.999678493 0.001552011 -2.214730263 -0.013200862 -0.001886561 0.999911070 104.906402588
0.999087453 0.024966305 0.034654327 -3.451631546 -0.024872292 0.999685705 -0.003141391 -2.224568605 -0.034721866 0.002276592 0.999394417 105.324028015
0.998002052 0.022907695 0.058882151 -3.402869225 -0.022468163 0.999714613 -0.008115958 -2.232261181 -0.059051264 0.006776770 0.998231947 105.725952148
0.996133626 0.020694986 0.085378826 -3.334848404 -0.019838406 0.999744117 -0.010869082 -2.244366646 -0.085581914 0.009133278 0.996289253 106.142295837
0.993141413 0.017664494 0.115577154 -3.272990942 -0.016383735 0.999793530 -0.012022101 -2.257696390 -0.115765654 0.010046061 0.993225753 106.527931213
0.988785565 0.015687540 0.148515835 -3.198081017 -0.013777226 0.999808729 -0.013882807 -2.269991398 -0.148705214 0.011680982 0.988812566 106.869537354
0.982742310 0.013146672 0.184512287 -3.101888895 -0.010505862 0.999828041 -0.015282759 -2.285495281 -0.184681475 0.013080553 0.982711375 107.241874695
0.974829853 0.009937115 0.222728521 -2.984066725 -0.006563367 0.999852300 -0.015882479 -2.298903227 -0.222853452 0.014020866 0.974751115 107.604232788
0.964772642 0.007894349 0.262966543 -2.862867832 -0.003626678 0.999853790 -0.016710399 -2.312488794 -0.263060004 0.015168040 0.964660227 107.947891235
0.952539086 0.008356318 0.304301560 -2.722615480 -0.003248593 0.999845266 -0.017287500 -2.334876537 -0.304398954 0.015478469 0.952418864 108.278732300
0.937174439 0.010506502 0.348702818 -2.587105751 -0.004426826 0.999824047 -0.018227400 -2.343430519 -0.348832965 0.015538607 0.937056065 108.591003418
0.919591308 0.010759609 0.392728984 -2.411615372 -0.004344751 0.999842286 -0.017219299 -2.352830410 -0.392852306 0.014128408 0.919493079 108.903099060
0.898955464 0.009450509 0.437938064 -2.228773117 -0.002736561 0.999868870 -0.015959388 -2.366154194 -0.438031495 0.013148336 0.898863494 109.227157593
0.875951648 0.008053360 0.482331723 -2.038043976 -0.000300332 0.999869525 -0.016149120 -2.380943537 -0.482398868 0.014000989 0.875839770 109.492141724
0.850560188 0.008932771 0.525801837 -1.826780319 0.000595222 0.999838710 -0.017948972 -2.402832508 -0.525877357 0.015579650 0.850417733 109.778038025
0.822469592 0.011195140 0.568698943 -1.606824875 0.001226006 0.999769092 -0.021454075 -2.417240143 -0.568807781 0.018342553 0.822265983 110.050552368
0.791502953 0.015821116 0.610960543 -1.369658470 -0.000255022 0.999673367 -0.025556639 -2.434177876 -0.611165285 0.020072347 0.791248441 110.316375732
0.757788241 0.022030333 0.652128577 -1.115831375 -0.003435696 0.999550760 -0.029774662 -2.442209959 -0.652491570 0.020322373 0.757523477 110.558959961
0.719833553 0.026916858 0.693624675 -0.841136932 -0.005106123 0.999426186 -0.033484757 -2.444869995 -0.694127917 0.020561719 0.719557941 110.822250366
0.680929899 0.026978983 0.731851578 -0.546012878 -0.003087373 0.999418080 -0.033970006 -2.464199066 -0.732342184 0.020871695 0.680616975 111.036888123
0.640113235 0.024254939 0.767897606 -0.231061935 0.001757814 0.999452651 -0.033034176 -2.471639156 -0.768278599 0.022495437 0.639720261 111.238243103
0.596365452 0.022934230 0.802385390 0.083454132 0.002198787 0.999541342 -0.030203683 -2.486409664 -0.802710056 0.019776709 0.596041560 111.411956787
0.550044477 0.021348739 0.834862471 0.427196503 0.003442319 0.999606788 -0.027829463 -2.495663166 -0.835128307 0.018181305 0.549754739 111.595077515
0.501922846 0.018910056 0.864705741 0.784000397 0.005121050 0.999678493 -0.024834288 -2.507360935 -0.864897311 0.016893098 0.501664639 111.761016846
0.450858593 0.015360144 0.892463267 1.154426575 0.007411391 0.999753058 -0.020950826 -2.522043228 -0.892564654 0.016060255 0.450633407 111.910270691
0.398243725 0.015399096 0.917150378 1.507961273 0.004248305 0.999817371 -0.018631781 -2.542210102 -0.917269826 0.011316324 0.398105562 112.039993286
0.347429395 0.020547476 0.937480986 1.887184143 0.000831515 0.999752760 -0.022220491 -2.554220676 -0.937705755 0.008499581 0.347326398 112.143249512
0.297125340 0.025507787 0.954497814 2.279708862 0.000789258 0.999636233 -0.026959747 -2.565354824 -0.954838276 0.008763772 0.296997130 112.227539062
0.250556171 0.027234245 0.967719018 2.673240662 0.002510243 0.999582589 -0.028780915 -2.583040953 -0.968098938 0.009640450 0.250383258 112.295272827
0.209557176 0.026967397 0.977424562 3.107673645 0.009815886 0.999511242 -0.029681275 -2.598624468 -0.977747202 0.015814211 0.209190011 112.347908020
0.174451947 0.026596883 0.984306455 3.541648865 0.018402794 0.999372482 -0.030265575 -2.613965511 -0.984493732 0.023393879 0.173853040 112.388214111
0.143820763 0.028192358 0.989202082 4.002838135 0.022819111 0.999233842 -0.031795952 -2.625187397 -0.989340663 0.027145630 0.143067241 112.424850464
0.116192997 0.026116747 0.992883265 4.488426208 0.021559238 0.999352396 -0.028809899 -2.642528534 -0.992992699 0.024753317 0.115554690 112.467712402
0.089951694 0.023274411 0.995674253 4.954002380 0.014174717 0.999595702 -0.024646660 -2.657068253 -0.995845377 0.016330410 0.089585423 112.520828247
0.065930009 0.019113757 0.997641206 5.459777832 0.009421290 0.999760032 -0.019776966 -2.674891710 -0.997779787 0.010702964 0.065734148 112.550552368
0.043134332 0.016753716 0.998928785 5.982803345 0.013499370 0.999758363 -0.017350540 -2.690301418 -0.998978078 0.014233314 0.042897761 112.558898926
0.023113787 0.017463116 0.999580443 6.521224976 0.021592626 0.999605477 -0.017962854 -2.710148335 -0.999499798 0.021998756 0.022727609 112.545883179
0.005358279 0.020044746 0.999784887 7.104911804 0.025570070 0.999469399 -0.020175468 -2.730680943 -0.999658883 0.025672674 0.004842877 112.544113159
-0.008673310 0.025645720 0.999633491 7.696601868 0.027071310 0.999310672 -0.025402555 -2.734287262 -0.999595881 0.026841065 -0.009361625 112.530876160
-0.019603848 0.030171795 0.999352574 8.290466309 0.024845699 0.999250591 -0.029681334 -2.749202251 -0.999499142 0.024247747 -0.020338774 112.522811890
-0.026439190 0.030108964 0.999196887 8.925888062 0.026150355 0.999225080 -0.029417865 -2.765139818 -0.999308348 0.025351569 -0.027206063 112.514656067
-0.028899312 0.026704079 0.999225676 9.542922974 0.031981695 0.999155998 -0.025777256 -2.794172287 -0.999070704 0.031211983 -0.029729009 112.476089478
-0.028111219 0.025389766 0.999282300 10.220794678 0.034555681 0.999104559 -0.024413150 -2.806848049 -0.999007344 0.033844598 -0.028963447 112.455108643
-0.026270390 0.024940126 0.999343932 10.901458740 0.033286259 0.999156177 -0.024060434 -2.829399586 -0.999100745 0.032632340 -0.027078390 112.443931580
-0.024873972 0.025481423 0.999365866 11.580551147 0.030231887 0.999237061 -0.024725679 -2.849984646 -0.999233425 0.029597692 -0.025625348 112.437614441
-0.023537636 0.026633482 0.999368250 12.298423767 0.028813150 0.999247849 -0.025951659 -2.871045828 -0.999307752 0.028184105 -0.024287343 112.425720215
-0.022768259 0.027355751 0.999366581 13.021301270 0.028398266 0.999239922 -0.026705300 -2.896001339 -0.999337554 0.027772242 -0.023527861 112.414176941
-0.022216916 0.026971838 0.999389350 13.773773193 0.027404616 0.999276817 -0.026359584 -2.921881437 -0.999377549 0.026802251 -0.022940040 112.408714294
-0.021428347 0.025759246 0.999438465 14.539512634 0.026556037 0.999329984 -0.025187077 -2.948514462 -0.999417603 0.026001407 -0.022098064 112.394966125
-0.020748138 0.024562940 0.999482989 15.306221008 0.027309023 0.999339044 -0.023992497 -2.973260164 -0.999411762 0.026797103 -0.021405220 112.379249573
-0.021550179 0.022086797 0.999523759 16.097465515 0.028385861 0.999366403 -0.021471309 -3.002453566 -0.999364674 0.027909633 -0.022163510 112.366638184
-0.022716880 0.020392492 0.999534070 16.876655579 0.025429051 0.999480247 -0.019813461 -3.033242464 -0.999418616 0.024967100 -0.023223639 112.353057861
-0.024098516 0.019490832 0.999519587 17.671051025 0.024402989 0.999523461 -0.018902548 -3.055616856 -0.999411702 0.023935741 -0.024562597 112.341346741
-0.025418401 0.016859844 0.999534845 18.473007202 0.026932675 0.999506414 -0.016174464 -3.080762625 -0.999314129 0.026509015 -0.025859952 112.320907593
-0.026816845 0.015586571 0.999518991 19.289749146 0.028802032 0.999475360 -0.014813145 -3.097805500 -0.999225497 0.028390935 -0.027251601 112.300674438
-0.027820706 0.014422487 0.999508977 20.129241943 0.025643352 0.999577165 -0.013709709 -3.133698940 -0.999284089 0.025249347 -0.028178692 112.273307800
-0.028916240 0.019392779 0.999393821 20.952537537 0.022505695 0.999570966 -0.018745046 -3.152330160 -0.999328554 0.021950018 -0.029340267 112.258216858
-0.029747486 0.023967367 0.999270082 21.783241272 0.024459537 0.999430597 -0.023243077 -3.180299759 -0.999258161 0.023750260 -0.030316710 112.236007690
-0.030941129 0.025845980 0.999187052 22.629310608 0.024460284 0.999385834 -0.025093680 -3.204170942 -0.999221981 0.023663973 -0.031554341 112.217254639
-0.032316685 0.023491701 0.999201655 23.474807739 0.021161383 0.999515712 -0.022814676 -3.240286350 -0.999253750 0.020407194 -0.032798171 112.194381714
-0.033614516 0.019092862 0.999252677 24.325180054 0.018275380 0.999662101 -0.018485911 -3.271614075 -0.999267936 0.017640324 -0.033952117 112.177612305
-0.034127116 0.013894831 0.999320984 25.178237915 0.016701763 0.999771655 -0.013330729 -3.299748182 -0.999278009 0.016235484 -0.034351349 112.157089233
-0.034435630 0.007955900 0.999375403 26.020683289 0.012694399 0.999891102 -0.007522597 -3.327677727 -0.999326468 0.012427424 -0.034532905 112.138732910
-0.033568382 0.006494184 0.999415338 26.869140625 0.010277070 0.999928236 -0.006152330 -3.355335712 -0.999383569 0.010064537 -0.033632755 112.108001709
-0.032815218 0.013405859 0.999371529 27.704765320 0.013126890 0.999829590 -0.012980971 -3.381006241 -0.999375284 0.012692668 -0.032985568 112.083343506
-0.031731009 0.024258791 0.999202132 28.539100647 0.015375695 0.999598980 -0.023780154 -3.410916567 -0.999378324 0.014608862 -0.032091260 112.058395386
-0.031279564 0.029799642 0.999066353 29.371948242 0.017144194 0.999424398 -0.029273558 -3.434550524 -0.999363601 0.016212523 -0.031772494 112.036331177
-0.030421615 0.024001567 0.999248922 30.218360901 0.018875835 0.999547184 -0.023434063 -3.468435526 -0.999358892 0.018148758 -0.030860901 112.020515442
-0.028898478 0.016394112 0.999447942 31.042648315 0.022143632 0.999630630 -0.015756838 -3.502645016 -0.999337077 0.021676058 -0.029250860 111.986915588
-0.028160930 0.013241263 0.999515831 31.872055054 0.023309371 0.999649048 -0.012586302 -3.531302452 -0.999331713 0.022943642 -0.028459668 111.960960388
-0.028741360 0.013718889 0.999492884 32.693870544 0.022451986 0.999662399 -0.013075594 -3.558691263 -0.999334872 0.022064788 -0.029039621 111.946388245
-0.029816389 0.014819105 0.999445617 33.505973816 0.018833606 0.999720931 -0.014261329 -3.585925102 -0.999378026 0.018397944 -0.030087113 111.930526733
-0.031874657 0.015162336 0.999376833 34.319175720 0.016855938 0.999750912 -0.014630398 -3.609983921 -0.999349713 0.016379096 -0.032122374 111.911819458
-0.033569455 0.015314590 0.999319077 35.128677368 0.016764417 0.999750555 -0.014758049 -3.633570194 -0.999295771 0.016257582 -0.033817768 111.880844116
-0.035696626 0.015254909 0.999246359 35.938056946 0.015040815 0.999778450 -0.014725725 -3.664018154 -0.999249637 0.014503822 -0.035918117 111.856811523
-0.037676930 0.015456808 0.999170423 36.745246887 0.013344412 0.999799013 -0.014963337 -3.691629171 -0.999200881 0.012769570 -0.037875533 111.836135864
-0.040277958 0.015002578 0.999075890 37.544746399 0.011732838 0.999825418 -0.014540821 -3.712707520 -0.999119639 0.011136320 -0.040446997 111.814125061
-0.042519093 0.013906453 0.998999000 38.337852478 0.012013964 0.999837935 -0.013406801 -3.739566326 -0.999023557 0.011431894 -0.042679310 111.785125732
-0.044149876 0.013416821 0.998934746 39.112854004 0.011267908 0.999852896 -0.012931144 -3.771736622 -0.998961329 0.010684996 -0.044294596 111.747451782
-0.046161056 0.014610543 0.998827219 39.891525269 0.011243888 0.999837279 -0.014105680 -3.794412136 -0.998870790 0.010579568 -0.046317816 111.719169617
-0.047280312 0.014766713 0.998772621 40.673950195 0.011942611 0.999827623 -0.014216970 -3.823412418 -0.998810351 0.011255771 -0.047448516 111.682250977
-0.047719479 0.013599508 0.998768270 41.459800720 0.014203914 0.999815464 -0.012935128 -3.847154140 -0.998759866 0.013569159 -0.047903776 111.639221191
-0.049452901 0.012905817 0.998693228 42.232780457 0.014222367 0.999824226 -0.012216179 -3.873786449 -0.998675346 0.013599655 -0.049627781 111.607246399
-0.051098108 0.012678531 0.998613238 42.999954224 0.013186737 0.999840796 -0.012019366 -3.895295620 -0.998606682 0.012554284 -0.051257133 111.580245972
-0.052104354 0.011522186 0.998575151 43.752960205 0.011154027 0.999877751 -0.010955214 -3.919535160 -0.998579323 0.010567321 -0.052226543 111.545578003
-0.052960634 0.010269291 0.998543799 44.491874695 0.009623216 0.999905944 -0.009772905 -3.946369648 -0.998550236 0.009091623 -0.053054452 111.513000488
-0.053818822 0.010008708 0.998500645 45.204376221 0.009864645 0.999906301 -0.009491099 -3.971623421 -0.998502076 0.009339055 -0.053912520 111.478134155
-0.053989410 0.012846149 0.998459041 45.916053772 0.009986381 0.999874175 -0.012324369 -3.985039234 -0.998491764 0.009305608 -0.054110885 111.445716858
-0.053956270 0.015810931 0.998418212 46.616287231 0.010280653 0.999830425 -0.015277714 -4.008178711 -0.998490512 0.009440064 -0.054109693 111.411758423
-0.054096103 0.017327363 0.998385489 47.315444946 0.008001508 0.999824822 -0.016918795 -4.031121254 -0.998503804 0.007073350 -0.054225206 111.379196167
-0.054462075 0.018051770 0.998352647 48.017669678 0.008751574 0.999806821 -0.017600646 -4.058542252 -0.998477459 0.007778589 -0.054609537 111.348327637
-0.054437041 0.017859936 0.998357654 48.713096619 0.010335013 0.999796569 -0.017322149 -4.082815170 -0.998463869 0.009375074 -0.054610491 111.311431885
-0.055122018 0.016956046 0.998335779 49.403877258 0.010522487 0.999810159 -0.016400104 -4.112746716 -0.998424351 0.009600970 -0.055289984 111.279907227
-0.055073142 0.017333232 0.998331904 50.093750000 0.006539891 0.999834120 -0.016998541 -4.130758286 -0.998460948 0.005592820 -0.055177331 111.246238708
-0.054580569 0.017055992 0.998363674 50.766532898 0.004051720 0.999849677 -0.016859870 -4.165556431 -0.998501122 0.003124869 -0.054641485 111.211914062
-0.054556370 0.015683560 0.998387635 51.454223633 0.005741855 0.999865055 -0.015393009 -4.190239906 -0.998494267 0.004892810 -0.054639101 111.179260254
-0.055307746 0.015307219 0.998352051 52.127525330 0.006630120 0.999866068 -0.014963131 -4.209036827 -0.998447359 0.005791618 -0.055401802 111.139633179
-0.058637857 0.014481829 0.998174429 52.793304443 0.003008582 0.999892771 -0.014330022 -4.238464832 -0.998274922 0.002162809 -0.058675170 111.102958679
-0.063976526 0.014149121 0.997851193 53.466827393 -0.000880765 0.999898314 -0.014234618 -4.258298874 -0.997951090 -0.001789552 -0.063957572 111.069458008
-0.070168376 0.018351035 0.997366369 54.128929138 0.002633573 0.999830723 -0.018211097 -4.278686047 -0.997531712 0.001348795 -0.070204854 111.025344849
-0.076872945 0.021395409 0.996811330 54.797363281 0.005388052 0.999764025 -0.021043267 -4.297278881 -0.997026384 0.003753213 -0.076970100 110.971389771
-0.084062099 0.022817800 0.996199310 55.472503662 0.004231786 0.999736965 -0.022541741 -4.322968006 -0.996451616 0.002320798 -0.084136605 110.914413452
-0.090683341 0.021876695 0.995639503 56.172172546 0.000348311 0.999759316 -0.021935493 -4.346858978 -0.995879710 -0.001642390 -0.090669155 110.864944458
-0.095822573 0.020747246 0.995182335 56.855453491 -0.000413473 0.999781847 -0.020882949 -4.373140335 -0.995398462 -0.002412535 -0.095793009 110.797744751
-0.100716114 0.021588886 0.994681001 57.569946289 -0.001976741 0.999758244 -0.021899238 -4.397595406 -0.994913280 -0.004171832 -0.100649118 110.736968994
-0.104176283 0.020089831 0.994355917 58.238197327 -0.004516737 0.999776125 -0.020672547 -4.428570747 -0.994548559 -0.006644832 -0.104062200 110.661415100
-0.106872559 0.017077841 0.994126201 58.949386597 -0.003646340 0.999839008 -0.017567977 -4.447468281 -0.994266212 -0.005502452 -0.106793046 110.590118408
-0.108362913 0.014663981 0.994003296 59.662368774 -0.001539939 0.999887526 -0.014918668 -4.463780403 -0.994110227 -0.003147334 -0.108328104 110.508255005
-0.110209227 0.011216545 0.993845105 60.389060974 -0.002260884 0.999930918 -0.011535943 -4.494944096 -0.993905842 -0.003518335 -0.110176325 110.436851501
-0.110775828 0.010671763 0.993788183 61.114173889 -0.003691991 0.999931037 -0.011149268 -4.516060352 -0.993838668 -0.004904125 -0.110728741 110.356353760
-0.111847997 0.014511750 0.993619382 61.846267700 -0.001571098 0.999889553 -0.014780179 -4.532428265 -0.993724108 -0.003214207 -0.111812830 110.281188965
-0.112233281 0.018537642 0.993509173 62.587806702 0.004635049 0.999824882 -0.018131884 -4.556813717 -0.993671238 0.002569966 -0.112299562 110.191955566
-0.112967968 0.023568340 0.993319154 63.332000732 0.012157951 0.999676585 -0.022336485 -4.580811501 -0.993524313 0.009553418 -0.113217950 110.102127075
-0.113172054 0.024287134 0.993278742 64.074722290 0.012238602 0.999659419 -0.023048719 -4.606679916 -0.993500233 0.009547872 -0.113430858 110.013366699
-0.113821864 0.022092296 0.993255556 64.839035034 0.010083745 0.999726951 -0.021080690 -4.635816574 -0.993450046 0.007616292 -0.114013553 109.938827515
-0.113379598 0.017640252 0.993395329 65.601119995 0.010581589 0.999807119 -0.016546400 -4.656576633 -0.993495584 0.008635679 -0.113544345 109.848571777
-0.113476038 0.015929082 0.993413210 66.358558655 0.013739214 0.999801040 -0.014462104 -4.680037975 -0.993445933 0.012007616 -0.113672376 109.750686646
-0.114149332 0.015296988 0.993345976 67.107177734 0.013526034 0.999812722 -0.013842246 -4.706025600 -0.993371665 0.011855948 -0.114334941 109.666976929
-0.116069078 0.016210157 0.993108809 67.851470947 0.011981145 0.999816895 -0.014919358 -4.729568481 -0.993168831 0.010166903 -0.116242051 109.588554382
-0.118252754 0.017058805 0.992836952 68.589172363 0.011632442 0.999807596 -0.015793080 -4.754630566 -0.992915392 0.009681543 -0.118428469 109.500457764
-0.120346189 0.017277971 0.992581725 69.330078125 0.012780926 0.999792635 -0.015853863 -4.779626846 -0.992649853 0.010778163 -0.120542049 109.411933899
-0.122393012 0.017307095 0.992330849 70.078315735 0.012871493 0.999791563 -0.015849661 -4.803692341 -0.992398262 0.010832891 -0.122590303 109.323257446
-0.124558210 0.017177934 0.992063761 70.823623657 0.012459844 0.999798357 -0.015747473 -4.826308727 -0.992134273 0.010399482 -0.124747157 109.234359741
-0.126117349 0.017293720 0.991864622 71.576461792 0.010212960 0.999817669 -0.016133791 -4.850977421 -0.991962790 0.008095122 -0.126271009 109.145362854
-0.127317905 0.018891251 0.991682231 72.334594727 0.010170606 0.999790907 -0.017739961 -4.874434471 -0.991809964 0.007827397 -0.127483368 109.055061340
-0.128147602 0.019279234 0.991567791 73.089622498 0.009273639 0.999790609 -0.018240614 -4.898163795 -0.991711855 0.006857953 -0.128299594 108.961143494
-0.129266858 0.019603536 0.991416097 73.851791382 0.008902506 0.999787211 -0.018608300 -4.919928551 -0.991569936 0.006420651 -0.129413843 108.864196777
-0.130761027 0.017830577 0.991253674 74.636138916 0.009136874 0.999817491 -0.016779335 -4.943542480 -0.991371930 0.006862877 -0.130900145 108.771789551
-0.131580234 0.015441101 0.991185427 75.417007446 0.007165133 0.999867380 -0.014625181 -4.967355728 -0.991279781 0.005177592 -0.131673455 108.671676636
-0.133494973 0.013538809 0.990957022 76.205215454 0.003860267 0.999906182 -0.013141048 -4.986845016 -0.991042018 0.002071097 -0.133534670 108.577163696
-0.135568142 0.013045155 0.990682125 76.989395142 0.005517130 0.999907732 -0.012411655 -5.007226944 -0.990752637 0.003783097 -0.135627627 108.468582153
-0.137230039 0.013821829 0.990442812 77.784660339 0.006718809 0.999892652 -0.013022785 -5.029004574 -0.990516484 0.004867480 -0.137308121 108.362815857
-0.139555931 0.015114405 0.990098953 78.582244873 0.006205852 0.999877214 -0.014388954 -5.048968315 -0.990194857 0.004136345 -0.139632702 108.255485535
-0.141168833 0.018142903 0.989819467 79.384597778 0.006860076 0.999825954 -0.017347932 -5.081502438 -0.989961922 0.004341252 -0.141268730 108.144309998
-0.141673207 0.022203660 0.989664555 80.196426392 0.009540289 0.999732614 -0.021063825 -5.103418350 -0.989867628 0.006457507 -0.141847134 108.034591675
-0.142740965 0.025888339 0.989421487 81.007446289 0.009796321 0.999645829 -0.024742577 -5.143214226 -0.989711642 0.006160914 -0.142943978 107.912673950
-0.142678857 0.027309868 0.989392161 81.838027954 0.012153000 0.999592245 -0.025838850 -5.170035839 -0.989694417 0.008337425 -0.142952561 107.798156738
-0.142265916 0.026573194 0.989471912 82.673347473 0.015339688 0.999578714 -0.024639094 -5.202961922 -0.989709795 0.011672891 -0.142613530 107.681198120
-0.141767263 0.024373649 0.989600062 83.486396790 0.015965046 0.999623120 -0.022333413 -5.238082409 -0.989771426 0.012632866 -0.142102957 107.555831909
-0.140980482 0.023099966 0.989742994 84.319869995 0.015353381 0.999658525 -0.021144435 -5.263439178 -0.989893436 0.012214949 -0.141286969 107.440582275
-0.139403462 0.020508777 0.990023375 85.171859741 0.014961115 0.999715030 -0.018602898 -5.293329239 -0.990122736 0.012218545 -0.139670610 107.334991455
-0.138020873 0.017613906 0.990272880 86.025192261 0.015605466 0.999756396 -0.015607556 -5.318637848 -0.990306556 0.013299500 -0.138262153 107.223785400
-0.136350870 0.014023495 0.990561545 86.883766174 0.015730094 0.999804378 -0.011989103 -5.344876766 -0.990535915 0.013946899 -0.136544824 107.110755920
-0.134542942 0.013981391 0.990809083 87.731048584 0.014041405 0.999826968 -0.012201945 -5.373234749 -0.990808189 0.012270667 -0.134716034 107.000541687
-0.133014798 0.018092290 0.990949035 88.589691162 0.015241504 0.999752462 -0.016207160 -5.404203415 -0.990997016 0.012947762 -0.133257627 106.885719299
-0.131233573 0.024544466 0.991047740 89.446708679 0.015989427 0.999615848 -0.022639364 -5.429065704 -0.991222680 0.012875242 -0.131575584 106.781730652
-0.129738688 0.028127905 0.991149366 90.286483765 0.013549302 0.999554515 -0.026592877 -5.456765175 -0.991455793 0.009979258 -0.130062103 106.673225403
-0.128482699 0.025393032 0.991386771 91.152023315 0.012414108 0.999634981 -0.023995450 -5.488965034 -0.991634190 0.009224183 -0.128751040 106.572021484
-0.127219796 0.023044262 0.991606832 92.011138916 0.012511753 0.999687791 -0.021626843 -5.522419930 -0.991795659 0.009655378 -0.127468348 106.463912964
-0.126532912 0.021371922 0.991732180 92.876403809 0.013352090 0.999714017 -0.019840367 -5.555379868 -0.991872549 0.010731238 -0.126782179 106.357498169
-0.125966430 0.021008719 0.991812050 93.740280151 0.012814693 0.999726772 -0.019548822 -5.586082935 -0.991951764 0.010247272 -0.126201272 106.255432129
-0.125566244 0.021037444 0.991862178 94.609268188 0.011826448 0.999735832 -0.019707261 -5.616590977 -0.992014766 0.009255643 -0.125781775 106.153770447
-0.124969363 0.019172303 0.991975307 95.475662231 0.014351584 0.999743581 -0.017514426 -5.646107674 -0.992056787 0.012047652 -0.125212431 106.048919678
-0.123589754 0.018351968 0.992163837 96.340690613 0.017148402 0.999719203 -0.016355617 -5.677581787 -0.992185414 0.014992638 -0.123869777 105.936225891
-0.123111010 0.019608796 0.992199183 97.199844360 0.018828321 0.999670982 -0.017420262 -5.708528519 -0.992214322 0.016536817 -0.123439789 105.834411621
-0.122666955 0.022019347 0.992203653 98.061729431 0.019720519 0.999610543 -0.019745663 -5.735368252 -0.992252052 0.017144633 -0.123053312 105.734283447
-0.121676445 0.023447828 0.992293000 98.927322388 0.016771259 0.999626756 -0.021564614 -5.767533302 -0.992428303 0.014018096 -0.122024298 105.630409241
-0.120956302 0.019024709 0.992475569 99.792709351 0.011639933 0.999774754 -0.017746031 -5.799103737 -0.992589653 0.009405853 -0.121150494 105.532295227
-0.121145606 0.017108709 0.992487431 100.647216797 0.007239492 0.999840081 -0.016351786 -5.831686497 -0.992608488 0.005204159 -0.121250153 105.439819336
-0.122312427 0.017437678 0.992338598 101.490852356 0.003501215 0.999846995 -0.017138071 -5.862707138 -0.992485583 0.001378193 -0.122354746 105.346626282
-0.123533010 0.022070387 0.992095113 102.335372925 0.000232326 0.999753237 -0.022211825 -5.891672611 -0.992340565 -0.002513401 -0.123507738 105.250419617
-0.124946833 0.024261920 0.991866767 103.168098450 -0.000838729 0.999698043 -0.024559135 -5.930210114 -0.992163062 -0.003900494 -0.124888778 105.161834717
-0.125740290 0.024680024 0.991756141 104.005798340 -0.000756405 0.999687850 -0.024973305 -5.962200165 -0.992062867 -0.003890322 -0.125682354 105.065605164
-0.125684977 0.024130400 0.991776824 104.836540222 0.000738259 0.999706149 -0.024229771 -5.998476028 -0.992070079 -0.002313127 -0.125665784 104.952560425
-0.126335740 0.024806842 0.991677463 105.672683716 0.001950112 0.999691546 -0.024758881 -6.035886765 -0.991985798 -0.001194045 -0.126345158 104.852195740
-0.126596093 0.028177567 0.991554260 106.493530273 0.003576747 0.999602914 -0.027949637 -6.068650246 -0.991948128 0.000008232 -0.126646519 104.744812012
-0.127550244 0.029417198 0.991395891 107.297080994 0.003398263 0.999567151 -0.029222451 -6.105892181 -0.991826415 -0.000358304 -0.127594948 104.655349731
-0.128468871 0.029661503 0.991269946 108.097068787 0.002001845 0.999558330 -0.029650075 -6.140655041 -0.991711617 -0.001824742 -0.128471613 104.553115845
-0.131220460 0.028234089 0.990951180 108.904220581 -0.000280958 0.999593258 -0.028517526 -6.184705734 -0.991353273 -0.004020494 -0.131159186 104.462013245
-0.134276032 0.029467881 0.990505874 109.715637207 -0.000356067 0.999556243 -0.029785406 -6.222421646 -0.990944088 -0.004352148 -0.134205937 104.358261108
-0.137511969 0.031932916 0.989985228 110.487319946 -0.000813684 0.999476194 -0.032352079 -6.263234138 -0.990499735 -0.005254332 -0.137413979 104.250564575
-0.140986919 0.033237461 0.989453375 111.287361145 -0.001830003 0.999425828 -0.033833209 -6.303017616 -0.990009785 -0.006580743 -0.140845180 104.155784607
-0.144022465 0.033463195 0.989008486 112.064720154 -0.001131678 0.999421835 -0.033980332 -6.340379715 -0.989573836 -0.006013168 -0.143901348 104.044364929
-0.147387266 0.032064658 0.988559127 112.846282959 -0.000049451 0.999474108 -0.032426070 -6.379819870 -0.989078999 -0.004828071 -0.147308230 103.936523438
-0.149497509 0.033059038 0.988209367 113.618804932 0.000984392 0.999445379 -0.033286005 -6.419894218 -0.988761723 -0.004003384 -0.149447083 103.816879272
-0.151396275 0.036922991 0.987783313 114.377227783 -0.003466353 0.999276161 -0.037883874 -6.464536190 -0.988467038 -0.009159483 -0.151158690 103.706665039
-0.153246641 0.043612003 0.987225175 115.180168152 -0.005272292 0.998975337 -0.044949498 -6.521481037 -0.988173962 -0.012093293 -0.152859688 103.593955994
-0.155861855 0.046798263 0.986669660 115.946235657 -0.001127483 0.998867989 -0.047554940 -6.559684277 -0.987778246 -0.008524455 -0.155632734 103.469604492
-0.158852100 0.045198053 0.986267328 116.713478088 0.001318978 0.998960376 -0.045567308 -6.601484299 -0.987301528 -0.005937593 -0.158746600 103.349052429
-0.162232757 0.037158657 0.986052752 117.482208252 -0.000458337 0.999287784 -0.037732825 -6.651509285 -0.986752510 -0.006573444 -0.162100196 103.230285645
-0.163984776 0.034769166 0.985850096 118.250320435 -0.001463160 0.999368966 -0.035489336 -6.699729919 -0.986461937 -0.007262162 -0.163830400 103.105255127
-0.165682197 0.037645042 0.985460579 119.003524780 -0.001924960 0.999256909 -0.038495708 -6.740526199 -0.986177444 -0.008275021 -0.165486574 102.978782654
-0.168731809 0.040739033 0.984819770 119.757469177 -0.004640853 0.999101579 -0.042124961 -6.784553528 -0.985651135 -0.011678223 -0.168391109 102.858238220
-0.171290278 0.043309148 0.984268188 120.502349854 -0.005118352 0.998980761 -0.044847257 -6.828183174 -0.985207260 -0.012719733 -0.170894027 102.736610413
-0.173291922 0.047744166 0.983712554 121.254669189 -0.001435903 0.998810947 -0.048729915 -6.875767708 -0.984869480 -0.009857016 -0.173017263 102.606811523
-0.175194144 0.052351054 0.983141124 121.989196777 -0.001031149 0.998574972 -0.053356640 -6.921885967 -0.984533429 -0.010361535 -0.174890518 102.476646423
-0.177985430 0.054524466 0.982521474 122.722877502 -0.001513486 0.998447359 -0.055682443 -6.969446182 -0.984032035 -0.011397695 -0.177626610 102.350112915
-0.181112647 0.051907327 0.982091665 123.469001770 -0.001036667 0.998595536 -0.052970804 -7.018465042 -0.983461857 -0.010611782 -0.180804491 102.231895447
-0.185142994 0.048432130 0.981517315 124.200561523 0.002843925 0.998807013 -0.048748825 -7.072524548 -0.982707381 -0.006234147 -0.185059905 102.089172363
-0.190383077 0.047028750 0.980582952 124.943740845 0.005948185 0.998888850 -0.046751849 -7.123374462 -0.981692016 -0.003068062 -0.190451264 101.940071106
-0.196525931 0.045459621 0.979444385 125.672149658 0.004560250 0.998956203 -0.045450225 -7.172989845 -0.980488181 -0.004465630 -0.196528077 101.796272278
-0.204787970 0.045872476 0.977730989 126.394203186 0.003554791 0.998929441 -0.046122499 -7.218237400 -0.978800058 -0.005969698 -0.204731822 101.648971558
-0.215575695 0.045739740 0.975415528 127.093254089 0.003254777 0.998930454 -0.046123087 -7.270727634 -0.976481915 -0.006768246 -0.215493917 101.496292114
-0.227438092 0.047195103 0.972648144 127.827598572 0.003898063 0.998861015 -0.047555506 -7.310050964 -0.973784685 -0.007024494 -0.227362990 101.324234009
-0.240092754 0.048148129 0.969555318 128.535827637 0.004938259 0.998816848 -0.048378393 -7.351506710 -0.970737576 -0.006827376 -0.240046382 101.147529602
-0.251781225 0.048460297 0.966570199 129.240966797 0.007423239 0.998812854 -0.048143160 -7.395355701 -0.967755795 -0.004946460 -0.251842022 100.960502625
-0.262734771 0.048161075 0.963665485 129.922698975 0.010715812 0.998837531 -0.046997301 -7.445005894 -0.964808702 -0.002021366 -0.262945414 100.756744385
-0.272421956 0.048129950 0.960973322 130.631011963 0.015028736 0.998839140 -0.045766015 -7.488484859 -0.962060511 0.001974547 -0.272828937 100.555091858
-0.281105280 0.048457801 0.958452880 131.321502686 0.020930069 0.998796403 -0.044358917 -7.535348892 -0.959448814 0.007590960 -0.281781197 100.339973450
-0.289398074 0.048751447 0.955966651 132.011657715 0.025483165 0.998740613 -0.043218322 -7.577125549 -0.956869662 0.011853760 -0.290275931 100.134101868
-0.295464993 0.048754375 0.954108953 132.698974609 0.026259083 0.998734117 -0.042902891 -7.624511242 -0.954992831 0.012377730 -0.296371222 99.916030884
-0.300429821 0.047071170 0.952641785 133.375213623 0.029850844 0.998756230 -0.039935835 -7.664710045 -0.953336775 0.016439244 -0.301461339 99.704940796
-0.302156448 0.044648539 0.952212155 134.064193726 0.035293158 0.998741627 -0.035631027 -7.699957371 -0.952604771 0.022840427 -0.303352118 99.474021912
-0.302910328 0.043692049 0.952017128 134.741912842 0.041580360 0.998603165 -0.032600153 -7.734507084 -0.952111661 0.029710291 -0.304304004 99.245849609
-0.303990483 0.042223703 0.951738954 135.413482666 0.043738093 0.998582482 -0.030331733 -7.772584915 -0.951670587 0.032406688 -0.305406332 99.026702881
-0.303262591 0.047617950 0.951716423 136.079101562 0.046077341 0.998315156 -0.035266999 -7.810183048 -0.951792240 0.033157401 -0.304945707 98.809204102
-0.302248955 0.050973516 0.951865196 136.734146118 0.046766464 0.998159647 -0.038602732 -7.840662956 -0.952081144 0.032847732 -0.304076552 98.604995728
-0.301499963 0.050921723 0.952105582 137.390594482 0.048852243 0.998086274 -0.037911065 -7.878324509 -0.952214003 0.035082310 -0.303410649 98.398208618
-0.299526930 0.050244171 0.952763975 138.041320801 0.049817797 0.998073757 -0.036972035 -7.900871277 -0.952786386 0.036390483 -0.301452994 98.189941406
-0.297504663 0.046448920 0.953589857 138.688674927 0.051502299 0.998142242 -0.032551158 -7.955122471 -0.953330278 0.039427944 -0.299344301 97.985717773
-0.296345949 0.046732046 0.953936636 139.327102661 0.052161708 0.998103440 -0.032691374 -7.993030548 -0.953655183 0.040071011 -0.298221588 97.784988403
-0.293940425 0.048912097 0.954571545 139.961563110 0.053454977 0.997968018 -0.034675386 -8.027620316 -0.954327941 0.040834103 -0.295957804 97.590988159
-0.289626122 0.050854146 0.955788076 140.596420288 0.055115633 0.997816682 -0.036389031 -8.059840202 -0.955551803 0.042139649 -0.291796565 97.398727417
-0.283838511 0.049591616 0.957588851 141.227569580 0.055779479 0.997824490 -0.035141762 -8.098350525 -0.957248330 0.043439217 -0.285987258 97.208007812
-0.278948784 0.047911044 0.959110022 141.845809937 0.056329202 0.997851312 -0.033463452 -8.133212090 -0.958652496 0.044691317 -0.281048179 97.033752441
-0.274113059 0.045855537 0.960603774 142.467086792 0.056266852 0.997916162 -0.031580675 -8.167100906 -0.960050225 0.045393474 -0.276121974 96.855880737
-0.270095825 0.045108654 0.961776257 143.080963135 0.056600161 0.997918367 -0.030908737 -8.199574471 -0.961168408 0.046088368 -0.272086859 96.682571411
-0.266151905 0.043743622 0.962938011 143.713699341 0.057401408 0.997916222 -0.029467089 -8.228420258 -0.962220490 0.047431279 -0.268108249 96.515930176
-0.262494683 0.041976806 0.964020073 144.321746826 0.060689706 0.997793555 -0.026922127 -8.260536194 -0.963023126 0.051439177 -0.264463067 96.347640991
-0.258644938 0.040754881 0.965112448 144.931396484 0.063090116 0.997689068 -0.025222726 -8.283206940 -0.963910103 0.054365322 -0.260618448 96.180755615
-0.254966378 0.039536212 0.966141403 145.535827637 0.061487112 0.997804523 -0.024605375 -8.311315536 -0.964993060 0.053131700 -0.256837606 96.021575928
-0.251633763 0.040333968 0.966981888 146.112945557 0.058480401 0.997939229 -0.026407134 -8.340627670 -0.966054261 0.049904559 -0.253473997 95.890701294
-0.247021914 0.043979649 0.968011320 146.701843262 0.059524450 0.997771680 -0.030142004 -8.367694855 -0.967179894 0.050174609 -0.249089360 95.742782593
-0.241626620 0.047285456 0.969216764 147.288604736 0.061330725 0.997559249 -0.033378422 -8.394628525 -0.968429446 0.051377643 -0.243936896 95.602966309
-0.234810591 0.047844678 0.970862985 147.877929688 0.060327798 0.997579813 -0.034570560 -8.425073624 -0.970167279 0.050452489 -0.237128735 95.466613770
-0.226548195 0.045917887 0.972917020 148.452209473 0.056777526 0.997812092 -0.033871938 -8.461076736 -0.972343743 0.047566202 -0.228659630 95.341812134
-0.216388583 0.044003818 0.975315213 149.025680542 0.055750955 0.997910559 -0.032654066 -8.490369797 -0.974714279 0.047308788 -0.218389750 95.234756470
-0.203837752 0.043124404 0.978054404 149.591110229 0.056700062 0.997872472 -0.032181278 -8.514900208 -0.977361381 0.048895989 -0.205849171 95.114913940
-0.190547943 0.041936051 0.980781913 150.164169312 0.056403715 0.997904360 -0.031709973 -8.544273376 -0.980056345 0.049277473 -0.192513943 95.014526367
-0.175701261 0.041109718 0.983584940 150.737335205 0.055478871 0.997953355 -0.031799883 -8.577776909 -0.982879162 0.048980903 -0.177622318 94.932601929
-0.156720519 0.040277492 0.986821353 151.300277710 0.054508816 0.997997940 -0.032076932 -8.606225967 -0.986137629 0.048763350 -0.158602238 94.847473145
-0.135726810 0.039089084 0.989975035 151.867523193 0.052848443 0.998084426 -0.032163709 -8.640547752 -0.989335895 0.047953159 -0.137532711 94.783340454
-0.113283277 0.038991705 0.992797554 152.431045532 0.049430802 0.998213410 -0.033564117 -8.666542053 -0.992332578 0.045272522 -0.115008354 94.735778809
-0.092035532 0.039499190 0.994972050 152.997558594 0.042874206 0.998443484 -0.035671115 -8.705376625 -0.994832277 0.039375622 -0.093585849 94.715545654
-0.071116567 0.040162735 0.996659100 153.551727295 0.035704486 0.998651206 -0.037695318 -8.743838310 -0.996828794 0.032904439 -0.072454572 94.699935913
-0.051834941 0.041044544 0.997812033 154.111022949 0.030124556 0.998764634 -0.039518815 -8.769302368 -0.998201370 0.028010193 -0.053007364 94.684844971
-0.036428928 0.040765397 0.998504519 154.670959473 0.023244789 0.998931885 -0.039934799 -8.796942711 -0.999065936 0.021755248 -0.037337542 94.685195923
-0.026793003 0.038946096 0.998882234 155.230529785 0.015083252 0.999142766 -0.038551688 -8.825218201 -0.999527395 0.014033483 -0.027357459 94.691146851
-0.024778247 0.036072459 0.999042094 155.785903931 0.006528514 0.999333322 -0.035921060 -8.861974716 -0.999671817 0.005632203 -0.024997234 94.697647095
-0.030538082 0.033610076 0.998968542 156.339508057 0.000214791 0.999434710 -0.033619199 -8.884065628 -0.999533772 -0.000812090 -0.030528069 94.688400269
-0.043122292 0.029425690 0.998636484 156.888702393 -0.002918112 0.999558210 -0.029578861 -8.918795586 -0.999065638 -0.004189640 -0.043017387 94.663085938
-0.056998372 0.027540725 0.997994363 157.437698364 -0.002909362 0.999610603 -0.027751489 -8.945529938 -0.998370051 -0.004485318 -0.056896091 94.630065918
-0.069335699 0.026285635 0.997247219 157.975357056 0.000089161 0.999652982 -0.026342852 -8.971102715 -0.997593522 -0.001737579 -0.069313884 94.581680298
-0.081547618 0.025774742 0.996336162 158.513549805 0.000897952 0.999667048 -0.025787415 -8.997220993 -0.996669114 -0.001208240 -0.081543684 94.532531738
-0.095610619 0.024792265 0.995110154 159.056640625 -0.002361030 0.999681354 -0.025133003 -9.023138046 -0.995416164 -0.004752464 -0.095521569 94.484283447
-0.111912608 0.023799947 0.993432999 159.591491699 -0.004999685 0.999687016 -0.024513001 -9.039167404 -0.993705511 -0.007710164 -0.111758590 94.426025391
-0.129447222 0.022724023 0.991325974 160.117645264 -0.005336687 0.999706924 -0.023613004 -9.066878319 -0.991572022 -0.008347033 -0.129287958 94.356994629
-0.144203186 0.022428889 0.989293873 160.630233765 -0.001739446 0.999735832 -0.022919172 -9.083010674 -0.989546537 -0.005025840 -0.144126058 94.267227173
-0.158674955 0.020463899 0.987118900 161.152481079 -0.000903126 0.999781728 -0.020871587 -9.107740402 -0.987330556 -0.004203289 -0.158621907 94.180908203
-0.172378540 0.019452544 0.984838665 161.639266968 0.000423284 0.999806345 -0.019674096 -9.124336243 -0.985030711 -0.002974525 -0.172353387 94.079223633
-0.186232686 0.018451558 0.982332587 162.149856567 -0.001645663 0.999816358 -0.019091956 -9.144315720 -0.982504487 -0.005172131 -0.186168075 93.987319946
-0.198579192 0.017847808 0.979922473 162.644195557 -0.001110685 0.999829412 -0.018435463 -9.164237022 -0.980084360 -0.004749281 -0.198525429 93.879730225
-0.209277987 0.019242128 0.977666795 163.135818481 0.003138872 0.999814451 -0.019006127 -9.182819366 -0.977851093 -0.000908794 -0.209299564 93.763214111
-0.219358444 0.022090502 0.975394189 163.625915527 0.007064979 0.999753416 -0.021053324 -9.206346512 -0.975618720 0.002272916 -0.219460368 93.648208618
-0.226672411 0.022500128 0.973711312 164.120178223 0.006838244 0.999745250 -0.021509824 -9.226863861 -0.973947227 0.001782794 -0.226768613 93.536239624
-0.231314301 0.022502732 0.972618937 164.596588135 0.008277379 0.999741793 -0.021161679 -9.246828079 -0.972844005 0.003155740 -0.231440902 93.417877197
-0.234431028 0.021270540 0.971900165 165.069580078 0.007173023 0.999771237 -0.020150319 -9.262114525 -0.972106457 0.002247606 -0.234529972 93.306015015
-0.236800432 0.020250751 0.971347392 165.551788330 0.008322407 0.999788344 -0.018814811 -9.280195236 -0.971522868 0.003628596 -0.236918807 93.194046021
-0.236949801 0.019883543 0.971318364 166.021301270 0.010370492 0.999785364 -0.017936435 -9.296960831 -0.971466482 0.005823015 -0.237105131 93.076995850
-0.238366008 0.020057265 0.970968306 166.491867065 0.010925640 0.999778807 -0.017970236 -9.322158813 -0.971113980 0.006324959 -0.238532424 92.961715698
-0.241557240 0.020576632 0.970168412 166.975448608 0.010075444 0.999774456 -0.018695923 -9.338858604 -0.970334291 0.005258742 -0.241710067 92.854446411
-0.244048238 0.023670325 0.969474196 167.438095093 0.010260591 0.999709129 -0.021825606 -9.353142738 -0.969708800 0.004620878 -0.244220138 92.731872559
-0.248147249 0.025087141 0.968397439 167.911087036 0.009798460 0.999678493 -0.023386693 -9.368310928 -0.968672812 0.003685458 -0.248313308 92.611404419
-0.253474236 0.024219394 0.967038870 168.404785156 0.008739695 0.999703050 -0.022746669 -9.382508278 -0.967302620 0.002685930 -0.253610730 92.485961914
-0.258696795 0.022671115 0.965692520 168.898620605 0.007965607 0.999740601 -0.021336563 -9.408340454 -0.965925753 0.002172627 -0.258810282 92.355682373
-0.264506578 0.023718040 0.964092195 169.402420044 0.011023995 0.999706566 -0.021569680 -9.424505234 -0.964320898 0.004922826 -0.264690399 92.215957642
-0.269782782 0.024727112 0.962603807 169.910766602 0.013491268 0.999669194 -0.021898130 -9.444019318 -0.962826848 0.007079011 -0.270027041 92.068954468
-0.275571704 0.026104514 0.960926056 170.431625366 0.013083361 0.999640465 -0.023404220 -9.459516525 -0.961191535 0.006122603 -0.275814176 91.919540405
-0.281331897 0.027416961 0.959218800 170.944259644 0.011918495 0.999614477 -0.025075966 -9.480131149 -0.959536493 0.004377775 -0.281550288 91.769378662
-0.286628842 0.029073032 0.957600594 171.471237183 0.014188123 0.999558628 -0.026100108 -9.497005463 -0.957936704 0.006105512 -0.286914825 91.608703613
-0.291741371 0.029752826 0.956034422 172.003845215 0.018019585 0.999509692 -0.025607008 -9.519468307 -0.956327558 0.009756722 -0.292134404 91.440887451
-0.296070814 0.030788714 0.954669774 172.537551880 0.021900529 0.999436438 -0.025440481 -9.538316727 -0.954914987 0.013375590 -0.296578169 91.265335083
-0.300045848 0.029314242 0.953474283 173.080062866 0.019821063 0.999503493 -0.024491968 -9.562017441 -0.953718901 0.011550161 -0.300477982 91.095764160
-0.304383636 0.027585594 0.952149987 173.640213013 0.020292694 0.999541521 -0.022471439 -9.579923630 -0.952333331 0.012481750 -0.304803967 90.926864624
-0.306896925 0.024051284 0.951438963 174.188949585 0.020481737 0.999616027 -0.018662544 -9.597938538 -0.951522470 0.013759647 -0.307271600 90.746063232
-0.309613585 0.022191092 0.950603485 174.744918823 0.024381205 0.999584198 -0.015393499 -9.621189117 -0.950549841 0.018410822 -0.310025811 90.561370850
-0.311602116 0.021099869 0.949978292 175.297912598 0.026756451 0.999551833 -0.013424564 -9.639773369 -0.949835777 0.021234926 -0.312026978 90.377136230
-0.312892795 0.019085068 0.949596763 175.847183228 0.025311314 0.999610543 -0.011750157 -9.660640717 -0.949451208 0.020359000 -0.313253999 90.201538086
-0.313119411 0.021086369 0.949479580 176.407531738 0.025533345 0.999579012 -0.013778605 -9.679460526 -0.949370444 0.019929040 -0.313526034 90.020050049
-0.312182426 0.022374332 0.949758708 176.950973511 0.026621681 0.999536037 -0.014796529 -9.692665100 -0.949649155 0.020664956 -0.312633276 89.840316772
-0.311144948 0.023754677 0.950065553 177.501464844 0.028759817 0.999465048 -0.015571029 -9.707837105 -0.949927211 0.022478862 -0.311661720 89.662612915
-0.309023738 0.023265645 0.950769842 178.050094604 0.027428124 0.999502957 -0.015543347 -9.726842880 -0.950658917 0.021274569 -0.309508204 89.489242554
-0.307072759 0.023882532 0.951386333 178.599533081 0.027790716 0.999483764 -0.016120089 -9.742023468 -0.951280177 0.021489667 -0.307577968 89.327362061
-0.304253101 0.023636943 0.952298105 179.135787964 0.028285811 0.999475479 -0.015770800 -9.763360023 -0.952171385 0.022138208 -0.304762125 89.155487061
-0.301314950 0.026283830 0.953162372 179.665695190 0.030344084 0.999378026 -0.017965838 -9.778917313 -0.953041792 0.023509465 -0.301925063 88.986495972
-0.298063993 0.030122709 0.954070508 180.209686279 0.030823391 0.999284446 -0.021920614 -9.756622314 -0.954048157 0.022873940 -0.298779249 88.830169678
-0.294495940 0.028797703 0.955218792 180.722000122 0.030636316 0.999316633 -0.020681916 -9.820980072 -0.955161572 0.023173643 -0.295176983 88.678390503
-0.290315390 0.029774001 0.956467867 181.225250244 0.031139338 0.999280453 -0.021655044 -9.824376106 -0.956424356 0.023496984 -0.291033626 88.522750854
-0.286335826 0.027194420 0.957743406 181.708175659 0.030116441 0.999358654 -0.019372169 -9.860506058 -0.957655966 0.023296876 -0.286971211 88.387329102
-0.281323075 0.024255019 0.959306657 182.184646606 0.030612029 0.999398589 -0.016291521 -9.879858017 -0.959124863 0.024783142 -0.281896353 88.246200562
-0.275845051 0.020894427 0.960975051 182.650222778 0.032091331 0.999406517 -0.012518319 -9.888868332 -0.960666299 0.027385850 -0.276351929 88.116943359
-0.268692493 0.018024147 0.963057578 183.112823486 0.033694677 0.999388874 -0.009303319 -9.904788017 -0.962636709 0.029950177 -0.269135594 87.994812012
-0.260977507 0.016445020 0.965204895 183.530822754 0.033495426 0.999407113 -0.007971074 -9.919835091 -0.964763701 0.030249676 -0.261373520 87.903549194
-0.249510765 0.015473734 0.968248546 183.946975708 0.032977618 0.999428153 -0.007473929 -9.934165955 -0.967810512 0.030065704 -0.249878287 87.799835205
-0.236161590 0.016008394 0.971581876 184.351348877 0.031762328 0.999457181 -0.008747242 -9.944457054 -0.971194506 0.028793942 -0.236541867 87.715881348
-0.220110297 0.017055899 0.975325882 184.753860474 0.029953472 0.999493837 -0.010718673 -9.962058067 -0.975015044 0.026855107 -0.220509768 87.638870239
-0.200635791 0.021522693 0.979429424 185.160583496 0.030575942 0.999409139 -0.015698271 -9.971074104 -0.979188621 0.026797343 -0.201175332 87.559600830
-0.177777410 0.024414232 0.983768046 185.540954590 0.031199479 0.999329448 -0.019162353 -9.987065315 -0.983576238 0.027286418 -0.178419828 87.496078491
-0.152189374 0.024805002 0.988040030 185.937118530 0.031227559 0.999306560 -0.020277821 -9.999212265 -0.987857878 0.027768010 -0.152858496 87.459457397
-0.123748422 0.022187924 0.992065668 186.335998535 0.027173949 0.999450803 -0.018963473 -10.014393806 -0.991941631 0.024611643 -0.124283314 87.429901123
-0.094785213 0.019335935 0.995310128 186.696807861 0.022459740 0.999598384 -0.017280368 -10.034873962 -0.995244503 0.020716485 -0.095181346 87.448837280
-0.062567234 0.018123683 0.997876287 187.082885742 0.017230883 0.999705672 -0.017076530 -10.043829918 -0.997892082 0.016125860 -0.062861085 87.450988770
-0.030970335 0.015697572 0.999397218 187.461853027 0.011490133 0.999816179 -0.015348090 -10.058305740 -0.999454439 0.011007871 -0.031145096 87.466262817
-0.000677943 0.011844334 0.999929607 187.846847534 0.007140996 0.999904394 -0.011839194 -10.068748474 -0.999974310 0.007132468 -0.000762463 87.498504639
0.030402899 0.007939483 0.999506295 188.235183716 0.004052085 0.999959230 -0.008066339 -10.078095436 -0.999529660 0.004295326 0.030369520 87.543075562
0.062478065 0.005009861 0.998033881 188.606201172 0.004791233 0.999974370 -0.005319539 -10.091598511 -0.998034954 0.005114167 0.062452435 87.586059570
0.095606446 0.003188182 0.995414138 188.975769043 0.003145856 0.999988914 -0.003504984 -10.101618767 -0.995414317 0.003466529 0.095595360 87.642990112
0.129517496 0.002450319 0.991574168 189.310394287 0.002658491 0.999992490 -0.002818368 -10.112654686 -0.991573632 0.003001119 0.129509985 87.716400146
0.165182829 0.003012040 0.986258447 189.669387817 0.001922573 0.999992430 -0.003375986 -10.125601768 -0.986261129 0.002453809 0.165175796 87.806350708
0.203235745 0.006243411 0.979110003 190.039169312 0.001594785 0.999976218 -0.006707501 -10.127554893 -0.979128599 0.002924674 0.203220963 87.906570435
0.242721379 0.008457483 0.970059276 190.411422729 0.002758073 0.999951959 -0.009408209 -10.135209084 -0.970092237 0.004959069 0.242686391 88.022064209
0.283594131 0.009202102 0.958900392 190.784896851 0.001816255 0.999947011 -0.010133165 -10.146448135 -0.958942831 0.004615314 0.283562362 88.165847778
0.325549543 0.012537631 0.945441902 191.136154175 -0.003240326 0.999921024 -0.012144326 -10.158995628 -0.945519507 0.000890041 0.325564444 88.331832886
0.368948460 0.017694300 0.929281473 191.460571289 -0.008409971 0.999841392 -0.015698846 -10.167581558 -0.929411888 -0.002023163 0.369038761 88.510223389
0.413115263 0.021665437 0.910420954 191.822006226 -0.010872611 0.999763072 -0.018857939 -10.176504135 -0.910613835 -0.002108150 0.413252950 88.715377808
0.456571400 0.022995377 0.889389634 192.197204590 -0.008393564 0.999732792 -0.021539459 -10.189908028 -0.889647305 0.002369155 0.456642389 88.940643311
0.499604464 0.023360942 0.865938604 192.555847168 -0.004665107 0.999694347 -0.024277812 -10.207819939 -0.866241097 0.008089609 0.499560714 89.178916931
0.542273879 0.021843834 0.839917839 192.929306030 -0.000069818 0.999663174 -0.025953274 -10.218758583 -0.840201795 0.014015144 0.542092800 89.451278687
0.582874298 0.022020672 0.812263906 193.267517090 -0.002726387 0.999680102 -0.025145136 -10.227576256 -0.812557757 0.012441907 0.582747877 89.735366821
0.622372031 0.023810228 0.782359362 193.630386353 -0.009854849 0.999696374 -0.022585038 -10.239097595 -0.782659590 0.006346264 0.622417688 90.066169739
0.659259677 0.024797808 0.751506329 193.969696045 -0.014484067 0.999689400 -0.020281060 -10.258749008 -0.751775861 0.002485616 0.659414053 90.442276001
0.695106030 0.025907537 0.718440235 194.335494995 -0.016432934 0.999661922 -0.020149410 -10.261430740 -0.718719363 0.002199895 0.695296764 90.840705872
0.728781223 0.024379339 0.684312522 194.668930054 -0.014952463 0.999694288 -0.019691022 -10.280061722 -0.684583366 0.004118289 0.728922963 91.232391357
0.759897113 0.023221316 0.649628460 194.998947144 -0.014460504 0.999718308 -0.018820420 -10.294723511 -0.649882495 0.004907627 0.760018826 91.660095215
0.787801683 0.021210749 0.615563691 195.316162109 -0.013049497 0.999757349 -0.017748263 -10.312911034 -0.615790725 0.005949316 0.787887335 92.101226807
0.812393844 0.020362671 0.582753420 195.633453369 -0.013263823 0.999776840 -0.016443796 -10.332275391 -0.582958221 0.005629302 0.812482655 92.577468872
0.833842039 0.020749502 0.551613033 195.936218262 -0.015003507 0.999776006 -0.014927676 -10.345655441 -0.551799238 0.004171193 0.833966553 93.086929321
0.851987243 0.020198682 0.523172855 196.240066528 -0.015742714 0.999792039 -0.012963003 -10.359660149 -0.523325861 0.002808154 0.852128029 93.635055542
0.867682517 0.019186059 0.496748418 196.561218262 -0.016204135 0.999815524 -0.010312009 -10.368768692 -0.496854633 0.000898171 0.867833316 94.205169678
0.880453110 0.018084018 0.473788172 196.848129272 -0.017208366 0.999832809 -0.006183847 -10.379050255 -0.473820806 -0.002708533 0.880617142 94.788894653
0.890681446 0.016079156 0.454343498 197.136184692 -0.016584076 0.999858320 -0.002873925 -10.390703201 -0.454325348 -0.004975115 0.890821934 95.403305054
0.899609387 0.012675276 0.436511576 197.440475464 -0.013498565 0.999908149 -0.001215721 -10.398372650 -0.436486900 -0.004798605 0.899697840 96.029724121
0.907286286 0.009000887 0.420417219 197.728393555 -0.009506472 0.999954402 -0.000892888 -10.404122353 -0.420406073 -0.003186579 0.907330453 96.681777954
0.914839208 0.004413476 0.403794169 198.022567749 -0.004742669 0.999988735 -0.000184863 -10.412769318 -0.403790414 -0.001745942 0.914849877 97.351516724
0.921703696 0.002036077 0.387889415 198.297119141 -0.002131853 0.999997735 -0.000183392 -10.418605804 -0.387888908 -0.000657890 0.921705902 98.047554016
0.928707302 0.001995796 0.370808274 198.575424194 -0.001705649 0.999997914 -0.001110393 -10.425173759 -0.370809704 0.000398761 0.928708792 98.741249084
0.934817970 0.002277644 0.355120033 198.843383789 -0.001866398 0.999997139 -0.001500605 -10.430052757 -0.355122417 0.000739997 0.934819520 99.476715088
0.939648569 0.003344990 0.342124820 199.094970703 -0.003133721 0.999994397 -0.001170259 -10.439449310 -0.342126817 0.000027509 0.939653814 100.224449158
0.942538500 0.005953304 0.334044546 199.352111816 -0.006438092 0.999979198 0.000344174 -10.449672699 -0.334035546 -0.002475007 0.942557216 101.014511108
0.944253743 0.008064661 0.329119831 199.623336792 -0.009084225 0.999957502 0.001560206 -10.465398788 -0.329093248 -0.004463029 0.944286883 101.763977051
0.944623768 0.009990091 0.328003317 199.881347656 -0.011505315 0.999930203 0.002679243 -10.472092628 -0.327953666 -0.006304658 0.944672763 102.559295654
0.944837689 0.008023280 0.327440709 200.155899048 -0.009432316 0.999951839 0.002715342 -10.478996277 -0.327403128 -0.005654082 0.944867849 103.360366821
0.945067704 0.006072418 0.326818258 200.452163696 -0.007302151 0.999970138 0.002535938 -10.485539436 -0.326793104 -0.004783109 0.945083797 104.162544250
0.945007086 0.003903900 0.327026576 200.732589722 -0.004490125 0.999989390 0.001037658 -10.499849319 -0.327019036 -0.002448984 0.945014596 104.978965759
0.945052683 0.003120384 0.326903135 201.027023315 -0.003224621 0.999994755 -0.000223098 -10.509819031 -0.326902121 -0.000843300 0.945057809 105.820434570
0.944870949 0.003543332 0.327423751 201.307357788 -0.003800437 0.999992788 0.000145428 -10.519597054 -0.327420861 -0.001381764 0.944877625 106.661170959
0.944528103 0.002755260 0.328419060 201.598541260 -0.003522383 0.999992251 0.001740918 -10.530925751 -0.328411728 -0.002801163 0.944530487 107.516464233
0.944235742 0.001131324 0.329268217 201.898727417 -0.002778188 0.999985874 0.004531128 -10.538472176 -0.329258442 -0.005193222 0.944225550 108.375892639
0.943996131 -0.001609333 0.329952598 202.200546265 -0.000297211 0.999983549 0.005727710 -10.554385185 -0.329956412 -0.005505002 0.943980098 109.243804932
0.943885803 -0.002180661 0.330264896 202.503433228 0.000189375 0.999981582 0.006061417 -10.564440727 -0.330272019 -0.005658741 0.943868816 110.108207703
0.943595052 -0.003180571 0.331086546 202.799575806 0.001603666 0.999986053 0.005035889 -10.577200890 -0.331097960 -0.004220888 0.943586946 110.980110168
0.943525910 -0.005170108 0.331258506 203.099304199 0.003173152 0.999973416 0.006568947 -10.586839676 -0.331283629 -0.005146839 0.943517208 111.843795776
0.943401396 -0.007556859 0.331567049 203.410293579 0.004715200 0.999944925 0.009374021 -10.598061562 -0.331619620 -0.007280060 0.943385065 112.729148865
0.943268120 -0.008765334 0.331916243 203.710083008 0.005322627 0.999922216 0.011279917 -10.610445976 -0.331989288 -0.008873320 0.943241417 113.599800110
0.943329692 -0.010791174 0.331681490 204.025848389 0.007495927 0.999909043 0.011212752 -10.617790222 -0.331772298 -0.008091063 0.943324804 114.478637695
0.943532407 -0.012077491 0.331059963 204.332061768 0.009195322 0.999904990 0.010270826 -10.622663498 -0.331152558 -0.006646654 0.943553805 115.349136353
0.943526089 -0.011864944 0.331085771 204.633804321 0.009498670 0.999916494 0.008764229 -10.631423950 -0.331162095 -0.005124405 0.943559945 116.224548340
0.943642259 -0.012344447 0.330736846 204.937332153 0.010548194 0.999918282 0.007225432 -10.642255783 -0.330799013 -0.003329548 0.943695366 117.111305237
0.944036543 -0.012538433 0.329602420 205.236938477 0.010881263 0.999917209 0.006872174 -10.650395393 -0.329661280 -0.002901094 0.944094837 117.986213684
0.944413900 -0.012980214 0.328502476 205.544830322 0.011261722 0.999911129 0.007133383 -10.662980080 -0.328565896 -0.003037364 0.944476187 118.869209290
0.944831073 -0.012434334 0.327321976 205.833450317 0.010385373 0.999913990 0.008006927 -10.669114113 -0.327393383 -0.004165833 0.944878936 119.730285645
0.945174992 -0.012482843 0.326325685 206.139205933 0.010272486 0.999911129 0.008495922 -10.685082436 -0.326402754 -0.004677957 0.945219219 120.627929688
0.945597529 -0.012040917 0.325115979 206.429565430 0.009731127 0.999914527 0.008729681 -10.699060440 -0.325193316 -0.005091021 0.945633888 121.495704651
0.946132898 -0.011789404 0.323563844 206.729675293 0.009638334 0.999919534 0.008249719 -10.706373215 -0.323635072 -0.004686714 0.946170390 122.387825012
0.946609974 -0.011573689 0.322173297 207.019027710 0.009514355 0.999922991 0.007965945 -10.713715553 -0.322240710 -0.004475371 0.946647167 123.254104614
0.947075903 -0.013259383 0.320735693 207.312164307 0.010782011 0.999896765 0.009498884 -10.724157333 -0.320828527 -0.005537989 0.947121084 124.129463196
0.947618604 -0.014536187 0.319073230 207.617904663 0.011759992 0.999874413 0.010625695 -10.735422134 -0.319187611 -0.006316808 0.947670519 125.038696289
0.948162436 -0.015266492 0.317419231 207.903228760 0.012314510 0.999860287 0.011304305 -10.742927551 -0.317547441 -0.006809455 0.948217928 125.917320251
0.948739588 -0.015839644 0.315661699 208.188171387 0.012927139 0.999852359 0.011318499 -10.750540733 -0.315794379 -0.006657706 0.948804319 126.794937134
0.949368834 -0.017945457 0.313650787 208.482772827 0.015069304 0.999819279 0.011592151 -10.763751984 -0.313802123 -0.006278729 0.949467659 127.649871826
0.950128555 -0.017622260 0.311360210 208.761276245 0.014950198 0.999828100 0.010966786 -10.771280289 -0.311499953 -0.005764960 0.950228691 128.503967285
0.950607300 -0.018157521 0.309864670 209.037139893 0.015720099 0.999822736 0.010361500 -10.777722359 -0.309997857 -0.004978614 0.950724244 129.357299805
0.951181173 -0.019206075 0.308034867 209.300628662 0.016266953 0.999794364 0.012106767 -10.786271095 -0.308204055 -0.006504940 0.951298058 130.190719604
0.951969624 -0.020170057 0.305527449 209.562210083 0.016120940 0.999745667 0.015770376 -10.790308952 -0.305767804 -0.010087530 0.952052653 131.016021729
0.952544093 -0.020034103 0.303740710 209.811492920 0.015073139 0.999712110 0.018668899 -10.795339584 -0.304027259 -0.013204624 0.952571809 131.847869873
0.953249872 -0.020753311 0.301469743 210.066970825 0.016583771 0.999728262 0.016383715 -10.801299095 -0.301727831 -0.010618269 0.953334987 132.647048950
0.954094887 -0.019217338 0.298887342 210.310653687 0.016400503 0.999794304 0.011930083 -10.808343887 -0.299055129 -0.006480529 0.954213858 133.430557251
0.954928875 -0.017036313 0.296345353 210.548706055 0.015266934 0.999849141 0.008283936 -10.814501762 -0.296441793 -0.003386285 0.955044925 134.201263428
0.955503523 -0.015405793 0.294577152 210.765731812 0.013866455 0.999877095 0.007313712 -10.826793671 -0.294653624 -0.002903536 0.955599725 134.958969116
0.956308007 -0.015332509 0.291958690 210.984741211 0.013445100 0.999873757 0.008470089 -10.832461357 -0.292051673 -0.004174601 0.956393421 135.696731567
0.957228482 -0.016383845 0.288868845 211.188674927 0.013563332 0.999838829 0.011763110 -10.844236374 -0.289015025 -0.007341960 0.957296431 136.418380737
0.958456814 -0.018661052 0.284626633 211.407913208 0.015052970 0.999776304 0.014858959 -10.854497910 -0.284840226 -0.009957195 0.958523273 137.138946533
0.959862232 -0.018180093 0.279882073 211.601211548 0.013945978 0.999756336 0.017112365 -10.865106583 -0.280124962 -0.012522283 0.959881842 137.817520142
0.960767925 -0.018376889 0.276744127 211.768966675 0.014140168 0.999750376 0.017297138 -10.875491142 -0.276992917 -0.012705326 0.960787952 138.467697144
0.961876631 -0.016035121 0.273013204 211.944732666 0.012239445 0.999803364 0.015600465 -10.880567551 -0.273209691 -0.011664193 0.961883783 139.099670410
0.962733030 -0.014907990 0.270042330 212.109161377 0.011514293 0.999833643 0.014147109 -10.884446144 -0.270208299 -0.010510543 0.962744534 139.718017578
0.963309586 -0.011937324 0.268127173 212.273773193 0.009281613 0.999894559 0.011170069 -10.890758514 -0.268232226 -0.008271581 0.963318765 140.303115845
0.963376462 -0.010680098 0.267939806 212.426666260 0.008164864 0.999911547 0.010499805 -10.902798653 -0.268028229 -0.007927573 0.963378429 140.874969482
0.963876843 -0.009138118 0.266191423 212.574432373 0.007045448 0.999936342 0.008815428 -10.913366318 -0.266255021 -0.006621550 0.963879883 141.416336060
0.964209080 -0.008509155 0.265006393 212.707748413 0.007103063 0.999955177 0.006263760 -10.920690536 -0.265047818 -0.004157218 0.964226305 141.928054810
0.964312136 -0.008715680 0.264624596 212.841690063 0.007869849 0.999959946 0.004256369 -10.932458878 -0.264651090 -0.002021913 0.964342117 142.427078247
0.964559495 -0.007441279 0.263760567 212.972412109 0.006359019 0.999967515 0.004956713 -10.938703537 -0.263788879 -0.003103787 0.964575469 142.908294678
0.964975119 -0.006431873 0.262262523 213.087875366 0.005033620 0.999969304 0.006002986 -10.945693970 -0.262293100 -0.004472602 0.964977920 143.384277344
0.965688467 -0.006921437 0.259610921 213.206283569 0.005600607 0.999967337 0.005827066 -10.953910828 -0.259642780 -0.004173152 0.965695739 143.846145630
0.966836333 -0.008063181 0.255269468 213.323410034 0.007088501 0.999963641 0.004738002 -10.955496788 -0.255298406 -0.002771394 0.966858327 144.305130005
0.968588650 -0.010655669 0.248440117 213.441284180 0.009693023 0.999940038 0.005097722 -10.969054222 -0.248479545 -0.002529460 0.968633831 144.770629883
0.971188247 -0.013211495 0.237947166 213.550918579 0.012174559 0.999908924 0.005826937 -10.982684135 -0.238002464 -0.002762150 0.971260607 145.227020264
0.974465668 -0.013857045 0.224108636 213.639053345 0.013070184 0.999902129 0.004994202 -10.987001419 -0.224155903 -0.001937539 0.974551380 145.673019409
0.978383541 -0.013664229 0.206346750 213.712677002 0.013173276 0.999906182 0.003753057 -10.998154640 -0.206378669 -0.000953667 0.978471756 146.117263794
0.982846856 -0.012123127 0.184024811 213.774002075 0.011836939 0.999926448 0.002653650 -11.002079010 -0.184043437 -0.000429841 0.982918024 146.553161621
0.987378418 -0.010808205 0.158009782 213.818786621 0.010452582 0.999940634 0.003081517 -11.009059906 -0.158033714 -0.001391013 0.987432718 146.988265991
0.991624355 -0.010282223 0.128745735 213.842636108 0.009827321 0.999943018 0.004168109 -11.012841225 -0.128781259 -0.002867973 0.991668880 147.421966553
0.995453894 -0.009919086 0.094726577 213.860000610 0.009376573 0.999936998 0.006170535 -11.022590637 -0.094781816 -0.005254272 0.995484233 147.857101440
0.998227954 -0.008062932 0.058956694 213.844314575 0.007592612 0.999937594 0.008197039 -11.026694298 -0.059019107 -0.007734879 0.998226881 148.280532837
0.999779940 -0.005182776 0.020327210 213.816940308 0.004981437 0.999938130 0.009943050 -11.036579132 -0.020377485 -0.009839604 0.999743938 148.693252563
0.999758601 -0.000892550 -0.021952722 213.780029297 0.001138980 0.999936461 0.011215525 -11.036264420 0.021941315 -0.011237822 0.999696076 149.065155029
0.997795343 0.004082966 -0.066240169 213.730636597 -0.003281446 0.999920130 0.012204502 -11.037817955 0.066284716 -0.011960232 0.997729063 149.420928955
0.993636191 0.009363685 -0.112247415 213.646163940 -0.007871907 0.999874830 0.013725935 -11.038619995 0.112361886 -0.012754984 0.993585467 149.813781738
0.987056077 0.012029920 -0.159923822 213.543075562 -0.009402825 0.999808311 0.017173795 -11.034009933 0.160099775 -0.015447764 0.986979961 150.204162598
0.977579534 0.014502160 -0.210066497 213.431091309 -0.010330621 0.999727309 0.020941952 -11.030378342 0.210312918 -0.018302307 0.977462769 150.574966431
0.965139091 0.015240955 -0.261293441 213.292526245 -0.008925730 0.999639094 0.025338884 -11.036322594 0.261585325 -0.022123313 0.964926779 150.941116333
0.949190438 0.016538985 -0.314267308 213.146408081 -0.007810774 0.999548554 0.029012268 -11.031438828 0.314605266 -0.025083497 0.948891103 151.287597656
0.930504203 0.021008207 -0.365678161 212.966018677 -0.008932017 0.999358416 0.034684729 -11.037767410 0.366172194 -0.029008046 0.930094838 151.638580322
0.909324169 0.026378525 -0.415251374 212.739501953 -0.011666055 0.999212384 0.037927687 -11.036591530 0.415924817 -0.029644219 0.908915758 151.972091675
0.883255959 0.028989879 -0.467994153 212.529602051 -0.012248281 0.999172807 0.038777266 -11.022681236 0.468731195 -0.028518127 0.882880390 152.283767700
0.853558123 0.033743780 -0.519903719 212.302474976 -0.014301286 0.999041855 0.041362405 -11.020433426 0.520801306 -0.027869923 0.853222847 152.589813232
0.820242167 0.036568299 -0.570846319 212.067016602 -0.014244276 0.998950779 0.043525156 -11.017868996 0.571839035 -0.027569879 0.819902480 152.886337280
0.783743918 0.034838237 -0.620106339 211.809219360 -0.011475697 0.999067426 0.041624706 -10.979084969 0.620978117 -0.025506958 0.783412814 153.160720825
0.745960951 0.034529153 -0.665093958 211.528579712 -0.006496017 0.998984814 0.044577651 -10.964719772 0.665957987 -0.028932728 0.745427966 153.411727905
0.714365244 0.034665219 -0.698913932 211.205642700 -0.002842667 0.998907745 0.046639014 -10.954536438 0.699767292 -0.031330511 0.713683486 153.563507080
0.671454668 0.036379866 -0.740152121 210.906127930 -0.000606271 0.998820841 0.048543923 -10.939043999 0.741045415 -0.032146316 0.670685053 153.784439087
0.626167953 0.038624261 -0.778730989 210.598022461 0.003961222 0.998601735 0.052714806 -10.935372353 0.779678226 -0.036093052 0.625139415 153.988800049
0.580860615 0.042918485 -0.812870800 210.282684326 0.002647313 0.998504162 0.054611389 -10.925615311 0.813998759 -0.033873525 0.579878092 154.152770996
0.535207331 0.045407973 -0.843499362 209.957611084 -0.000348216 0.998565912 0.053534701 -10.912858009 0.844720662 -0.028358443 0.534455657 154.286132812
0.486320734 0.047939610 -0.872464299 209.622390747 -0.004489727 0.998617709 0.052368786 -10.900887489 0.873768866 -0.021550901 0.485863745 154.414962769
0.437429249 0.047670379 -0.897988439 209.272338867 -0.005371068 0.998714626 0.050401144 -10.885478973 0.899236798 -0.017223785 0.437123060 154.535430908
0.390045464 0.047561415 -0.919566572 208.910537720 -0.006650143 0.998784602 0.048837963 -10.868745804 0.920771718 -0.012933782 0.389887691 154.644195557
0.344667196 0.046275236 -0.937583625 208.551925659 -0.007940691 0.998892188 0.046382077 -10.853866577 0.938691378 -0.008541316 0.344652832 154.728912354
0.302076817 0.046074815 -0.952169478 208.183212280 -0.010566497 0.998931766 0.044985373 -10.841270447 0.953225017 -0.003527940 0.302240968 154.805496216
0.263930500 0.045621276 -0.963462234 207.811538696 -0.012266259 0.998958766 0.043941874 -10.830737114 0.964463770 0.000220474 0.264215291 154.870315552
0.230997264 0.043226149 -0.971993804 207.457733154 -0.009412790 0.999065161 0.042193081 -10.814625740 0.972908974 -0.000597319 0.231188178 154.923629761
0.201722085 0.041407842 -0.978567183 207.077224731 -0.001770087 0.999119699 0.041912634 -10.792517662 0.979441226 -0.006722560 0.201617837 154.983871460
0.177125394 0.042860463 -0.983254731 206.681594849 0.004004294 0.999011636 0.044268660 -10.777816772 0.984180331 -0.011778352 0.176778734 155.044586182
0.154350758 0.045624930 -0.986962140 206.284164429 0.001669411 0.998919725 0.046438783 -10.762470245 0.988014758 -0.008815507 0.154107869 155.088104248
0.134903371 0.048756987 -0.989658594 205.847351074 -0.003904660 0.998807013 0.048675448 -10.750387192 0.990851164 -0.002702207 0.134932756 155.120071411
0.120815396 0.051802974 -0.991322398 205.409347534 -0.007237311 0.998656869 0.051304214 -10.735877037 0.992648661 0.000976170 0.121028066 155.141021729
0.106570542 0.050829567 -0.993005216 204.962997437 -0.004375026 0.998706758 0.050651889 -10.725525856 0.994295657 -0.001053584 0.106655121 155.190032959
0.090507090 0.045748990 -0.994844556 204.502334595 0.000826717 0.998940527 0.046012562 -10.703030586 0.995895565 -0.004986921 0.090373397 155.231567383
0.073900044 0.039976824 -0.996464193 204.019012451 0.005169843 0.999167442 0.040468685 -10.679137230 0.997252405 -0.008142205 0.073631823 155.266921997
0.056027293 0.037338357 -0.997730970 203.516952515 0.010220193 0.999226689 0.037968248 -10.660909653 0.998377085 -0.012324264 0.055602312 155.292114258
0.039883733 0.039312027 -0.998430789 202.983245850 0.011443717 0.999142230 0.039797183 -10.645812035 0.999138892 -0.013013023 0.039399683 155.301132202
0.024863362 0.042311549 -0.998795152 202.425811768 0.008127978 0.999062359 0.042525209 -10.623440742 0.999657929 -0.009175507 0.024496138 155.300384521
0.011231840 0.045244172 -0.998912871 201.832809448 0.002346838 0.998971879 0.045273233 -10.610020638 0.999934196 -0.002852791 0.011114120 155.277557373
-0.000443339 0.046278473 -0.998928547 201.242156982 -0.000699929 0.998928308 0.046278775 -10.588187218 0.999999702 0.000719692 -0.000410438 155.260925293
-0.008517146 0.046519458 -0.998881102 200.629730225 -0.001898734 0.998914778 0.046537217 -10.565201759 0.999961972 0.002292970 -0.008419633 155.246978760
-0.013218045 0.047248472 -0.998795688 200.009918213 -0.002956724 0.998876750 0.047291435 -10.541035652 0.999908268 0.003578266 -0.013063550 155.228927612
-0.016516328 0.047609869 -0.998729527 199.356338501 -0.004748052 0.998850703 0.047694169 -10.517086029 0.999852359 0.005529752 -0.016271353 155.203140259
-0.019211411 0.047854356 -0.998669565 198.682937622 -0.007488509 0.998818994 0.048005573 -10.488653183 0.999787390 0.008400797 -0.018830299 155.191253662
-0.020509362 0.047348361 -0.998667955 198.002792358 -0.011519823 0.998800457 0.047591228 -10.461958885 0.999723375 0.012480541 -0.019939303 155.169097900
-0.018922448 0.046830893 -0.998723567 197.302505493 -0.017798269 0.998728395 0.047168333 -10.434930801 0.999662519 0.018668089 -0.018064976 155.143737793
-0.013160706 0.046921916 -0.998811841 196.575714111 -0.023683699 0.998603523 0.047224198 -10.408341408 0.999632835 0.024277067 -0.012031078 155.119308472
-0.004845619 0.046773069 -0.998893797 195.831924438 -0.028544636 0.998492002 0.046892725 -10.376331329 0.999580741 0.028740281 -0.003503084 155.115417480
0.004038513 0.047711592 -0.998853028 195.074279785 -0.030955410 0.998388410 0.047564238 -10.346862793 0.999512672 0.030727811 0.005508959 155.117156982
0.013845086 0.047973629 -0.998752654 194.298706055 -0.033363778 0.998314381 0.047490075 -10.319585800 0.999347389 0.032664657 0.015422344 155.125030518
0.023678482 0.047438875 -0.998593569 193.495010376 -0.036281567 0.998256266 0.046562549 -10.283557892 0.999061167 0.035128001 0.025358319 155.147094727
0.032983720 0.047520045 -0.998325646 192.681243896 -0.039004229 0.998169363 0.046223942 -10.253805161 0.998694599 0.037414279 0.034776807 155.182464600
0.043698192 0.047390010 -0.997920334 191.849426270 -0.041341022 0.998104513 0.045588467 -10.222451210 0.998189211 0.039262895 0.045574486 155.214538574
0.053875148 0.048708618 -0.997359097 191.011245728 -0.043498624 0.997975886 0.046389043 -10.200109482 0.997599900 0.040884525 0.055884838 155.255432129
0.065002263 0.049903236 -0.996636510 190.135299683 -0.045946058 0.997839212 0.046966780 -10.162701607 0.996826768 0.042738575 0.067154706 155.311523438
0.074904978 0.051766638 -0.995846212 189.262252808 -0.047604002 0.997698665 0.048282284 -10.129437447 0.996053874 0.043789666 0.077196896 155.381484985
0.084575653 0.054317847 -0.994935572 188.385772705 -0.048167430 0.997568548 0.050367068 -10.099796295 0.995252252 0.043663647 0.086986363 155.453979492
0.093319535 0.055640094 -0.994080305 187.503372192 -0.048782613 0.997493625 0.051251665 -10.063957214 0.994440377 0.043711051 0.095799923 155.536178589
0.101315737 0.056815788 -0.993230641 186.620742798 -0.049096327 0.997437000 0.052048273 -10.030168533 0.993642092 0.043490671 0.103845477 155.634063721
0.109205067 0.057317220 -0.992365479 185.734344482 -0.049599744 0.997406721 0.052150186 -9.997406006 0.992781103 0.043525998 0.111764789 155.729400635
0.115629435 0.057322185 -0.991637170 184.851898193 -0.048196059 0.997481287 0.052040134 -9.966355324 0.992122591 0.041775618 0.118100882 155.819244385
0.119838476 0.056738511 -0.991170824 183.967880249 -0.046390533 0.997595072 0.051497366 -9.935811043 0.991708994 0.039809573 0.122182369 155.923263550
0.121956110 0.056107722 -0.990948498 183.088867188 -0.045538515 0.997665823 0.050883632 -9.905955315 0.991490424 0.038920742 0.124226511 156.036056519
0.124214590 0.055863086 -0.990681708 182.181610107 -0.045421574 0.997687459 0.050563037 -9.873291969 0.991215348 0.038717642 0.126464725 156.130813599
0.124562085 0.055632517 -0.990650952 181.296707153 -0.046380572 0.997661948 0.050194453 -9.843151093 0.991127193 0.039694626 0.126851141 156.255996704
0.125893474 0.055033486 -0.990516126 180.404617310 -0.047280580 0.997658312 0.049421001 -9.812649727 0.990916491 0.040610392 0.128200710 156.367462158
0.126968145 0.054838937 -0.990389824 179.502670288 -0.047681905 0.997653663 0.049128316 -9.782193184 0.990760148 0.040985934 0.129285038 156.473449707
0.127901196 0.055098429 -0.990255356 178.603775024 -0.048733559 0.997598708 0.049212601 -9.753693581 0.990589023 0.041964304 0.130279243 156.586166382
0.128723204 0.055857796 -0.990106344 177.700363159 -0.049111959 0.997546375 0.049892515 -9.729837418 0.990463853 0.042203724 0.131150603 156.691543579
0.128617883 0.055236515 -0.990154743 176.804199219 -0.048610669 0.997598529 0.049337402 -9.694105148 0.990502119 0.041786410 0.130994081 156.815460205
0.128495574 0.055490185 -0.990156472 175.902923584 -0.049995232 0.997526228 0.049415167 -9.662914276 0.990449131 0.043153461 0.130951941 156.925308228
0.128020048 0.055499412 -0.990217626 175.017883301 -0.050922692 0.997483909 0.049323142 -9.635715485 0.990463495 0.044110179 0.130524099 157.030151367
0.127086937 0.053335220 -0.990456700 174.108474731 -0.048573021 0.997689903 0.047492243 -9.611316681 0.990701675 0.042073816 0.129384041 157.148880005
0.125517249 0.052342303 -0.990709722 173.219467163 -0.049214706 0.997706294 0.046476729 -9.588680267 0.990869999 0.042923853 0.127805352 157.264678955
0.125399709 0.053385425 -0.990669072 172.337432861 -0.050691601 0.997591674 0.047341887 -9.557109833 0.990810573 0.044281926 0.127803862 157.368789673
0.124200165 0.056923769 -0.990623116 171.440185547 -0.050632861 0.997416079 0.050965972 -9.527357101 0.990964592 0.043828093 0.126761436 157.479888916
0.123532772 0.059118882 -0.990577996 170.533386230 -0.049788889 0.997335851 0.053313140 -9.500442505 0.991090715 0.042733852 0.126147091 157.589782715
0.123261273 0.058708962 -0.990636110 169.647705078 -0.051378507 0.997287273 0.052710298 -9.465490341 0.991043329 0.044400271 0.125943244 157.698516846
0.123164237 0.057650242 -0.990710497 168.747665405 -0.052305564 0.997300684 0.051531155 -9.429416656 0.991007030 0.045472864 0.125847220 157.804931641
0.123115599 0.057319861 -0.990735650 167.848434448 -0.053020682 0.997284591 0.051110040 -9.397116661 0.990975082 0.046237025 0.125820398 157.910736084
0.124348104 0.058014225 -0.990541220 166.965042114 -0.052319124 0.997283936 0.051841222 -9.372766495 0.990858376 0.045377888 0.127045631 158.014007568
0.125794947 0.058947485 -0.990303516 166.072570801 -0.053235788 0.997195899 0.052595388 -9.341538429 0.990626991 0.046103340 0.128580332 158.125885010
0.127286434 0.059289753 -0.990092397 165.179656982 -0.053509478 0.997168601 0.052834317 -9.309562683 0.990421653 0.046254233 0.130098581 158.237472534
0.128777444 0.059461057 -0.989889383 164.287017822 -0.053564522 0.997160614 0.052929476 -9.286573410 0.990225971 0.046206817 0.131596804 158.353637695
0.130142450 0.058352284 -0.989776850 163.400711060 -0.053390097 0.997230768 0.051771648 -9.252314568 0.990056932 0.046106577 0.132897496 158.462585449
0.131103098 0.057367660 -0.989707470 162.518905640 -0.053289618 0.997288764 0.050748013 -9.224300385 0.989935458 0.046087913 0.133804739 158.574188232
0.131504059 0.056976549 -0.989676952 161.630371094 -0.053675029 0.997291625 0.050282825 -9.196156502 0.989861488 0.046508539 0.134206116 158.691192627
0.132146537 0.056935482 -0.989593744 160.748962402 -0.053954728 0.997282088 0.050172914 -9.165935516 0.989760756 0.046763074 0.134859324 158.803863525
0.132660985 0.057233877 -0.989507616 159.868164062 -0.054550856 0.997239828 0.050367609 -9.136688232 0.989659131 0.047296673 0.135416985 158.918991089
0.133432984 0.057399176 -0.989394307 158.986190796 -0.053860653 0.997265995 0.050592020 -9.105827332 0.989593208 0.046538770 0.136159718 159.038131714
0.134081781 0.058538940 -0.989239872 158.110595703 -0.053627979 0.997219503 0.051742394 -9.076234818 0.989518225 0.046113204 0.136848330 159.155456543
0.134610891 0.058848564 -0.989149511 157.240570068 -0.053596530 0.997206032 0.052034061 -9.042304993 0.989447951 0.046010632 0.137388885 159.271667480
0.134772956 0.058845911 -0.989127755 156.355911255 -0.053078294 0.997230530 0.052095819 -9.020091057 0.989453971 0.045480091 0.137523115 159.387023926
0.135363281 0.056728933 -0.989170671 155.481109619 -0.052287064 0.997377396 0.050044350 -8.992360115 0.989415407 0.044946663 0.137974441 159.501556396
0.135694265 0.054314006 -0.989260912 154.599288940 -0.051827539 0.997518241 0.047658317 -8.961257935 0.989394307 0.044803992 0.138172448 159.622177124
0.135993302 0.052982979 -0.989292085 153.722915649 -0.052041993 0.997572303 0.046272472 -8.932634354 0.989342034 0.045191973 0.138420522 159.744338989
0.136970878 0.053186186 -0.989146233 152.833648682 -0.053212728 0.997510791 0.046267375 -8.902759552 0.989144802 0.046297885 0.139460087 159.859161377
0.137798846 0.053843100 -0.988995671 151.948150635 -0.052385293 0.997519910 0.047008224 -8.876081467 0.989073992 0.045331150 0.140277684 159.987640381
0.138829410 0.054217409 -0.988831162 151.039031982 -0.052016649 0.997521102 0.047390871 -8.850353241 0.988949418 0.044856429 0.141305447 160.110824585
0.139542103 0.054470997 -0.988716841 150.143508911 -0.052071117 0.997507989 0.047606293 -8.825765610 0.988846123 0.044840503 0.142030716 160.238830566
0.141073942 0.054366402 -0.988505185 149.256515503 -0.051027719 0.997563064 0.047582187 -8.795810699 0.988683105 0.043728560 0.143504322 160.350646973
0.141818583 0.055191685 -0.988352954 148.345642090 -0.047380023 0.997678578 0.048913896 -8.758420944 0.988758206 0.039891273 0.144104362 160.496185303
0.143352091 0.057543378 -0.987997532 147.430236816 -0.044172496 0.997685373 0.051698480 -8.732897758 0.988685548 0.036231223 0.145562112 160.631912231
0.144010544 0.057764903 -0.987888813 146.528213501 -0.047173422 0.997560620 0.051453687 -8.706551552 0.988451183 0.039192215 0.146384239 160.750061035
0.145081460 0.054506086 -0.987917244 145.624130249 -0.046385489 0.997758269 0.048237056 -8.672875404 0.988331795 0.038826719 0.147284567 160.877136230
0.145353317 0.050527070 -0.988088846 144.717544556 -0.045584776 0.997976542 0.044326916 -8.639764786 0.988329172 0.038598739 0.147362471 161.010162354
0.145202637 0.050029773 -0.988136292 143.800994873 -0.046048608 0.997980177 0.043761514 -8.613542557 0.988329828 0.039148003 0.147213161 161.146713257
0.144381404 0.050486822 -0.988233387 142.879684448 -0.048167579 0.997872233 0.043941941 -8.584404945 0.988349140 0.041256402 0.146506071 161.269149780
0.142707467 0.051373545 -0.988430738 141.929489136 -0.046884026 0.997881889 0.045095749 -8.561504364 0.988653839 0.039906114 0.144813776 161.412017822
0.139262736 0.051575392 -0.988911510 140.999877930 -0.045367125 0.997926474 0.045656767 -8.530613899 0.989215791 0.038505781 0.141313791 161.544799805
0.135449231 0.051320504 -0.989454329 140.064849854 -0.043258812 0.998011589 0.045842528 -8.499015808 0.989839554 0.036593281 0.137399971 161.673736572
0.131550789 0.051586274 -0.989966393 139.112258911 -0.043171354 0.997995734 0.046267893 -8.475261688 0.990369022 0.036651600 0.133514166 161.781860352
0.126338243 0.051977176 -0.990624547 138.160186768 -0.043165680 0.997968495 0.046857417 -8.445417404 0.991047621 0.036841102 0.128325164 161.900726318
0.121199489 0.052831374 -0.991221249 137.235610962 -0.043967564 0.997888267 0.047810681 -8.413655281 0.991653979 0.037786953 0.123266399 162.007507324
0.115961790 0.053927839 -0.991788626 136.279144287 -0.044278629 0.997812986 0.049078267 -8.379376411 0.992266238 0.038223837 0.118095994 162.114837646
0.111368895 0.054086968 -0.992306292 135.326980591 -0.046455141 0.997709632 0.049167711 -8.347443581 0.992692888 0.040621962 0.113626420 162.212463379
0.108403265 0.051908277 -0.992750823 134.356277466 -0.047028292 0.997785509 0.047036279 -8.321580887 0.992994010 0.041588489 0.110604405 162.309020996
0.106342733 0.048531137 -0.993144572 133.397399902 -0.047878955 0.997899532 0.043636769 -8.292400360 0.993176222 0.042910263 0.108442962 162.408218384
0.105983198 0.045907132 -0.993307769 132.424987793 -0.048560455 0.997980773 0.040941834 -8.264260292 0.993181646 0.043896317 0.107998490 162.494369507
0.105164230 0.044945702 -0.993438780 131.451156616 -0.045670934 0.998142362 0.040323831 -8.234653473 0.993405700 0.041130640 0.107021630 162.602127075
0.104404807 0.045598708 -0.993489087 130.478210449 -0.041822687 0.998265982 0.041422851 -8.211685181 0.993655205 0.037225626 0.106130838 162.704284668
0.103548706 0.047336504 -0.993497372 129.500961304 -0.039219663 0.998284340 0.043476857 -8.183607101 0.993850887 0.034462653 0.105227590 162.803222656
0.103080988 0.050602470 -0.993385017 128.507888794 -0.038545616 0.998158157 0.046845831 -8.151288033 0.993925869 0.033461720 0.104841650 162.894577026
0.101460278 0.054164026 -0.993364155 127.522613525 -0.038030662 0.997998059 0.050532319 -8.123989105 0.994112551 0.032651260 0.103317022 162.996459961
0.101388454 0.055217657 -0.993313372 126.541091919 -0.038156178 0.997939646 0.051580194 -8.088234901 0.994114935 0.032671403 0.103286445 163.087005615
0.100807250 0.056542803 -0.993298054 125.532440186 -0.040259439 0.997797847 0.052713122 -8.053991318 0.994091213 0.034675743 0.102861643 163.194000244
0.100212097 0.056968167 -0.993333817 124.543411255 -0.040534914 0.997764409 0.053132914 -8.014957428 0.994140029 0.034940146 0.102297246 163.295364380
0.099890172 0.056488205 -0.993393660 123.554214478 -0.041347552 0.997760415 0.052578833 -7.971816540 0.994138956 0.035822291 0.102002084 163.386627197
0.099592805 0.055782318 -0.993463576 122.577194214 -0.041508637 0.997791111 0.051864151 -7.957889557 0.994162261 0.036072012 0.101688266 163.472396851
0.098540246 0.054337401 -0.993648589 121.602188110 -0.041980155 0.997846246 0.050403774 -7.923022270 0.994247317 0.036746711 0.100609124 163.570373535
0.098355889 0.053298444 -0.993723035 120.595977783 -0.043038268 0.997858286 0.049260434 -7.885656357 0.994220257 0.037923064 0.100439072 163.666000366
0.097770214 0.052838381 -0.993805349 119.623291016 -0.045836885 0.997768939 0.048539702 -7.852749348 0.994152904 0.040807206 0.099974036 163.753738403
0.097666621 0.052643780 -0.993825972 118.675949097 -0.043642648 0.997865915 0.048568871 -7.830578327 0.994261920 0.038629625 0.099755764 163.843994141
0.096899390 0.052232336 -0.993922889 117.698364258 -0.044641595 0.997845113 0.048086267 -7.798544884 0.994292736 0.039710756 0.099022329 163.936370850
0.097298980 0.052704539 -0.993858874 116.718811035 -0.044707220 0.997820318 0.048537776 -7.767849445 0.994250715 0.039709978 0.099443138 164.026580811
0.097246647 0.052334752 -0.993883550 115.747634888 -0.044720173 0.997837663 0.048167314 -7.742372513 0.994255304 0.039762516 0.099376798 164.114624023
0.098183990 0.051990069 -0.993809402 114.762069702 -0.043900982 0.997888505 0.047866244 -7.708543777 0.994199634 0.038929503 0.100259066 164.210662842
0.098003864 0.051877446 -0.993833065 113.785140991 -0.044149593 0.997883856 0.047735218 -7.678628922 0.994206309 0.039199080 0.100086868 164.308746338
0.097998619 0.053601570 -0.993742168 112.808731079 -0.044599958 0.997781754 0.049421206 -7.647765160 0.994186819 0.039477631 0.100171864 164.394195557
0.097919583 0.053481277 -0.993756354 111.831130981 -0.045470860 0.997752547 0.049215879 -7.611969948 0.994155109 0.040367749 0.100131333 164.479919434
0.098319411 0.053069513 -0.993738830 110.847747803 -0.045218643 0.997783899 0.048811652 -7.590274811 0.994127035 0.040136389 0.100501299 164.582229614
0.098534644 0.052313484 -0.993757665 109.870285034 -0.046400655 0.997772634 0.047924049 -7.558554649 0.994051337 0.041388825 0.100742579 164.669250488
0.098411858 0.053159468 -0.993725002 108.893096924 -0.045857701 0.997753680 0.048833542 -7.529728889 0.994088709 0.040764131 0.100628555 164.769012451
0.097594380 0.055719677 -0.993665397 107.922943115 -0.046527587 0.997595251 0.051370271 -7.499259949 0.994138181 0.041219391 0.099952161 164.863037109
0.098086894 0.057196006 -0.993532896 106.920181274 -0.045152061 0.997574747 0.052971035 -7.470582962 0.994153023 0.039664291 0.100431561 164.959838867
0.096998215 0.056895301 -0.993657172 105.941436768 -0.046602421 0.997529387 0.052567814 -7.431692123 0.994193077 0.041207831 0.099410057 165.057525635
0.096958280 0.055847201 -0.993720412 104.977188110 -0.046495002 0.997588634 0.051528033 -7.398130417 0.994201899 0.041206960 0.099321127 165.145126343
0.096547604 0.056505892 -0.993723154 103.998168945 -0.047002099 0.997532248 0.052155882 -7.371641636 0.994217992 0.041671544 0.098965287 165.223815918
0.096278310 0.057731248 -0.993678808 103.015029907 -0.048461065 0.997404516 0.053252276 -7.338267803 0.994174063 0.043027695 0.098826110 165.316101074
0.095812559 0.057890728 -0.993714690 102.034973145 -0.051459044 0.997260511 0.053135693 -7.303366184 0.994068503 0.046044528 0.098529100 165.398254395
0.095334589 0.054341502 -0.993960917 101.067504883 -0.053243980 0.997357845 0.049420387 -7.267861366 0.994020343 0.048210964 0.097976029 165.481964111
0.095852852 0.050957315 -0.994090319 100.113067627 -0.057273511 0.997316599 0.045600228 -7.238761902 0.993746459 0.052564129 0.098514140 165.569305420
0.097969174 0.049182411 -0.993973374 99.143997192 -0.060857687 0.997204900 0.043343980 -7.208945751 0.993326902 0.056244548 0.100688457 165.651901245
0.100004792 0.050254866 -0.993717134 98.156188965 -0.061850253 0.997106194 0.044201829 -7.175704002 0.993062854 0.057041250 0.102823675 165.739318848
0.102195442 0.053329650 -0.993333817 97.196121216 -0.060447097 0.997049570 0.047310267 -7.155097961 0.992926121 0.055209246 0.105117559 165.846618652
0.104204059 0.054787021 -0.993045866 96.221679688 -0.059309285 0.997046888 0.048784215 -7.121267319 0.992786050 0.053813320 0.107145727 165.949096680
0.106412947 0.056565616 -0.992711782 95.261489868 -0.057888348 0.997039557 0.050606918 -7.091449738 0.992635548 0.052081209 0.109372437 166.050720215
0.108695388 0.057518233 -0.992409647 94.270538330 -0.057333965 0.997025549 0.051506158 -7.055470943 0.992420316 0.051300298 0.111669838 166.160720825
0.111115515 0.058558714 -0.992080867 93.306472778 -0.056705169 0.997009754 0.052498531 -7.025120735 0.992188513 0.050422702 0.114103854 166.267669678
0.112967193 0.058832031 -0.991855562 92.309249878 -0.059059288 0.996878088 0.052403398 -6.987566471 0.991842031 0.052658409 0.116089106 166.374786377
0.115154326 0.058655750 -0.991614401 91.358459473 -0.059603829 0.996864438 0.052044623 -6.954835892 0.991557837 0.053110845 0.118289351 166.474029541
0.116800666 0.056115199 -0.991568804 90.369873047 -0.060016252 0.996976674 0.049351696 -6.925177574 0.991340339 0.053745929 0.119815350 166.593673706
0.118701577 0.052688804 -0.991531193 89.403701782 -0.059678696 0.997164369 0.045843683 -6.893244743 0.991135061 0.053731553 0.121509373 166.703811646
0.119403243 0.049683113 -0.991602063 88.437744141 -0.059434835 0.997313678 0.042812474 -6.864042282 0.991065323 0.053823747 0.122035444 166.816772461
0.120329022 0.049570139 -0.991495728 87.452774048 -0.059361480 0.997324705 0.042657383 -6.840536594 0.990957677 0.053723730 0.122949719 166.929016113
0.120456576 0.051657852 -0.991373718 86.480682373 -0.058937900 0.997255743 0.044803116 -6.812305450 0.990967572 0.053032648 0.123170614 167.041992188
0.120444059 0.053116538 -0.991298139 85.502761841 -0.054733403 0.997403920 0.046793520 -6.787568092 0.991210163 0.048621111 0.123038590 167.168075562
0.120293260 0.053109355 -0.991316855 84.496444702 -0.052945100 0.997490048 0.047015358 -6.761431694 0.991325617 0.046829734 0.122803211 167.288681030
0.119686723 0.052097611 -0.991443932 83.520507812 -0.051956061 0.997582555 0.046148062 -6.729126930 0.991451383 0.045988202 0.122104168 167.406463623
0.118928313 0.053346574 -0.991468847 82.540847778 -0.051562440 0.997540057 0.047488239 -6.698164940 0.991563261 0.045474838 0.121386468 167.512969971
0.117399216 0.056452956 -0.991478920 81.538757324 -0.049704421 0.997465670 0.050908417 -6.664361000 0.991840184 0.043304279 0.119907677 167.641357422
0.116244078 0.061566971 -0.991310656 80.546096802 -0.051434610 0.997110903 0.055895828 -6.625791550 0.991887987 0.044490121 0.119074881 167.760787964
0.117282987 0.062125195 -0.991153538 79.555633545 -0.051026184 0.997100115 0.056460008 -6.587855339 0.991786897 0.043952972 0.120112896 167.864791870
0.117873728 0.057512052 -0.991361737 78.575393677 -0.051000938 0.997354567 0.051795658 -6.557871819 0.991718054 0.044455033 0.120495081 167.976593018
0.118666232 0.049850140 -0.991682112 77.601135254 -0.049304437 0.997802734 0.044257961 -6.520956993 0.991709411 0.043642394 0.120863378 168.093994141
0.119129896 0.046907768 -0.991770089 76.611618042 -0.047702763 0.998000264 0.041472454 -6.495579720 0.991732180 0.042369556 0.121129274 168.215103149
0.119994164 0.049597066 -0.991535068 75.617355347 -0.046460550 0.997937560 0.044294730 -6.464430809 0.991687000 0.040752143 0.122051001 168.323287964
0.119544268 0.054192159 -0.991348803 74.621444702 -0.046157237 0.997732878 0.048975162 -6.440334320 0.991755426 0.039903216 0.121774614 168.441574097
0.118661582 0.055813506 -0.991364956 73.624023438 -0.045483150 0.997676432 0.050724730 -6.405762672 0.991892576 0.039071314 0.120924473 168.557403564
0.117198050 0.055299662 -0.991567850 72.631057739 -0.045551840 0.997696936 0.050257497 -6.368716240 0.992063403 0.039277650 0.119447112 168.672485352
0.115831256 0.055574149 -0.991713107 71.631225586 -0.045451753 0.997684181 0.050600037 -6.333280563 0.992228568 0.039214022 0.118088961 168.781494141
0.113444448 0.055979263 -0.991966069 70.634185791 -0.043850351 0.997720659 0.051289149 -6.305921078 0.992576182 0.037679590 0.115640581 168.895751953
0.110618591 0.056949344 -0.992230117 69.632629395 -0.042108342 0.997729063 0.052570514 -6.269010067 0.992970645 0.035965875 0.112765431 168.999145508
0.107153714 0.056510091 -0.992635250 68.640884399 -0.039576225 0.997834623 0.052533884 -6.235052586 0.993454516 0.033655550 0.109158158 169.106781006
0.103841782 0.055604078 -0.993038356 67.653717041 -0.039260361 0.997887015 0.051770125 -6.202240944 0.993818700 0.033611137 0.105805397 169.202270508
0.101465464 0.054678131 -0.993335366 66.662063599 -0.039032452 0.997938454 0.050944492 -6.168147564 0.994073093 0.033603206 0.103390515 169.295867920
0.099345326 0.054229442 -0.993574262 65.663131714 -0.038991705 0.997959077 0.050570071 -6.129016876 0.994288862 0.033717245 0.101257026 169.387786865
0.097027957 0.053933818 -0.993819296 64.669418335 -0.039920747 0.997938037 0.050259821 -6.100264549 0.994480729 0.034797400 0.098980963 169.482452393
0.094957948 0.053811438 -0.994025946 63.663604736 -0.039772190 0.997945726 0.050224252 -6.072984695 0.994686604 0.034765385 0.096903086 169.577758789
0.092897534 0.055786662 -0.994111657 62.634918213 -0.041401800 0.997782052 0.052123725 -6.037235260 0.994814575 0.036315836 0.095001161 169.672409058
0.091588318 0.057577573 -0.994131088 61.626480103 -0.041906454 0.997665465 0.053921472 -6.001133919 0.994914889 0.036721919 0.093787372 169.763107300
0.091066778 0.057315074 -0.994194090 60.607330322 -0.043570910 0.997615695 0.053521294 -5.962257385 0.994891167 0.038443927 0.093346894 169.841354370
0.090485036 0.056881618 -0.994272053 59.598587036 -0.044740856 0.997591734 0.052999832 -5.927714825 0.994892299 0.039688893 0.092812002 169.941177368
0.090038657 0.055754900 -0.994376481 58.598007202 -0.044240676 0.997670114 0.051933676 -5.893157959 0.994955242 0.039315842 0.092295468 170.029663086
0.089890540 0.055379752 -0.994410813 57.605499268 -0.044703934 0.997670889 0.051520258 -5.860143661 0.994947910 0.039822884 0.092156827 170.105438232
0.089197576 0.054975897 -0.994495571 56.573516846 -0.043486428 0.997738361 0.051254809 -5.820950508 0.995064199 0.038675256 0.091386557 170.197784424
0.087477565 0.056013320 -0.994590521 55.562942505 -0.042924542 0.997702539 0.052413221 -5.786142349 0.995241284 0.038107354 0.089680970 170.294586182
0.086745799 0.056935199 -0.994602323 54.561126709 -0.042221539 0.997678638 0.053428885 -5.754856586 0.995335460 0.037358899 0.088948309 170.365859985
0.085145772 0.057511106 -0.994707346 53.570037842 -0.042608384 0.997629702 0.054032836 -5.721313477 0.995457053 0.037782203 0.087394416 170.452758789
0.084064186 0.056435756 -0.994860947 52.569274902 -0.040534113 0.997762203 0.053175267 -5.684513569 0.995635629 0.035855662 0.086163640 170.533874512
0.082143247 0.055645093 -0.995065928 51.550155640 -0.040554892 0.997799695 0.052450139 -5.652186394 0.995795131 0.036046360 0.084219217 170.621887207
0.080981493 0.055861469 -0.995149076 50.555419922 -0.040036570 0.997804701 0.052752521 -5.616475582 0.995911300 0.035570372 0.083040178 170.690307617
0.079080701 0.054296095 -0.995388448 49.562744141 -0.039026771 0.997918725 0.051333554 -5.581660271 0.996104002 0.034787305 0.081035137 170.770248413
0.076466501 0.051205318 -0.995756567 48.572326660 -0.038117431 0.998100519 0.048398726 -5.550108433 0.996343434 0.034254789 0.078273058 170.846679688
0.074735284 0.046719342 -0.996108413 47.601089478 -0.036047515 0.998375654 0.044121135 -5.524355412 0.996551692 0.032609824 0.076297998 170.904907227
0.071748197 0.043934170 -0.996454835 46.610397339 -0.035865843 0.998497009 0.041441746 -5.494269371 0.996777833 0.032765314 0.073216081 170.983581543
0.070261657 0.044575818 -0.996532083 45.629333496 -0.035210382 0.998489380 0.042180818 -5.466363907 0.996906936 0.032124583 0.071725070 171.041259766
0.067845106 0.048307091 -0.996525824 44.627487183 -0.033241604 0.998382032 0.046133932 -5.448683262 0.997142076 0.029996147 0.069341123 171.108993530
0.066207051 0.050970513 -0.996503294 43.653854370 -0.032731824 0.998267889 0.048886091 -5.419980526 0.997269034 0.029380759 0.067760706 171.166259766
0.064859509 0.052315615 -0.996522129 42.675537109 -0.033430088 0.998178184 0.050226726 -5.392006874 0.997334301 0.030056139 0.066490233 171.228134155
0.064770699 0.051766288 -0.996556520 41.716247559 -0.034300409 0.998178959 0.049621224 -5.365805626 0.997310460 0.030968301 0.066428304 171.282882690
0.064740658 0.051574700 -0.996568441 40.748397827 -0.034641851 0.998177767 0.049407527 -5.335678101 0.997300625 0.031324297 0.066409349 171.346817017
0.064839840 0.053021848 -0.996486068 39.794357300 -0.036475733 0.998046041 0.050731432 -5.303555012 0.997228801 0.033058140 0.066647172 171.398651123
0.064948857 0.056279991 -0.996300220 38.835174561 -0.037640713 0.997835934 0.053912941 -5.278203487 0.997178435 0.033999871 0.066926718 171.448013306
0.064927220 0.056937214 -0.996264279 37.882034302 -0.038480110 0.997771204 0.054515556 -5.246263981 0.997147799 0.034796819 0.066973448 171.510772705
0.064903140 0.056443922 -0.996293962 36.936355591 -0.038801853 0.997786701 0.054000761 -5.212997437 0.997136891 0.035153236 0.066949606 171.566162109
0.064358652 0.055807050 -0.996365309 35.992858887 -0.039309338 0.997801960 0.053348396 -5.179504395 0.997152448 0.035733018 0.066410899 171.619628906
0.062855422 0.055949170 -0.996453166 35.055816650 -0.039489280 0.997784972 0.053532995 -5.149851799 0.997241139 0.035984375 0.064925611 171.675537109
0.061138630 0.056575265 -0.996524751 34.125961304 -0.040436924 0.997713089 0.054161850 -5.114710808 0.997309983 0.036984999 0.063286543 171.724807739
0.058895409 0.058026105 -0.996576309 33.212783813 -0.041502055 0.997588396 0.055632357 -5.084630966 0.997401118 0.038083475 0.061161578 171.779754639
0.056931257 0.058592401 -0.996657312 32.286636353 -0.041385271 0.997556865 0.056281269 -5.056417465 0.997520030 0.038042769 0.059217036 171.834960938
0.054396629 0.058040306 -0.996831238 31.380355835 -0.042195473 0.997551084 0.055779632 -5.020233154 0.997627556 0.039027531 0.056712508 171.886566162
0.052598357 0.057248719 -0.996973395 30.481018066 -0.042064425 0.997596323 0.055065248 -4.985478401 0.997729421 0.039040770 0.054880083 171.922821045
0.050625861 0.056898762 -0.997095585 29.598526001 -0.042666323 0.997587502 0.054760523 -4.954593182 0.997805953 0.039770104 0.052931368 171.950592041
0.048588812 0.056842357 -0.997200131 28.720794678 -0.042264309 0.997602165 0.054805934 -4.929877281 0.997924268 0.039483018 0.050874710 171.998168945
0.046850324 0.056951374 -0.997277081 27.841659546 -0.042705219 0.997574747 0.054962162 -4.899788857 0.997988641 0.040013943 0.049168825 172.039413452
0.045532346 0.056932285 -0.997339308 26.972961426 -0.042264394 0.997590542 0.055017095 -4.868546486 0.998068452 0.039646875 0.047828853 172.075714111
0.044008970 0.057282988 -0.997387588 26.119934082 -0.043206763 0.997529805 0.055384696 -4.841557026 0.998096466 0.040656462 0.046375215 172.105392456
0.042594552 0.058426768 -0.997382581 25.285263062 -0.043832310 0.997436702 0.056558020 -4.811279774 0.998130441 0.041308522 0.045046329 172.134902954
0.041441619 0.058736902 -0.997413099 24.456604004 -0.045087446 0.997363508 0.056860641 -4.779098988 0.998123229 0.042614400 0.043980658 172.165756226
0.041407883 0.059080210 -0.997394145 23.639373779 -0.046345584 0.997289300 0.057149917 -4.751902580 0.998066962 0.043858349 0.044033706 172.199340820
0.043289840 0.058798771 -0.997330725 22.851501465 -0.047704045 0.997249603 0.056723356 -4.725952148 0.997922957 0.045121171 0.045975745 172.223281860
0.045686662 0.057883389 -0.997277439 22.073165894 -0.049269482 0.997235417 0.055623848 -4.700488567 0.997740090 0.046594072 0.048412263 172.254730225
0.048733234 0.056820881 -0.997194469 21.298873901 -0.049595412 0.997286677 0.054402392 -4.673379898 0.997579932 0.046805050 0.051419079 172.289245605
0.051052094 0.056024488 -0.997123301 20.545501709 -0.050340939 0.997300446 0.053457014 -4.648079872 0.997426391 0.047467031 0.053734601 172.327804565
0.054238975 0.055762921 -0.996969819 19.786193848 -0.049770381 0.997349381 0.053076454 -4.624513149 0.997286916 0.046740748 0.056870520 172.358612061
0.056561887 0.054826837 -0.996892631 19.039703369 -0.049003903 0.997440040 0.052076548 -4.596141815 0.997195840 0.045906067 0.059103847 172.409194946
0.059219718 0.054227691 -0.996770978 18.304840088 -0.048716370 0.997490644 0.051372528 -4.569677353 0.997055590 0.045516796 0.061712861 172.453079224
0.061884582 0.052921109 -0.996679425 17.569869995 -0.047330622 0.997625470 0.050032545 -4.546970367 0.996960580 0.044077199 0.064242423 172.493713379
0.063772619 0.053475536 -0.996530771 16.850006104 -0.048492752 0.997549772 0.050426945 -4.524932384 0.996785641 0.045108654 0.066209495 172.543075562
0.065936327 0.054421011 -0.996338844 16.118103027 -0.046614673 0.997589409 0.051404424 -4.501454353 0.996734560 0.043054573 0.068314195 172.594406128
0.067312360 0.055685934 -0.996176898 15.405868530 -0.045327049 0.997581065 0.052701648 -4.478826046 0.996701956 0.041606274 0.069673598 172.645202637
0.068303704 0.055794351 -0.996103227 14.704010010 -0.045894828 0.997553706 0.052728545 -4.452752113 0.996608436 0.042114425 0.070697308 172.689025879
0.069849849 0.055283621 -0.996024609 14.017684937 -0.045902967 0.997583687 0.052151050 -4.420702457 0.996500969 0.042077731 0.072218716 172.730453491
0.071208954 0.055159748 -0.995935082 13.322647095 -0.045632470 0.997604489 0.051989503 -4.406360149 0.996417046 0.041744858 0.073555470 172.774475098
0.072573960 0.055334408 -0.995827019 12.648468018 -0.045921661 0.997586250 0.052085485 -4.381989002 0.996305406 0.041949969 0.074939787 172.819076538
0.073885918 0.056479529 -0.995666265 11.984283447 -0.045861945 0.997531116 0.053182013 -4.361262798 0.996211767 0.041733772 0.076293766 172.871795654
0.075818956 0.057715453 -0.995449901 11.320983887 -0.044725809 0.997515500 0.054428652 -4.343261719 0.996118069 0.040395573 0.078211963 172.922180176
0.078190207 0.059223950 -0.995177925 10.682998657 -0.044496521 0.997446418 0.055862904 -4.318742752 0.995945096 0.039914012 0.080625772 172.967239380
0.080745280 0.058875047 -0.994994402 10.047576904 -0.043992396 0.997491658 0.055452768 -4.297299862 0.995763421 0.039294641 0.083132803 173.025024414
0.083734334 0.058966670 -0.994742036 9.441101074 -0.044243410 0.997483253 0.055404890 -4.273788452 0.995505571 0.039371479 0.086132467 173.069595337
0.086775303 0.059203070 -0.994467318 8.846359253 -0.043542694 0.997504115 0.055584405 -4.256278038 0.995275974 0.038478423 0.089136600 173.127746582
0.090596676 0.059287146 -0.994121373 8.278244019 -0.041793913 0.997573316 0.055684231 -4.240108013 0.995010316 0.036503412 0.092854679 173.179000854
0.094060361 0.059357170 -0.993795395 7.725143433 -0.040275484 0.997630775 0.055774268 -4.212960720 0.994751453 0.034779448 0.096228123 173.236389160
0.098002374 0.061085910 -0.993309677 7.184722900 -0.040384911 0.997536361 0.057361361 -4.198873520 0.994366467 0.034493167 0.100227892 173.291946411
0.102698565 0.062037975 -0.992776096 6.646499634 -0.041234672 0.997460842 0.058065165 -4.183068275 0.993857563 0.034973580 0.104995966 173.349136353
0.108759522 0.061968248 -0.992134809 6.128234863 -0.040483251 0.997503221 0.057865720 -4.160390854 0.993243456 0.033871386 0.110996664 173.407073975
0.115743816 0.061615992 -0.991366267 5.630767822 -0.039897379 0.997557044 0.057342678 -4.141925812 0.992477596 0.032915846 0.117919385 173.465972900
0.123900771 0.061171614 -0.990407407 5.129592896 -0.038289964 0.997649431 0.056828808 -4.131470680 0.991555691 0.030881522 0.125951767 173.533843994
0.133059084 0.059279088 -0.989333749 4.658691406 -0.037397027 0.997799158 0.054756656 -4.111748695 0.990402281 0.029712267 0.134983122 173.606323242
0.143563867 0.057265785 -0.987982810 4.212753296 -0.037736334 0.997915149 0.052358016 -4.111857414 0.988921344 0.029766129 0.145425558 173.683807373
0.155014098 0.055236671 -0.986366987 3.760253906 -0.038258292 0.998022318 0.049876835 -4.097784042 0.987171352 0.030005092 0.156820774 173.762512207
0.167852581 0.054141928 -0.984324217 3.326217651 -0.037666071 0.998113811 0.048477378 -4.081697464 0.985092282 0.028938573 0.169575334 173.841293335
0.181085885 0.053120852 -0.982031584 2.902801514 -0.035916224 0.998231292 0.047374215 -4.071630001 0.982811213 0.026692068 0.182673514 173.933624268
0.195030749 0.051383626 -0.979450226 2.494735718 -0.033726316 0.998387456 0.045661435 -4.058900356 0.980217099 0.024127865 0.196449220 174.030487061
0.210083783 0.050276529 -0.976389825 2.098144531 -0.033600710 0.998458207 0.044183228 -4.048766136 0.977105856 0.023525212 0.211449206 174.120635986
0.226115942 0.050811939 -0.972774208 1.730590820 -0.033912465 0.998443842 0.044270009 -4.044928551 0.973509908 0.022979023 0.227487206 174.228225708
0.244211316 0.051952213 -0.968329430 1.363098145 -0.034016643 0.998408258 0.044987038 -4.038573742 0.969125271 0.021952972 0.245589793 174.333923340
0.263997257 0.051139496 -0.963166773 1.015197754 -0.031895187 0.998510182 0.044273812 -4.034585953 0.963995934 0.019032216 0.265235066 174.448715210
0.285103798 0.047565740 -0.957315743 0.685279846 -0.028925594 0.998739958 0.041009467 -4.026937485 0.958060145 0.015998967 0.286120415 174.577270508
0.307956219 0.042572875 -0.950447500 0.352775574 -0.025596758 0.999007463 0.036454339 -4.020169258 0.951056123 0.013102038 0.308740258 174.699234009
0.330111146 0.040164810 -0.943087161 0.036437988 -0.024097139 0.999127328 0.034116700 -4.025124073 0.943634391 0.011463398 0.330790937 174.836364746
0.353792489 0.039463047 -0.934491098 -0.289848328 -0.024196962 0.999161303 0.033033215 -4.015180588 0.935010970 0.010924937 0.354450703 174.976501465
0.379465282 0.040447682 -0.924321413 -0.539375305 -0.022104900 0.999155104 0.034647543 -4.014878750 0.924941897 0.007284490 0.380038738 175.101806641
0.406888783 0.043302458 -0.912450910 -0.842407227 -0.021472292 0.999053180 0.037837245 -4.006441593 0.913225412 0.004196855 0.407433331 175.262252808
0.436022699 0.046561416 -0.898730397 -1.143806458 -0.023150684 0.998910487 0.040519901 -3.998345852 0.899637878 0.003138621 0.436625600 175.424667358
0.464930475 0.046539236 -0.884123206 -1.431045532 -0.022621652 0.998915851 0.040685833 -3.991911173 0.885058224 0.001084235 0.465479255 175.607421875
0.494694889 0.045434520 -0.867878318 -1.702171326 -0.021568630 0.998966753 0.040002938 -3.996176243 0.868799090 -0.001070303 0.495163679 175.789184570
0.525557280 0.042937793 -0.849674046 -1.972534180 -0.020548431 0.999074876 0.037777655 -3.993532896 0.850510061 -0.002394856 0.525953412 175.988006592
0.557398915 0.040278070 -0.829267263 -2.239986420 -0.020245884 0.999184906 0.034922644 -4.002449989 0.829997957 -0.002676600 0.557760000 176.191390991
0.589076340 0.036138408 -0.807268977 -2.482326508 -0.021620227 0.999346733 0.028960409 -3.997323513 0.807788193 0.000393444 0.589472830 176.399459839
0.620903850 0.031104203 -0.783269405 -2.720046997 -0.022867460 0.999505937 0.021563897 -3.996278048 0.783553123 0.004522271 0.621308386 176.624099731
0.652102351 0.028536098 -0.757593751 -2.928894043 -0.027150230 0.999529362 0.014279342 -3.990995169 0.757644653 0.011257251 0.652570248 176.848648071
0.683304429 0.026027476 -0.729669511 -3.164379120 -0.027514730 0.999572515 0.009888603 -3.987491608 0.729614973 0.013319735 0.683728456 177.109100342
0.714485288 0.022817014 -0.699278355 -3.410171509 -0.024212614 0.999675751 0.007879637 -3.980051041 0.699231446 0.011301471 0.714806080 177.391494751
0.744118750 0.020087318 -0.667745352 -3.630596161 -0.018943237 0.999780357 0.008965827 -3.985851765 0.667778790 0.005977618 0.744335830 177.698089600
0.773148596 0.020370787 -0.633897722 -3.841476440 -0.018249944 0.999784768 0.009869864 -3.988771200 0.633962333 0.003937724 0.773353934 178.005508423
0.801043034 0.022072468 -0.598199666 -4.062719345 -0.019824317 0.999749959 0.010342399 -3.998199940 0.598278403 0.003574191 0.801280379 178.334655762
0.825323701 0.018511865 -0.564356446 -4.198752403 -0.016683098 0.999825537 0.008398381 -3.985927820 0.564413428 0.002483829 0.825488508 178.683624268
0.850004733 0.016962029 -0.526501894 -4.386057854 -0.015228502 0.999854982 0.007626317 -3.993656397 0.526554883 0.001535429 0.850139737 179.048294067
0.872489452 0.015942995 -0.488372773 -4.560837746 -0.015287853 0.999868929 0.005328747 -3.995494127 0.488393724 0.002816894 0.872618854 179.431686401
0.892465889 0.015122956 -0.450861394 -4.724024773 -0.016548946 0.999862731 0.000779642 -4.002842903 0.450811297 0.006765476 0.892593622 179.826477051
0.910926104 0.015112790 -0.412292629 -4.895469189 -0.018328432 0.999824643 -0.003846074 -4.003479004 0.412162185 0.011060166 0.911043346 180.250793457
0.927342772 0.018116504 -0.373774260 -5.044870377 -0.021739142 0.999748647 -0.005478401 -4.002473831 0.373581052 0.013205888 0.927503526 180.699859619
0.942187607 0.021447329 -0.334398836 -5.189241409 -0.024846457 0.999673903 -0.005890237 -4.007687569 0.334163457 0.013858334 0.942413270 181.168899536
0.955675304 0.023748262 -0.293463409 -5.319281578 -0.026671855 0.999626458 -0.005964089 -4.019124985 0.293212146 0.013526946 0.955951691 181.667236328
0.967621207 0.022864468 -0.251369119 -5.425971031 -0.025098288 0.999668837 -0.005683827 -4.030709267 0.251155913 0.011808726 0.967874587 182.183273315
0.977293909 0.024670327 -0.210447103 -5.514971733 -0.026432613 0.999635100 -0.005564854 -4.046413422 0.210233033 0.011001164 0.977589428 182.715164185
0.984851718 0.025202103 -0.171557277 -5.590154648 -0.027287947 0.999579489 -0.009810588 -4.050872803 0.171237886 0.014343421 0.985125303 183.269424438
0.990434349 0.025780654 -0.135555163 -5.652144909 -0.028131437 0.999484777 -0.015454748 -4.057869434 0.135086879 0.019120274 0.990649283 183.850311279
0.994444013 0.023130078 -0.102694452 -5.691921711 -0.024972385 0.999548793 -0.016690256 -4.070352554 0.102262065 0.019162050 0.994572937 184.447341919
0.996999145 0.021495355 -0.074368209 -5.718811512 -0.022827322 0.999593079 -0.017106926 -4.086226463 0.073970228 0.018753218 0.997084081 185.061737061
0.998558700 0.019004960 -0.050192520 -5.736326218 -0.019955035 0.999629796 -0.018495798 -4.103652000 0.049822424 0.019470735 0.998568296 185.680450439
0.999371409 0.014491236 -0.032354467 -5.740099907 -0.015125425 0.999696553 -0.019443328 -4.120085239 0.032062892 0.019920480 0.999287307 186.323699951
0.999739110 0.011820578 -0.019545170 -5.736805439 -0.012202755 0.999734402 -0.019551283 -4.139698982 0.019308871 0.019784687 0.999617815 186.992156982
0.999924064 0.009634888 -0.007685428 -5.741275787 -0.009784530 0.999758542 -0.019676888 -4.153552532 0.007493987 0.019750591 0.999776840 187.653121948
0.999969542 0.007663299 0.001497134 -5.739272118 -0.007633577 0.999791443 -0.018940877 -4.171091557 -0.001641972 0.018928872 0.999819458 188.336227417
0.999965370 0.004514698 0.006992217 -5.720913410 -0.004393869 0.999842405 -0.017200585 -4.196543694 -0.007068770 0.017169267 0.999827623 189.049987793
0.999947250 0.001919822 0.010090941 -5.710330963 -0.001745549 0.999849677 -0.017250745 -4.216374874 -0.010122542 0.017232221 0.999800265 189.774063110
0.999940097 -0.001065077 0.010893514 -5.702701569 0.001256360 0.999844909 -0.017567644 -4.235974312 -0.010873114 0.017580278 0.999786317 190.506942749
0.999948561 -0.002697425 0.009777021 -5.695284367 0.002865789 0.999847114 -0.017247502 -4.254336357 -0.009729003 0.017274633 0.999803424 191.254470825
0.999969304 -0.002000034 0.007576384 -5.692513466 0.002121381 0.999869049 -0.016042517 -4.281915188 -0.007543306 0.016058099 0.999842584 192.028808594
0.999987602 -0.001780473 0.004648676 -5.690468311 0.001852010 0.999879241 -0.015429989 -4.295376778 -0.004620642 0.015438407 0.999870121 192.817199707
0.999990821 -0.003929124 0.001722420 -5.695780277 0.003956505 0.999861062 -0.016192192 -4.322623730 -0.001658560 0.016198859 0.999867439 193.610000610
0.999982715 -0.005676652 -0.001530528 -5.698443890 0.005646697 0.999805212 -0.018913062 -4.350315571 0.001637593 0.018904094 0.999819934 194.391967773
0.999983788 -0.003996509 -0.004050674 -5.707441807 0.003908153 0.999759257 -0.021590875 -4.374161243 0.004135988 0.021574695 0.999758661 195.193450928
0.999976456 -0.003183145 -0.006080849 -5.714412689 0.003051135 0.999762118 -0.021596435 -4.399047375 0.006148147 0.021577373 0.999748290 196.003051758
0.999963224 -0.003085926 -0.008002295 -5.727324009 0.002937077 0.999823689 -0.018546293 -4.424232483 0.008058117 0.018522106 0.999795973 196.817886353
0.999962568 -0.002567187 -0.008260370 -5.741322994 0.002462466 0.999916792 -0.012662803 -4.453230858 0.008292191 0.012641989 0.999885678 197.637893677
0.999954462 -0.000867295 -0.009502982 -5.752509117 0.000769713 0.999947011 -0.010267351 -4.480727196 0.009511383 0.010259569 0.999902129 198.454742432
0.999947309 0.001243776 -0.010188944 -5.770706654 -0.001351579 0.999943137 -0.010580271 -4.503206253 0.010175205 0.010593485 0.999892116 199.262695312
0.999931574 0.003555460 -0.011146132 -5.784627914 -0.003700928 0.999907911 -0.013057593 -4.525687218 0.011098679 0.013097951 0.999852598 200.075958252
0.999912977 0.005555725 -0.011967811 -5.805640221 -0.005730627 0.999876559 -0.014630017 -4.544352531 0.011885053 0.014697326 0.999821365 200.906768799
0.999896526 0.006765975 -0.012696718 -5.820975780 -0.006952493 0.999867737 -0.014704106 -4.567751408 0.012595551 0.014790859 0.999811292 201.733505249
0.999892235 0.006697098 -0.013064175 -5.840819359 -0.006855646 0.999902964 -0.012129263 -4.597293377 0.012981676 0.012217519 0.999841094 202.553878784
0.999887943 0.005577299 -0.013890556 -5.856595039 -0.005726827 0.999925852 -0.010748310 -4.619704723 0.013829580 0.010826655 0.999845743 203.384307861
0.999860466 0.006267047 -0.015486480 -5.871026039 -0.006424452 0.999927998 -0.010135281 -4.644559383 0.015421847 0.010233358 0.999828696 204.218322754
0.999833941 0.005812110 -0.017270602 -5.885873795 -0.005977671 0.999936521 -0.009550204 -4.666986465 0.017213998 0.009651856 0.999805212 205.045104980
0.999807179 0.003251324 -0.019364905 -5.901772976 -0.003406408 0.999962330 -0.007980867 -4.689386368 0.019338228 0.008045293 0.999780655 205.881301880
0.999770522 0.003028861 -0.021205429 -5.923474789 -0.003153700 0.999977887 -0.005856184 -4.708340168 0.021187222 0.005921716 0.999758005 206.703948975
0.999734044 0.002844185 -0.022886600 -5.945547581 -0.002937574 0.999987483 -0.004047930 -4.727486134 0.022874802 0.004114085 0.999729872 207.534713745
0.999685585 0.003290847 -0.024856646 -5.981779099 -0.003364192 0.999990106 -0.002909469 -4.749816418 0.024846824 0.002992177 0.999686778 208.351608276
0.999638677 0.002225419 -0.026787607 -5.997605324 -0.002306878 0.999992788 -0.003010410 -4.765841961 0.026780715 0.003071118 0.999636590 209.160598755
0.999598205 0.001716107 -0.028293405 -6.028700352 -0.001795263 0.999994516 -0.002772521 -4.782760143 0.028288491 0.002822201 0.999595821 209.972091675
0.999552071 0.002685922 -0.029807003 -6.058204174 -0.002760957 0.999993145 -0.002476471 -4.800752640 0.029800147 0.002557657 0.999552608 210.783020020
0.999494314 0.002081680 -0.031730480 -6.081707954 -0.002237578 0.999985576 -0.004878490 -4.821447849 0.031719867 0.004947022 0.999484539 211.604629517
0.999452412 0.000974697 -0.033073913 -6.111775398 -0.001227982 0.999970078 -0.007638710 -4.842049599 0.033065479 0.007675142 0.999423742 212.373397827
0.999448121 0.002583791 -0.033116758 -6.146089554 -0.002908853 0.999948025 -0.009771228 -4.863499165 0.033089790 0.009862167 0.999403715 213.162200928
0.999449253 0.004548551 -0.032871634 -6.182680130 -0.004789365 0.999962270 -0.007250879 -4.880598068 0.032837410 0.007404320 0.999433279 213.946655273
0.999450207 0.005102355 -0.032761101 -6.206483364 -0.005233804 0.999978602 -0.003927854 -4.902507305 0.032740358 0.004097159 0.999455512 214.721221924
0.999483049 0.004302741 -0.031861711 -6.235379219 -0.004395214 0.999986351 -0.002832858 -4.919054985 0.031849086 0.002971433 0.999488294 215.479507446
0.999498308 0.003151191 -0.031515017 -6.260939121 -0.003223704 0.999992251 -0.002250359 -4.940150261 0.031507682 0.002350825 0.999500751 216.228607178
0.999473989 0.005270154 -0.031999879 -6.285159588 -0.005412408 0.999975860 -0.004360453 -4.955920696 0.031976126 0.004531356 0.999478340 216.958480835
0.999463916 0.006279300 -0.032131862 -6.319060802 -0.006506382 0.999954581 -0.006967519 -4.974910259 0.032086652 0.007172846 0.999459326 217.661422729
0.999391317 0.007379666 -0.034096334 -6.344490051 -0.007631064 0.999944627 -0.007248934 -4.989663601 0.034040950 0.007504713 0.999392271 218.356292725
0.999346554 0.006715106 -0.035515346 -6.370440006 -0.006931161 0.999958217 -0.005963783 -5.004574776 0.035473812 0.006206049 0.999351323 219.033828735
0.999253929 0.006967530 -0.037987467 -6.393531799 -0.007114504 0.999967694 -0.003735212 -5.019376755 0.037960213 0.004002687 0.999271214 219.686874390
0.999158919 0.006636390 -0.040465198 -6.429966927 -0.006696308 0.999976695 -0.001345364 -5.038662434 0.040455326 0.001615200 0.999180019 220.321975708
0.999021351 0.007014694 -0.043670163 -6.459808350 -0.007113428 0.999972463 -0.002105925 -5.055898666 0.043654189 0.002414509 0.999043763 220.930648804
0.998878121 0.006766248 -0.046868574 -6.490987778 -0.006957991 0.999968052 -0.003929128 -5.071220398 0.046840489 0.004250831 0.998893321 221.518676758
0.998758733 0.006176071 -0.049425755 -6.522700787 -0.006385223 0.999971330 -0.004074880 -5.081808090 0.049399171 0.004385417 0.998769462 222.095718384
0.998603165 0.006577136 -0.052425828 -6.561335564 -0.006827049 0.999966145 -0.004589315 -5.096901894 0.052393872 0.004940819 0.998614252 222.650772095
0.998477578 0.006585797 -0.054764897 -6.597534180 -0.006857679 0.999965072 -0.004778096 -5.106821060 0.054731514 0.005146382 0.998487830 223.186920166
0.998421073 0.006868884 -0.055751432 -6.627865791 -0.007138055 0.999963820 -0.004630367 -5.122328281 0.055717606 0.005021012 0.998433948 223.696517944
0.998495817 0.007936642 -0.054249935 -6.657103062 -0.008194944 0.999956131 -0.004540551 -5.136123180 0.054211520 0.004978297 0.998517036 224.185852051
0.998681068 0.008634354 -0.050611667 -6.678875923 -0.008875408 0.999950290 -0.004540025 -5.148982525 0.050569955 0.004983236 0.998708069 224.657012939
0.998982787 0.009438008 -0.044094305 -6.703015327 -0.009649959 0.999942899 -0.004596373 -5.157598019 0.044048406 0.005017206 0.999016821 225.117477417
0.999335170 0.010138937 -0.035019979 -6.718780041 -0.010325119 0.999933481 -0.005139678 -5.174204350 0.034965537 0.005497846 0.999373376 225.562072754
0.999673188 0.011639383 -0.022761751 -6.726340771 -0.011784437 0.999911010 -0.006249029 -5.180285931 0.022686992 0.006515221 0.999721408 226.021606445
0.999878526 0.013987812 -0.006873614 -6.715263367 -0.014030529 0.999882281 -0.006206236 -5.206136227 0.006785993 0.006301923 0.999957144 226.463546753
0.999838650 0.014011279 0.011239769 -6.699537754 -0.013942614 0.999883771 -0.006164346 -5.220495224 -0.011324833 0.006006640 0.999917805 226.901199341
0.999432206 0.012094762 0.031447954 -6.671837330 -0.011871406 0.999903023 -0.007279440 -5.229764938 -0.031532947 0.006901975 0.999478877 227.344482422
0.998458743 0.012651051 0.054037705 -6.630889416 -0.012079310 0.999867678 -0.010893981 -5.245232105 -0.054168377 0.010224453 0.998479486 227.772277832
0.996678770 0.015141981 0.080013275 -6.586712360 -0.013921688 0.999778450 -0.015787076 -5.258922577 -0.080234595 0.014620723 0.996668756 228.198104858
0.993852615 0.016852567 0.109420829 -6.518208504 -0.014793606 0.999698400 -0.019601572 -5.278005123 -0.109718166 0.017862346 0.993802249 228.620223999
0.989818931 0.015857266 0.141446367 -6.424131870 -0.012999704 0.999692798 -0.021103706 -5.298252106 -0.141737550 0.019050086 0.989720941 229.039291382
0.984174550 0.013948445 0.176651895 -6.345286846 -0.010307502 0.999715447 -0.021511769 -5.311521530 -0.176901683 0.019350495 0.984038293 229.401672363
0.977016985 0.008917232 0.212974906 -6.223279476 -0.004486128 0.999763489 -0.021279970 -5.325235367 -0.213114291 0.019835459 0.976825893 229.796020508
0.968012214 0.002122472 0.250894070 -6.092820168 0.003108578 0.999786019 -0.020451497 -5.337728977 -0.250883788 0.020577224 0.967798471 230.177963257
0.957382143 -0.003852047 0.288798481 -5.944204330 0.010004501 0.999753296 -0.019830558 -5.353416443 -0.288650841 0.021874707 0.957184494 230.540069580
0.945010185 -0.011367402 0.326843292 -5.776265621 0.017866444 0.999697745 -0.016888848 -5.374298573 -0.326552510 0.021799659 0.944927633 230.901077271
0.930782318 -0.015266523 0.365255058 -5.602184296 0.022031290 0.999654174 -0.014360085 -5.391859055 -0.364909500 0.021413153 0.930796742 231.238143921
0.913388073 -0.014358674 0.406836629 -5.431159973 0.022106148 0.999652624 -0.014349264 -5.409653664 -0.406489283 0.022100037 0.913388252 231.597076416
0.893760800 -0.010158807 0.448428869 -5.259090424 0.019517923 0.999677360 -0.016254138 -5.429569721 -0.448119074 0.023279712 0.893670738 231.920715332
0.872091770 -0.005761491 0.489308506 -5.063014984 0.017560389 0.999655128 -0.019527081 -5.461549759 -0.489027232 0.025621854 0.871892095 232.230987549
0.848046780 -0.001646100 0.529918849 -4.844106674 0.018882470 0.999454021 -0.027113616 -5.454274178 -0.529584885 0.032999791 0.847614825 232.525543213
0.821966231 -0.002921835 0.569528759 -4.595998764 0.024419755 0.999248028 -0.030117143 -5.467084885 -0.569012463 0.038663026 0.821419477 232.825393677
0.793647587 -0.005383503 0.608353972 -4.327838898 0.031411156 0.998989761 -0.032138072 -5.482280254 -0.607566357 0.044615403 0.793014884 233.118759155
0.763276815 -0.002035782 0.646068394 -4.044448853 0.032377250 0.998859048 -0.035103634 -5.494466782 -0.645259798 0.047711704 0.762471914 233.401535034
0.728910565 0.007657610 0.684566140 -3.756877899 0.023617920 0.999060988 -0.036323406 -5.508527279 -0.684201479 0.042644542 0.728045225 233.692443848
0.692439198 0.019713722 0.721206844 -3.457492828 0.007489628 0.999376357 -0.034508191 -5.526306629 -0.721437395 0.029296396 0.691859722 233.992523193
0.656719804 0.024166180 0.753747404 -3.130374908 0.000687735 0.999466836 -0.032643493 -5.551709652 -0.754134417 0.021956008 0.656353056 234.251266479
0.618481696 0.021571647 0.785503089 -2.782844543 0.007452175 0.999417186 -0.033313822 -5.565294266 -0.785763919 0.026457697 0.617960453 234.472183228
0.577495813 0.020557433 0.816134810 -2.430175781 0.015206456 0.999238610 -0.035929658 -5.591307640 -0.816251993 0.033159744 0.576743484 234.654022217
0.534133136 0.021884359 0.845117092 -2.042236328 0.022076447 0.998962939 -0.039821025 -5.600773811 -0.845112085 0.039926913 0.533096075 234.850204468
0.487788022 0.028317964 0.872502804 -1.643699646 0.016619911 0.998991311 -0.041714936 -5.618232250 -0.872803986 0.034848966 0.486825347 235.052307129
0.440932393 0.035165332 0.896851063 -1.230766296 0.006451098 0.999082208 -0.042345434 -5.632864952 -0.897517025 0.024457144 0.440300822 235.244628906
0.394783974 0.034585059 0.918122888 -0.800186157 -0.000543978 0.999299884 -0.037409041 -5.665129185 -0.918773890 0.014269052 0.394526362 235.399932861
0.348439276 0.031624950 0.936797798 -0.345245361 -0.002913403 0.999462366 -0.032656789 -5.694062710 -0.937326908 0.008649640 0.348344088 235.550109863
0.305576980 0.028196415 0.951749921 0.128433228 0.003868571 0.999516428 -0.030853620 -5.724401474 -0.952159643 0.013110070 0.305320144 235.654022217
0.266579330 0.030114589 0.963342428 0.647094727 0.008223353 0.999404311 -0.033517499 -5.741156578 -0.963777900 0.016856980 0.266172886 235.755294800
0.227602482 0.033235759 0.973186791 1.132629395 0.011886922 0.999248028 -0.036905821 -5.762009144 -0.973681629 0.019968053 0.227036238 235.855255127
0.194012582 0.035672300 0.980350196 1.659713745 0.012566357 0.999166250 -0.038843863 -5.779388905 -0.980918527 0.019855632 0.193402588 235.944030762
0.164535284 0.035324112 0.985738456 2.209655762 0.012677878 0.999200225 -0.037922654 -5.795765877 -0.986289740 0.018736685 0.163955867 236.031433105
0.137835681 0.029819548 0.990006208 2.775863647 0.015554544 0.999358237 -0.032266855 -5.822030067 -0.990333080 0.019846622 0.137283444 236.093002319
0.111459017 0.027107099 0.993399322 3.348709106 0.011696192 0.999522865 -0.028586505 -5.846567154 -0.993700266 0.014805214 0.111088812 236.150619507
0.085348666 0.026484540 0.995999157 3.941879272 0.011772590 0.999550045 -0.027587773 -5.866706848 -0.996281624 0.014080068 0.084998488 236.189208984
0.060877025 0.027821213 0.997757494 4.556320190 0.007480264 0.999570668 -0.028328173 -5.898548603 -0.998117268 0.009188026 0.060642779 236.230911255
0.040015101 0.030113317 0.998745322 5.192428589 0.011397975 0.999466956 -0.030591747 -5.922996044 -0.999134183 0.012607808 0.039650500 236.244125366
0.021790743 0.032021560 0.999249637 5.867279053 0.019380687 0.999285579 -0.032445349 -5.926305771 -0.999574661 0.020073151 0.021154583 236.233825684
0.003463507 0.029586222 0.999556303 6.524780273 0.020435985 0.999351382 -0.029650973 -5.945631027 -0.999785244 0.020529615 0.002856612 236.231109619
-0.012485862 0.025408713 0.999599159 7.208923340 0.019290460 0.999497175 -0.025165167 -5.969681740 -0.999735951 0.018968521 -0.012969732 236.223251343
-0.027127981 0.021917190 0.999391675 7.883804321 0.015956756 0.999641716 -0.021489540 -6.000854492 -0.999504626 0.015364083 -0.027467966 236.208526611
-0.037111044 0.021287864 0.999084413 8.578384399 0.018551299 0.999615490 -0.020610090 -6.033359051 -0.999138951 0.017769452 -0.037491679 236.169235229
-0.043611050 0.023815347 0.998764753 9.304855347 0.023981472 0.999452710 -0.022784602 -6.044777393 -0.998760760 0.022958187 -0.044158340 236.125244141
-0.048141360 0.025918718 0.998504281 10.031097412 0.029503737 0.999264002 -0.024515964 -6.062726974 -0.998404801 0.028279372 -0.048870683 236.079788208
-0.051473260 0.023670498 0.998393953 10.782531738 0.030031521 0.999303639 -0.022143768 -6.087284565 -0.998222888 0.028843476 -0.052148223 236.041656494
-0.054224014 0.020981845 0.998308480 11.543289185 0.026343744 0.999461293 -0.019575197 -6.116479874 -0.998181403 0.025237737 -0.054747462 236.011398315
-0.055645823 0.020428706 0.998241723 12.315399170 0.027109794 0.999452949 -0.018942297 -6.136156082 -0.998082578 0.026008066 -0.056169271 235.967880249
-0.056705356 0.020645401 0.998177469 13.128662109 0.025505247 0.999489844 -0.019223619 -6.161918163 -0.998065114 0.024368679 -0.057202935 235.932495117
-0.057859421 0.020121669 0.998121917 13.927932739 0.028367655 0.999426305 -0.018503537 -6.181317329 -0.997921646 0.027243774 -0.058397055 235.884582520
-0.058717251 0.016659280 0.998135686 14.732803345 0.030051647 0.999437094 -0.014913157 -6.206491947 -0.997822225 0.029119961 -0.059184790 235.843093872
-0.057159424 0.013971255 0.998267412 15.548706055 0.031640854 0.999425113 -0.012175753 -6.227767467 -0.997863650 0.030890072 -0.057568550 235.807861328
-0.053666234 0.013064899 0.998473465 16.361602783 0.031757161 0.999430954 -0.011370537 -6.254234314 -0.998053789 0.031098470 -0.054050565 235.750640869
-0.050174236 0.015116446 0.998626232 17.168655396 0.033338234 0.999353588 -0.013452441 -6.274198532 -0.998184025 0.032617465 -0.050645709 235.717269897
-0.046631098 0.016265102 0.998779714 17.964630127 0.034059014 0.999311924 -0.014683617 -6.300711155 -0.998331308 0.033332739 -0.047152996 235.678634644
-0.044065595 0.014793680 0.998919129 18.762359619 0.034296356 0.999323368 -0.013286744 -6.321908951 -0.998439789 0.033673797 -0.044543147 235.654251099
-0.040582299 0.013803837 0.999080956 19.582916260 0.033798773 0.999351323 -0.012434682 -6.346242905 -0.998604476 0.033263080 -0.041022539 235.628051758
-0.037624478 0.013439731 0.999201715 20.397979736 0.033802271 0.999354482 -0.012168982 -6.372099876 -0.998720229 0.033317432 -0.038054466 235.607833862
-0.034209132 0.016748970 0.999274492 21.201721191 0.033833522 0.999305844 -0.015591248 -6.396348476 -0.998842001 0.033275612 -0.034752131 235.577774048
-0.032125235 0.019337976 0.999296904 22.031097412 0.031510364 0.999335408 -0.018325737 -6.419454098 -0.998987138 0.030899489 -0.032713294 235.570480347
-0.029791951 0.017832818 0.999397099 22.857498169 0.029470744 0.999421835 -0.016954744 -6.440968990 -0.999121606 0.028947860 -0.030300260 235.547607422
-0.028157473 0.014263063 0.999501705 23.691696167 0.024492860 0.999607861 -0.013574578 -6.477073669 -0.999303401 0.024098432 -0.028495789 235.533538818
-0.026311874 0.012723380 0.999572873 24.516143799 0.021199534 0.999701202 -0.012166980 -6.502331734 -0.999429047 0.020870343 -0.026573658 235.520553589
-0.024994373 0.014089470 0.999588370 25.335144043 0.019645689 0.999714494 -0.013600014 -6.526435852 -0.999494612 0.019297676 -0.025264144 235.509277344
-0.023289442 0.016410038 0.999594092 26.158966064 0.017162666 0.999724507 -0.016012307 -6.549034119 -0.999581456 0.016782781 -0.023564696 235.492568970
-0.023181558 0.016601367 0.999593437 27.002990723 0.016669607 0.999729514 -0.016217044 -6.579350471 -0.999592304 0.016286893 -0.023452044 235.485473633
-0.022434115 0.016204745 0.999617040 27.835800171 0.015794955 0.999749601 -0.015852414 -6.605530739 -0.999623597 0.015433270 -0.022684455 235.470870972
-0.022683263 0.015031354 0.999629855 28.662643433 0.015405419 0.999773502 -0.014683942 -6.631906033 -0.999624193 0.015066636 -0.022909760 235.456314087
-0.023299575 0.013470084 0.999637723 29.497680664 0.016257236 0.999782085 -0.013093106 -6.658969879 -0.999596298 0.015946284 -0.023513436 235.440460205
-0.023795843 0.013211317 0.999629498 30.328491211 0.016060732 0.999788702 -0.012831099 -6.689270973 -0.999587774 0.015749454 -0.024003029 235.424499512
-0.024492264 0.013389208 0.999610364 31.155838013 0.016505646 0.999779403 -0.012987056 -6.714652061 -0.999563813 0.016181132 -0.024707794 235.406997681
-0.025166869 0.012882083 0.999600351 31.991348267 0.015998114 0.999794126 -0.012481798 -6.737262726 -0.999555349 0.015677592 -0.025367737 235.393524170
-0.026100636 0.012935707 0.999575794 32.816055298 0.013808260 0.999825537 -0.012578388 -6.761605263 -0.999564111 0.013474098 -0.026274681 235.377120972
-0.028149605 0.012005338 0.999531686 33.639526367 0.010132328 0.999879956 -0.011724168 -6.787374496 -0.999552429 0.009797553 -0.028267860 235.362625122
-0.030622840 0.011952988 0.999459624 34.464248657 0.007691267 0.999901712 -0.011722622 -6.811939240 -0.999501526 0.007328131 -0.030711770 235.344314575
-0.033114433 0.011823396 0.999381661 35.286132812 0.007146090 0.999907255 -0.011592830 -6.836425781 -0.999426067 0.006757780 -0.033195853 235.323608398
-0.034917593 0.009285462 0.999347031 36.101043701 0.004769066 0.999947011 -0.009124403 -6.859719753 -0.999378800 0.004447350 -0.034960032 235.295532227
-0.037120700 0.005559624 0.999295413 36.921997070 0.003031238 0.999980569 -0.005450835 -6.880237103 -0.999306321 0.002826764 -0.037136793 235.271911621
-0.038884044 0.001399411 0.999242783 37.745758057 0.000953489 0.999998629 -0.001363366 -6.900650024 -0.999243319 0.000899753 -0.038885355 235.252014160
-0.039812684 0.000882526 0.999206841 38.551544189 0.001170086 0.999998987 -0.000836604 -6.922894955 -0.999206603 0.001135850 -0.039813638 235.223754883
-0.040578246 0.004026666 0.999168217 39.359497070 0.002783368 0.999988437 -0.003916933 -6.943372726 -0.999172449 0.002622111 -0.040588975 235.188964844
-0.040703058 0.008396728 0.999136090 40.166137695 0.003543758 0.999959588 -0.008259283 -6.960408211 -0.999165058 0.003204518 -0.040731192 235.161483765
-0.041224241 0.011450256 0.999084294 40.967895508 0.004433683 0.999926567 -0.011276967 -6.979459763 -0.999140084 0.003964740 -0.041271925 235.138092041
-0.040952563 0.012242314 0.999086201 41.760848999 0.005439340 0.999912858 -0.012029487 -7.002359390 -0.999146402 0.004941731 -0.041015625 235.108245850
-0.041021347 0.011803502 0.999088645 42.568618774 0.005454870 0.999917984 -0.011589331 -7.026819229 -0.999143481 0.004974488 -0.041082382 235.070755005
-0.042523623 0.011900617 0.999024630 43.360748291 0.003001196 0.999926090 -0.011783609 -7.048938751 -0.999091029 0.002497188 -0.042556286 235.049865723
-0.044050694 0.010829304 0.998970687 44.144500732 0.001768184 0.999940515 -0.010761850 -7.070785999 -0.999027848 0.001292297 -0.044067264 235.025146484
-0.045496106 0.008334502 0.998929799 44.942520142 0.001712079 0.999964356 -0.008265158 -7.091239929 -0.998963118 0.001334214 -0.045508742 234.997589111
-0.047222972 0.005488859 0.998869300 45.740203857 0.001080962 0.999984622 -0.005443884 -7.118205070 -0.998883784 0.000822664 -0.047228098 234.956756592
-0.048891068 0.005040969 0.998791516 46.525726318 -0.000362721 0.999987125 -0.005064759 -7.139987946 -0.998804152 -0.000609904 -0.048888683 234.926162720
-0.049829125 0.007016553 0.998733163 47.301757812 -0.000462041 0.999975026 -0.007048330 -7.158800602 -0.998757720 -0.000812668 -0.049824715 234.892196655
-0.049892426 0.008834450 0.998715639 48.092742920 0.001107575 0.999960780 -0.008790134 -7.176822662 -0.998754084 0.000667593 -0.049900174 234.859359741
-0.049565315 0.008938069 0.998731017 48.862625122 0.002157701 0.999958575 -0.008841973 -7.205244064 -0.998768687 0.001716708 -0.049582601 234.819259644
-0.049162865 0.007023218 0.998766184 49.630432129 0.002735627 0.999972463 -0.006897044 -7.224737167 -0.998787165 0.002393174 -0.049180627 234.787979126
-0.048316479 0.005444316 0.998817325 50.395950317 0.000608234 0.999985099 -0.005421259 -7.240879536 -0.998831987 0.000345579 -0.048318982 234.762664795
-0.048448682 0.003588926 0.998819172 51.162063599 -0.001445011 0.999992251 -0.003663232 -7.256624699 -0.998824596 -0.001620783 -0.048443079 234.743484497
-0.047145844 0.001855275 0.998886347 51.933929443 -0.003342314 0.999992371 -0.002015081 -7.278785706 -0.998882473 -0.003433594 -0.047139287 234.706130981
-0.046944261 0.002921697 0.998893261 52.694732666 -0.001854740 0.999993742 -0.003012082 -7.297935486 -0.998895824 -0.001994087 -0.046938539 234.676849365
-0.047325373 0.004914095 0.998867512 53.453201294 -0.002182237 0.999984980 -0.005022985 -7.310986996 -0.998877227 -0.002417479 -0.047313929 234.650863647
-0.047536731 0.008787603 0.998830855 54.210357666 -0.005097728 0.999946117 -0.009040028 -7.331027985 -0.998856485 -0.005521501 -0.047489285 234.625701904
-0.048408270 0.007322909 0.998800933 54.954559326 -0.003801933 0.999964535 -0.007515707 -7.352303028 -0.998820543 -0.004161194 -0.048378706 234.596389771
-0.047470450 0.004198997 0.998863995 55.709747314 -0.000408256 0.999991000 -0.004223138 -7.366896629 -0.998872697 -0.000608266 -0.047468305 234.553878784
-0.048354268 0.005248132 0.998816490 56.435974121 -0.000121975 0.999986172 -0.005260183 -7.395731449 -0.998830259 -0.000376182 -0.048352957 234.520675659
-0.049363852 0.012075167 0.998707950 57.164810181 -0.003836245 0.999917269 -0.012279405 -7.423354626 -0.998773575 -0.004437445 -0.049313426 234.496810913
-0.048289537 0.024325645 0.998537242 57.885543823 -0.001055274 0.999701619 -0.024405045 -7.440704346 -0.998832941 -0.002232236 -0.048249364 234.466262817
-0.047039151 0.031385086 0.998399973 58.602020264 0.005276200 0.999500155 -0.031171087 -7.465577126 -0.998879194 0.003801501 -0.047181249 234.424118042
-0.046358347 0.026802318 0.998565376 59.348693848 0.006031619 0.999629259 -0.026550861 -7.494250298 -0.998906791 0.004792115 -0.046502829 234.388732910
-0.045143723 0.019929750 0.998781681 60.071792603 0.003267769 0.999798596 -0.019802341 -7.529449463 -0.998975158 0.002369837 -0.045199752 234.375274658
-0.042549729 0.014960321 0.998982370 60.796569824 0.002298587 0.999886692 -0.014875960 -7.561871529 -0.999091744 0.001663279 -0.042579293 234.334381104
-0.040133595 0.013021982 0.999109507 61.510131836 0.003503767 0.999910772 -0.012891682 -7.584408760 -0.999188244 0.002983259 -0.040175676 234.305786133
-0.038553357 0.012790300 0.999174714 62.224945068 0.003907902 0.999912381 -0.012648956 -7.603308678 -0.999248922 0.003417017 -0.038599968 234.283035278
-0.038520694 0.011158521 0.999195457 62.932144165 -0.001775591 0.999935329 -0.011235235 -7.628486633 -0.999256194 -0.002206953 -0.038498402 234.272979736
-0.038311958 0.011188353 0.999203384 63.647979736 -0.006664956 0.999912202 -0.011451843 -7.651632309 -0.999243796 -0.007098386 -0.038233995 234.254776001
-0.039055109 0.012894663 0.999153912 64.350921631 -0.009184194 0.999869883 -0.013262896 -7.667257309 -0.999194920 -0.009694405 -0.038931608 234.235153198
-0.040570974 0.013334042 0.999087632 65.082077026 -0.008884832 0.999866605 -0.013705233 -7.691521645 -0.999137104 -0.009432761 -0.040447116 234.217208862
-0.042404294 0.013074177 0.999015093 65.778686523 -0.010552519 0.999852717 -0.013533053 -7.709893227 -0.999044955 -0.011115982 -0.042260051 234.193908691
-0.043471098 0.012433907 0.998977363 66.473007202 -0.010937982 0.999856710 -0.012920824 -7.731300354 -0.998994887 -0.011488478 -0.043328762 234.168518066
-0.044879436 0.010494111 0.998937428 67.152282715 -0.008931345 0.999900639 -0.010905491 -7.754044533 -0.998952627 -0.009411285 -0.044781208 234.138717651
-0.045900106 0.010297289 0.998893082 67.828979492 -0.007058866 0.999918580 -0.010632223 -7.775557518 -0.998921216 -0.007539071 -0.045823693 234.102020264
-0.046794176 0.009822212 0.998856306 68.502792358 -0.007590352 0.999919295 -0.010188255 -7.797558784 -0.998875737 -0.008058421 -0.046715856 234.076385498
-0.046115994 0.009087194 0.998894870 69.171752930 -0.009211273 0.999912262 -0.009521706 -7.815262794 -0.998893738 -0.009640194 -0.046028256 234.053161621
-0.045023918 0.009941806 0.998936534 69.830505371 -0.010232530 0.999893427 -0.010412528 -7.837629318 -0.998933613 -0.010690457 -0.044917345 234.029312134
-0.044122219 0.012189511 0.998951912 70.477447510 -0.011759256 0.999849975 -0.012719858 -7.855449677 -0.998957098 -0.012308156 -0.043972254 234.006988525
-0.043618679 0.014655519 0.998940825 71.138183594 -0.012880606 0.999801040 -0.015230570 -7.879180431 -0.998965323 -0.013531297 -0.043421149 233.990051270
-0.043430209 0.016550630 0.998919427 71.794540405 -0.012299713 0.999778152 -0.017099615 -7.901740074 -0.998980820 -0.013029059 -0.043216944 233.970062256
-0.043455720 0.016951339 0.998911560 72.447052002 -0.011106517 0.999786079 -0.017449345 -7.922361851 -0.998993635 -0.011852701 -0.043258190 233.947540283
-0.043238521 0.016048888 0.998935938 73.079727173 -0.011994242 0.999790549 -0.016581783 -7.943846226 -0.998992860 -0.012698447 -0.043036938 233.924346924
-0.042687058 0.013849661 0.998992503 73.736236572 -0.014415677 0.999791265 -0.014476718 -7.968507767 -0.998984516 -0.015019123 -0.042478561 233.900726318
-0.042866349 0.012625574 0.999001026 74.363311768 -0.014784525 0.999802649 -0.013270097 -7.991305828 -0.998971462 -0.015338596 -0.042671204 233.879669189
-0.043556213 0.011748589 0.998981953 75.004379272 -0.012361276 0.999847949 -0.012297733 -8.012838364 -0.998974502 -0.012884334 -0.043404341 233.855529785
-0.045893669 0.011982653 0.998874485 75.638229370 -0.009767433 0.999874890 -0.012443421 -8.031555176 -0.998898625 -0.010327512 -0.045770884 233.824401855
-0.049198866 0.011840127 0.998718858 76.266494751 -0.011315912 0.999858975 -0.012411088 -8.051014900 -0.998724937 -0.011912026 -0.049057961 233.800811768
-0.051915050 0.010531055 0.998596132 76.883361816 -0.013913783 0.999839723 -0.011267519 -8.074616432 -0.998554707 -0.014479199 -0.051760197 233.769577026
-0.054021478 0.009149545 0.998497903 77.506027222 -0.014079459 0.999851644 -0.009923687 -8.094695091 -0.998440564 -0.014594402 -0.053884625 233.739044189
-0.057210803 0.012014265 0.998289824 78.153762817 -0.009887417 0.999871731 -0.012599939 -8.112976074 -0.998313189 -0.010591360 -0.057084680 233.703872681
-0.062460303 0.015371764 0.997929156 78.781539917 -0.009379272 0.999828219 -0.015988065 -8.132984161 -0.998003483 -0.010358466 -0.062305450 233.662811279
-0.069600344 0.018265845 0.997407794 79.413436890 -0.009953362 0.999769866 -0.019003659 -8.151575089 -0.997525394 -0.011250218 -0.069402575 233.622680664
-0.075416327 0.019698953 0.996957541 80.073410034 -0.012299326 0.999710441 -0.020683749 -8.170843124 -0.997076333 -0.013821798 -0.075152278 233.576232910
-0.080410957 0.019687101 0.996567547 80.734603882 -0.013144004 0.999697030 -0.020809488 -8.184519768 -0.996675313 -0.014772194 -0.080127835 233.519042969
-0.086455345 0.017997613 0.996093273 81.402236938 -0.011270331 0.999755144 -0.019041980 -8.213883400 -0.996192098 -0.012872579 -0.086231351 233.476684570
-0.091905594 0.018719293 0.995591819 82.093032837 -0.009998551 0.999755561 -0.019720573 -8.242211342 -0.995717585 -0.011766904 -0.091695905 233.396667480
-0.097846508 0.019355915 0.995013416 82.776046753 -0.009538776 0.999746680 -0.020386007 -8.262867928 -0.995155931 -0.011485905 -0.097637057 233.327697754
-0.104068279 0.018665876 0.994395018 83.478897095 -0.012184416 0.999724925 -0.020041082 -8.277941704 -0.994495571 -0.014201761 -0.103812218 233.265686035
-0.110015988 0.015223715 0.993813396 84.185592651 -0.012658576 0.999780118 -0.016716432 -8.302588463 -0.993849397 -0.014419332 -0.109799027 233.189453125
-0.114892364 0.013316534 0.993288755 84.893920898 -0.011305301 0.999827862 -0.014711871 -8.329710960 -0.993313670 -0.012919710 -0.114722133 233.112762451
-0.120057225 0.013438530 0.992676020 85.621536255 -0.007492742 0.999867618 -0.014442083 -8.350923538 -0.992738664 -0.009171742 -0.119940639 233.010452271
-0.126071572 0.017049216 0.991874576 86.366180420 -0.008625826 0.999795675 -0.018281749 -8.366285324 -0.991983593 -0.010860546 -0.125898719 232.922454834
-0.131445169 0.020219065 0.991117358 87.112075806 -0.005459495 0.999762058 -0.021119477 -8.392681122 -0.991308570 -0.008187050 -0.131303549 232.827270508
-0.135691047 0.021440472 0.990519285 87.872207642 -0.003933894 0.999746263 -0.022179103 -8.418620110 -0.990743458 -0.006906103 -0.135572314 232.722595215
-0.139812469 0.020881535 0.989957869 88.643539429 -0.000543885 0.999775827 -0.021165444 -8.439938545 -0.990177870 -0.003497615 -0.139769793 232.604980469
-0.143990874 0.017710254 0.989420652 89.432281494 0.001143104 0.999842167 -0.017730439 -8.460740089 -0.989578485 -0.001422010 -0.143988490 232.491729736
-0.146865606 0.015054571 0.989042044 90.239242554 0.002853154 0.999886453 -0.014795967 -8.484403610 -0.989152491 0.000648873 -0.146891832 232.372222900
-0.148712039 0.012689630 0.988799274 91.061401367 0.006386755 0.999909103 -0.011871663 -8.506022453 -0.988860071 0.004549761 -0.148779511 232.247848511
-0.149632215 0.011009799 0.988680482 91.889724731 0.008674923 0.999914110 -0.009821987 -8.525190353 -0.988703728 0.007107041 -0.149714947 232.120132446
-0.150395513 0.011386615 0.988560557 92.729080200 0.009955487 0.999900401 -0.010002649 -8.542351723 -0.988575995 0.008337249 -0.150493860 232.000061035
-0.150344372 0.013848852 0.988536835 93.594009399 0.011599183 0.999857783 -0.012243360 -8.566337585 -0.988565743 0.009625497 -0.150483727 231.880599976
-0.149327755 0.016303053 0.988653481 94.465591431 0.015517090 0.999779582 -0.014142804 -8.592582703 -0.988666117 0.013229113 -0.149547815 231.726364136
-0.147519112 0.019231847 0.988872230 95.351425171 0.018404672 0.999691188 -0.016696664 -8.607519150 -0.988887966 0.015736792 -0.147827506 231.588958740
-0.146475673 0.017851939 0.989053130 96.252334595 0.023112787 0.999625981 -0.014619842 -8.631326675 -0.988944173 0.020718323 -0.146833539 231.461669922
-0.142907977 0.018302916 0.989566863 97.152969360 0.028287100 0.999496102 -0.014401498 -8.654984474 -0.989331782 0.025933884 -0.143353701 231.321044922
-0.139048696 0.017224450 0.990135849 98.090652466 0.030804284 0.999440134 -0.013060343 -8.679211617 -0.989806414 0.028684398 -0.139501452 231.201889038
-0.134517193 0.016124096 0.990780115 99.024887085 0.034526538 0.999336720 -0.011575715 -8.706661224 -0.990309596 0.032651074 -0.134984732 231.060882568
-0.129426599 0.014271894 0.991486311 99.972869873 0.034415320 0.999358654 -0.009892709 -8.726995468 -0.990991652 0.032841939 -0.129834771 230.942749023
-0.124948144 0.014955869 0.992050707 100.930358887 0.034656286 0.999342024 -0.010700864 -8.750489235 -0.991557956 0.033043738 -0.125384212 230.834381104
-0.120095253 0.016899141 0.992618561 101.901596069 0.033836778 0.999343872 -0.012919783 -8.770832062 -0.992185593 0.032035410 -0.120588303 230.728317261
-0.114714146 0.017118499 0.993251145 102.877227783 0.035604272 0.999279976 -0.013110342 -8.796775818 -0.992760420 0.033860039 -0.115241051 230.615753174
-0.109648228 0.014295193 0.993867636 103.871444702 0.035552714 0.999313176 -0.010451171 -8.823533058 -0.993334413 0.034188740 -0.110081196 230.491363525
-0.104844570 0.013627226 0.994395316 104.866195679 0.034080237 0.999368072 -0.010102113 -8.850770950 -0.993904591 0.032830078 -0.105242729 230.394332886
-0.101597667 0.019179309 0.994640648 105.859375000 0.033356477 0.999317646 -0.015862294 -8.875756264 -0.994266152 0.031566136 -0.102168083 230.298507690
-0.099341989 0.026504269 0.994700372 106.839111328 0.033376966 0.999171436 -0.023290008 -8.916335106 -0.994493484 0.030886406 -0.100144267 230.207916260
-0.097936869 0.029350780 0.994759679 107.836883545 0.033757165 0.999087751 -0.026154995 -8.945842743 -0.994619906 0.031018728 -0.098838329 230.105087280
-0.096818805 0.026248107 0.994955957 108.839462280 0.034696680 0.999133587 -0.022982001 -8.980685234 -0.994697154 0.032296579 -0.097645640 230.014068604
-0.095216870 0.020130897 0.995253026 109.838623047 0.036537886 0.999192476 -0.016714962 -9.020408630 -0.994785786 0.034772888 -0.095875621 229.911621094
-0.094719410 0.016489256 0.995367408 110.864547729 0.039363984 0.999142885 -0.012805911 -9.051197052 -0.994725406 0.037968658 -0.095287323 229.829177856
-0.093436241 0.013145819 0.995538473 111.883666992 0.040481023 0.999136150 -0.009393980 -9.083074570 -0.994801939 0.039422680 -0.093887687 229.730499268
-0.092799783 0.011819289 0.995614707 112.884399414 0.039958745 0.999168217 -0.008136981 -9.109711647 -0.994882703 0.039028402 -0.093194842 229.638916016
-0.092325091 0.012262383 0.995653450 113.890670776 0.039590109 0.999178708 -0.008634684 -9.136237144 -0.994941592 0.038620830 -0.092734694 229.555664062
-0.091561913 0.016420402 0.995664060 114.881530762 0.039301097 0.999144614 -0.012863655 -9.163536072 -0.995023608 0.037952870 -0.092128873 229.480834961
-0.090092301 0.018529685 0.995761037 115.883041382 0.039272953 0.999115348 -0.015038854 -9.192599297 -0.995158792 0.037751593 -0.090740204 229.382598877
-0.089012980 0.018157637 0.995865107 116.878784180 0.039879721 0.999097049 -0.014652019 -9.220336914 -0.995231926 0.038410597 -0.089656711 229.294860840
-0.088159442 0.016266469 0.995973647 117.882995605 0.039506536 0.999137044 -0.012821185 -9.250680923 -0.995322704 0.038217157 -0.088726044 229.217742920
-0.086498857 0.017688151 0.996095002 118.886856079 0.037343018 0.999197304 -0.014500456 -9.288102150 -0.995551944 0.035942920 -0.087089896 229.142654419
-0.084219933 0.020981394 0.996226311 119.882324219 0.036855482 0.999159813 -0.017927453 -9.324844360 -0.995765388 0.035206553 -0.084922433 229.048187256
-0.081536651 0.022137810 0.996424496 120.867187500 0.037053626 0.999129474 -0.019165838 -9.354845047 -0.995981395 0.035358422 -0.082286000 228.964324951
-0.079645872 0.018331585 0.996654749 121.867584229 0.036694489 0.999207139 -0.015446162 -9.389502525 -0.996147692 0.035341512 -0.080255389 228.898406982
-0.076566219 0.013768110 0.996969402 122.867706299 0.034957431 0.999327004 -0.011115970 -9.428723335 -0.996451497 0.034000378 -0.076995969 228.825790405
-0.074212432 0.012177985 0.997168183 123.866973877 0.035434268 0.999326229 -0.009567212 -9.452049255 -0.996612787 0.034623917 -0.074593902 228.768585205
-0.071744204 0.013390003 0.997333109 124.853317261 0.035269141 0.999318659 -0.010879536 -9.478666306 -0.996799231 0.034394540 -0.072167635 228.702148438
-0.069816113 0.013420921 0.997469604 125.834297180 0.032108363 0.999421656 -0.011199823 -9.508703232 -0.997043073 0.031245189 -0.070206642 228.648132324
-0.067626834 0.011596605 0.997643292 126.818870544 0.028643265 0.999542832 -0.009677056 -9.543407440 -0.997299433 0.027921334 -0.067928076 228.573623657
-0.065843821 0.009075378 0.997788727 127.800254822 0.023030475 0.999706089 -0.007573043 -9.562472343 -0.997564197 0.022480907 -0.066033483 228.523376465
-0.065241456 0.007731175 0.997839630 128.778320312 0.017696658 0.999821663 -0.006589479 -9.592938423 -0.997712672 0.017228520 -0.065366626 228.475433350
-0.065274835 0.010362429 0.997813523 129.753646851 0.016809085 0.999815643 -0.009283606 -9.618493080 -0.997725785 0.016166346 -0.065436959 228.418228149
-0.066394687 0.012533423 0.997714758 130.695281982 0.015920270 0.999807119 -0.011500267 -9.655489922 -0.997666478 0.015120333 -0.066581368 228.356536865
-0.066375136 0.017019609 0.997649729 131.647659302 0.014802639 0.999761283 -0.016070796 -9.683692932 -0.997685134 0.013701150 -0.066611290 228.303649902
-0.065759420 0.019956404 0.997636080 132.598785400 0.015435874 0.999700725 -0.018980250 -9.716326714 -0.997716248 0.014151256 -0.066047788 228.242218018
-0.066331387 0.021246094 0.997571409 133.561660767 0.017795313 0.999639452 -0.020106878 -9.751863480 -0.997638941 0.016418381 -0.066685557 228.177276611
-0.066480279 0.017368089 0.997636676 134.491119385 0.016369533 0.999732912 -0.016313758 -9.775975227 -0.997653544 0.015246303 -0.066746831 228.114624023
-0.068564773 0.012699975 0.997565925 135.453704834 0.015104201 0.999817610 -0.011690500 -9.825074196 -0.997532427 0.014265879 -0.068744063 228.057647705
-0.069653630 0.011261268 0.997507811 136.395965576 0.013702223 0.999852777 -0.010330949 -9.851365089 -0.997477233 0.012948486 -0.069797754 227.991668701
-0.072736382 0.011101986 0.997289419 137.338485718 0.010433861 0.999891818 -0.010369973 -9.881318092 -0.997296631 0.009651304 -0.072844386 227.941925049
-0.076294780 0.010939955 0.997025251 138.281784058 0.008287963 0.999912202 -0.010337417 -9.909996986 -0.997050822 0.007474618 -0.076378703 227.879180908
-0.080109477 0.010433680 0.996731460 139.219726562 0.007739353 0.999921560 -0.009845046 -9.934267044 -0.996756017 0.006925376 -0.080183864 227.811614990
-0.084253669 0.009786363 0.996396422 140.158386230 0.006763405 0.999934375 -0.009249211 -9.961632729 -0.996421516 0.005959753 -0.084314346 227.734695435
-0.088240981 0.009497993 0.996053874 141.084075928 0.005971401 0.999941587 -0.009006055 -9.989834785 -0.996081293 0.005153134 -0.088292480 227.653152466
-0.092149734 0.010006514 0.995695055 142.017547607 0.005106146 0.999941111 -0.009576624 -10.015416145 -0.995732248 0.004201681 -0.092195511 227.571136475
-0.096046209 0.012498464 0.995298386 142.942855835 0.002049917 0.999921501 -0.012358703 -10.041773796 -0.995374739 0.000853272 -0.096064329 227.487960815
-0.101922750 0.013848164 0.994696140 143.868499756 0.004539541 0.999899149 -0.013455455 -10.065994263 -0.994782150 0.003144048 -0.101975322 227.405487061
-0.107029676 0.014077485 0.994156182 144.791244507 0.005325117 0.999893546 -0.013585431 -10.090415001 -0.994241595 0.003839953 -0.107093215 227.301818848
-0.114575028 0.012965084 0.993330061 145.711242676 0.004100883 0.999912500 -0.012577985 -10.118433952 -0.993406177 0.002632407 -0.114618182 227.200088501
-0.123183012 0.012059175 0.992310762 146.643615723 0.004253792 0.999923408 -0.011623635 -10.148282051 -0.992374897 0.002789251 -0.123224854 227.091598511
-0.131391764 0.008878956 0.991290689 147.591369629 0.004106215 0.999956191 -0.008412309 -10.167589188 -0.991321981 0.002965145 -0.131422520 226.962997437
-0.140600204 0.006746161 0.990043402 148.531387329 0.005128906 0.999968350 -0.006085412 -10.192273140 -0.990053117 0.004222229 -0.140630364 226.833206177
-0.149414778 0.005675231 0.988758385 149.440353394 0.004426808 0.999977350 -0.005070675 -10.215366364 -0.988764763 0.003619409 -0.149436474 226.690322876
-0.158905268 0.005599591 0.987278104 150.364715576 0.003642173 0.999980450 -0.005085419 -10.235820770 -0.987287283 0.002787738 -0.158922553 226.546997070
-0.167944789 0.005357116 0.985781968 151.297576904 0.004896042 0.999977410 -0.004600137 -10.254000664 -0.985784352 0.004053861 -0.167967200 226.391311646
-0.177048683 0.005329900 0.984187841 152.221069336 0.006706358 0.999968648 -0.004208936 -10.278959274 -0.984179437 0.005855130 -0.177078843 226.222045898
-0.187055349 0.007780835 0.982318699 153.145004272 0.008513497 0.999943912 -0.006299285 -10.299283981 -0.982312620 0.007184652 -0.187111139 226.049041748
-0.197353840 0.009356555 0.980287850 154.062850952 0.009247527 0.999927759 -0.007682281 -10.323718071 -0.980288863 0.007549111 -0.197426081 225.865432739
-0.207761526 0.008641330 0.978141546 154.999206543 0.011636767 0.999912024 -0.006361963 -10.344516754 -0.978110492 0.010060634 -0.207843781 225.662322998
-0.217989087 0.008166421 0.975917101 155.911193848 0.015371852 0.999869704 -0.004933270 -10.366772652 -0.975830197 0.013926254 -0.218086243 225.445770264
-0.228543162 0.010303001 0.973479450 156.841430664 0.018527376 0.999808908 -0.006232008 -10.391934395 -0.973357677 0.016611734 -0.228690386 225.232376099
-0.237056017 0.013132127 0.971407413 157.760086060 0.023036925 0.999703467 -0.007892876 -10.406599045 -0.971222997 0.020507185 -0.237288237 224.999816895
-0.242548108 0.012960520 0.970053017 158.706237793 0.026995834 0.999613702 -0.006605546 -10.429265976 -0.969763875 0.024585225 -0.242804289 224.758941650
-0.247137308 0.013420061 0.968887627 159.635421753 0.033489980 0.999424994 -0.005300642 -10.442817688 -0.968401611 0.031138038 -0.247444630 224.516067505
-0.249495625 0.015331225 0.968254626 160.570495605 0.038167711 0.999253392 -0.005987170 -10.471944809 -0.967623532 0.035462286 -0.249894500 224.263992310
-0.249874115 0.018997168 0.968091905 161.490951538 0.041979715 0.999080002 -0.008769874 -10.492643356 -0.967367828 0.038448859 -0.250441790 224.027496338
-0.247904420 0.022037484 0.968533993 162.417251587 0.048247620 0.998781502 -0.010376344 -10.512313843 -0.967582464 0.044157110 -0.248665571 223.786834717
-0.244318366 0.024257850 0.969391704 163.333663940 0.050266977 0.998659790 -0.012321335 -10.539083481 -0.968391418 0.045718059 -0.245210290 223.560363770
-0.238414288 0.022852710 0.970894754 164.263610840 0.055127535 0.998429596 -0.009963632 -10.566995621 -0.969597757 0.051147558 -0.239299655 223.323623657
-0.231291056 0.019199491 0.972695172 165.205184937 0.060531639 0.998152137 -0.005308535 -10.594303131 -0.970999718 0.057651013 -0.232025862 223.086425781
-0.225118995 0.014116247 0.974229217 166.142105103 0.063973002 0.997951567 0.000322508 -10.613367081 -0.972229004 0.062396962 -0.225560904 222.863815308
-0.220680475 0.014146366 0.975243688 167.073638916 0.066001818 0.997819424 0.000461208 -10.635322571 -0.973110557 0.064469628 -0.221132994 222.663955688
-0.215016842 0.017538439 0.976453006 167.988037109 0.067782104 0.997695684 -0.002994247 -10.653932571 -0.974255383 0.065542221 -0.215710163 222.456420898
-0.208953381 0.022858635 0.977658570 168.911666870 0.069157913 0.997569144 -0.008543170 -10.675104141 -0.975477338 0.065827690 -0.210026264 222.252319336
-0.202975273 0.026756808 0.978818297 169.828475952 0.070644610 0.997421741 -0.012615949 -10.698628426 -0.976632237 0.066587508 -0.204342127 222.060836792
-0.197047234 0.026802327 0.980027735 170.747390747 0.069155976 0.997516155 -0.013375917 -10.726165771 -0.977952003 0.065139085 -0.198411345 221.883377075
-0.190436244 0.022306919 0.981446147 171.706604004 0.066179745 0.997759223 -0.009836412 -10.758708954 -0.979466319 0.063078642 -0.191485882 221.694900513
-0.183057427 0.019111553 0.982916415 172.619094849 0.066945769 0.997732520 -0.006931716 -10.784834862 -0.980820179 0.064533196 -0.183921814 221.523712158
-0.176924944 0.018320870 0.984053850 173.526794434 0.068171784 0.997653604 -0.006317333 -10.808996201 -0.981860638 0.065967016 -0.177758813 221.365280151
-0.171636939 0.018500015 0.984986722 174.473144531 0.067113385 0.997720480 -0.007044480 -10.834505081 -0.982871771 0.064896695 -0.172487378 221.205780029
-0.167962313 0.020616023 0.985577941 175.381774902 0.065314740 0.997817159 -0.009741100 -10.860733032 -0.983627379 0.062736623 -0.168942213 221.054946899
-0.165880919 0.023715204 0.985860705 176.276687622 0.066401377 0.997710526 -0.012827566 -10.890696526 -0.983907819 0.063334659 -0.167075872 220.905914307
-0.165867686 0.024934152 0.985832930 177.169433594 0.066403151 0.997693777 -0.014061742 -10.916481018 -0.983910024 0.063130014 -0.167140841 220.771499634
-0.164830923 0.022202659 0.986071885 178.050109863 0.067370169 0.997665167 -0.011202150 -10.936820984 -0.984018266 0.064585373 -0.165941954 220.618286133
-0.164180636 0.015038186 0.986315727 178.938171387 0.069702826 0.997561276 -0.003607019 -10.969379425 -0.983964562 0.068156786 -0.164828420 220.452636719
-0.163960934 0.009086447 0.986425161 179.779083252 0.068816580 0.997626781 0.002248867 -10.989749908 -0.984063745 0.068251118 -0.164197206 220.321762085
-0.163646817 0.008787560 0.986479938 180.611953735 0.069818467 0.997556090 0.002695928 -11.011348724 -0.984045327 0.069315694 -0.163860321 220.192138672
-0.162642598 0.013255585 0.986596107 181.407333374 0.072109371 0.997395575 -0.001513293 -11.032846451 -0.984046638 0.070896700 -0.163174868 220.047393799
-0.162148118 0.018800005 0.986587346 182.224365234 0.071566425 0.997409523 -0.007244115 -11.046230316 -0.984167814 0.069431908 -0.163073540 219.910125732
-0.161574841 0.022008035 0.986615181 183.059387207 0.070419624 0.997459888 -0.010717560 -11.069730759 -0.984344959 0.067745380 -0.162714243 219.770690918
-0.161992431 0.022587318 0.986533403 183.874145508 0.068921827 0.997555494 -0.011522455 -11.091466904 -0.984382093 0.066127136 -0.163153291 219.644790649
-0.162888885 0.021519465 0.986409903 184.674911499 0.069214404 0.997548282 -0.010332890 -11.115400314 -0.984213889 0.066590652 -0.163978934 219.511108398
-0.164115191 0.018940097 0.986259460 185.489685059 0.070938237 0.997453630 -0.007350842 -11.139599800 -0.983887255 0.068757117 -0.165040851 219.376785278
-0.165736079 0.015170522 0.986053586 186.317550659 0.071456909 0.997438133 -0.003335190 -11.151826859 -0.983578026 0.069907576 -0.166395545 219.245025635
-0.167106390 0.010760347 0.985880136 187.153121948 0.075562045 0.997139215 0.001924510 -11.163593292 -0.983039021 0.074816719 -0.167441368 219.091857910
-0.168290496 0.009175339 0.985694826 187.958129883 0.078744493 0.996886134 0.004164758 -11.178588867 -0.982587278 0.078318924 -0.168488979 218.948577881
-0.169636965 0.011556733 0.985438883 188.747055054 0.080781050 0.996729434 0.002216795 -11.194366455 -0.982190311 0.079980843 -0.170015693 218.808929443
-0.169909716 0.017984301 0.985295534 189.519668579 0.081066698 0.996699750 -0.004212876 -11.210958481 -0.982119620 0.079158850 -0.170806885 218.670303345
-0.168169141 0.024537586 0.985452831 190.292999268 0.082886390 0.996501923 -0.010668021 -11.226959229 -0.982267380 0.079886593 -0.169614673 218.530929565
-0.166271329 0.026182005 0.985732436 191.067230225 0.084405750 0.996356428 -0.012226807 -11.249673843 -0.982460976 0.081168510 -0.167875409 218.398681641
-0.163079381 0.023803268 0.986325860 191.862365723 0.083828516 0.996428132 -0.010186842 -11.268689156 -0.983045280 0.081020959 -0.164492369 218.269882202
-0.159177899 0.018631015 0.987074137 192.648315430 0.082257643 0.996595681 -0.005545678 -11.293390274 -0.983817160 0.080311641 -0.160168529 218.151214600
-0.154271722 0.015988849 0.987899184 193.424682617 0.081671908 0.996653557 -0.003376544 -11.311948776 -0.984647214 0.080162697 -0.155061364 218.029510498
-0.150529146 0.015034510 0.988491178 194.199920654 0.079583146 0.996823609 -0.003042180 -11.334741592 -0.985397041 0.078209303 -0.151247501 217.923110962
-0.146146297 0.015628539 0.989139557 194.989227295 0.080010794 0.996786237 -0.003927696 -11.347548485 -0.986022115 0.078567818 -0.146926999 217.804672241
-0.142800331 0.018040078 0.989587009 195.755325317 0.080186479 0.996758044 -0.006599653 -11.371432304 -0.986497879 0.078409068 -0.143783927 217.702316284
-0.139363766 0.019995430 0.990039408 196.519104004 0.081281245 0.996653318 -0.008687385 -11.389009476 -0.986899793 0.079260923 -0.140522599 217.595855713
-0.136250257 0.019626195 0.990480065 197.272949219 0.081389725 0.996645629 -0.008552412 -11.405212402 -0.987325490 0.079449624 -0.137390614 217.486953735
-0.134353638 0.014662997 0.990825057 198.046661377 0.081090890 0.996699631 -0.003754200 -11.423047066 -0.987610042 0.079842485 -0.135099292 217.387893677
-0.132390857 0.010434486 0.991142690 198.800018311 0.081531212 0.996670723 0.000397760 -11.444701195 -0.987838745 0.080861725 -0.132800817 217.287414551
-0.131148100 0.010185786 0.991310477 199.556579590 0.079502858 0.996834576 0.000275499 -11.462003708 -0.988169730 0.078848146 -0.131542802 217.189834595
-0.130312443 0.013562406 0.991380274 200.308776855 0.077951692 0.996951342 -0.003392230 -11.480387688 -0.988403916 0.076837711 -0.130972385 217.090820312
-0.130030274 0.018151302 0.991343915 201.051010132 0.076954901 0.997001171 -0.008161055 -11.493415833 -0.988519192 0.075227581 -0.131037116 216.999847412
-0.130114436 0.019695310 0.991303265 201.780395508 0.071047559 0.997417748 -0.010491377 -11.510427475 -0.988950133 0.069064602 -0.131177783 216.918289185
-0.130516291 0.018085992 0.991281331 202.495422363 0.067718491 0.997661233 -0.009286306 -11.536552429 -0.989130974 0.065916054 -0.131435752 216.830200195
-0.130653501 0.014146731 0.991327286 203.196380615 0.066134296 0.997795463 -0.005522776 -11.554824829 -0.989219964 0.064839154 -0.131301045 216.741790771
-0.130807400 0.009875949 0.991358757 203.871368408 0.066583216 0.997780204 -0.001154432 -11.572559357 -0.989169598 0.065856837 -0.131174684 216.657638550
-0.131554127 0.006917557 0.991284788 204.529998779 0.065360770 0.997860253 0.001710636 -11.591095924 -0.989151835 0.065016180 -0.131724834 216.571075439
-0.131856322 0.006963194 0.991244555 205.163574219 0.062901668 0.998018801 0.001356451 -11.606332779 -0.989271224 0.062529780 -0.132033110 216.494354248
-0.131429553 0.009385905 0.991281092 205.764389038 0.061455108 0.998108983 -0.001302501 -11.624463081 -0.989418805 0.060748100 -0.131757736 216.416091919
-0.131012917 0.013228177 0.991292536 206.338104248 0.062205903 0.998050332 -0.005097004 -11.642061234 -0.989427209 0.060996465 -0.131580353 216.342956543
-0.130152464 0.015746819 0.991368949 206.891387939 0.063893698 0.997928798 -0.007462691 -11.661861420 -0.989433169 0.062370937 -0.130889058 216.263534546
-0.129115105 0.016646238 0.991489947 207.411666870 0.063434727 0.997949839 -0.008494021 -11.678841591 -0.989598632 0.061798185 -0.129906416 216.200012207
-0.128113031 0.016743790 0.991618156 207.920898438 0.060876500 0.998104811 -0.008988321 -11.692356110 -0.989889383 0.059214726 -0.128889561 216.138549805
-0.128154039 0.016469289 0.991617620 208.395507812 0.058255885 0.998260677 -0.009050789 -11.710687637 -0.990041912 0.056607664 -0.128890634 216.090820312
-0.128422618 0.018493542 0.991547108 208.869186401 0.057746302 0.998269141 -0.011139771 -11.723749161 -0.990036905 0.055827580 -0.129268289 216.028228760
-0.130090237 0.020840812 0.991283298 209.322708130 0.058303501 0.998209834 -0.013335042 -11.745742798 -0.989786625 0.056060523 -0.131072402 215.960372925
-0.133154392 0.023341747 0.990820527 209.770309448 0.058218431 0.998180568 -0.015691286 -11.761062622 -0.989383996 0.055594649 -0.134271026 215.896957397
-0.138061285 0.024935298 0.990109861 210.207580566 0.057266444 0.998211563 -0.017154088 -11.777122498 -0.988766849 0.054331753 -0.139242291 215.839538574
-0.142718077 0.025732599 0.989428937 210.661132812 0.057406709 0.998194337 -0.017680068 -11.793052673 -0.988097310 0.054276593 -0.143937588 215.769134521
-0.147421598 0.025266444 0.988751173 211.090393066 0.058438245 0.998149753 -0.016793558 -11.809789658 -0.987346053 0.055305142 -0.148625255 215.697296143
-0.152546287 0.025531046 0.987966597 211.502670288 0.059694134 0.998079062 -0.016575351 -11.822712898 -0.986491978 0.056447301 -0.153777242 215.628707886
-0.157365561 0.025372477 0.987214565 211.902313232 0.061753273 0.997966290 -0.015805129 -11.836469650 -0.985607862 0.058476545 -0.158612251 215.553100586
-0.162250400 0.023759125 0.986463666 212.279632568 0.063299567 0.997901559 -0.013623305 -11.851285934 -0.984717369 0.060232330 -0.163413882 215.482543945
-0.167012691 0.022578055 0.985696316 212.638397217 0.063511498 0.997907817 -0.012096624 -11.864404678 -0.983907163 0.060582753 -0.168097258 215.425872803
-0.171314478 0.023344349 0.984939873 212.983062744 0.063180514 0.997921765 -0.012662807 -11.870929718 -0.983188510 0.060059678 -0.172433376 215.374725342
-0.174927711 0.025090553 0.984261513 213.284515381 0.062226087 0.997958481 -0.014380588 -11.888412476 -0.982612967 0.058731180 -0.176131845 215.307128906
-0.178699255 0.027668664 0.983514667 213.602600098 0.062407732 0.997910440 -0.016734511 -11.898014069 -0.981922567 0.058388472 -0.180052638 215.246398926
-0.182595015 0.028622394 0.982771575 213.910888672 0.064016871 0.997801185 -0.017166045 -11.909311295 -0.981101930 0.059779525 -0.184025884 215.185531616
-0.186990619 0.027694998 0.981971323 214.214752197 0.065825365 0.997709155 -0.015604160 -11.922456741 -0.980153918 0.061720788 -0.188385248 215.120422363
-0.192395210 0.026414266 0.980962098 214.515487671 0.066686139 0.997678757 -0.013785314 -11.933439255 -0.979049206 0.062764339 -0.193710089 215.053771973
-0.198041797 0.026495308 0.979835451 214.823822021 0.067360245 0.997639239 -0.013362058 -11.937699318 -0.977876306 0.063355707 -0.199358940 214.990036011
-0.202792287 0.026833024 0.978854239 215.128067017 0.067591727 0.997623801 -0.013344374 -11.946258545 -0.976886392 0.063456304 -0.204124093 214.919662476
-0.208238363 0.027283609 0.977697492 215.426895142 0.066485472 0.997693598 -0.013680975 -11.954215050 -0.975815833 0.062153775 -0.209572077 214.851577759
-0.215345025 0.026954595 0.976165891 215.717773438 0.064739622 0.997813940 -0.013270605 -11.967363358 -0.974389672 0.060338859 -0.216619372 214.786499023
-0.223514080 0.027952656 0.974299967 216.009857178 0.064420238 0.997826755 -0.013849011 -11.976772308 -0.972569704 0.059669182 -0.224829078 214.720581055
-0.231773615 0.030710144 0.972285032 216.299957275 0.065032296 0.997754693 -0.016012210 -11.982356071 -0.970593631 0.059518717 -0.233250260 214.638107300
-0.242096543 0.032866370 0.969695449 216.589447021 0.064499564 0.997760475 -0.017714476 -11.994593620 -0.968105972 0.058256317 -0.243674159 214.551284790
-0.255429983 0.033585809 0.966244221 216.885345459 0.063597232 0.997815609 -0.017871073 -12.003773689 -0.964733839 0.056885641 -0.257008076 214.462615967
-0.270140171 0.034919780 0.962187707 217.191406250 0.061996970 0.997899055 -0.018809795 -12.013575554 -0.960823059 0.054571435 -0.271737576 214.372161865
-0.284407616 0.036402721 0.958012164 217.493469238 0.061895605 0.997891307 -0.019542947 -12.020322800 -0.956703424 0.053738575 -0.286061049 214.264770508
-0.299420238 0.035959005 0.953443468 217.785217285 0.059391335 0.998054147 -0.018990183 -12.030947685 -0.952271104 0.050940238 -0.300973177 214.169937134
-0.315415144 0.034594212 0.948323071 218.114685059 0.056258697 0.998259246 -0.017704038 -12.040964127 -0.947284698 0.047767296 -0.316812277 214.056579590
-0.332628131 0.035218209 0.942400396 218.438003540 0.054671764 0.998341918 -0.018011941 -12.048757553 -0.941472173 0.045531414 -0.334002018 213.934631348
-0.351447225 0.036575783 0.935493052 218.758453369 0.055802893 0.998278320 -0.018066455 -12.057834625 -0.934543192 0.045853812 -0.352883220 213.801849365
-0.371168375 0.038382445 0.927772284 219.079421997 0.055746567 0.998264194 -0.018996557 -12.071005821 -0.926890969 0.044669192 -0.372663856 213.659347534
-0.392273784 0.039702669 0.918991208 219.400283813 0.054595985 0.998311698 -0.019825064 -12.084604263 -0.918226838 0.042396381 -0.393779159 213.511398315
-0.415089250 0.039476953 0.908923924 219.740539551 0.051637128 0.998469949 -0.019784426 -12.093930244 -0.908314228 0.038721915 -0.416492581 213.343826294
-0.439623356 0.038692463 0.897348523 220.082168579 0.047524940 0.998674214 -0.019778378 -12.099734306 -0.896924138 0.033951402 -0.440879345 213.171493530
-0.465382576 0.037428148 0.884318054 220.440902710 0.043896727 0.998852074 -0.019174565 -12.112069130 -0.884020567 0.029895158 -0.466491342 212.981979370
-0.491519570 0.036649130 0.870095134 220.802154541 0.042715706 0.998926103 -0.017945364 -12.126994133 -0.869818389 0.028346229 -0.492557287 212.767013550
-0.518504620 0.036023822 0.854315877 221.150070190 0.043016631 0.998946011 -0.016014617 -12.138965607 -0.853992343 0.028446138 -0.519507766 212.531555176
-0.546959281 0.034574635 0.836445034 221.526107788 0.043652132 0.998965442 -0.012747916 -12.152797699 -0.836020470 0.029540017 -0.547902703 212.277801514
-0.575072289 0.033075325 0.817433655 221.899398804 0.043509029 0.999004841 -0.009813118 -12.163644791 -0.816944778 0.029922491 -0.575939178 211.995086670
-0.602785587 0.031741083 0.797271729 222.229217529 0.042666189 0.999061108 -0.007516538 -12.169289589 -0.796761751 0.029485684 -0.603573799 211.712890625
-0.630926490 0.031794190 0.775191188 222.586700439 0.042745940 0.999066830 -0.006185553 -12.174682617 -0.774664462 0.029233644 -0.631696820 211.395263672
-0.658689618 0.032952454 0.751693010 222.955474854 0.044124719 0.999012887 -0.005129002 -12.175054550 -0.751120031 0.029789822 -0.659493446 211.057662964
-0.686122537 0.031679034 0.726795971 223.278594971 0.043774746 0.999038935 -0.002220368 -12.187135696 -0.726167858 0.030291865 -0.686849952 210.709487915
-0.713161826 0.029839657 0.700364292 223.626434326 0.042705543 0.999087274 0.000918861 -12.189903259 -0.699697614 0.030564729 -0.713785291 210.334167480
-0.738879681 0.027968530 0.673256934 223.957519531 0.040743265 0.999164522 0.003207100 -12.193580627 -0.672604740 0.029800346 -0.739401937 209.933959961
-0.764141798 0.026828658 0.644490421 224.281402588 0.038477432 0.999251366 0.004024316 -12.196138382 -0.643899977 0.027873483 -0.764601946 209.528869629
-0.788222194 0.026567530 0.614817023 224.599029541 0.037964832 0.999264002 0.005492279 -12.201761246 -0.614218593 0.027670560 -0.788650632 209.085296631
-0.810889006 0.026985813 0.584577382 224.881408691 0.037837502 0.999263704 0.006356854 -12.204208374 -0.583975434 0.027273651 -0.811313033 208.638305664
-0.832247496 0.028367393 0.553678453 225.178588867 0.038466886 0.999237895 0.006625123 -12.205858231 -0.553068519 0.026812024 -0.832704425 208.153701782
-0.851716161 0.030170297 0.523134291 225.459106445 0.039409775 0.999201775 0.006536991 -12.205376625 -0.522519469 0.026184265 -0.852225304 207.660797119
-0.869591355 0.029719191 0.492876828 225.726348877 0.038524941 0.999227822 0.007719402 -12.205842018 -0.492266804 0.025700776 -0.870064855 207.161163330
-0.886265635 0.031273991 0.462120414 225.979858398 0.039643586 0.999178469 0.008410036 -12.207546234 -0.461477757 0.025773633 -0.886777401 206.626464844
-0.902473450 0.029134465 0.429759383 226.225128174 0.037151482 0.999256849 0.010274140 -12.211792946 -0.429140657 0.025238333 -0.902885199 206.075836182
-0.917738795 0.025882551 0.396340132 226.458404541 0.033948183 0.999334455 0.013347731 -12.208308220 -0.395730883 0.025704760 -0.918006659 205.512725830
-0.931922793 0.025625741 0.361750096 226.669372559 0.034545973 0.999237180 0.018211434 -12.204254150 -0.361007452 0.029468661 -0.932097197 204.928024292
-0.945024252 0.028229224 0.325779766 226.862365723 0.038191542 0.998976767 0.024223696 -12.192859650 -0.324762613 0.035334010 -0.945135474 204.303741455
-0.956965923 0.028048145 0.288841635 227.030822754 0.038328934 0.998814821 0.029997692 -12.190440178 -0.287657917 0.039777763 -0.956906796 203.685943604
-0.967800379 0.024519458 0.250522107 227.187805176 0.033841290 0.998883247 0.032969289 -12.183426857 -0.249433964 0.040385678 -0.967549324 203.048599243
-0.977130890 0.024319798 0.211243793 227.326416016 0.032123908 0.998919308 0.033590320 -12.169432640 -0.210198596 0.039608110 -0.976856112 202.380371094
-0.984513998 0.029472640 0.172810450 227.415130615 0.035743225 0.998806477 0.033286422 -12.151285172 -0.171623155 0.038947754 -0.984392405 201.739715576
-0.990334749 0.036110424 0.133914560 227.473999023 0.040862747 0.998622656 0.032909900 -12.132642746 -0.132541731 0.038063936 -0.990446329 201.075942993
-0.994901419 0.038399611 0.093257464 227.523071289 0.041500207 0.998640597 0.031538472 -12.125244141 -0.091919631 0.035247870 -0.995142579 200.391372681
-0.997738242 0.039375134 0.054480709 227.537277222 0.040922135 0.998781681 0.027577028 -12.108839035 -0.053328484 0.029744118 -0.998134017 199.710662842
-0.998957276 0.041414190 0.019228898 227.531448364 0.041854996 0.998856246 0.023117453 -12.100212097 -0.018249514 0.023898166 -0.999548078 199.018020630
-0.998897195 0.044960376 -0.013543455 227.505981445 0.044686560 0.998803139 0.019883778 -12.086256027 0.014421227 0.019256637 -0.999710798 198.327514648
-0.997881651 0.048111517 -0.043792941 227.453506470 0.047274452 0.998682618 0.019953737 -12.071793556 0.044695254 0.017841177 -0.998841405 197.607955933
-0.996085286 0.050040610 -0.072874725 227.394851685 0.048429705 0.998545170 0.023707915 -12.065961838 0.073955067 0.020085797 -0.997059703 196.897949219
-0.993862510 0.049621549 -0.098870173 227.306488037 0.047163542 0.998520970 0.027046405 -12.062676430 0.100066029 0.022217337 -0.994732857 196.168167114
-0.991262913 0.050236456 -0.121959947 227.200485229 0.047044054 0.998474181 0.028917527 -12.043766975 0.123226568 0.022927379 -0.992113709 195.436187744
-0.988424301 0.050054695 -0.143219963 227.087127686 0.046140317 0.998468459 0.030525243 -12.032613754 0.144528553 0.023563677 -0.989220023 194.686981201
-0.985358238 0.049500819 -0.163152769 226.965148926 0.044636216 0.998446465 0.033350691 -12.019087791 0.164550200 0.025579857 -0.986037016 193.955688477
-0.982112765 0.047511466 -0.182201296 226.826782227 0.041412532 0.998451769 0.037135493 -12.005702972 0.183683574 0.028925823 -0.982559800 193.224914551
-0.978187323 0.046698362 -0.202407435 226.671539307 0.038939178 0.998352170 0.042150609 -11.986637115 0.204042256 0.033349611 -0.978393912 192.470367432
-0.974052072 0.046634570 -0.221467793 226.485244751 0.036965124 0.998181820 0.047608856 -11.960605621 0.223285347 0.038186919 -0.974004865 191.703918457
-0.969685555 0.044356134 -0.240297660 226.293823242 0.032704141 0.998097599 0.052264452 -11.934282303 0.242158785 0.042821340 -0.969291449 190.953552246
-0.964983344 0.040649626 -0.259141982 226.102935791 0.027248492 0.998109043 0.055098806 -11.910364151 0.260891706 0.046108205 -0.964266300 190.196960449
-0.960650682 0.037366085 -0.275235265 225.870605469 0.023377458 0.998270929 0.053931721 -11.876439095 0.276774555 0.045375235 -0.959863186 189.419219971
-0.956287622 0.037680782 -0.289990127 225.633193970 0.024932377 0.998558462 0.047532462 -11.844871521 0.291363150 0.038224556 -0.955848575 188.654724121
-0.952724695 0.034171566 -0.301906705 225.380798340 0.023102030 0.998926103 0.040161386 -11.815120697 0.302954853 0.031288095 -0.952491045 187.892364502
-0.948857903 0.030729188 -0.314204961 225.143371582 0.020682747 0.999164164 0.035258904 -11.788664818 0.315025806 0.026957061 -0.948700428 187.118957520
-0.945755839 0.033833172 -0.323111832 224.877883911 0.023019183 0.999041498 0.037232362 -11.766677856 0.324061811 0.027774952 -0.945628166 186.348968506
-0.943424106 0.038576722 -0.329337537 224.596420288 0.026598418 0.998813212 0.040801164 -11.747200966 0.330520660 0.029732937 -0.943330526 185.563903809
-0.940977335 0.044529751 -0.335527927 224.302886963 0.032187209 0.998588026 0.042260103 -11.721632004 0.336936027 0.028966086 -0.941082001 184.777832031
-0.939344406 0.046448246 -0.339816540 224.010604858 0.034890048 0.998588443 0.040047854 -11.698408127 0.341197014 0.025762500 -0.939638972 183.995819092
-0.938113451 0.045688022 -0.343301833 223.717086792 0.034046087 0.998624861 0.039866116 -11.669283867 0.344651133 0.025710849 -0.938378811 183.193786621
-0.936666965 0.046794336 -0.347081125 223.429229736 0.035740372 0.998631299 0.038185503 -11.653122902 0.348392934 0.023362294 -0.937057376 182.402893066
-0.935707092 0.048300784 -0.349456400 223.136749268 0.037243444 0.998572171 0.038296264 -11.632812500 0.350807160 0.022819117 -0.936169863 181.607574463
-0.935391188 0.049701609 -0.350104660 222.823959351 0.039076604 0.998537838 0.037351772 -11.610520363 0.351449192 0.021257613 -0.935965657 180.793548584
-0.935599685 0.051847365 -0.349234849 222.533691406 0.040976595 0.998420060 0.038449075 -11.593035698 0.350676537 0.021662490 -0.936246037 180.012298584
-0.936189532 0.054931235 -0.347177416 222.237365723 0.044223014 0.998271883 0.038698364 -11.577281952 0.348703206 0.020875765 -0.937000871 179.213073730
-0.937118649 0.058811881 -0.344019949 221.938919067 0.048055701 0.998054683 0.039717406 -11.563593864 0.345686585 0.020687805 -0.938121915 178.409790039
-0.938645601 0.061145093 -0.339419544 221.645294189 0.050413121 0.997912824 0.040355418 -11.539069176 0.341178656 0.020768238 -0.939768910 177.593963623
-0.940783858 0.062764667 -0.333146095 221.367065430 0.051995751 0.997799039 0.041152406 -11.518539429 0.334995776 0.021393338 -0.941976786 176.813385010
-0.942837000 0.063183315 -0.327210277 221.097000122 0.052202351 0.997742653 0.042243134 -11.498813629 0.329140723 0.022747237 -0.944006920 176.014831543
-0.945013046 0.062795289 -0.320948124 220.824508667 0.052132785 0.997768462 0.041717071 -11.475936890 0.322851539 0.022691248 -0.946177959 175.206817627
-0.947058558 0.062860996 -0.314848036 220.575668335 0.052051421 0.997734010 0.042632733 -11.463982582 0.316814512 0.023987394 -0.948184490 174.415649414
-0.949101925 0.063338950 -0.308535337 220.315628052 0.052927703 0.997714460 0.042006239 -11.438243866 0.310490787 0.023538128 -0.950285077 173.610534668
-0.950788140 0.065212689 -0.302901715 220.078887939 0.055018339 0.997598350 0.042077325 -11.431688309 0.304918230 0.023341469 -0.952092528 172.838592529
-0.952581763 0.064419538 -0.297386467 219.840026855 0.054174326 0.997623444 0.042574190 -11.413037300 0.299422324 0.024444675 -0.953807712 172.054779053
-0.954269648 0.064157836 -0.291982055 219.608779907 0.053720988 0.997602284 0.043631803 -11.393941879 0.294081300 0.025950935 -0.955428243 171.279663086
-0.955772758 0.063799970 -0.287102610 219.395126343 0.052953668 0.997564673 0.045394626 -11.381784439 0.289299577 0.028183812 -0.956823587 170.534637451
-0.957035780 0.063336208 -0.282967955 219.166931152 0.052453469 0.997568905 0.045879338 -11.358373642 0.285185874 0.029065521 -0.958031297 169.790802002
-0.957708716 0.062822245 -0.280798167 218.957138062 0.051759966 0.997569501 0.046647709 -11.343848228 0.283046216 0.030140808 -0.958632708 169.064331055
-0.958171964 0.061015792 -0.279613733 218.759719849 0.050162606 0.997689664 0.045814745 -11.324867249 0.281763166 0.029872246 -0.959019065 168.368408203
-0.958248615 0.060186941 -0.279530257 218.562637329 0.049490284 0.997752428 0.045174632 -11.308319092 0.281620950 0.029454496 -0.959073544 167.676635742
-0.958238482 0.059117880 -0.279794008 218.370880127 0.048669849 0.997838676 0.044149641 -11.290011406 0.281799316 0.028688343 -0.959044695 167.008422852
-0.958139420 0.059126385 -0.280130297 218.181365967 0.048610292 0.997832835 0.044346545 -11.279792786 0.282145262 0.028872956 -0.958937168 166.361633301
-0.957743764 0.058608200 -0.281589270 217.995117188 0.047825936 0.997840703 0.045018304 -11.264945984 0.283619672 0.029648719 -0.958478689 165.721740723
-0.957009554 0.058077648 -0.284183145 217.812988281 0.047154337 0.997867346 0.045135152 -11.249020576 0.286198407 0.029794296 -0.957707167 165.102081299
-0.956076264 0.057339150 -0.287456006 217.630371094 0.046354722 0.997916341 0.044880047 -11.231718063 0.289430439 0.029583795 -0.956742048 164.495178223
-0.954833269 0.057763603 -0.291474372 217.449508667 0.046769682 0.997911692 0.044551905 -11.216725349 0.293439150 0.028907469 -0.955540895 163.898498535
-0.953326344 0.057102069 -0.296493173 217.273834229 0.045780793 0.997937739 0.044993512 -11.209856987 0.298450947 0.029319808 -0.953974485 163.330078125
-0.951257586 0.056065910 -0.303258181 217.094619751 0.044589631 0.998007476 0.044641722 -11.195068359 0.305156797 0.028943609 -0.951862097 162.761413574
-0.948733568 0.055197075 -0.311220884 216.913055420 0.043611534 0.998076141 0.044068918 -11.181787491 0.313054621 0.028236829 -0.949315548 162.208740234
-0.945468903 0.054353144 -0.321145892 216.716949463 0.042390373 0.998125970 0.044131093 -11.171054840 0.322942734 0.028111076 -0.946001172 161.648590088
-0.940850496 0.053890198 -0.334508836 216.528015137 0.041376583 0.998155355 0.044428162 -11.156265259 0.336286038 0.027959427 -0.941344738 161.105010986
-0.935263395 0.054257046 -0.349769443 216.320068359 0.040930431 0.998130620 0.045386720 -11.151171684 0.351578146 0.028132321 -0.935735822 160.617889404
-0.927833796 0.054822043 -0.368943691 216.105621338 0.040690981 0.998113275 0.045980316 -11.135620117 0.370768309 0.027649401 -0.928313971 160.109863281
-0.918821096 0.056144439 -0.390661269 215.886672974 0.041281030 0.998072028 0.046347897 -11.123463631 0.392510235 0.026458513 -0.919367313 159.620819092
-0.908348083 0.055171624 -0.414560258 215.649124146 0.039492652 0.998146355 0.046305183 -11.105497360 0.416346550 0.025689134 -0.908843160 159.144378662
-0.895027995 0.053231578 -0.442821652 215.397476196 0.036466811 0.998261988 0.046294574 -11.096488953 0.444516361 0.025286654 -0.895413637 158.673187256
-0.878279328 0.051520929 -0.475364327 215.155624390 0.033779353 0.998379529 0.045795906 -11.089408875 0.476953477 0.024164092 -0.878596425 158.255645752
-0.858417630 0.049045805 -0.510601282 214.872955322 0.030838275 0.998552322 0.044070952 -11.073261261 0.512023568 0.022085220 -0.858687520 157.828582764
-0.835629106 0.048629392 -0.547137380 214.577651978 0.030292364 0.998637378 0.042493813 -11.060302734 0.548458338 0.018934978 -0.835963607 157.417694092
-0.809856296 0.048726518 -0.584601283 214.283538818 0.030646263 0.998697758 0.040786769 -11.052207947 0.585827410 0.015115575 -0.810294986 157.047119141
-0.781174660 0.047555428 -0.622498930 213.976470947 0.029513428 0.998792827 0.039265748 -11.045444489 0.623614788 0.012301323 -0.781635165 156.704650879
-0.749964595 0.048877906 -0.659670174 213.626647949 0.030307719 0.998758018 0.039546277 -11.028498650 0.660783827 0.009665200 -0.750514507 156.361450195
-0.715259552 0.047890846 -0.697216094 213.267150879 0.027390992 0.998803735 0.040506650 -11.013339043 0.698321939 0.009875328 -0.715715766 156.027465820
-0.676677465 0.047637716 -0.734737039 212.891799927 0.023278145 0.998790026 0.043319292 -10.998470306 0.735911667 0.012209868 -0.676967621 155.710266113
-0.636718392 0.046567950 -0.769688904 212.537384033 0.018137570 0.998803020 0.045425732 -10.991367340 0.770883024 0.014963116 -0.636800885 155.462036133
-0.594850898 0.045937583 -0.802522600 212.143676758 0.015018770 0.998826623 0.046042018 -10.979084015 0.803695977 0.015335226 -0.594842911 155.198059082
-0.552119255 0.047134236 -0.832431793 211.721176147 0.014305359 0.998789370 0.047065612 -10.964615822 0.833642423 0.014077596 -0.552125096 154.961273193
-0.507504106 0.048447337 -0.860286236 211.334976196 0.013006937 0.998735011 0.048571017 -10.954559326 0.861551166 0.013460300 -0.507492304 154.779266357
-0.460784078 0.047725916 -0.886228025 210.908645630 0.008947552 0.998752117 0.049133480 -10.937080383 0.887467027 0.014710360 -0.460636139 154.588714600
-0.414152026 0.046369396 -0.909025967 210.456634521 0.001086796 0.998726010 0.050449852 -10.916906357 0.910207212 0.019905981 -0.413674831 154.410232544
-0.366367936 0.047844823 -0.929239333 209.988235474 -0.003962838 0.998587847 0.052977871 -10.909474373 0.930461824 0.023091812 -0.365661025 154.249816895
-0.318711638 0.048120603 -0.946629405 209.561553955 -0.005642315 0.998596430 0.052661933 -10.889460564 0.947834909 0.022125155 -0.317992806 154.150436401
-0.271255612 0.047554117 -0.961331964 209.084930420 -0.007286953 0.998648643 0.051456194 -10.873060226 0.962479830 0.020962957 -0.270542502 154.050582886
-0.225808978 0.047239892 -0.973025620 208.591064453 -0.010326359 0.998651385 0.050880440 -10.853653908 0.974116981 0.021537067 -0.225016594 153.967193604
-0.183363438 0.048719674 -0.981837273 208.095916748 -0.013974773 0.998541057 0.052158397 -10.836392403 0.982945979 0.023284886 -0.182415128 153.905746460
-0.143768072 0.051968705 -0.988246024 207.589492798 -0.015611599 0.998376787 0.054772597 -10.816697121 0.989488363 0.023302646 -0.142723322 153.846466064
-0.108739138 0.055798501 -0.992503107 207.055557251 -0.015304213 0.998211086 0.057796139 -10.796129227 0.993952513 0.021474179 -0.107690692 153.809020996
-0.077630877 0.058616769 -0.995257556 206.538650513 -0.014769461 0.998092949 0.059935793 -10.770956993 0.996872783 0.019352280 -0.076617122 153.777587891
-0.048704386 0.058695689 -0.997087061 205.983474731 -0.017833261 0.998061597 0.059624147 -10.742103577 0.998654008 0.020685265 -0.047563195 153.753967285
-0.022813797 0.056534309 -0.998140097 205.436813354 -0.021268286 0.998146415 0.057020787 -10.728059769 0.999513626 0.022529578 -0.021569133 153.735504150
-0.001018763 0.053196784 -0.998583615 204.865524292 -0.023719965 0.998301804 0.053205974 -10.708259583 0.999718249 0.023740569 0.000244737 153.739044189
0.017670035 0.050255656 -0.998580217 204.281539917 -0.026442513 0.998410165 0.049779199 -10.682020187 0.999494314 0.025525363 0.018970788 153.750518799
0.033328235 0.048259389 -0.998278797 203.666687012 -0.030075852 0.998429596 0.047262579 -10.647092819 0.998991966 0.028448895 0.034727335 153.780975342
0.046395838 0.048388794 -0.997750461 203.033477783 -0.031823110 0.998390675 0.046940055 -10.619812012 0.998416126 0.029573698 0.047861040 153.827789307
0.055326641 0.050375286 -0.997196794 202.443603516 -0.032229107 0.998296142 0.048642687 -10.613586426 0.997948110 0.029447520 0.056855917 153.875473022
0.068352222 0.052464031 -0.996280849 201.782089233 -0.033474751 0.998174667 0.050267145 -10.590669632 0.997099519 0.029914379 0.069983721 153.924560547
0.079917610 0.052677572 -0.995408773 201.128906250 -0.035222553 0.998128235 0.049993608 -10.562538147 0.996179163 0.031065453 0.081623435 153.987670898
0.090359271 0.052496336 -0.994524598 200.445037842 -0.036275968 0.998120546 0.049390230 -10.536472321 0.995248258 0.031614479 0.092093766 154.048294067
0.098338544 0.051681809 -0.993810117 199.766021729 -0.034159925 0.998237312 0.048531879 -10.512264252 0.994566560 0.029175924 0.099930644 154.125259399
0.103058755 0.050722148 -0.993381321 199.059356689 -0.033237636 0.998316884 0.047525909 -10.481388092 0.994119942 0.028119672 0.104571164 154.203231812
0.105790138 0.049935371 -0.993134022 198.350524902 -0.033114843 0.998361290 0.046670761 -10.452465057 0.993837118 0.027950156 0.107270420 154.276412964
0.106413901 0.049500741 -0.993089020 197.622146606 -0.034064595 0.998355269 0.046113063 -10.428684235 0.993738294 0.028922101 0.107925117 154.348480225
0.105058610 0.049700201 -0.993223429 196.884628296 -0.035141960 0.998312116 0.046237681 -10.399666786 0.993845046 0.030046141 0.106627882 154.423507690
0.104660451 0.050684992 -0.993215621 196.124542236 -0.036941636 0.998209357 0.047047094 -10.376136780 0.993821681 0.031767040 0.106345415 154.493942261
0.104698479 0.051013846 -0.993194699 195.354507446 -0.039724220 0.998100996 0.047078289 -10.346926689 0.993710279 0.034524865 0.106526136 154.568908691
0.105196953 0.051080793 -0.993138671 194.575668335 -0.041774590 0.998025358 0.046907216 -10.316168785 0.993573606 0.036553465 0.107123077 154.638641357
0.106473565 0.050542895 -0.993030190 193.783050537 -0.042770758 0.998015642 0.046210725 -10.286150932 0.993395269 0.037552428 0.108424067 154.719451904
0.107865512 0.050784338 -0.992867529 192.979751587 -0.044142842 0.997954130 0.046248820 -10.258270264 0.993184924 0.038839344 0.109886587 154.801025391
0.109309733 0.050775256 -0.992710114 192.144073486 -0.044577416 0.997940123 0.046134233 -10.223934174 0.993007779 0.039209522 0.111348033 154.898208618
0.110914886 0.051230174 -0.992508769 191.302459717 -0.045613069 0.997880518 0.046410095 -10.196049690 0.992782772 0.040123787 0.113016605 154.987838745
0.112442553 0.051868878 -0.992303550 190.462280273 -0.045173239 0.997870982 0.047041103 -10.169303894 0.992630899 0.039536141 0.114546239 155.080245972
0.113956273 0.052503657 -0.992097437 189.603271484 -0.046552673 0.997787893 0.047457583 -10.134588242 0.992394507 0.040776700 0.116148353 155.179977417
0.116013944 0.052740868 -0.991846502 188.732070923 -0.047447853 0.997743487 0.047504574 -10.104073524 0.992113829 0.041549779 0.118254602 155.279953003
0.118682384 0.052927710 -0.991520822 187.854980469 -0.048243199 0.997706354 0.047483314 -10.070153236 0.991759777 0.042198684 0.120963573 155.383743286
0.121499836 0.053182162 -0.991165817 186.969619751 -0.048524182 0.997687936 0.047583889 -10.042012215 0.991404772 0.042314064 0.123799503 155.488616943
0.125282824 0.053137753 -0.990697145 186.063293457 -0.049131248 0.997671783 0.047298748 -10.008011818 0.990903914 0.042748455 0.127601862 155.600143433
0.128358603 0.052975520 -0.990311980 185.153778076 -0.049161054 0.997684538 0.046997931 -9.973999023 0.990508676 0.042652186 0.130665720 155.717132568
0.131681263 0.052679859 -0.989891469 184.231948853 -0.048055634 0.997752070 0.046705540 -9.940656662 0.990126729 0.041419607 0.133916795 155.827331543
0.132656515 0.052831415 -0.989753008 183.310760498 -0.047179967 0.997783065 0.046936516 -9.910184860 0.990038514 0.040470082 0.134854972 155.958267212
0.133199334 0.053183135 -0.989661396 182.380462646 -0.046548884 0.997792900 0.047355063 -9.877355576 0.989995599 0.039759964 0.135380924 156.077545166
0.132497787 0.053014819 -0.989764571 181.432846069 -0.046251968 0.997811496 0.047254182 -9.844213486 0.990103602 0.039517477 0.134659827 156.206527710
0.131996274 0.053055931 -0.989829302 180.486404419 -0.045943990 0.997820854 0.047357537 -9.816999435 0.990184903 0.039225690 0.134146214 156.328948975
0.131493032 0.053299945 -0.989883244 179.536453247 -0.046717145 0.997777224 0.047519229 -9.785253525 0.990215778 0.039996058 0.133690774 156.447296143
0.130988359 0.053792723 -0.989923537 178.585845947 -0.047644164 0.997714639 0.047911737 -9.753109932 0.990238488 0.040888194 0.133251905 156.564682007
0.129894614 0.054301359 -0.990039766 177.625152588 -0.048534039 0.997650564 0.048351061 -9.719218254 0.990339220 0.041770089 0.132224858 156.692825317
0.129449964 0.054698803 -0.990076244 176.671005249 -0.049017012 0.997609675 0.048706155 -9.688032150 0.990373850 0.042225558 0.131821692 156.809982300
0.128524840 0.055516206 -0.990151286 175.713104248 -0.051001262 0.997480690 0.049307026 -9.659985542 0.990394115 0.044161774 0.131032467 156.932266235
0.128372550 0.055030316 -0.990198135 174.759338379 -0.051496871 0.997482181 0.048758898 -9.627244949 0.990388215 0.044732790 0.130883217 157.050231934
0.127925098 0.052988593 -0.990367413 173.811752319 -0.050018001 0.997645736 0.046917215 -9.600324631 0.990521848 0.043534294 0.130274296 157.174346924
0.128000081 0.052169699 -0.990401149 172.868637085 -0.052050613 0.997592688 0.045821462 -9.569097519 0.990407407 0.045685831 0.130407393 157.285278320
0.128764093 0.054790255 -0.990160525 171.918121338 -0.053071193 0.997422397 0.048290517 -9.542003632 0.990254164 0.046330918 0.131339967 157.404418945
0.129151285 0.058962155 -0.989870548 170.970214844 -0.052655309 0.997230172 0.052530445 -9.516717911 0.990226030 0.045337550 0.131898224 157.527587891
0.129607856 0.060236357 -0.989734113 170.021331787 -0.052283097 0.997179747 0.053842921 -9.479713440 0.990186095 0.044767890 0.132391632 157.657394409
0.130658269 0.059680942 -0.989629567 169.078842163 -0.052313909 0.997210979 0.053231277 -9.445724487 0.990046322 0.044816278 0.133415997 157.769668579
0.130923152 0.058836181 -0.989645183 168.142639160 -0.052054472 0.997268379 0.052402951 -9.412052155 0.990025043 0.044654690 0.133628190 157.895263672
0.131522357 0.058771145 -0.989569545 167.208297729 -0.051763739 0.997286320 0.052349601 -9.383365631 0.989960790 0.044338677 0.134207666 158.009765625
0.131853759 0.058903575 -0.989517510 166.269134521 -0.051993582 0.997269809 0.052436877 -9.349328995 0.989904642 0.044534560 0.134556413 158.132873535
0.132295132 0.059728809 -0.989409208 165.338790894 -0.052483022 0.997204721 0.053181835 -9.323426247 0.989820004 0.044891477 0.135060072 158.251586914
0.132644713 0.059369676 -0.989384055 164.408813477 -0.052853614 0.997207880 0.052753180 -9.291973114 0.989753544 0.045295075 0.135412276 158.374298096
0.132923365 0.058408238 -0.989403784 163.473724365 -0.052781705 0.997262657 0.051781118 -9.259567261 0.989719927 0.045339495 0.135642350 158.494430542
0.133090794 0.057467584 -0.989436448 162.549011230 -0.052727897 0.997314274 0.050832618 -9.230555534 0.989700317 0.045405541 0.135763526 158.615982056
0.132498145 0.056509469 -0.989571154 161.621032715 -0.052663695 0.997364640 0.049903139 -9.197904587 0.989783287 0.045502394 0.135124922 158.736358643
0.132350087 0.056342933 -0.989600480 160.695877075 -0.053204395 0.997347653 0.049668416 -9.166342735 0.989774168 0.046077468 0.134996712 158.853881836
0.131974101 0.056435328 -0.989645362 159.767105103 -0.053344157 0.997335613 0.049760159 -9.136079788 0.989816785 0.046224739 0.134633005 158.977325439
0.132294714 0.056321610 -0.989609003 158.842132568 -0.052907836 0.997362375 0.049689956 -9.104751587 0.989797354 0.045784354 0.134925604 159.095413208
0.132108331 0.057341717 -0.989575326 157.918701172 -0.053192824 0.997296989 0.050687913 -9.072222710 0.989807010 0.045942012 0.134801447 159.219711304
0.132140636 0.057713244 -0.989549458 156.983703613 -0.052854780 0.997293591 0.051106878 -9.041289330 0.989820898 0.045549117 0.134833455 159.340362549
0.132702410 0.057499655 -0.989486694 156.055877686 -0.053355567 0.997282743 0.050797045 -9.017009735 0.989718795 0.046053730 0.135409772 159.449890137
0.134577155 0.056321125 -0.989301264 155.115844727 -0.053383503 0.997345626 0.049517203 -8.982505798 0.989464104 0.046148483 0.137226522 159.576751709
0.136784315 0.054821461 -0.989082813 154.189392090 -0.054345626 0.997379065 0.047765613 -8.951433182 0.989109099 0.047218725 0.139405131 159.698394775
0.139274418 0.053898182 -0.988785923 153.250183105 -0.054146193 0.997438371 0.046743114 -8.919574738 0.988772392 0.047028873 0.141836047 159.832733154
0.140976071 0.054143295 -0.988531351 152.319854736 -0.053551767 0.997458577 0.046995152 -8.888416290 0.988563538 0.046312410 0.143517256 159.968139648
0.142951846 0.054488085 -0.988228798 151.370361328 -0.052246369 0.997506678 0.047441963 -8.852359772 0.988349795 0.044849437 0.145442188 160.110092163
0.145048201 0.054892849 -0.987900734 150.432830811 -0.051955789 0.997504830 0.047798112 -8.837194443 0.988059521 0.044394128 0.147538304 160.234420776
0.146700621 0.054813057 -0.987661183 149.489608765 -0.051238809 0.997544229 0.047750872 -8.803487778 0.987853050 0.043601494 0.149148881 160.371032715
0.147362292 0.055034161 -0.987550318 148.541015625 -0.048174877 0.997665167 0.048409183 -8.772912979 0.987908661 0.040441427 0.149669468 160.518005371
0.148018658 0.057097711 -0.987335145 147.595428467 -0.042315267 0.997783422 0.051358148 -8.748607635 0.988079071 0.034177370 0.150106609 160.668518066
0.147625089 0.057687722 -0.987359703 146.635757446 -0.044880774 0.997659922 0.051579181 -8.714933395 0.988024652 0.036699075 0.149868727 160.804779053
0.147429824 0.055039793 -0.987540007 145.685195923 -0.043859594 0.997832119 0.049065623 -8.684112549 0.988099635 0.036079358 0.149524271 160.945968628
0.146159172 0.050635703 -0.987964392 144.735443115 -0.043359675 0.998057306 0.044738375 -8.645654678 0.988310456 0.036298886 0.148070753 161.083679199
0.145427823 0.049283408 -0.988140643 143.771743774 -0.043368548 0.998116136 0.043398242 -8.618242264 0.988417923 0.036542911 0.147291183 161.222885132
0.142980874 0.049757168 -0.988473952 142.791702271 -0.045126341 0.998024523 0.043710481 -8.591513634 0.988696158 0.038356449 0.144943774 161.357055664
0.139729023 0.050106239 -0.988921285 141.817687988 -0.044610903 0.998023331 0.044264149 -8.558395386 0.989184439 0.037931677 0.141688108 161.496826172
0.135442793 0.050380059 -0.989503503 140.833328247 -0.042903274 0.998067856 0.044943526 -8.528645515 0.989855886 0.036365658 0.137342572 161.626983643
0.130451083 0.049990542 -0.990193665 139.858657837 -0.040885255 0.998149693 0.045005862 -8.498804092 0.990611434 0.034613255 0.132253587 161.754226685
0.124823511 0.050327189 -0.990901709 138.870132446 -0.041447967 0.998105407 0.045471873 -8.467892647 0.991312861 0.035394903 0.126672983 161.872680664
0.120053589 0.050480355 -0.991483271 137.870544434 -0.042112149 0.998066425 0.045716386 -8.434138298 0.991873980 0.036265064 0.121947289 161.982971191
0.114970088 0.052232083 -0.991994917 136.859497070 -0.043593865 0.997919917 0.047491618 -8.402803421 0.992412090 0.037784770 0.117007971 162.093109131
0.110591352 0.053266067 -0.992437601 135.850570679 -0.044801604 0.997814894 0.048562251 -8.368819237 0.992855728 0.039092220 0.112736106 162.196655273
0.106417477 0.052598037 -0.992929399 134.827911377 -0.045729443 0.997802138 0.047955092 -8.334536552 0.993269444 0.040302847 0.108588874 162.296203613
0.103883982 0.049209058 -0.993371427 133.804000854 -0.045961589 0.997945786 0.044629127 -8.306388855 0.993526995 0.041020669 0.105932355 162.393157959
0.101733446 0.045874938 -0.993753374 132.774322510 -0.046914853 0.998045981 0.041270290 -8.276397705 0.993704796 0.042423230 0.103686869 162.489410400
0.100699186 0.044115592 -0.993938446 131.736892700 -0.045342688 0.998181939 0.039710116 -8.243903160 0.993883252 0.041069057 0.102516413 162.587341309
0.099056065 0.043849327 -0.994115233 130.699203491 -0.042511981 0.998302996 0.039798044 -8.216233253 0.994173348 0.038319573 0.100752115 162.692260742
0.098664403 0.045183130 -0.994094491 129.650863647 -0.040087514 0.998338223 0.041397303 -8.186982155 0.994313002 0.035766333 0.100311756 162.795272827
0.098593175 0.048446614 -0.993947864 128.593704224 -0.038658265 0.998246729 0.044821497 -8.161478043 0.994376659 0.034005206 0.100293159 162.895019531
0.098378241 0.051238231 -0.993829131 127.531616211 -0.037709188 0.998148322 0.047728118 -8.123341560 0.994434357 0.032781083 0.100128233 162.988540649
0.097676337 0.053114261 -0.993799984 126.453918457 -0.038488884 0.998029411 0.049557399 -8.086152077 0.994473815 0.033409651 0.099528193 163.098693848
0.096659720 0.053885110 -0.993857920 125.382263184 -0.040014021 0.997936547 0.050214604 -8.049052238 0.994512975 0.034914516 0.098616421 163.202362061
0.096391857 0.054732986 -0.993837535 124.312225342 -0.040273890 0.997883737 0.051049672 -8.011049271 0.994528413 0.035104923 0.098392129 163.301483154
0.095744848 0.055262323 -0.993870795 123.220321655 -0.042283200 0.997782290 0.051406451 -7.972497940 0.994507492 0.037102126 0.097869217 163.400573730
0.096211791 0.054371800 -0.993874788 122.157333374 -0.042506997 0.997820437 0.050472777 -7.937051773 0.994452894 0.037390549 0.098313272 163.494995117
0.096467853 0.053313173 -0.993907392 121.075988770 -0.044380493 0.997801721 0.049214531 -7.902937889 0.994346321 0.039362472 0.098621845 163.591339111
0.097010791 0.052486274 -0.993898511 120.007934570 -0.045147445 0.997812688 0.048286300 -7.864817619 0.994258881 0.040187683 0.099168181 163.691360474
0.097666264 0.052156009 -0.993851721 118.924346924 -0.044827171 0.997842848 0.047960274 -7.836739540 0.994209230 0.039867453 0.099793613 163.797332764
0.098027647 0.052558426 -0.993794858 117.859588623 -0.045456652 0.997798622 0.048286341 -7.803640366 0.994145036 0.040441185 0.100201011 163.896118164
0.098516345 0.052182548 -0.993766487 116.782745361 -0.045098443 0.997832298 0.047925238 -7.768604755 0.994113207 0.040095884 0.100656152 164.003051758
0.098532200 0.052037243 -0.993772447 115.712432861 -0.044380099 0.997868061 0.047851432 -7.734350681 0.994143784 0.039388802 0.100631595 164.104736328
0.099451482 0.051835831 -0.993691385 114.643310547 -0.044603050 0.997870624 0.047589839 -7.704439640 0.994042277 0.039588779 0.101551771 164.202545166
0.099642813 0.052019976 -0.993662596 113.561386108 -0.045076836 0.997843206 0.047718607 -7.673557281 0.994001806 0.040036343 0.101772785 164.304748535
0.099542320 0.053461544 -0.993596137 112.493026733 -0.044593949 0.997791946 0.049219709 -7.639413357 0.994033635 0.039408926 0.101706624 164.411193848
0.099635839 0.053672150 -0.993575394 111.417236328 -0.045314368 0.997752905 0.049353685 -7.603838444 0.993991613 0.040105846 0.101844072 164.510498047
0.099243760 0.052590482 -0.993672431 110.341796875 -0.045310650 0.997805417 0.048283789 -7.575780869 0.994030952 0.040232081 0.101408899 164.618057251
0.098647714 0.052370291 -0.993743420 109.265274048 -0.045184452 0.997820020 0.048099723 -7.543094635 0.994096100 0.040156823 0.100798965 164.725769043
0.097944558 0.054545414 -0.993696094 108.204833984 -0.046190459 0.997669935 0.050210744 -7.513836384 0.994119525 0.040981397 0.100235820 164.820190430
0.097759008 0.056338679 -0.993614316 107.121643066 -0.045961812 0.997586668 0.052041858 -7.471931934 0.994148314 0.040580742 0.100112498 164.922760010
0.097116530 0.056815639 -0.993650019 106.036819458 -0.046488564 0.997538567 0.052494321 -7.438579559 0.994186699 0.041095298 0.099518776 165.024963379
0.096761644 0.056078359 -0.993726611 104.958724976 -0.047050975 0.997552991 0.051712822 -7.401418686 0.994194925 0.041751977 0.099163413 165.132354736
0.096818745 0.055785611 -0.993737459 103.891418457 -0.047678661 0.997541726 0.051353890 -7.360768318 0.994159400 0.042408045 0.099240541 165.228240967
0.097967029 0.057791129 -0.993510246 102.825180054 -0.050978076 0.997293293 0.052984390 -7.327809334 0.993883133 0.045456517 0.100647986 165.322463989
0.099568427 0.056812447 -0.993407607 101.765747070 -0.054510050 0.997180879 0.051564742 -7.290281296 0.993536592 0.049016472 0.102384567 165.421905518
0.102099478 0.053251114 -0.993348002 100.701080322 -0.057215277 0.997227490 0.047578320 -7.253762245 0.993127525 0.051976949 0.104863167 165.521118164
0.105620861 0.048796844 -0.993208528 99.629226685 -0.060853079 0.997240543 0.042523634 -7.221574783 0.992542803 0.055948410 0.108298838 165.623962402
0.109157205 0.048034057 -0.992863297 98.557006836 -0.062935337 0.997161746 0.041322786 -7.192859173 0.992030203 0.057975505 0.111870408 165.729339600
0.112742305 0.050618868 -0.992334127 97.476486206 -0.062558107 0.997081816 0.043753617 -7.166916370 0.991653025 0.057145655 0.115579903 165.847625732
0.115960062 0.053030949 -0.991837204 96.408218384 -0.060505219 0.997096360 0.046238214 -7.129422665 0.991409302 0.054649539 0.118831992 165.973663330
0.119226933 0.054747105 -0.991356492 95.320877075 -0.059090864 0.997099936 0.047957636 -7.093834877 0.991107047 0.052862272 0.122116208 166.107467651
0.122736812 0.057074618 -0.990796745 94.245727539 -0.057784904 0.997062206 0.050277330 -7.061821938 0.990755558 0.051082216 0.125674307 166.237365723
0.126045227 0.057700269 -0.990345061 93.165252686 -0.056966178 0.997080684 0.050842393 -7.024825573 0.990387559 0.050007734 0.128964186 166.375564575
0.128902316 0.058249399 -0.989945173 92.083694458 -0.058295138 0.996992052 0.051073343 -6.987101078 0.989942431 0.051125504 0.131910264 166.511428833
0.131276429 0.057402615 -0.989682496 91.000610352 -0.057030238 0.997106135 0.050268419 -6.956298828 0.989704013 0.049842775 0.134170175 166.656219482
0.133283436 0.054351110 -0.989586651 89.916671753 -0.057012111 0.997262120 0.047093943 -6.921550751 0.989436865 0.050141573 0.136017203 166.791442871
0.135415256 0.050671820 -0.989492416 88.822311401 -0.055721723 0.997500181 0.043456197 -6.886951447 0.989220858 0.049251579 0.137900293 166.940429688
0.136505008 0.048830207 -0.989435136 87.741348267 -0.054458395 0.997644007 0.041722111 -6.853733540 0.989141345 0.048187777 0.138842642 167.088363647
0.136323392 0.049565174 -0.989423811 86.655761719 -0.052677020 0.997697353 0.042721767 -6.823122978 0.989262998 0.046295915 0.138620436 167.242980957
0.136321545 0.051030923 -0.989349425 85.552474976 -0.048176933 0.997832239 0.044830214 -6.796443939 0.989492476 0.041552495 0.138484538 167.392059326
0.136081636 0.051112864 -0.989378214 84.442855835 -0.044887982 0.997960687 0.045382235 -6.765110016 0.989680171 0.038235497 0.138098478 167.540802002
0.135349095 0.050453465 -0.989512503 83.344329834 -0.043053228 0.998058796 0.045000251 -6.736407757 0.989862084 0.036510970 0.137258530 167.693069458
0.134086370 0.051367380 -0.989637554 82.240951538 -0.040754262 0.998096585 0.046284642 -6.698658466 0.990131378 0.034125801 0.135924578 167.839172363
0.132179856 0.055734534 -0.989657760 81.134826660 -0.038707841 0.997946620 0.051031478 -6.659783840 0.990469813 0.031562164 0.134065807 167.990234375
0.129736304 0.060174059 -0.989720941 80.012496948 -0.037954014 0.997726738 0.055685647 -6.622324944 0.990821898 0.030339433 0.131725252 168.134277344
0.126914859 0.058080457 -0.990211785 78.889556885 -0.035921674 0.997898519 0.053927261 -6.582874298 0.991263032 0.028725889 0.128734529 168.274490356
0.123479247 0.050068311 -0.991083443 77.780303955 -0.034670085 0.998334289 0.046115071 -6.544258118 0.991741478 0.028666681 0.125009418 168.405059814
0.120410502 0.044202674 -0.991739631 76.667602539 -0.033273466 0.998626590 0.040469792 -6.509221554 0.992166460 0.028125627 0.121715903 168.533737183
0.116836727 0.045897547 -0.992090046 75.535186768 -0.033130512 0.998555720 0.042294946 -6.483141899 0.992598414 0.027926844 0.118188620 168.670318604
0.113775253 0.050009608 -0.992247164 74.398468018 -0.032374404 0.998388529 0.046606958 -6.444973469 0.992978990 0.026820691 0.115210950 168.790634155
0.110507309 0.051493105 -0.992540658 73.258178711 -0.033026248 0.998295665 0.048114605 -6.406319141 0.993326604 0.027462861 0.112019598 168.918365479
0.107749581 0.051703569 -0.992832720 72.110824585 -0.034433488 0.998241663 0.048248272 -6.365361214 0.993581593 0.028987961 0.109340429 169.039031982
0.105665624 0.053119492 -0.992982030 70.969192505 -0.035839166 0.998126864 0.049580991 -6.326852798 0.993755758 0.030348638 0.107371449 169.147979736
0.103430092 0.054343402 -0.993151009 69.816574097 -0.034677789 0.998096287 0.051002536 -6.283918381 0.994031966 0.029165085 0.105117679 169.265686035
0.101565242 0.054411504 -0.993339777 68.672561646 -0.033660214 0.998119354 0.051231682 -6.244260311 0.994259298 0.028232669 0.103205740 169.372726440
0.099703908 0.053260099 -0.993590653 67.515747070 -0.032792687 0.998199821 0.050216518 -6.208770752 0.994476616 0.027575731 0.101270974 169.487258911
0.097901523 0.052147355 -0.993829012 66.362045288 -0.031400274 0.998290896 0.049288254 -6.165934086 0.994700730 0.026381103 0.099371612 169.589599609
0.095608234 0.051390260 -0.994091749 65.194107056 -0.032052115 0.998307526 0.048525542 -6.130918503 0.994902968 0.027223289 0.097093582 169.701934814
0.093381643 0.051010877 -0.994322777 64.013442993 -0.032662880 0.998306036 0.048147697 -6.089640617 0.995094478 0.027981332 0.094889641 169.813278198
0.090928733 0.053263873 -0.994432032 62.831466675 -0.032760695 0.998188138 0.050469488 -6.050355434 0.995318472 0.027989147 0.092508972 169.917541504
0.088443935 0.056284316 -0.994489789 61.656707764 -0.032736950 0.998027146 0.053573091 -6.007307529 0.995543122 0.027818339 0.090112031 170.011276245
0.085156798 0.056424059 -0.994768798 60.481475830 -0.033731282 0.997986197 0.053719003 -5.961764336 0.995796561 0.028980274 0.086888552 170.117080688
0.082403600 0.055890210 -0.995030761 59.307052612 -0.034568559 0.997985721 0.053193394 -5.918331146 0.995999455 0.030013440 0.084169686 170.207809448
0.080931187 0.055736661 -0.995160103 58.141494751 -0.034700252 0.997987568 0.053073030 -5.882800102 0.996115506 0.030237040 0.082702398 170.286621094
0.079311430 0.055531047 -0.995302081 56.964965820 -0.035127893 0.997982740 0.052881423 -5.841067791 0.996230841 0.030768756 0.081102133 170.381881714
0.077612936 0.055630062 -0.995430470 55.798385620 -0.035641838 0.997958660 0.052992389 -5.801108837 0.996346414 0.031366065 0.079437256 170.463088989
0.076025307 0.056665786 -0.995494485 54.650070190 -0.036654595 0.997867882 0.054001596 -5.763848305 0.996431947 0.032383952 0.077940285 170.547073364
0.074477434 0.056681920 -0.995610595 53.481338501 -0.036105406 0.997882009 0.054110341 -5.722732067 0.996568978 0.031916916 0.076366186 170.637664795
0.073756337 0.056203663 -0.995691359 52.307449341 -0.034781940 0.997948229 0.053754568 -5.684455395 0.996669590 0.030667329 0.075559914 170.716430664
0.072681665 0.055398166 -0.995815516 51.156158447 -0.035525605 0.997966349 0.052924912 -5.645026207 0.996722341 0.031530272 0.074501932 170.792816162
0.071427047 0.054631278 -0.995948672 50.006149292 -0.034269601 0.998043835 0.052288473 -5.605516434 0.996857047 0.030395947 0.073159516 170.875015259
0.070102274 0.052389376 -0.996163189 48.855743408 -0.035330299 0.998123825 0.050006218 -5.567317963 0.996913970 0.031689189 0.071821690 170.949295044
0.070053101 0.047626462 -0.996405780 47.705657959 -0.033378296 0.998412192 0.045375679 -5.534682751 0.996984780 0.030079607 0.071531594 171.019683838
0.068404734 0.044760741 -0.996653080 46.567611694 -0.032704819 0.998556733 0.042601556 -5.507681847 0.997121513 0.029681204 0.069769919 171.092971802
0.067129731 0.044526666 -0.996750355 45.401016235 -0.031090317 0.998611927 0.042515941 -5.472305298 0.997259915 0.028135190 0.068420887 171.182998657
0.065375388 0.048498016 -0.996681690 44.257186890 -0.028368924 0.998504817 0.046725933 -5.445958138 0.997457564 0.025220050 0.066653490 171.255844116
0.064156175 0.051385488 -0.996616185 43.123840332 -0.027795894 0.998377979 0.049686994 -5.411700249 0.997552872 0.024514096 0.065480411 171.324523926
0.063077688 0.052750558 -0.996613681 42.002044678 -0.027874833 0.998305678 0.051075868 -5.385128021 0.997619390 0.024558688 0.064441204 171.390609741
0.061792254 0.052904282 -0.996685982 40.893783569 -0.028518824 0.998280048 0.051220793 -5.349613190 0.997681558 0.025259258 0.063194752 171.449218750
0.060400605 0.054450922 -0.996687949 39.784713745 -0.030328954 0.998150110 0.052692831 -5.313728809 0.997713327 0.027045825 0.061940312 171.509613037
0.058897853 0.057172801 -0.996625602 38.688446045 -0.032851610 0.997928858 0.055306129 -5.276746750 0.997723460 0.029483333 0.060654044 171.570007324
0.057813883 0.058606949 -0.996605754 37.595367432 -0.034819927 0.997786343 0.056656450 -5.240334034 0.997720122 0.031426199 0.059726596 171.625274658
0.057042778 0.058120202 -0.996678650 36.527099609 -0.036342897 0.997763276 0.056103449 -5.206219673 0.997710109 0.033021886 0.059027433 171.669021606
0.055902660 0.058033992 -0.996748269 35.463790894 -0.037034173 0.997742832 0.056014840 -5.171996593 0.997749209 0.033782359 0.057925701 171.723022461
0.054413259 0.058599509 -0.996797681 34.419372559 -0.038831718 0.997645497 0.056529604 -5.129817009 0.997763336 0.035631388 0.056560695 171.773086548
0.052019060 0.059241123 -0.996887505 33.376754761 -0.039332148 0.997585952 0.057230219 -5.096531391 0.997871339 0.036232658 0.054223537 171.830444336
0.049950063 0.060838498 -0.996897042 32.369400024 -0.039533980 0.997481167 0.058893278 -5.063301086 0.997969031 0.036469586 0.052229404 171.879257202
0.048359931 0.060740653 -0.996981442 31.377136230 -0.040437672 0.997449994 0.058807716 -5.025636673 0.998011112 0.037471667 0.050692856 171.920562744
0.046730399 0.060936771 -0.997047305 30.396606445 -0.040794257 0.997421265 0.059047658 -4.997888565 0.998074353 0.037914466 0.049095750 171.954925537
0.044440031 0.060138442 -0.997200310 29.425628662 -0.041581649 0.997432768 0.058299385 -4.955507278 0.998146355 0.038874410 0.046826601 172.002182007
0.042944014 0.059641235 -0.997295737 28.473480225 -0.041483112 0.997462153 0.057864904 -4.924356461 0.998215914 0.038885973 0.045309126 172.032180786
0.040933132 0.059259910 -0.997403026 27.543045044 -0.041350815 0.997484863 0.057567749 -4.889579296 0.998305917 0.038886998 0.043280661 172.068923950
0.039429665 0.058602612 -0.997502387 26.619201660 -0.042076457 0.997490644 0.056938704 -4.855894566 0.998336017 0.039726291 0.041796505 172.100357056
0.038356245 0.059481077 -0.997492433 25.714996338 -0.043743867 0.997369826 0.057791702 -4.823318005 0.998306334 0.041417487 0.040857315 172.130218506
0.037996590 0.059792850 -0.997487426 24.827041626 -0.044925384 0.997301102 0.058070373 -4.791993141 0.998267531 0.042606030 0.040580273 172.161590576
0.039189160 0.059405070 -0.997464478 23.969223022 -0.047222156 0.997226000 0.057535566 -4.763145447 0.998115420 0.044847645 0.041885674 172.184570312
0.042246044 0.059141230 -0.997355342 23.102005005 -0.049181420 0.997159421 0.057046384 -4.737779617 0.997896075 0.046641365 0.045034647 172.212265015
0.046319306 0.058425277 -0.997216642 22.264953613 -0.051741432 0.997088373 0.056014445 -4.713518143 0.997585773 0.049002867 0.049207449 172.246063232
0.051964521 0.057869442 -0.996970892 21.440353394 -0.052864358 0.997079313 0.055120315 -4.685045242 0.997248769 0.049839918 0.054871976 172.290023804
0.058603585 0.056985382 -0.996653557 20.633514404 -0.054391947 0.997068644 0.053810850 -4.651226044 0.996798456 0.051056415 0.061531365 172.337036133
0.067370534 0.056670781 -0.996117353 19.840957642 -0.054906704 0.997083247 0.053012222 -4.626010418 0.996216178 0.051122054 0.070285618 172.394012451
0.077967823 0.056235313 -0.995368600 19.043792725 -0.055004593 0.997129738 0.052026268 -4.600636005 0.995437384 0.050693464 0.080837250 172.453460693
0.089131773 0.055985693 -0.994445264 18.265121460 -0.054316465 0.997206509 0.051272783 -4.576606274 0.994537890 0.049444702 0.091923714 172.524337769
0.100658894 0.054674838 -0.993417561 17.507629395 -0.052685391 0.997380853 0.049554575 -4.550817966 0.993525028 0.047350485 0.103275776 172.608093262
0.111809194 0.054980151 -0.992207706 16.743484497 -0.050367430 0.997498453 0.049597554 -4.529753685 0.992452562 0.044429474 0.114298701 172.703506470
0.123339891 0.055858549 -0.990791321 15.991165161 -0.048807256 0.997547746 0.050163630 -4.504426003 0.991163671 0.042170610 0.125763714 172.796493530
0.134276330 0.057085279 -0.989298344 15.264129639 -0.046245959 0.997612596 0.051288120 -4.485011101 0.989864290 0.038864262 0.136595726 172.900527954
0.144679189 0.057784896 -0.987789810 14.537658691 -0.044504985 0.997663021 0.051843930 -4.466360569 0.988477170 0.036460835 0.146912813 173.007736206
0.154341340 0.056849189 -0.986380756 13.816772461 -0.040282208 0.997875273 0.051208612 -4.441411018 0.987196088 0.031829987 0.156303406 173.129364014
0.162842035 0.056098133 -0.985056221 13.117446899 -0.037715022 0.998006582 0.050600890 -4.420543194 0.985931158 0.028911453 0.164633155 173.253799438
0.169983268 0.055897836 -0.983860373 12.420211792 -0.034277555 0.998121142 0.050785866 -4.394973755 0.984850645 0.025091570 0.171579957 173.381393433
0.174352050 0.056111660 -0.983083427 11.736450195 -0.029593920 0.998222649 0.051727220 -4.380228996 0.984238684 0.020074539 0.175702751 173.514205933
0.176517010 0.056293838 -0.982686639 11.068786621 -0.025658702 0.998287082 0.052578527 -4.355509758 0.983963251 0.015933448 0.177659094 173.638702393
0.176996946 0.056629825 -0.982581019 10.403732300 -0.021396134 0.998328745 0.053683247 -4.333101273 0.983978927 0.011521656 0.177912772 173.767425537
0.176048338 0.056441154 -0.982762158 9.771362305 -0.017725274 0.998374820 0.054162569 -4.316639900 0.984221935 0.007884496 0.176762640 173.878173828
0.173117220 0.056322750 -0.983289480 9.149398804 -0.015319197 0.998396754 0.054491006 -4.293439865 0.984782100 0.005629871 0.173702478 173.986145020
0.169518471 0.057153564 -0.983868361 8.538055420 -0.012402270 0.998361647 0.055858605 -4.275944710 0.985449016 0.002733135 0.169949591 174.092971802
0.165130973 0.057438739 -0.984597683 7.943252563 -0.010427571 0.998348594 0.056492079 -4.255597591 0.986216545 0.000938368 0.165457249 174.192337036
0.160869837 0.058391146 -0.985246956 7.379119873 -0.007893962 0.998292625 0.057875395 -4.233974934 0.986944139 -0.001532908 0.161056101 174.278335571
0.155998170 0.059518099 -0.985962689 6.813140869 -0.005640278 0.998220384 0.059365645 -4.216910362 0.987741411 -0.003699840 0.156056285 174.371261597
0.151695311 0.059894018 -0.986610949 6.275115967 -0.003767564 0.998190224 0.060017675 -4.196521759 0.988420129 -0.005387282 0.151646435 174.451568604
0.147164583 0.059889469 -0.987297297 5.770980835 -0.002633150 0.998185456 0.060157456 -4.179258347 0.989108562 -0.006253349 0.147055268 174.519027710
0.142614901 0.060000837 -0.987958014 5.286239624 -0.002258083 0.998178005 0.060295559 -4.166947842 0.989775777 -0.006368162 0.142490566 174.586822510
0.138459682 0.058264751 -0.988652766 4.817489624 -0.001466366 0.998278916 0.058626693 -4.147455215 0.990367055 -0.006667711 0.138306797 174.647674561
0.134347558 0.055658974 -0.989369929 4.372344971 -0.001702451 0.998432815 0.055937648 -4.129278660 0.990932822 -0.005830733 0.134231746 174.701568604
0.129858196 0.053605840 -0.990082502 3.958847046 -0.002453550 0.998551786 0.053742588 -4.114432812 0.991529584 -0.004549701 0.129801631 174.753295898
0.125635505 0.052983776 -0.990660727 3.575775146 -0.002690100 0.998587370 0.053066567 -4.109660149 0.992072940 -0.004002077 0.125600576 174.798812866
0.122352839 0.051866222 -0.991130471 3.223342896 -0.002559070 0.998646736 0.051943637 -4.097303391 0.992483377 -0.003819077 0.122319937 174.836227417
0.119078755 0.051017560 -0.991573215 2.875793457 -0.003123439 0.998693347 0.051008802 -4.089707851 0.992879868 -0.002976946 0.119082510 174.878845215
0.116046190 0.050099358 -0.991979599 2.564987183 -0.004099952 0.998742759 0.049961299 -4.078633308 0.993235469 -0.001730755 0.116105676 174.905075073
0.113134027 0.050130647 -0.992314398 2.278381348 -0.005558558 0.998742640 0.049821671 -4.072750568 0.993564308 -0.000120698 0.113270462 174.932525635
0.110946119 0.050051376 -0.992565274 2.013305664 -0.006955328 0.998745680 0.049585581 -4.063444614 0.993802071 0.001402291 0.111155093 174.957366943
0.108423948 0.049882114 -0.992852569 1.764862061 -0.007109603 0.998753667 0.049402196 -4.058959961 0.994079411 0.001702403 0.108643413 174.979385376
0.106151104 0.049346883 -0.993124783 1.526718140 -0.007074950 0.998780012 0.048871670 -4.055919647 0.994324863 0.001838525 0.106370687 175.004699707
0.104377329 0.047451757 -0.993405223 1.304977417 -0.006993014 0.998871446 0.046978109 -4.047235489 0.994513273 0.002043445 0.104591310 175.024429321
0.102393270 0.045223475 -0.993715525 1.081329346 -0.007009903 0.998974025 0.044740487 -4.043017387 0.994719326 0.002384724 0.102605224 175.041839600
0.100424588 0.043762572 -0.993981779 0.871032715 -0.006997813 0.999038577 0.043278202 -4.039755821 0.994920075 0.002609505 0.100634277 175.063140869
0.098593652 0.043174703 -0.994190812 0.668258667 -0.005990257 0.999066055 0.042792372 -4.030648232 0.995109797 0.001736400 0.098760188 175.082138062
0.096432388 0.041787930 -0.994462013 0.465774536 -0.005075688 0.999125957 0.041491728 -4.021990776 0.995326698 0.001046431 0.096560180 175.101699829
0.094729662 0.040240932 -0.994689405 0.265975952 -0.005937856 0.999187708 0.039857425 -4.021987915 0.995485365 0.002130640 0.094891667 175.109558105
0.092335582 0.039132982 -0.994958699 0.066528320 -0.006695197 0.999229252 0.038679615 -4.018259048 0.995705426 0.003089940 0.092526376 175.129135132
0.090280175 0.039351664 -0.995138705 -0.137847900 -0.006334879 0.999221504 0.038938411 -4.011934280 0.995896339 0.002788713 0.090459168 175.144882202
0.088598549 0.039842490 -0.995270431 -0.343750000 -0.004531434 0.999205470 0.039596636 -4.004190445 0.996057272 0.001001790 0.088708699 175.163635254
0.086724043 0.040384289 -0.995413542 -0.530349731 -0.003024288 0.999184132 0.040273774 -4.001744270 0.996227801 -0.000482288 0.086775422 175.179061890
0.084693551 0.041001413 -0.995563149 -0.727005005 -0.001977502 0.999157965 0.040981233 -3.999610186 0.996405125 -0.001502119 0.084703267 175.195373535
0.082162023 0.041491702 -0.995754957 -0.924285889 -0.001533749 0.999137104 0.041506078 -3.993688345 0.996617854 -0.001882987 0.082154751 175.210556030
0.079897702 0.041788962 -0.995926797 -1.122650146 -0.001742493 0.999125183 0.041783378 -3.986349106 0.996801615 -0.001603004 0.079900622 175.220062256
0.077265561 0.042956527 -0.996084750 -1.320602417 -0.003158162 0.999076903 0.042840589 -3.985862494 0.997005582 -0.000164308 0.077329874 175.231216431
0.074613929 0.042767793 -0.996295035 -1.521408081 -0.006820107 0.999078453 0.042376511 -3.977251768 0.997189224 0.003632957 0.074836850 175.232925415
0.071033180 0.038890831 -0.996715546 -1.739822388 -0.011109184 0.999208510 0.038196385 -3.971966982 0.997412145 0.008359484 0.071408987 175.244079590
0.067948878 0.034677234 -0.997085989 -1.962890625 -0.013044239 0.999341249 0.033866737 -3.970450401 0.997603536 0.010705022 0.068356454 175.248748779
0.064820945 0.032455817 -0.997369051 -2.210083008 -0.013560840 0.999407291 0.031640802 -3.966082096 0.997804821 0.011474173 0.065222681 175.259353638
0.061313868 0.032677412 -0.997583449 -2.479797363 -0.014243707 0.999390781 0.031861160 -3.961915016 0.998016834 0.012255756 0.061741948 175.269165039
0.057551622 0.032162022 -0.997824430 -2.775665283 -0.014027353 0.999408364 0.031404018 -3.954077482 0.998244047 0.012189480 0.057968736 175.284957886
0.054133236 0.030599907 -0.998064876 -3.082611084 -0.013860183 0.999457061 0.029890843 -3.947125435 0.998437643 0.012215268 0.054527998 175.296417236
0.050896764 0.028442953 -0.998298883 -3.404220581 -0.013505413 0.999522567 0.027789267 -3.938701630 0.998612702 0.012068051 0.051256657 175.308135986
0.048229754 0.026107730 -0.998495102 -3.743057251 -0.015522497 0.999557197 0.025385728 -3.932802200 0.998715758 0.014274785 0.048613667 175.314025879
0.046392560 0.024406118 -0.998625100 -4.110504150 -0.018824700 0.999545336 0.023554079 -3.922569275 0.998745918 0.017706085 0.046830893 175.324340820
0.046768844 0.023140157 -0.998637795 -4.503585815 -0.022490125 0.999502599 0.022106925 -3.915232182 0.998652637 0.021425569 0.047266006 175.334564209
0.047786534 0.022549460 -0.998603046 -4.932022095 -0.025597578 0.999444425 0.021343527 -3.906266689 0.998529613 0.024541883 0.048337221 175.348800659
0.049175262 0.025349882 -0.998468578 -5.372573853 -0.026883867 0.999349236 0.024048192 -3.902010441 0.998428464 0.025660114 0.049824774 175.359039307
0.049853504 0.028816415 -0.998340786 -5.842483521 -0.026298312 0.999274969 0.027530137 -3.888141155 0.998410285 0.024882201 0.050575197 175.386291504
0.050882518 0.033855125 -0.998130679 -6.329711914 -0.027797567 0.999086082 0.032470468 -3.875292301 0.998317719 0.026093422 0.051777124 175.411041260
0.052786469 0.038213484 -0.997874439 -6.843063354 -0.030098772 0.998874426 0.036659587 -3.856013298 0.998152137 0.028099660 0.053877234 175.425949097
0.053520441 0.043909654 -0.997600913 -7.368453979 -0.029634878 0.998662531 0.042366497 -3.840312958 0.998126984 0.027296305 0.054750144 175.451812744
0.054001272 0.048553415 -0.997359872 -7.916976929 -0.021205958 0.998647630 0.047467928 -3.827367306 0.998315811 0.018586634 0.054957867 175.494430542
0.055040061 0.048223872 -0.997319043 -8.476867676 -0.011768074 0.998794973 0.047645789 -3.809311867 0.998414874 0.009114091 0.055541277 175.544952393
0.055209339 0.046765678 -0.997379124 -9.055023193 -0.005467311 0.998901725 0.046534434 -3.784412384 0.998459935 0.002883839 0.055404365 175.583496094
0.053631783 0.044676941 -0.997560859 -9.653991699 -0.007845211 0.998986602 0.044319015 -3.759563684 0.998530030 0.005449165 0.053927898 175.608825684
0.052078784 0.043220099 -0.997707307 -10.278396606 -0.010575509 0.999030888 0.042725410 -3.735241652 0.998587012 0.008326174 0.052485347 175.633270264
0.050504327 0.043790322 -0.997763336 -10.909881592 -0.005190853 0.999036312 0.043583442 -3.708006620 0.998710334 0.002978089 0.050682962 175.666244507
0.047764182 0.047148697 -0.997745395 -11.568695068 0.004285654 0.998866498 0.047406845 -3.680905819 0.998849571 -0.006540347 0.047508001 175.710052490
0.045086563 0.049042936 -0.997778654 -12.250396729 0.005342377 0.998768091 0.049332988 -3.658535480 0.998968959 -0.007554771 0.044768989 175.740554810
0.042718351 0.045306876 -0.998059452 -12.934738159 0.005347386 0.998946548 0.045576029 -3.631848812 0.999072969 -0.007283945 0.042431056 175.758926392
0.038953364 0.037301108 -0.998544574 -13.649383545 0.001196448 0.999300539 0.037376020 -3.619228840 0.999240339 -0.002650630 0.038881481 175.773040771
0.036674201 0.026056470 -0.998987556 -14.364181519 -0.000110330 0.999660134 0.026069963 -3.594406366 0.999327302 -0.000845877 0.036664605 175.802322388
0.036188960 0.021078598 -0.999122739 -15.115768433 -0.002985066 0.999775350 0.020984247 -3.568641186 0.999340653 0.002223047 0.036243737 175.824798584
0.034834027 0.025870278 -0.999058306 -15.880340576 -0.000071287 0.999664962 0.025883505 -3.558118582 0.999393165 -0.000830409 0.034824193 175.850296021
0.034256220 0.032211307 -0.998894036 -16.663391113 0.001095846 0.999478638 0.032267749 -3.541038513 0.999412656 -0.002200010 0.034203053 175.864913940
0.033401012 0.036844973 -0.998762786 -17.460052490 0.001991028 0.999315798 0.036931962 -3.520895720 0.999440193 -0.003222133 0.033304751 175.886688232
0.031358302 0.034576084 -0.998910010 -18.277496338 -0.001891671 0.999401748 0.034533724 -3.498425961 0.999506474 0.000806690 0.031404972 175.908660889
0.030171633 0.030208576 -0.999088228 -19.112594604 -0.004507197 0.999537170 0.030086039 -3.476761103 0.999534607 0.003595339 0.030293822 175.922149658
0.029588878 0.027044896 -0.999196291 -19.957519531 -0.004948956 0.999625623 0.026909968 -3.450477362 0.999549985 0.004148739 0.029711604 175.941650391
0.028972089 0.028388452 -0.999177098 -20.827545166 -0.005612548 0.999585509 0.028237315 -3.426905632 0.999564528 0.004789832 0.029119432 175.961044312
0.028508961 0.032279097 -0.999072313 -21.711639404 -0.007604294 0.999456525 0.032074522 -3.408704281 0.999564707 0.006682824 0.028738916 175.977249146
0.027605534 0.035406470 -0.998991668 -22.616424561 -0.007020676 0.999354720 0.035225336 -3.389281511 0.999594271 0.006041181 0.027836323 176.000000000
0.027184904 0.037898600 -0.998911858 -23.517898560 -0.006489825 0.999266684 0.037735447 -3.367028236 0.999609470 0.005456924 0.027410924 176.018585205
0.026896477 0.040148243 -0.998831689 -24.429809570 -0.006949133 0.999176502 0.039974976 -3.347083569 0.999614120 0.005865826 0.027153313 176.037643433
0.026981473 0.041307423 -0.998782098 -25.376022339 -0.006892590 0.999129772 0.041135605 -3.322478533 0.999612153 0.005774296 0.027242720 176.068618774
0.027731180 0.038525883 -0.998872697 -26.316558838 -0.009149348 0.999224961 0.038285457 -3.290117502 0.999573469 0.008077336 0.028062165 176.090438843
0.029507160 0.036178421 -0.998909712 -27.262145996 -0.009820475 0.999307036 0.035902724 -3.269566059 0.999516428 0.008750376 0.029842019 176.113159180
0.031239331 0.035838567 -0.998869181 -28.240249634 -0.011096746 0.999307811 0.035507258 -3.242541790 0.999450266 0.009974975 0.031615376 176.132446289
0.033010304 0.038005725 -0.998732209 -29.218063354 -0.010760540 0.999232352 0.037669096 -3.216771841 0.999397159 0.009503427 0.033393919 176.163543701
0.035096705 0.039681375 -0.998595953 -30.198120117 -0.011674957 0.999159515 0.039293446 -3.189831018 0.999315858 0.010279490 0.035530448 176.188262939
0.036343634 0.040194646 -0.998530805 -31.198333740 -0.010900207 0.999147296 0.039822731 -3.166157484 0.999280035 0.009436883 0.036750734 176.228958130
0.037934244 0.040103119 -0.998475313 -32.196685791 -0.010649496 0.999153852 0.039725780 -3.135539532 0.999223590 0.009126285 0.038329184 176.264221191
0.038600028 0.039806396 -0.998461604 -33.221466064 -0.008883086 0.999180436 0.039491642 -3.112774849 0.999215305 0.007345041 0.038922012 176.305541992
0.039260089 0.039656136 -0.998441875 -34.233551025 -0.008016258 0.999192536 0.039370742 -3.088123798 0.999196947 0.006458067 0.039546251 176.342559814
0.039190531 0.038353343 -0.998495579 -35.253311157 -0.007543521 0.999246001 0.038086090 -3.060299873 0.999203444 0.006039552 0.039450288 176.381835938
0.038319290 0.038937327 -0.998506606 -36.284088135 -0.007194536 0.999225378 0.038689248 -3.035606146 0.999239624 0.005701247 0.038569748 176.421463013
0.037691653 0.039901882 -0.998492420 -37.315582275 -0.006526908 0.999190986 0.039683416 -3.009533644 0.999268055 0.005021338 0.037921548 176.457901001
0.036618710 0.040537026 -0.998506904 -38.364547729 -0.009450340 0.999146283 0.040216409 -2.982486010 0.999284744 0.007963548 0.036970556 176.490539551
0.035341322 0.038788408 -0.998622298 -39.399642944 -0.011035943 0.999200702 0.038420312 -2.960935354 0.999314368 0.009662912 0.035741150 176.522552490
0.034812152 0.036705628 -0.998719752 -40.442962646 -0.011232320 0.999276578 0.036334574 -2.932579994 0.999330878 0.009953048 0.035199285 176.551940918
0.033919334 0.038319685 -0.998689711 -41.498687744 -0.012461057 0.999203205 0.037916161 -2.907919645 0.999346912 0.011158636 0.034369826 176.584594727
0.033697009 0.040839620 -0.998597443 -42.528450012 -0.014955540 0.999073505 0.040354427 -2.882284164 0.999320328 0.013574733 0.034276605 176.608367920
0.033212841 0.042252630 -0.998554885 -43.588752747 -0.014529045 0.999020815 0.041789100 -2.857156277 0.999342799 0.013120109 0.033794224 176.644226074
0.033927441 0.042563621 -0.998517632 -44.639801025 -0.013119744 0.999025583 0.042139497 -2.829181433 0.999338269 0.011670606 0.034452796 176.669616699
0.033845961 0.043680869 -0.998472095 -45.706893921 -0.011949163 0.998990715 0.043298509 -2.795948982 0.999355674 0.010465425 0.034333706 176.710937500
0.034404695 0.045192305 -0.998385847 -46.768180847 -0.010638438 0.998937070 0.044850659 -2.769093990 0.999351501 0.009078183 0.034848928 176.739776611
0.034186423 0.045437831 -0.998382032 -47.828353882 -0.011503696 0.998917699 0.045068301 -2.739183426 0.999349296 0.009944357 0.034672141 176.772277832
0.034139991 0.044743858 -0.998414934 -48.890380859 -0.012482404 0.998938501 0.044340491 -2.710760117 0.999339104 0.010948836 0.034662306 176.797363281
0.033869982 0.043535210 -0.998477638 -49.950370789 -0.015075473 0.998959422 0.043044835 -2.679230213 0.999312639 0.013594591 0.034491062 176.827362061
0.034517050 0.040430889 -0.998585999 -51.006118774 -0.017184911 0.999057651 0.039855972 -2.654368877 0.999256372 0.015784897 0.035179377 176.845932007
0.034494162 0.038941097 -0.998646021 -52.071243286 -0.021059815 0.999047041 0.038229309 -2.621799946 0.999183059 0.019712606 0.035281420 176.869049072
0.033454835 0.043351084 -0.998499632 -53.147895813 -0.023642920 0.998813570 0.042572558 -2.600410700 0.999160528 0.022183189 0.034440100 176.909942627
0.033427358 0.051238894 -0.998126984 -54.218780518 -0.023158906 0.998456538 0.050480224 -2.566528797 0.999172926 0.021428103 0.034562409 176.936080933
0.032904088 0.057877719 -0.997781396 -55.287132263 -0.023918286 0.998081565 0.057106376 -2.529418945 0.999172390 0.021986179 0.034225285 176.968154907
0.032407761 0.057033610 -0.997846186 -56.356178284 -0.025956856 0.998081803 0.056204062 -2.487735271 0.999137700 0.024079498 0.033825994 177.001388550
0.032047570 0.050895482 -0.998189688 -57.409912109 -0.027784368 0.998362064 0.050012235 -2.447900772 0.999100089 0.026131298 0.033409178 177.030487061
0.032559633 0.043276552 -0.998532474 -58.472084045 -0.027977120 0.998710096 0.042371992 -2.414324284 0.999078155 0.026556445 0.033728421 177.055084229
0.033409357 0.038035918 -0.998717785 -59.529647827 -0.027357204 0.998935938 0.037129071 -2.386829138 0.999067307 0.026081664 0.034414411 177.076644897
0.033865273 0.039467223 -0.998646796 -60.599594116 -0.027088927 0.998889089 0.038558178 -2.364030600 0.999059200 0.025746485 0.034896791 177.120422363
0.033972800 0.040463366 -0.998603404 -61.660270691 -0.025869079 0.998880923 0.039594539 -2.339822292 0.999087989 0.024487806 0.034981489 177.153396606
0.034211993 0.042162891 -0.998524964 -62.732536316 -0.023006316 0.998878181 0.041389555 -2.312732697 0.999149919 0.021556355 0.035143673 177.193725586
0.034151018 0.041900501 -0.998538017 -63.792755127 -0.021865562 0.998912930 0.041168410 -2.286623716 0.999177516 0.020427648 0.035030067 177.218872070
0.034306526 0.041182093 -0.998562694 -64.861236572 -0.020174194 0.998975635 0.040506024 -2.260300875 0.999207854 0.018755566 0.035102189 177.250335693
0.032908440 0.038360327 -0.998722017 -65.932029724 -0.019383691 0.999099731 0.037736136 -2.233965635 0.999270439 0.018117078 0.033622384 177.288574219
0.031730294 0.037924170 -0.998776734 -67.011817932 -0.018885726 0.999124229 0.037337381 -2.210502625 0.999318004 0.017677898 0.032418728 177.324020386
0.031196594 0.039968684 -0.998713851 -68.086029053 -0.017267706 0.999072611 0.039443653 -2.185344219 0.999364138 0.016014988 0.031857848 177.350128174
0.030013442 0.044210304 -0.998571396 -69.159965515 -0.015459824 0.998922408 0.043761183 -2.158806324 0.999430060 0.014124309 0.030664623 177.380950928
0.029590309 0.047627941 -0.998426795 -70.242126465 -0.016316438 0.998754084 0.047159985 -2.127117157 0.999428988 0.014895289 0.030330539 177.406250000
0.028925300 0.044517245 -0.998589814 -71.316886902 -0.016523601 0.998892605 0.044052117 -2.101740837 0.999445021 0.015226076 0.029628873 177.431991577
0.027861595 0.039910585 -0.998814762 -72.386047363 -0.018824447 0.999046385 0.039394740 -2.075315952 0.999434590 0.017704532 0.028586328 177.456863403
0.027668893 0.036837835 -0.998938262 -73.459945679 -0.020325392 0.999134898 0.036282107 -2.046861410 0.999410570 0.019299921 0.028393686 177.475982666
0.026816964 0.038327944 -0.998905361 -74.542289734 -0.020810854 0.999069512 0.037775550 -2.019164085 0.999423742 0.019775046 0.027589619 177.506896973
0.026606202 0.043199781 -0.998712122 -75.628456116 -0.021329768 0.998862863 0.042638067 -1.992273808 0.999418437 0.020167859 0.027497411 177.524826050
0.026036561 0.046446439 -0.998581529 -76.721595764 -0.020895734 0.998727083 0.045908388 -1.961575985 0.999442697 0.019670794 0.026973903 177.552993774
0.024935663 0.045561634 -0.998650312 -77.803627014 -0.021625767 0.998751700 0.045026276 -1.931474209 0.999455154 0.020473812 0.025889874 177.578125000
0.024338126 0.042960636 -0.998780310 -78.877799988 -0.023086902 0.998833895 0.042400364 -1.905380726 0.999437213 0.022026794 0.025301576 177.588607788
0.022723377 0.041631442 -0.998874664 -79.949768066 -0.027196057 0.998788595 0.041009169 -1.866632462 0.999371886 0.026233580 0.023828089 177.604309082
0.021041691 0.041515581 -0.998916388 -81.030487061 -0.030312659 0.998704612 0.040868260 -1.849702597 0.999319077 0.029419869 0.022272885 177.607559204
0.019148290 0.041817307 -0.998941779 -82.109825134 -0.030331410 0.998689353 0.041225329 -1.820450783 0.999356508 0.029509917 0.020391583 177.628417969
0.016144931 0.038517006 -0.999127567 -83.186134338 -0.030718515 0.998805165 0.038008194 -1.795634270 0.999397755 0.030078072 0.017308772 177.634704590
0.012398064 0.039096840 -0.999158621 -84.276016235 -0.028780211 0.998835266 0.038727067 -1.765989304 0.999508977 0.028275846 0.013508797 177.650024414
0.009993851 0.037473630 -0.999247670 -85.363388062 -0.024194699 0.999014080 0.037222892 -1.742003202 0.999657333 0.023804495 0.010890663 177.656524658
0.008553207 0.034044135 -0.999383748 -86.445465088 -0.023422424 0.999152899 0.033835810 -1.715914249 0.999689102 0.023118582 0.009343326 177.657409668
0.006360829 0.030034224 -0.999528646 -87.525482178 -0.023140077 0.999285638 0.029879659 -1.704998732 0.999711990 0.022939108 0.007051289 177.661926270
0.003519416 0.029042792 -0.999572039 -88.609207153 -0.023316089 0.999308825 0.028953047 -1.683758974 0.999722064 0.023204209 0.004194140 177.663299561
0.001865566 0.032879073 -0.999457657 -89.693428040 -0.024689127 0.999156177 0.032823071 -1.673673868 0.999693513 0.024614498 0.002675772 177.644073486
-0.000039935 0.036870841 -0.999320090 -90.792716980 -0.024897570 0.999010205 0.036860403 -1.649241209 0.999690056 0.024882112 0.000878036 177.631607056
-0.002601385 0.041923087 -0.999117434 -91.888130188 -0.025825558 0.998784781 0.041976370 -1.630199909 0.999663055 0.025911963 -0.001515627 177.634124756
-0.004621387 0.042467207 -0.999087155 -92.986137390 -0.025968686 0.998755813 0.042573243 -1.603113174 0.999652088 0.026141727 -0.003512859 177.619995117
-0.006479859 0.039119303 -0.999213636 -94.077301025 -0.024704572 0.998923242 0.039268143 -1.576225281 0.999673843 0.024939589 -0.005506396 177.597473145
-0.009153724 0.034127936 -0.999375641 -95.173263550 -0.023157846 0.999142170 0.034332074 -1.553656816 0.999689996 0.023457648 -0.008355498 177.583587646
-0.012609363 0.031224204 -0.999432862 -96.269004822 -0.022179442 0.999257684 0.031498559 -1.533826113 0.999674499 0.022564039 -0.011907578 177.588012695
-0.015293717 0.031293198 -0.999393284 -97.370704651 -0.022171201 0.999253750 0.031628113 -1.514075518 0.999637306 0.022641458 -0.014588475 177.566467285
-0.018288016 0.033997871 -0.999254644 -98.467651367 -0.022399506 0.999156952 0.034404494 -1.496803045 0.999581873 0.023011994 -0.017511010 177.541610718
-0.020705581 0.036208745 -0.999129832 -99.567749023 -0.023874415 0.999041080 0.036700297 -1.475573540 0.999500632 0.024613537 -0.019821286 177.507385254
-0.023038983 0.036032077 -0.999085069 -100.678344727 -0.024747210 0.999023497 0.036600530 -1.449717999 0.999428272 0.025567807 -0.022124767 177.476776123
-0.025880218 0.035961062 -0.999018073 -101.783561707 -0.024938300 0.999018490 0.036607124 -1.425244331 0.999353945 0.025861209 -0.024958014 177.450027466
-0.027794242 0.035426784 -0.998985887 -102.873046875 -0.024333680 0.999051630 0.036106139 -1.399150372 0.999317646 0.025312534 -0.026905775 177.401870728
-0.030648112 0.034928601 -0.998919725 -103.975921631 -0.022665359 0.999107957 0.035630584 -1.382549763 0.999273181 0.023732884 -0.029829025 177.367813110
-0.033428192 0.033154719 -0.998891056 -105.071136475 -0.021628937 0.999191523 0.033888511 -1.360837936 0.999207079 0.022737782 -0.032684088 177.325500488
-0.035587788 0.032549247 -0.998836398 -106.171592712 -0.020860929 0.999227464 0.033305250 -1.342959881 0.999148846 0.022021914 -0.034881353 177.280914307
-0.037541032 0.033133328 -0.998745620 -107.281692505 -0.019385755 0.999237955 0.033878338 -1.322476387 0.999107003 0.020633271 -0.036870122 177.238449097
-0.039539099 0.032871671 -0.998677254 -108.392219543 -0.020046365 0.999231458 0.033683579 -1.302360535 0.999016941 0.021351663 -0.038849711 177.189056396
-0.041331768 0.031084457 -0.998661816 -109.481315613 -0.016633160 0.999356031 0.031794466 -1.284030914 0.999006987 0.017925026 -0.040788174 177.147430420
-0.043624401 0.032099839 -0.998532295 -110.584365845 -0.013706208 0.999370396 0.032725587 -1.266132355 0.998954117 0.015113722 -0.043156981 177.102600098
-0.045052528 0.035213746 -0.998363912 -111.681640625 -0.013693804 0.999262869 0.035863407 -1.243088722 0.998890877 0.015287129 -0.044537067 177.040771484
-0.046764612 0.036618229 -0.998234630 -112.784896851 -0.012862347 0.999222934 0.037257053 -1.225699902 0.998823225 0.014581947 -0.046257257 176.986358643
-0.048052073 0.035102315 -0.998227954 -113.904998779 -0.012794772 0.999278665 0.035755176 -1.198596001 0.998763025 0.014490204 -0.047568202 176.930114746
-0.049578071 0.033593941 -0.998205185 -115.024948120 -0.013504747 0.999320269 0.034302212 -1.174879551 0.998678982 0.015181143 -0.049090743 176.866592407
-0.050785780 0.033262350 -0.998155594 -116.132125854 -0.013406943 0.999332488 0.033983707 -1.159730434 0.998619616 0.015108097 -0.050305843 176.800216675
-0.051865339 0.032635219 -0.998120725 -117.234207153 -0.011998523 0.999373376 0.033299658 -1.139995575 0.998582006 0.013703072 -0.051441312 176.738555908
-0.052909374 0.031320781 -0.998108089 -118.342300415 -0.010564722 0.999434531 0.031922437 -1.116620064 0.998543501 0.012233728 -0.052548528 176.670379639
-0.054172754 0.031093739 -0.998047471 -119.458312988 -0.009858811 0.999449670 0.031672549 -1.096668243 0.998483002 0.011555346 -0.053836346 176.606292725
-0.054424644 0.033816207 -0.997945189 -120.585311890 -0.007980078 0.999379694 0.034300029 -1.082317352 0.998486102 0.009830442 -0.054121017 176.542098999
-0.053890109 0.035817795 -0.997904301 -121.699745178 -0.003054970 0.999345899 0.036034517 -1.059393883 0.998542190 0.004990474 -0.053745508 176.479309082
-0.053329587 0.035502102 -0.997945786 -122.823493958 -0.002480972 0.999360025 0.035684999 -1.037264824 0.998574018 0.004378938 -0.053207397 176.413314819
-0.054077983 0.032177620 -0.998018205 -123.943077087 -0.004825172 0.999460578 0.032485578 -1.013856888 0.998525143 0.006572363 -0.053893566 176.345336914
-0.053690434 0.028908806 -0.998139143 -125.069259644 -0.004010319 0.999566555 0.029165866 -0.996255875 0.998549640 0.005568781 -0.053551197 176.280227661
-0.053185105 0.027783053 -0.998198032 -126.168701172 -0.007322219 0.999575138 0.028211517 -0.979637623 0.998557806 0.008809457 -0.052959085 176.216400146
-0.053530097 0.029068980 -0.998143077 -127.294334412 -0.011449677 0.999492645 0.029722326 -0.961411476 0.998500645 0.013019454 -0.053170085 176.147735596
-0.053642273 0.031636048 -0.998059034 -128.425491333 -0.010737485 0.999421954 0.032256354 -0.940749168 0.998502612 0.012446945 -0.053271651 176.078842163
-0.054511666 0.034221213 -0.997926652 -129.555145264 -0.009040214 0.999354661 0.034764003 -0.924019337 0.998472333 0.010916507 -0.054167151 176.014648438
-0.055220008 0.035785027 -0.997832835 -130.696670532 -0.011420855 0.999269545 0.036468584 -0.896229744 0.998409033 0.013409898 -0.054770947 175.947830200
-0.055838227 0.036121499 -0.997786283 -131.826431274 -0.010950236 0.999263108 0.036787760 -0.880279064 0.998379886 0.012980155 -0.055401564 175.877853394
-0.056401610 0.034149121 -0.997824013 -132.943008423 -0.012010611 0.999319375 0.034879193 -0.854623318 0.998335898 0.013951719 -0.055953026 175.805313110
-0.057477713 0.032184102 -0.997827947 -134.076049805 -0.013353690 0.999366045 0.033002924 -0.831728935 0.998257518 0.015221615 -0.057011604 175.741210938
-0.057165384 0.031237295 -0.997875988 -135.213943481 -0.015335716 0.999364972 0.032162447 -0.806180477 0.998246968 0.017141718 -0.056650043 175.657669067
-0.057191491 0.031327069 -0.997871637 -136.351898193 -0.017277384 0.999326825 0.032362983 -0.785335064 0.998213708 0.019091500 -0.056611776 175.586791992
-0.057385564 0.031558182 -0.997853220 -137.489318848 -0.016694024 0.999330163 0.032564949 -0.762236118 0.998212576 0.018526942 -0.056820273 175.518997192
-0.057539940 0.032758653 -0.997805655 -138.612442017 -0.017593250 0.999273062 0.033821370 -0.746701241 0.998188198 0.019500721 -0.056921721 175.439788818
-0.057746887 0.033329543 -0.997774959 -139.770324707 -0.016427381 0.999275506 0.034330413 -0.734937191 0.998196304 0.018373292 -0.057157516 175.385391235
-0.057358980 0.032545324 -0.997823000 -140.907989502 -0.014891738 0.999329448 0.033450495 -0.703473091 0.998242557 0.016778005 -0.056835771 175.317306519
-0.057027936 0.033903521 -0.997796893 -142.054611206 -0.014337449 0.999292374 0.034773774 -0.682796001 0.998269796 0.016288932 -0.056501508 175.245376587
-0.057446599 0.032946393 -0.997804821 -143.197326660 -0.012391441 0.999354780 0.033710983 -0.676883221 0.998271704 0.014300819 -0.057001233 175.178390503
-0.057606339 0.028433533 -0.997934580 -144.342163086 -0.012640297 0.999493420 0.029207621 -0.650599480 0.998259544 0.014296725 -0.057217717 175.106842041
-0.057180882 0.027499203 -0.997985184 -145.488098145 -0.013810242 0.999503136 0.028332308 -0.630522728 0.998268425 0.015402476 -0.056772709 175.027679443
-0.057181716 0.031008862 -0.997882187 -146.632507324 -0.015083918 0.999376595 0.031919658 -0.612637043 0.998249948 0.016877191 -0.056678295 174.957122803
-0.057215333 0.032949340 -0.997818053 -147.767059326 -0.016468758 0.999288082 0.033942211 -0.601084232 0.998226106 0.018374834 -0.056631923 174.878433228
-0.057708263 0.032865122 -0.997792363 -148.914978027 -0.012217458 0.999359906 0.033623360 -0.578994274 0.998258710 0.014130832 -0.057269812 174.810394287
-0.058582306 0.032549869 -0.997751951 -150.063339233 -0.009366397 0.999406397 0.033153787 -0.554785728 0.998238802 0.011287561 -0.058242679 174.750854492
-0.058643460 0.033698831 -0.997710168 -151.220809937 -0.006361018 0.999397159 0.034129702 -0.538677692 0.998258829 0.008347931 -0.058393717 174.672027588
-0.059529781 0.033939365 -0.997649431 -152.368728638 -0.005966878 0.999391913 0.034354687 -0.519463062 0.998208761 0.007997978 -0.059291005 174.608749390
-0.059634924 0.032087345 -0.997704446 -153.496261597 -0.006266217 0.999451518 0.032518081 -0.498195648 0.998200595 0.008191044 -0.059401155 174.528091431
-0.059900999 0.031337004 -0.997712374 -154.630065918 -0.006468291 0.999473929 0.031780679 -0.478353500 0.998183429 0.008357189 -0.059666753 174.455001831
-0.059971571 0.033329435 -0.997643650 -155.777008057 -0.006383339 0.999409199 0.033772144 -0.459397793 0.998179853 0.008393663 -0.059723377 174.380294800
-0.060296178 0.038631380 -0.997432828 -156.913238525 -0.006164618 0.999217331 0.039073158 -0.438976288 0.998161614 0.008504746 -0.060010791 174.303878784
-0.060088992 0.042133559 -0.997303486 -158.057342529 -0.004578114 0.999086618 0.042484734 -0.404933929 0.998182595 0.007118631 -0.059841275 174.237442017
-0.059845090 0.038058784 -0.997482061 -159.182250977 -0.001651093 0.999267757 0.038225979 -0.389618874 0.998206496 0.003934565 -0.059738398 174.158752441
-0.059768319 0.028404612 -0.997808099 -160.291275024 -0.004720142 0.999575853 0.028737672 -0.374124050 0.998201132 0.006427397 -0.059608817 174.088256836
-0.058948994 0.021022851 -0.998039663 -161.406127930 -0.006213001 0.999751151 0.021425871 -0.359239340 0.998241723 0.007463854 -0.058803678 174.016342163
-0.058924198 0.022954213 -0.997998714 -162.523300171 -0.005967521 0.999709666 0.023345904 -0.346485853 0.998244822 0.007331211 -0.058770180 173.942214966
-0.058300972 0.031939942 -0.997788012 -163.651504517 -0.003564532 0.999475002 0.032202221 -0.341067314 0.998292744 0.005434067 -0.058156490 173.867996216
-0.057713628 0.039505262 -0.997551382 -164.769927979 -0.000880647 0.999214351 0.039622076 -0.318348885 0.998332918 0.003165220 -0.057633519 173.803863525
-0.058136463 0.042634312 -0.997397900 -165.884857178 -0.002048932 0.999080479 0.042825662 -0.291853428 0.998306632 0.004533331 -0.057995677 173.736282349
-0.058073878 0.040699370 -0.997482419 -166.986389160 -0.002626831 0.999158919 0.040920712 -0.268576622 0.998308957 0.004996637 -0.057918072 173.657714844
-0.057685018 0.031820670 -0.997827590 -168.083312988 0.000824871 0.999493062 0.031826098 -0.260494709 0.998334527 0.001012809 -0.057682037 173.599746704
-0.058012128 0.022456622 -0.998063385 -169.171234131 0.004981132 0.999741018 0.022204846 -0.243965149 0.998303533 -0.003683337 -0.058108926 173.542953491
-0.059683561 0.022985103 -0.997952640 -170.267639160 0.007954760 0.999714077 0.022549929 -0.232844353 0.998185635 -0.006592615 -0.059849381 173.474411011
-0.061550021 0.038032424 -0.997379303 -171.367324829 0.011829026 0.999231398 0.037373066 -0.223598003 0.998034060 -0.009497714 -0.061952591 173.416976929
-0.060161591 0.053036250 -0.996778727 -172.476348877 0.016631491 0.998502135 0.052124143 -0.192892075 0.998050094 -0.013442046 -0.060953498 173.341110229
-0.060234308 0.056709550 -0.996572196 -173.550811768 0.013406663 0.998340786 0.055999883 -0.156270027 0.998094380 -0.009987600 -0.060894608 173.270660400
-0.060812235 0.051040772 -0.996843457 -174.611526489 0.010589037 0.998668492 0.050488241 -0.122527122 0.998093128 -0.007485312 -0.061271787 173.205505371
-0.061042070 0.038692337 -0.997384965 -175.657180786 0.005271569 0.999246955 0.038441937 -0.102334499 0.998121262 -0.002911210 -0.061200023 173.118209839
-0.060737133 0.027812399 -0.997766256 -176.698013306 0.003749639 0.999611020 0.027635569 -0.090262413 0.998146772 -0.002062757 -0.060817838 173.048370361
-0.061903477 0.024430295 -0.997783065 -177.730056763 0.001701841 0.999701500 0.024371684 -0.078433990 0.998080671 -0.000189375 -0.061926603 172.980895996
-0.061940670 0.031982724 -0.997567356 -178.764007568 0.001487052 0.999488294 0.031951979 -0.061377525 0.998078823 0.000495689 -0.061956525 172.909515381
-0.061866999 0.041902959 -0.997204483 -179.813369751 -0.000116929 0.999117970 0.041990623 -0.044820786 0.998084486 0.002714430 -0.061807513 172.833938599
-0.062527776 0.049123615 -0.996833682 -180.833160400 -0.002075936 0.998779416 0.049349722 -0.020405769 0.998041153 0.005155090 -0.062349558 172.762802124
-0.063299060 0.049457967 -0.996768415 -181.838043213 -0.001777908 0.998764098 0.049669895 0.005649567 0.997993052 0.004916213 -0.063132882 172.693176270
-0.063787460 0.047394939 -0.996837497 -182.831176758 -0.001292707 0.998866856 0.047574148 0.033795357 0.997962713 0.004323250 -0.063653946 172.615234375
-0.064605832 0.046395872 -0.996831715 -183.861557007 0.000777692 0.998920679 0.046442695 0.057712555 0.997910500 0.002225243 -0.064572215 172.555328369
-0.064533949 0.043161899 -0.996981740 -184.853363037 0.001226813 0.999066889 0.043172762 0.080178738 0.997914851 0.001562994 -0.064526677 172.486160278
-0.064227819 0.037999794 -0.997211516 -185.833724976 0.001652719 0.999277413 0.037972070 0.101978302 0.997933924 0.000790753 -0.064244151 172.417144775
-0.064312220 0.036965165 -0.997245073 -186.824844360 0.003051139 0.999316335 0.036845177 0.124951363 0.997925282 -0.000673142 -0.064381003 172.354095459
-0.062119722 0.039332546 -0.997293413 -187.785888672 0.002680622 0.999226153 0.039241802 0.141337395 0.998065114 -0.000235676 -0.062177062 172.283370972
-0.061124802 0.037664652 -0.997419238 -188.755523682 0.000320082 0.999288440 0.037715621 0.162627220 0.998130083 0.001986106 -0.061093450 172.224868774
-0.059851766 0.032903340 -0.997664869 -189.702926636 -0.001225329 0.999453425 0.033035837 0.180568695 0.998206556 0.003199716 -0.059778690 172.159973145
-0.058983445 0.030994669 -0.997777760 -190.650802612 -0.002866903 0.999508500 0.031217910 0.195893288 0.998254895 0.004701868 -0.058865547 172.095001221
-0.058375835 0.032585293 -0.997762799 -191.608261108 -0.003704923 0.999453187 0.032857265 0.208051205 0.998287857 0.005614703 -0.058223128 172.027465820
-0.059422970 0.035193928 -0.997612417 -192.547912598 -0.003110751 0.999366939 0.035441119 0.217600822 0.998228133 0.005209338 -0.059275866 171.969284058
-0.059894681 0.036807969 -0.997525871 -193.477188110 -0.002531715 0.999311090 0.037025858 0.231358528 0.998201489 0.004743104 -0.059760332 171.904693604
-0.060668707 0.036679167 -0.997483790 -194.402175903 -0.003044136 0.999313176 0.036931586 0.244524479 0.998153329 0.005277067 -0.060515404 171.839355469
-0.063949108 0.033527337 -0.997389853 -195.329162598 -0.005382644 0.999409378 0.033940338 0.262473106 0.997938693 0.007539044 -0.063730836 171.773666382
-0.067579269 0.032713749 -0.997177601 -196.250686646 -0.007619515 0.999416232 0.033303574 0.279524803 0.997684956 0.009848637 -0.067290664 171.704208374
-0.070751905 0.034129597 -0.996909916 -197.159942627 -0.006612469 0.999376476 0.034683336 0.295162678 0.997472048 0.009045947 -0.070482135 171.635055542
-0.075141668 0.036506925 -0.996504426 -198.071609497 -0.009765232 0.999254763 0.037344035 0.306863308 0.997125089 0.012537188 -0.074729204 171.557662964
-0.079112053 0.039217114 -0.996094108 -198.981018066 -0.004606133 0.999200821 0.039705262 0.328549862 0.996855199 0.007729303 -0.078868151 171.483779907
-0.083912253 0.040777348 -0.995638430 -199.886764526 -0.000685176 0.999159753 0.040979311 0.349782944 0.996472895 0.004120852 -0.083813787 171.408996582
-0.089343309 0.038177971 -0.995268941 -200.789916992 -0.001666239 0.999257982 0.038480561 0.364997387 0.995999515 0.005096337 -0.089213371 171.322174072
-0.095050335 0.032840487 -0.994930744 -201.679656982 0.000956769 0.999458253 0.032898530 0.385201931 0.995472133 0.002175094 -0.095030189 171.233367920
-0.101580381 0.029980473 -0.994375527 -202.561767578 0.002775935 0.999550462 0.029852923 0.405562401 0.994823515 0.000272150 -0.101617932 171.139999390
-0.107666016 0.033690892 -0.993616104 -203.445022583 0.004144452 0.999432147 0.033439014 0.419114590 0.994178474 -0.000517750 -0.107744575 171.038543701
-0.114625692 0.039080981 -0.992639840 -204.329559326 0.003880231 0.999235868 0.038892608 0.432601929 0.993401289 0.000606419 -0.114689827 170.929718018
-0.121871829 0.041761097 -0.991666973 -205.207031250 0.003050608 0.999125481 0.041700285 0.456777573 0.992541254 0.002056900 -0.121892571 170.818954468
-0.128404975 0.041056875 -0.990871608 -206.079666138 0.004984700 0.999156773 0.040754218 0.468271255 0.991709352 0.000293844 -0.128501296 170.700927734
-0.134475470 0.036671091 -0.990238130 -206.948516846 0.003980604 0.999326944 0.036467098 0.484717369 0.990908921 0.000962185 -0.134531021 170.578918457
-0.139035940 0.033288810 -0.989727736 -207.805770874 0.000425782 0.999436736 0.033555556 0.503700733 0.990287304 0.004244019 -0.138971806 170.449035645
-0.141603589 0.032413460 -0.989392698 -208.662109375 -0.004749055 0.999430060 0.033421986 0.518228054 0.989912093 0.009431350 -0.141368866 170.309417725
-0.142487168 0.034969561 -0.989178836 -209.516738892 -0.011366212 0.999252021 0.036962926 0.540700912 0.989731550 0.016509948 -0.141983032 170.159637451
-0.142366886 0.036866788 -0.989127159 -210.372634888 -0.015041453 0.999110162 0.039403819 0.548473835 0.989699662 0.020487705 -0.141685605 170.025985718
-0.142269850 0.037225544 -0.989127755 -211.217300415 -0.019158246 0.999001801 0.040352754 0.566904545 0.989642560 0.024690926 -0.141414642 169.899780273
-0.141227245 0.037856586 -0.989253104 -212.052597046 -0.021242980 0.998922646 0.041259293 0.592151165 0.989749253 0.026841620 -0.140270948 169.768859863
-0.140235066 0.040120542 -0.989305019 -212.891815186 -0.021037756 0.998832405 0.043489043 0.612158298 0.989894688 0.026911449 -0.139227271 169.648132324
-0.138537884 0.042188965 -0.989458203 -213.717727661 -0.024788836 0.998631477 0.046050880 0.633949280 0.990046918 0.030907301 -0.137302399 169.517745972
-0.135844827 0.038244069 -0.989991903 -214.526718140 -0.030031698 0.998636544 0.042698912 0.657472610 0.990275025 0.035531551 -0.134511113 169.402099609
-0.131368876 0.036190659 -0.990672767 -215.321685791 -0.035009243 0.998540640 0.041120511 0.676513672 0.990715265 0.040084656 -0.129910231 169.288848877
-0.122251034 0.035900019 -0.991849899 -216.114059448 -0.039552644 0.998375535 0.041011300 0.688592911 0.991710961 0.044243950 -0.120632529 169.175888062
-0.110718846 0.037211619 -0.993154943 -216.889511108 -0.043929838 0.998138905 0.042295739 0.702117443 0.992880464 0.048312068 -0.108878016 169.085754395
-0.098290324 0.037755229 -0.994441450 -217.659454346 -0.046613891 0.998008549 0.042497959 0.716564178 0.994065583 0.050531913 -0.096334696 169.009811401
-0.084770560 0.037619755 -0.995690227 -218.410690308 -0.046865772 0.998030484 0.041698202 0.737940788 0.995297909 0.050198555 -0.082840562 168.940826416
-0.073383212 0.037691254 -0.996591449 -219.157287598 -0.046380457 0.998075426 0.041162569 0.754010677 0.996224880 0.049242999 -0.071493864 168.896423340
-0.060554504 0.038775779 -0.997411430 -219.885513306 -0.045130547 0.998116910 0.041543160 0.768948078 0.997144103 0.047529351 -0.058690548 168.850646973
-0.048175335 0.039506000 -0.998057425 -220.607666016 -0.046332482 0.998053551 0.041742269 0.788094521 0.997763872 0.048253413 -0.046251059 168.818847656
-0.035384417 0.040621597 -0.998547852 -221.321380615 -0.048197754 0.997941494 0.042304862 0.804065704 0.998210847 0.049624700 -0.033353686 168.789733887
-0.021201730 0.042105991 -0.998888254 -222.023345947 -0.049242709 0.997856140 0.043107681 0.821979523 0.998561859 0.050101914 -0.019082904 168.777221680
-0.005974054 0.042965867 -0.999058664 -222.733200073 -0.048602335 0.997883260 0.043205943 0.832456589 0.998800278 0.048814695 -0.003873110 168.761260986
0.008899868 0.042363513 -0.999062717 -223.407684326 -0.049324099 0.997904599 0.041875016 0.848987579 0.998743296 0.048905175 0.010970771 168.766586304
0.023536205 0.042822439 -0.998805463 -224.081817627 -0.048852254 0.997937918 0.041634072 0.860830307 0.998528659 0.047813985 0.025579631 168.787521362
0.037986875 0.042640887 -0.998368025 -224.761047363 -0.047774266 0.998024166 0.040808443 0.872203827 0.998135567 0.046146121 0.039948940 168.818695068
0.052545369 0.041580338 -0.997752547 -225.403839111 -0.045691747 0.998186469 0.039192125 0.888657570 0.997572720 0.043529689 0.054349959 168.863586426
0.067636788 0.041452590 -0.996848583 -226.043731689 -0.044389021 0.998272181 0.038499966 0.905451775 0.996722162 0.041645117 0.069359958 168.917114258
0.082998097 0.038931444 -0.995789051 -226.657470703 -0.042345420 0.998471916 0.035506882 0.900899887 0.995649695 0.039220095 0.084519863 168.967941284
0.096715808 0.036787387 -0.994631946 -227.269409180 -0.042587738 0.998554468 0.032791324 0.923478603 0.994400501 0.039187685 0.098142743 169.044036865
0.111152053 0.036194697 -0.993144095 -227.859527588 -0.042590376 0.998591900 0.031626552 0.925081253 0.992890358 0.038783021 0.112537086 169.111923218
0.125527203 0.036166199 -0.991430819 -228.438842773 -0.041082576 0.998667598 0.031228635 0.939893723 0.991239250 0.036810484 0.126845777 169.192169189
0.137941539 0.036769517 -0.989757657 -229.011978149 -0.039375536 0.998724222 0.031614896 0.945774078 0.989657402 0.034611229 0.139213383 169.289871216
0.151121438 0.038591933 -0.987761617 -229.563354492 -0.036990475 0.998758554 0.033362269 0.945829391 0.987822890 0.031496018 0.152361333 169.379608154
0.164002955 0.039545309 -0.985666990 -230.112274170 -0.037191223 0.998733640 0.033881385 0.955539703 0.985758603 0.031101508 0.165265977 169.464797974
0.174229264 0.039978564 -0.983893335 -230.637313843 -0.038368594 0.998692334 0.033785522 0.962072372 0.983957469 0.031864166 0.175535381 169.565277100
0.183228910 0.039570544 -0.982273638 -231.165069580 -0.035092406 0.998816013 0.033690970 0.960948467 0.982443810 0.028297182 0.184400618 169.650665283
0.188727975 0.038902741 -0.981258571 -231.671051025 -0.031566627 0.998938978 0.033532403 0.965688705 0.981521964 0.024646519 0.189755738 169.757827759
0.191582441 0.038350299 -0.980727017 -232.170349121 -0.027886171 0.999045610 0.033619139 0.972133636 0.981080294 0.020907883 0.192469001 169.862258911
0.191480756 0.038963836 -0.980722725 -232.653503418 -0.025209792 0.999077320 0.034770984 0.979383469 0.981172621 0.018065838 0.192286372 169.963256836
0.190155089 0.040156040 -0.980932534 -233.126007080 -0.024390930 0.999047995 0.036169410 0.981555462 0.981451094 0.017048053 0.190953493 170.052215576
0.186757147 0.039694563 -0.981603861 -233.594055176 -0.023721619 0.999074221 0.035887830 0.996632576 0.982119739 0.016582923 0.187525868 170.140594482
0.181953549 0.039751012 -0.982503355 -234.036544800 -0.022606287 0.999087572 0.036235448 0.998580933 0.983047247 0.015617583 0.182686150 170.196334839
0.173006952 0.040272284 -0.984096944 -234.480621338 -0.021127991 0.999085546 0.037171304 1.005014420 0.984694004 0.014361093 0.173699617 170.271575928
0.161330998 0.040480826 -0.986069858 -234.909927368 -0.017832687 0.999114871 0.038098752 1.013759136 0.986739278 0.011437760 0.161910057 170.335403442
0.145789385 0.040694717 -0.988478363 -235.316436768 -0.015757170 0.999122381 0.038808919 1.013307095 0.989190221 0.009917689 0.146302700 170.390258789
0.127140641 0.040274795 -0.991066694 -235.715667725 -0.013962135 0.999148965 0.038812086 1.021591663 0.991786480 0.008902814 0.127594769 170.439346313
0.107523799 0.040741898 -0.993367374 -236.103866577 -0.014566522 0.999117315 0.039401017 1.027762890 0.994095802 0.010233359 0.108022392 170.463592529
0.085250437 0.040839814 -0.995522320 -236.503128052 -0.012775027 0.999122262 0.039893527 1.037630558 0.996277750 0.009316877 0.085697353 170.488555908
0.059562266 0.041959148 -0.997342348 -236.871673584 -0.010178520 0.999089777 0.041424792 1.042707443 0.998172700 0.007684116 0.059935093 170.508087158
0.032435119 0.043374792 -0.998532295 -237.214508057 -0.007063938 0.999042869 0.043167520 1.051471233 0.999448955 0.005653424 0.032710493 170.489135742
0.000888467 0.042547472 -0.999094129 -237.577301025 -0.007125901 0.999069333 0.042540085 1.078367233 0.999974251 0.007081647 0.001190841 170.475601196
-0.029921055 0.044522405 -0.998560369 -237.846130371 -0.007427382 0.998970032 0.044763230 1.065961838 0.999524832 0.008756046 -0.029559612 170.402145386
-0.065374374 0.043881267 -0.996895730 -238.175354004 -0.011981870 0.998926103 0.044756394 1.075040817 0.997789085 0.014870585 -0.064778447 170.349288940
-0.102633357 0.040302925 -0.993902564 -238.498901367 -0.013321602 0.999033570 0.041886616 1.086255074 0.994630158 0.017539328 -0.101997256 170.285552979
-0.140713096 0.035774346 -0.989404082 -238.809082031 -0.015117539 0.999152839 0.038276855 1.090399742 0.989935219 0.020343397 -0.140053034 170.211257935
-0.177654028 0.032957062 -0.983541012 -239.115631104 -0.013552579 0.999262333 0.035931822 1.100149155 0.983999670 0.019712949 -0.177076340 170.128417969
-0.213553429 0.032253560 -0.976399064 -239.406860352 -0.013787012 0.999255836 0.036024027 1.107917786 0.976834297 0.021154670 -0.212949872 170.029495239
-0.247604132 0.030632509 -0.968377054 -239.662384033 -0.014879589 0.999261975 0.035414044 1.121345997 0.968747199 0.023177709 -0.246965528 169.912933350
-0.282963276 0.030382693 -0.958649576 -239.951202393 -0.015231675 0.999229729 0.036164723 1.125112057 0.959010005 0.024835117 -0.282282472 169.800689697
-0.316490412 0.027932381 -0.948184550 -240.217758179 -0.020698700 0.999125004 0.036341961 1.142927170 0.948370039 0.031128062 -0.315635324 169.657409668
-0.349268794 0.025157016 -0.936684906 -240.409454346 -0.023438340 0.999092221 0.035572749 1.144979477 0.936729491 0.034378786 -0.348362088 169.541076660
-0.383380055 0.022431590 -0.923318386 -240.648345947 -0.027022930 0.999004602 0.035490803 1.148865700 0.923195422 0.038557224 -0.382392287 169.440063477
-0.413313627 0.020915039 -0.910348713 -240.877746582 -0.031464126 0.998811185 0.037232682 1.152056217 0.910045147 0.044032089 -0.412164211 169.272094727
-0.441638231 0.020770727 -0.896952987 -241.131393433 -0.036017705 0.998515606 0.040856872 1.184712648 0.896470189 0.050350133 -0.440234661 169.085159302
-0.471009612 0.024520725 -0.881787241 -241.383331299 -0.031133877 0.998528719 0.044397335 1.191966534 0.881578505 0.048365023 -0.469553113 168.957443237
-0.499299288 0.022553412 -0.866135955 -241.612869263 -0.032792415 0.998453021 0.044902593 1.193495274 0.865808785 0.050822526 -0.497787356 168.803878784
-0.525542855 0.018150155 -0.850573599 -241.871932983 -0.034090493 0.998520195 0.042370595 1.222017527 0.850083947 0.051264033 -0.524146438 168.621322632
-0.548318386 0.020440254 -0.836019814 -242.046081543 -0.035404947 0.998237491 0.047627352 1.173430443 0.835519850 0.055714190 -0.546628356 168.425903320
-0.569337130 0.019849524 -0.821864486 -242.266098022 -0.039147355 0.997919798 0.051220454 1.185833931 0.821171522 0.061335526 -0.567375660 168.235260010
-0.587296605 0.016789353 -0.809197664 -242.491806030 -0.043002862 0.997725368 0.051911414 1.205080509 0.808228612 0.065285213 -0.585238695 168.041763306
-0.603021502 0.011988577 -0.797635019 -242.713424683 -0.045495510 0.997742772 0.049391367 1.220099330 0.796426713 0.066072859 -0.601114988 167.841033936
-0.619795918 0.008414206 -0.784718156 -242.935897827 -0.044673242 0.997942746 0.045984898 1.231599450 0.783490658 0.063557148 -0.618144870 167.645812988
-0.633896947 0.012145763 -0.773322165 -243.150772095 -0.037025921 0.998253703 0.046028908 1.228859663 0.772530735 0.057810549 -0.632340193 167.453857422
-0.647198319 0.013650355 -0.762199759 -243.386993408 -0.032417607 0.998442411 0.045407664 1.229716182 0.761632383 0.054096442 -0.645747781 167.259674072
-0.659734845 0.012100888 -0.751401067 -243.591369629 -0.029991476 0.998649836 0.042415392 1.242508411 0.750899792 0.050518539 -0.658481240 167.046569824
-0.673303723 0.010372842 -0.739293337 -243.804931641 -0.026806569 0.998901725 0.038429141 1.254094720 0.738879979 0.045692399 -0.672286153 166.838470459
-0.685417891 0.008317482 -0.728102565 -244.006393433 -0.023268977 0.999173880 0.033318907 1.262528658 0.727778137 0.039779574 -0.684658051 166.612976074
-0.698525310 0.007416283 -0.715547323 -244.210266113 -0.020145215 0.999346137 0.030023692 1.270529747 0.715302110 0.035387151 -0.697919130 166.403808594
-0.711603045 0.007258239 -0.702544451 -244.402709961 -0.019410649 0.999361813 0.029985698 1.289482832 0.702313721 0.034974754 -0.711008072 166.158386230
-0.728326321 0.010954198 -0.685142815 -244.594421387 -0.017220879 0.999263823 0.034282714 1.290051103 0.685013950 0.036767766 -0.727601528 165.970611572
-0.744633913 0.015067154 -0.667303443 -244.799285889 -0.013878200 0.999179542 0.038047116 1.299898863 0.667329252 0.037592132 -0.743813872 165.712799072
-0.762424827 0.018872710 -0.646801353 -245.000579834 -0.011026175 0.999050558 0.042148057 1.302887082 0.646982670 0.039266478 -0.761492848 165.458038330
-0.778877854 0.020993620 -0.626824379 -245.190399170 -0.007521363 0.999055088 0.042806260 1.316558003 0.627130687 0.038055420 -0.777984023 165.171005249
-0.796149135 0.020828107 -0.604742050 -245.384857178 -0.006757209 0.999039114 0.043304145 1.328644276 0.605062902 0.038562924 -0.795243382 164.885330200
-0.813000202 0.020884585 -0.581888855 -245.572509766 -0.006820276 0.998946428 0.045382325 1.335902452 0.582223535 0.040864479 -0.812001228 164.582427979
-0.830180883 0.020888433 -0.557102501 -245.752838135 -0.005994666 0.998905540 0.046386845 1.345299006 0.557461739 0.041849121 -0.829147100 164.270095825
-0.847223520 0.021469012 -0.530802727 -245.936798096 -0.003148345 0.998962581 0.045429476 1.366570234 0.531227410 0.040160067 -0.846276999 163.932464600
-0.863357306 0.023396686 -0.504051089 -246.120361328 0.001497764 0.999038875 0.043807264 1.381712556 0.504591525 0.037066359 -0.862562537 163.570785522
-0.879994273 0.024561135 -0.474349052 -246.242218018 0.005662734 0.999133706 0.041228469 1.380995035 0.474950761 0.033594701 -0.879370928 163.298278809
-0.895623803 0.019828523 -0.444370359 -246.391632080 0.003352595 0.999278486 0.037832301 1.396602154 0.444799900 0.032393713 -0.895044088 162.925811768
-0.910294294 0.014731157 -0.413699806 -246.531677246 -0.000508718 0.999326050 0.036703702 1.409990311 0.413961679 0.033621620 -0.909673333 162.534545898
-0.924185753 0.015067236 -0.381646067 -246.676879883 0.000649267 0.999282122 0.037879013 1.423668027 0.381942838 0.034759454 -0.923532009 162.124694824
-0.935361505 0.022150634 -0.352998972 -246.829742432 0.008486179 0.999155164 0.040210534 1.434447765 0.353591442 0.034615774 -0.934759259 161.680435181
-0.944711447 0.024420733 -0.326992482 -246.966278076 0.012081834 0.999138057 0.039712962 1.452135801 0.327680439 0.033566620 -0.944192171 161.238922119
-0.952559233 0.021529760 -0.303591102 -247.091186523 0.010012099 0.999171615 0.039443873 1.469443798 0.304188848 0.034533039 -0.951985717 160.760040283
-0.958181620 0.017945575 -0.285597295 -247.221130371 0.006506398 0.999139905 0.040952168 1.483286977 0.286086559 0.037381411 -0.957474351 160.257888794
-0.961714268 0.016186526 -0.273576260 -247.355438232 0.005018109 0.999126971 0.041474395 1.507415056 0.274008721 0.038513675 -0.960955858 159.726837158
-0.964400887 0.018365659 -0.263806343 -247.493560791 0.007358009 0.999062836 0.042653933 1.519594073 0.264342487 0.039194398 -0.963632226 159.193588257
-0.967434525 0.024759892 -0.251908600 -247.641113281 0.014381841 0.998973429 0.042956017 1.538697243 0.252713591 0.037934214 -0.966797471 158.632400513
-0.970750332 0.032000698 -0.237949684 -247.792541504 0.022554180 0.998849630 0.042317405 1.561280012 0.239030138 0.035712868 -0.970355272 158.041000366
-0.974440813 0.032503884 -0.222281560 -247.926849365 0.024530185 0.998955905 0.038540035 1.584573984 0.223302186 0.032102369 -0.974220753 157.425170898
-0.977816582 0.033888832 -0.206704199 -248.046569824 0.026873861 0.998966694 0.036651950 1.602819443 0.207732692 0.030283939 -0.977716923 156.786529541
-0.981044292 0.033365920 -0.190890133 -248.168609619 0.026880821 0.998973429 0.036462836 1.635864496 0.191910774 0.030640371 -0.980934143 156.097946167
-0.983725309 0.038939059 -0.175409645 -248.282531738 0.032653779 0.998721898 0.038577989 1.657044411 0.176687643 0.032222353 -0.983739495 155.406845093
-0.986305356 0.040100154 -0.159981132 -248.385345459 0.033814300 0.998552680 0.041823003 1.678049326 0.161426693 0.035840597 -0.986233711 154.682067871
-0.988417983 0.041769881 -0.145897374 -248.482635498 0.035890486 0.998443007 0.042701688 1.705802917 0.147453859 0.036970768 -0.988378048 153.928421021
-0.990164757 0.042162612 -0.133404717 -248.585327148 0.037047520 0.998488545 0.040596407 1.733126640 0.134914741 0.035254803 -0.990230203 153.139404297
-0.991639495 0.041164804 -0.122297779 -248.685760498 0.036860902 0.998625934 0.037249397 1.765075207 0.123663098 0.032429967 -0.991794348 152.318313599
-0.992526054 0.042125829 -0.114532247 -248.775543213 0.038165286 0.998602509 0.036556721 1.794272900 0.115912177 0.031912342 -0.992746711 151.486175537
-0.993313074 0.040507581 -0.108112969 -248.856353760 0.036716137 0.998646677 0.036833216 1.828005791 0.109458685 0.032617424 -0.993456125 150.623840332
-0.993823647 0.040533926 -0.103305593 -248.941192627 0.036788221 0.998603761 0.037910208 1.855502129 0.104697995 0.033875622 -0.993927240 149.745040894
-0.994108558 0.042344794 -0.099776521 -249.036926270 0.038640767 0.998500824 0.038768657 1.870374680 0.101268589 0.034684807 -0.994254470 148.840835571
-0.994300008 0.042572033 -0.097752497 -249.119812012 0.039054718 0.998528719 0.037618499 1.905758381 0.099210173 0.033586372 -0.994499803 147.918182373
-0.994473577 0.042780239 -0.095876411 -249.208251953 0.039369252 0.998532355 0.037191350 1.935854912 0.097326756 0.033211228 -0.994698286 146.958099365
-0.994589210 0.044633828 -0.093810186 -249.298004150 0.041208513 0.998422384 0.038139518 1.966757298 0.095364504 0.034067374 -0.994859338 145.989990234
-0.994708300 0.046149850 -0.091793679 -249.393524170 0.042672873 0.998308420 0.039487850 2.002449036 0.093460761 0.035361785 -0.994995117 144.989288330
-0.994706035 0.048974741 -0.090341359 -249.482421875 0.045436334 0.998133004 0.040817548 2.039433479 0.092171721 0.036496680 -0.995074153 143.974243164
-0.994671822 0.052467804 -0.088742718 -249.575500488 0.048884455 0.997917473 0.042082965 2.075282574 0.090765908 0.037520595 -0.995165229 142.929290771
-0.994830489 0.052620117 -0.086852975 -249.664916992 0.049228366 0.997956157 0.040743444 2.110242367 0.088819392 0.036257189 -0.995387554 141.864501953
-0.994908333 0.052763578 -0.085870609 -249.744781494 0.049761523 0.998085380 0.036734466 2.146387100 0.087644435 0.032274369 -0.995628953 140.781829834
-0.995151520 0.050733916 -0.084259003 -249.835510254 0.048001438 0.998263419 0.034146011 2.179001808 0.085845046 0.029935902 -0.995858669 139.705688477
-0.995372176 0.048846193 -0.082754962 -249.917266846 0.046108626 0.998334408 0.034675781 2.213421345 0.084310904 0.030699586 -0.995966554 138.565643311
-0.995599151 0.046763476 -0.081212118 -250.003326416 0.043912504 0.998366773 0.036544368 2.241366386 0.082788423 0.032817319 -0.996026635 137.420104980
-0.995565176 0.049785644 -0.079820395 -250.103973389 0.046621658 0.998069823 0.041025203 2.280879974 0.081708789 0.037121903 -0.995964646 136.238464355
-0.995700836 0.050734811 -0.077499680 -250.193389893 0.047126137 0.997749150 0.047704559 2.318311691 0.079745524 0.043847200 -0.995850682 135.051940918
-0.995662093 0.054489411 -0.075420946 -250.280731201 0.050537713 0.997296274 0.053348716 2.357514381 0.078123964 0.049305681 -0.995723844 133.869338989
-0.995696187 0.056654409 -0.073344760 -250.371307373 0.052868180 0.997216582 0.052574594 2.402510166 0.076119192 0.048470717 -0.995919943 132.695556641
-0.995805979 0.056844730 -0.071691103 -250.449890137 0.053316470 0.997314811 0.050204929 2.442010403 0.074352480 0.046172041 -0.996162772 131.521942139
-0.996029973 0.055677943 -0.069458865 -250.534667969 0.052483708 0.997515321 0.046995677 2.474470139 0.071902901 0.043163635 -0.996477365 130.331390381
-0.996296167 0.054007340 -0.066916183 -250.608001709 0.050955933 0.997617841 0.046498485 2.512199402 0.069268033 0.042916469 -0.996674895 129.153945923
-0.996619821 0.050838247 -0.064535692 -250.672973633 0.047853865 0.997749031 0.046977270 2.546640396 0.066778667 0.043730188 -0.996809244 127.978439331
-0.996834278 0.048559967 -0.062958263 -250.735290527 0.045577366 0.997808099 0.047975518 2.584398270 0.065149955 0.044954158 -0.996862531 126.804389954
-0.996962786 0.048112791 -0.061239846 -250.787658691 0.045204956 0.997823179 0.048014421 2.626554012 0.063416645 0.045100246 -0.996967554 125.628211975
-0.997205615 0.047828384 -0.057387650 -250.863525391 0.045038924 0.997785032 0.048954401 2.658559322 0.059601948 0.046232928 -0.997151017 124.447555542
-0.997251272 0.049875982 -0.054793376 -250.929992676 0.047199458 0.997677922 0.049101647 2.693777084 0.057115138 0.046380464 -0.997289777 123.261131287
-0.997356176 0.050642621 -0.052118376 -250.988037109 0.048097204 0.997640669 0.048986707 2.735470772 0.054476228 0.046350438 -0.997438908 122.064689636
-0.997416019 0.050927188 -0.050673585 -251.039855957 0.048429798 0.997606814 0.049348228 2.771605015 0.053065479 0.046766602 -0.997495413 120.884193420
-0.997611165 0.048714664 -0.048980642 -251.087921143 0.046267223 0.997681081 0.049917880 2.810701370 0.051298790 0.047532428 -0.997551680 119.709129333
-0.997771740 0.046554834 -0.047796492 -251.133422852 0.044146575 0.997759879 0.050262015 2.844658375 0.050029360 0.048039962 -0.997591853 118.519416809
-0.997910857 0.045303762 -0.046060856 -251.184814453 0.042986788 0.997818351 0.050106429 2.878519535 0.048230376 0.048021741 -0.997681141 117.329444885
-0.998043656 0.043167654 -0.045232806 -251.228729248 0.040867928 0.997883022 0.050589502 2.921145678 0.047320880 0.048641942 -0.997694969 116.153503418
-0.998067617 0.042847369 -0.045009434 -251.267425537 0.040574823 0.997912347 0.050245430 2.957068920 0.047068357 0.048322070 -0.997722507 114.978797913
-0.998111367 0.043195222 -0.043679412 -251.323638916 0.041048307 0.997959435 0.048908584 2.985964537 0.045702897 0.047023244 -0.997847676 113.807388306
-0.998116255 0.043499976 -0.043265380 -251.363800049 0.041424997 0.997999847 0.047752105 3.025376081 0.045256060 0.045869879 -0.997921824 112.635520935
-0.998123884 0.044266626 -0.042303670 -251.416290283 0.042179145 0.997906506 0.049025424 3.056758642 0.044385299 0.047149107 -0.997901440 111.476303101
-0.998110414 0.045911014 -0.040841993 -251.463928223 0.043823227 0.997755885 0.050623573 3.090291262 0.043074518 0.048738077 -0.997882485 110.322402954
-0.998203635 0.045168169 -0.039365362 -251.507415771 0.043103054 0.997725904 0.051818084 3.125009060 0.041616373 0.050028224 -0.997880578 109.166770935
-0.998253226 0.044584092 -0.038765527 -251.534637451 0.042597424 0.997807801 0.050646484 3.165556431 0.040938575 0.048906706 -0.997964025 108.007583618
-0.998426914 0.042559315 -0.036506567 -251.579284668 0.040702831 0.997910857 0.050171956 3.199260950 0.038565584 0.048607104 -0.998073339 106.851585388
-0.998548985 0.041133970 -0.034759674 -251.612640381 0.039345838 0.997941196 0.050649032 3.234050274 0.036771506 0.049207881 -0.998111606 105.696846008
-0.998638511 0.040169749 -0.033286750 -251.642517090 0.038440842 0.997956216 0.051046081 3.275431395 0.035269231 0.049696997 -0.998141646 104.539817810
-0.998708963 0.039967362 -0.031354789 -251.672912598 0.038358469 0.997995436 0.050336696 3.307769060 0.033303760 0.049068987 -0.998239994 103.402885437
-0.998786211 0.039507881 -0.029419243 -251.705657959 0.038090952 0.998156130 0.047258988 3.346985579 0.031232102 0.046081014 -0.998449445 102.255409241
-0.998832464 0.038802929 -0.028776666 -251.713623047 0.037496269 0.998299420 0.044635206 3.379852295 0.030459706 0.043504074 -0.998588800 101.133903503
-0.998898506 0.037811719 -0.027789773 -251.742706299 0.036524616 0.998298764 0.045448728 3.405272484 0.029460991 0.044383653 -0.998580098 99.996948242
-0.998938560 0.037401505 -0.026889922 -251.780975342 0.036085814 0.998202324 0.047852885 3.429315329 0.028631352 0.046831746 -0.998492479 98.853164673
-0.998972654 0.036899146 -0.026313633 -251.800567627 0.035550673 0.998116612 0.049993426 3.467715263 0.028108789 0.049006589 -0.998402953 97.726394653
-0.998958588 0.037557025 -0.025908392 -251.827636719 0.036228057 0.998092651 0.049986176 3.498936176 0.027736306 0.048995510 -0.998413801 96.594535828
-0.998926520 0.038151760 -0.026273604 -251.856109619 0.036875810 0.998192847 0.047446575 3.528382778 0.028036295 0.046426777 -0.998528242 95.465797424
-0.998931527 0.036836788 -0.027913252 -251.872528076 0.035564683 0.998363793 0.044775825 3.565934658 0.029516978 0.043735247 -0.998607159 94.346656799
-0.998935223 0.034734521 -0.030368498 -251.899078369 0.033398595 0.998497486 0.043443087 3.587801456 0.031831842 0.042382557 -0.998594284 93.229011536
-0.998878479 0.032933917 -0.034023210 -251.927703857 0.031378198 0.998480976 0.045289397 3.614208698 0.035463087 0.044171005 -0.998394608 92.114036560
-0.998694777 0.033541754 -0.038519885 -251.964569092 0.031788580 0.998469412 0.045257855 3.647555351 0.039978955 0.043974292 -0.998232484 90.988929749
-0.998498559 0.034654416 -0.042421497 -252.009155273 0.032775231 0.998484075 0.044219516 3.677771091 0.043889590 0.042762749 -0.998120666 89.874580383
-0.998192668 0.038709603 -0.045970976 -252.055999756 0.036731824 0.998394668 0.043114882 3.710886478 0.047566138 0.041348357 -0.998012066 88.757568359
-0.997926474 0.041684508 -0.049044684 -252.109619141 0.039494663 0.998214841 0.044802576 3.749176979 0.050824706 0.042772666 -0.997791409 87.649726868
-0.997720361 0.043595769 -0.051515728 -252.168273926 0.041059159 0.997939110 0.049312528 3.782392502 0.053559374 0.047084909 -0.997454166 86.544906616
-0.997738004 0.040560696 -0.053605169 -252.217437744 0.037654560 0.997822344 0.054154862 3.823744297 0.055684991 0.052013893 -0.997092605 85.423591614
-0.997840405 0.034971625 -0.055606265 -252.260620117 0.031594343 0.997668266 0.060496368 3.868957043 0.057592262 0.058608860 -0.996618629 84.324340820
-0.997788429 0.033196758 -0.057589836 -252.323059082 0.029574294 0.997597158 0.062651828 3.910083532 0.059531294 0.060810078 -0.996372700 83.211074829
-0.997885585 0.026727587 -0.059247501 -252.372039795 0.023292568 0.998048961 0.057928596 3.955618382 0.060680199 0.056426074 -0.996561170 82.124130249
-0.997872114 0.025689242 -0.059927776 -252.429992676 0.022675524 0.998469710 0.050438352 3.993978262 0.061131794 0.048972130 -0.996927619 81.045730591
-0.997791886 0.028912846 -0.059796266 -252.498535156 0.026244435 0.998644948 0.044939008 4.031093597 0.061014552 0.043270450 -0.997198582 79.938156128
-0.997752190 0.031006273 -0.059410006 -252.562683105 0.028377105 0.998601854 0.044598691 4.066539764 0.060709782 0.042812549 -0.997237086 78.844223022
-0.997723460 0.032542940 -0.059068128 -252.629089355 0.029671257 0.998364866 0.048859224 4.098833084 0.060561568 0.046995364 -0.997057676 77.751068115
-0.997733951 0.032347746 -0.059000131 -252.686950684 0.029301476 0.998228252 0.051785734 4.145570278 0.060570747 0.049939584 -0.996914029 76.610885620
-0.997747540 0.031525113 -0.059211619 -252.743682861 0.028246388 0.998063684 0.055416618 4.184736729 0.060843982 0.053619277 -0.996706009 75.515151978
-0.997767687 0.029560626 -0.059887305 -252.794799805 0.026112597 0.998000383 0.057561766 4.222308159 0.061469115 0.055869441 -0.996544361 74.432998657
-0.997712016 0.029622324 -0.060774595 -252.864074707 0.026175857 0.998045683 0.056741934 4.270202637 0.062336650 0.055021275 -0.996537566 73.308296204
-0.997694373 0.029025383 -0.061352417 -252.919158936 0.025632609 0.998136222 0.055381443 4.309564590 0.062845536 0.053681117 -0.996578932 72.217834473
-0.997670293 0.031342857 -0.060596813 -252.990203857 0.028079623 0.998147488 0.053973045 4.350337505 0.062176228 0.052145761 -0.996702194 71.114166260
-0.997743130 0.030989423 -0.059568089 -253.052093506 0.027797457 0.998170853 0.053686764 4.392775536 0.061122853 0.051909756 -0.996779442 70.044029236
-0.997818232 0.031703740 -0.057910535 -253.122131348 0.028588951 0.998139977 0.053845048 4.429690361 0.059509907 0.052071966 -0.996868730 68.952926636
-0.997927070 0.031195628 -0.056289829 -253.177795410 0.028120326 0.998111069 0.054622099 4.474289417 0.057887468 0.052925982 -0.996919274 67.865173340
-0.998057723 0.029462632 -0.054892510 -253.218292236 0.026404891 0.998102784 0.055620249 4.512088776 0.056427088 0.054062773 -0.996942043 66.777984619
-0.998175502 0.028963665 -0.052982308 -253.269683838 0.025998836 0.998102486 0.055816907 4.552096367 0.054498434 0.054337580 -0.997034431 65.699333191
-0.998295069 0.027570827 -0.051449355 -253.315063477 0.024693573 0.998139620 0.055745434 4.590752602 0.052890588 0.054379914 -0.997118711 64.631362915
-0.998391747 0.027951483 -0.049321301 -253.356933594 0.025197811 0.998135328 0.055596147 4.626247406 0.050783325 0.054263946 -0.997234464 63.548206329
-0.998473406 0.027295217 -0.048025843 -253.394317627 0.024643008 0.998183548 0.054975741 4.670414448 0.049439181 0.053708293 -0.997332335 62.480167389
-0.998598576 0.026762428 -0.045660343 -253.442657471 0.024246955 0.998203874 0.054782469 4.706472397 0.047044445 0.053598564 -0.997453809 61.404872894
-0.998716116 0.025658354 -0.043677576 -253.486419678 0.023257092 0.998236060 0.054624397 4.740434647 0.045002103 0.053538453 -0.997551203 60.344234467
-0.998771787 0.024394192 -0.043126479 -253.514129639 0.022050247 0.998296618 0.054014955 4.778364658 0.044370670 0.052997660 -0.997608423 59.286708832
-0.998876810 0.022240493 -0.041843653 -253.545928955 0.019959345 0.998332441 0.054165561 4.815624237 0.042978544 0.053269539 -0.997655034 58.232513428
-0.998929858 0.021699315 -0.040849492 -253.578735352 0.019445268 0.998308539 0.054790299 4.850460052 0.041969310 0.053937327 -0.997662067 57.180644989
-0.998990178 0.020610645 -0.039925404 -253.617126465 0.018388767 0.998303771 0.055240251 4.887136936 0.040996216 0.054450281 -0.997674704 56.141414642
-0.998997450 0.019803585 -0.040152203 -253.649963379 0.017546749 0.998287737 0.055800740 4.923655510 0.041188505 0.055040251 -0.997634411 55.077720642
-0.999014854 0.019025763 -0.040098760 -253.684082031 0.016789613 0.998323977 0.055383421 4.962694168 0.041085266 0.054655604 -0.997659922 54.039813995
-0.999013543 0.018464781 -0.040391691 -253.727508545 0.016256385 0.998390377 0.054335803 4.997080803 0.041329972 0.053625569 -0.997705698 52.993930817
-0.998990655 0.016891817 -0.041623786 -253.750183105 0.014642921 0.998446822 0.053753912 5.038382053 0.042467136 0.053090155 -0.997686386 51.935337067
-0.998935223 0.015571648 -0.043430924 -253.779022217 0.013248112 0.998491526 0.053283576 5.070193291 0.044195123 0.052651454 -0.997634649 50.906906128
-0.998879671 0.014609135 -0.045014415 -253.828887939 0.012197551 0.998499215 0.053390119 5.106178284 0.045726843 0.052781228 -0.997558713 49.874938965
-0.998754621 0.013707436 -0.047973279 -253.868225098 0.011096760 0.998464704 0.054268800 5.145673752 0.048643511 0.053668864 -0.997373343 48.833648682
-0.998590350 0.013807953 -0.051255058 -253.914825439 0.010950818 0.998392403 0.055611633 5.174734592 0.051940545 0.054971941 -0.997136235 47.805328369
-0.998448968 0.013508819 -0.054018259 -253.964996338 0.010474104 0.998371720 0.056073070 5.208281994 0.054687783 0.055420280 -0.996964693 46.779693604
-0.998267412 0.014213179 -0.057102524 -254.015014648 0.011080184 0.998435140 0.054812886 5.250089169 0.057792235 0.054085195 -0.996862769 45.755321503
-0.998120546 0.014775042 -0.059474166 -254.074157715 0.011528038 0.998443246 0.054572765 5.286152840 0.060187895 0.053784575 -0.996737123 44.737899780
-0.997976661 0.014244369 -0.061968364 -254.127899170 0.010910016 0.998491228 0.053816795 5.321847439 0.062641457 0.053031817 -0.996626377 43.730827332
-0.997880220 0.014664995 -0.063404471 -254.189483643 0.011236228 0.998472273 0.054099996 5.356178284 0.064100981 0.053272884 -0.996520519 42.707630157
-0.997765183 0.014839627 -0.065152228 -254.245361328 0.011317134 0.998471081 0.054105569 5.387225628 0.065855525 0.053247306 -0.996407628 41.698829651
-0.997665882 0.015132599 -0.066587448 -254.305206299 0.011533052 0.998468161 0.054113593 5.425457478 0.067304328 0.053219330 -0.996312141 40.686408997
-0.997569323 0.014958506 -0.068060331 -254.367431641 0.011274574 0.998466790 0.054193188 5.464772701 0.068766631 0.053294096 -0.996208549 39.673282623
-0.997501254 0.014967247 -0.069044046 -254.425933838 0.011233863 0.998469770 0.054147314 5.491690636 0.069748826 0.053236384 -0.996142983 38.702423096
-0.997415543 0.015784541 -0.070094578 -254.495758057 0.012060683 0.998509169 0.053235184 5.530455589 0.070830368 0.052252207 -0.996119022 37.695426941
-0.997325063 0.016444156 -0.071218841 -254.559753418 0.012699684 0.998528898 0.052714285 5.559705734 0.071980916 0.051668826 -0.996066689 36.695774078
-0.997305393 0.015928634 -0.071611971 -254.621276855 0.012065458 0.998464882 0.054058481 5.597717285 0.072363116 0.053048786 -0.995966554 35.705287933
-0.997374654 0.017372796 -0.070300713 -254.685699463 0.013548419 0.998420954 0.054516036 5.639168739 0.071136802 0.053420443 -0.996035218 34.709461212
-0.997528434 0.018923134 -0.067667916 -254.749450684 0.015173883 0.998343527 0.055497613 5.667004108 0.068606012 0.054333661 -0.996163249 33.718585968
-0.997803211 0.020207858 -0.063092351 -254.807373047 0.016768346 0.998368740 0.054576915 5.702975750 0.064092316 0.053399060 -0.996514320 32.732055664
-0.998177052 0.020516053 -0.056762673 -254.852325439 0.017413430 0.998355150 0.054624349 5.737596989 0.057789981 0.053536333 -0.996892452 31.746812820
-0.998585224 0.021509865 -0.048630025 -254.892913818 0.018857965 0.998343945 0.054348297 5.774515152 0.049718518 0.053354345 -0.997337103 30.766021729
-0.999003291 0.021491710 -0.039128978 -254.924011230 0.019342992 0.998327076 0.054487698 5.811446190 0.040234551 0.053676501 -0.997747779 29.783237457
-0.999345660 0.021029582 -0.029429110 -254.943878174 0.019388517 0.998299241 0.054979105 5.849384308 0.030535247 0.054372538 -0.998053789 28.806972504
-0.999621868 0.020322794 -0.018526049 -254.955825806 0.019262644 0.998261154 0.055710502 5.884648323 0.019626027 0.055332571 -0.998275161 27.832201004
-0.999756098 0.020676805 -0.007770449 -254.956924438 0.020200478 0.998166621 0.057055663 5.917631149 0.008935932 0.056884777 -0.998340845 26.855346680
-0.999781847 0.020629099 0.003320711 -254.953414917 0.020783795 0.998187482 0.056478310 5.950044632 -0.002149596 0.056534994 -0.998398423 25.872371674
-0.999645829 0.022271648 0.014573528 -254.929656982 0.023029387 0.998271227 0.054076307 5.984911442 -0.013343966 0.054392770 -0.998430610 24.904705048
-0.999382019 0.022853201 0.026721207 -254.898895264 0.024189258 0.998416126 0.050794661 6.015285015 -0.025518063 0.051409617 -0.998351932 23.949680328
-0.998902917 0.024335023 0.040011063 -254.854782104 0.026332323 0.998393297 0.050173860 6.052798748 -0.038725797 0.051172394 -0.997938752 22.988517761
-0.998104453 0.025571106 0.055981338 -254.795486450 0.028498417 0.998233438 0.052132756 6.087665558 -0.054549351 0.053629309 -0.997070074 22.029624939
-0.996921062 0.027375108 0.073479183 -254.718399048 0.031285852 0.998124957 0.052610051 6.113443851 -0.071901202 0.054746922 -0.995908141 21.061897278
-0.995348930 0.028156854 0.092130505 -254.622314453 0.032889478 0.998194456 0.050260082 6.144485950 -0.090548992 0.053056434 -0.994477868 20.113929749
-0.993292570 0.029085798 0.111911558 -254.504714966 0.034584623 0.998271763 0.047511734 6.183567047 -0.110336229 0.051063463 -0.992581844 19.160820007
-0.990813971 0.028014695 0.132298529 -254.379928589 0.034508821 0.998296201 0.047051586 6.212213993 -0.130754977 0.051184833 -0.990092635 18.201362610
-0.987921000 0.025949137 0.152771831 -254.221420288 0.033525810 0.998321295 0.047229044 6.239623547 -0.151289821 0.051780351 -0.987132549 17.252052307
-0.984564304 0.025577366 0.173144877 -254.041580200 0.034265079 0.998289347 0.047373973 6.267740250 -0.171636984 0.052575536 -0.983756542 16.309158325
-0.980594993 0.025922673 0.194324628 -253.844161987 0.035596903 0.998285770 0.046457823 6.297444820 -0.192787215 0.052473646 -0.979836822 15.347930908
-0.976078391 0.025230035 0.215950653 -253.625259399 0.035911378 0.998310387 0.045681309 6.320249557 -0.214433238 0.052343618 -0.975335240 14.406578064
-0.970815778 0.025834268 0.238431931 -253.391738892 0.037318759 0.998344004 0.043778311 6.347883224 -0.236906111 0.051398646 -0.970172167 13.473388672
-0.965100408 0.025382763 0.260648400 -253.125701904 0.037435487 0.998441875 0.041380573 6.366836548 -0.259191930 0.049693894 -0.964546919 12.537368774
-0.958709002 0.025573203 0.283236504 -252.835693359 0.037980750 0.998540342 0.038401172 6.400877953 -0.281841040 0.047573090 -0.958280921 11.589141846
-0.951752543 0.024373310 0.305897743 -252.546310425 0.037711274 0.998574674 0.037768256 6.418385029 -0.304541200 0.047481816 -0.951315165 10.674468994
-0.944164753 0.023632247 0.328624904 -252.215698242 0.038126215 0.998560369 0.037730571 6.443531990 -0.327260137 0.048153099 -0.943706512 9.743164062
-0.936355114 0.022247083 0.350348830 -251.848144531 0.038154006 0.998527408 0.038565494 6.462655067 -0.348974943 0.049478203 -0.935824990 8.819427490
-0.927496433 0.021913445 0.373189867 -251.473663330 0.039342098 0.998458564 0.039148923 6.491776466 -0.371756732 0.050992545 -0.926928878 7.888824463
-0.918293834 0.025010237 0.395109028 -251.078063965 0.044004995 0.998266459 0.039084479 6.509844780 -0.393446565 0.053277805 -0.917802453 6.972976685
-0.908343196 0.025035560 0.417475402 -250.649749756 0.044284500 0.998352528 0.036484092 6.530902863 -0.415874213 0.051627770 -0.907955527 6.068222046
-0.898156047 0.024542026 0.438991755 -250.196350098 0.044692002 0.998365462 0.035623621 6.555779457 -0.437399924 0.051614981 -0.897784829 5.168762207
-0.887736320 0.023019537 0.459776819 -249.732543945 0.044605762 0.998350739 0.036140520 6.569724083 -0.458186597 0.052591939 -0.887298942 4.298690796
-0.877533674 0.020027027 0.479096711 -249.256835938 0.043406039 0.998343229 0.037771940 6.588294983 -0.477546483 0.053941838 -0.876949072 3.416702271
-0.867218614 0.021504520 0.497463256 -248.741287231 0.042525746 0.998615384 0.030965850 6.615837574 -0.496108562 0.048009150 -0.866932392 2.538848877
-0.856557846 0.020123672 0.515658498 -248.200958252 0.041396681 0.998698592 0.029789420 6.629439354 -0.514387965 0.046862911 -0.856276155 1.667297363
-0.846150637 0.020400681 0.532553434 -247.636566162 0.041174255 0.998782814 0.027159290 6.641398430 -0.531351089 0.044908337 -0.845960736 0.786880493
-0.836856246 0.017990416 0.547127366 -247.047103882 0.039660171 0.998825908 0.027819049 6.655893803 -0.545984507 0.044979703 -0.836587191 -0.068481445
-0.828155875 0.017892243 0.560212195 -246.462615967 0.038832720 0.998920262 0.025502162 6.666133881 -0.559150994 0.042874329 -0.827956438 -0.943756104
-0.821467876 0.014525685 0.570069730 -245.842407227 0.035184130 0.999062002 0.025243532 6.686355114 -0.569168329 0.040794160 -0.821208358 -1.808944702
-0.815654755 0.011636856 0.578422427 -245.206329346 0.032643259 0.999130607 0.025930677 6.690815449 -0.577617824 0.040032063 -0.815325499 -2.689514160
-0.811428666 0.010377260 0.584359348 -244.580307007 0.030870365 0.999207675 0.025121631 6.707680225 -0.583635688 0.038423795 -0.811106086 -3.549926758
-0.808476806 0.009361822 0.588453829 -243.934494019 0.029574681 0.999256492 0.024735294 6.720222473 -0.587784767 0.037401240 -0.808152556 -4.422195435
-0.805943608 0.010376082 0.591901720 -243.276519775 0.030093877 0.999271750 0.023459025 6.729955673 -0.591227233 0.036719263 -0.805668831 -5.308181763
-0.804103732 0.011892106 0.594370067 -242.616149902 0.030462947 0.999310672 0.021218194 6.734076500 -0.593707979 0.035167892 -0.803911686 -6.178787231
-0.802616239 0.012121836 0.596372426 -241.947906494 0.029868534 0.999356031 0.019885130 6.741738319 -0.595747352 0.033772901 -0.802461505 -7.063354492
-0.801727891 0.012159768 0.597565413 -241.277938843 0.029932920 0.999355316 0.019823989 6.747851849 -0.596939147 0.033780325 -0.801575065 -7.950729370
-0.800955176 0.010362341 0.598634958 -240.604095459 0.028022362 0.999403298 0.020193433 6.755347729 -0.598068476 0.032949194 -0.800767660 -8.836532593
-0.800610185 0.009602017 0.599108517 -239.929748535 0.028016463 0.999377906 0.021422204 6.759501934 -0.598530114 0.033935737 -0.800381184 -9.731460571
-0.800683498 0.009174134 0.599017501 -239.248291016 0.027609248 0.999385417 0.021598320 6.770061016 -0.598451197 0.033831839 -0.800444722 -10.627410889
-0.801571131 0.007579228 0.597851336 -238.567077637 0.025552494 0.999440312 0.021589238 6.767906189 -0.597353101 0.032581903 -0.801316142 -11.521209717
-0.803227901 0.007034545 0.595630407 -237.892105103 0.024706988 0.999463201 0.021514300 6.772345543 -0.595159352 0.031997118 -0.802970529 -12.413726807
-0.805772424 0.005324323 0.592201650 -237.212799072 0.022994753 0.999486804 0.022301432 6.780005455 -0.591778994 0.031587403 -0.805481434 -13.322601318
-0.809232473 0.003740176 0.587477028 -236.539749146 0.021877268 0.999477983 0.023772115 6.788259506 -0.587081432 0.032089554 -0.808891892 -14.229553223
-0.812680244 0.002594861 0.582704365 -235.879470825 0.020646438 0.999490440 0.024344098 6.795430183 -0.582344234 0.031814732 -0.812319636 -15.142410278
-0.816574812 0.001628402 0.577237904 -235.224777222 0.019549238 0.999500394 0.024835208 6.802307129 -0.576909065 0.031564355 -0.816198707 -16.049438477
-0.820554256 0.001818532 0.571565807 -234.574966431 0.019573791 0.999497771 0.024920559 6.807154655 -0.571233451 0.031636380 -0.820177674 -16.979675293
-0.825015068 0.001908912 0.565107882 -233.940246582 0.018898396 0.999528170 0.024213865 6.816805840 -0.564795017 0.030656431 -0.824661970 -17.892700195
-0.830029249 0.001130679 0.557718754 -233.309616089 0.018390499 0.999509633 0.025343467 6.820896149 -0.557416618 0.031292543 -0.829643011 -18.813964844
-0.834899783 0.002029801 0.550398469 -232.686386108 0.019598154 0.999468684 0.026042532 6.827757835 -0.550053239 0.032529693 -0.834496021 -19.749343872
-0.839590430 0.003331728 0.543209970 -232.075881958 0.021430111 0.999405921 0.026992813 6.835215569 -0.542797327 0.034303952 -0.839162946 -20.677749634
-0.843663692 0.005320530 0.536846042 -231.484924316 0.023829365 0.999336541 0.027544146 6.846261501 -0.536343336 0.036030691 -0.843230724 -21.606460571
-0.846595049 0.009698689 0.532149434 -230.897796631 0.028650567 0.999214709 0.027368912 6.856427670 -0.531466126 0.038416766 -0.846208096 -22.548461914
-0.848081946 0.014123797 0.529677331 -230.325347900 0.033286087 0.999090374 0.026654668 6.868815422 -0.528819025 0.040236220 -0.847780585 -23.478820801
-0.849199414 0.015866535 0.527834535 -229.747055054 0.035557400 0.998998046 0.027176464 6.873434067 -0.526874483 0.041846648 -0.848912716 -24.403839111
-0.850575566 0.016610293 0.525590360 -229.143966675 0.036702607 0.998938739 0.027827144 6.887866020 -0.524570346 0.042959623 -0.850282550 -25.325866699
-0.851415396 0.017206211 0.524209619 -228.575195312 0.037530359 0.998898387 0.028169401 6.902930260 -0.523147464 0.043657638 -0.851123214 -26.251800537
-0.852411747 0.019451700 0.522509336 -228.001907349 0.040135194 0.998793602 0.028293226 6.905024529 -0.521328628 0.045088489 -0.852164030 -27.176513672
-0.853027463 0.021288099 0.521431863 -227.450103760 0.042430256 0.998688817 0.028640335 6.911124229 -0.520138502 0.046555478 -0.852812290 -28.090118408
-0.853236198 0.025084088 0.520921290 -226.875488281 0.046844397 0.998491347 0.028647494 6.926320553 -0.519416749 0.048845317 -0.853124022 -29.028762817
-0.853343129 0.027714748 0.520612657 -226.320846558 0.050462391 0.998288095 0.029569833 6.931973457 -0.518901885 0.051504571 -0.853280902 -29.944381714
-0.853605151 0.030387893 0.520033777 -225.767227173 0.052547105 0.998228014 0.027922083 6.944885731 -0.518263757 0.051160697 -0.853689313 -30.852767944
-0.853843451 0.032282852 0.519527853 -225.240859985 0.054494321 0.998134255 0.027538463 6.953907013 -0.517669499 0.051824853 -0.854009628 -31.721893311
-0.854035020 0.032573074 0.519194961 -224.659591675 0.055296749 0.998067617 0.028342389 6.961356163 -0.517268479 0.052915178 -0.854185939 -32.650070190
-0.854182482 0.033682015 0.518881857 -224.121261597 0.057127003 0.997937977 0.029263524 6.971090794 -0.516826272 0.054638542 -0.854345322 -33.540496826
-0.854554772 0.035282835 0.518161952 -223.569046021 0.059361525 0.997786939 0.029957630 6.982925415 -0.515958250 0.056359306 -0.854758024 -34.439117432
-0.854680657 0.036378115 0.517878234 -223.031005859 0.060642943 0.997708619 0.029998517 6.996063232 -0.515600324 0.057044808 -0.854928374 -35.331375122
-0.855098486 0.036755044 0.517161727 -222.495681763 0.061554644 0.997626066 0.030875206 7.005780220 -0.514799178 0.058235034 -0.855330944 -36.209899902
-0.855661035 0.036092695 0.516276598 -221.962463379 0.060845833 0.997662604 0.031097820 7.015291691 -0.513947487 0.058022473 -0.855857134 -37.069519043
-0.854827762 0.036594357 0.517619908 -221.440933228 0.061932076 0.997575164 0.031752326 7.021787643 -0.515202820 0.059200048 -0.855021238 -37.940856934
-0.853396893 0.037331201 0.519923270 -220.931915283 0.063760892 0.997418106 0.033040505 7.027939320 -0.517347455 0.061347436 -0.853573799 -38.769073486
-0.851064801 0.038095061 0.523676872 -220.423294067 0.065121748 0.997322083 0.033283461 7.044781208 -0.521006584 0.062429134 -0.851266503 -39.597595215
-0.848391891 0.037156940 0.528063357 -219.930023193 0.065820023 0.997196972 0.035579767 7.053421021 -0.525261164 0.064942718 -0.848459482 -40.382553101
-0.844920039 0.037436247 0.533580780 -219.447570801 0.066421390 0.997170031 0.035215795 7.062058449 -0.530752420 0.065195709 -0.845015526 -41.139221191
-0.840713382 0.040149719 0.539989829 -218.969543457 0.068607464 0.997108400 0.032677639 7.076937199 -0.537116349 0.064519860 -0.841036916 -41.885040283
-0.836678743 0.040279515 0.546211302 -218.505020142 0.068428725 0.997165382 0.031283692 7.084064007 -0.543402970 0.063550927 -0.837063313 -42.570892334
-0.832876325 0.038822349 0.552096069 -218.052322388 0.067913800 0.997167110 0.032333903 7.091297150 -0.549276769 0.064425081 -0.833153367 -43.247207642
-0.829493165 0.036293704 0.557336748 -217.602127075 0.066419333 0.997215271 0.033914391 7.092899799 -0.554553807 0.065149680 -0.829593778 -43.886489868
-0.826030970 0.035912395 0.562479913 -217.163085938 0.066108622 0.997252822 0.033412773 7.103777409 -0.559734762 0.064784743 -0.826135874 -44.510330200
-0.822792649 0.034410641 0.567299068 -216.735198975 0.064094394 0.997415781 0.032460261 7.107012749 -0.564716041 0.063068755 -0.822871804 -45.101455688
-0.818541288 0.034624666 0.573403299 -216.339080811 0.063944228 0.997470319 0.031049548 7.110299110 -0.570877671 0.062081166 -0.818684697 -45.682754517
-0.815129995 0.033317044 0.578319430 -215.939544678 0.062856756 0.997537017 0.031127147 7.113588333 -0.575857997 0.061723948 -0.815216660 -46.227462769
-0.811699867 0.033376042 0.583120465 -215.547042847 0.062866382 0.997558475 0.030412374 7.126727581 -0.580681741 0.061344393 -0.811816335 -46.760864258
-0.807939649 0.032955937 0.588343501 -215.172286987 0.063152380 0.997527063 0.030847386 7.129938602 -0.585871935 0.062078103 -0.808022857 -47.271682739
-0.803780556 0.032609984 0.594031870 -214.801162720 0.063413262 0.997504354 0.031045018 7.134291172 -0.591536999 0.062622868 -0.803842425 -47.756698608
-0.798851132 0.032907806 0.600628018 -214.444061279 0.064358301 0.997446835 0.030949127 7.136544228 -0.598076046 0.063379139 -0.798929453 -48.211898804
-0.792486906 0.033645164 0.608960450 -214.093185425 0.065397285 0.997408271 0.029999513 7.141535759 -0.606372833 0.063598573 -0.792633295 -48.663131714
-0.784809828 0.034426507 0.618779659 -213.738632202 0.065968871 0.997423768 0.028176760 7.141988754 -0.616215467 0.062933594 -0.785059094 -49.106155396
-0.776840806 0.034676444 0.628741622 -213.397583008 0.066105992 0.997456253 0.026665315 7.145590782 -0.626217604 0.062278293 -0.777157068 -49.514205933
-0.767991662 0.035045300 0.639500201 -213.049057007 0.065545097 0.997559786 0.024047384 7.147979736 -0.637097001 0.060384296 -0.768414617 -49.910354614
-0.758714437 0.035502650 0.650455534 -212.708251953 0.065803818 0.997583210 0.022306588 7.145781040 -0.648091555 0.059726778 -0.759217024 -50.308212280
-0.749117732 0.036097780 0.661452711 -212.346740723 0.066502124 0.997567892 0.020875160 7.149038315 -0.659090400 0.059625957 -0.749696374 -50.689697266
-0.738302469 0.037504073 0.673426270 -212.010681152 0.068368889 0.997471392 0.019404769 7.151950836 -0.670995653 0.060367994 -0.738999724 -51.054016113
-0.726323843 0.038510896 0.686272919 -211.680419922 0.070122749 0.997371495 0.018246619 7.145460129 -0.683766365 0.061376300 -0.727115154 -51.388778687
-0.713148952 0.039022960 0.699925840 -211.337493896 0.070995048 0.997336328 0.016731797 7.141049385 -0.697408497 0.061623521 -0.714019775 -51.717147827
-0.697669029 0.038725376 0.715373039 -211.012939453 0.071809009 0.997289360 0.016045488 7.141375542 -0.712812483 0.062564664 -0.698558688 -52.006652832
-0.680311799 0.038232852 0.731925130 -210.683547974 0.072209381 0.997276366 0.015023623 7.147427559 -0.729357183 0.063072599 -0.681219697 -52.290420532
-0.661604881 0.037027031 0.748937845 -210.365570068 0.071955517 0.997305930 0.014258660 7.133101463 -0.746392131 0.063323811 -0.662486792 -52.544845581
-0.641194224 0.035365921 0.766563237 -210.052017212 0.069070935 0.997542500 0.011752289 7.127779961 -0.764263809 0.060482744 -0.642061234 -52.772979736
-0.620275736 0.032668512 0.783703387 -209.749603271 0.064378642 0.997881651 0.009357099 7.123215675 -0.781737566 0.056257736 -0.621064901 -52.979705811
-0.600278854 0.028882146 0.799269259 -209.462677002 0.058888085 0.998231292 0.008155206 7.114555836 -0.797619998 0.051962830 -0.600917935 -53.157623291
-0.581302762 0.027207348 0.813232303 -209.187316895 0.054655809 0.998489201 0.005662999 7.102758408 -0.811849594 0.047739785 -0.581911564 -53.326248169
-0.562104225 0.028795037 0.826565206 -208.929779053 0.052378546 0.998626947 0.000830779 7.099211693 -0.825406373 0.043761261 -0.562840700 -53.466232300
-0.542364955 0.030650480 0.839583933 -208.673522949 0.049478456 0.998765051 -0.004498964 7.104352951 -0.838685036 0.039101232 -0.543211699 -53.624588013
-0.522432208 0.031815663 0.852087259 -208.418350220 0.049161106 0.998765290 -0.007150727 7.089290619 -0.851262629 0.038153779 -0.523351312 -53.738220215
-0.499701977 0.029719731 0.865687490 -208.165664673 0.047880612 0.998830914 -0.006652461 7.074384689 -0.864873111 0.038125396 -0.500540853 -53.862579346
-0.475735784 0.026823107 0.879179180 -207.934005737 0.046920378 0.998885691 -0.005086017 7.068165779 -0.878335953 0.038831819 -0.476464152 -53.962936401
-0.450272918 0.023139160 0.892591238 -207.670364380 0.042269465 0.999095738 -0.004577065 7.062615395 -0.891890049 0.035668422 -0.450843811 -54.061325073
-0.423729181 0.020608529 0.905554652 -207.402496338 0.038810670 0.999236107 -0.004580153 7.055718422 -0.904957294 0.033204433 -0.424205303 -54.155029297
-0.397625089 0.018410077 0.917363286 -207.137527466 0.036112916 0.999338031 -0.004402280 7.046153069 -0.916837037 0.031378206 -0.398026705 -54.232299805
-0.371724963 0.016923878 0.928188741 -206.873504639 0.033329874 0.999432504 -0.004874796 7.041384220 -0.927744508 0.029124329 -0.372078061 -54.309783936
-0.344867110 0.017226771 0.938493669 -206.606597900 0.031648479 0.999476492 -0.006716337 7.036225319 -0.938118041 0.027385650 -0.345231771 -54.378936768
-0.317721844 0.016549859 0.948039651 -206.349212646 0.027673643 0.999583602 -0.008175239 7.024022102 -0.947780132 0.023638260 -0.318047523 -54.432373047
-0.290145874 0.016866649 0.956833899 -206.038711548 0.025985690 0.999614835 -0.009740997 7.010932922 -0.956629694 0.022037677 -0.290472388 -54.487625122
-0.260449052 0.017568067 0.965327740 -205.778427124 0.025432419 0.999612331 -0.011330251 7.010636330 -0.965152562 0.021599667 -0.260794997 -54.538528442
-0.230892897 0.019005772 0.972793519 -205.475860596 0.026490632 0.999561369 -0.013241181 7.001805782 -0.972618461 0.022712620 -0.231295109 -54.590011597
-0.201409340 0.019902712 0.979305089 -205.144378662 0.027531767 0.999513566 -0.014651084 6.989316463 -0.979120314 0.024011133 -0.201859355 -54.636413574
-0.170780420 0.021671027 0.985070765 -204.802932739 0.027721200 0.999468029 -0.017181771 6.986521721 -0.984919071 0.024373034 -0.171290278 -54.670944214
-0.139583230 0.023909949 0.989921629 -204.443405151 0.027398176 0.999418914 -0.020276079 6.975521088 -0.989831209 0.024291847 -0.140157223 -54.704315186
-0.108908057 0.025946399 0.993713260 -204.071197510 0.028494390 0.999329984 -0.022970159 6.965298653 -0.993643463 0.025813619 -0.109574437 -54.725341797
-0.077616692 0.026475595 0.996631742 -203.704803467 0.026515884 0.999348521 -0.024482738 6.954715729 -0.996630669 0.024526302 -0.078268170 -54.724884033
-0.046167016 0.027613375 0.998552024 -203.329315186 0.028622113 0.999244034 -0.026309200 6.943310738 -0.998523653 0.027366053 -0.046922445 -54.718902588
-0.014901519 0.028772218 0.999474883 -202.927581787 0.026298421 0.999251366 -0.028373688 6.927238464 -0.999543071 0.025861798 -0.015647054 -54.702346802
0.015538990 0.030002641 0.999429166 -202.506439209 0.022741174 0.999280572 -0.030351764 6.915351868 -0.999620736 0.023199830 0.014845490 -54.663482666
0.046078265 0.029086336 0.998514414 -202.068725586 0.020451277 0.999339044 -0.030054126 6.898281097 -0.998728573 0.021805737 0.045452952 -54.618911743
0.075221300 0.026369680 0.996818244 -201.559814453 0.018965401 0.999431610 -0.027869975 6.890376091 -0.996986568 0.021001473 0.074678421 -54.582305908
0.102501094 0.023258710 0.994461000 -201.101974487 0.020077186 0.999474585 -0.025445368 6.876596451 -0.994530320 0.022574157 0.101980269 -54.516235352
0.127287388 0.021652663 0.991629601 -200.604614258 0.021296998 0.999471545 -0.024557622 6.858108521 -0.991637290 0.024244608 0.126758933 -54.436004639
0.149605334 0.019805156 0.988547504 -200.074905396 0.023139484 0.999455392 -0.023525592 6.837275982 -0.988475084 0.026394034 0.149065614 -54.342422485
0.171026468 0.018653987 0.985089958 -199.518157959 0.022072984 0.999497294 -0.022759018 6.825747013 -0.985019326 0.025636269 0.170528769 -54.235229492
0.193932354 0.018362723 0.980843067 -198.951766968 0.021909334 0.999494374 -0.023043815 6.806896687 -0.980770230 0.025958559 0.193431973 -54.116775513
0.217105389 0.019234736 0.975958645 -198.374969482 0.020897362 0.999485135 -0.024347100 6.792097569 -0.975924432 0.025680849 0.216591656 -53.972915649
0.240799189 0.017846825 0.970410883 -197.764297485 0.021499539 0.999487519 -0.023716502 6.778753281 -0.970336854 0.026574301 0.240292072 -53.804733276
0.266197622 0.013074227 0.963829815 -197.147262573 0.025325660 0.999467969 -0.020552281 6.761313915 -0.963585734 0.029880594 0.265724838 -53.634704590
0.291719675 0.007840854 0.956471860 -196.509262085 0.029682234 0.999410629 -0.017245809 6.741128922 -0.956043303 0.033421159 0.291315019 -53.430099487
0.317099810 0.000517736 0.948392153 -195.826812744 0.036032252 0.999271274 -0.012593087 6.727122784 -0.947707534 0.038165968 0.316850066 -53.193817139
0.343943655 -0.003778623 0.938982725 -195.162750244 0.040254708 0.999131918 -0.010724383 6.708709717 -0.938127100 0.041487060 0.343797147 -52.952362061
0.370932817 -0.004762084 0.928647459 -194.483306885 0.045287326 0.998889863 -0.012966985 6.693969727 -0.927554786 0.046865840 0.370736659 -52.668777466
0.397957385 -0.004567294 0.917392552 -193.780212402 0.051742323 0.998507559 -0.017474273 6.673309326 -0.915943623 0.054422036 0.397599816 -52.360374451
0.424561977 -0.001888542 0.905396938 -193.108245850 0.057907440 0.998007059 -0.025072450 6.656325340 -0.903545141 0.063074023 0.423825264 -52.041961670
0.448953331 -0.001149559 0.893554568 -192.406951904 0.060128212 0.997771442 -0.028926907 6.630771637 -0.891529977 0.066714667 0.448021889 -51.679298401
0.470993221 -0.003064243 0.882131517 -191.680313110 0.059255254 0.997845292 -0.028171746 6.604406357 -0.880144477 0.065539628 0.470159948 -51.287155151
0.490843177 -0.006216601 0.871225834 -190.937683105 0.058603868 0.997945368 -0.025896257 6.575986862 -0.869274795 0.063768201 0.490199029 -50.866546631
0.508259058 -0.008218155 0.861164987 -190.176116943 0.056331024 0.998130322 -0.023721309 6.551839352 -0.859359980 0.060566880 0.507771730 -50.420768738
0.522508740 -0.009067002 0.852585673 -189.444244385 0.054540392 0.998251021 -0.022809071 6.520151615 -0.850887716 0.058418296 0.522089481 -49.951774597
0.534042478 -0.007544256 0.845424056 -188.686889648 0.051768951 0.998375654 -0.023792583 6.483833313 -0.843871295 0.056472961 0.533565521 -49.465789795
0.542650580 -0.004403018 0.839947045 -187.941268921 0.047400169 0.998553276 -0.025388604 6.458983421 -0.838620067 0.053590771 0.542074203 -48.967102051
0.548415840 -0.001256417 0.836204827 -187.128158569 0.042722333 0.998735011 -0.026518360 6.425523758 -0.835113704 0.050267708 0.547775745 -48.423774719
0.551439404 0.000268732 0.834214926 -186.339843750 0.038380630 0.998932838 -0.025692467 6.397039413 -0.833331585 0.046185534 0.550840616 -47.891990662
0.551832259 0.000108961 0.833955169 -185.543792725 0.035685919 0.999080956 -0.023744088 6.361437798 -0.833191276 0.042863209 0.551321208 -47.355323792
0.551293194 0.001194703 0.834310770 -184.698776245 0.033782005 0.999146938 -0.023753108 6.322811127 -0.833627403 0.041279618 0.550782561 -46.788764954
0.550372362 0.003805227 0.834910631 -183.874145508 0.033536948 0.999081790 -0.026660988 6.285149097 -0.834245503 0.042673826 0.549739361 -46.238601685
0.549579084 0.005461705 0.835423827 -183.038192749 0.033761971 0.999016523 -0.028741345 6.251379967 -0.834759176 0.044001196 0.548854232 -45.678901672
0.548816919 0.005263417 0.835925996 -182.173995972 0.033633322 0.999031425 -0.028371958 6.211731911 -0.835265696 0.043685980 0.548108339 -45.115112305
0.547526240 0.004166291 0.836778104 -181.279434204 0.032033563 0.999150276 -0.025935151 6.168152809 -0.836175084 0.041005161 0.546927571 -44.505027771
0.546441436 0.002136068 0.837494671 -180.388824463 0.031853139 0.999220192 -0.023331827 6.134982586 -0.836891413 0.039426308 0.545947313 -43.923400879
0.544769526 0.002179301 0.838582993 -179.499771118 0.029168325 0.999342263 -0.021545729 6.098025322 -0.838078439 0.036197517 0.544347644 -43.328689575
0.543142498 0.003006092 0.839635134 -178.592742920 0.028008930 0.999372184 -0.021696381 6.057673931 -0.839173257 0.035301510 0.542717338 -42.738227844
0.541111469 0.005393490 0.840933621 -177.668380737 0.026786342 0.999361455 -0.023645682 6.025465488 -0.840524197 0.035320487 0.540621519 -42.144531250
0.538743019 0.008188127 0.842430353 -176.748992920 0.024785114 0.999365866 -0.025563829 5.977705479 -0.842105508 0.034652069 0.538198471 -41.546676636
0.536078453 0.011769378 0.844086170 -175.795959473 0.022903549 0.999331951 -0.028480051 5.949311256 -0.843857467 0.034600109 0.535450757 -40.930503845
0.532884955 0.011597461 0.846108317 -174.836441040 0.020565925 0.999433219 -0.026651626 5.908864975 -0.845937848 0.031603251 0.532344341 -40.319686890
0.528962851 0.008392360 0.848603547 -173.860214233 0.018810565 0.999589503 -0.021610806 5.871429443 -0.848436534 0.027394025 0.528587818 -39.706436157
0.524822235 0.006796566 0.851184785 -172.869659424 0.016149383 0.999708652 -0.017939866 5.829417229 -0.851058722 0.023161348 0.524559498 -39.090148926
0.519284964 0.007170547 0.854571164 -171.868896484 0.015765179 0.999714255 -0.017968219 5.800214767 -0.854455829 0.022803092 0.519023538 -38.475448608
0.514350057 0.007253313 0.857549727 -170.842834473 0.017106393 0.999678493 -0.018715719 5.771073341 -0.857409775 0.024296014 0.514060616 -37.866996765
0.509105325 0.006644543 0.860678613 -169.803405762 0.017867476 0.999673128 -0.018286500 5.728632927 -0.860518813 0.024687909 0.508820176 -37.244995117
0.504321337 0.004137994 0.863506138 -168.755462646 0.020514725 0.999648869 -0.016771803 5.694533348 -0.863272369 0.026172969 0.504059434 -36.642204285
0.498654783 0.000444851 0.866800666 -167.701324463 0.023689140 0.999619365 -0.014140952 5.654202461 -0.866477013 0.027585212 0.498454392 -36.037612915
0.493350983 -0.000868802 0.869830012 -166.632873535 0.024863450 0.999605000 -0.013103655 5.623389244 -0.869475007 0.028091673 0.493177712 -35.444068909
0.486751795 0.000543550 0.873540103 -165.574615479 0.024692589 0.999591649 -0.014381125 5.581730366 -0.873191178 0.028570006 0.486539662 -34.826049805
0.480316043 0.003389968 0.877088964 -164.509597778 0.023048921 0.999598384 -0.016485639 5.545298100 -0.876792610 0.028134270 0.480045021 -34.237586975
0.473190725 0.005348246 0.880943835 -163.444885254 0.022484064 0.999582529 -0.018145612 5.510422707 -0.880673110 0.028393529 0.472872913 -33.658126831
0.466058552 0.004304916 0.884743452 -162.373992920 0.021994501 0.999622762 -0.016449986 5.466696262 -0.884480476 0.027126146 0.465788007 -33.077133179
0.459031761 0.002397762 0.888416648 -161.298217773 0.021852156 0.999663353 -0.013988695 5.427722454 -0.888151109 0.025835074 0.458824813 -32.518692017
0.452638626 0.001351993 0.891693115 -160.222320557 0.023032697 0.999647439 -0.013207467 5.388270378 -0.891396642 0.026516305 0.452447891 -31.965301514
0.446511567 0.000849077 0.894777477 -159.144149780 0.021759471 0.999693513 -0.011807039 5.354254723 -0.894513309 0.024741866 0.446356237 -31.424194336
0.441261649 -0.001615650 0.897377074 -158.042312622 0.021383015 0.999733388 -0.008714603 5.318510056 -0.897123694 0.023034045 0.441178501 -30.874427795
0.437426329 -0.003860713 0.899245918 -156.949234009 0.021372121 0.999752939 -0.006103969 5.290695667 -0.899000227 0.021888832 0.437400758 -30.345100403
0.434188128 -0.004513410 0.900810897 -155.858276367 0.020759365 0.999772012 -0.004996709 5.257426262 -0.900583029 0.020869773 0.434182823 -29.811279297
0.432408988 -0.002753888 0.901673436 -154.779205322 0.027591143 0.999567449 -0.010178811 5.225682259 -0.901255429 0.029279608 0.432297945 -29.287307739
0.431674004 0.002979444 0.902024865 -153.692276001 0.030272083 0.999383390 -0.017788071 5.191364288 -0.901521683 0.034984816 0.431317627 -28.768714905
0.431505978 0.002768439 0.902105868 -152.625946045 0.032003410 0.999318838 -0.018375022 5.146552086 -0.901542246 0.036799394 0.431123435 -28.255661011
0.431631565 -0.000697542 0.902049780 -151.533355713 0.032476466 0.999363422 -0.014767225 5.109320641 -0.901465237 0.035669386 0.431379437 -27.738967896
0.430531800 -0.001433295 0.902574301 -150.443664551 0.030852944 0.999437690 -0.013129872 5.077848911 -0.902047932 0.033499900 0.430333912 -27.201026917
0.429265141 -0.001994545 0.903176427 -149.358703613 0.029339179 0.999500573 -0.011737180 5.048357010 -0.902701974 0.031536814 0.429109275 -26.667236328
0.428721726 -0.001406436 0.903435588 -148.272888184 0.028985489 0.999505401 -0.012198957 5.015499592 -0.902971566 0.031416476 0.428550422 -26.151908875
0.428686380 0.000815823 0.903453112 -147.194915771 0.030507667 0.999416232 -0.015378299 4.979056835 -0.902938247 0.034154709 0.428411245 -25.639083862
0.428819418 0.004000681 0.903381348 -146.114913940 0.033096112 0.999249339 -0.020135390 4.936945915 -0.902783811 0.038532857 0.428365111 -25.125991821
0.428399086 0.006157991 0.903568685 -145.026382446 0.035269178 0.999100804 -0.023530850 4.897722244 -0.902901113 0.041948721 0.427796662 -24.613739014
0.427323282 0.006344100 0.904076695 -143.938873291 0.036083326 0.999058962 -0.024065852 4.847709656 -0.903378606 0.042905990 0.426692247 -24.084358215
0.426660895 0.005615443 0.904394329 -142.844802856 0.035420395 0.999109805 -0.022913620 4.805200577 -0.903717875 0.041810349 0.426082194 -23.562271118
0.426485717 0.002729087 0.904490232 -141.744476318 0.036828551 0.999113739 -0.020380016 4.756721973 -0.903744280 0.042002849 0.426007271 -23.046501160
0.425811589 0.001772709 0.904810190 -140.645187378 0.037934121 0.999083877 -0.019809546 4.713933468 -0.904016376 0.042758312 0.425354242 -22.521453857
0.425115228 0.001745499 0.905137658 -139.554138184 0.039183952 0.999025166 -0.020330051 4.673174858 -0.904290795 0.044109482 0.424632430 -22.007263184
0.424777746 0.003571586 0.905290663 -138.477432251 0.038605951 0.999011099 -0.022055905 4.623357773 -0.904474139 0.044318460 0.424219787 -21.496444702
0.424230635 0.004720069 0.905541956 -137.378723145 0.039314087 0.998947561 -0.023624910 4.574734688 -0.904700458 0.045622963 0.423598588 -20.969383240
0.423345447 0.003486659 0.905961692 -136.286804199 0.039185256 0.998986304 -0.022155490 4.526191235 -0.905120611 0.044879764 0.422779679 -20.440017700
0.422889948 0.000873045 0.906180680 -135.203765869 0.038167015 0.999095023 -0.018774079 4.478922367 -0.905376971 0.042525578 0.422473907 -19.933860779
0.423030674 -0.001768843 0.906113684 -134.110214233 0.037742008 0.999164641 -0.015669847 4.429089069 -0.905329049 0.040827375 0.422744036 -19.430252075
0.423542261 -0.001986175 0.905874193 -133.026672363 0.038549718 0.999131262 -0.015833309 4.391624451 -0.905055761 0.041627269 0.423250854 -18.921943665
0.424787819 -0.001529433 0.905291677 -131.958618164 0.040314727 0.999038458 -0.017228976 4.347910404 -0.904394865 0.043815244 0.424441040 -18.412971497
0.426762283 0.000403907 0.904363811 -130.902786255 0.040901065 0.998968065 -0.019747060 4.304167271 -0.903438509 0.045416743 0.426305354 -17.922767639
0.428516150 0.001254231 0.903533340 -129.841201782 0.040921386 0.998945951 -0.020794349 4.264934063 -0.902607083 0.045884546 0.428013146 -17.414772034
0.430003047 -0.000348099 0.902827382 -128.788070679 0.041639131 0.998943448 -0.019446937 4.220831871 -0.901866734 0.045955189 0.429563224 -16.912384033
0.431417644 -0.001096561 0.902151644 -127.734237671 0.039864406 0.999045670 -0.017849209 4.173154354 -0.901271105 0.043664202 0.431049645 -16.402069092
0.432308137 -0.000481408 0.901725888 -126.677566528 0.038727846 0.999087036 -0.018033639 4.128246784 -0.900893927 0.042717990 0.431932092 -15.889419556
0.432770491 0.003294966 0.901498199 -125.639862061 0.035912067 0.999136567 -0.020891679 4.082550049 -0.900788605 0.041415963 0.432278514 -15.381935120
0.431948841 0.005496426 0.901881337 -124.598396301 0.031586070 0.999275804 -0.021217883 4.039116383 -0.901344836 0.037651926 0.431462467 -14.880455017
0.428408146 0.001568353 0.903584003 -123.559059143 0.026838621 0.999535203 -0.014459653 3.997813702 -0.903186679 0.030445581 0.428166926 -14.371131897
0.422724128 -0.002141072 0.906255841 -122.508689880 0.020735092 0.999758303 -0.007309934 3.957788706 -0.906021178 0.021881385 0.422666371 -13.866668701
0.415686548 0.001399857 0.909506917 -121.465293884 0.016947947 0.999813259 -0.009284845 3.925277948 -0.909350038 0.019273860 0.415585160 -13.376045227
0.407794416 0.009877082 0.913020372 -120.430641174 0.013097199 0.999775350 -0.016665377 3.895718098 -0.912979901 0.018754058 0.407573462 -12.911293030
0.398359478 0.016253442 0.917085409 -119.383621216 0.009687898 0.999712646 -0.021926025 3.856607437 -0.917178273 0.017619070 0.398087502 -12.448890686
0.387936890 0.015891079 0.921548903 -118.331909180 0.008057247 0.999754667 -0.020631442 3.813395739 -0.921650708 0.015428844 0.387713671 -11.992126465
0.377796113 0.011738295 0.925814390 -117.269775391 0.006443982 0.999862075 -0.015306726 3.777640104 -0.925866365 0.011748753 0.377668321 -11.547119141
0.367788255 0.008626575 0.929869473 -116.214103699 0.005382029 0.999920487 -0.011405186 3.739222050 -0.929893911 0.009199277 0.367712557 -11.120857239
0.358632028 0.010273706 0.933422506 -115.160430908 0.006849647 0.999883533 -0.013636926 3.704954386 -0.933453918 0.011284254 0.358519912 -10.710067749
0.351493120 0.013539959 0.936092556 -114.114212036 0.009608794 0.999790549 -0.018069312 3.668033600 -0.936141133 0.015345959 0.351289392 -10.311546326
0.345722735 0.014034996 0.938231826 -113.061309814 0.011897564 0.999742210 -0.019339185 3.628444910 -0.938261330 0.017848669 0.345466614 -9.916725159
0.341477871 0.006625211 0.939866543 -111.980163574 0.019906079 0.999699891 -0.014279379 3.592579842 -0.939679027 0.023585148 0.341243505 -9.534034729
0.337684810 0.003375645 0.941253245 -110.916297913 0.017269457 0.999803007 -0.009781231 3.547986507 -0.941100836 0.019557904 0.337559998 -9.142265320
0.332740426 0.008028511 0.942984283 -109.849784851 0.014956262 0.999793053 -0.013789630 3.512177229 -0.942899883 0.018691888 0.332551479 -8.749397278
0.328538716 0.014474661 0.944379628 -108.791183472 0.015130105 0.999673605 -0.020585751 3.475538492 -0.944369376 0.021051779 0.328212440 -8.381301880
0.323927164 0.018748717 0.945896327 -107.710678101 0.010839703 0.999664426 -0.023526579 3.439836979 -0.946020007 0.017874133 0.323615253 -7.996520996
0.320718288 0.018203070 0.946999788 -106.649902344 0.009689273 0.999699950 -0.022497512 3.394997597 -0.947125137 0.016391104 0.320445657 -7.627410889
0.318776011 0.014786005 0.947714746 -105.580039978 0.010560015 0.999760866 -0.019150011 3.354403973 -0.947771251 0.016112447 0.318543673 -7.265235901
0.317532778 0.011521338 0.948177397 -104.503265381 0.011913711 0.999798775 -0.016138347 3.312518835 -0.948172510 0.016420765 0.317331612 -6.898345947
0.316633582 0.009568628 0.948499739 -103.424148560 0.011479303 0.999837220 -0.013918619 3.277926683 -0.948478520 0.015295220 0.316472232 -6.524398804
0.315469742 0.008298788 0.948899448 -102.367782593 0.005237512 0.999931276 -0.010486355 3.239738703 -0.948921263 0.008278000 0.315404594 -6.165931702
0.311842144 0.009718835 0.950084329 -101.299926758 -0.002054904 0.999952257 -0.009554486 3.209048748 -0.950131834 0.001027161 0.311847210 -5.790115356
0.307387948 0.014990279 0.951466203 -100.229293823 -0.005383962 0.999887288 -0.014013766 3.183728218 -0.951569080 -0.000814994 0.307434022 -5.440856934
0.301700592 0.023609933 0.953110397 -99.167663574 -0.007537453 0.999721169 -0.022378620 3.140604258 -0.953372955 -0.000432381 0.301794410 -5.097595215
0.295840502 0.030305550 0.954756558 -98.086044312 -0.006665322 0.999537766 -0.029661667 3.104035854 -0.955214143 0.002411365 0.295905769 -4.763130188
0.289435327 0.028352700 0.956777632 -97.005966187 -0.002871193 0.999582410 -0.028752593 3.046615601 -0.957193315 0.005574924 0.289395869 -4.424697876
0.282420635 0.024068745 0.958988607 -95.903770447 0.000419122 0.999682009 -0.025213499 3.002231121 -0.959290504 0.007522745 0.282320738 -4.100761414
0.274812877 0.020831009 0.961272120 -94.806938171 0.001910195 0.999751508 -0.022210965 2.951772213 -0.961495876 0.007940078 0.274704814 -3.789459229
0.266223431 0.019856108 0.963706851 -93.726188660 0.002073496 0.999773681 -0.021172028 2.913626671 -0.963909149 0.007634732 0.266122043 -3.469764709
0.257865906 0.018982332 0.965994358 -92.633102417 0.002716642 0.999788761 -0.020371605 2.871324778 -0.966177046 0.007877405 0.257759869 -3.174026489
0.249413073 0.018979747 0.968211293 -91.536666870 0.004389621 0.999775469 -0.020729275 2.829009056 -0.968387365 0.009420236 0.249273777 -2.885055542
0.241028488 0.019769823 0.970316648 -90.410339355 0.005401928 0.999749660 -0.021711359 2.785177946 -0.970502973 0.010474636 0.240861356 -2.603912354
0.233126342 0.019354289 0.972253859 -89.315864563 0.006810373 0.999744892 -0.021534530 2.743530512 -0.972422659 0.011641677 0.232935071 -2.333061218
0.226315975 0.017258562 0.973901093 -88.221504211 0.007652399 0.999780655 -0.019495448 2.699151993 -0.974023938 0.011864812 0.226134300 -2.078544617
0.219776571 0.015553608 0.975426197 -87.094841003 0.009632283 0.999789536 -0.018112374 2.656530857 -0.975502670 0.013376258 0.219580531 -1.821052551
0.212684989 0.014302570 0.977016211 -85.995460510 0.010194343 0.999805987 -0.016855380 2.615606785 -0.977067709 0.013544923 0.212497890 -1.572906494
0.206696272 0.013296482 0.978314817 -84.897781372 0.011401749 0.999807000 -0.015997523 2.573970556 -0.978338718 0.014461127 0.206504762 -1.347251892
0.203140020 0.012252751 0.979073048 -83.754020691 0.014746842 0.999769986 -0.015571471 2.525420904 -0.979038656 0.017601425 0.202912629 -1.100700378
0.200130761 0.014033206 0.979668736 -82.648094177 0.018105526 0.999673724 -0.018018438 2.488911390 -0.979601920 0.021343460 0.199811399 -0.876770020
0.197515249 0.016072549 0.980168045 -81.517669678 0.021237958 0.999560773 -0.020670239 2.453712940 -0.980069757 0.024899455 0.197087109 -0.622619629
0.195533335 0.014896956 0.980583906 -80.423156738 0.022806456 0.999545157 -0.019732734 2.417722225 -0.980431795 0.026222052 0.195104659 -0.419643402
0.192480445 0.010766122 0.981241763 -79.320549011 0.022655461 0.999624550 -0.015411914 2.374345779 -0.981039286 0.025196977 0.192164242 -0.192214966
0.189755678 0.006894970 0.981807113 -78.203887939 0.022704564 0.999677122 -0.011408619 2.338260889 -0.981568754 0.024456352 0.189537823 0.024749756
0.186554670 0.006113762 0.982425690 -77.112693787 0.024131205 0.999650419 -0.010803279 2.302773952 -0.982148290 0.025722517 0.186341941 0.235301971
0.183608890 0.007508541 0.982970655 -76.030838013 0.025076317 0.999609649 -0.012319638 2.271916151 -0.982679427 0.026911279 0.183348954 0.433315277
0.180783629 0.007510995 0.983494222 -74.943496704 0.026890857 0.999559283 -0.012576702 2.237423182 -0.983155191 0.028720666 0.180501997 0.631317139
0.178664804 0.005794141 0.983893037 -73.847801208 0.028382840 0.999536157 -0.011040295 2.204439878 -0.983500600 0.029898187 0.178417444 0.829372406
0.176626444 0.004562580 0.984267473 -72.751571655 0.028321959 0.999551654 -0.009715800 2.167757034 -0.983870506 0.029592447 0.176418066 1.036476135
0.174463868 0.005208634 0.984649837 -71.661750793 0.029183235 0.999519348 -0.010458086 2.136924744 -0.984231055 0.030559825 0.174228013 1.241012573
0.172104537 0.006165374 0.985059440 -70.565933228 0.027521476 0.999559999 -0.011064542 2.090977430 -0.984694183 0.029014546 0.171859145 1.431858063
0.170329332 0.007546008 0.985358417 -69.478904724 0.026444044 0.999575555 -0.012226014 2.059559584 -0.985032439 0.028139308 0.170057476 1.622707367
0.168921292 0.007685706 0.985599637 -68.396102905 0.025554296 0.999599278 -0.012174612 2.026292086 -0.985298276 0.027242854 0.168657184 1.812622070
0.166813493 0.005504641 0.985973120 -67.312591553 0.027520567 0.999568820 -0.010236661 1.994602680 -0.985604346 0.028842153 0.166590095 2.002788544
0.165147662 0.003166371 0.986263752 -66.230857849 0.029278938 0.999538362 -0.008111681 1.964546919 -0.985834181 0.030216381 0.164978683 2.182304382
0.163217902 0.002408845 0.986587107 -65.154350281 0.029731249 0.999530852 -0.007359093 1.931106567 -0.986141980 0.030533602 0.163069665 2.363700867
0.161716580 0.003928459 0.986829400 -64.042800903 0.031149553 0.999473453 -0.009083423 1.899818778 -0.986345470 0.032208234 0.161509037 2.548698425
0.160018325 0.006342660 0.987093747 -62.972648621 0.034062251 0.999348342 -0.011943256 1.873098612 -0.986526251 0.035533775 0.159697950 2.726055145
0.158596277 0.006515564 0.987321973 -61.890750885 0.036754470 0.999246180 -0.012498225 1.841353893 -0.986659169 0.038270667 0.158237278 2.887863159
0.155866563 0.005016378 0.987765431 -60.813983917 0.036978897 0.999256492 -0.010909902 1.812097549 -0.987085760 0.038226966 0.155565202 3.071002960
0.153834581 0.002037943 0.988094509 -59.747383118 0.036574263 0.999300838 -0.007755233 1.778290033 -0.987419486 0.037331849 0.153652489 3.240608215
0.152261794 0.000001270 0.988340259 -58.670780182 0.034685995 0.999383986 -0.005344944 1.745260715 -0.987731457 0.035095394 0.152167916 3.407546997
0.149621248 0.001109296 0.988742828 -57.631927490 0.034987912 0.999367118 -0.006415757 1.711778522 -0.988124251 0.035553977 0.149487734 3.582294464
0.148205817 0.004372617 0.988946855 -56.565544128 0.035484266 0.999322832 -0.009736245 1.700792193 -0.988319755 0.036535017 0.147950292 3.733146667
0.146050692 0.007372369 0.989249647 -55.507350922 0.035599206 0.999285400 -0.012702951 1.674536467 -0.988636374 0.037071776 0.145683885 3.895320892
0.143577397 0.008121512 0.989605904 -54.447990417 0.035701573 0.999272943 -0.013380633 1.642950058 -0.988995016 0.037251640 0.143183053 4.056694031
0.141249359 0.009811726 0.989925444 -53.416049957 0.036416482 0.999222636 -0.015100032 1.607530117 -0.989304066 0.038182471 0.140782237 4.190116882
0.137375593 0.012104277 0.990445197 -52.371681213 0.034218136 0.999270499 -0.016958222 1.568520904 -0.989927948 0.036220830 0.136861145 4.353492737
0.134599745 0.011627448 0.990831912 -51.323120117 0.030910507 0.999395251 -0.015926985 1.534769058 -0.990417898 0.032770883 0.134158909 4.501754761
0.131290138 0.009570365 0.991297841 -50.260742188 0.029708629 0.999466300 -0.013583919 1.498948574 -0.990898788 0.031233534 0.130935729 4.654983521
0.128671408 0.007575433 0.991658330 -49.218078613 0.028332919 0.999534547 -0.011311902 1.463749766 -0.991282403 0.029552095 0.128396928 4.791606903
0.126270831 0.009075575 0.991954386 -48.177524567 0.028109759 0.999523878 -0.012723068 1.430666924 -0.991597593 0.029490151 0.125955641 4.930095673
0.124625385 0.012224470 0.992128551 -47.143135071 0.029867342 0.999424756 -0.016066130 1.394983053 -0.991754234 0.031634491 0.124188542 5.059852600
0.122243166 0.014158327 0.992399156 -46.137889862 0.031057760 0.999354005 -0.018083226 1.354702950 -0.992014110 0.033032246 0.121724486 5.189685822
0.119745374 0.014343304 0.992701113 -45.109870911 0.032215029 0.999312937 -0.018324805 1.318585515 -0.992281914 0.034174204 0.119201005 5.318923950
0.117713451 0.013054635 0.992961824 -44.101192474 0.032167047 0.999338746 -0.016951809 1.280308485 -0.992526531 0.033936106 0.117215633 5.444770813
0.115581751 0.012024945 0.993225217 -43.063644409 0.034258176 0.999283552 -0.016084924 1.245887280 -0.992707074 0.035885204 0.115087032 5.571403503
0.114073694 0.010470510 0.993417203 -42.052604675 0.035537563 0.999261498 -0.014612878 1.212021589 -0.992836595 0.036970571 0.113617361 5.681377411
0.111777008 0.008876768 0.993693709 -41.042499542 0.036422890 0.999251604 -0.013023496 1.172025204 -0.993065596 0.037648920 0.111370027 5.801673889
0.109050870 0.008903251 0.993996322 -40.034000397 0.035440259 0.999289334 -0.012838795 1.139233232 -0.993404210 0.036627565 0.108657837 5.936222076
0.107141137 0.009979721 0.994193852 -39.032600403 0.037302610 0.999205232 -0.014050015 1.104399443 -0.993543923 0.038591355 0.106683731 6.043039322
0.105578125 0.011837107 0.994340599 -38.039436340 0.037655983 0.999164402 -0.015892811 1.076472282 -0.993697822 0.039120805 0.105044186 6.146810532
0.104349315 0.013280154 0.994452178 -37.055713654 0.038366426 0.999112785 -0.017368246 1.039594173 -0.993800521 0.039965935 0.103747249 6.255498886
0.102851510 0.012977768 0.994612098 -36.078533173 0.039218482 0.999084473 -0.017091658 1.007618189 -0.993923306 0.040765081 0.102248430 6.366334915
0.101474583 0.011751286 0.994768798 -35.116775513 0.039380856 0.999099016 -0.015819613 0.979588270 -0.994058430 0.040780134 0.100920379 6.470987320
0.100267351 0.010182598 0.994908452 -34.165550232 0.037884586 0.999183416 -0.014044378 0.937800050 -0.994239032 0.039099883 0.099799693 6.559505463
0.098976612 0.010745748 0.995031893 -33.229587555 0.037817914 0.999178708 -0.014552317 0.908973217 -0.994370997 0.039070368 0.098488927 6.654169083
0.097730339 0.011560720 0.995145917 -32.291721344 0.037837911 0.999166369 -0.015323385 0.875831485 -0.994493484 0.039151799 0.097211421 6.752040863
0.096456587 0.010902327 0.995277524 -31.389167786 0.037495602 0.999190450 -0.014579050 0.834339857 -0.994630694 0.038724773 0.095969737 6.843782425
0.095308065 0.007214925 0.995421827 -30.480068207 0.038196038 0.999210835 -0.010899526 0.805845499 -0.994714916 0.039059978 0.094957232 6.934888840
0.094212055 0.002746255 0.995548487 -29.588008881 0.039947908 0.999180377 -0.006536680 0.780108273 -0.994750440 0.040385909 0.094025135 7.019638062
0.093095481 -0.002617125 0.995653868 -28.710391998 0.040141124 0.999193370 -0.001126844 0.757069230 -0.994847834 0.040071566 0.093125463 7.103286743
0.091461837 -0.005341286 0.995794237 -27.836143494 0.041989081 0.999116957 0.001502493 0.734455824 -0.994922936 0.041675065 0.091605306 7.180841446
0.090432405 -0.005066305 0.995889902 -26.996042252 0.042676233 0.999088228 0.001207327 0.714913487 -0.994987965 0.042391639 0.090566218 7.257551193
0.089292109 -0.002903996 0.996001363 -26.161453247 0.041748479 0.999127805 -0.000829670 0.698730648 -0.995130241 0.041655622 0.089335442 7.333584785
0.087671280 0.000189188 0.996149540 -25.357692719 0.039623652 0.999207914 -0.003677056 0.683894873 -0.995361149 0.039793450 0.087594330 7.413096428
0.087073982 0.002965055 0.996197522 -24.566631317 0.038721621 0.999229789 -0.006358601 0.658104181 -0.995449126 0.039128050 0.086892068 7.479696274
0.085955620 0.005708469 0.996282637 -23.792076111 0.038963422 0.999199331 -0.009086803 0.639361441 -0.995536804 0.039599642 0.085664332 7.544589996
0.085873961 0.006766478 0.996283054 -23.035045624 0.040449176 0.999128819 -0.010272302 0.615663469 -0.995484591 0.041180953 0.085525453 7.609319687
0.086104512 0.004615791 0.996275544 -22.309534073 0.040782031 0.999134779 -0.008153690 0.598340511 -0.995451212 0.041332204 0.085841775 7.677998543
0.087399006 0.002964818 0.996168971 -21.592639923 0.039473411 0.999199867 -0.006437041 0.570693374 -0.995391011 0.039884776 0.087212026 7.743897438
0.088428199 0.000775737 0.996082306 -20.898078918 0.039736431 0.999200940 -0.004305809 0.546239257 -0.995289683 0.039961509 0.088326693 7.809150696
0.089270532 -0.000085240 0.996007502 -20.204963684 0.039995514 0.999193728 -0.003499225 0.530055583 -0.995204151 0.040148206 0.089201927 7.874836922
0.089927614 0.000207552 0.995948315 -19.545989990 0.041228082 0.999142051 -0.003930844 0.512704253 -0.995094597 0.041414529 0.089841902 7.929409027
0.089596808 0.001556525 0.995977044 -18.917686462 0.039988663 0.999186814 -0.005158873 0.492702365 -0.995175123 0.040290002 0.089461684 7.995301247
0.088477135 0.004391264 0.996068537 -18.272882462 0.039479483 0.999189079 -0.007911842 0.471613824 -0.995295525 0.040024288 0.088232040 8.056163788
0.086483836 0.005841349 0.996236205 -17.665592194 0.039582420 0.999173105 -0.009294743 0.455336183 -0.995466650 0.040237281 0.086181104 8.113793373
0.084032416 0.006084838 0.996444464 -17.072694778 0.041708782 0.999083519 -0.009618351 0.435441703 -0.995589793 0.042368736 0.083701611 8.164896011
0.082385659 0.006444219 0.996579766 -16.476314545 0.043304782 0.999011457 -0.010039885 0.419829249 -0.995659292 0.043983810 0.082025111 8.206022263
0.080338359 0.005295987 0.996753693 -15.921641350 0.046253841 0.998888850 -0.009035397 0.402327538 -0.995693982 0.046829574 0.080004096 8.248171806
0.078780293 0.003631892 0.996885478 -15.376002312 0.048519608 0.998794258 -0.007473183 0.382493258 -0.995710671 0.048957229 0.078509092 8.288622856
0.077193022 0.005126156 0.997003019 -14.834794044 0.048962675 0.998760700 -0.008926134 0.365848422 -0.995813191 0.049504969 0.076846361 8.322410583
0.075402260 0.005952111 0.997135520 -14.344687462 0.048604097 0.998771608 -0.009637269 0.348517716 -0.995968044 0.049191542 0.075020373 8.358545303
0.073402524 0.006626661 0.997280359 -13.867088318 0.046628475 0.998861551 -0.010069151 0.332265913 -0.996211767 0.047240764 0.073009968 8.398106575
0.072005749 0.009719753 0.997357011 -13.419527054 0.047857109 0.998767138 -0.013188621 0.314925939 -0.996255577 0.048680276 0.071451783 8.431523323
0.071114361 0.015061231 0.997354507 -12.993634224 0.047010820 0.998724282 -0.018433930 0.296619594 -0.996359766 0.048197370 0.070315599 8.463678360
0.069704771 0.018678550 0.997392833 -12.599217415 0.047996815 0.998603940 -0.022055587 0.278883785 -0.996412396 0.049409058 0.068710923 8.497703552
0.069473028 0.019519433 0.997392952 -12.223299026 0.046502225 0.998658359 -0.022783302 0.265573114 -0.996499538 0.047963817 0.068472147 8.523156166
0.069819748 0.019916188 0.997360945 -11.863239288 0.047752384 0.998587787 -0.023283575 0.252745599 -0.996416152 0.049252011 0.068770111 8.544433594
0.070662081 0.021996910 0.997257829 -11.531574249 0.047749881 0.998536110 -0.025408491 0.237135351 -0.996356845 0.049414355 0.069508255 8.580379486
0.073017716 0.023284355 0.997058868 -11.213887215 0.047624927 0.998505533 -0.026805865 0.218993992 -0.996192932 0.049442157 0.071799695 8.590357780
0.077277958 0.023141515 0.996741056 -10.914618492 0.045938309 0.998586178 -0.026745986 0.203914911 -0.995950758 0.047855474 0.076105654 8.621553421
0.082978487 0.023238245 0.996280432 -10.625381470 0.044855956 0.998627722 -0.027028978 0.190255672 -0.995541394 0.046931934 0.081822217 8.654609680
0.089606702 0.022393314 0.995725513 -10.345858574 0.042151455 0.998766184 -0.026254969 0.176258206 -0.995084941 0.044323899 0.088552237 8.691856384
0.098938704 0.021351300 0.994864583 -10.082209587 0.040581718 0.998851478 -0.025472704 0.166236252 -0.994265854 0.042893548 0.097958624 8.732691765
0.110749483 0.021024883 0.993625998 -9.824014664 0.040789973 0.998837650 -0.025681611 0.150647044 -0.993010998 0.043374199 0.109763145 8.768382072
0.123372197 0.021776216 0.992121637 -9.576472282 0.041794360 0.998758137 -0.027119100 0.141141593 -0.991480112 0.044810832 0.122308850 8.813669205
0.138758779 0.021766558 0.990087032 -9.345307350 0.042580165 0.998702765 -0.027923504 0.122431517 -0.989410400 0.046032701 0.137651920 8.856958389
0.156092465 0.021008711 0.987519085 -9.108506203 0.040801764 0.998783290 -0.027697697 0.114193559 -0.986899436 0.044615921 0.155045390 8.913210869
0.173844159 0.019479511 0.984580576 -8.863763809 0.037397206 0.998952568 -0.026366962 0.100680470 -0.984062910 0.041404303 0.172933578 8.981852531
0.189641178 0.018846788 0.981672704 -8.634768486 0.032240383 0.999157071 -0.025410723 0.088683784 -0.981324136 0.036468424 0.188873708 9.056058884
0.201339483 0.016373331 0.979384720 -8.408790588 0.029498434 0.999305427 -0.022770584 0.083440334 -0.979077280 0.033474933 0.200716674 9.114038467
0.209672391 0.011782432 0.977700830 -8.224718094 0.028202934 0.999438465 -0.018092647 0.073581517 -0.977364957 0.031367559 0.209222317 9.165337563
0.216329873 0.008382502 0.976284385 -8.072075844 0.029330067 0.999455988 -0.015080559 0.067376882 -0.975879729 0.031896863 0.215966344 9.211425781
0.221477807 0.008230689 0.975130677 -7.969078064 0.029714519 0.999443054 -0.015184848 0.060849667 -0.974712610 0.032338645 0.221109867 9.236375809
0.224098921 0.010135048 0.974513829 -7.892279625 0.028781965 0.999440908 -0.017012991 0.056195855 -0.974141419 0.031861015 0.223681927 9.254847527
0.225776672 0.011369024 0.974112809 -7.855356216 0.027120503 0.999471009 -0.017950891 0.053644732 -0.973801613 0.030471321 0.225348890 9.273626328
0.226310790 0.010824513 0.973995030 -7.849309921 0.027208418 0.999477804 -0.017429680 0.050146565 -0.973675132 0.030445388 0.225898087 9.274954796
0.225975811 0.012322911 0.974055111 -7.861306190 0.028479783 0.999408960 -0.019250834 0.053866744 -0.973716617 0.032091096 0.225491285 9.263977051
0.226372957 0.016751703 0.973896682 -7.878095627 0.030304890 0.999246955 -0.024231832 0.046655476 -0.973569214 0.034999263 0.225694835 9.261734962
0.226173103 0.020969773 0.973861456 -7.885901451 0.030338509 0.999131560 -0.028559832 0.041541308 -0.973614633 0.036004968 0.225340486 9.263875961
0.225749135 0.021356199 0.973951399 -7.882074356 0.029836610 0.999139071 -0.028824236 0.045874208 -0.973728538 0.035566457 0.224917591 9.264810562
0.226203024 0.020039026 0.973874092 -7.881776810 0.028935850 0.999208927 -0.027281301 0.049358487 -0.973650336 0.034350988 0.225444257 9.262588501
0.225987017 0.019382427 0.973937452 -7.881448746 0.029138828 0.999220133 -0.026646791 0.045564801 -0.973694384 0.034401227 0.225246012 9.267427444
0.225630879 0.018968252 0.974028289 -7.874237061 0.029066039 0.999234259 -0.026192185 0.046077281 -0.973779261 0.034220908 0.224906743 9.271141052
0.226374388 0.018746769 0.973860025 -7.872802734 0.029056309 0.999239862 -0.025989491 0.048930556 -0.973606944 0.034180131 0.225657642 9.263416290
0.225822926 0.018966923 0.973983765 -7.880990982 0.029419279 0.999221623 -0.026279405 0.045534402 -0.973724127 0.034588393 0.225089133 9.270643234
0.226143241 0.018743128 0.973913789 -7.878472328 0.029413581 0.999227583 -0.026060149 0.045659930 -0.973649919 0.034539621 0.225417256 9.265010834
0.226192534 0.018459221 0.973907769 -7.867985725 0.029296337 0.999239206 -0.025743499 0.045569569 -0.973641992 0.034354914 0.225479662 9.264635086
0.225935519 0.018916119 0.973958671 -7.879158974 0.029153459 0.999232292 -0.026169905 0.048764229 -0.973706007 0.034306977 0.225210607 9.268629074
0.226242542 0.018762797 0.973890364 -7.875318527 0.029212452 0.999234080 -0.026037356 0.050122201 -0.973632932 0.034340482 0.225521147 9.264789581
0.226194143 0.018509554 0.973906457 -7.872149467 0.029282110 0.999238372 -0.025791906 0.048505783 -0.973642111 0.034352012 0.225479841 9.263814926
0.226184785 0.018690858 0.973905146 -7.871217728 0.029227458 0.999235511 -0.025964931 0.045933634 -0.973645926 0.034337644 0.225465596 9.264915466
0.226220429 0.018757751 0.973895669 -7.877323151 0.029187677 0.999235094 -0.026025640 0.048094302 -0.973638892 0.034313280 0.225499868 9.261322021
0.226147294 0.018713966 0.973913431 -7.871871948 0.029137604 0.999238074 -0.025966480 0.047728747 -0.973657370 0.034249753 0.225429714 9.265352249
0.226291239 0.018558620 0.973882973 -7.872275352 0.029274618 0.999237239 -0.025844028 0.048900843 -0.973619759 0.034358326 0.225575328 9.264564514
0.226020515 0.018774755 0.973941743 -7.874847412 0.028986916 0.999241889 -0.025989406 0.048085302 -0.973691285 0.034105703 0.225304961 9.268418312
0.226075947 0.018679148 0.973930657 -7.876274109 0.029169353 0.999237955 -0.025935531 0.046659410 -0.973672926 0.034272324 0.225358844 9.265509605
0.226112247 0.018585706 0.973924041 -7.869032860 0.029265830 0.999237001 -0.025863303 0.047675997 -0.973661602 0.034350704 0.225395799 9.265982628
0.226103485 0.018914340 0.973919630 -7.876583099 0.029038819 0.999236226 -0.026147611 0.051199973 -0.973670363 0.034193542 0.225381553 9.258501053
0.225931227 0.018847547 0.973960936 -7.879464149 0.028799322 0.999246538 -0.026017487 0.050529927 -0.973717511 0.033927578 0.225218177 9.261968613
0.225980401 0.018808426 0.973950326 -7.880627632 0.029031070 0.999239445 -0.026032722 0.050298959 -0.973699212 0.034157705 0.225262523 9.261373520
0.226003408 0.018889522 0.973943353 -7.880672455 0.029045010 0.999236763 -0.026119974 0.050298095 -0.973693371 0.034191396 0.225282252 9.261546135
0.225950420 0.018770846 0.973958015 -7.880408287 0.029044474 0.999240041 -0.025996186 0.048831016 -0.973705769 0.034161944 0.225233495 9.262859344
0.225851476 0.018796388 0.973980427 -7.882733345 0.029027022 0.999240041 -0.026014796 0.049195915 -0.973729253 0.034147233 0.225134194 9.264888763
0.225822687 0.018779568 0.973987520 -7.883846283 0.029093724 0.999238193 -0.026011925 0.050154805 -0.973733962 0.034211006 0.225104272 9.265410423
0.225920320 0.018903606 0.973962367 -7.879895210 0.028987125 0.999238491 -0.026118044 0.051611543 -0.973714411 0.034132965 0.225200295 9.263710022
0.226014376 0.018891409 0.973940790 -7.882813454 0.028977018 0.999239087 -0.026106574 0.051201999 -0.973692894 0.034122359 0.225294948 9.260084152
0.225963891 0.018814093 0.973953962 -7.882308006 0.029006409 0.999240160 -0.026032234 0.051078886 -0.973703742 0.034133252 0.225246489 9.261224747
0.225916862 0.018849501 0.973964214 -7.882250786 0.028895529 0.999243140 -0.026041230 0.050920755 -0.973717928 0.034026366 0.225201249 9.261352539
0.225979626 0.018836904 0.973949909 -7.881052017 0.029058807 0.999237716 -0.026068330 0.050212890 -0.973698556 0.034192733 0.225260019 9.260910034
0.226032376 0.018824881 0.973937869 -7.879924774 0.028962383 0.999241352 -0.026035579 0.049923182 -0.973689139 0.034092449 0.225315690 9.260396004
0.225955725 0.018845795 0.973955274 -7.880281448 0.029016694 0.999238968 -0.026066845 0.050323427 -0.973705351 0.034150913 0.225236893 9.261807442
0.226064444 0.018904343 0.973928869 -7.877087593 0.028922740 0.999240637 -0.026109084 0.051747948 -0.973682880 0.034071028 0.225346029 9.259716988
0.226030529 0.018849188 0.973937929 -7.879428864 0.028962398 0.999240756 -0.026060458 0.050041646 -0.973689616 0.034098037 0.225313008 9.260051727
0.225975513 0.018873485 0.973950207 -7.879117012 0.028958267 0.999240279 -0.026082452 0.050402373 -0.973702550 0.034097906 0.225257277 9.261064529
0.225813508 0.018727873 0.973990560 -7.882416725 0.028929785 0.999245286 -0.025920659 0.048780322 -0.973740935 0.034030572 0.225101292 9.264967918
0.226082742 0.018838296 0.973925948 -7.879650116 0.028953252 0.999241292 -0.026049038 0.050060749 -0.973677754 0.034087561 0.225365758 9.259567261
0.225979745 0.018726915 0.973952055 -7.879676819 0.029001467 0.999242663 -0.025942223 0.048789799 -0.973700285 0.034108452 0.225265503 9.261503220
0.225940168 0.018863486 0.973958611 -7.881043434 0.028958770 0.999240577 -0.026071040 0.050385922 -0.973710716 0.034095138 0.225222349 9.262271881
0.226057231 0.018962072 0.973929346 -7.879595757 0.028901814 0.999239802 -0.026163207 0.051363736 -0.973685086 0.034062706 0.225337327 9.259761810
0.225984335 0.018723650 0.973950922 -7.880176544 0.029137770 0.999237955 -0.025970569 0.049106330 -0.973695040 0.034247700 0.225266576 9.261225700
0.226044297 0.018871928 0.973934174 -7.879455566 0.029028179 0.999237776 -0.026099503 0.050781161 -0.973684430 0.034171183 0.225324154 9.260683060
0.226017833 0.018809345 0.973941565 -7.880230904 0.029025454 0.999239624 -0.026033709 0.049481809 -0.973690629 0.034153178 0.225300014 9.260967255
0.225916862 0.018808722 0.973964930 -7.880278587 0.028907150 0.999243855 -0.026002074 0.050271511 -0.973717511 0.034028858 0.225202322 9.262878418
0.226048231 0.018895626 0.973932862 -7.880064011 0.029011544 0.999237716 -0.026120109 0.051115483 -0.973684013 0.034159698 0.225327730 9.260177612
0.226006329 0.018804196 0.973944366 -7.878624916 0.029000394 0.999240637 -0.026022216 0.049794644 -0.973694086 0.034125954 0.225289404 9.260190964
0.226077139 0.018913567 0.973925889 -7.878478050 0.028956972 0.999239147 -0.026126929 0.051103324 -0.973679006 0.034108642 0.225357413 9.259333611
0.226091802 0.018808428 0.973924458 -7.879102707 0.029039439 0.999239087 -0.026038667 0.050138295 -0.973673105 0.034169346 0.225373566 9.259106636
0.226052105 0.018762503 0.973934591 -7.881439209 0.029004887 0.999241531 -0.025982128 0.049512446 -0.973683417 0.034122176 0.225336432 9.259853363
0.225941718 0.018940011 0.973956704 -7.881128311 0.028868558 0.999241650 -0.026128739 0.051373482 -0.973712981 0.034020297 0.225223601 9.262235641
0.225972772 0.018761529 0.973953009 -7.881503105 0.029002046 0.999241710 -0.025977619 0.049926221 -0.973701894 0.034116864 0.225257277 9.261613846
0.225986481 0.018800095 0.973949015 -7.882592201 0.029024310 0.999239922 -0.026022827 0.049256802 -0.973697960 0.034149006 0.225269079 9.261964798
0.225953579 0.018857958 0.973955572 -7.880992889 0.028973686 0.999240160 -0.026069298 0.049922675 -0.973707139 0.034109533 0.225235462 9.262356758
0.226006746 0.018791543 0.973944485 -7.878678322 0.028921345 0.999243736 -0.025990959 0.049246371 -0.973696291 0.034041915 0.225292325 9.261341095
0.225970209 0.018867318 0.973951519 -7.880691528 0.028980594 0.999239683 -0.026081096 0.049790800 -0.973703027 0.034119245 0.225251615 9.261888504
0.225960314 0.018753514 0.973955989 -7.880972862 0.029091451 0.999238849 -0.025989631 0.048408389 -0.973702013 0.034206420 0.225242734 9.262784958
0.225969017 0.018965449 0.973949909 -7.879210472 0.028880399 0.999240518 -0.026158560 0.051745981 -0.973706305 0.034039088 0.225249708 9.261919975
0.226013958 0.018862586 0.973941386 -7.879564285 0.028997235 0.999239147 -0.026081666 0.050814986 -0.973692358 0.034136429 0.225295067 9.261185646
0.226179063 0.018866047 0.973903120 -7.883329391 0.029420741 0.999223948 -0.026189223 0.050203443 -0.973641396 0.034576405 0.225448489 9.259595871
0.226654708 0.019450853 0.973780990 -7.879241943 0.029450418 0.999206543 -0.026813522 0.049687654 -0.973529875 0.034755670 0.225902021 9.260989189
0.226656258 0.020332156 0.973762691 -7.872175217 0.029279241 0.999188006 -0.027678177 0.051926345 -0.973534703 0.034784462 0.225876927 9.268005371
0.226889372 0.020879351 0.973696709 -7.859950066 0.028706364 0.999192417 -0.028115181 0.053244591 -0.973497391 0.034330331 0.226106822 9.276117325
0.228080750 0.020653056 0.973423243 -7.846503258 0.028935837 0.999189615 -0.027979638 0.049845904 -0.973212242 0.034548432 0.227298260 9.271887779
0.228476048 0.020750498 0.973328471 -7.834954262 0.028624104 0.999197423 -0.028021138 0.050621599 -0.973128736 0.034262814 0.227698743 9.281426430
0.229366243 0.020866958 0.973116636 -7.812991142 0.028218066 0.999207377 -0.028077517 0.049267828 -0.972931206 0.033899505 0.228595614 9.285018921
0.230545580 0.021147737 0.972831786 -7.795839310 0.027875522 0.999209940 -0.028327214 0.047823787 -0.972662210 0.033648908 0.229773939 9.293094635
0.232540905 0.022097412 0.972335577 -7.769923210 0.027593199 0.999189556 -0.029306810 0.047719002 -0.972195148 0.033644881 0.231742680 9.296743393
0.235547245 0.024387520 0.971556902 -7.730732918 0.027443442 0.999119580 -0.031732861 0.045567155 -0.971475422 0.034137454 0.234670579 9.308650017
0.240283132 0.027756609 0.970305920 -7.680858612 0.026537288 0.999029636 -0.035149880 0.041742802 -0.970340014 0.034195211 0.239313364 9.325525284
0.246938586 0.030875465 0.968539178 -7.614355087 0.025851397 0.998926640 -0.038435239 0.041675597 -0.968686342 0.034529235 0.245875359 9.349139214
0.255747676 0.032420386 0.966199815 -7.528808594 0.024381194 0.998903334 -0.039971303 0.038314313 -0.966436088 0.033779673 0.254676759 9.386597633
0.267337680 0.032217946 0.963064134 -7.409281731 0.023418354 0.998928487 -0.039918453 0.028623253 -0.963318288 0.033225082 0.266296685 9.428771973
0.281636894 0.032464974 0.958971739 -7.284727097 0.021522034 0.998962283 -0.040139541 0.025912851 -0.959279716 0.031943798 0.280645907 9.483972549
0.299148381 0.032707877 0.953645945 -7.126738548 0.020606663 0.998957813 -0.040726062 0.018128276 -0.953984141 0.031834595 0.298162580 9.556886673
0.320223272 0.031958248 0.946802914 -6.951670647 0.020628817 0.998958588 -0.040695686 0.006026953 -0.947117507 0.032563131 0.319230556 9.634749413
0.343950272 0.029786177 0.938515306 -6.753860950 0.021265253 0.998993278 -0.039498962 0.002990127 -0.938747048 0.033543445 0.342970610 9.729351997
0.370910227 0.026404707 0.928293347 -6.527488708 0.020386016 0.999123335 -0.036564894 -0.013602525 -0.928445041 0.032486498 0.370046794 9.843063354
0.400030553 0.022457438 0.916226625 -6.329869270 0.021047665 0.999210954 -0.033680998 -0.020982102 -0.916260123 0.032757860 0.399242222 9.943976402
0.431958675 0.019611109 0.901680171 -6.076941967 0.021622572 0.999251008 -0.032091733 -0.027098536 -0.901634157 0.033358946 0.431211114 10.088050842
0.465297639 0.018186979 0.884967506 -5.815209866 0.017624628 0.999400318 -0.029805360 -0.039057747 -0.884978831 0.029465586 0.464698076 10.265202522
0.499904275 0.017161921 0.865910649 -5.549425125 0.013018253 0.999541819 -0.027326073 -0.055409618 -0.865982890 0.024933064 0.499451816 10.462472916
0.536511302 0.017514702 0.843711376 -5.261086941 0.007477289 0.999646664 -0.025506549 -0.068061061 -0.843860030 0.019993225 0.536190748 10.672119141
0.573610842 0.017547503 0.818939924 -4.985108376 0.004759730 0.999682248 -0.024754148 -0.073751010 -0.819114089 0.018097181 0.573345065 10.900154114
0.611140490 0.018053623 0.791316271 -4.709844112 0.000114249 0.999737799 -0.022896931 -0.091503501 -0.791522145 0.014083648 0.610978186 11.159785271
0.649363339 0.016862014 0.760291398 -4.405895233 -0.001200915 0.999775648 -0.021147687 -0.101747110 -0.760477424 0.012819488 0.649237871 11.453221321
0.686079621 0.018389409 0.727294087 -4.110938072 -0.003164568 0.999746442 -0.022293052 -0.108284600 -0.727519691 0.012993238 0.685963869 11.778587341
0.720780611 0.019786837 0.692880750 -3.836877108 -0.004250413 0.999699831 -0.024127215 -0.130412474 -0.693150222 0.014445402 0.720648408 12.117205620
0.754689038 0.020130618 0.655773759 -3.567582846 -0.006290880 0.999705255 -0.023448676 -0.144662797 -0.656052470 0.013571063 0.754593253 12.483602524
0.786169291 0.017055357 0.617775917 -3.287707329 -0.006351264 0.999789298 -0.019519372 -0.156320155 -0.617978632 0.011421874 0.786111951 12.895730972
0.815318286 0.013988983 0.578844011 -3.010624170 -0.006615730 0.999867916 -0.014845466 -0.162693918 -0.578975201 0.008274305 0.815303147 13.338654518
0.843483746 0.011608972 0.537029266 -2.724169970 -0.006185577 0.999910057 -0.011899714 -0.178508133 -0.537119150 0.006715379 0.843479693 13.802925110
0.868037164 0.013945180 0.496303409 -2.479306221 -0.007792267 0.999864995 -0.014465590 -0.183588058 -0.496438116 0.008689341 0.868028641 14.300559044
0.890448213 0.016529359 0.454784364 -2.233896732 -0.011622332 0.999840200 -0.013583655 -0.192573696 -0.454936206 0.006809886 0.890497983 14.836122513
0.909996212 0.011677939 0.414452106 -1.976275206 -0.007930277 0.999910653 -0.010762095 -0.210468024 -0.414540768 0.006506747 0.910007477 15.435803413
0.926156044 0.008559867 0.377043396 -1.752873302 -0.005969905 0.999949872 -0.008037205 -0.217520893 -0.377093285 0.005192793 0.926160753 16.029182434
0.939871967 0.005491574 0.341482908 -1.547014952 -0.002966261 0.999964237 -0.007916860 -0.223961666 -0.341514170 0.006427908 0.939854622 16.656486511
0.951923668 0.001412591 0.306332082 -1.339866161 0.001495676 0.999956012 -0.009258902 -0.236082762 -0.306331694 0.009271941 0.951879680 17.313528061
0.962157190 -0.008158731 0.272372901 -1.155597210 0.011242447 0.999889135 -0.009762994 -0.252170444 -0.272263050 0.012455672 0.962142229 17.994224548
0.971195996 -0.015154735 0.237799630 -0.984310746 0.018183770 0.999778986 -0.010549297 -0.265480995 -0.237587214 0.014569528 0.971256971 18.705333710
0.978804290 -0.016595300 0.204124495 -0.853603840 0.019320415 0.999748766 -0.011364512 -0.273966342 -0.203884602 0.015067403 0.978878975 19.437335968
0.984923184 -0.017094299 0.172145516 -0.741668940 0.019344097 0.999747872 -0.011400003 -0.284685284 -0.171907246 0.014558126 0.985005558 20.186050415
0.989802957 -0.018696085 0.141211167 -0.643151700 0.020754268 0.999698579 -0.013116428 -0.297691286 -0.140923381 0.015913414 0.989892602 20.972528458
0.993580520 -0.017131422 0.111822404 -0.568868220 0.019053394 0.999688148 -0.016141674 -0.321537703 -0.111511000 0.018168649 0.993597090 21.760654449
0.996249914 -0.015481275 0.085125871 -0.502705991 0.017161604 0.999671340 -0.019043101 -0.339648426 -0.084803082 0.020432584 0.996188223 22.581306458
0.998026967 -0.012129907 0.061603561 -0.464290321 0.013383525 0.999710858 -0.019978076 -0.366924703 -0.061343413 0.020763133 0.997900724 23.440845490
0.999089777 -0.009021487 0.041692231 -0.448509246 0.009893227 0.999735773 -0.020750139 -0.384563237 -0.041494016 0.021143721 0.998915017 24.315189362
0.999656320 -0.005558748 0.025620116 -0.441060632 0.006112961 0.999747932 -0.021604644 -0.409373850 -0.025493562 0.021753835 0.999438286 25.223896027
0.999906242 -0.002259752 0.013504026 -0.449731290 0.002562806 0.999744296 -0.022466796 -0.438289255 -0.013449804 0.022499297 0.999656379 26.160924911
0.999989092 0.000439171 0.004645962 -0.459005088 -0.000334419 0.999746263 -0.022523558 -0.467441589 -0.004654675 0.022521758 0.999735534 27.116769791
0.999993265 0.002826944 -0.002346820 -0.461365193 -0.002877362 0.999758959 -0.021765698 -0.494046569 0.002284724 0.021772303 0.999760330 28.092567444
0.999964595 0.005378826 -0.006475126 -0.478754282 -0.005506440 0.999787688 -0.019854596 -0.521394193 0.006366957 0.019889548 0.999781907 29.086343765
0.999943912 0.006746145 -0.008162115 -0.500672698 -0.006902881 0.999789357 -0.019329559 -0.550307155 0.008029995 0.019384818 0.999779820 30.108871460
0.999933600 0.007697022 -0.008574830 -0.504177332 -0.007870137 0.999762118 -0.020341257 -0.576964557 0.008416223 0.020407392 0.999756336 31.163793564
0.999921560 0.009023719 -0.008682578 -0.522459209 -0.009203447 0.999739468 -0.020887518 -0.604409993 0.008491833 0.020965789 0.999744117 32.233139038
0.999933004 0.006997029 -0.009220408 -0.535649955 -0.007171986 0.999792218 -0.019080486 -0.632546306 0.009084986 0.019145338 0.999775410 33.321762085
0.999929070 0.006445720 -0.010012363 -0.552303314 -0.006603187 0.999853790 -0.015774656 -0.657959282 0.009909220 0.015839651 0.999825418 34.432731628
0.999922931 0.006220562 -0.010744994 -0.568905950 -0.006341633 0.999916375 -0.011270571 -0.684672296 0.010673986 0.011337843 0.999878764 35.586448669
0.999910772 0.006323121 -0.011765077 -0.590017319 -0.006421255 0.999944746 -0.008322106 -0.706622064 0.011711805 0.008396910 0.999896169 36.730808258
0.999897599 0.005721800 -0.013115617 -0.605682075 -0.005811406 0.999959946 -0.006804131 -0.727484226 0.013076159 0.006879655 0.999890864 37.891674042
0.999882400 0.005358067 -0.014368312 -0.629126489 -0.005432668 0.999971926 -0.005158055 -0.747936904 0.014340271 0.005235507 0.999883473 39.055946350
0.999852002 0.006033959 -0.016109386 -0.656988025 -0.006093200 0.999974847 -0.003630867 -0.767661989 0.016087074 0.003728488 0.999863625 40.208923340
0.999827981 0.005681315 -0.017656652 -0.682264566 -0.005722228 0.999981046 -0.002267470 -0.787327290 0.017643435 0.002368115 0.999841511 41.399761200
0.999791741 0.006170966 -0.019451179 -0.708448946 -0.006185461 0.999980628 -0.000685135 -0.808494329 0.019446574 0.000805306 0.999810576 42.553783417
0.999765038 0.005803770 -0.020885667 -0.740733862 -0.005802165 0.999983132 0.000137455 -0.836284816 0.020886112 -0.000016240 0.999781847 43.716449738
0.999718308 0.006962779 -0.022690328 -0.770957947 -0.007047878 0.999968410 -0.003672612 -0.857268929 0.022664038 0.003831496 0.999735773 44.867248535
0.999665260 0.008488119 -0.024440501 -0.805901587 -0.008667492 0.999936223 -0.007242623 -0.882919967 0.024377465 0.007452036 0.999675035 46.023586273
0.999638557 0.007620910 -0.025780814 -0.839746296 -0.007789112 0.999948978 -0.006430223 -0.906578958 0.025730494 0.006628708 0.999646962 47.179832458
0.999569774 0.010233447 -0.027487645 -0.881610155 -0.010332138 0.999940693 -0.003450751 -0.934493542 0.027450699 0.003733272 0.999616206 48.346588135
0.999575019 0.007357915 -0.028207561 -0.917798281 -0.007384859 0.999972343 -0.000851167 -0.962138295 0.028200518 0.001059114 0.999601722 49.499683380
0.999528766 0.008245025 -0.029567257 -0.951472759 -0.008257565 0.999965847 -0.000302033 -0.982866466 0.029563757 0.000546044 0.999562740 50.649631500
0.999516845 0.008909817 -0.029778138 -0.994360030 -0.008976084 0.999957502 -0.002092453 -1.006732106 0.029758230 0.002358733 0.999554336 51.801326752
0.999519646 0.007610166 -0.030042516 -1.023952365 -0.007734890 0.999961913 -0.004037553 -1.030521989 0.030010646 0.004267989 0.999540448 52.930885315
0.999535501 0.008033708 -0.029398883 -1.072821021 -0.008201108 0.999950826 -0.005577951 -1.056442976 0.029352624 0.005816463 0.999552190 54.095199585
0.999548256 0.006260374 -0.029395102 -1.116154909 -0.006520204 0.999940455 -0.008751718 -1.086199999 0.029338563 0.008939427 0.999529541 55.241039276
0.999553144 0.004729517 -0.029515972 -1.146073103 -0.005079100 0.999917686 -0.011780147 -1.119299173 0.029457828 0.011924797 0.999494910 56.365280151
0.999562025 0.002688345 -0.029471640 -1.187384367 -0.003035391 0.999926507 -0.011737158 -1.150397301 0.029437922 0.011821475 0.999496698 57.491142273
0.999557197 0.000955670 -0.029739743 -1.223124266 -0.001155534 0.999976873 -0.006703952 -1.179772973 0.029732648 0.006735349 0.999535203 58.632781982
0.999559224 -0.000200766 -0.029687209 -1.262646437 0.000216825 0.999999821 0.000537729 -1.203014970 0.029687095 -0.000543929 0.999559104 59.762405396
0.999556243 -0.001664508 -0.029741604 -1.292772889 0.001785786 0.999990225 0.004051635 -1.222046494 0.029734569 -0.004102949 0.999549389 60.892692566
0.999544859 -0.005250016 -0.029706784 -1.331738353 0.005301192 0.999984622 0.001644206 -1.243428588 0.029697694 -0.001800939 0.999557316 62.008148193
0.999516010 -0.009391683 -0.029656306 -1.366755724 0.009338234 0.999954522 -0.001940265 -1.265421510 0.029673178 0.001662388 0.999558270 63.136970520
0.999536812 -0.008199515 -0.029307278 -1.406920552 0.007990829 0.999941945 -0.007230660 -1.290577650 0.029364863 0.006993121 0.999544322 64.234939575
0.999545693 -0.006973624 -0.029321035 -1.441436529 0.006632688 0.999909461 -0.011708939 -1.321312070 0.029400034 0.011509142 0.999501467 65.356719971
0.999574780 -0.004397982 -0.028826028 -1.488203764 0.003995185 0.999893785 -0.014016103 -1.347235203 0.028884608 0.013894977 0.999486148 66.471107483
0.999616265 0.000130892 -0.027700890 -1.534212112 -0.000439827 0.999937773 -0.011146744 -1.381910563 0.027697707 0.011154650 0.999554098 67.596893311
0.999631286 0.003680129 -0.026902901 -1.578192949 -0.003901032 0.999959052 -0.008163260 -1.414216042 0.026871758 0.008265199 0.999604702 68.711799622
0.999620199 0.003940785 -0.027275821 -1.606273174 -0.004128923 0.999968052 -0.006844734 -1.437577367 0.027247975 0.006954754 0.999604523 69.812583923
0.999615371 0.003301239 -0.027536569 -1.640328169 -0.003444394 0.999980807 -0.005152897 -1.466474295 0.027519029 0.005245761 0.999607503 70.908065796
0.999615133 0.001853960 -0.027679594 -1.678860784 -0.001975768 0.999988496 -0.004373956 -1.490401626 0.027671166 0.004426960 0.999607265 71.995903015
0.999599099 0.000287764 -0.028311938 -1.715854287 -0.000377795 0.999994874 -0.003174693 -1.515783429 0.028310880 0.003184116 0.999594092 73.111175537
0.999581575 -0.001502683 -0.028885579 -1.748742342 0.001457143 0.999997675 -0.001597551 -1.538406610 0.028887911 0.001554792 0.999581456 74.195960999
0.999557972 -0.002795856 -0.029599020 -1.780791759 0.002724010 0.999993265 -0.002467361 -1.566872478 0.029605718 0.002385643 0.999558806 75.279342651
0.999535024 -0.003215468 -0.030321920 -1.811921835 0.003039218 0.999978244 -0.005856922 -1.595002294 0.030340092 0.005762043 0.999523044 76.363388062
0.999527633 -0.002567864 -0.030624656 -1.856254578 0.002309058 0.999961376 -0.008483265 -1.622112274 0.030645255 0.008408544 0.999494970 77.435081482
0.999506116 -0.000869667 -0.031413332 -1.896383882 0.000617857 0.999967635 -0.008024852 -1.649852514 0.031419292 0.008001480 0.999474287 78.528266907
0.999484003 0.000463778 -0.032117456 -1.936874032 -0.000604368 0.999990284 -0.004367813 -1.674388051 0.032115117 0.004384969 0.999474585 79.603385925
0.999471843 0.001670545 -0.032453798 -1.983748913 -0.001664432 0.999998569 0.000215361 -1.699510336 0.032454111 -0.000161230 0.999473214 80.670303345
0.999455452 0.003268348 -0.032834589 -2.029619694 -0.003214317 0.999993384 0.001698186 -1.720520854 0.032839924 -0.001591721 0.999459386 81.752761841
0.999432445 0.003995024 -0.033449199 -2.070265770 -0.004005786 0.999991953 -0.000254746 -1.741445422 0.033447914 0.000388592 0.999440372 82.816291809
0.999415755 0.003440176 -0.034004088 -2.110454559 -0.003510838 0.999991775 -0.002018557 -1.761531711 0.033996865 0.002136760 0.999419630 83.889335632
0.999399781 0.003299139 -0.034483925 -2.153931141 -0.003380686 0.999991596 -0.002306738 -1.781796694 0.034476023 0.002421933 0.999402583 84.961952209
0.999387085 0.002451418 -0.034919966 -2.192888260 -0.002577343 0.999990344 -0.003561542 -1.811068416 0.034910899 0.003649360 0.999383748 86.027137756
0.999357224 0.001247987 -0.035826702 -2.229624510 -0.001376406 0.999992728 -0.003560012 -1.828249574 0.035821997 0.003607036 0.999351680 87.085502625
0.999342084 0.000792707 -0.036260251 -2.269770145 -0.000885621 0.999996364 -0.002546431 -1.847984076 0.036258098 0.002576869 0.999339163 88.140060425
0.999326050 0.001358244 -0.036681753 -2.315364599 -0.001380677 0.999998868 -0.000586237 -1.873847961 0.036680914 0.000636488 0.999326825 89.202407837
0.999345362 0.002103918 -0.036116630 -2.360253811 -0.002140753 0.999997199 -0.000981273 -1.891131401 0.036114465 0.001057947 0.999347091 90.248970032
0.999396086 0.001837438 -0.034700125 -2.405152559 -0.001900121 0.999996603 -0.001773547 -1.911634564 0.034696750 0.001838410 0.999396205 91.297271729
0.999440551 0.000905844 -0.033433400 -2.447515249 -0.001011567 0.999994516 -0.003145421 -1.937098861 0.033430368 0.003177481 0.999436021 92.352371216
0.999461472 0.000185177 -0.032813933 -2.481573582 -0.000269048 0.999996722 -0.002551554 -1.961674213 0.032813352 0.002559008 0.999458194 93.386085510
0.999498367 0.000017582 -0.031671159 -2.521167994 -0.000075197 0.999998331 -0.001817961 -1.978352666 0.031671077 0.001819430 0.999496698 94.427093506
0.999532521 -0.000183090 -0.030572306 -2.554007769 0.000162778 0.999999762 -0.000666880 -1.997284889 0.030572422 0.000661592 0.999532342 95.466041565
0.999566138 0.001438492 -0.029418871 -2.592214584 -0.001431891 0.999998927 0.000245442 -2.016982317 0.029419193 -0.000203211 0.999567151 96.507194519
0.999617875 0.002220834 -0.027552309 -2.625011683 -0.002200061 0.999997258 0.000784261 -2.035404205 0.027553976 -0.000723345 0.999620080 97.541175842
0.999653041 0.003325534 -0.026128734 -2.655774832 -0.003385592 0.999991715 -0.002254657 -2.054478884 0.026121020 0.002342336 0.999656022 98.581817627
0.999688983 0.003394884 -0.024705809 -2.675910473 -0.003605619 0.999957442 -0.008490257 -2.080121994 0.024675934 0.008576696 0.999658704 99.597511292
0.999728143 0.002823402 -0.023143269 -2.707911491 -0.003141632 0.999900877 -0.013725612 -2.114047527 0.023102222 0.013794589 0.999637961 100.621261597
0.999766231 0.002754990 -0.021445315 -2.732528925 -0.003065771 0.999890566 -0.014472445 -2.147103310 0.021403097 0.014534808 0.999665260 101.638069153
0.999819815 0.004596309 -0.018416639 -2.765096426 -0.004796066 0.999929965 -0.010817105 -2.178923130 0.018365631 0.010903484 0.999771893 102.671005249
0.999886513 0.005096758 -0.014174980 -2.781136036 -0.005158396 0.999977410 -0.004315262 -2.202159405 0.014152666 0.004387893 0.999890208 103.702499390
0.999923825 0.005664116 -0.010964703 -2.792786360 -0.005649450 0.999983132 0.001368136 -2.225563765 0.010972267 -0.001306088 0.999938965 104.726417542
0.999963522 0.003036283 -0.007983034 -2.803079844 -0.003027912 0.999994874 0.001060592 -2.247347593 0.007986214 -0.001036381 0.999967575 105.733100891
0.999981403 0.000889303 -0.006033840 -2.811427832 -0.000929148 0.999977767 -0.006603902 -2.272792339 0.006027833 0.006609385 0.999960005 106.727958679
0.999987602 -0.001908705 -0.004601485 -2.817461729 0.001827627 0.999844134 -0.017560041 -2.297358751 0.004634285 0.017551413 0.999835193 107.725044250
0.999988675 -0.002407337 -0.004106030 -2.820077658 0.002310494 0.999722838 -0.023429349 -2.332559347 0.004161295 0.023419596 0.999717057 108.719451904
0.999993443 -0.001490192 -0.003304054 -2.830666065 0.001404313 0.999665022 -0.025843702 -2.370330334 0.003341459 0.025838893 0.999660552 109.716621399
0.999994338 0.001937771 -0.002750742 -2.852142811 -0.002004145 0.999701858 -0.024335377 -2.406831503 0.002702765 0.024340753 0.999700069 110.715904236
0.999992251 0.002738398 -0.002828199 -2.854836702 -0.002798386 0.999766469 -0.021429043 -2.441682577 0.002768857 0.021436792 0.999766350 111.739219666
0.999974608 0.006283704 -0.003364690 -2.871498823 -0.006334093 0.999864697 -0.015180762 -2.474676371 0.003268844 0.015201689 0.999879122 112.757377625
0.999969006 0.007046066 -0.003520650 -2.887253523 -0.007077714 0.999933898 -0.009059299 -2.502332926 0.003456585 0.009083936 0.999952793 113.782760620
0.999975324 0.004954977 -0.004975502 -2.891531706 -0.004976857 0.999977946 -0.004394735 -2.525347233 0.004953617 0.004419389 0.999977946 114.826942444
0.999962330 0.005860423 -0.006406783 -2.906980753 -0.005856171 0.999982595 0.000682253 -2.545153856 0.006410670 -0.000644708 0.999979258 115.864364624
0.999951780 0.005271045 -0.008286988 -2.916643858 -0.005220896 0.999967992 0.006061648 -2.557632208 0.008318675 -0.006018091 0.999947309 116.923011780
0.999947071 0.003864019 -0.009536199 -2.932576656 -0.003777276 0.999951482 0.009097483 -2.568899870 0.009570890 -0.009060980 0.999913156 117.987663269
0.999941409 0.002112595 -0.010615415 -2.949594498 -0.002049777 0.999980330 0.005924973 -2.573956013 0.010627723 -0.005902866 0.999926090 119.051887512
0.999927104 -0.001504252 -0.011980161 -2.953794956 0.001529697 0.999996603 0.002115020 -2.581569910 0.011976940 -0.002133191 0.999925971 120.131675720
0.999919891 -0.001296691 -0.012589141 -2.980250120 0.001207058 0.999973893 -0.007124892 -2.590370655 0.012598051 0.007109126 0.999895394 121.222671509
0.999904573 -0.004461509 -0.013075793 -2.995088816 0.004234524 0.999840736 -0.017335780 -2.627491474 0.013151055 0.017278755 0.999764204 122.299263000
0.999885082 -0.005835585 -0.013992956 -3.015774965 0.005496759 0.999693692 -0.024131445 -2.651828527 0.014129491 0.024051756 0.999610841 123.389389038
0.999879479 -0.005728356 -0.014428165 -3.030996799 0.005419607 0.999757409 -0.021348011 -2.693485022 0.014546953 0.021267245 0.999668002 124.514846802
0.999875188 -0.004894773 -0.015021039 -3.062982798 0.004652775 0.999859512 -0.016103463 -2.730190516 0.015097751 0.016031563 0.999757469 125.644096375
0.999856949 -0.006310907 -0.015694141 -3.083865166 0.006132142 0.999916077 -0.011412686 -2.757623196 0.015764849 0.011314814 0.999811709 126.765892029
0.999843180 -0.005263561 -0.016907936 -3.106579304 0.005096492 0.999937892 -0.009909055 -2.787413120 0.016959043 0.009821330 0.999807954 127.902969360
0.999825656 -0.003946876 -0.018250173 -3.138595104 0.003722006 0.999916971 -0.012339136 -2.819099903 0.018297359 0.012269057 0.999757290 129.042236328
0.999801874 -0.003620569 -0.019573387 -3.169706345 0.003334180 0.999887228 -0.014644411 -2.852032423 0.019624202 0.014576249 0.999701142 130.196044922
0.999758780 -0.003192081 -0.021729982 -3.194334984 0.002936323 0.999926150 -0.011791603 -2.879411221 0.021766018 0.011724952 0.999694347 131.366363525
0.999724090 -0.003137693 -0.023277443 -3.227979422 0.002978643 0.999971986 -0.006864294 -2.911183596 0.023298329 0.006793065 0.999705493 132.528045654
0.999698102 -0.002488945 -0.024444148 -3.266933441 0.002362179 0.999983609 -0.005213462 -2.939836979 0.024456723 0.005154146 0.999687612 133.659835815
0.999661207 -0.002895686 -0.025867689 -3.303672552 0.002780645 0.999986112 -0.004482166 -2.966331720 0.025880309 0.004408719 0.999655306 134.820373535
0.999618530 -0.002952343 -0.027461281 -3.347525120 0.002820573 0.999984324 -0.004835881 -2.994167566 0.027475128 0.004756580 0.999611199 135.955200195
0.999573231 -0.003482207 -0.029004604 -3.383896828 0.003325295 0.999979556 -0.005456359 -3.019020796 0.029023012 0.005357582 0.999564409 137.098510742
0.999519587 -0.002559840 -0.030888285 -3.422131777 0.002410621 0.999985278 -0.004867205 -3.044682503 0.030900288 0.004790407 0.999511003 138.236526489
0.999505699 -0.001361212 -0.031409293 -3.469544172 0.001266980 0.999994636 -0.003019839 -3.065334082 0.031413238 0.002978551 0.999502063 139.375976562
0.999491036 -0.001766088 -0.031852856 -3.511133909 0.001682315 0.999995053 -0.002656603 -3.092524290 0.031857390 0.002601665 0.999489009 140.519241333
0.999504089 -0.001652238 -0.031446047 -3.555870533 0.001508979 0.999988377 -0.004578918 -3.116947889 0.031453248 0.004529196 0.999494970 141.671859741
0.999506176 -0.000925723 -0.031409584 -3.602602720 0.000697514 0.999973297 -0.007275765 -3.143599749 0.031415481 0.007250263 0.999480128 142.800018311
0.999483883 -0.002676920 -0.032011811 -3.634168148 0.002488172 0.999979317 -0.005934576 -3.166783810 0.032027032 0.005851862 0.999469876 143.899230957
0.999441445 -0.003127020 -0.033272166 -3.675791979 0.003080369 0.999994218 -0.001453270 -3.189162016 0.033276517 0.001349968 0.999445260 145.042297363
0.999380171 -0.004725692 -0.034884628 -3.717775345 0.004818913 0.999985039 0.002588668 -3.213073730 0.034871873 -0.002755169 0.999387980 146.171096802
0.999329448 -0.004830261 -0.036295760 -3.766275167 0.004944514 0.999983072 0.003058752 -3.227086782 0.036280371 -0.003236165 0.999336421 147.292572021
0.999279261 -0.004321018 -0.037713543 -3.809686899 0.004388496 0.999988914 0.001706621 -3.249057293 0.037705753 -0.001870897 0.999287128 148.407501221
0.999233246 -0.003437296 -0.039001018 -3.856806278 0.003368978 0.999992669 -0.001817286 -3.273816109 0.039006978 0.001684499 0.999237537 149.522277832
0.999245107 -0.003326786 -0.038705345 -3.906681299 0.003152180 0.999984562 -0.004571315 -3.299525738 0.038719956 0.004445858 0.999240220 150.620223999
0.999296665 -0.001934866 -0.037448503 -3.962913990 0.001792400 0.999991059 -0.003837510 -3.325405121 0.037455592 0.003767688 0.999291182 151.696517944
0.999350250 -0.002321281 -0.035967194 -4.004972935 0.002230183 0.999994218 -0.002572720 -3.351289034 0.035972957 0.002490835 0.999349654 152.799301147
0.999391139 -0.002942819 -0.034766339 -4.044040203 0.002895393 0.999994814 -0.001414405 -3.374579906 0.034770321 0.001312881 0.999394476 153.866394043
0.999444246 -0.002251768 -0.033258669 -4.091811180 0.002198693 0.999996245 -0.001632318 -3.399702311 0.033262219 0.001558286 0.999445438 154.953384399
0.999489367 -0.002315405 -0.031869471 -4.125669956 0.002243973 0.999994874 -0.002276969 -3.421623468 0.031874578 0.002204292 0.999489427 156.012695312
0.999561548 -0.001362499 -0.029578365 -4.175506115 0.001309792 0.999997497 -0.001801249 -3.445005178 0.029580748 0.001761718 0.999560833 157.059005737
0.999602258 -0.000521851 -0.028195634 -4.206217766 0.000495573 0.999999464 -0.000938965 -3.466644526 0.028196108 0.000924618 0.999601960 158.110626221
0.999653101 0.000368586 -0.026335053 -4.255617619 -0.000390912 0.999999583 -0.000842599 -3.494884014 0.026334731 0.000852601 0.999652803 159.161911011
0.999664068 0.002300507 -0.025815705 -4.282236099 -0.002386921 0.999991655 -0.003317017 -3.521370411 0.025807859 0.003377523 0.999661207 160.223342896
0.999710858 0.001015910 -0.024023810 -4.308350086 -0.001120601 0.999989927 -0.004344743 -3.543240070 0.024019156 0.004370408 0.999701917 161.258468628
0.999742389 0.003059680 -0.022489278 -4.339528084 -0.003198244 0.999976099 -0.006127971 -3.575148344 0.022469990 0.006198318 0.999728322 162.300842285
0.999775946 0.005196321 -0.020518972 -4.377600193 -0.005356103 0.999955714 -0.007739772 -3.604599714 0.020477844 0.007847940 0.999759495 163.321701050
0.999816656 0.000827302 -0.019129209 -4.394750118 -0.001049431 0.999932110 -0.011604919 -3.626448631 0.019118309 0.011622867 0.999749660 164.353347778
0.999853492 -0.000611766 -0.017107300 -4.414051056 0.000442073 0.999950707 -0.009921354 -3.652196407 0.017112527 0.009912338 0.999804437 165.379882812
0.999885082 -0.002287867 -0.014987764 -4.437728405 0.002173683 0.999968529 -0.007630343 -3.682013512 0.015004749 0.007596888 0.999858558 166.392196655
0.999898434 -0.000975924 -0.014216734 -4.470445156 0.000889406 0.999981046 -0.006090718 -3.712211132 0.014222409 0.006077455 0.999880373 167.410919189
0.999906957 0.003045849 -0.013295515 -4.492374897 -0.003200164 0.999927580 -0.011600752 -3.735795975 0.013259218 0.011642221 0.999844313 168.413024902
0.999885678 0.008364060 -0.012597031 -4.522581577 -0.008594987 0.999793947 -0.018390715 -3.765610695 0.012440613 0.018496884 0.999751508 169.420837402
0.999813497 0.014828226 -0.012372435 -4.562155247 -0.015089553 0.999659181 -0.021302700 -3.798251152 0.012052338 0.021485422 0.999696493 170.426208496
0.999756515 0.017266242 -0.013741021 -4.579730511 -0.017522093 0.999671161 -0.018722309 -3.835487127 0.013413238 0.018958522 0.999730289 171.479644775
0.999689281 0.018891620 -0.016260123 -4.605229855 -0.019186923 0.999650240 -0.018201049 -3.865620375 0.015910588 0.018507376 0.999702096 172.496734619
0.999682605 0.017286977 -0.018325200 -4.633762360 -0.017586738 0.999712050 -0.016324906 -3.900197029 0.018037716 0.016642006 0.999698818 173.526794434
0.999769151 0.010074742 -0.018977474 -4.676359653 -0.010367173 0.999828041 -0.015374529 -3.936182261 0.018819317 0.015567723 0.999701679 174.545394897
0.999771118 0.006664633 -0.020329980 -4.698213577 -0.006884641 0.999918282 -0.010771087 -3.957654953 0.020256534 0.010908587 0.999735296 175.580856323
0.999709964 0.006476880 -0.023196608 -4.710890770 -0.006590908 0.999966562 -0.004842681 -3.976465702 0.023164466 0.004994163 0.999719203 176.662658691
0.999690950 0.002136733 -0.024767896 -4.743491173 -0.002006644 0.999984086 0.005275964 -3.994779348 0.024778776 -0.005224633 0.999679327 177.712036133
0.999652863 -0.001901265 -0.026277741 -4.769518852 0.002151021 0.999952734 0.009479475 -4.003762245 0.026258478 -0.009532709 0.999609709 178.774276733
0.999591768 -0.005608440 -0.028016107 -4.771670341 0.005823607 0.999954104 0.007604429 -4.007164001 0.027972173 -0.007764479 0.999578536 179.871505737
0.999527752 -0.003391813 -0.030541765 -4.787167549 0.003416073 0.999993861 0.000742168 -3.995543957 0.030539060 -0.000846150 0.999533236 180.992828369
0.999504209 -0.005499362 -0.031001450 -4.910031319 0.005319641 0.999968588 -0.005876677 -4.027929306 0.031032795 0.005708847 0.999502063 182.188674927
0.999523461 -0.003592805 -0.030658888 -4.950646877 0.003301362 0.999948919 -0.009551329 -4.047753811 0.030691637 0.009445561 0.999484241 183.259536743
0.999556720 -0.003344660 -0.029584097 -4.975931644 0.002985756 0.999921501 -0.012167520 -4.072314262 0.029622471 0.012073795 0.999488235 184.357635498
0.999575436 0.000932887 -0.029120978 -5.009442329 -0.001302415 0.999918818 -0.012673029 -4.103001595 0.029106794 0.012705576 0.999495566 185.423385620
0.999558985 -0.003356468 -0.029506052 -5.029692650 0.002950881 0.999900699 -0.013778715 -4.131461143 0.029549371 0.013685569 0.999469638 186.547119141
0.999558091 -0.002917049 -0.029582279 -5.083697319 0.002465880 0.999880254 -0.015276380 -4.162791252 0.029623298 0.015196683 0.999445617 187.701400757
0.999562800 -0.003368011 -0.029374473 -5.114599228 0.002911056 0.999874294 -0.015585103 -4.193365097 0.029423272 0.015492778 0.999446988 188.843566895
0.999605894 -0.003366879 -0.027869457 -5.138844013 0.002960417 0.999888837 -0.014612912 -4.225073814 0.027915560 0.014524648 0.999504745 189.902008057
0.999632657 0.000146483 -0.027102480 -5.181849957 -0.000514427 0.999907792 -0.013569577 -4.257747650 0.027097993 0.013578534 0.999540567 191.014022827
0.999662340 0.001812715 -0.025921896 -5.227265835 -0.002123824 0.999925971 -0.011979308 -4.288085938 0.025898263 0.012030317 0.999592185 192.152832031
0.999675870 0.000764759 -0.025446290 -5.250148773 -0.001003528 0.999955595 -0.009371796 -4.319971561 0.025437994 0.009394295 0.999632239 193.295516968
0.999708772 -0.002324819 -0.024019493 -5.286720276 0.002081686 0.999946415 -0.010142360 -4.349755764 0.024041785 0.010089405 0.999660015 194.430297852
0.999698341 -0.004217676 -0.024194766 -5.310262680 0.003861231 0.999883592 -0.014760191 -4.384374619 0.024254203 0.014662317 0.999598265 195.555679321
0.999709129 -0.004968968 -0.023601199 -5.344045162 0.004521878 0.999810040 -0.018959280 -4.419395924 0.023690922 0.018847043 0.999541640 196.679351807
0.999727428 -0.004288116 -0.022950057 -5.368317604 0.003924156 0.999866188 -0.015880426 -4.455340385 0.023015084 0.015786039 0.999610484 197.801925659
0.999746323 -0.000766908 -0.022509113 -5.406329632 0.000518742 0.999939024 -0.011028916 -4.492882729 0.022516200 0.011014442 0.999685824 198.935470581
0.999757648 0.003940198 -0.021659147 -5.439992428 -0.004129077 0.999953806 -0.008682760 -4.527428627 0.021623934 0.008770089 0.999727726 200.054763794
0.999788284 0.003697716 -0.020241478 -5.476551533 -0.003903235 0.999941170 -0.010123260 -4.558789253 0.020202853 0.010200124 0.999743879 201.171295166
0.999767840 0.006684011 -0.020483583 -5.505820751 -0.006885126 0.999928653 -0.009763614 -4.588090420 0.020416861 0.009902379 0.999742508 202.284744263
0.999780476 0.004946269 -0.020361388 -5.528480053 -0.005116656 0.999952257 -0.008324609 -4.617161751 0.020319240 0.008426964 0.999758005 203.403549194
0.999761641 0.004943036 -0.021265745 -5.556162834 -0.005138888 0.999944806 -0.009164911 -4.647754192 0.021219268 0.009272008 0.999731839 204.498565674
0.999754965 0.005212486 -0.021513170 -5.582952499 -0.005410857 0.999943316 -0.009173034 -4.680023670 0.021464135 0.009287191 0.999726474 205.606582642
0.999746382 0.005943294 -0.021721235 -5.611621857 -0.006090113 0.999958992 -0.006699353 -4.707525253 0.021680528 0.006829938 0.999741614 206.699417114
0.999749601 0.007634409 -0.021035826 -5.644983292 -0.007686890 0.999967515 -0.002415142 -4.735069275 0.021016706 0.002576237 0.999775827 207.793212891
0.999762833 0.006694328 -0.020722292 -5.664047718 -0.006705074 0.999977410 -0.000449152 -4.761383533 0.020718817 0.000587990 0.999785185 208.878417969
0.999783933 0.006014606 -0.019896625 -5.690431595 -0.006013962 0.999981940 0.000092237 -4.775403500 0.019896820 0.000027441 0.999802053 209.941482544
0.999822080 0.005242893 -0.018120658 -5.720164299 -0.005231942 0.999986112 0.000651722 -4.800884724 0.018123822 -0.000556800 0.999835610 210.974578857
0.999839544 0.006417323 -0.016722910 -5.745394707 -0.006427874 0.999979198 -0.000577267 -4.826931477 0.016718857 0.000684668 0.999859989 211.983657837
0.999872446 0.004486154 -0.015329739 -5.763792515 -0.004574112 0.999973238 -0.005707478 -4.852450371 0.015303724 0.005776870 0.999866188 212.974273682
0.999872327 0.006536263 -0.014579446 -5.784251690 -0.006661140 0.999941409 -0.008533237 -4.877153873 0.014522817 0.008629263 0.999857306 213.969009399
0.999876082 0.008173838 -0.013455411 -5.810507774 -0.008280454 0.999934614 -0.007887118 -4.910669804 0.013390063 0.007997558 0.999878347 214.946319580
0.999861956 0.009444896 -0.013670290 -5.823230743 -0.009509205 0.999943972 -0.004646930 -4.935313225 0.013625635 0.004776283 0.999895751 215.900131226
0.999873757 0.007855535 -0.013811385 -5.834435463 -0.007937879 0.999951005 -0.005917420 -4.961110115 0.013764223 0.006026306 0.999887109 216.849395752
0.999888122 0.004870476 -0.014144036 -5.844038486 -0.004985703 0.999954581 -0.008122916 -4.983247280 0.014103832 0.008192525 0.999866962 217.796203613
0.999881208 0.005774724 -0.014289227 -5.858858109 -0.005912113 0.999936521 -0.009591388 -5.009077072 0.014232933 0.009674728 0.999851882 218.737838745
0.999884427 0.006978522 -0.013505165 -5.878299713 -0.007106254 0.999930263 -0.009433288 -5.032035351 0.013438392 0.009528169 0.999864280 219.680541992
0.999903858 0.004270487 -0.013192398 -5.890881062 -0.004377853 0.999957442 -0.008120345 -5.056215763 0.013157159 0.008177319 0.999880016 220.616241455
0.999918878 0.003326408 -0.012293253 -5.905768394 -0.003423683 0.999962926 -0.007900343 -5.082586288 0.012266518 0.007941791 0.999893248 221.548370361
0.999941051 0.000340823 -0.010853333 -5.913811684 -0.000428278 0.999967456 -0.008056597 -5.102792263 0.010850234 0.008060770 0.999908626 222.491790771
0.999954641 -0.000963824 -0.009474302 -5.929023743 0.000886925 0.999966681 -0.008117445 -5.128215313 0.009481810 0.008108674 0.999922156 223.433471680
0.999957681 -0.004197427 -0.008186744 -5.928108215 0.004132291 0.999959826 -0.007957016 -5.151340961 0.008219814 0.007922850 0.999934852 224.378021240
0.999961615 -0.005959775 -0.006420587 -5.933466434 0.005902352 0.999942720 -0.008925701 -5.177881241 0.006473414 0.008887461 0.999939561 225.313232422
0.999978781 -0.004879341 -0.004312775 -5.946140289 0.004840534 0.999948084 -0.008963212 -5.201957703 0.004356286 0.008942146 0.999950528 226.238128662
0.999992907 -0.002880311 -0.002418196 -5.954603672 0.002856422 0.999947667 -0.009824776 -5.228734016 0.002446368 0.009817799 0.999948800 227.183273315
0.999957442 -0.009225632 -0.000165534 -5.952036381 0.009223476 0.999905884 -0.010154511 -5.249906063 0.000259200 0.010152551 0.999948442 228.111694336
0.999966562 -0.008169517 0.000375628 -5.942332268 0.008174633 0.999828398 -0.016623691 -5.284195423 -0.000239756 0.016626207 0.999861717 229.056350708
0.999964893 -0.008264546 0.001361227 -5.946366310 0.008297407 0.999621689 -0.026223764 -5.322121620 -0.001143984 0.026234139 0.999655187 229.984313965
0.999936759 -0.011192982 -0.001096602 -5.947288990 0.011148365 0.999339521 -0.034587100 -5.351476192 0.001483011 0.034572691 0.999401093 230.907348633
0.999911189 -0.012396084 -0.004890527 -5.964569092 0.012208934 0.999255359 -0.036602132 -5.396661758 0.005340608 0.036539171 0.999317944 231.821441650
0.999895394 -0.009550293 -0.010864082 -5.976205826 0.009196777 0.999441147 -0.032137226 -5.444337845 0.011164931 0.032033946 0.999424398 232.771972656
0.999798417 -0.007754314 -0.018520776 -6.020010471 0.007251224 0.999607027 -0.027077967 -5.488190651 0.018723469 0.026938209 0.999461710 233.698928833
0.999612212 -0.005405336 -0.027317455 -6.045979500 0.004925682 0.999833047 -0.017595416 -5.519397259 0.027408004 0.017454036 0.999471962 234.672897339
0.999360263 -0.000400913 -0.035761256 -6.092998028 0.000129980 0.999971271 -0.007578147 -5.546034813 0.035763264 0.007568651 0.999331653 235.637069702
0.999062359 0.002179315 -0.043239899 -6.142688751 -0.002189152 0.999997616 -0.000180151 -5.572096825 0.043239404 0.000274641 0.999064684 236.608749390
0.998794913 0.001082186 -0.049066838 -6.198641777 -0.000958424 0.999996305 0.002545783 -5.582202911 0.049069412 -0.002495688 0.998792231 237.579193115
0.998520315 0.001567491 -0.054357678 -6.251075745 -0.001523812 0.999998510 0.000844974 -5.597441196 0.054358922 -0.000760893 0.998521149 238.559646606
0.998380899 0.009591341 -0.056067191 -6.320336342 -0.009670687 0.999952555 -0.001144033 -5.610791206 0.056053560 0.001684389 0.998426318 239.562423706
0.998458624 0.010676467 -0.054464307 -6.381876469 -0.011046506 0.999917865 -0.006497645 -5.624466896 0.054390460 0.007089270 0.998494565 240.563049316
0.998670816 0.008468417 -0.050841395 -6.441626072 -0.008810672 0.999939978 -0.006511456 -5.647128582 0.050783202 0.006950749 0.998685539 241.570693970
0.998824179 0.004290123 -0.048289839 -6.490697384 -0.004719808 0.999950230 -0.008787530 -5.662517071 0.048249736 0.009005116 0.998794734 242.583892822
0.998908699 0.001794693 -0.046671648 -6.533655167 -0.002245337 0.999951363 -0.009605000 -5.687405109 0.046652138 0.009699311 0.998864114 243.636611938
0.998985350 -0.004270397 -0.044833474 -6.573422909 0.003657254 0.999898791 -0.013749122 -5.710206509 0.044887651 0.013571204 0.998899877 244.673355103
0.999048889 -0.005599496 -0.043243539 -6.621094704 0.004811046 0.999820709 -0.018315386 -5.736159325 0.043338340 0.018089918 0.998896658 245.751144409
0.999141216 -0.005955576 -0.041004431 -6.675347328 0.005101175 0.999768376 -0.020909993 -5.767106533 0.041119464 0.020682866 0.998940170 246.820205688
0.999185085 -0.004178361 -0.040146034 -6.726507187 0.003417924 0.999813795 -0.018991768 -5.804783821 0.040217910 0.018839076 0.999013305 247.912384033
0.999224365 -0.002318390 -0.039309993 -6.772134781 0.001739363 0.999889612 -0.014757581 -5.833775997 0.039339866 0.014677760 0.999118090 249.021240234
0.999253929 -0.001294816 -0.038599085 -6.822025776 0.000851851 0.999933600 -0.011490303 -5.865075588 0.038611401 0.011448850 0.999188721 250.132095337
0.999287665 -0.004753899 -0.037436876 -6.859265804 0.004383327 0.999940634 -0.009974450 -5.895813465 0.037482072 0.009803247 0.999249220 251.256347656
0.999299824 -0.007232914 -0.036708616 -6.900503159 0.006844478 0.999919355 -0.010696248 -5.918488979 0.036783021 0.010437508 0.999268770 252.401611328
0.999288380 -0.010749901 -0.036154725 -6.942715168 0.010263712 0.999854743 -0.013606267 -5.950214863 0.036295742 0.013225503 0.999253571 253.557937622
0.999319315 -0.010269101 -0.035432275 -6.997910500 0.009626997 0.999787211 -0.018245287 -5.976749897 0.035612099 0.017891761 0.999205530 254.705947876
0.999297261 -0.012825757 -0.035220169 -7.038392067 0.012066475 0.999692023 -0.021686736 -6.004807472 0.035487469 0.021246513 0.999144256 255.863830566
0.999348402 -0.009677408 -0.034771994 -7.091072083 0.009049427 0.999793947 -0.018172191 -6.043566704 0.034940686 0.017845685 0.999230027 257.037414551
0.999385297 -0.007774643 -0.034183688 -7.136395454 0.007354527 0.999896109 -0.012398564 -6.079647541 0.034276530 0.012139538 0.999338686 258.213043213
0.999373734 -0.008297176 -0.034399092 -7.178909779 0.007999023 0.999929309 -0.008796045 -6.106016159 0.034469645 0.008515378 0.999369442 259.398925781
0.999390006 -0.006368394 -0.034336627 -7.215784073 0.006165927 0.999962986 -0.005999214 -6.140949249 0.034373563 0.005783837 0.999392331 260.597076416
0.999418557 -0.005668530 -0.033622146 -7.262593746 0.005469127 0.999966919 -0.006019733 -6.167777538 0.033655155 0.005832349 0.999416471 261.771972656
0.999421060 -0.005179801 -0.033625465 -7.307827950 0.005020428 0.999975741 -0.004822363 -6.198366165 0.033649627 0.004650757 0.999422848 262.945648193
0.999436498 -0.003051791 -0.033426683 -7.349870682 0.002769039 0.999960005 -0.008501890 -6.226848602 0.033451293 0.008404540 0.999405026 264.139038086
0.999434292 -0.005558235 -0.033169303 -7.386991501 0.005181169 0.999921083 -0.011443088 -6.254736900 0.033230290 0.011264758 0.999384224 265.303375244
0.999440730 -0.005010420 -0.033062931 -7.431144238 0.004547946 0.999890983 -0.014048103 -6.290379524 0.033129711 0.013889878 0.999354541 266.462585449
0.999454618 -0.005680580 -0.032530535 -7.473490238 0.005185463 0.999869764 -0.015284248 -6.325932026 0.032613121 0.015107226 0.999353886 267.616546631
0.999424040 -0.010087820 -0.032401234 -7.506072521 0.009673459 0.999869764 -0.012919817 -6.362499714 0.032527346 0.012598944 0.999391437 268.774200439
0.999425828 -0.010890356 -0.032085128 -7.549005032 0.010651230 0.999914289 -0.007614389 -6.399029255 0.032165300 0.007268271 0.999456108 269.912017822
0.999451339 -0.009061893 -0.031858407 -7.587577343 0.008929943 0.999950945 -0.004281610 -6.428054333 0.031895645 0.003994768 0.999483228 271.060638428
0.999470949 -0.006106179 -0.031945229 -7.626950741 0.005898980 0.999960959 -0.006576303 -6.457158089 0.031984136 0.006384380 0.999467969 272.194549561
0.999520183 -0.002217096 -0.030894483 -7.679541111 0.001893903 0.999943197 -0.010486508 -6.483059883 0.030915979 0.010422965 0.999467611 273.307464600
0.999548018 0.001615042 -0.030019689 -7.725530148 -0.001944742 0.999938071 -0.010956840 -6.519348145 0.030000135 0.011010268 0.999489248 274.463745117
0.999562144 0.003191536 -0.029416224 -7.775427341 -0.003493728 0.999941587 -0.010227297 -6.549215317 0.029381866 0.010325592 0.999514937 275.589538574
0.999544203 0.002589355 -0.030077584 -7.810961246 -0.002853648 0.999957681 -0.008747439 -6.586735249 0.030053660 0.008829283 0.999509275 276.727600098
0.999525249 0.001297600 -0.030783890 -7.846064091 -0.001497949 0.999977827 -0.006486084 -6.615023136 0.030774793 0.006529118 0.999505043 277.840881348
0.999473929 -0.000976678 -0.032418206 -7.882828236 0.000881232 0.999995232 -0.002958337 -6.644717216 0.032420941 0.002928213 0.999469995 278.941833496
0.999431551 -0.001505825 -0.033679031 -7.923444271 0.001406366 0.999994576 -0.002976606 -6.674770832 0.033683330 0.002927548 0.999428272 280.030120850
0.999394000 -0.001139777 -0.034789737 -7.961428642 0.000949289 0.999984443 -0.005491439 -6.703430176 0.034795456 0.005455086 0.999379575 281.090484619
0.999338567 -0.000160839 -0.036364537 -8.007559776 -0.000106980 0.999972880 -0.007362781 -6.727496624 0.036364738 0.007361801 0.999311447 282.140502930
0.999289334 0.001313542 -0.037670329 -8.056659698 -0.001582831 0.999973416 -0.007119626 -6.756362438 0.037659977 0.007174193 0.999264836 283.190032959
0.999243438 0.001217378 -0.038871754 -8.095109940 -0.001426861 0.999984622 -0.005361770 -6.793604374 0.038864627 0.005413179 0.999229848 284.199188232
0.999193132 0.000951710 -0.040152103 -8.142245293 -0.000987045 0.999999166 -0.000860209 -6.821181297 0.040151250 0.000899147 0.999193192 285.207305908
0.999143362 0.001350214 -0.041360289 -8.187097549 -0.001144854 0.999986887 0.004988438 -6.844953537 0.041366480 -0.004936813 0.999131858 286.203796387
0.999100327 0.001451752 -0.042383712 -8.230381012 -0.001144012 0.999972820 0.007284169 -6.859389305 0.042393133 -0.007229128 0.999074876 287.173950195
0.999081075 0.002217483 -0.042802852 -8.275816917 -0.001994033 0.999984145 0.005262456 -6.883486271 0.042813845 -0.005172270 0.999069691 288.135467529
0.999054670 0.002468562 -0.043400846 -8.323244095 -0.002488000 0.999996841 -0.000393859 -6.901220322 0.043399736 0.000501468 0.999057651 289.094573975
0.999028325 0.001730951 -0.044038996 -8.370883942 -0.001935081 0.999987602 -0.004593011 -6.915907383 0.044030499 0.004673767 0.999019265 290.037384033
0.999005020 0.000485908 -0.044594787 -8.412317276 -0.000721852 0.999985814 -0.005274888 -6.935077190 0.044591591 0.005301831 0.998991251 291.001220703
0.998995066 0.000401661 -0.044818260 -8.455625534 -0.000606434 0.999989450 -0.004555464 -6.962409496 0.044815958 0.004578065 0.998984754 291.946228027
0.999010682 0.000625016 -0.044466153 -8.506691933 -0.000790699 0.999992788 -0.003708553 -6.981568813 0.044463515 0.003740043 0.999004006 292.888641357
0.999070823 0.003037426 -0.042991769 -8.559149742 -0.003209223 0.999987125 -0.003927577 -7.002480507 0.042979285 0.004061897 0.999067724 293.829345703
0.999127686 0.005423370 -0.041405793 -8.590897560 -0.005697356 0.999962628 -0.006501947 -7.032758713 0.041368984 0.006732178 0.999121249 294.775573730
0.999194622 0.008389700 -0.039239656 -8.640223503 -0.008893648 0.999879956 -0.012685948 -7.060194969 0.039128516 0.013024715 0.999149323 295.697570801
0.999245763 0.011446808 -0.037105925 -8.683392525 -0.012087286 0.999781013 -0.017082660 -7.086804867 0.036902260 0.017518286 0.999165297 296.624389648
0.999315202 0.013481419 -0.034458548 -8.731185913 -0.014173531 0.999701083 -0.019920615 -7.113600731 0.034179688 0.020395372 0.999207556 297.548217773
0.999364316 0.015950158 -0.031882770 -8.762552261 -0.016574331 0.999674201 -0.019409630 -7.147243977 0.031562798 0.019925728 0.999303162 298.480651855
0.999424994 0.018164678 -0.028631093 -8.804970741 -0.018710699 0.999645889 -0.018919809 -7.179691315 0.028277284 0.019444637 0.999410987 299.411468506
0.999495983 0.018489268 -0.025806684 -8.830756187 -0.018919498 0.999684393 -0.016527815 -7.207852840 0.025492951 0.017007735 0.999530315 300.343750000
0.999644041 0.014692594 -0.022268184 -8.857362747 -0.015041426 0.999765515 -0.015579347 -7.245236874 0.022034060 0.015908746 0.999630630 301.281280518
0.999713957 0.013683515 -0.019615123 -8.862535477 -0.013944353 0.999815345 -0.013223319 -7.274265766 0.019430559 0.013493057 0.999720156 302.231262207
0.999783695 0.013320142 -0.015974207 -8.883436203 -0.013533966 0.999819219 -0.013352972 -7.296819687 0.015793456 0.013566278 0.999783218 303.179534912
0.999842763 0.012190501 -0.012877903 -8.897403717 -0.012345797 0.999851167 -0.012049193 -7.324024677 0.012729101 0.012206285 0.999844491 304.135650635
0.999873757 0.012429923 -0.009899640 -8.904823303 -0.012529006 0.999871373 -0.010010452 -7.343920231 0.009773938 0.010133221 0.999900877 305.111999512
0.999884188 0.013832898 -0.006340846 -8.916894913 -0.013876162 0.999880373 -0.006830626 -7.364264488 0.006245600 0.006917822 0.999956548 306.086334229
0.999872208 0.015795210 -0.002465117 -8.925439835 -0.015809899 0.999856651 -0.006057315 -7.390553951 0.002369087 0.006095514 0.999978602 307.070037842
0.999849141 0.017292954 0.001643696 -8.938797951 -0.017275689 0.999800801 -0.009993515 -7.411513805 -0.001816186 0.009963611 0.999948740 308.064361572
0.999837041 0.017109651 0.005762311 -8.940343857 -0.017031247 0.999765277 -0.013391278 -7.426830292 -0.005990078 0.013290957 0.999893725 309.056884766
0.999855816 0.013944012 0.009693217 -8.928234100 -0.013838942 0.999845684 -0.010823400 -7.449130058 -0.009842643 0.010687695 0.999894440 310.068511963
0.999835014 0.012005454 0.013630784 -8.915797234 -0.011906492 0.999902308 -0.007318291 -7.472876072 -0.013717311 0.007154789 0.999880314 311.105499268
0.999802887 0.009685032 0.017333053 -8.900033951 -0.009480721 0.999885082 -0.011830964 -7.492810726 -0.017445644 0.011664302 0.999779761 312.127593994
0.999723375 0.009343142 0.021585606 -8.898290634 -0.008880826 0.999731243 -0.021415258 -7.515427589 -0.021779889 0.021217635 0.999537647 313.149017334
0.999644041 0.008566434 0.025266388 -8.859774590 -0.007890523 0.999611497 -0.026730865 -7.555819511 -0.025485562 0.026521986 0.999323308 314.197692871
0.999527097 0.008987092 0.029407373 -8.836258888 -0.008280094 0.999675870 -0.024075635 -7.587055206 -0.029614210 0.023820754 0.999277532 315.244506836
0.999377251 0.009696667 0.033927538 -8.806011200 -0.009131459 0.999817610 -0.016774764 -7.626227856 -0.034084011 0.016454510 0.999283493 316.320068359
0.999223351 0.009849840 0.038153533 -8.766891479 -0.009266534 0.999837935 -0.015435166 -7.660707951 -0.038299382 0.015069626 0.999152660 317.392425537
0.999036551 0.010253323 0.042671233 -8.728017807 -0.009436458 0.999769211 -0.019300818 -7.688673019 -0.042859282 0.018879557 0.998902738 318.473266602
0.998860836 0.009806753 0.046700168 -8.676686287 -0.008753159 0.999703705 -0.022712130 -7.727699280 -0.046909068 0.022277484 0.998650730 319.551239014
0.998624563 0.012257085 0.050977584 -8.627357483 -0.010942874 0.999602556 -0.025979854 -7.767837048 -0.051275760 0.025386279 0.998361826 320.628265381
0.998431921 0.011496394 0.054785889 -8.566842079 -0.009962888 0.999553144 -0.028182279 -7.814682007 -0.055085402 0.027592260 0.998100340 321.726715088
0.998183608 0.011778731 0.059082612 -8.504629135 -0.010165433 0.999569237 -0.027532445 -7.859970570 -0.059381455 0.026881836 0.997873366 322.831207275
0.997902453 0.012034808 0.063606761 -8.441788673 -0.010643525 0.999697626 -0.022166977 -7.898488998 -0.063854299 0.021443481 0.997728825 323.942840576
0.997639894 0.010811762 0.067806892 -8.364860535 -0.009690046 0.999811053 -0.016849954 -7.938937664 -0.067976259 0.016153134 0.997556150 325.068695068
0.997372150 0.009864812 0.071773544 -8.282382965 -0.008827030 0.999852061 -0.014761967 -7.966910362 -0.071908556 0.014089627 0.997311711 326.191101074
0.997110367 0.009234072 0.075403519 -8.198485374 -0.008230008 0.999873459 -0.013615757 -8.000108719 -0.075519703 0.012955842 0.997060120 327.332153320
0.996896923 0.005864513 0.078499354 -8.107782364 -0.004789261 0.999892235 -0.013878860 -8.034299850 -0.078572281 0.013459838 0.996817529 328.474670410
0.996739507 0.004063877 0.080584586 -8.022401810 -0.002686807 0.999848664 -0.017189583 -8.070967674 -0.080642246 0.016917022 0.996599555 329.607116699
0.996690333 0.004371887 0.081174247 -7.928448677 -0.002601511 0.999756753 -0.021902539 -8.105772972 -0.081250258 0.021618873 0.996459246 330.763916016
0.996598840 0.004835061 0.082263924 -7.840086937 -0.002854418 0.999703586 -0.024177287 -8.144599915 -0.082356438 0.023860242 0.996317267 331.920166016
0.996532023 0.005023582 0.083058573 -7.747707367 -0.003163434 0.999741554 -0.022512076 -8.187175751 -0.083150201 0.022171253 0.996290386 333.088592529
0.996462405 0.005493908 0.083859928 -7.651832104 -0.003894001 0.999807477 -0.019229982 -8.227967262 -0.083949432 0.018835405 0.996291995 334.267761230
0.996411681 0.003977094 0.084545404 -7.559465885 -0.002437318 0.999829412 -0.018307835 -8.262236595 -0.084603794 0.018036077 0.996251404 335.447174072
0.996434093 0.002202310 0.084345810 -7.463489532 -0.000547417 0.999807000 -0.019638449 -8.302384377 -0.084372781 0.019522248 0.996243000 336.645843506
0.996470749 0.001135922 0.083933033 -7.357768536 0.000631777 0.999778628 -0.021031260 -8.347746849 -0.083938338 0.021010064 0.996249437 337.832489014
0.996531546 0.000237292 0.083215557 -7.260025978 0.001556109 0.999767959 -0.021485757 -8.388170242 -0.083201341 0.021540727 0.996299922 339.038543701
0.996553838 0.000286644 0.082947664 -7.171747208 0.001391957 0.999795437 -0.020178331 -8.426624298 -0.082936481 0.020224253 0.996349573 340.243865967
0.996578574 -0.001452147 0.082638279 -7.073099613 0.002760858 0.999872565 -0.015724558 -8.473182678 -0.082604907 0.015898911 0.996455550 341.439849854
0.996650875 -0.003273637 0.081709035 -6.977565765 0.004220306 0.999925911 -0.011415849 -8.507843018 -0.081665613 0.011722452 0.996590853 342.636871338
0.996716678 -0.003755320 0.080881156 -6.881442070 0.004560009 0.999941885 -0.009766618 -8.546097755 -0.080839783 0.010103369 0.996675909 343.841888428
0.996764779 -0.004842614 0.080227897 -6.789550781 0.005822905 0.999911189 -0.011989388 -8.573848724 -0.080162711 0.012417759 0.996704459 345.034698486
0.996830940 -0.003369841 0.079477936 -6.703386307 0.004488732 0.999893248 -0.013903543 -8.617543221 -0.079422601 0.014216238 0.996739686 346.229400635
0.996920526 -0.000739531 0.078414902 -6.625688076 0.001965758 0.999876976 -0.015561643 -8.654236794 -0.078393750 0.015667867 0.996799350 347.399810791
0.997056484 0.000001657 0.076670855 -6.530451298 0.001233662 0.999870181 -0.016064616 -8.691814423 -0.076660931 0.016111916 0.996927023 348.598541260
0.997153699 -0.000348538 0.075395063 -6.440160751 0.001511847 0.999880672 -0.015373002 -8.733946800 -0.075380713 0.015443232 0.997035205 349.786956787
0.997235894 0.001127261 0.074292131 -6.365160465 -0.000068954 0.999898493 -0.014246242 -8.773709297 -0.074300647 0.014201742 0.997134745 350.973724365
0.997312665 0.002239563 0.073228642 -6.286649227 -0.001187365 0.999895453 -0.014409044 -8.820556641 -0.073253259 0.014283373 0.997211099 352.147216797
0.997391582 0.004229680 0.072056882 -6.213570595 -0.003096693 0.999869943 -0.015827967 -8.854152679 -0.072114453 0.015563542 0.997274935 353.312866211
0.997453094 0.005630353 0.071102627 -6.147206306 -0.004500964 0.999861300 -0.016034158 -8.893313408 -0.071183048 0.015673291 0.997340143 354.505645752
0.997603774 0.004816575 0.069018029 -6.062251568 -0.003836561 0.999890029 -0.014324918 -8.942706108 -0.069079436 0.014025801 0.997512579 355.654083252
0.997753620 0.003905433 0.066876426 -5.988399029 -0.002955383 0.999893367 -0.014299088 -8.982554436 -0.066925138 0.014069322 0.997658789 356.811523438
0.997885823 0.003356006 0.064904816 -5.927855015 -0.002111921 0.999812901 -0.019226965 -9.020754814 -0.064957201 0.019049240 0.997706234 357.962585449
0.998042047 0.000526931 0.062544517 -5.855610371 0.000958328 0.999718308 -0.023714857 -9.060939789 -0.062539391 0.023728363 0.997760415 359.099578857
0.998147964 -0.003129914 0.060752518 -5.788159370 0.004335710 0.999796033 -0.019726004 -9.102108955 -0.060678385 0.019952876 0.997957945 360.244628906
0.998248756 -0.003560482 0.059048548 -5.726333618 0.004076036 0.999954581 -0.008612869 -9.141816139 -0.059015203 0.008838470 0.998217940 361.397613525
0.998306453 -0.002516001 0.058120079 -5.661498547 0.002551191 0.999996603 -0.000531291 -9.170925140 -0.058118545 0.000678666 0.998309433 362.548736572
0.998344362 -0.001717241 0.057494048 -5.607183933 0.001605797 0.999996722 0.001984496 -9.194868088 -0.057497267 -0.001888887 0.998343885 363.674682617
0.998361349 0.004843752 0.057018965 -5.558012009 -0.004757830 0.999987304 -0.001642561 -9.217264175 -0.057026200 0.001368583 0.998371720 364.797180176
0.998363256 0.011091336 0.056105673 -5.510468960 -0.010526799 0.999891043 -0.010347579 -9.247273445 -0.056214329 0.009740029 0.998371243 365.917633057
0.998374581 0.014435061 0.055134550 -5.457306385 -0.013596252 0.999786496 -0.015558797 -9.276287079 -0.055347372 0.014783884 0.998357713 367.032653809
0.998300850 0.017797753 0.055485666 -5.411071777 -0.017018788 0.999750316 -0.014480104 -9.309485435 -0.055729523 0.013511200 0.998354495 368.130279541
0.998298287 0.020686347 0.054521639 -5.364924431 -0.020139331 0.999741375 -0.010563488 -9.344062805 -0.054726057 0.009447482 0.998456717 369.241760254
0.998308301 0.022872984 0.053453952 -5.316184521 -0.022495626 0.999717653 -0.007650626 -9.371912003 -0.053613853 0.006435204 0.998540998 370.344757080
0.998350501 0.023630360 0.052325133 -5.268161297 -0.023333587 0.999708056 -0.006275455 -9.403335571 -0.052458145 0.005044170 0.998610377 371.429260254
0.998402596 0.025365613 0.050486274 -5.226363659 -0.025008002 0.999657571 -0.007702565 -9.433220863 -0.050664365 0.006427700 0.998695076 372.505493164
