1.000000000 0.000000000 0.000000000 0.000000000 0.000000000 1.000000000 0.000000000 0.000000000 0.000000000 0.000000000 1.000000000 0.000000000
0.999997735 -0.001587038 -0.001426953 -0.003945305 0.001585690 0.999998271 -0.000945276 -0.008014653 0.001428451 0.000943011 0.999998510 0.559290349
0.999995351 -0.001837828 -0.002440122 -0.006507321 0.001831629 0.999995112 -0.002540213 -0.017948899 0.002444778 0.002535731 0.999993801 1.112323880
0.999988019 -0.002394072 -0.004263415 -0.016040903 0.002379544 0.999991357 -0.003409388 -0.037255000 0.004271541 0.003399202 0.999985099 1.676310062
0.999971449 -0.004114031 -0.006342655 -0.017753387 0.004078603 0.999976039 -0.005588456 -0.040766764 0.006365494 0.005562427 0.999964297 2.250091076
0.999942064 -0.007376332 -0.007839754 -0.021392675 0.007323334 0.999950290 -0.006767556 -0.069086134 0.007889284 0.006709751 0.999946356 2.798906326
0.999922454 -0.008554917 -0.009051288 -0.033675957 0.008487113 0.999935806 -0.007503176 -0.079761446 0.009114895 0.007425775 0.999930859 3.368741512
0.999907315 -0.008731776 -0.010444099 -0.044474464 0.008661669 0.999939799 -0.006739096 -0.093578197 0.010502314 0.006648008 0.999922752 3.947651863
0.999891579 -0.009011134 -0.011647143 -0.050622903 0.008926512 0.999933541 -0.007297121 -0.106128700 0.011712125 0.007192361 0.999905527 4.537713051
0.999885857 -0.008345459 -0.012594726 -0.066938467 0.008219837 0.999916255 -0.009993145 -0.121591873 0.012677069 0.009888479 0.999870718 5.130595207
0.999878287 -0.006606932 -0.014132917 -0.075878754 0.006411399 0.999883711 -0.013836142 -0.137204781 0.014222688 0.013743847 0.999804378 5.737716198
0.999863386 -0.005581322 -0.015559453 -0.086701393 0.005310545 0.999834657 -0.017390050 -0.152213961 0.015653940 0.017305044 0.999727726 6.347053528
0.999854445 -0.003741687 -0.016644511 -0.102959335 0.003454079 0.999844790 -0.017274767 -0.165993765 0.016706565 0.017214760 0.999712229 6.973649502
0.999840498 -0.001370937 -0.017807243 -0.118857041 0.001182695 0.999943376 -0.010577344 -0.173170865 0.017820736 0.010554596 0.999785483 7.614086628
0.999836266 -0.000113578 -0.018096030 -0.148382127 0.000111267 1.000000000 -0.000128712 -0.188734174 0.018096045 0.000126678 0.999836266 8.285737038
0.999811292 0.000490263 -0.019421175 -0.155104652 -0.000362148 0.999978185 0.006599665 -0.201019898 0.019423986 -0.006591386 0.999789596 8.969969749
0.999780774 0.003377454 -0.020664498 -0.175197259 -0.003263569 0.999979317 0.005542395 -0.216570869 0.020682789 -0.005473740 0.999771118 9.656656265
0.999762714 0.004886488 -0.021228371 -0.198095411 -0.004918789 0.999986827 -0.001469635 -0.223169267 0.021220909 0.001573704 0.999773562 10.340193748
0.999734819 0.004842598 -0.022512808 -0.220907480 -0.005011805 0.999959588 -0.007465719 -0.225143462 0.022475744 0.007576569 0.999718666 11.054662704
0.999718189 0.002058712 -0.023650067 -0.240204424 -0.002199421 0.999980032 -0.005925151 -0.227401361 0.023637395 0.005975498 0.999702752 11.799968719
0.999712348 0.000824151 -0.023969317 -0.261234015 -0.000735233 0.999992788 0.003718239 -0.237905502 0.023972210 -0.003699546 0.999705791 12.562181473
0.999706328 0.000982937 -0.024213359 -0.287888885 -0.000724198 0.999942601 0.010692272 -0.240284890 0.024222478 -0.010671597 0.999649644 13.346266747
0.999691129 0.000244914 -0.024850324 -0.308712184 0.000085758 0.999911487 0.013304618 -0.246882111 0.024851382 -0.013302640 0.999602616 14.138805389
0.999688983 -0.001871044 -0.024869137 -0.336991876 0.002180802 0.999920309 0.012434241 -0.247898117 0.024843890 -0.012484609 0.999613404 14.957635880
0.999711156 -0.002231601 -0.023929937 -0.366818756 0.002467601 0.999948561 0.009837139 -0.243703485 0.023906754 -0.009893348 0.999665260 15.777655602
0.999714553 0.000070525 -0.023891713 -0.388264716 0.000082031 0.999979615 0.006384298 -0.243078351 0.023891676 -0.006384436 0.999694169 16.626890182
0.999734223 -0.003166743 -0.022836281 -0.412735581 0.003192011 0.999994338 0.001070093 -0.251209557 0.022832762 -0.001142702 0.999738634 17.483530045
0.999736726 -0.005495172 -0.022278158 -0.420415938 0.005377526 0.999971271 -0.005337239 -0.261220872 0.022306848 0.005216033 0.999737561 18.362462997
0.999774754 -0.004208616 -0.020803085 -0.450662196 0.003986462 0.999934733 -0.010708837 -0.271240681 0.020846795 0.010623493 0.999726236 19.251419067
0.999784708 -0.002880651 -0.020549880 -0.478730649 0.002645150 0.999930620 -0.011477947 -0.287984908 0.020581519 0.011421118 0.999722958 20.166835785
0.999773324 -0.002820180 -0.021103619 -0.499791652 0.002589450 0.999936640 -0.010952558 -0.305051953 0.021133171 0.010895429 0.999717295 21.098197937
0.999770343 -0.001540112 -0.021374341 -0.511164248 0.001272025 0.999920428 -0.012550418 -0.328271776 0.021391969 0.012520347 0.999692738 22.038825989
0.999774337 0.001335340 -0.021201804 -0.539944589 -0.001643638 0.999893069 -0.014530348 -0.348890454 0.021180134 0.014561917 0.999669611 22.988447189
0.999758124 0.004662851 -0.021491950 -0.570698440 -0.004989062 0.999872804 -0.015149770 -0.372014403 0.021418575 0.015253331 0.999654233 23.954334259
0.999747217 0.006866584 -0.021408670 -0.599109650 -0.007197266 0.999855399 -0.015407555 -0.397058278 0.021299776 0.015557744 0.999652088 24.945152283
0.999733627 0.007116165 -0.021955773 -0.619005322 -0.007455905 0.999853134 -0.015430986 -0.424647927 0.021842740 0.015590576 0.999639869 25.926580429
0.999744952 0.007427318 -0.021327557 -0.656619668 -0.007759294 0.999849379 -0.015525253 -0.449232191 0.021209033 0.015686780 0.999651968 26.923164368
0.999713778 0.008989708 -0.022170397 -0.683909357 -0.009309788 0.999853313 -0.014376591 -0.480083913 0.022037903 0.014578878 0.999650836 27.929359436
0.999702752 0.009373125 -0.022507805 -0.700838745 -0.009644738 0.999881625 -0.011989467 -0.510990262 0.022392761 0.012202985 0.999674797 28.934688568
0.999695301 0.010021795 -0.022557313 -0.735637724 -0.010266921 0.999889195 -0.010777369 -0.538632810 0.022446806 0.011005679 0.999687433 29.955211639
0.999689519 0.010077934 -0.022787921 -0.762427390 -0.010342579 0.999880075 -0.011525504 -0.568524122 0.022669034 0.011757612 0.999673903 30.978708267
0.999671698 0.011281707 -0.023003519 -0.791670322 -0.011573547 0.999853730 -0.012593292 -0.594714105 0.022858080 0.012855389 0.999656081 32.033802032
0.999668777 0.011059795 -0.023237523 -0.827356279 -0.011337298 0.999865592 -0.011844398 -0.617297173 0.023103403 0.012103926 0.999659777 33.052726746
0.999659002 0.010562745 -0.023880687 -0.854143202 -0.010797743 0.999894321 -0.009733041 -0.636439919 0.023775356 0.009987580 0.999667406 34.098766327
0.999637544 0.011259609 -0.024455165 -0.882164717 -0.011403747 0.999918342 -0.005762500 -0.659774125 0.024388285 0.006039292 0.999684334 35.160419464
0.999621272 0.011083926 -0.025188625 -0.910470009 -0.011172149 0.999931931 -0.003364504 -0.685568631 0.025149617 0.003644640 0.999677062 36.229206085
0.999612391 0.010496310 -0.025784710 -0.936966658 -0.010575384 0.999939799 -0.002932243 -0.703645825 0.025752380 0.003203789 0.999663234 37.310054779
0.999607563 0.010231323 -0.026078368 -0.969564736 -0.010351904 0.999936342 -0.004493005 -0.720562220 0.026030738 0.004761203 0.999649823 38.383762360
0.999574244 0.010313494 -0.027293418 -1.001582146 -0.010453638 0.999932885 -0.004997015 -0.740436137 0.027240049 0.005280203 0.999614954 39.476787567
0.999578118 0.009983641 -0.027275242 -1.048673511 -0.010096050 0.999941111 -0.003986700 -0.759464324 0.027233833 0.004260390 0.999620020 40.558376312
0.999546051 0.010224608 -0.028340932 -1.077572107 -0.010278462 0.999945641 -0.001755214 -0.783115685 0.028321445 0.002045718 0.999596775 41.648571014
0.999534190 0.010643345 -0.028603578 -1.121109247 -0.010623968 0.999943197 0.000829320 -0.802322090 0.028610779 -0.000525050 0.999590516 42.728618622
0.999496102 0.011900398 -0.029425753 -1.152847648 -0.011881971 0.999929070 0.000801016 -0.826107204 0.029433200 -0.000450976 0.999566674 43.817173004
0.999461174 0.013255108 -0.030028656 -1.194033861 -0.013348886 0.999906600 -0.002924606 -0.846968710 0.029987086 0.003323879 0.999544740 44.898258209
0.999462843 0.014112619 -0.029578032 -1.231653571 -0.014327847 0.999872327 -0.007077364 -0.868403554 0.029474376 0.007497352 0.999537408 45.983184814
0.999461710 0.014280903 -0.029535124 -1.271259546 -0.014494737 0.999870181 -0.007038600 -0.895249426 0.029430773 0.007462915 0.999538958 47.066089630
0.999463260 0.015012548 -0.029117666 -1.312354803 -0.015153825 0.999874413 -0.004637360 -0.916832089 0.029044392 0.005076114 0.999565244 48.153564453
0.999439597 0.015763847 -0.029529938 -1.340956092 -0.015848733 0.999870896 -0.002642706 -0.939777076 0.029484468 0.003109237 0.999560416 49.254722595
0.999462306 0.013752721 -0.029765569 -1.373913527 -0.013794600 0.999904156 -0.001202043 -0.965058982 0.029746184 0.001612001 0.999556184 50.355392456
0.999482810 0.013710298 -0.029089356 -1.414942384 -0.013773871 0.999903142 -0.001986195 -0.987824559 0.029059308 0.002385841 0.999574840 51.439304352
0.999489725 0.012818922 -0.029257584 -1.439405799 -0.012936060 0.999909043 -0.003817924 -1.006229877 0.029205982 0.004194453 0.999564588 52.532314301
0.999493420 0.013188843 -0.028964965 -1.476945162 -0.013369557 0.999892294 -0.006054247 -1.030074835 0.028881995 0.006438429 0.999562085 53.631076813
0.999516606 0.012804376 -0.028329460 -1.524454713 -0.013048220 0.999879241 -0.008439398 -1.064308405 0.028217979 0.008804968 0.999563038 54.721691132
0.999538660 0.011615160 -0.028064471 -1.558665395 -0.011949824 0.999859154 -0.011786683 -1.092795968 0.027923612 0.012116610 0.999536633 55.803016663
0.999559879 0.010054942 -0.027909733 -1.590039968 -0.010433597 0.999855042 -0.013454814 -1.128100157 0.027770402 0.013740091 0.999519885 56.890792847
0.999579966 0.008495880 -0.027708026 -1.626766682 -0.008807237 0.999899209 -0.011134476 -1.158757448 0.027610637 0.011373830 0.999554038 57.990055084
0.999603510 0.006185262 -0.027468299 -1.657420754 -0.006335991 0.999965310 -0.005403746 -1.176882505 0.027433924 0.005575642 0.999608040 59.086086273
0.999612212 0.004529926 -0.027476374 -1.685906053 -0.004520036 0.999989688 0.000422069 -1.197611451 0.027478002 -0.000297711 0.999622345 60.174842834
0.999619186 0.003186699 -0.027411141 -1.714750171 -0.003155009 0.999994278 0.001199269 -1.217292309 0.027414806 -0.001112330 0.999623537 61.256687164
0.999638259 -0.000057351 -0.026895516 -1.750311852 0.000007182 0.999998271 -0.001865437 -1.235342026 0.026895577 0.001864569 0.999636531 62.370311737
0.999628365 -0.002014190 -0.027186390 -1.778621316 0.001868262 0.999983728 -0.005392029 -1.248051405 0.027196810 0.005339234 0.999615848 63.455436707
0.999634802 0.000518369 -0.027018858 -1.821857214 -0.000760377 0.999959707 -0.008947518 -1.282316566 0.027013130 0.008964794 0.999594867 64.545623779
0.999647260 0.000286980 -0.026558017 -1.860901117 -0.000641344 0.999910891 -0.013335448 -1.310376048 0.026551824 0.013347776 0.999558330 65.641761780
0.999660492 0.003663630 -0.025796292 -1.897194028 -0.004035025 0.999888778 -0.014359933 -1.330711961 0.025740812 0.014459146 0.999564052 66.735557556
0.999669015 0.007118901 -0.024722552 -1.946021676 -0.007376350 0.999919355 -0.010337992 -1.365715504 0.024646964 0.010516931 0.999640882 67.836990356
0.999648988 0.008469664 -0.025103630 -1.970427036 -0.008676474 0.999929249 -0.008140839 -1.400056124 0.025032904 0.008355793 0.999651730 68.951393127
0.999655247 0.007504830 -0.025160220 -2.000795364 -0.007688411 0.999944448 -0.007207668 -1.426203132 0.025104729 0.007398625 0.999657452 70.046752930
0.999659836 0.006334430 -0.025300507 -2.031113863 -0.006504012 0.999956906 -0.006626092 -1.450278878 0.025257444 0.006788393 0.999657929 71.155151367
0.999665737 0.005200598 -0.025324501 -2.065742016 -0.005337872 0.999971390 -0.005356011 -1.473239660 0.025295923 0.005489400 0.999664962 72.240791321
0.999673247 0.003682954 -0.025294162 -2.102592230 -0.003767743 0.999987423 -0.003305294 -1.494399548 0.025281671 0.003399516 0.999674559 73.335464478
0.999640346 0.002227341 -0.026725255 -2.123547792 -0.002272332 0.999996066 -0.001653241 -1.519283175 0.026721466 0.001713376 0.999641478 74.428550720
0.999634624 0.002113636 -0.026946418 -2.158285618 -0.002188122 0.999993861 -0.002735049 -1.552825093 0.026940472 0.002793011 0.999633133 75.540077209
0.999618113 0.002314297 -0.027537212 -2.190182447 -0.002492569 0.999976158 -0.006441284 -1.577576280 0.027521648 0.006507462 0.999600053 76.616775513
0.999596536 0.003016778 -0.028242175 -2.229576349 -0.003264074 0.999956727 -0.008714254 -1.599228382 0.028214663 0.008802922 0.999563098 77.702713013
0.999578655 0.004853293 -0.028617162 -2.271826267 -0.005047268 0.999964774 -0.006709930 -1.632716060 0.028583588 0.006851541 0.999567926 78.784332275
0.999549687 0.005379532 -0.029519988 -2.308775902 -0.005461287 0.999981463 -0.002689551 -1.651303530 0.029504973 0.002849557 0.999560595 79.864692688
0.999532104 0.006970638 -0.029781664 -2.348691940 -0.006921690 0.999974549 0.001746366 -1.682643414 0.029793078 -0.001539410 0.999554873 80.940521240
0.999507546 0.008156272 -0.030300928 -2.392092943 -0.008089682 0.999964595 0.002319557 -1.699500084 0.030318774 -0.002073290 0.999538124 82.009643555
0.999498785 0.007539207 -0.030747065 -2.434083939 -0.007535134 0.999971569 0.000248308 -1.718131542 0.030748062 -0.000016500 0.999527156 83.078964233
0.999471962 0.007757568 -0.031553041 -2.463322401 -0.007777632 0.999969602 -0.000513206 -1.740759730 0.031548101 0.000758343 0.999501944 84.148765564
0.999467015 0.007105268 -0.031862646 -2.506791353 -0.007126952 0.999974430 -0.000567018 -1.761985183 0.031857803 0.000793799 0.999492109 85.199844360
0.999445617 0.005957743 -0.032755222 -2.543883085 -0.005962622 0.999982238 -0.000051272 -1.783775449 0.032754332 0.000246551 0.999463379 86.228164673
0.999423742 0.004795857 -0.033602998 -2.564167738 -0.004773423 0.999988317 0.000747808 -1.799029589 0.033606190 -0.000586976 0.999435008 87.272506714
0.999407709 0.005120659 -0.034029532 -2.607447386 -0.005004212 0.999981344 0.003506237 -1.820513964 0.034046851 -0.003333869 0.999414682 88.276115417
0.999373376 0.004071711 -0.035160899 -2.649934053 -0.003917275 0.999982357 0.004460047 -1.838465333 0.035178438 -0.004319517 0.999371707 89.256118774
0.999307156 0.002948798 -0.037100855 -2.689551592 -0.002779813 0.999985516 0.004605507 -1.855999708 0.037113901 -0.004499183 0.999300897 90.222595215
0.999185741 0.002029124 -0.040296044 -2.734647989 -0.001880155 0.999991238 0.003734415 -1.874318600 0.040303271 -0.003655612 0.999180794 91.152343750
0.999043047 0.001992235 -0.043691691 -2.786031008 -0.001877598 0.999994695 0.002664644 -1.889792562 0.043696769 -0.002580059 0.999041498 92.068084717
0.998900712 0.001850391 -0.046840020 -2.829303503 -0.001699085 0.999993205 0.003269878 -1.910596609 0.046845753 -0.003186698 0.998897076 92.977767944
0.998750508 0.002895869 -0.049890634 -2.879781246 -0.002679930 0.999986768 0.004394604 -1.927012086 0.049902700 -0.004255410 0.998745024 93.844078064
0.998593688 0.003631503 -0.052891001 -2.935437441 -0.003352170 0.999979973 0.005369049 -1.944136977 0.052909438 -0.005184199 0.998585880 94.685752869
0.998417437 0.004854308 -0.056027371 -2.984763384 -0.004477372 0.999966502 0.006851270 -1.957188487 0.056058753 -0.006589572 0.998405755 95.502342224
0.998273134 0.006599708 -0.058371216 -3.043033600 -0.006175078 0.999953151 0.007452051 -1.970102549 0.058417663 -0.007078736 0.998267114 96.291526794
0.998097062 0.008432729 -0.061083205 -3.092238665 -0.007937454 0.999933660 0.008346339 -1.992909431 0.061149538 -0.007845611 0.998097777 97.050315857
0.997901559 0.010209614 -0.063939564 -3.144225836 -0.009780526 0.999927521 0.007020259 -2.003839731 0.064006604 -0.006380165 0.997929096 97.784278870
0.997730970 0.011581379 -0.066323578 -3.201539755 -0.011379345 0.999929368 0.003423165 -2.020962238 0.066358536 -0.002660679 0.997792304 98.474113464
0.997529626 0.014163786 -0.068804137 -3.258312702 -0.014193693 0.999899268 0.000054208 -2.038671255 0.068797968 0.000922510 0.997630179 99.143165588
0.997365415 0.015495483 -0.070866697 -3.313789845 -0.015741587 0.999871850 -0.002915588 -2.050821304 0.070812434 0.004023462 0.997481525 99.797698975
0.997251868 0.017591601 -0.071967393 -3.360470057 -0.017910412 0.999832451 -0.003786946 -2.066099882 0.071888715 0.005065505 0.997399807 100.412010193
0.997272551 0.019999312 -0.071045414 -3.412560463 -0.020291934 0.999788344 -0.003399374 -2.080672503 0.070962384 0.004831751 0.997467279 100.997619629
0.997435331 0.023674525 -0.067544676 -3.472830057 -0.023862848 0.999713302 -0.001982526 -2.094784021 0.067478374 0.003589250 0.997714281 101.566719055
0.997693241 0.026373209 -0.062550806 -3.495051384 -0.026445745 0.999650180 -0.000331835 -2.112840652 0.062520169 0.001985272 0.998041749 102.107002258
0.998154044 0.026955565 -0.054423500 -3.542738199 -0.026906865 0.999636590 0.001627509 -2.124765396 0.054447595 -0.000160140 0.998516619 102.642570496
0.998608828 0.027074182 -0.045248594 -3.549587250 -0.026906975 0.999628663 0.004300396 -2.140315533 0.045348223 -0.003076911 0.998966515 103.141387939
0.999071896 0.026906233 -0.033635445 -3.548403740 -0.026731078 0.999626696 0.005646442 -2.154662371 0.033774815 -0.004742090 0.999418199 103.623657227
0.999459803 0.025962891 -0.020148829 -3.549934864 -0.025851214 0.999649048 0.005783470 -2.164627790 0.020291913 -0.005259474 0.999780238 104.077980042
0.999658883 0.025615426 -0.005092693 -3.542282104 -0.025591886 0.999661744 0.004635266 -2.171551704 0.005209705 -0.004503353 0.999976277 104.519790649
0.999620378 0.024366189 0.012858760 -3.522434950 -0.024391567 0.999700844 0.001820437 -2.186553717 -0.012810555 -0.002133392 0.999915659 104.948097229
0.999123216 0.023974963 0.034321427 -3.496875763 -0.023893788 0.999710679 -0.002773331 -2.196631193 -0.034377985 0.001950830 0.999406993 105.364578247
0.998046517 0.022009095 0.058470331 -3.446849108 -0.021582585 0.999735713 -0.007916062 -2.202237129 -0.058629103 0.006638657 0.998257756 105.767501831
0.996192634 0.019831339 0.084893823 -3.381556273 -0.019003768 0.999763787 -0.010545424 -2.214085579 -0.085082904 0.008891972 0.996334195 106.175865173
0.993220687 0.016868962 0.115013637 -3.314364195 -0.015603384 0.999807477 -0.011895203 -2.225342035 -0.115192153 0.010019959 0.993292689 106.571487427
0.988894880 0.014723537 0.147885621 -3.239557028 -0.012862766 0.999825716 -0.013531051 -2.240288973 -0.148059085 0.011478568 0.988911927 106.909736633
0.982861638 0.012173055 0.183942586 -3.144596338 -0.009627181 0.999845207 -0.014727332 -2.257503033 -0.184093386 0.012704080 0.982826650 107.281173706
0.974988520 0.009018083 0.222072259 -3.025429010 -0.005716971 0.999863446 -0.015503384 -2.268294811 -0.222181752 0.013846042 0.974906921 107.644561768
0.964912832 0.006966324 0.262477964 -2.906535387 -0.002829253 0.999865770 -0.016136238 -2.283470154 -0.262555152 0.014827447 0.964803040 107.988868713
0.952708185 0.007429006 0.303795904 -2.765969276 -0.002483328 0.999858081 -0.016662717 -2.305637121 -0.303876579 0.015120282 0.952591419 108.321350098
0.937366724 0.009562397 0.348212868 -2.631349325 -0.003756626 0.999842525 -0.017344438 -2.316578150 -0.348323882 0.014949992 0.937255025 108.631210327
0.919893563 0.009961744 0.392041564 -2.456487179 -0.003858259 0.999858856 -0.016353240 -2.325313091 -0.392149121 0.013530643 0.919802129 108.935928345
0.899185479 0.008722215 0.437480748 -2.273498535 -0.002382705 0.999884069 -0.015037715 -2.337695360 -0.437561214 0.012479308 0.899102032 109.269866943
0.876309156 0.007178470 0.481695741 -2.081402302 0.000102307 0.999886155 -0.015086924 -2.353887081 -0.481749207 0.013270090 0.876208663 109.531600952
0.850897908 0.009037749 0.525253415 -1.861524582 0.000549905 0.999836147 -0.018094471 -2.360306263 -0.525330842 0.015685387 0.850753486 109.831558228
0.823176384 0.010437170 0.567689836 -1.647450447 0.001625732 0.999783635 -0.020738747 -2.386323929 -0.567783415 0.017994558 0.822981298 110.085319519
0.792029142 0.015235931 0.610293150 -1.412889481 -0.000068410 0.999690711 -0.024868438 -2.403771400 -0.610483289 0.019654779 0.791785240 110.351989746
0.758368969 0.021325709 0.651476562 -1.158243179 -0.003219082 0.999575019 -0.028973252 -2.411737204 -0.651817560 0.019875258 0.758115292 110.598091125
0.720745921 0.026079694 0.692708552 -0.886701584 -0.004973712 0.999460876 -0.032453548 -2.415232658 -0.693181455 0.019945430 0.720487058 110.848274231
0.681738436 0.026146458 0.731128693 -0.590721130 -0.002792019 0.999446869 -0.033138584 -2.432059288 -0.731590688 0.020550523 0.681434333 111.066940308
0.640871763 0.023604544 0.767284989 -0.276319504 0.001821076 0.999477565 -0.032268699 -2.440069199 -0.767645836 0.022077383 0.640493989 111.269920349
0.596347928 0.021924982 0.802426577 0.052776337 0.002455916 0.999572396 -0.029136855 -2.454057693 -0.802722275 0.019346397 0.596039116 111.478256226
0.550766706 0.020259181 0.834413350 0.377487183 0.003835638 0.999633372 -0.026802417 -2.465859890 -0.834650457 0.017962387 0.550487041 111.629524231
0.502674580 0.017743628 0.864293635 0.738727570 0.005887982 0.999695897 -0.023947848 -2.474322319 -0.864455700 0.017126920 0.502417266 111.797782898
0.451799810 0.014025205 0.892009139 1.108676910 0.008751203 0.999758661 -0.020151826 -2.486150742 -0.892076433 0.016910743 0.451568007 111.944404602
0.399228096 0.014203946 0.916741669 1.476764679 0.005361116 0.999826729 -0.017825954 -2.507573605 -0.916836023 0.012031381 0.399082720 112.082031250
0.348579526 0.019141521 0.937083721 1.851669312 0.001775556 0.999776185 -0.021082597 -2.520427704 -0.937277555 0.009012806 0.348467529 112.181861877
0.297875404 0.024191746 0.954298198 2.261459351 0.000601313 0.999673903 -0.025529729 -2.536787987 -0.954604566 0.008178512 0.297763705 112.281303406
0.251088679 0.026393425 0.967604101 2.669715881 0.002181553 0.999610245 -0.027832557 -2.548463345 -0.967961550 0.009099319 0.250933230 112.353218079
0.210154653 0.025994742 0.977322578 3.091529846 0.009234185 0.999549091 -0.028571561 -2.564886093 -0.977624595 0.015029226 0.209819853 112.399620056
0.175014794 0.025630239 0.984232187 3.517982483 0.017695695 0.999417722 -0.029172311 -2.578673601 -0.984406829 0.022522258 0.174459338 112.438468933
0.144493580 0.026752086 0.989144087 3.975456238 0.022332596 0.999291658 -0.030288868 -2.592929363 -0.989253700 0.026466701 0.143793821 112.474639893
0.116336524 0.025251774 0.992888808 4.450820923 0.020528609 0.999402046 -0.027822757 -2.607284307 -0.992997706 0.023619432 0.115748584 112.516983032
0.091221631 0.021435564 0.995599866 4.939064026 0.013885016 0.999643743 -0.022794841 -2.627462387 -0.995733798 0.015903302 0.090891480 112.549507141
0.067470253 0.017856278 0.997561514 5.463447571 0.009419856 0.999783874 -0.018533174 -2.635595083 -0.997676849 0.010647324 0.067287505 112.577301025
0.044611752 0.015496490 0.998884261 5.976211548 0.012568018 0.999791861 -0.016071878 -2.661078453 -0.998925388 0.013270990 0.044407666 112.598281860
0.024358332 0.016346306 0.999569654 6.512527466 0.020257626 0.999652922 -0.016841322 -2.677356482 -0.999498069 0.020659134 0.024018764 112.589019775
0.007063091 0.018719180 0.999799967 7.059928894 0.025260245 0.999502361 -0.018892065 -2.695520878 -0.999656081 0.025388628 0.006586730 112.568084717
-0.007485271 0.024021436 0.999683559 7.666000366 0.024839070 0.999407411 -0.023828819 -2.711819410 -0.999663532 0.024652842 -0.008077502 112.565612793
-0.018159270 0.028613796 0.999425530 8.281593323 0.023134867 0.999334812 -0.028190844 -2.722644329 -0.999567389 0.022609651 -0.018809199 112.560615540
-0.024406910 0.028873639 0.999285161 8.900764465 0.025506215 0.999275386 -0.028250389 -2.729701519 -0.999376774 0.024798477 -0.025125742 112.529212952
-0.027308226 0.025731102 0.999296010 9.548591614 0.031715099 0.999187708 -0.024861628 -2.749222517 -0.999123991 0.031013843 -0.028102160 112.508888245
-0.026388288 0.023836188 0.999367595 10.193649292 0.033694211 0.999168813 -0.022941753 -2.772197485 -0.999083817 0.033067510 -0.027169585 112.478805542
-0.024955750 0.023424692 0.999414206 10.872985840 0.032038487 0.999230623 -0.022620386 -2.796811819 -0.999175191 0.031455211 -0.025686979 112.480796814
-0.022932529 0.023825739 0.999453068 11.577720642 0.028502416 0.999325156 -0.023168700 -2.822901964 -0.999330640 0.027955508 -0.023596168 112.461067200
-0.021730661 0.025062043 0.999449730 12.287170410 0.027352042 0.999326468 -0.024464250 -2.840606213 -0.999389648 0.026805367 -0.022401571 112.452484131
-0.020836115 0.025750447 0.999451399 13.006240845 0.026640795 0.999327600 -0.025191870 -2.869997025 -0.999428034 0.026101280 -0.021508098 112.443038940
-0.020146489 0.025185727 0.999479771 13.756660461 0.026174493 0.999353290 -0.024654940 -2.897171497 -0.999454379 0.025664164 -0.020792723 112.438148499
-0.019362569 0.023970999 0.999525130 14.519912720 0.025545251 0.999398053 -0.023473091 -2.922083616 -0.999486089 0.025078619 -0.019963264 112.417510986
-0.018985987 0.022919007 0.999557018 15.287033081 0.026117999 0.999407411 -0.022419482 -2.945041656 -0.999478519 0.025680777 -0.019573331 112.405822754
-0.019566536 0.020667763 0.999595046 16.074348450 0.027112434 0.999429643 -0.020133639 -2.971785784 -0.999440968 0.026707508 -0.020115733 112.394523621
-0.020568371 0.018694390 0.999613762 16.862403870 0.024454888 0.999535441 -0.018189736 -3.003184795 -0.999489427 0.024071308 -0.021016002 112.379585266
-0.022083521 0.017781181 0.999598145 17.658432007 0.023165138 0.999582469 -0.017269136 -3.023767948 -0.999487877 0.022774465 -0.022486210 112.371498108
-0.023440242 0.015076417 0.999611735 18.461051941 0.025578905 0.999567986 -0.014475957 -3.047823906 -0.999398112 0.025229651 -0.023815751 112.354988098
-0.024537683 0.014031485 0.999600530 19.270179749 0.027677614 0.999527752 -0.013351052 -3.062762499 -0.999315798 0.027338954 -0.024914384 112.332855225
-0.025755525 0.012564588 0.999589264 20.106887817 0.024539247 0.999627650 -0.011932787 -3.099993706 -0.999366999 0.024221834 -0.026054263 112.307678223
-0.026703238 0.017463008 0.999490857 20.930595398 0.021458091 0.999627054 -0.016892092 -3.117537022 -0.999413073 0.020996090 -0.027068019 112.292816162
-0.027409911 0.021942681 0.999383390 21.760910034 0.023229675 0.999503076 -0.021308191 -3.145273685 -0.999354303 0.022631299 -0.027905941 112.271583557
-0.028730392 0.023983542 0.999299586 22.607757568 0.023518719 0.999451578 -0.023311019 -3.165821791 -0.999310613 0.022832509 -0.029278755 112.258056641
-0.030229449 0.021583423 0.999310076 23.453529358 0.019858051 0.999582469 -0.020988600 -3.200799704 -0.999345839 0.019209877 -0.030645490 112.237785339
-0.031547070 0.017216373 0.999354124 24.304008484 0.016943201 0.999717176 -0.016687779 -3.230165005 -0.999358833 0.016405808 -0.031829834 112.223464966
-0.031883597 0.012004266 0.999419570 25.157447815 0.015421281 0.999814749 -0.011517041 -3.257342339 -0.999372661 0.015045124 -0.032062888 112.202354431
-0.032241344 0.006161027 0.999461293 26.000228882 0.011393610 0.999918282 -0.005796304 -3.283014059 -0.999415338 0.011200591 -0.032308936 112.184783936
-0.031671762 0.004670367 0.999487400 26.852478027 0.009060189 0.999949336 -0.004385427 -3.309172153 -0.999457240 0.008916652 -0.031712413 112.161010742
-0.030900717 0.011571838 0.999455452 27.686164856 0.012020864 0.999864936 -0.011204923 -3.334151268 -0.999450147 0.011668077 -0.031035662 112.137657166
-0.029300094 0.022449354 0.999318719 28.521430969 0.014243608 0.999655664 -0.022039307 -3.362047195 -0.999469340 0.013588155 -0.029609680 112.108634949
-0.029417157 0.028408196 0.999163508 29.357170105 0.015963152 0.999481916 -0.027947268 -3.380390167 -0.999439776 0.015127672 -0.029855371 112.096427917
-0.027758479 0.022497114 0.999361515 30.198722839 0.017805580 0.999599218 -0.022007894 -3.413373470 -0.999456108 0.017183306 -0.028147936 112.070373535
-0.026900172 0.014516323 0.999532700 31.019493103 0.020647006 0.999689341 -0.013962929 -3.448789597 -0.999424875 0.020261751 -0.027191520 112.043434143
-0.025948286 0.011501558 0.999597132 31.848472595 0.021999717 0.999698222 -0.010931636 -3.475051165 -0.999421239 0.021707198 -0.026193500 112.017547607
-0.026712656 0.011968825 0.999571502 32.671600342 0.021022636 0.999713898 -0.011408722 -3.501185894 -0.999422073 0.020708872 -0.026956558 112.006164551
-0.027552009 0.012791922 0.999538660 33.481094360 0.017305294 0.999774396 -0.012317928 -3.529601097 -0.999470711 0.016957926 -0.027767181 111.988830566
-0.029848814 0.013164572 0.999467731 34.298721313 0.015268160 0.999802589 -0.012713005 -3.552973270 -0.999437809 0.014880566 -0.030043840 111.974014282
-0.031482458 0.013336179 0.999415517 35.107856750 0.015143503 0.999802589 -0.012864314 -3.574790955 -0.999389768 0.014729651 -0.031678200 111.944290161
-0.033590436 0.013168907 0.999349058 35.916725159 0.013551125 0.999827266 -0.012719726 -3.604655743 -0.999343932 0.013115042 -0.033763170 111.921142578
-0.035878181 0.013544339 0.999264479 36.726173401 0.011844317 0.999843657 -0.013126926 -3.628804207 -0.999286056 0.011364635 -0.036033034 111.906005859
-0.038024187 0.012908464 0.999193490 37.528594971 0.009850152 0.999872804 -0.012542395 -3.650666714 -0.999228299 0.009365292 -0.038146496 111.880386353
-0.040172100 0.011759219 0.999123633 38.320869446 0.010231921 0.999883175 -0.011356760 -3.675992966 -0.999140441 0.009766729 -0.040287733 111.851547241
-0.042393565 0.011490954 0.999034941 39.105079651 0.009630006 0.999892116 -0.011092169 -3.704270363 -0.999054611 0.009150476 -0.042499542 111.824844360
-0.043690324 0.012455562 0.998967409 39.875633240 0.009759417 0.999879897 -0.012040106 -3.727837086 -0.998997390 0.009223304 -0.043806672 111.788208008
-0.045110941 0.012856364 0.998899281 40.657104492 0.010299779 0.999870002 -0.012403714 -3.752967358 -0.998928905 0.009728899 -0.045237541 111.755798340
-0.045738697 0.011688007 0.998885036 41.456634521 0.012616023 0.999858558 -0.011121714 -3.774263620 -0.998873770 0.012093266 -0.045879722 111.719116211
-0.047411203 0.011005384 0.998814821 42.229934692 0.012651608 0.999865711 -0.010416423 -3.799315691 -0.998795331 0.012142758 -0.047544122 111.688194275
-0.049216986 0.010640820 0.998731554 42.999282837 0.011615197 0.999881744 -0.010080686 -3.820644379 -0.998720706 0.011104323 -0.049334764 111.664672852
-0.050451994 0.009757868 0.998678863 43.753845215 0.009637416 0.999910474 -0.009283033 -3.841032505 -0.998680055 0.009156337 -0.050541520 111.634201050
-0.050850511 0.008533410 0.998669922 44.491676331 0.008479672 0.999931157 -0.008112419 -3.865574598 -0.998670340 0.008055873 -0.050919414 111.598373413
-0.051888704 0.008277314 0.998618603 45.205940247 0.007984001 0.999937117 -0.007873391 -3.891109943 -0.998620987 0.007564432 -0.051951528 111.568237305
-0.051862240 0.010719918 0.998596668 45.903083801 0.008258715 0.999912798 -0.010305127 -3.908512592 -0.998620033 0.007712679 -0.051946282 111.530883789
-0.051900506 0.013798907 0.998556972 46.604209900 0.008714402 0.999872744 -0.013364155 -3.929264784 -0.998614311 0.008008220 -0.052014232 111.499404907
-0.052230239 0.015231726 0.998518884 47.302673340 0.006321750 0.999868691 -0.014921639 -3.951657295 -0.998615026 0.005533026 -0.052319646 111.470260620
-0.052485108 0.015945248 0.998494446 48.004325867 0.007090082 0.999853253 -0.015594264 -3.978111982 -0.998596549 0.006260942 -0.052590370 111.438819885
-0.052227378 0.015708774 0.998511732 48.699577332 0.008554975 0.999846637 -0.015282307 -4.001531601 -0.998598635 0.007744087 -0.052353740 111.401451111
-0.053056836 0.015014935 0.998478711 49.391098022 0.008445499 0.999857962 -0.014586904 -4.028916836 -0.998555899 0.007658718 -0.053176045 111.372726440
-0.052771807 0.015341531 0.998488784 50.080139160 0.004857708 0.999874115 -0.015106079 -4.045043945 -0.998594820 0.004053192 -0.052839756 111.338562012
-0.053023100 0.015132350 0.998478651 50.770034790 0.002451940 0.999884129 -0.015023444 -4.076126575 -0.998590291 0.001651620 -0.053054094 111.315933228
-0.052485228 0.014009540 0.998523355 51.429763794 0.004542078 0.999894619 -0.013790033 -4.099169731 -0.998611331 0.003811597 -0.052543402 111.277130127
-0.053666234 0.013698740 0.998464942 52.115463257 0.005254091 0.999895930 -0.013435972 -4.116835594 -0.998545051 0.004524968 -0.053732634 111.246215820
-0.057436705 0.012868152 0.998266280 52.788780212 0.001534454 0.999916911 -0.012801143 -4.141326904 -0.998348057 0.000796539 -0.057451606 111.219146729
-0.062513828 0.012195471 0.997969627 53.463226318 -0.002217396 0.999921203 -0.012358220 -4.168236256 -0.998041689 -0.002985453 -0.062481880 111.186950684
-0.068082094 0.016034162 0.997550845 54.108764648 0.001489631 0.999871373 -0.015969794 -4.186767578 -0.997678638 0.000398726 -0.068097234 111.131446838
-0.074801564 0.019187691 0.997013927 54.774879456 0.003913057 0.999812841 -0.018947978 -4.204177380 -0.997190893 0.002484035 -0.074862599 111.076232910
-0.082136273 0.020744488 0.996405244 55.448410034 0.002979047 0.999783993 -0.020569263 -4.226924896 -0.996616721 0.001278855 -0.082180381 111.022239685
-0.088322163 0.019788655 0.995895445 56.120384216 -0.000604486 0.999801397 -0.019919878 -4.251785755 -0.996091843 -0.002361369 -0.088292599 110.967796326
-0.093958616 0.018653458 0.995401502 56.811721802 -0.001374062 0.999821067 -0.018865984 -4.275783539 -0.995575309 -0.003140361 -0.093916178 110.908264160
-0.098376989 0.019420577 0.994959831 57.507926941 -0.003134416 0.999798536 -0.019824943 -4.296978474 -0.995144427 -0.005068935 -0.098296285 110.844802856
-0.102581143 0.018926676 0.994544625 58.208854675 -0.004784166 0.999798000 -0.019520110 -4.313030243 -0.994713187 -0.006760460 -0.102469802 110.778625488
-0.105055451 0.015588414 0.994344115 58.896347046 -0.005208943 0.999854803 -0.016225144 -4.339536667 -0.994452655 -0.006884022 -0.104958892 110.701271057
-0.106525779 0.012835434 0.994227111 59.609443665 -0.002841292 0.999908686 -0.013213211 -4.357098579 -0.994305909 -0.004232436 -0.106479526 110.623901367
-0.107375383 0.009905405 0.994169295 60.321189880 -0.003239964 0.999941587 -0.010312851 -4.379830360 -0.994213343 -0.004328418 -0.107336998 110.543533325
-0.109177232 0.009581380 0.993976057 61.059333801 -0.004245312 0.999939919 -0.010105168 -4.400585175 -0.994013190 -0.005322994 -0.109130025 110.476524353
-0.109344721 0.012732559 0.993922412 61.786537170 -0.002743281 0.999910295 -0.013111064 -4.424017906 -0.994000196 -0.004160233 -0.109300017 110.396781921
-0.110369205 0.017200956 0.993741810 62.528251648 0.003958084 0.999849916 -0.016867081 -4.441514492 -0.993882775 0.002071706 -0.110420823 110.315658569
-0.110976458 0.022604836 0.993565977 63.269439697 0.011741454 0.999701321 -0.021432960 -4.461892605 -0.993753731 0.009287355 -0.111208797 110.225456238
-0.111357093 0.022731265 0.993520498 64.012138367 0.011482002 0.999701083 -0.021585733 -4.490626335 -0.993714213 0.009003882 -0.111584783 110.139297485
-0.111879349 0.020429103 0.993511915 64.774795532 0.009283868 0.999766529 -0.019512262 -4.518501282 -0.993678510 0.007040615 -0.112042904 110.064247131
-0.112182021 0.016276702 0.993554413 65.540397644 0.009876125 0.999834716 -0.015264479 -4.536540508 -0.993638635 0.008100068 -0.112324238 109.982345581
-0.111791730 0.014376156 0.993627667 66.273765564 0.012733581 0.999834001 -0.013033312 -4.561955452 -0.993650019 0.011195420 -0.111956239 109.892059326
-0.112398505 0.013576123 0.993570447 67.022964478 0.012310424 0.999848962 -0.012269285 -4.587261200 -0.993586957 0.010852224 -0.112548590 109.809265137
-0.114509106 0.014589684 0.993315101 67.766220093 0.010886643 0.999850512 -0.013430666 -4.609951019 -0.993362606 0.009275932 -0.114650846 109.732971191
-0.116545916 0.015457503 0.993065059 68.504035950 0.010568471 0.999841571 -0.014322670 -4.632604122 -0.993129134 0.008825932 -0.116690755 109.645210266
-0.118683457 0.015640691 0.992808998 69.244903564 0.011689709 0.999828637 -0.014353856 -4.656775475 -0.992863357 0.009902082 -0.118845940 109.558174133
-0.120756745 0.015646154 0.992558897 69.995788574 0.011672255 0.999829054 -0.014340688 -4.679983139 -0.992613554 0.009853666 -0.120918632 109.470855713
-0.122856021 0.015551381 0.992302656 70.742614746 0.011237729 0.999834895 -0.014278093 -4.701548100 -0.992360890 0.009397078 -0.123010516 109.383087158
-0.124369264 0.015718304 0.992111504 71.493759155 0.009003497 0.999851227 -0.014712265 -4.724689484 -0.992195189 0.007102720 -0.124492288 109.294898987
-0.125599146 0.017261250 0.991930902 72.251892090 0.008779281 0.999828815 -0.016287046 -4.746957779 -0.992042243 0.006662801 -0.125729084 109.205131531
-0.126348138 0.017747676 0.991827071 73.006935120 0.008059752 0.999825299 -0.016864067 -4.768966675 -0.991953135 0.005863136 -0.126469135 109.111572266
-0.127696514 0.018225363 0.991645873 73.773124695 0.007701828 0.999819219 -0.017383799 -4.788152218 -0.991783440 0.005417635 -0.127813816 109.019996643
-0.129100680 0.016346270 0.991496861 74.557739258 0.007700134 0.999850512 -0.015481376 -4.811154366 -0.991601706 0.005636003 -0.129207253 108.926147461
-0.130024672 0.014006115 0.991411805 75.340263367 0.005785588 0.999893904 -0.013367160 -4.832930565 -0.991493881 0.003997840 -0.130091906 108.828506470
-0.131937623 0.012038144 0.991185129 76.128082275 0.002423740 0.999927163 -0.011821694 -4.852326393 -0.991255224 0.000842651 -0.131957173 108.735321045
-0.133688092 0.011406339 0.990957797 76.915168762 0.004213374 0.999931276 -0.010941209 -4.873372078 -0.991014540 0.002712566 -0.133726954 108.622573853
-0.135347962 0.012150551 0.990723670 77.710411072 0.005388533 0.999919057 -0.011527171 -4.894259453 -0.990783513 0.003778368 -0.135402441 108.518547058
-0.137643576 0.013629952 0.990388095 78.507820129 0.004835813 0.999902666 -0.013088815 -4.911858559 -0.990470052 0.002987741 -0.137696147 108.412384033
-0.139366150 0.016596159 0.990101933 79.313285828 0.005669969 0.999856532 -0.015961567 -4.943800926 -0.990224779 0.003389345 -0.139440298 108.304107666
-0.139785171 0.020744078 0.989964724 80.123298645 0.008474743 0.999768972 -0.019752871 -4.963669777 -0.990145743 0.005628538 -0.139928699 108.196014404
-0.140981793 0.024417358 0.989711046 80.949203491 0.008448916 0.999689102 -0.023460003 -5.001752853 -0.989976168 0.005054554 -0.141144276 108.075813293
-0.140748858 0.025773207 0.989709914 81.778961182 0.010798664 0.999641597 -0.024496142 -5.028084278 -0.989986539 0.007239741 -0.140976787 107.960334778
-0.140203714 0.024863195 0.989810467 82.614151001 0.014015433 0.999634326 -0.023124717 -5.061313629 -0.990023494 0.010630452 -0.140500903 107.843200684
-0.139751434 0.022745943 0.989925444 83.428283691 0.014673972 0.999673903 -0.020898363 -5.095149040 -0.990078032 0.011605563 -0.140039682 107.720474243
-0.139011621 0.021387490 0.990059912 84.262603760 0.014015133 0.999709129 -0.019628111 -5.119945049 -0.990191758 0.011147286 -0.139271021 107.606712341
-0.137540698 0.018814730 0.990317404 85.126434326 0.013298699 0.999764502 -0.017147217 -5.151641846 -0.990406871 0.010811493 -0.137758493 107.502258301
-0.136075020 0.016006764 0.990569353 85.981521606 0.014007702 0.999800622 -0.014231691 -5.174756050 -0.990599632 0.011939024 -0.136272073 107.392471313
-0.134445071 0.012323664 0.990844548 86.838592529 0.014105271 0.999845147 -0.010521705 -5.200691223 -0.990820765 0.012561539 -0.134598017 107.281150818
-0.132712722 0.012289278 0.991078436 87.684989929 0.012589915 0.999863386 -0.010712329 -5.227249146 -0.991074681 0.011055931 -0.132849336 107.172576904
-0.131050229 0.016430302 0.991239607 88.531433105 0.013359332 0.999801159 -0.014805999 -5.258099556 -0.991285741 0.011301969 -0.131243587 107.056434631
-0.129242420 0.022977371 0.991346836 89.389060974 0.014072266 0.999673307 -0.021335753 -5.281281471 -0.991513193 0.011193012 -0.129523516 106.953643799
-0.127681494 0.026409160 0.991463661 90.231918335 0.011916377 0.999614120 -0.025091663 -5.309061050 -0.991743743 0.008610914 -0.127946973 106.845489502
-0.126293063 0.023669591 0.991710663 91.093955994 0.010844111 0.999688506 -0.022479022 -5.339992046 -0.991933823 0.007915278 -0.126510382 106.744873047
-0.125211596 0.021327998 0.991900861 91.953430176 0.010828871 0.999738753 -0.020129560 -5.373131752 -0.992071033 0.008220714 -0.125409842 106.640815735
-0.124724627 0.019615116 0.991997540 92.823120117 0.011306599 0.999767721 -0.018347172 -5.402254105 -0.992127001 0.008927773 -0.124917507 106.541023254
-0.124048233 0.019232614 0.992089868 93.685501099 0.010574165 0.999781013 -0.018059552 -5.431839943 -0.992219925 0.008250268 -0.124224424 106.439674377
-0.123634338 0.019370733 0.992138803 94.557388306 0.009752400 0.999784887 -0.018304732 -5.460660934 -0.992279947 0.007412640 -0.123796701 106.338180542
-0.123003483 0.017502127 0.992252052 95.423271179 0.012447733 0.999793053 -0.016092075 -5.488483429 -0.992328286 0.010371908 -0.123195887 106.234306335
-0.121628881 0.016568927 0.992437482 96.283988953 0.015183236 0.999774754 -0.014830636 -5.519857407 -0.992459655 0.013264579 -0.121852994 106.123252869
-0.121243954 0.017813556 0.992462933 97.149841309 0.016813722 0.999732375 -0.015889993 -5.551753998 -0.992480397 0.014760428 -0.121511102 106.024726868
-0.120670676 0.020314515 0.992484748 98.011932373 0.017821096 0.999673784 -0.018294899 -5.576151848 -0.992532670 0.015479509 -0.120993376 105.924758911
-0.119749784 0.021633185 0.992568612 98.876647949 0.014746646 0.999691010 -0.020009298 -5.608015537 -0.992694795 0.012240950 -0.120031834 105.823654175
-0.119209766 0.017232727 0.992719471 99.747161865 0.009580711 0.999822795 -0.016205542 -5.638065338 -0.992822826 0.007579098 -0.119353771 105.729797363
-0.119275093 0.015293377 0.992743611 100.601928711 0.005193196 0.999877274 -0.014779328 -5.669698715 -0.992847860 0.003392708 -0.119339824 105.637626648
-0.120551944 0.015586815 0.992584646 101.445236206 0.001423857 0.999878407 -0.015528420 -5.699921608 -0.992706001 -0.000458684 -0.120559573 105.547088623
-0.121675491 0.020214973 0.992364228 102.289695740 -0.001666370 0.999787033 -0.020570498 -5.728182793 -0.992568672 -0.004156569 -0.121615887 105.451301575
-0.122944355 0.022509951 0.992158473 103.122940063 -0.002668902 0.999731600 -0.023012493 -5.764257908 -0.992410183 -0.005477224 -0.122851253 105.361106873
-0.123727560 0.022903206 0.992052019 103.961158752 -0.002569505 0.999722838 -0.023400769 -5.795029640 -0.992313087 -0.005444399 -0.123634458 105.266540527
-0.123681188 0.022333886 0.992070735 104.791862488 -0.001013648 0.999743342 -0.022632988 -5.830269814 -0.992321551 -0.003804883 -0.123626709 105.155372620
-0.124404550 0.023126511 0.991962135 105.629577637 0.000251930 0.999729037 -0.023275996 -5.864899635 -0.992231667 -0.002645733 -0.124376774 105.057525635
-0.124561310 0.026435155 0.991859913 106.449203491 0.001904097 0.999649525 -0.026403647 -5.897297859 -0.992210269 -0.001400270 -0.124567986 104.951400757
-0.125437856 0.027598124 0.991717577 107.262672424 0.001624228 0.999617398 -0.027612524 -5.935495853 -0.992100179 -0.001852880 -0.125434756 104.860244751
-0.126297355 0.027901376 0.991600037 108.064071655 0.000180139 0.999605000 -0.028103674 -5.968396187 -0.991992474 -0.003370793 -0.126252532 104.759216309
-0.129186630 0.026676744 0.991261542 108.875701904 -0.002123681 0.999628365 -0.027178684 -6.008450508 -0.991618156 -0.005616242 -0.129081964 104.673065186
-0.132323503 0.027747160 0.990818202 109.685394287 -0.002240564 0.999597192 -0.028292239 -6.046379089 -0.991204143 -0.005963717 -0.132207990 104.571220398
-0.135484099 0.030203236 0.990319133 110.456085205 -0.002568875 0.999521196 -0.030835330 -6.087336540 -0.990776241 -0.006721701 -0.135341644 104.463157654
-0.139032960 0.031489290 0.989787042 111.257553101 -0.003741346 0.999470472 -0.032322899 -6.125557899 -0.990280747 -0.008197082 -0.138841510 104.372161865
-0.142076612 0.031732436 0.989347100 112.034927368 -0.002907919 0.999468327 -0.032474663 -6.161255836 -0.989851594 -0.007490824 -0.141908765 104.262489319
-0.145363450 0.030301725 0.988914192 112.817481995 -0.001902495 0.999520481 -0.030906372 -6.199965954 -0.989376545 -0.006374061 -0.145236135 104.155197144
-0.147547126 0.031239796 0.988561571 113.591041565 -0.000711569 0.999497414 -0.031691588 -6.238598824 -0.989054799 -0.005379431 -0.147450805 104.037719727
-0.149413943 0.035037868 0.988153815 114.348655701 -0.005194213 0.999330342 -0.036219556 -6.283440590 -0.988761187 -0.010544385 -0.149131894 103.928268433
-0.151328325 0.041829202 0.987598121 115.156059265 -0.007235159 0.999030590 -0.043422054 -6.337100029 -0.988457084 -0.013716416 -0.150878906 103.821166992
-0.153864145 0.044847168 0.987073839 115.924118042 -0.003084798 0.998942792 -0.045867287 -6.375313759 -0.988087296 -0.010102249 -0.153563142 103.698013306
-0.156723976 0.043247629 0.986695230 116.692077637 -0.000652775 0.999036074 -0.043892227 -6.415933609 -0.987642348 -0.007523050 -0.156544685 103.577522278
-0.160300016 0.035212580 0.986440182 117.459594727 -0.002461161 0.999346137 -0.036073226 -6.464901924 -0.987065434 -0.008210319 -0.160108447 103.461547852
-0.162084579 0.033042457 0.986223519 118.225875854 -0.003542976 0.999413311 -0.034066651 -6.508754730 -0.986770511 -0.009015843 -0.161872387 103.339752197
-0.163721800 0.035996862 0.985849798 118.979583740 -0.004069193 0.999300897 -0.037163794 -6.547870636 -0.986498356 -0.010096126 -0.163460851 103.214332581
-0.166805506 0.039153736 0.985212326 119.735023499 -0.006752218 0.999142468 -0.040850554 -6.590519905 -0.985966921 -0.013466455 -0.166398048 103.095283508
-0.169267893 0.041533887 0.984694719 120.478729248 -0.007162377 0.999033391 -0.043369897 -6.635248184 -0.985544264 -0.014393875 -0.168806791 102.975189209
-0.171425819 0.046016313 0.984121740 121.227584839 -0.003421361 0.998874784 -0.047302116 -6.680033207 -0.985191047 -0.011475839 -0.171075463 102.846817017
-0.173257232 0.050522476 0.983579874 121.962730408 -0.003015152 0.998651505 -0.051827762 -6.725472927 -0.984871924 -0.011945179 -0.172871232 102.717643738
-0.175928593 0.052759171 0.982988238 122.697769165 -0.003538327 0.998522401 -0.054226197 -6.771753311 -0.984396696 -0.013018064 -0.175481915 102.591629028
-0.179277658 0.050242458 0.982514858 123.444885254 -0.002937247 0.998663306 -0.051604196 -6.817648411 -0.983794272 -0.012137362 -0.178890347 102.477554321
-0.183136702 0.046541940 0.981985211 124.177780151 0.000688174 0.998884559 -0.047214556 -6.874129295 -0.983087301 -0.007970936 -0.182964444 102.334358215
-0.188476920 0.045065712 0.981043160 124.915519714 0.003824490 0.998972714 -0.045154579 -6.924041748 -0.982070208 -0.004758606 -0.188455701 102.187751770
-0.194579482 0.043642424 0.979915559 125.644416809 0.002464364 0.999028325 -0.044004310 -6.970975399 -0.980883837 -0.006147459 -0.194497943 102.045242310
-0.202758551 0.043841776 0.978246987 126.371963501 0.001420804 0.999009371 -0.044477794 -7.016740799 -0.979227841 -0.007628350 -0.202620029 101.899818420
-0.213837266 0.043750305 0.975889146 127.072845459 0.000817835 0.999004245 -0.044607382 -7.067552090 -0.976869047 -0.008740604 -0.213660121 101.750328064
-0.225256801 0.045281906 0.973246694 127.776237488 0.001517304 0.998934507 -0.046125896 -7.104976177 -0.974298358 -0.008913454 -0.225085497 101.572608948
-0.238067389 0.045467976 0.970183909 128.497116089 0.001977628 0.998924255 -0.046329629 -7.161077976 -0.971246779 -0.009110906 -0.237901211 101.403953552
-0.249670029 0.045840871 0.967245519 129.195755005 0.004954698 0.998926222 -0.046063401 -7.201115131 -0.968318522 -0.006708230 -0.249629021 101.212707520
-0.261166930 0.045956247 0.964199066 129.890121460 0.007746139 0.998933673 -0.045513637 -7.241248608 -0.965262592 -0.004417838 -0.261244416 101.022048950
-0.271250963 0.045587800 0.961428523 130.608032227 0.012393424 0.998960316 -0.043870844 -7.291163445 -0.962428927 0.000015388 -0.271533966 100.821067810
-0.279369354 0.045968752 0.959082723 131.296081543 0.018462235 0.998925865 -0.042500604 -7.340059280 -0.960006177 0.005833444 -0.279917955 100.598785400
-0.287277699 0.046013612 0.956741631 131.979492188 0.023789851 0.998880088 -0.040896930 -7.382910728 -0.957552016 0.011011967 -0.288050652 100.387161255
-0.293922186 0.046071965 0.954718471 132.674560547 0.024135789 0.998876929 -0.040772419 -7.427257061 -0.955524743 0.011058969 -0.294704080 100.179267883
-0.297733188 0.044023909 0.953633487 133.360671997 0.027976312 0.998909473 -0.037379581 -7.467558861 -0.954239130 0.015550005 -0.298640132 99.951240540
-0.300113201 0.042305045 0.952965200 134.037292480 0.032617308 0.998887002 -0.034071635 -7.495931149 -0.953345954 0.020857817 -0.301159024 99.730651855
-0.300856352 0.040566284 0.952806354 134.704223633 0.039260913 0.998774767 -0.030126469 -7.530126572 -0.952861011 0.028344307 -0.302080393 99.512557983
-0.301452637 0.039283495 0.952671707 135.372253418 0.041505616 0.998744488 -0.028049750 -7.564023972 -0.952577472 0.031085555 -0.302704573 99.293334961
-0.301509500 0.045095816 0.952396095 136.037231445 0.043901764 0.998478055 -0.033379368 -7.594018936 -0.952451885 0.031747669 -0.303030491 99.088745117
-0.300924897 0.048231862 0.952427447 136.693374634 0.043817669 0.998364747 -0.036713738 -7.630069256 -0.952640712 0.030685076 -0.302546144 98.887359619
-0.299831748 0.047544699 0.952806771 137.347732544 0.045619410 0.998329282 -0.035460632 -7.670955658 -0.952900887 0.032834254 -0.301499844 98.679992676
-0.297480941 0.046776943 0.953581214 138.000213623 0.046279512 0.998331368 -0.034534678 -7.694663048 -0.953605533 0.033857867 -0.299149394 98.468246460
-0.295694828 0.043504927 0.954291463 138.647277832 0.048553083 0.998355746 -0.030469213 -7.740859985 -0.954047978 0.037324201 -0.297320962 98.266525269
-0.293864131 0.044469368 0.954812407 139.291412354 0.048780594 0.998313248 -0.031482100 -7.772487164 -0.954601884 0.037324853 -0.295537710 98.066101074
-0.292664766 0.045744430 0.955120206 139.922302246 0.050129939 0.998215497 -0.032447774 -7.814860821 -0.954900086 0.038383797 -0.294435740 97.884826660
-0.288174868 0.047223888 0.956412733 140.558135986 0.051797822 0.998089671 -0.033674635 -7.848429203 -0.956175923 0.039835911 -0.290070415 97.692153931
-0.283148170 0.046366937 0.957954764 141.181594849 0.053082757 0.998057246 -0.032618001 -7.881441593 -0.957606077 0.041615147 -0.285059452 97.510726929
-0.277645230 0.044659171 0.959645212 141.806015015 0.053829331 0.998072743 -0.030873550 -7.914385319 -0.959174514 0.043085165 -0.279514074 97.329833984
-0.272784591 0.042525481 0.961134851 142.428131104 0.053877857 0.998130083 -0.028870989 -7.947525501 -0.960565329 0.043908328 -0.274565578 97.153717041
-0.268356562 0.041870095 0.962409377 143.042404175 0.053624094 0.998155177 -0.028472789 -7.976775169 -0.961826086 0.043967471 -0.270106792 96.978607178
-0.264559984 0.040821269 0.963504851 143.671615601 0.055416815 0.998096287 -0.027070422 -8.001840591 -0.962775648 0.046232622 -0.266318560 96.811645508
-0.260903478 0.039220259 0.964568019 144.281280518 0.058496125 0.997980595 -0.024756398 -8.031213760 -0.963591099 0.049964458 -0.262670875 96.644836426
-0.256940246 0.037937496 0.965682507 144.890258789 0.060899723 0.997878909 -0.022998700 -8.052566528 -0.964506686 0.052900504 -0.258705616 96.477783203
-0.253501892 0.036995851 0.966627240 145.493972778 0.059514284 0.997971892 -0.022587653 -8.075481415 -0.965502441 0.051802110 -0.255189538 96.322860718
-0.249913096 0.037751030 0.967532098 146.080947876 0.056790676 0.998090982 -0.024274372 -8.104543686 -0.966601431 0.048880320 -0.251579881 96.186096191
-0.245315552 0.041413765 0.968558490 146.670837402 0.057723451 0.997938454 -0.028049877 -8.129972458 -0.967723429 0.049027465 -0.247200370 96.039291382
-0.239881516 0.044679031 0.969773591 147.257171631 0.059538916 0.997737050 -0.031239916 -8.155885696 -0.968974769 0.050245386 -0.241998792 95.900588989
-0.233116150 0.045066956 0.971404195 147.848297119 0.058888797 0.997746468 -0.032157034 -8.188044548 -0.970664382 0.049708497 -0.235244751 95.764358521
-0.224924922 0.043206498 0.973417878 148.426239014 0.054940730 0.997989416 -0.031602159 -8.221783638 -0.972826123 0.046372179 -0.226846457 95.643981934
-0.214801669 0.041871108 0.975759864 149.008407593 0.054262169 0.998049021 -0.030882416 -8.244056702 -0.975149274 0.046313249 -0.216654658 95.540267944
-0.202311039 0.040171791 0.978497028 149.582992554 0.055108283 0.998042107 -0.029580189 -8.275255203 -0.977769554 0.047938894 -0.204128742 95.414566040
-0.188923836 0.038933326 0.981219709 150.155364990 0.054884616 0.998070478 -0.029034469 -8.303386688 -0.980456829 0.048368562 -0.190696239 95.314132690
-0.174073100 0.037983119 0.984000027 150.729263306 0.053986907 0.998121083 -0.028977733 -8.336608887 -0.983251810 0.048078876 -0.175796628 95.232971191
-0.155041575 0.037222367 0.987206578 151.290527344 0.053007413 0.998163879 -0.029310662 -8.362840652 -0.986484945 0.047784895 -0.156729937 95.147750854
-0.134355903 0.036350559 0.990266204 151.859359741 0.051423457 0.998236239 -0.029666161 -8.393364906 -0.989597976 0.046937086 -0.135988235 95.088714600
-0.112050653 0.035609938 0.993064225 152.425338745 0.048072278 0.998381853 -0.030376468 -8.424255371 -0.992538989 0.044335157 -0.113581300 95.044342041
-0.090542674 0.036495689 0.995223761 152.988769531 0.041930508 0.998581827 -0.032804120 -8.456027031 -0.995009601 0.038760066 -0.091944575 95.021743774
-0.069219351 0.037615862 0.996892154 153.538665771 0.035065074 0.998763084 -0.035251722 -8.487580299 -0.996985137 0.032515995 -0.070452690 95.002273560
-0.050219059 0.038387548 0.998000324 154.121826172 0.028957445 0.998896897 -0.036964916 -8.514492035 -0.998318434 0.027043199 -0.051275253 94.993560791
-0.034774899 0.038187735 0.998665333 154.681900024 0.022157025 0.999053538 -0.037431043 -8.540095329 -0.999149561 0.020825792 -0.035588145 94.994796753
-0.025239825 0.036497965 0.999015093 155.241180420 0.014032155 0.999247789 -0.036151957 -8.566035271 -0.999583066 0.013105869 -0.025732875 95.002471924
-0.023307323 0.033484653 0.999167562 155.798065186 0.005349999 0.999428809 -0.033368614 -8.602716446 -0.999714196 0.004567817 -0.023473144 95.011383057
-0.028786778 0.030874746 0.999108613 156.351104736 -0.000927123 0.999521613 -0.030914219 -8.624440193 -0.999585152 -0.001816219 -0.028744459 95.000564575
-0.041614532 0.027071508 0.998767018 156.904785156 -0.003599713 0.999622285 -0.027244678 -8.655426025 -0.999127388 -0.004729045 -0.041501284 94.977905273
-0.055049896 0.025336893 0.998162150 157.450622559 -0.004279154 0.999662817 -0.025610987 -8.679979324 -0.998474479 -0.005681172 -0.054922938 94.943542480
-0.067525864 0.023910919 0.997431099 157.990295410 -0.001491909 0.999709249 -0.024066538 -8.705548286 -0.997716546 -0.003113189 -0.067470670 94.897644043
-0.079435468 0.023397937 0.996565402 158.531127930 0.000186022 0.999724805 -0.023457291 -8.730998993 -0.996840000 -0.001677957 -0.079417944 94.847320557
-0.093994021 0.022386406 0.995321155 159.089691162 -0.003483739 0.999733627 -0.022814643 -8.755278587 -0.995566785 -0.005611876 -0.093891025 94.804122925
-0.110387564 0.020796966 0.993671060 159.618911743 -0.007571726 0.999734461 -0.021765018 -8.774865150 -0.993859828 -0.009926392 -0.110200763 94.747451782
-0.127611279 0.020222716 0.991618276 160.139068604 -0.005734906 0.999760330 -0.021126790 -8.795763016 -0.991807878 -0.008382848 -0.127464652 94.678588867
-0.142929792 0.019296952 0.989544868 160.671401978 -0.005018254 0.999782920 -0.020221442 -8.817840576 -0.989720285 -0.007856029 -0.142801881 94.594207764
-0.157547116 0.017313030 0.987359822 161.187393188 -0.003812901 0.999828160 -0.018140061 -8.841024399 -0.987504244 -0.006622617 -0.157454014 94.507171631
-0.171088696 0.016143797 0.985123396 161.680938721 -0.002904534 0.999853134 -0.016889621 -8.858287811 -0.985251367 -0.005750948 -0.171016693 94.407363892
-0.184783340 0.015321095 0.982659996 162.191070557 -0.004898117 0.999851704 -0.016510202 -8.875164032 -0.982767224 -0.007863991 -0.184680820 94.314346313
-0.197319508 0.014483185 0.980232298 162.686508179 -0.004721277 0.999865234 -0.015723653 -8.895191193 -0.980327964 -0.007730530 -0.197224498 94.209060669
-0.207935214 0.015730148 0.978016198 163.177841187 -0.000532180 0.999868691 -0.016194765 -8.913170815 -0.978142560 -0.003887940 -0.207899570 94.092819214
-0.218052864 0.018587247 0.975759923 163.667755127 0.003265892 0.999826908 -0.018315870 -8.935081482 -0.975931466 -0.000807100 -0.218075752 93.979492188
-0.225492954 0.019181972 0.974055946 164.163864136 0.003486882 0.999815643 -0.018882046 -8.953523636 -0.974238575 -0.000861350 -0.225518227 93.869125366
-0.230155706 0.019195246 0.972964585 164.640563965 0.005051869 0.999815524 -0.018529953 -8.972362518 -0.973140776 0.000650515 -0.230210185 93.751464844
-0.233397126 0.018035002 0.972214222 165.114181519 0.004002911 0.999837339 -0.017586453 -8.985786438 -0.972373247 -0.000212940 -0.233431339 93.640579224
-0.235748887 0.017037462 0.971664667 165.594253540 0.004858706 0.999854505 -0.016352914 -9.001871109 -0.971801877 0.000865851 -0.235797405 93.530853271
-0.235974908 0.016650056 0.971616566 166.064117432 0.006951113 0.999856532 -0.015445785 -9.017488480 -0.971734345 0.003108998 -0.236056805 93.414428711
-0.237368345 0.016837545 0.971273899 166.535690308 0.007382597 0.999852180 -0.015528744 -9.041543961 -0.971391737 0.003484492 -0.237457514 93.300140381
-0.240600944 0.017309558 0.970469952 167.018508911 0.006565439 0.999847114 -0.016205823 -9.057505608 -0.970602095 0.002472428 -0.240677834 93.193389893
-0.242895246 0.020387545 0.969838202 167.482818604 0.006736650 0.999790490 -0.019329999 -9.070742607 -0.970029116 0.001838295 -0.242981672 93.069290161
-0.247046709 0.021839263 0.968757451 167.956481934 0.006299281 0.999761045 -0.020931790 -9.084341049 -0.968983114 0.000931347 -0.247125268 92.949813843
-0.252472281 0.020969933 0.967377067 168.450607300 0.005224888 0.999780118 -0.020308716 -9.097552299 -0.967590213 -0.000072946 -0.252526283 92.826477051
-0.257691741 0.019515412 0.966030121 168.944976807 0.004527847 0.999809444 -0.018989991 -9.121357918 -0.966216564 -0.000519528 -0.257730961 92.696228027
-0.263566136 0.020377750 0.964426100 169.447525024 0.007312618 0.999790311 -0.019126525 -9.137851715 -0.964613616 0.002011375 -0.263659954 92.557937622
-0.268805861 0.021311020 0.962958753 169.956283569 0.009707645 0.999764383 -0.019415712 -9.156847000 -0.963145614 0.004129006 -0.268949389 92.411193848
-0.274673462 0.022700371 0.961269677 170.477554321 0.009336700 0.999737144 -0.020940911 -9.170750618 -0.961492360 0.003223174 -0.274813294 92.262985229
-0.280271530 0.024172941 0.959616363 170.989944458 0.008297185 0.999706566 -0.022759493 -9.187952042 -0.959884942 0.001583277 -0.280389786 92.112030029
-0.285611033 0.025781618 0.957998931 171.519470215 0.010521526 0.999662161 -0.023766048 -9.203758240 -0.958288014 0.003291769 -0.285785794 91.952331543
-0.290794492 0.026448272 0.956419945 172.048629761 0.014296970 0.999626398 -0.023296159 -9.225066185 -0.956678748 0.006899514 -0.291063905 91.786849976
-0.295191765 0.027504452 0.955042243 172.582763672 0.018113319 0.999567032 -0.023188133 -9.241950989 -0.955266476 0.010454043 -0.295562148 91.612838745
-0.299309731 0.026293285 0.953793705 173.125915527 0.016116355 0.999616981 -0.022499030 -9.260778427 -0.954019904 0.008637498 -0.299618840 91.447036743
-0.303061366 0.024470875 0.952656806 173.672119141 0.016959121 0.999650419 -0.020282926 -9.278753281 -0.952820182 0.010009252 -0.303370357 91.270706177
-0.305812359 0.020812955 0.951864183 174.228576660 0.016766638 0.999723732 -0.016472684 -9.297453880 -0.951944053 0.010922010 -0.306076884 91.092300415
-0.308652401 0.019020470 0.950984776 174.782806396 0.020699518 0.999697566 -0.013276515 -9.317464828 -0.950949728 0.015587098 -0.308952689 90.911178589
-0.310578942 0.017975474 0.950377762 175.337448120 0.023139155 0.999667883 -0.011345988 -9.334679604 -0.950266063 0.018467112 -0.310891747 90.726577759
-0.312026501 0.015824320 0.949941814 175.886276245 0.021432767 0.999724090 -0.009613607 -9.354885101 -0.949831784 0.017360181 -0.312279582 90.552597046
-0.312200546 0.017934592 0.949847043 176.445526123 0.021851191 0.999692857 -0.011693601 -9.372191429 -0.949765027 0.017104540 -0.312496543 90.375030518
-0.311268449 0.019241281 0.950127363 176.988983154 0.022754371 0.999659300 -0.012789876 -9.384558678 -0.950049698 0.017638465 -0.311600208 90.195922852
-0.310379148 0.020592147 0.950390041 177.539672852 0.025029724 0.999595761 -0.013484069 -9.398012161 -0.950283527 0.019602826 -0.310769081 90.021179199
-0.308131576 0.020042501 0.951132655 178.086654663 0.023696348 0.999629557 -0.013387706 -9.416279793 -0.951048672 0.018413195 -0.308492422 89.847488403
-0.305894613 0.020732986 0.951839566 178.634063721 0.024308933 0.999607027 -0.013961245 -9.428724289 -0.951754928 0.018867537 -0.306278348 89.679031372
-0.303011537 0.020731764 0.952761352 179.168930054 0.025084754 0.999590456 -0.013772916 -9.445399284 -0.952656686 0.019726431 -0.303407550 89.506866455
-0.300319076 0.023057567 0.953560233 179.705612183 0.026909543 0.999514699 -0.015693748 -9.463949203 -0.953459322 0.020946739 -0.300793767 89.341766357
-0.296722651 0.025882578 0.954613090 180.245666504 0.027522163 0.999449193 -0.018543512 -9.464498520 -0.954567194 0.020770736 -0.297271609 89.180435181
-0.293121815 0.025836235 0.955726087 180.766067505 0.027390441 0.999451399 -0.018617606 -9.498432159 -0.955682814 0.020720532 -0.293668747 89.025848389
-0.288796186 0.026389671 0.957026839 181.258911133 0.027878413 0.999427974 -0.019146167 -9.509525299 -0.956984639 0.021151049 -0.289366603 88.869323730
-0.285582185 0.023836717 0.958057940 181.742507935 0.026395887 0.999507010 -0.016999783 -9.543644905 -0.957990825 0.020433953 -0.286070585 88.750610352
-0.280740023 0.021341143 0.959546685 182.218078613 0.026839493 0.999536335 -0.014377971 -9.553694725 -0.959408641 0.021717275 -0.281182647 88.613555908
-0.275057793 0.017288983 0.961272418 182.686767578 0.028415628 0.999547720 -0.009846562 -9.573137283 -0.961007833 0.024606783 -0.275424719 88.481307983
-0.267757654 0.014454781 0.963378012 183.135406494 0.029883839 0.999530971 -0.006691435 -9.586154938 -0.963022888 0.026997751 -0.268064022 88.354537964
-0.258629322 0.012948090 0.965889931 183.564880371 0.029701019 0.999543965 -0.005446409 -9.599981308 -0.965519965 0.027279312 -0.258895993 88.243637085
-0.247231483 0.011525572 0.968888104 183.986206055 0.029334063 0.999559939 -0.004405258 -9.622278214 -0.968512475 0.027332302 -0.247460723 88.139038086
-0.233861208 0.011730916 0.972199261 184.387939453 0.028244078 0.999587178 -0.005267315 -9.633830070 -0.971859694 0.026227051 -0.234095931 88.057128906
-0.217829585 0.013384780 0.975894988 184.804016113 0.026408805 0.999620676 -0.007815474 -9.641272545 -0.975629389 0.024069780 -0.218100429 87.980209351
-0.198764563 0.017055761 0.979898989 185.169525146 0.026733808 0.999570847 -0.011975431 -9.660757065 -0.979682684 0.023816137 -0.199135303 87.914886475
-0.178214192 0.020238565 0.983783603 185.534973145 0.027282124 0.999505758 -0.015619801 -9.673116684 -0.983613431 0.024056038 -0.178678274 87.888565063
-0.152017474 0.020231277 0.988170624 185.927185059 0.027294256 0.999495149 -0.016264249 -9.687457085 -0.988000751 0.024498932 -0.152493000 87.841201782
-0.123700142 0.017996149 0.992156625 186.320495605 0.023642065 0.999605179 -0.015183614 -9.694581985 -0.992038131 0.021578414 -0.124076843 87.818420410
-0.092727304 0.015314240 0.995573938 186.716964722 0.019001119 0.999726832 -0.013608368 -9.710223198 -0.995510340 0.017655149 -0.092993021 87.806747437
-0.060495615 0.014516348 0.998063028 187.106033325 0.013882054 0.999809802 -0.013700324 -9.714852333 -0.998072028 0.013026356 -0.060685635 87.807876587
-0.028687835 0.011898618 0.999517739 187.483886719 0.008174120 0.999898493 -0.011668542 -9.728368759 -0.999555111 0.007835433 -0.028782129 87.820068359
0.001126409 0.008262036 0.999965310 187.859939575 0.003791281 0.999958634 -0.008266253 -9.736954689 -0.999992251 0.003800461 0.001095057 87.863479614
0.032593369 0.003903258 0.999461174 188.235412598 0.000901597 0.999991834 -0.003934733 -9.753390312 -0.999468386 0.001029358 0.032589614 87.901718140
0.062673211 0.000831040 0.998033762 188.562713623 0.001236701 0.999998808 -0.000910337 -9.763759613 -0.998033345 0.001291323 0.062672138 87.965911865
0.095844209 -0.000832118 0.995395958 188.940216064 0.000281316 0.999999642 0.000808879 -9.769841194 -0.995396316 0.000202494 0.095844448 88.023757935
0.130196989 -0.001156119 0.991487563 189.303695679 -0.000250186 0.999999225 0.001198897 -9.774087906 -0.991488218 -0.000404149 0.130196571 88.098297119
0.166119218 -0.000706789 0.986105502 189.667495728 -0.000736947 0.999999404 0.000840893 -9.786789894 -0.986105442 -0.000866396 0.166118622 88.186019897
0.204041243 0.002596406 0.978958964 190.037963867 -0.000734098 0.999996603 -0.002499197 -9.787287712 -0.978962123 -0.000208712 0.204042494 88.283752441
0.242482066 0.004913645 0.970143437 190.402587891 -0.000242311 0.999987423 -0.005004236 -9.794715881 -0.970155895 0.000978362 0.242480218 88.407012939
0.283491015 0.005468067 0.958959401 190.771224976 -0.000399137 0.999984324 -0.005584001 -9.802661896 -0.958974898 0.001200258 0.283488750 88.549545288
0.326282382 0.009235964 0.945227325 191.089965820 -0.005723124 0.999953210 -0.007795139 -9.809931755 -0.945255101 -0.002866235 0.326319993 88.699630737
0.369567037 0.015029722 0.929082513 191.451629639 -0.011682902 0.999865294 -0.011527590 -9.815258026 -0.929130614 -0.006594163 0.369692802 88.889999390
0.413916647 0.018549655 0.910125852 191.817520142 -0.013390350 0.999808252 -0.014287706 -9.826201439 -0.910216331 -0.006272982 0.414085627 89.094421387
0.457347453 0.019473601 0.889074922 192.180892944 -0.010593440 0.999808550 -0.016449673 -9.840436935 -0.889225066 -0.001895143 0.457466185 89.315925598
0.500305951 0.020090044 0.865615606 192.515197754 -0.006765556 0.999790967 -0.019293780 -9.854268074 -0.865822256 0.003796423 0.500337303 89.548042297
0.543230534 0.018403674 0.839381933 192.884613037 -0.001955901 0.999784768 -0.020654732 -9.866510391 -0.839581370 0.009578535 0.543149590 89.812026978
0.583284020 0.017908337 0.812070847 193.242675781 -0.003365613 0.999801636 -0.019630894 -9.874139786 -0.812261283 0.008717271 0.583228588 90.116401672
0.622714400 0.019323276 0.782210648 193.598587036 -0.009838355 0.999809325 -0.016866438 -9.886319160 -0.782387435 0.002807309 0.622785747 90.443580627
0.660567284 0.021618471 0.750455558 193.961059570 -0.014738722 0.999766111 -0.015827050 -9.885262489 -0.750622213 -0.000605924 0.660731435 90.812347412
0.696443975 0.021604974 0.717285931 194.304214478 -0.015891133 0.999765873 -0.014684010 -9.898464203 -0.717435241 -0.001171895 0.696624279 91.190902710
0.729462385 0.021070197 0.683696389 194.632629395 -0.014935218 0.999777794 -0.014876246 -9.905316353 -0.683857918 0.000640509 0.729614973 91.598159790
0.760776758 0.019560548 0.648718834 194.948837280 -0.014079216 0.999807894 -0.013635569 -9.927359581 -0.648860931 0.001240173 0.760905981 91.991317749
0.788590014 0.017255126 0.614677191 195.271301270 -0.012245285 0.999848664 -0.012357714 -9.943187714 -0.614797413 0.002218273 0.788681984 92.437988281
0.813056231 0.016851598 0.581941247 195.577743530 -0.012615046 0.999856234 -0.011328351 -9.955273628 -0.582048535 0.001869371 0.813151956 92.912231445
0.834396482 0.017152622 0.550897837 195.902160645 -0.013953090 0.999852657 -0.009997657 -9.963714600 -0.550988138 0.000655284 0.834512830 93.445396423
0.852642894 0.017017869 0.522216916 196.205841064 -0.014883018 0.999854922 -0.008282959 -9.970459938 -0.522282124 -0.000709758 0.852772474 93.991821289
0.868068337 0.015427260 0.496204913 196.504211426 -0.014752277 0.999877274 -0.005278829 -9.980391502 -0.496225417 -0.002737768 0.868189394 94.565505981
0.881058037 0.014436771 0.472787857 196.811141968 -0.015622939 0.999876976 -0.001417716 -9.988329887 -0.472750157 -0.006137245 0.881175160 95.142120361
0.891316652 0.012504648 0.453208834 197.101684570 -0.014892663 0.999887645 0.001700838 -9.993348122 -0.453136623 -0.008265471 0.891402781 95.755577087
0.900079727 0.009382864 0.435624152 197.407913208 -0.012151414 0.999919772 0.003569890 -10.000001907 -0.435555726 -0.008506635 0.900121570 96.393600464
0.907878220 0.005272763 0.419200808 197.702941895 -0.007600106 0.999963582 0.003882149 -10.005435944 -0.419165075 -0.006710489 0.907885253 97.041130066
0.915195346 0.000731107 0.403009862 197.987823486 -0.002822620 0.999985456 0.004595798 -10.009587288 -0.403000653 -0.005343597 0.915184081 97.711685181
0.922298849 -0.001705858 0.386473805 198.275512695 -0.000094820 0.999989212 0.004640141 -10.010118484 -0.386477530 -0.004316242 0.922288716 98.406204224
0.929036736 -0.001553536 0.369984329 198.546386719 0.000197176 0.999993145 0.003703782 -10.017685890 -0.369987547 -0.003367997 0.929030597 99.106765747
0.935161769 -0.001465561 0.354217857 198.814544678 0.000231493 0.999993742 0.003526272 -10.019873619 -0.354220808 -0.003215636 0.935156286 99.841201782
0.939987957 -0.000389249 0.341207355 199.066680908 -0.000955052 0.999992430 0.003771853 -10.027322769 -0.341206253 -0.003871368 0.939980507 100.590705872
0.943162739 0.001883431 0.332325965 199.330184937 -0.003874405 0.999978304 0.005328516 -10.034661293 -0.332308710 -0.006313223 0.943149567 101.367195129
0.944472194 0.004568102 0.328559667 199.587905884 -0.007059467 0.999954641 0.006390241 -10.040298462 -0.328515559 -0.008354861 0.944461584 102.147079468
0.944934607 0.006267049 0.327199280 199.849868774 -0.009302637 0.999926984 0.007713316 -10.047806740 -0.327127039 -0.010332395 0.944923878 102.947013855
0.945219457 0.003986248 0.326411307 200.131134033 -0.006873256 0.999946773 0.007691829 -10.051525116 -0.326363266 -0.009513974 0.945196569 103.740463257
0.945257604 0.001977638 0.326319128 200.409011841 -0.004733818 0.999959528 0.007652387 -10.056006432 -0.326290786 -0.008778213 0.945228696 104.548187256
0.945268929 0.000303651 0.326292068 200.695632935 -0.002282140 0.999981284 0.005680774 -10.061726570 -0.326284230 -0.006114503 0.945251942 105.372634888
0.945289969 -0.000773122 0.326230437 200.984893799 -0.000818766 0.999988437 0.004742304 -10.071862221 -0.326230317 -0.004749959 0.945278406 106.218917847
0.945080936 -0.000442953 0.326836050 201.270080566 -0.001364024 0.999985039 0.005299475 -10.076463699 -0.326833487 -0.005454245 0.945066214 107.061027527
0.944830358 -0.001082980 0.327558309 201.563201904 -0.001166959 0.999977052 0.006672197 -10.082570076 -0.327558041 -0.006686341 0.944807410 107.918487549
0.944502175 -0.002787571 0.328493297 201.859222412 -0.000370850 0.999954283 0.009551832 -10.088548660 -0.328504920 -0.009143547 0.944458008 108.786407471
0.944122016 -0.005482894 0.329550475 202.157730103 0.002072120 0.999940634 0.010700135 -10.094202042 -0.329589576 -0.009419366 0.944077313 109.648765564
0.944028735 -0.005400325 0.329819083 202.459381104 0.001844577 0.999936759 0.011092899 -10.104782104 -0.329858124 -0.009863639 0.943978965 110.520256042
0.943729937 -0.006526379 0.330652773 202.754745483 0.003481350 0.999945939 0.009800529 -10.107028961 -0.330698848 -0.008097935 0.943701625 111.389892578
0.943770468 -0.008537905 0.330491155 203.070877075 0.005039876 0.999921858 0.011439797 -10.115315437 -0.330562979 -0.009130908 0.943739772 112.277175903
0.943545163 -0.010791242 0.331068128 203.370834351 0.006463955 0.999878705 0.014168986 -10.118441582 -0.331180900 -0.011229069 0.943500459 113.148483276
0.943512559 -0.012474135 0.331101954 203.680938721 0.007577719 0.999842048 0.016075088 -10.128270149 -0.331250191 -0.012658049 0.943458080 114.037643433
0.943469346 -0.014380251 0.331147760 203.981170654 0.009594234 0.999824643 0.016083043 -10.131845474 -0.331320971 -0.011996750 0.943441868 114.894897461
0.943727732 -0.015782405 0.330346644 204.295486450 0.011348295 0.999817848 0.015346999 -10.137180328 -0.330528677 -0.010734518 0.943734884 115.783485413
0.943759322 -0.015767269 0.330257058 204.599441528 0.011820899 0.999832749 0.013954424 -10.141009331 -0.330421865 -0.009265683 0.943787873 116.653190613
0.943845034 -0.016248751 0.329988748 204.902969360 0.012895669 0.999840617 0.012347842 -10.147983551 -0.330136776 -0.007399023 0.943904102 117.554473877
0.944201112 -0.016190901 0.328971326 205.197692871 0.013014951 0.999845028 0.011854110 -10.151215553 -0.329112262 -0.006911119 0.944265485 118.429733276
0.944622219 -0.016660880 0.327736557 205.508361816 0.013409220 0.999835908 0.012178990 -10.159926414 -0.327885717 -0.007109854 0.944690645 119.313873291
0.945049405 -0.016277306 0.326522022 205.798889160 0.012679571 0.999833226 0.013143891 -10.162492752 -0.326681525 -0.008281468 0.945098221 120.182754517
0.945391655 -0.016241092 0.325531662 206.102996826 0.012482848 0.999829173 0.013630434 -10.175475121 -0.325697422 -0.008822536 0.945432901 121.076850891
0.945847750 -0.015629780 0.324234128 206.393585205 0.011893203 0.999838114 0.013502864 -10.181111336 -0.324392676 -0.008915472 0.945880473 121.949172974
0.946322501 -0.015480964 0.322852969 206.693466187 0.011836839 0.999842167 0.013247685 -10.184126854 -0.323007107 -0.008715024 0.946356416 122.841224670
0.946859300 -0.015345912 0.321281701 206.982421875 0.011758956 0.999845028 0.013102075 -10.187723160 -0.321432978 -0.008627885 0.946893036 123.705780029
0.947284043 -0.016807772 0.319953799 207.274948120 0.012862720 0.999813020 0.014439524 -10.190250397 -0.320136666 -0.009562857 0.947323084 124.582641602
0.947849751 -0.018072482 0.318204641 207.581512451 0.013831226 0.999782920 0.015583162 -10.198398590 -0.318417192 -0.010369336 0.947893977 125.497840881
0.948409200 -0.018721890 0.316495687 207.867568970 0.014260183 0.999763668 0.016407734 -10.202566147 -0.316728085 -0.011047960 0.948452055 126.376091003
0.948977649 -0.019450694 0.314742982 208.153060913 0.015103628 0.999753952 0.016244695 -10.205925941 -0.314981520 -0.010662092 0.949037910 127.257179260
0.949540555 -0.021324642 0.312918603 208.438156128 0.016993895 0.999718428 0.016561003 -10.214623451 -0.313183665 -0.010407638 0.949635565 128.110549927
0.950269461 -0.021094846 0.310713589 208.715835571 0.016961778 0.999728143 0.015998179 -10.218676567 -0.310966611 -0.009932326 0.950368941 128.965087891
0.950729907 -0.021721493 0.309258521 208.989669800 0.017799029 0.999721467 0.015499565 -10.222082138 -0.309509039 -0.009231399 0.950851679 129.818099976
0.951339364 -0.022600085 0.307315171 209.254684448 0.018230904 0.999687910 0.017081013 -10.223410606 -0.307605296 -0.010647208 0.951454461 130.657791138
0.952151477 -0.023682009 0.304707587 209.516738892 0.018202614 0.999617696 0.020811131 -10.223740578 -0.305083960 -0.014268875 0.952218592 131.483291626
0.952645659 -0.023516238 0.303171903 209.761611938 0.017081112 0.999569356 0.023860600 -10.227868080 -0.303602457 -0.017552186 0.952637136 132.318572998
0.953408480 -0.024165625 0.300713003 210.023239136 0.018623348 0.999599993 0.021283751 -10.225137711 -0.301107079 -0.014691827 0.953477144 133.126800537
0.954210758 -0.022846209 0.298261404 210.265228271 0.018637545 0.999682665 0.016947592 -10.229179382 -0.298553944 -0.010612714 0.954333782 133.910202026
0.955043972 -0.020449562 0.295758098 210.502380371 0.017287163 0.999762058 0.013303761 -10.232950211 -0.295959771 -0.007592859 0.955170214 134.684555054
0.955667973 -0.019147038 0.293823302 210.719985962 0.016227620 0.999791801 0.012370822 -10.240906715 -0.293998986 -0.007054345 0.955779672 135.437576294
0.956500292 -0.019056523 0.291108280 210.940139771 0.015814379 0.999783993 0.013486209 -10.242087364 -0.291302413 -0.008295867 0.956595063 136.176422119
0.957444787 -0.019963020 0.287925243 211.146041870 0.015834410 0.999735832 0.016661178 -10.249114037 -0.288181782 -0.011393032 0.957507968 136.899002075
0.958536208 -0.021935968 0.284125149 211.347473145 0.017034084 0.999660552 0.019712215 -10.255348206 -0.284461111 -0.014055062 0.958584547 137.610275269
0.960018933 -0.021537334 0.279105425 211.555664062 0.016001418 0.999627769 0.022097934 -10.262955666 -0.279477447 -0.016748352 0.960006177 138.301345825
0.960927665 -0.021852637 0.275935590 211.724105835 0.016307896 0.999616683 0.022373160 -10.271465302 -0.276318729 -0.016999060 0.960915685 138.952087402
0.962084830 -0.019407136 0.272059143 211.901290894 0.014336806 0.999684751 0.020612413 -10.272483826 -0.272373408 -0.015930431 0.962059736 139.583053589
0.962929368 -0.018201230 0.269138962 212.065124512 0.013620518 0.999729037 0.018877616 -10.270156860 -0.269409627 -0.014512000 0.962916315 140.203765869
0.963461578 -0.015317323 0.267408162 212.227218628 0.011399637 0.999803841 0.016196983 -10.276905060 -0.267603815 -0.012556816 0.963447213 140.787933350
0.963526309 -0.013983971 0.267248064 212.376724243 0.010223891 0.999828279 0.015455989 -10.284107208 -0.267418325 -0.012159937 0.963503838 141.357879639
0.963989317 -0.012633984 0.265640736 212.522811890 0.009342265 0.999863148 0.013651561 -10.292125702 -0.265776843 -0.010678273 0.963975430 141.906173706
0.964355946 -0.012166731 0.264328539 212.658233643 0.009590533 0.999893129 0.011034540 -10.296196938 -0.264434546 -0.008106173 0.964369595 142.418365479
0.964467883 -0.012300336 0.263913572 212.792068481 0.010272367 0.999906182 0.009062866 -10.306499481 -0.264000297 -0.006029827 0.964503765 142.918243408
0.964706481 -0.010718759 0.263109416 212.923019409 0.008475802 0.999917448 0.009658392 -10.308704376 -0.263191223 -0.007087450 0.964717627 143.401229858
0.965143502 -0.010048619 0.261528224 213.037155151 0.007489300 0.999913812 0.010780882 -10.315312386 -0.261614025 -0.008446435 0.965135634 143.873779297
0.965843141 -0.010423148 0.258917660 213.156219482 0.007930716 0.999911606 0.010669027 -10.321430206 -0.259005994 -0.008251205 0.965840459 144.341171265
0.967023253 -0.011801299 0.254414439 213.277786255 0.009607176 0.999905169 0.009865073 -10.325801849 -0.254506737 -0.007095551 0.967044950 144.800094604
0.968747735 -0.013974036 0.247654200 213.391830444 0.011914503 0.999880850 0.009812973 -10.330109596 -0.247761831 -0.006555618 0.968798816 145.258285522
0.971309781 -0.016768567 0.237225786 213.501785278 0.014713088 0.999837339 0.010432567 -10.340957642 -0.237362131 -0.006642930 0.971398532 145.721557617
0.974582136 -0.017555719 0.223341450 213.590423584 0.015781621 0.999828160 0.009725994 -10.344952583 -0.223473817 -0.005954091 0.974691749 146.168014526
0.978524923 -0.017289398 0.205402195 213.666000366 0.015927710 0.999838829 0.008281073 -10.352459908 -0.205512270 -0.004831650 0.978642642 146.612289429
0.982920766 -0.015859669 0.183344603 213.723510742 0.014765972 0.999864101 0.007328997 -10.356930733 -0.183435917 -0.004496563 0.983021379 147.047851562
0.987423539 -0.014564145 0.157425091 213.766265869 0.013506539 0.999878466 0.007785928 -10.362961769 -0.157519355 -0.005561740 0.987500250 147.482772827
0.991675794 -0.013945254 0.128002673 213.792449951 0.012944969 0.999878883 0.008643197 -10.363062859 -0.128107697 -0.006914259 0.991736174 147.919784546
0.995475292 -0.013690814 0.094029158 213.808029175 0.012722568 0.999859750 0.010889094 -10.376044273 -0.094165049 -0.009643532 0.995509863 148.351486206
0.998229921 -0.011700687 0.058310516 213.791656494 0.010982455 0.999859989 0.012622674 -10.375825882 -0.058450051 -0.011959939 0.998218715 148.774612427
0.999775112 -0.008970063 0.019214755 213.768814087 0.008695501 0.999859571 0.014325334 -10.384332657 -0.019340554 -0.014155030 0.999712765 149.190490723
0.999730110 -0.004922236 -0.022704540 213.732513428 0.005278903 0.999863207 0.015675941 -10.384428024 0.022624273 -0.015791565 0.999619305 149.543869019
0.997788489 -0.000021152 -0.066469289 213.671096802 0.001073401 0.999874651 0.015794938 -10.380249977 0.066460624 -0.015831355 0.997663438 149.921936035
0.993624449 0.005460098 -0.112608254 213.588241577 -0.003570750 0.999849558 0.016972931 -10.378483772 0.112683989 -0.016462624 0.993494511 150.313995361
0.987017453 0.007980393 -0.160414845 213.486038208 -0.004801656 0.999784529 0.020193623 -10.372148514 0.160541430 -0.019161200 0.986843109 150.706008911
0.977536917 0.010649295 -0.210495129 213.374176025 -0.005753231 0.999698818 0.023858471 -10.369629860 0.210685804 -0.022111509 0.977303743 151.075775146
0.964894474 0.011187771 -0.262399495 213.241378784 -0.003973370 0.999599814 0.028008487 -10.374083519 0.262607813 -0.025982624 0.964552760 151.444946289
0.948967755 0.012284203 -0.315133750 213.092956543 -0.002470331 0.999499977 0.031522475 -10.369471550 0.315363407 -0.029135330 0.948523641 151.788101196
0.930350482 0.017492574 -0.366254061 212.910125732 -0.004050722 0.999290764 0.037437335 -10.380084991 0.366649181 -0.033346251 0.929761469 152.137039185
0.908743858 0.022854052 -0.416728079 212.692504883 -0.006609513 0.999162436 0.040382586 -10.377593994 0.417301953 -0.033943057 0.908133805 152.470138550
0.882559419 0.025428478 -0.469512850 212.482574463 -0.007021047 0.999137938 0.040914889 -10.362670898 0.470148534 -0.032813348 0.881977141 152.782028198
0.852751791 0.030272145 -0.521438420 212.255371094 -0.008936685 0.999018550 0.043383189 -10.361670494 0.522239923 -0.032335162 0.852185369 153.088409424
0.819446325 0.033196673 -0.572193801 212.018432617 -0.008858073 0.998935580 0.045268971 -10.358951569 0.573087513 -0.032026958 0.818868101 153.383682251
0.783102334 0.031487502 -0.621095240 211.758651733 -0.005902398 0.999048710 0.043206528 -10.321088791 0.621864915 -0.030169180 0.782543242 153.655120850
0.744960725 0.030921685 -0.666391373 211.479003906 -0.000896567 0.998970687 0.045351658 -10.303092957 0.667107761 -0.033187740 0.744221628 153.908477783
0.711905718 0.031557277 -0.701565683 211.159393311 0.002617645 0.998863697 0.047586329 -10.295389175 0.702270150 -0.035713427 0.711014152 154.073562622
0.668848753 0.033266209 -0.742653847 210.858795166 0.004909346 0.998778820 0.049160447 -10.279724121 0.743382335 -0.036526848 0.667868614 154.293380737
0.623520076 0.035595641 -0.780996621 210.551666260 0.009481878 0.998545170 0.053080894 -10.277219772 0.781749845 -0.040502317 0.622275472 154.494338989
0.578441739 0.039864998 -0.814748943 210.241455078 0.008193408 0.998470783 0.054671373 -10.268575668 0.815682471 -0.038299777 0.577230573 154.650802612
0.532261729 0.042260930 -0.845524371 209.911926270 0.004657819 0.998591959 0.052843660 -10.252720833 0.846567035 -0.032064959 0.531315446 154.788940430
0.483221292 0.044757318 -0.874353468 209.576202393 0.000401013 0.998681009 0.051343150 -10.240935326 0.875498176 -0.025160730 0.482565939 154.917022705
0.434223533 0.044537939 -0.899703383 209.226119995 -0.000519061 0.998789191 0.049192458 -10.226810455 0.900804937 -0.020893520 0.433720887 155.035858154
0.386848330 0.044404671 -0.921073675 208.863357544 -0.001794374 0.998874307 0.047401782 -10.210950851 0.922141671 -0.016684553 0.386492491 155.143371582
0.341518939 0.043167714 -0.938883066 208.504165649 -0.003281913 0.998993397 0.044737656 -10.196975708 0.939869225 -0.012197427 0.341316819 155.226394653
0.298897207 0.042940553 -0.953318715 208.135284424 -0.005995711 0.999051869 0.043120671 -10.185153961 0.954266489 -0.007172826 0.298871279 155.301544189
0.260719895 0.042487714 -0.964479089 207.763259888 -0.007769613 0.999091089 0.041912165 -10.175685883 0.965383232 -0.003433706 0.260813057 155.365051270
0.227787435 0.040151421 -0.972882688 207.415969849 -0.004756947 0.999183416 0.040123094 -10.162161827 0.973699212 -0.004511585 0.227792442 155.413558960
0.198491275 0.038347684 -0.979352295 207.034988403 0.002771234 0.999208331 0.039686840 -10.140873909 0.980098844 -0.010591509 0.198227823 155.472656250
0.174029827 0.039805956 -0.983935595 206.639587402 0.008532591 0.999084175 0.041927978 -10.127114296 0.984703481 -0.015692240 0.173530817 155.530136108
0.151029825 0.042550251 -0.987613082 206.239013672 0.005913392 0.999016404 0.043945853 -10.111886024 0.988511622 -0.012477281 0.150629640 155.575057983
0.131705701 0.045558847 -0.990241468 205.806320190 0.000443279 0.998940527 0.046018034 -10.099901199 0.991288841 -0.006499797 0.131545961 155.601928711
0.117404401 0.048521243 -0.991898179 205.364486694 -0.002965505 0.998818338 0.048508756 -10.086515427 0.993079841 -0.002753668 0.117409587 155.625717163
0.103296220 0.047612056 -0.993510485 204.918014526 -0.000179803 0.998854518 0.047849465 -10.076336861 0.994650662 -0.004764033 0.103186429 155.671218872
0.087122560 0.042676497 -0.995283186 204.456100464 0.005047941 0.999050260 0.043279901 -10.056419373 0.996184945 -0.008794793 0.086824417 155.711944580
0.070554733 0.036986038 -0.996822059 203.975112915 0.009333313 0.999244153 0.037736520 -10.034949303 0.997464359 -0.011966144 0.070156217 155.745239258
0.052486897 0.034150966 -0.998037696 203.466094971 0.014181659 0.999288797 0.034939602 -10.015925407 0.998521090 -0.015987704 0.051965237 155.771102905
0.036435723 0.036242872 -0.998678565 202.932983398 0.015423991 0.999202728 0.036824621 -10.003786087 0.999216974 -0.016745342 0.035847664 155.777679443
0.021470368 0.039112218 -0.999004185 202.375991821 0.012249367 0.999149203 0.039381158 -9.981289864 0.999694467 -0.013082696 0.020973027 155.774047852
0.007772088 0.041794725 -0.999095976 201.788940430 0.006496226 0.999102950 0.041845549 -9.968459129 0.999948680 -0.006815583 0.007493615 155.751098633
-0.003769279 0.042892020 -0.999072671 201.197418213 0.003405608 0.999074459 0.042879250 -9.949331284 0.999987185 -0.003240832 -0.003911853 155.731063843
-0.012007952 0.043130606 -0.998997331 200.585754395 0.002207809 0.999068022 0.043107122 -9.928867340 0.999925494 -0.001687971 -0.012091875 155.716979980
-0.016646743 0.043885261 -0.998897910 199.965728760 0.001126908 0.999036491 0.043872569 -9.907175064 0.999860823 -0.000395333 -0.016680121 155.696380615
-0.019967198 0.044286076 -0.998819411 199.310501099 -0.000619315 0.999017775 0.044307254 -9.885475159 0.999800563 0.001503270 -0.019920230 155.667556763
-0.022618651 0.044440649 -0.998756051 198.640655518 -0.003356995 0.999002516 0.044527650 -9.859499931 0.999738634 0.004359969 -0.022446871 155.643554688
-0.023602247 0.043713883 -0.998765349 197.938034058 -0.008414670 0.998999476 0.043922983 -9.833578110 0.999686122 0.009440958 -0.023210883 155.621795654
-0.022065401 0.043548923 -0.998807669 197.237167358 -0.014629465 0.998929799 0.043877441 -9.811755180 0.999649584 0.015580189 -0.021404743 155.594696045
-0.016241312 0.043365385 -0.998927295 196.515319824 -0.019995214 0.998845160 0.043686923 -9.785343170 0.999668181 0.020683300 -0.015355468 155.569976807
-0.007987618 0.043518398 -0.999020755 195.778747559 -0.024452999 0.998745322 0.043701909 -9.758815765 0.999669135 0.024778120 -0.006913424 155.558593750
0.001359522 0.044388592 -0.999013424 195.014587402 -0.027423482 0.998640299 0.044334691 -9.732366562 0.999623001 0.027336152 0.002574980 155.561614990
0.010816157 0.044205196 -0.998964012 194.242691040 -0.029190755 0.998610556 0.043873500 -9.702874184 0.999515474 0.028685963 0.012091517 155.573150635
0.020249009 0.043935973 -0.998829186 193.452255249 -0.031475037 0.998566806 0.043286342 -9.675865173 0.999299467 0.030561674 0.021602869 155.587615967
0.030267358 0.044214748 -0.998563409 192.636474609 -0.035649661 0.998433292 0.043128412 -9.647047997 0.998905897 0.034293067 0.031796157 155.614425659
0.040560603 0.043823030 -0.998215675 191.809158325 -0.037558034 0.998398542 0.042304959 -9.618014336 0.998471022 0.035775099 0.042141557 155.647460938
0.050852597 0.044810731 -0.997700512 190.955886841 -0.039976392 0.998283565 0.042799331 -9.591043472 0.997905910 0.037707999 0.052556694 155.695693970
0.061810851 0.046216588 -0.997017264 190.109207153 -0.041164067 0.998195469 0.043719206 -9.565080643 0.997238636 0.038338963 0.063601792 155.733123779
0.072013021 0.048147615 -0.996240914 189.219726562 -0.043401245 0.998039365 0.045097284 -9.535070419 0.996459007 0.039990500 0.073961496 155.800140381
0.081374466 0.050336927 -0.995411634 188.341430664 -0.043930113 0.997934401 0.046873230 -9.502832413 0.995714962 0.039914262 0.083417654 155.874160767
0.089922905 0.052123219 -0.994583845 187.454223633 -0.044049975 0.997860491 0.048312265 -9.477063179 0.994974077 0.039467018 0.092026532 155.956893921
0.098601937 0.053362165 -0.993695199 186.569320679 -0.044447049 0.997800827 0.049172267 -9.447764397 0.994133830 0.039318338 0.100756884 156.044754028
0.105983794 0.054004062 -0.992900431 185.686889648 -0.044522405 0.997780442 0.049517091 -9.419077873 0.993370771 0.038958292 0.108152926 156.141937256
0.112024903 0.053820018 -0.992246866 184.805984497 -0.042850830 0.997865021 0.049286883 -9.387613297 0.992781103 0.036997240 0.114091933 156.240432739
0.116213202 0.053115360 -0.991803169 183.906234741 -0.041580878 0.997953773 0.048572570 -9.357067108 0.992353678 0.035595261 0.118183970 156.346542358
0.118749678 0.052365679 -0.991542518 183.019012451 -0.040775172 0.998023152 0.047824599 -9.326534271 0.992086768 0.034751154 0.120650113 156.449615479
0.120289028 0.052439928 -0.991352975 182.122802734 -0.040369410 0.998036265 0.047895104 -9.302048683 0.991917849 0.034259073 0.122169793 156.555801392
0.121471763 0.051862758 -0.991239130 181.253631592 -0.041762289 0.998016775 0.047099598 -9.266059875 0.991716027 0.035675138 0.123396754 156.645111084
0.122685850 0.051541589 -0.991106272 180.359680176 -0.041991185 0.998025835 0.046703480 -9.248949051 0.991556823 0.035887867 0.124607921 156.761886597
0.123604119 0.051426206 -0.990998209 179.458831787 -0.042690724 0.998007238 0.046465244 -9.219594002 0.991412938 0.036563132 0.125553250 156.871032715
0.124704182 0.051156633 -0.990874350 178.563262939 -0.043462012 0.997992992 0.046054341 -9.188817024 0.991241634 0.037322223 0.126677275 156.975570679
0.124543607 0.052183740 -0.990840912 177.664215088 -0.043965153 0.997925460 0.047030661 -9.169234276 0.991239548 0.037705105 0.126579523 157.090713501
0.125081599 0.051679507 -0.990799725 176.759689331 -0.043941323 0.997951090 0.046505231 -9.133938789 0.991173029 0.037720088 0.127096176 157.202255249
0.124878228 0.052424490 -0.990786135 175.867172241 -0.045086909 0.997871339 0.047116648 -9.122339249 0.991147161 0.038787637 0.126976013 157.310363770
0.124919474 0.052348550 -0.990785122 174.972808838 -0.046230510 0.997829616 0.046891946 -9.093375206 0.991089404 0.039946761 0.127068460 157.410415649
0.123995721 0.050283641 -0.991007924 174.076782227 -0.043702874 0.998022854 0.045171436 -9.072679520 0.991319954 0.037708823 0.125948071 157.523696899
0.122552037 0.049246520 -0.991239667 173.185180664 -0.045322753 0.998003840 0.043979093 -9.049095154 0.991426826 0.039535969 0.124539375 157.630889893
0.122089744 0.050163098 -0.991250634 172.278793335 -0.046856724 0.997899711 0.044728361 -9.012228012 0.991412401 0.040985882 0.124183834 157.744644165
0.121035457 0.053655718 -0.991197109 171.380065918 -0.046863597 0.997733533 0.048287015 -8.983797073 0.991541445 0.040606607 0.123275638 157.850585938
0.120594621 0.056079697 -0.991116643 170.475677490 -0.046047691 0.997644365 0.050846174 -8.961650848 0.991633356 0.039506845 0.122892916 157.953872681
0.120397151 0.055550605 -0.991170347 169.582351685 -0.047717791 0.997602880 0.050114851 -8.928009033 0.991578341 0.041262772 0.122759342 158.057434082
0.119928777 0.054861084 -0.991265595 168.706405640 -0.047815688 0.997632444 0.049428448 -8.904665947 0.991630375 0.041470148 0.122268081 158.159210205
0.119813085 0.054407880 -0.991304636 167.803527832 -0.048828762 0.997611761 0.048852406 -8.869343758 0.991595089 0.042551011 0.122183621 158.268386841
0.121107280 0.054846592 -0.991123021 166.912307739 -0.048844285 0.997592092 0.049236197 -8.842859268 0.991436958 0.042447831 0.123494625 158.369461060
0.122592032 0.055920251 -0.990880549 166.021026611 -0.049725477 0.997503459 0.050141964 -8.814424515 0.991210699 0.043124992 0.125066638 158.476974487
0.124470711 0.056121603 -0.990634918 165.127151489 -0.049931053 0.997488439 0.050236166 -8.782957077 0.990966201 0.043210506 0.126960337 158.581146240
0.125767171 0.056197379 -0.990466774 164.238555908 -0.049944278 0.997486889 0.050253879 -8.763771057 0.990801752 0.043147858 0.128257871 158.694976807
0.127104759 0.055023577 -0.990361989 163.352005005 -0.049675889 0.997560322 0.049048021 -8.731363297 0.990644634 0.042962871 0.129527986 158.802001953
0.127815187 0.054028504 -0.990325391 162.471160889 -0.049664579 0.997611105 0.048016090 -8.705421448 0.990553796 0.043046903 0.130193114 158.910522461
0.128329813 0.053717319 -0.990275621 161.586242676 -0.050051004 0.997610331 0.047629077 -8.681493759 0.990467727 0.043452065 0.130711734 159.023376465
0.128985167 0.053816415 -0.990185201 160.706405640 -0.050340537 0.997594237 0.047661554 -8.654335976 0.990368009 0.043698814 0.131384015 159.131164551
0.129582524 0.054200504 -0.990086198 159.822494507 -0.050951872 0.997549832 0.047940504 -8.628420830 0.990258694 0.044234496 0.132026613 159.243652344
0.130403399 0.054329403 -0.989971340 158.940490723 -0.050277743 0.997575164 0.048123896 -8.599479675 0.990185380 0.043498009 0.132818758 159.359344482
0.130956531 0.055435061 -0.989837050 158.065048218 -0.049788889 0.997543275 0.049279518 -8.572496414 0.990137100 0.042829409 0.133394897 159.474609375
0.131516159 0.055754606 -0.989745021 157.194686890 -0.049804542 0.997527838 0.049575064 -8.540343285 0.990062296 0.042773861 0.133967876 159.587829590
0.131938338 0.055735208 -0.989689827 156.303436279 -0.049485147 0.997543454 0.049580492 -8.521948814 0.990022004 0.042433374 0.134372294 159.697418213
0.132231891 0.053475127 -0.989775360 155.428268433 -0.048072871 0.997714639 0.047481634 -8.490789413 0.990052462 0.041302748 0.134500444 159.812240601
0.132540286 0.051053718 -0.989862084 154.546218872 -0.047649447 0.997846127 0.045085356 -8.463733673 0.990031779 0.041190743 0.134687483 159.929138184
0.133182645 0.050097462 -0.989824533 153.659957886 -0.048399240 0.997858822 0.043991894 -8.437614441 0.989908993 0.042047799 0.135322154 160.048217773
0.133801520 0.049983438 -0.989746869 152.777038574 -0.048989668 0.997839808 0.043769348 -8.410310745 0.989796519 0.042630967 0.135961115 160.165191650
0.134854257 0.050734352 -0.989565730 151.884460449 -0.048273187 0.997838855 0.044580024 -8.389348030 0.989688873 0.041757684 0.137011945 160.284927368
0.135927737 0.050992314 -0.989405692 150.987503052 -0.047855519 0.997846723 0.044852804 -8.363559723 0.989562392 0.041251775 0.138075292 160.407073975
0.136860073 0.051089745 -0.989272177 150.095809937 -0.048507657 0.997816682 0.044820264 -8.332847595 0.989402115 0.041853160 0.139039516 160.526168823
0.138061821 0.051166296 -0.989101231 149.193267822 -0.047307793 0.997865498 0.045016304 -8.308316231 0.989293277 0.040577151 0.140187681 160.648208618
0.139035642 0.051924352 -0.988925338 148.279006958 -0.043503691 0.997980595 0.046283506 -8.275464058 0.989331543 0.036586829 0.141013801 160.785705566
0.140480161 0.054516699 -0.988581419 147.389129639 -0.041398000 0.997933149 0.049149640 -8.248445511 0.989217639 0.034020744 0.142446697 160.911300659
0.141009629 0.054368045 -0.988514364 146.472610474 -0.044505838 0.997829616 0.048531711 -8.214783669 0.989007473 0.037151210 0.143123269 161.035552979
0.141807675 0.051014695 -0.988578856 145.576354980 -0.043038663 0.998044550 0.045329440 -8.187465668 0.988958180 0.036119048 0.143725932 161.162277222
0.142367899 0.047169402 -0.988689363 144.666717529 -0.042095948 0.998248637 0.041563790 -8.157352448 0.988918364 0.035702456 0.144104242 161.293441772
0.142483592 0.046791296 -0.988690615 143.742736816 -0.042347535 0.998255551 0.041141126 -8.142144203 0.988890886 0.036006670 0.144216537 161.416030884
0.141676307 0.047165129 -0.988788903 142.818664551 -0.044575430 0.998155057 0.041225009 -8.112321854 0.988909006 0.038235076 0.143517315 161.541336060
0.139571249 0.047723576 -0.989061296 141.885391235 -0.043178312 0.998181224 0.042070523 -8.085677147 0.989270151 0.036834165 0.141378045 161.675216675
0.136307180 0.048158344 -0.989495456 140.937393188 -0.041754056 0.998209476 0.042830653 -8.063747406 0.989786386 0.035477318 0.138073921 161.809600830
0.132989109 0.048113059 -0.989949048 140.012741089 -0.040056542 0.998265862 0.043136101 -8.038641930 0.990307748 0.033917304 0.134685695 161.923721313
0.128631294 0.048238181 -0.990518689 139.070495605 -0.039927367 0.998258293 0.043430030 -8.009177208 0.990888536 0.033962332 0.130333304 162.038146973
0.123605788 0.048750393 -0.991133213 138.130981445 -0.040380523 0.998212337 0.044062670 -7.984599113 0.991509497 0.034576070 0.125353396 162.147323608
0.118274212 0.049589016 -0.991742074 137.168106079 -0.040599737 0.998158574 0.045067970 -7.953807354 0.992150724 0.034934077 0.120069742 162.256362915
0.113144636 0.051050354 -0.992266238 136.212387085 -0.041127875 0.998063862 0.046658967 -7.930725098 0.992727041 0.035530586 0.115025163 162.364166260
0.108476400 0.051273692 -0.992775857 135.244552612 -0.043752749 0.997947514 0.046760116 -7.900442123 0.993135750 0.038364302 0.110497117 162.454421997
0.105471909 0.048701480 -0.993229032 134.287399292 -0.044118583 0.998045743 0.044252668 -7.869456291 0.993443131 0.039152440 0.107414424 162.550613403
0.103600800 0.045111138 -0.993595362 133.323150635 -0.044776317 0.998169661 0.040650055 -7.841997147 0.993610501 0.040278167 0.105431080 162.646087646
0.103183985 0.042585928 -0.993750215 132.367233276 -0.045432523 0.998242080 0.038061030 -7.820435524 0.993624151 0.041221291 0.104937375 162.727355957
0.102199972 0.041868467 -0.993882358 131.383941650 -0.042271014 0.998394191 0.037711844 -7.797087669 0.993865311 0.038158268 0.103805661 162.835784912
0.101315737 0.042327326 -0.993953526 130.409652710 -0.038407560 0.998516083 0.038606659 -7.774544716 0.994112730 0.034263864 0.102791071 162.936157227
0.100621045 0.044333402 -0.993936598 129.429382324 -0.036669515 0.998493195 0.040824410 -7.750133514 0.994248867 0.032339383 0.102095127 163.030181885
0.099916995 0.047546271 -0.993859231 128.443649292 -0.035637572 0.998387754 0.044180118 -7.720558167 0.994357467 0.031004379 0.101450324 163.125549316
0.098795116 0.051045258 -0.993797779 127.445907593 -0.035418697 0.998231053 0.047751937 -7.693982124 0.994477332 0.030481357 0.100428283 163.225555420
0.098059356 0.052216459 -0.993809819 126.455856323 -0.035176784 0.998180330 0.048975196 -7.662572861 0.994558752 0.030156549 0.099717736 163.325592041
0.097496510 0.053549174 -0.993794203 125.476531982 -0.037534904 0.998038888 0.050095517 -7.631455421 0.994527817 0.032417830 0.099315286 163.414108276
0.097576439 0.053898595 -0.993767500 124.485092163 -0.037625872 0.998018324 0.050434727 -7.601377487 0.994516551 0.032470126 0.099411070 163.497665405
0.096786022 0.053917032 -0.993843794 123.495666504 -0.038519796 0.997986495 0.050390508 -7.566319466 0.994559586 0.033405561 0.098668039 163.593414307
0.096917152 0.052934241 -0.993883908 122.525466919 -0.039123554 0.998015523 0.049339220 -7.539366245 0.994523287 0.034102447 0.098795772 163.670867920
0.095814645 0.051411606 -0.994070768 121.550796509 -0.039366271 0.998079717 0.047824580 -7.512995720 0.994620562 0.034550551 0.097654581 163.771942139
0.095080435 0.050217539 -0.994202197 120.572845459 -0.040343408 0.998100638 0.046556216 -7.481641769 0.994651794 0.035682913 0.096925795 163.862640381
0.094641268 0.049788825 -0.994265735 119.587570190 -0.042436633 0.998042464 0.045938533 -7.449408531 0.994606614 0.037845600 0.096568882 163.947479248
0.094405949 0.049517378 -0.994301677 118.600082397 -0.040501133 0.998126388 0.045862392 -7.428504467 0.994709790 0.035940647 0.096234620 164.041778564
0.094139814 0.049159322 -0.994344592 117.631301880 -0.041064430 0.998121858 0.045458280 -7.409142494 0.994711757 0.036552757 0.095981717 164.122161865
0.094479203 0.049401503 -0.994300425 116.650604248 -0.041265044 0.998103976 0.045669444 -7.378074169 0.994671345 0.036715031 0.096338630 164.212280273
0.094189823 0.048947573 -0.994350374 115.672912598 -0.041308440 0.998122633 0.045220323 -7.350940704 0.994696975 0.036815755 0.096034944 164.305358887
0.095285654 0.048799720 -0.994253159 114.691421509 -0.041050639 0.998140633 0.045056380 -7.323301315 0.994603217 0.036521494 0.097111762 164.389312744
0.094978333 0.048699137 -0.994287491 113.712661743 -0.041374397 0.998132765 0.044935226 -7.297046185 0.994619250 0.036870167 0.096815884 164.485382080
0.095186234 0.050316647 -0.994187117 112.738037109 -0.041716300 0.998045981 0.046517916 -7.267896652 0.994585097 0.037045933 0.097099245 164.567352295
0.094996572 0.050524268 -0.994194746 111.768661499 -0.042403869 0.998010099 0.046666421 -7.239311695 0.994574189 0.037724547 0.096949995 164.656250000
0.095378697 0.049920350 -0.994188607 110.780334473 -0.042310089 0.998042464 0.046054795 -7.216986656 0.994541526 0.037671559 0.097304106 164.746826172
0.095741928 0.048864178 -0.994206131 109.801803589 -0.043540895 0.998043954 0.044859819 -7.185089111 0.994453490 0.038993657 0.097682238 164.829315186
0.095402002 0.049838215 -0.994190454 108.825164795 -0.043009508 0.998019576 0.045902997 -7.161926270 0.994509280 0.038380399 0.097356558 164.928115845
0.095115721 0.052491754 -0.994081318 107.850128174 -0.043743536 0.997864544 0.048506055 -7.136079788 0.994504631 0.038870942 0.097208738 165.014984131
0.095040560 0.053804744 -0.994018435 106.869140625 -0.042434633 0.997849584 0.049954843 -7.103231430 0.994568706 0.037433054 0.097119331 165.108886719
0.094056010 0.053712707 -0.994116902 105.892623901 -0.043865100 0.997797430 0.049761374 -7.070585728 0.994600117 0.038926680 0.096204937 165.199218750
0.094183445 0.052917227 -0.994147539 104.927383423 -0.043881703 0.997836471 0.048956323 -7.047407627 0.994587302 0.039014008 0.096301794 165.285491943
0.093311310 0.053095032 -0.994220257 103.959182739 -0.044288728 0.997809947 0.049130067 -7.014737129 0.994651496 0.039448358 0.095458448 165.371704102
0.093035102 0.054549478 -0.994167447 102.992782593 -0.045844667 0.997673750 0.050451677 -6.984880447 0.994606853 0.040883493 0.095319510 165.454895020
0.092716455 0.054713797 -0.994188249 102.038864136 -0.049447056 0.997510076 0.050285257 -6.957680225 0.994464099 0.044497401 0.095191002 165.525787354
0.092117727 0.051446225 -0.994418204 101.040710449 -0.051082075 0.997593641 0.046878528 -6.928123474 0.994436979 0.046478603 0.094524026 165.619689941
0.092783809 0.047836188 -0.994536519 100.073211670 -0.054921355 0.997570455 0.042858310 -6.894655704 0.994170427 0.050644733 0.095185578 165.700164795
0.095059156 0.045925364 -0.994411707 99.087295532 -0.058645785 0.997458577 0.040459931 -6.867748737 0.993742704 0.054471970 0.097510934 165.774414062
0.096962154 0.047279093 -0.994164526 98.123229980 -0.059587572 0.997355103 0.041619170 -6.846267700 0.993502736 0.055204358 0.099522948 165.870117188
0.099423409 0.050455015 -0.993765235 97.150161743 -0.058208231 0.997298241 0.044810820 -6.822343826 0.993341267 0.053390067 0.102091670 165.964630127
0.101849318 0.051778417 -0.993451536 96.168319702 -0.057478461 0.997282505 0.046085358 -6.791256905 0.993138015 0.052408293 0.104548693 166.054153442
0.103648543 0.053657286 -0.993165612 95.217071533 -0.055283498 0.997310877 0.048111759 -6.770079613 0.993076384 0.049918950 0.106336236 166.158386230
0.105900466 0.054713164 -0.992870450 94.242248535 -0.054911759 0.997283280 0.049099393 -6.739789486 0.992859542 0.049320601 0.108617187 166.262603760
0.108340979 0.055467024 -0.992565274 93.277206421 -0.054445084 0.997274756 0.049787387 -6.708706856 0.992621839 0.048646279 0.111065626 166.366806030
0.110334396 0.055510029 -0.992343247 92.297561646 -0.056384504 0.997180700 0.049511477 -6.673080921 0.992293954 0.050489955 0.113153219 166.467773438
0.112577915 0.055636723 -0.992084146 91.338256836 -0.057023704 0.997147441 0.049449842 -6.649269104 0.992005408 0.051005345 0.115429401 166.562500000
0.114019036 0.053116392 -0.992057562 90.358139038 -0.057151105 0.997266769 0.046826817 -6.620789528 0.991833329 0.051358044 0.116743088 166.683715820
0.115905702 0.049791973 -0.992011368 89.392517090 -0.056879573 0.997436464 0.043418515 -6.592199326 0.991630256 0.051392730 0.118440747 166.791336060
0.116635382 0.046445314 -0.992088199 88.428024292 -0.056300130 0.997608900 0.040084809 -6.563070297 0.991577804 0.051179387 0.118971407 166.902069092
0.117557645 0.046602581 -0.991972148 87.446945190 -0.056539867 0.997592092 0.040166121 -6.544177532 0.991455376 0.051364120 0.119909465 167.010803223
0.117820024 0.048741881 -0.991838098 86.474594116 -0.056166846 0.997522831 0.042349212 -6.518837452 0.991445303 0.050718829 0.120265841 167.119781494
0.118088722 0.050136037 -0.991736710 85.495559692 -0.051977206 0.997667551 0.044246800 -6.496191502 0.991641939 0.046322644 0.120419204 167.238800049
0.117400110 0.050187137 -0.991815746 84.505493164 -0.050255265 0.997742832 0.044538401 -6.469446182 0.991812289 0.044615149 0.119657278 167.360260010
0.116834402 0.049059287 -0.991939068 83.529632568 -0.049179200 0.997839689 0.043558605 -6.439198017 0.991933167 0.043693617 0.118994713 167.474334717
0.115860522 0.050267648 -0.991992772 82.549819946 -0.048939813 0.997794449 0.044845678 -6.409555435 0.992059112 0.043352090 0.118065119 167.580734253
0.114657760 0.053392071 -0.991969168 81.552215576 -0.047029246 0.997726738 0.048266042 -6.379304886 0.992291212 0.041117486 0.116908133 167.699218750
0.113515496 0.058455016 -0.991815209 80.560256958 -0.048726428 0.997393966 0.053206962 -6.342786789 0.992340744 0.042287786 0.116068006 167.815002441
0.114467561 0.059108011 -0.991666973 79.575408936 -0.048460726 0.997372210 0.053854275 -6.307796001 0.992244244 0.041892339 0.117031157 167.917266846
0.115044773 0.054544926 -0.991861641 78.601684570 -0.048377700 0.997614145 0.049249999 -6.281096458 0.992181599 0.042318031 0.117409050 168.027893066
0.115728736 0.046882086 -0.992173970 77.628280640 -0.046418373 0.998049438 0.041745398 -6.247704506 0.992195725 0.041223947 0.117679179 168.142395020
0.116329908 0.044064004 -0.992232859 76.642623901 -0.045026254 0.998222232 0.039051086 -6.226335526 0.992189646 0.040133707 0.118107140 168.260375977
0.117177606 0.046490461 -0.992022276 75.644882202 -0.043984897 0.998166442 0.041582905 -6.193696022 0.992136538 0.038761407 0.119007647 168.365264893
0.116805553 0.051218204 -0.991833210 74.648620605 -0.043435335 0.997977197 0.046420220 -6.173200607 0.992204547 0.037658472 0.118793964 168.476623535
0.116091847 0.052683841 -0.991840363 73.650054932 -0.042807423 0.997929752 0.047996815 -6.139276028 0.992315650 0.036886077 0.118106782 168.587554932
0.114536524 0.052283511 -0.992042363 72.656921387 -0.042807389 0.997946262 0.047652327 -6.106740952 0.992496431 0.037008800 0.116539419 168.699981689
0.113047838 0.052792121 -0.992186129 71.655990601 -0.042631354 0.997925580 0.048240166 -6.076697350 0.992674589 0.036844786 0.115063965 168.806701660
0.110546350 0.052702636 -0.992472589 70.661514282 -0.041091617 0.997981548 0.048418190 -6.043725967 0.993021131 0.035429854 0.112488866 168.916229248
0.107684493 0.053680647 -0.992734849 69.659851074 -0.039298020 0.997990668 0.049702093 -6.009743214 0.993408144 0.033660367 0.109577715 169.016998291
0.104232073 0.053214390 -0.993128359 68.668548584 -0.036799282 0.998090088 0.049618050 -5.978475094 0.993871987 0.031374618 0.105991244 169.120651245
0.101053536 0.052201025 -0.993510604 67.674972534 -0.036496576 0.998144865 0.048732325 -5.946467400 0.994211376 0.031335160 0.102771223 169.211624146
0.098907590 0.051555250 -0.993760228 66.680191040 -0.036473271 0.998173773 0.048154086 -5.917485237 0.994427979 0.031482883 0.100607336 169.299682617
0.096710682 0.051343381 -0.993987441 65.681289673 -0.036488749 0.998180151 0.048009757 -5.883446217 0.994643569 0.031626295 0.098408103 169.389877319
0.094445467 0.051086776 -0.994218469 64.688690186 -0.037447363 0.998157978 0.047731906 -5.858413696 0.994825542 0.032722786 0.096184611 169.479797363
0.092232823 0.050910011 -0.994435191 63.681915283 -0.037354499 0.998166025 0.047636420 -5.832940102 0.995036602 0.032752983 0.093965352 169.575744629
0.090108871 0.052563690 -0.994543850 62.653976440 -0.038714726 0.998036325 0.049240597 -5.797034740 0.995179176 0.034066476 0.091966927 169.668411255
0.088978767 0.053994037 -0.994569063 61.645004272 -0.039082956 0.997949898 0.050681040 -5.761214256 0.995266497 0.034361154 0.090906560 169.755218506
0.088107049 0.054194607 -0.994635701 60.629272461 -0.040784560 0.997877836 0.050758474 -5.727697372 0.995275736 0.036093600 0.090130389 169.833007812
0.088068247 0.053726297 -0.994664609 59.620895386 -0.042354241 0.997843325 0.050147917 -5.694273949 0.995213747 0.037711810 0.090153873 169.916198730
0.087512910 0.052552458 -0.994776249 58.619049072 -0.041958760 0.997915745 0.049027096 -5.662104130 0.995279372 0.037449073 0.089535534 170.003250122
0.087616563 0.051993966 -0.994796455 57.623687744 -0.042494111 0.997922957 0.048414711 -5.629639626 0.995247543 0.038031053 0.089644015 170.072875977
0.086552322 0.051903192 -0.994894326 56.592803955 -0.040865652 0.997986376 0.048509330 -5.597921848 0.995408833 0.036458410 0.088499069 170.170608521
0.085102260 0.052756403 -0.994974554 55.583251953 -0.040517963 0.997954488 0.049448822 -5.563738823 0.995548069 0.036106136 0.087065756 170.260467529
0.084304333 0.053763676 -0.994988680 54.579299927 -0.039474528 0.997939646 0.050578497 -5.537050724 0.995657980 0.035012715 0.086252928 170.331665039
0.082681835 0.054418512 -0.995089054 53.573760986 -0.039733056 0.997894108 0.051270492 -5.510043144 0.995783567 0.035298795 0.084669948 170.415359497
0.081559122 0.053468898 -0.995233297 52.571426392 -0.037635703 0.998012960 0.050533999 -5.477184772 0.995957732 0.033334788 0.083409429 170.494522095
0.079584897 0.052606761 -0.995439053 51.554061890 -0.037599854 0.998054266 0.049738880 -5.448622227 0.996118784 0.033469889 0.081408083 170.581390381
0.078463793 0.052947924 -0.995509923 50.556350708 -0.037423063 0.998041153 0.050132956 -5.415210724 0.996214330 0.033321407 0.080291569 170.646087646
0.076243877 0.051427938 -0.995762169 49.565429688 -0.036526948 0.998142660 0.048754077 -5.382195473 0.996420026 0.032654945 0.077980757 170.724670410
0.073988855 0.048382655 -0.996084690 48.578796387 -0.035884522 0.998304725 0.045824997 -5.352902412 0.996613264 0.032353483 0.075599611 170.795043945
0.072197974 0.043925092 -0.996422589 47.603637695 -0.033754602 0.998565078 0.041573778 -5.332980156 0.996818960 0.030632310 0.073577046 170.852630615
0.069576144 0.041129619 -0.996728480 46.613632202 -0.033818025 0.998672664 0.038849197 -5.305053711 0.997003317 0.031004407 0.070874751 170.923736572
0.067926109 0.041781567 -0.996815205 45.631683350 -0.033123195 0.998666406 0.039602041 -5.283388138 0.997140467 0.030327685 0.069219470 170.983245850
0.065104783 0.045190014 -0.996854782 44.644653320 -0.030690208 0.998592138 0.043264393 -5.261082172 0.997406483 0.027776955 0.066399992 171.049255371
0.063458502 0.047865953 -0.996836007 43.671173096 -0.030297844 0.998481095 0.046016194 -5.234468937 0.997524559 0.027281860 0.064812362 171.103958130
0.062044799 0.049185701 -0.996860802 42.692001343 -0.030915419 0.998400450 0.047337487 -5.209367275 0.997594535 0.027881317 0.063466132 171.163940430
0.062060833 0.048809368 -0.996878147 41.742630005 -0.031684898 0.998396397 0.046911154 -5.186713219 0.997569263 0.028674642 0.063507855 171.211563110
0.061999321 0.048794374 -0.996882737 40.772354126 -0.032006703 0.998387754 0.046877440 -5.160192966 0.997562885 0.029000562 0.063461125 171.274475098
0.062343895 0.050270468 -0.996788025 39.820877075 -0.033928465 0.998260200 0.048222668 -5.131823540 0.997478008 0.030813091 0.063941002 171.319458008
0.062148571 0.052974306 -0.996660054 38.857971191 -0.034945279 0.998093665 0.050871428 -5.104889393 0.997454941 0.031666975 0.063881278 171.374511719
0.062060595 0.053894851 -0.996616185 37.904037476 -0.035902191 0.998015285 0.051734835 -5.074542046 0.997426450 0.032570012 0.063872337 171.427062988
0.062207103 0.053193364 -0.996644795 36.953720093 -0.035977744 0.998049259 0.051022716 -5.044782639 0.997414649 0.032683045 0.063999534 171.476303101
0.061941028 0.052732278 -0.996685803 36.016128540 -0.036849197 0.998043299 0.050514035 -5.018090725 0.997399330 0.033598185 0.063762963 171.519149780
0.060496807 0.052875765 -0.996766925 35.071121216 -0.037177596 0.998022437 0.050685942 -4.984850883 0.997475803 0.033991061 0.062343001 171.576446533
0.058717549 0.053524826 -0.996838808 34.143569946 -0.038119789 0.997953475 0.051339284 -4.952840328 0.997546673 0.034984760 0.060637712 171.622085571
0.056444526 0.054599866 -0.996911764 33.219238281 -0.038703460 0.997872651 0.052461129 -4.922667027 0.997655332 0.035622779 0.058437645 171.682510376
0.054820001 0.055583753 -0.996948004 32.294067383 -0.039485216 0.997789085 0.053459439 -4.897481441 0.997715294 0.036434058 0.056893528 171.722183228
0.052494347 0.054987114 -0.997106314 31.390701294 -0.040258195 0.997787714 0.052905232 -4.863611698 0.997809529 0.037364461 0.054591894 171.768768311
0.050382078 0.054415599 -0.997246623 30.489501953 -0.040081687 0.997820318 0.052421931 -4.834109306 0.997925520 0.037330192 0.052453279 171.808029175
0.048535764 0.054098718 -0.997355402 29.604324341 -0.040542569 0.997815907 0.052150715 -4.805526257 0.997998416 0.037904162 0.050623059 171.832000732
0.046488464 0.053877849 -0.997464776 28.727493286 -0.040555522 0.997822881 0.052007038 -4.780803204 0.998095214 0.038034979 0.048572302 171.878250122
0.044686794 0.054084767 -0.997535944 27.848342896 -0.040901050 0.997795224 0.052266575 -4.754385471 0.998163462 0.038464643 0.046800375 171.918212891
0.043191016 0.054015204 -0.997605681 26.979965210 -0.040546212 0.997809470 0.052270804 -4.724878788 0.998243809 0.038191494 0.045286536 171.954345703
0.042012334 0.054142177 -0.997649074 26.139556885 -0.041654196 0.997757375 0.052393939 -4.698532104 0.998248458 0.039355073 0.044173360 171.973968506
0.040469766 0.055385433 -0.997644603 25.295745850 -0.042116854 0.997669697 0.053678341 -4.671679974 0.998292804 0.039845295 0.042708158 172.007263184
0.039226592 0.055595692 -0.997682571 24.467407227 -0.043432713 0.997602224 0.053883541 -4.641477108 0.998286009 0.041218389 0.041547239 172.036911011
0.039228559 0.056023210 -0.997658670 23.649932861 -0.044691212 0.997526288 0.054258492 -4.617454052 0.998230517 0.042458076 0.041635275 172.068344116
0.041164994 0.055708691 -0.997598231 22.859878540 -0.046035249 0.997489870 0.053803038 -4.593994617 0.998091400 0.043709870 0.043626249 172.089660645
0.043527484 0.054788191 -0.997548819 22.081207275 -0.047574341 0.997476101 0.052708313 -4.570603848 0.997918904 0.045163468 0.046024144 172.119583130
0.046624005 0.053728908 -0.997466445 21.311813354 -0.047876701 0.997525036 0.051494189 -4.546539783 0.997764468 0.045354538 0.049080968 172.150543213
0.048929691 0.052984513 -0.997395933 20.558593750 -0.048697159 0.997530937 0.050602727 -4.523143291 0.997614443 0.046094365 0.051389098 172.187408447
0.052058101 0.052688222 -0.997253180 19.800354004 -0.048036721 0.997583389 0.050198078 -4.502397537 0.997488081 0.045291550 0.054463267 172.218139648
0.054389715 0.051818144 -0.997174442 19.060592651 -0.047372583 0.997661948 0.049259596 -4.477959156 0.997395515 0.044559501 0.056717277 172.266006470
0.057051718 0.051196251 -0.997057796 18.325958252 -0.047067478 0.997711778 0.048536628 -4.453068733 0.997261226 0.044159889 0.059330881 172.308288574
0.059692025 0.049903300 -0.996968746 17.589447021 -0.045632090 0.997841895 0.047214855 -4.432711124 0.997173369 0.042675409 0.061840355 172.347381592
0.061862886 0.050485559 -0.996807039 16.864776611 -0.047125760 0.997753739 0.047608830 -4.411208153 0.996971548 0.044030063 0.064103067 172.391510010
0.063798010 0.051497772 -0.996633351 16.133850098 -0.045005914 0.997800112 0.048677072 -4.395319462 0.996947587 0.041748881 0.065975368 172.445861816
0.065123737 0.052741561 -0.996482432 15.421356201 -0.043563738 0.997800469 0.049964271 -4.374471188 0.996925831 0.040156640 0.067278087 172.495544434
0.066204190 0.052917343 -0.996402085 14.719131470 -0.044294327 0.997764170 0.050046623 -4.350751877 0.996822655 0.040821649 0.068400085 172.536819458
0.067955375 0.052502256 -0.996306121 14.026275635 -0.044734187 0.997770429 0.049528223 -4.320800304 0.996685088 0.041203219 0.070152521 172.570907593
0.069186091 0.052239038 -0.996235073 13.328155518 -0.043712270 0.997827649 0.049286839 -4.312598705 0.996645629 0.040137734 0.071319282 172.617584229
0.070588171 0.052429419 -0.996126711 12.653137207 -0.043918818 0.997812688 0.049405951 -4.289966583 0.996538222 0.040261235 0.072736382 172.660720825
0.071962237 0.053574272 -0.995967627 11.990631104 -0.043825865 0.997761786 0.050504211 -4.271348953 0.996444166 0.040014733 0.074149072 172.712249756
0.073755622 0.054748271 -0.995772421 11.318984985 -0.042863984 0.997743309 0.051681750 -4.251274109 0.996354759 0.038870953 0.075935900 172.764617920
0.076121926 0.056114476 -0.995518327 10.680374146 -0.042460017 0.997691929 0.052990306 -4.228278637 0.996194124 0.038235996 0.078328848 172.808944702
0.078511178 0.055753250 -0.995353043 10.047958374 -0.041892119 0.997737527 0.052582461 -4.206453323 0.996032655 0.037569132 0.080669165 172.868621826
0.081506431 0.055952549 -0.995101154 9.440032959 -0.041934200 0.997731328 0.052665707 -4.187705040 0.995790422 0.037436161 0.083667815 172.912628174
0.084514678 0.056272313 -0.994832158 8.848297119 -0.041456182 0.997738123 0.052914836 -4.171145916 0.995559633 0.036769845 0.086656332 172.966476440
0.088428855 0.056194101 -0.994496167 8.273941040 -0.039632920 0.997815251 0.052857559 -4.153201580 0.995293736 0.034740653 0.090462804 173.016708374
0.091794193 0.056220151 -0.994189739 7.718902588 -0.038292896 0.997865736 0.052892420 -4.126227856 0.995041490 0.033215184 0.093751073 173.074142456
0.095850110 0.057923522 -0.993709087 7.175094604 -0.037957724 0.997792006 0.054500230 -4.115201950 0.994671881 0.032495074 0.097837090 173.129669189
0.100625038 0.058974274 -0.993175030 6.639328003 -0.039235853 0.997700393 0.055267747 -4.101348400 0.994150460 0.033406746 0.102707565 173.181900024
0.106483757 0.059191026 -0.992551148 6.122528076 -0.038713053 0.997716486 0.055345815 -4.084631920 0.993560612 0.032531243 0.108532071 173.240600586
0.113642216 0.058578167 -0.991793454 5.622970581 -0.037822548 0.997791767 0.054598644 -4.063679695 0.992801666 0.031307437 0.115606844 173.297180176
0.121714294 0.058120005 -0.990862131 5.122390747 -0.036391068 0.997874260 0.054061148 -4.054081917 0.991897881 0.029478509 0.123570621 173.364639282
0.131125867 0.056195121 -0.989771783 4.640853882 -0.035479486 0.998018563 0.051962983 -4.034691811 0.990730643 0.028302897 0.132859826 173.432022095
0.141414821 0.053990338 -0.988477111 4.202728271 -0.035614274 0.998142779 0.049423181 -4.032921791 0.989309609 0.028214723 0.143074989 173.509475708
0.152845085 0.052033268 -0.986879468 3.751220703 -0.036048897 0.998241901 0.047049202 -4.020450592 0.987592578 0.028384671 0.154452085 173.587173462
0.165742517 0.050881550 -0.984855652 3.314483643 -0.035445631 0.998330176 0.045612510 -4.005552292 0.985531926 0.027348893 0.167269289 173.664871216
0.178897619 0.049906135 -0.982601285 2.891052246 -0.033628292 0.998439312 0.044588003 -3.997211695 0.983292937 0.025066506 0.180296659 173.757476807
0.192697823 0.048306279 -0.980068505 2.484329224 -0.031481765 0.998577714 0.043028735 -3.987845898 0.980753124 0.022562735 0.193944514 173.855712891
0.207643390 0.046938427 -0.977077961 2.086502075 -0.031185623 0.998658001 0.041347727 -3.975157261 0.977707505 0.021885194 0.208828509 173.946762085
0.224097311 0.047513895 -0.973407805 1.719161987 -0.031503852 0.998642027 0.041492824 -3.973329067 0.974057436 0.021367665 0.225289881 174.043136597
0.241992950 0.048519343 -0.969064236 1.351989746 -0.031545386 0.998614371 0.042121414 -3.966748953 0.969765186 0.020376410 0.243188202 174.149505615
0.262018561 0.047880072 -0.963874340 1.003684998 -0.029371325 0.998701453 0.041625828 -3.965680838 0.964615762 0.017403528 0.263084650 174.261596680
0.283185959 0.044247065 -0.958043933 0.670341492 -0.026368920 0.998916745 0.038340446 -3.956986427 0.958702564 0.014405098 0.284045935 174.389007568
0.306133270 0.039381206 -0.951173842 0.338470459 -0.022926854 0.999159217 0.033988975 -3.953040123 0.951712608 0.011402263 0.306778789 174.509292603
0.328331053 0.036814827 -0.943845093 0.025024414 -0.021512086 0.999272406 0.031493470 -3.956403494 0.944317818 0.009963788 0.328884125 174.643356323
0.351796865 0.036186483 -0.935376644 -0.299537659 -0.021456823 0.999301672 0.030589573 -3.949214458 0.935830414 0.009308897 0.352327645 174.788330078
0.377251029 0.037510898 -0.925351024 -0.546287537 -0.019472584 0.999279797 0.032569077 -3.954133034 0.925906301 0.005732257 0.377709746 174.915115356
0.404963911 0.040422570 -0.913438797 -0.852142334 -0.018766064 0.999179304 0.035897113 -3.946684361 0.914140165 0.002604610 0.405390143 175.072387695
0.433953822 0.043612719 -0.899878919 -1.151336670 -0.020368239 0.999047279 0.038596630 -3.938760757 0.900704861 0.001579791 0.434428692 175.234512329
0.462909937 0.043711837 -0.885326922 -1.437355042 -0.019899379 0.999044120 0.038921706 -3.933664083 0.886181951 -0.000399789 0.463337243 175.415832520
0.492947042 0.042563029 -0.869017661 -1.718727112 -0.018697165 0.999090254 0.038327873 -3.938153744 0.869858444 -0.002645449 0.493294418 175.595825195
0.524004757 0.040406585 -0.850756288 -1.986022949 -0.017715665 0.999175012 0.036544137 -3.940139532 0.851531088 -0.004077589 0.524288297 175.791168213
0.556069076 0.037087653 -0.830308259 -2.255496979 -0.017300770 0.999303937 0.033049673 -3.940432549 0.830956042 -0.004012932 0.556323647 175.992126465
0.587572753 0.033171274 -0.808491170 -2.503971100 -0.018685620 0.999449193 0.027426200 -3.938502550 0.808955610 -0.001007731 0.587868929 176.204788208
0.618996263 0.027827293 -0.784900844 -2.699687958 -0.019561574 0.999608338 0.020012533 -3.935980797 0.785150349 0.002966213 0.619298100 176.410736084
0.651210308 0.025134008 -0.758481026 -2.950679779 -0.024106015 0.999632180 0.012428363 -3.925107002 0.758514345 0.010190475 0.651576638 176.645339966
0.682209671 0.022829885 -0.730800152 -3.181491852 -0.024526764 0.999664426 0.008333095 -3.923636436 0.730745137 0.012239243 0.682540655 176.906204224
0.713312984 0.019120898 -0.700584829 -3.424915314 -0.020588106 0.999768019 0.006324290 -3.913238049 0.700543284 0.009912514 0.713541150 177.190124512
0.742834747 0.016872225 -0.669262230 -3.640844345 -0.015624956 0.999846995 0.007863711 -3.925280571 0.669292510 0.004615755 0.742984712 177.495788574
0.771094501 0.015849642 -0.636523426 -3.816362381 -0.013572115 0.999872148 0.008455671 -3.923656940 0.636576056 0.002118847 0.771211028 177.791030884
0.798923016 0.017201066 -0.601187289 -4.026725769 -0.014672689 0.999850869 0.009108893 -3.930591106 0.601254344 0.001543729 0.799056232 178.118499756
0.825044513 0.016562121 -0.564824998 -4.225090981 -0.014512997 0.999861717 0.008119262 -3.932398796 0.564881384 0.001498550 0.825170755 178.467269897
0.849336386 0.014361168 -0.527656615 -4.407579422 -0.012673104 0.999896467 0.006814950 -3.932723761 0.527699828 0.000898861 0.849430442 178.837936401
0.871941209 0.013138243 -0.489434272 -4.583575726 -0.012418786 0.999911785 0.004716940 -3.937867641 0.489453048 0.001965284 0.872027457 179.207855225
0.891995907 0.012365143 -0.451874375 -4.750489712 -0.013841084 0.999904215 0.000039320 -3.941469193 0.451831579 0.006219358 0.892081618 179.609191895
0.910528004 0.012752553 -0.413250715 -4.921543121 -0.015811397 0.999867082 -0.003982719 -3.942082644 0.413145006 0.010160448 0.910608590 180.037918091
0.927150965 0.016141107 -0.374340087 -5.075799465 -0.019593962 0.999793351 -0.005419643 -3.946784019 0.374175251 0.012359632 0.927275658 180.474594116
0.942019641 0.019629164 -0.334983140 -5.216050625 -0.022779826 0.999725521 -0.005478690 -3.953860283 0.334783643 0.012791892 0.942208171 180.939361572
0.955465972 0.021127511 -0.294344127 -5.337227821 -0.023907539 0.999697089 -0.005849370 -3.958277225 0.294131368 0.012625917 0.955681622 181.435943604
0.967446268 0.020793416 -0.252220809 -5.447905064 -0.022903569 0.999722898 -0.005433010 -3.969771147 0.252037942 0.011032902 0.967654467 181.947113037
0.977131009 0.022795115 -0.211412862 -5.538015366 -0.024487661 0.999685585 -0.005390902 -3.982569695 0.211223513 0.010444623 0.977382004 182.481185913
0.984730124 0.023134194 -0.172543734 -5.612302780 -0.025174433 0.999636531 -0.009645310 -3.986394167 0.172257885 0.013841718 0.984954655 183.034881592
0.990356565 0.024008477 -0.136445850 -5.677223682 -0.026280820 0.999543905 -0.014876649 -3.996768951 0.136026442 0.018319095 0.990535796 183.611175537
0.994394898 0.021310147 -0.103559926 -5.719207287 -0.023099139 0.999603450 -0.016106334 -4.007882118 0.103175625 0.018408200 0.994492829 184.210449219
0.996968150 0.019719236 -0.075270563 -5.744598866 -0.021022696 0.999641776 -0.016564066 -4.022713661 0.074916966 0.018096235 0.997025549 184.823074341
0.998550355 0.017000997 -0.051070344 -5.762545109 -0.017929355 0.999681234 -0.017775202 -4.040640831 0.050751869 0.018665094 0.998536885 185.444213867
0.999369204 0.012590617 -0.033206739 -5.767395496 -0.013214742 0.999738872 -0.018643085 -4.056912422 0.032963339 0.019070143 0.999274611 186.089202881
0.999745429 0.009788438 -0.020329438 -5.765146732 -0.010170565 0.999771953 -0.018779200 -4.075342178 0.020140981 0.018981181 0.999616981 186.755142212
0.999932230 0.007742828 -0.008692037 -5.771162987 -0.007906469 0.999789119 -0.018952753 -4.087824345 0.008543457 0.019020192 0.999782622 187.419250488
0.999982119 0.005933500 0.000714749 -5.773660183 -0.005919477 0.999816120 -0.018241169 -4.104167938 -0.000822852 0.018236611 0.999833345 188.099792480
0.999976575 0.002868623 0.006219248 -5.755259514 -0.002765066 0.999858439 -0.016596258 -4.128269672 -0.006265976 0.016578672 0.999842942 188.817321777
0.999959171 0.000256168 0.009033388 -5.742027283 -0.000105951 0.999861777 -0.016625680 -4.144382000 -0.009036398 0.016624045 0.999820948 189.538879395
0.999946773 -0.002687935 0.009960183 -5.736809254 0.002857838 0.999849975 -0.017083522 -4.162261009 -0.009912769 0.017111078 0.999804437 190.271530151
0.999950171 -0.004305151 0.009008759 -5.734308720 0.004455310 0.999850392 -0.016714958 -4.182293415 -0.008935451 0.016754262 0.999819696 191.014801025
0.999970436 -0.004043053 0.006536218 -5.726036549 0.004143865 0.999871552 -0.015484326 -4.206359863 -0.006472775 0.015510954 0.999858737 191.795761108
0.999985993 -0.003820289 0.003663812 -5.725793839 0.003874233 0.999882519 -0.014831170 -4.221032143 -0.003606722 0.014845157 0.999883294 192.583511353
0.999983728 -0.005653260 0.000801677 -5.733420372 0.005665058 0.999862731 -0.015569604 -4.247650623 -0.000713548 0.015573892 0.999878466 193.372985840
0.999965310 -0.007843270 -0.002795274 -5.726465702 0.007791101 0.999803841 -0.018209362 -4.274021626 0.002937546 0.018186953 0.999830306 194.163803101
0.999971390 -0.005701772 -0.004965143 -5.748399734 0.005596475 0.999764442 -0.020969031 -4.299098969 0.005083534 0.020940645 0.999767780 194.954467773
0.999961436 -0.005007787 -0.007217878 -5.758282185 0.004854315 0.999765038 -0.021125648 -4.323325157 0.007321975 0.021089794 0.999750793 195.761856079
0.999947309 -0.004467929 -0.009240883 -5.766210556 0.004301810 0.999830186 -0.017918978 -4.346112728 0.009319375 0.017878283 0.999796748 196.583282471
0.999940515 -0.004599946 -0.009892552 -5.771173000 0.004480146 0.999916792 -0.012098365 -4.376763344 0.009947380 0.012053324 0.999877870 197.393142700
0.999940038 -0.002907266 -0.010557296 -5.795041561 0.002804236 0.999948442 -0.009760831 -4.404954433 0.010585129 0.009730640 0.999896646 198.208160400
0.999935985 -0.000885219 -0.011280839 -5.812686443 0.000775065 0.999952018 -0.009765322 -4.429119110 0.011288942 0.009755954 0.999888659 199.018447876
0.999922574 0.001487862 -0.012356874 -5.824213505 -0.001637766 0.999925077 -0.012130002 -4.455445766 0.012337901 0.012149300 0.999850094 199.833145142
0.999907672 0.003485555 -0.013132607 -5.843969822 -0.003662795 0.999902189 -0.013496320 -4.473571301 0.013084280 0.013543176 0.999822676 200.657669067
0.999892652 0.004640574 -0.013897385 -5.867111683 -0.004833444 0.999892056 -0.013876828 -4.493059635 0.013831487 0.013942511 0.999807119 201.487945557
0.999886513 0.004896889 -0.014245393 -5.881595612 -0.005060333 0.999921501 -0.011460120 -4.518237114 0.014188156 0.011530906 0.999832869 202.319152832
0.999875546 0.003853386 -0.015297256 -5.896085739 -0.004009019 0.999940395 -0.010156321 -4.538975716 0.015257209 0.010216384 0.999831378 203.145843506
0.999860942 0.004696209 -0.015999712 -5.923420429 -0.004850006 0.999942303 -0.009587299 -4.562785625 0.015953764 0.009663565 0.999826014 203.974761963
0.999825299 0.004369274 -0.018173018 -5.933772087 -0.004530486 0.999950647 -0.008839275 -4.586403847 0.018133501 0.008920063 0.999795794 204.809890747
0.999795496 0.002149464 -0.020109434 -5.954920292 -0.002299885 0.999969542 -0.007459994 -4.604291439 0.020092785 0.007504717 0.999769926 205.631011963
0.999761581 0.001808024 -0.021760017 -5.979552746 -0.001927409 0.999983191 -0.005466745 -4.621709824 0.021749768 0.005507382 0.999748290 206.451614380
0.999721944 0.001416020 -0.023536986 -6.002690315 -0.001492522 0.999993682 -0.003233038 -4.645846367 0.023532258 0.003267268 0.999717712 207.278976440
0.999672711 0.002090319 -0.025497857 -6.039486885 -0.002152541 0.999994755 -0.002413066 -4.665247440 0.025492679 0.002467161 0.999671936 208.097991943
0.999619722 0.000535066 -0.027570507 -6.053329468 -0.000602571 0.999996841 -0.002440215 -4.679277420 0.027569113 0.002455900 0.999616861 208.895812988
0.999573290 0.000070574 -0.029209943 -6.083959579 -0.000134184 0.999997616 -0.002175734 -4.696039200 0.029209720 0.002178725 0.999570906 209.708557129
0.999527097 0.001035959 -0.030733326 -6.114264011 -0.001100129 0.999997258 -0.002071112 -4.711845875 0.030731097 0.002103943 0.999525487 210.520263672
0.999466896 0.000326958 -0.032647729 -6.137226105 -0.000473051 0.999989927 -0.004467207 -4.732270241 0.032645941 0.004480269 0.999456942 211.338760376
0.999427080 -0.000650923 -0.033838596 -6.172005177 0.000407892 0.999974072 -0.007188482 -4.751436710 0.033842400 0.007170561 0.999401450 212.097930908
0.999421120 0.000960972 -0.034006860 -6.204839230 -0.001279993 0.999955356 -0.009360549 -4.772147655 0.033996347 0.009398659 0.999377787 212.888397217
0.999425709 0.002915303 -0.033761032 -6.241609573 -0.003146742 0.999971926 -0.006804112 -4.789358139 0.033740249 0.006906441 0.999406755 213.671875000
0.999428868 0.003608965 -0.033598412 -6.266210556 -0.003729925 0.999986768 -0.003538210 -4.810696602 0.033585198 0.003661509 0.999429166 214.441894531
0.999462664 0.002631408 -0.032671854 -6.296172142 -0.002704598 0.999993920 -0.002196152 -4.829086304 0.032665875 0.002283336 0.999463737 215.199768066
0.999472618 0.001403091 -0.032443073 -6.320695400 -0.001458727 0.999997497 -0.001691292 -4.849210739 0.032440618 0.001737725 0.999472141 215.950302124
0.999455631 0.003561771 -0.032799009 -6.347409248 -0.003690162 0.999985754 -0.003854787 -4.863662243 0.032784812 0.003973722 0.999454558 216.677017212
0.999446392 0.004700778 -0.032937150 -6.381764889 -0.004915738 0.999967098 -0.006448459 -4.882809162 0.032905754 0.006606799 0.999436617 217.379043579
0.999378800 0.005655091 -0.034786183 -6.408461571 -0.005892705 0.999960005 -0.006731980 -4.897255421 0.034746721 0.006932782 0.999372125 218.074096680
0.999330521 0.004870902 -0.036259945 -6.434820652 -0.005067925 0.999972880 -0.005343687 -4.912218094 0.036232933 0.005523872 0.999328077 218.751190186
0.999237001 0.005056025 -0.038728260 -6.458181858 -0.005178486 0.999981880 -0.003062388 -4.927093983 0.038712073 0.003260605 0.999245107 219.404067993
0.999131024 0.004757950 -0.041407172 -6.492744446 -0.004793928 0.999988198 -0.000769624 -4.944955826 0.041403022 0.000967458 0.999142051 220.038940430
0.998999953 0.004993266 -0.044431441 -6.525666714 -0.005072843 0.999985695 -0.001678422 -4.958306789 0.044422425 0.001902137 0.999011040 220.654907227
0.998847485 0.004733592 -0.047762983 -6.554850578 -0.004911746 0.999981403 -0.003613276 -4.972479343 0.047744989 0.003843711 0.998852134 221.246093750
0.998722792 0.004175250 -0.050352175 -6.587772369 -0.004364126 0.999983847 -0.003641736 -4.984115124 0.050336156 0.003856828 0.998724878 221.820816040
0.998573422 0.004629139 -0.053195182 -6.628612995 -0.004855692 0.999979675 -0.004130447 -4.999527931 0.053174980 0.004382854 0.998575568 222.375823975
0.998443127 0.004668249 -0.055584051 -6.665259361 -0.004887407 0.999980807 -0.003807533 -5.018999100 0.055565208 0.004073267 0.998446763 222.887100220
0.998391390 0.004955170 -0.056480631 -6.698069096 -0.005179061 0.999979317 -0.003818341 -5.031603336 0.056460541 0.004104715 0.998396397 223.396072388
0.998465300 0.005979538 -0.055057488 -6.726263523 -0.006195786 0.999973774 -0.003757814 -5.044335842 0.055033576 0.004093171 0.998476088 223.886169434
0.998659253 0.006711044 -0.051328443 -6.748650074 -0.006902758 0.999969840 -0.003558693 -5.059335232 0.051303014 0.003908229 0.998675466 224.357727051
0.998974204 0.007502988 -0.044657156 -6.775848866 -0.007670050 0.999964237 -0.003570829 -5.067852497 0.044628765 0.003909689 0.998996019 224.816070557
0.999332130 0.008181848 -0.035613663 -6.791136742 -0.008342166 0.999955714 -0.004355358 -5.081677437 0.035576452 0.004649544 0.999356151 225.263839722
0.999680698 0.009451879 -0.023434445 -6.794886112 -0.009568620 0.999942362 -0.004874483 -5.099502563 0.023387020 0.005097162 0.999713480 225.719543457
0.999905229 0.011633172 -0.007363469 -6.794654846 -0.011672992 0.999917328 -0.005388116 -5.111415386 0.007300180 0.005473559 0.999958396 226.165481567
0.999875486 0.011695093 0.010594884 -6.776859283 -0.011636952 0.999916971 -0.005532776 -5.122801781 -0.010658711 0.005408796 0.999928594 226.611755371
0.999481142 0.009835176 0.030670807 -6.746357918 -0.009647128 0.999933779 -0.006273163 -5.134699345 -0.030730473 0.005974023 0.999509871 227.047836304
0.998522460 0.010102246 0.053393524 -6.705721855 -0.009593558 0.999906182 -0.009774876 -5.151139259 -0.053487264 0.009248199 0.998525679 227.477355957
0.996767759 0.012679702 0.079329960 -6.660808086 -0.011544497 0.999824524 -0.014752241 -5.165264606 -0.079503097 0.013788734 0.996739268 227.906173706
0.993967414 0.014270674 0.108743675 -6.596749783 -0.012342961 0.999754906 -0.018379701 -5.185410023 -0.108979307 0.016926605 0.993899882 228.304718018
0.989857018 0.013908344 0.141384587 -6.513457298 -0.011170675 0.999734819 -0.020138580 -5.197147369 -0.141627192 0.018354954 0.989749908 228.719253540
0.984292030 0.012223407 0.176124379 -6.411355972 -0.008739544 0.999750793 -0.020542854 -5.207928658 -0.176331595 0.018680921 0.984153569 229.127471924
0.977156997 0.007417349 0.212389156 -6.290523052 -0.003194157 0.999790430 -0.020220436 -5.221811295 -0.212494642 0.019080138 0.976975918 229.515426636
0.968276799 -0.000102823 0.249880061 -6.161644936 0.005026417 0.999805570 -0.019065790 -5.240216732 -0.249829531 0.019716963 0.968089044 229.886215210
0.957615435 -0.005870359 0.287989944 -6.017552853 0.011572184 0.999769211 -0.018100280 -5.257903099 -0.287817210 0.020665780 0.957462370 230.249771118
0.944991291 -0.013684780 0.326809108 -5.864874363 0.019661685 0.999694288 -0.014992011 -5.279005051 -0.326504022 0.020592937 0.944971442 230.607421875
0.930643260 -0.017729046 0.365498036 -5.687682629 0.023935229 0.999635935 -0.012455799 -5.295117855 -0.365144134 0.020340184 0.930728793 230.957672119
0.913439035 -0.017425785 0.406602442 -5.520174980 0.024439491 0.999628544 -0.012062577 -5.317145348 -0.406241208 0.020955583 0.913525581 231.295562744
0.894166529 -0.014263487 0.447507292 -5.338634491 0.022610884 0.999655664 -0.013316702 -5.343982697 -0.447163224 0.022025883 0.894181132 231.611999512
0.872537613 -0.008323530 0.488476127 -5.136631012 0.019436007 0.999654710 -0.017683553 -5.359236717 -0.488160253 0.024923589 0.872398078 231.932922363
0.848544836 -0.005184956 0.529098094 -4.911666870 0.021112410 0.999487460 -0.024064591 -5.364773750 -0.528702140 0.031590421 0.848219395 232.239196777
0.822491765 -0.006009454 0.568745315 -4.660577774 0.026361100 0.999272406 -0.027563669 -5.368531704 -0.568165839 0.037663642 0.822051704 232.542907715
0.794171691 -0.009003133 0.607626796 -4.393001556 0.033233322 0.999037385 -0.028633535 -5.391208649 -0.606784046 0.042933401 0.793706417 232.837860107
0.763574600 -0.005247483 0.645698369 -4.107158661 0.034084655 0.998900473 -0.032189127 -5.394578457 -0.644819498 0.046587206 0.762913823 233.130294800
0.730302989 0.004558984 0.683108211 -3.812164307 0.024775207 0.999143124 -0.033155050 -5.410081387 -0.682673991 0.041137379 0.729564190 233.406463623
0.693701923 0.016132729 0.720081568 -3.513790131 0.008723971 0.999487579 -0.030796932 -5.430585861 -0.720209420 0.027645862 0.693205714 233.714004517
0.658453822 0.020775067 0.752334356 -3.184753418 0.001982420 0.999567628 -0.029337244 -5.450503826 -0.752618551 0.020808663 0.658127904 233.967208862
0.620495141 0.018139187 0.784000456 -2.831558228 0.007641640 0.999545157 -0.029174138 -5.469771385 -0.784173012 0.024093462 0.620074272 234.186553955
0.580879927 0.016396645 0.813824117 -2.509010315 0.015678819 0.999386251 -0.031326294 -5.503076553 -0.813838243 0.030956617 0.580266356 234.316925049
0.537548780 0.017667156 0.843047559 -2.121978760 0.022337064 0.999131322 -0.035180777 -5.510454655 -0.842936754 0.037742592 0.536687195 234.515716553
0.491500974 0.024251260 0.870539367 -1.722206116 0.016842518 0.999160528 -0.037343539 -5.522831440 -0.870714247 0.033016462 0.490679920 234.719070435
0.444588721 0.031265479 0.895189047 -1.311355591 0.006165310 0.999260128 -0.037962236 -5.536609173 -0.895713627 0.022396700 0.444067001 234.913833618
0.398503661 0.030503588 0.916659415 -0.878814697 -0.001017259 0.999460876 -0.032816730 -5.567882538 -0.917166233 0.012145110 0.398319840 235.074050903
0.351888895 0.027901517 0.935625851 -0.420303345 -0.003533107 0.999588132 -0.028480150 -5.591783524 -0.936035097 0.006716182 0.351842523 235.233749390
0.308875978 0.024954598 0.950774968 0.049514771 0.000754417 0.999648988 -0.026482465 -5.627251148 -0.951102078 0.008897080 0.308748722 235.340621948
0.270074785 0.027328454 0.962451577 0.571044922 0.005824276 0.999532461 -0.030015716 -5.627072334 -0.962821841 0.013712076 0.269789398 235.441955566
0.231480360 0.029131414 0.972403347 1.069992065 0.009548797 0.999435365 -0.032214332 -5.666656494 -0.972792745 0.016742269 0.231071532 235.537628174
0.197920859 0.031729769 0.979704380 1.596801758 0.010093977 0.999356985 -0.034405459 -5.679848194 -0.980166078 0.016698673 0.197473347 235.626312256
0.168361962 0.031318054 0.985227585 2.145599365 0.009927643 0.999390602 -0.033464756 -5.695266247 -0.985675275 0.015415180 0.167948425 235.718460083
0.141579926 0.025759107 0.989591658 2.712554932 0.012763740 0.999530792 -0.027843921 -5.718472004 -0.989844561 0.016573031 0.141184747 235.784805298
0.115603864 0.022791231 0.993034005 3.292236328 0.009603008 0.999664366 -0.024061341 -5.739687443 -0.993249059 0.012317699 0.115346193 235.842712402
0.088651836 0.022369713 0.995811462 3.866500854 0.007754229 0.999701977 -0.023147427 -5.763831139 -0.996032476 0.009773811 0.088451922 235.887451172
0.064048171 0.023658643 0.997666538 4.480651855 0.003777035 0.999706030 -0.023949491 -5.791758060 -0.997939885 0.005302145 0.063939929 235.936035156
0.043893397 0.026425516 0.998686731 5.119689941 0.007806056 0.999610543 -0.026793048 -5.810793877 -0.999005795 0.008971844 0.043669999 235.940597534
0.025611162 0.028476650 0.999266446 5.817337036 0.015992584 0.999454618 -0.028891910 -5.807581902 -0.999544203 0.016720811 0.025141776 235.941162109
0.007421494 0.026010865 0.999634326 6.473266602 0.016934955 0.999514997 -0.026133498 -5.824957848 -0.999829233 0.017122714 0.006977379 235.939605713
-0.008646488 0.021796033 0.999725103 7.158615112 0.015667800 0.999642670 -0.021658728 -5.847580910 -0.999839962 0.015476221 -0.008984923 235.935791016
-0.023210526 0.018343836 0.999562442 7.836196899 0.012737857 0.999755919 -0.018051609 -5.874211311 -0.999649584 0.012313297 -0.023438573 235.923797607
-0.033218741 0.017911227 0.999287724 8.521545410 0.015877126 0.999722719 -0.017391233 -5.900355339 -0.999322116 0.015288102 -0.033493876 235.886337280
-0.039599419 0.020173559 0.999011934 9.250930786 0.020311644 0.999605834 -0.019380426 -5.915845871 -0.999009132 0.019524124 -0.039993525 235.841918945
-0.044195056 0.022293564 0.998774230 9.977676392 0.025767747 0.999443829 -0.021168308 -5.931158543 -0.998690665 0.024800628 -0.044744968 235.800079346
-0.047495604 0.020013059 0.998670936 10.730773926 0.026283210 0.999478102 -0.018779237 -5.953394890 -0.998525620 0.025356347 -0.047996759 235.765991211
-0.050317287 0.017158693 0.998585999 11.492172241 0.022805972 0.999611437 -0.016027156 -5.979748249 -0.998472989 0.021967279 -0.050689101 235.740097046
-0.051425338 0.016759332 0.998536289 12.260894775 0.023449145 0.999603808 -0.015569603 -5.997565746 -0.998401582 0.022614149 -0.051797986 235.695220947
-0.052655697 0.016909173 0.998469532 13.068634033 0.021798065 0.999637842 -0.015779406 -6.021661758 -0.998374820 0.020933829 -0.053005219 235.662445068
-0.053965569 0.016377449 0.998408556 13.869247437 0.024546597 0.999585092 -0.015069967 -6.038539410 -0.998241127 0.023694271 -0.054345131 235.620010376
-0.054807901 0.012991947 0.998412430 14.676177979 0.026236657 0.999588847 -0.011566993 -6.060082912 -0.998152196 0.025561040 -0.055126309 235.582092285
-0.053271055 0.010017418 0.998529971 15.493392944 0.027826605 0.999576271 -0.008543385 -6.080321312 -0.998192430 0.027330583 -0.053527236 235.551544189
-0.049681902 0.009229505 0.998722434 16.301391602 0.028286299 0.999569178 -0.007830215 -6.102897644 -0.998364449 0.027861143 -0.049921513 235.493347168
-0.046192050 0.011261922 0.998869121 17.108383179 0.029875318 0.999504745 -0.009887526 -6.120078087 -0.998485744 0.029384809 -0.046505690 235.463134766
-0.042693973 0.012400679 0.999011219 17.904281616 0.030597102 0.999470174 -0.011098773 -6.143838882 -0.998619556 0.030092997 -0.043050766 235.428466797
-0.040088296 0.011000452 0.999135613 18.702804565 0.030842608 0.999476552 -0.009766711 -6.161170959 -0.998720050 0.030424418 -0.040406585 235.407287598
-0.036306620 0.010052404 0.999290228 19.516754150 0.030464133 0.999495804 -0.008947640 -6.181605339 -0.998876333 0.030117650 -0.036594510 235.378829956
-0.033297777 0.009725625 0.999398351 20.331909180 0.030478416 0.999497473 -0.008711122 -6.204383850 -0.998980820 0.030170014 -0.033577442 235.361999512
-0.029980421 0.012968349 0.999466360 21.135772705 0.030474557 0.999462843 -0.012054177 -6.226392746 -0.999085844 0.030096905 -0.030359507 235.336425781
-0.027724147 0.015365371 0.999497712 21.963790894 0.028264068 0.999494135 -0.014581333 -6.248224258 -0.999216139 0.027845612 -0.028144360 235.330139160
-0.025423169 0.014079448 0.999577641 22.791091919 0.026046026 0.999570727 -0.013416898 -6.265137672 -0.999337435 0.025693925 -0.025779009 235.310119629
-0.023790836 0.010330033 0.999663591 23.624801636 0.021218687 0.999726593 -0.009825705 -6.302958488 -0.999491751 0.020977788 -0.024003506 235.302795410
-0.021938324 0.008843523 0.999720275 24.449996948 0.017925220 0.999803603 -0.008450902 -6.324685097 -0.999598622 0.017734805 -0.022092581 235.293960571
-0.020487905 0.010260874 0.999737501 25.267684937 0.016399175 0.999816239 -0.009925613 -6.345021725 -0.999655664 0.016191516 -0.020652413 235.284591675
-0.018830299 0.012445827 0.999745369 26.092132568 0.014107198 0.999826312 -0.012181127 -6.365247250 -0.999723315 0.013874231 -0.019002557 235.272460938
-0.018909574 0.012717661 0.999740362 26.932922363 0.013350754 0.999833167 -0.012466321 -6.392705441 -0.999732077 0.013111554 -0.019076228 235.270874023
-0.018026114 0.012254219 0.999762535 27.765914917 0.012446008 0.999850154 -0.012030889 -6.416040421 -0.999760151 0.012226182 -0.018175960 235.258712769
-0.018505216 0.010964530 0.999768794 28.593139648 0.011949647 0.999870896 -0.010744470 -6.439840317 -0.999757469 0.011748054 -0.018633842 235.249908447
-0.018919826 0.009228716 0.999778450 29.429092407 0.013059027 0.999874353 -0.008982472 -6.465043068 -0.999735713 0.012886187 -0.019037962 235.236297607
-0.019516945 0.009200359 0.999767303 30.259811401 0.012180926 0.999885619 -0.008963661 -6.493521214 -0.999735415 0.012003148 -0.019626737 235.223266602
-0.020171285 0.009526549 0.999751329 31.087341309 0.012635499 0.999877155 -0.009272815 -6.514768124 -0.999716878 0.012445313 -0.020289183 235.209106445
-0.020807743 0.008776953 0.999745011 31.920181274 0.012366538 0.999887228 -0.008520817 -6.536462784 -0.999707043 0.012186086 -0.020913839 235.197662354
-0.021736860 0.008930463 0.999723792 32.749710083 0.009995345 0.999912083 -0.008714816 -6.556357384 -0.999713719 0.009803151 -0.021824241 235.185852051
-0.023816824 0.007848483 0.999685645 33.573928833 0.006513190 0.999949157 -0.007695381 -6.580691814 -0.999695241 0.006327863 -0.023866653 235.173828125
-0.026186466 0.008037816 0.999624729 34.395706177 0.003957042 0.999960661 -0.007936857 -6.600669384 -0.999649227 0.003747718 -0.026217222 235.158370972
-0.028750777 0.007727243 0.999556720 35.222076416 0.003493400 0.999964774 -0.007629915 -6.621641636 -0.999580503 0.003272485 -0.028776765 235.144165039
-0.030640244 0.005143101 0.999517262 36.033599854 0.000806100 0.999986589 -0.005120805 -6.644953728 -0.999530137 0.000648809 -0.030643940 235.123321533
-0.032954216 0.001443297 0.999455810 36.855377197 -0.001038471 0.999998391 -0.001478321 -6.662080765 -0.999456346 -0.001086622 -0.032952666 235.104690552
-0.034779906 -0.002466040 0.999392033 37.680526733 -0.003141992 0.999992311 0.002358177 -6.677572250 -0.999390125 -0.003058064 -0.034787416 235.089752197
-0.035570621 -0.003049746 0.999362588 38.484893799 -0.002814954 0.999991655 0.002951473 -6.697000980 -0.999363303 -0.002708174 -0.035578966 235.062988281
-0.036424279 -0.000023338 0.999336421 39.281860352 -0.001398499 0.999999046 -0.000027620 -6.715664864 -0.999335408 -0.001398577 -0.036424279 235.034729004
-0.036600590 0.004334121 0.999320626 40.087661743 -0.000632505 0.999990284 -0.004360191 -6.729362965 -0.999329805 -0.000791660 -0.036597490 235.010650635
-0.036939621 0.007262725 0.999291241 40.887374878 0.000196836 0.999973595 -0.007260410 -6.746380329 -0.999317646 -0.000071498 -0.036940098 234.988021851
-0.036767602 0.008120921 0.999290884 41.681777954 0.001163252 0.999966621 -0.008083614 -6.765435219 -0.999323189 0.000865211 -0.036775827 234.962829590
-0.036890030 0.007624869 0.999290287 42.479721069 0.001248561 0.999970436 -0.007583967 -6.787965775 -0.999318600 0.000967903 -0.036898375 234.931228638
-0.038468957 0.007654908 0.999230623 43.270904541 -0.001185257 0.999969602 -0.007706201 -6.807462692 -0.999259233 -0.001480793 -0.038458824 234.914657593
-0.039923429 0.006622758 0.999180853 44.055267334 -0.002419402 0.999974489 -0.006724688 -6.825740337 -0.999199867 -0.002685891 -0.039906383 234.892364502
-0.041297078 0.004085779 0.999138653 44.851150513 -0.002316464 0.999988556 -0.004185000 -6.844259739 -0.999144316 -0.002487296 -0.041287065 234.867218018
-0.043207765 0.001241265 0.999065518 45.646057129 -0.003357492 0.999993384 -0.001387623 -6.867022038 -0.999060690 -0.003414310 -0.043203354 234.833557129
-0.044971585 0.000897702 0.998987973 46.432678223 -0.004808395 0.999987841 -0.001115061 -6.884613991 -0.998976827 -0.004853674 -0.044966817 234.807876587
-0.045890927 0.002784353 0.998942614 47.209396362 -0.004858971 0.999983668 -0.003010473 -6.901500225 -0.998934686 -0.004991986 -0.045876741 234.777084351
-0.045943260 0.004701687 0.998933017 47.990646362 -0.003410367 0.999982357 -0.004863476 -6.915781021 -0.998938262 -0.003630172 -0.045926332 234.744979858
-0.045801759 0.004695021 0.998939514 48.755661011 -0.002048622 0.999986410 -0.004793871 -6.941361904 -0.998948395 -0.002266017 -0.045791507 234.712860107
-0.045304418 0.002798905 0.998969376 49.523681641 -0.001527878 0.999994695 -0.002871069 -6.957920551 -0.998972118 -0.001656376 -0.045299888 234.683242798
-0.044653058 0.001359330 0.999001682 50.289459229 -0.003731604 0.999991894 -0.001527471 -6.969966888 -0.998995602 -0.003796084 -0.044647574 234.662612915
-0.044668436 -0.000434241 0.999001861 51.055953979 -0.005655112 0.999983966 0.000181812 -6.981838703 -0.998985946 -0.005641346 -0.044670105 234.645477295
-0.043568373 -0.002272238 0.999047995 51.823944092 -0.007398122 0.999970734 0.001951706 -7.000602722 -0.999023199 -0.007306046 -0.043583870 234.614349365
-0.042974114 -0.001346405 0.999075413 52.573318481 -0.005902723 0.999981999 0.001093728 -7.019762039 -0.999058902 -0.005850263 -0.042981386 234.582748413
-0.043398857 0.000591384 0.999057829 53.332015991 -0.006206424 0.999980390 -0.000861535 -7.030197144 -0.999038696 -0.006237965 -0.043394327 234.560241699
-0.043494701 0.004659690 0.999042928 54.089355469 -0.009168792 0.999945164 -0.005063073 -7.045084476 -0.999011695 -0.009380232 -0.043449640 234.537048340
-0.044425726 0.003234944 0.999007463 54.834045410 -0.007830752 0.999962926 -0.003586270 -7.062838554 -0.998982012 -0.007982302 -0.044398665 234.511352539
-0.043386817 -0.000177098 0.999058425 55.590759277 -0.004583394 0.999989510 -0.000021782 -7.076888084 -0.999047935 -0.004580023 -0.043387175 234.471069336
-0.044326663 0.000978841 0.999016643 56.319976807 -0.004307506 0.999990046 -0.001170920 -7.101729393 -0.999007821 -0.004355173 -0.044322014 234.441925049
-0.045339823 0.007857483 0.998940766 57.048721313 -0.008009138 0.999934077 -0.008228813 -7.126053810 -0.998939574 -0.008373746 -0.045273900 234.421325684
-0.044398069 0.020227192 0.998809159 57.770080566 -0.005350777 0.999775827 -0.020484615 -7.139453411 -0.998999655 -0.006253881 -0.044279814 234.395309448
-0.043111444 0.027324228 0.998696566 58.485855103 0.001158003 0.999626637 -0.027299685 -7.160758972 -0.999069631 -0.000020432 -0.043126941 234.354705811
-0.042236924 0.022650748 0.998850942 59.232711792 0.002012906 0.999742866 -0.022585861 -7.187016487 -0.999105692 0.001056639 -0.042271614 234.319915771
-0.041017175 0.015555077 0.999037325 59.954635620 -0.000721615 0.999878109 -0.015597795 -7.222547531 -0.999158144 -0.001360699 -0.041000962 234.310043335
-0.038636565 0.010674151 0.999196410 60.674880981 -0.002003715 0.999940097 -0.010759575 -7.250853539 -0.999251366 -0.002417816 -0.038612843 234.275817871
-0.036308050 0.008794988 0.999302030 61.388229370 -0.000746537 0.999960780 -0.008827911 -7.269866943 -0.999340475 -0.001066540 -0.036300063 234.250915527
-0.034646153 0.008667150 0.999362111 62.103134155 -0.000306030 0.999962270 -0.008682964 -7.285063744 -0.999399662 -0.000606665 -0.034642220 234.229888916
-0.034637332 0.007220791 0.999373972 62.810821533 -0.006109551 0.999953687 -0.007436731 -7.305877209 -0.999381363 -0.006363314 -0.034591675 234.223236084
-0.034490824 0.007081377 0.999379933 63.524932861 -0.010940399 0.999912322 -0.007462728 -7.327482224 -0.999345183 -0.011191011 -0.034410357 234.208602905
-0.035027623 0.008749652 0.999348223 64.229187012 -0.013378812 0.999867976 -0.009223136 -7.340107918 -0.999296963 -0.013693153 -0.034905910 234.190628052
-0.036545038 0.008959732 0.999291837 64.951751709 -0.013452546 0.999864817 -0.009456841 -7.365335464 -0.999241471 -0.013788620 -0.036419630 234.175659180
-0.038444400 0.008758657 0.999222457 65.648101807 -0.015189212 0.999840915 -0.009348472 -7.380817413 -0.999145389 -0.015536795 -0.038305283 234.155715942
-0.039635062 0.008203799 0.999180675 66.343856812 -0.015518586 0.999840617 -0.008824800 -7.397397995 -0.999093831 -0.015855640 -0.039501429 234.135589600
-0.040972710 0.006315082 0.999140382 67.023132324 -0.013602087 0.999883831 -0.006877576 -7.417337894 -0.999067724 -0.013872187 -0.040882111 234.107147217
-0.042015433 0.005910086 0.999099612 67.699966431 -0.011766554 0.999910235 -0.006409702 -7.438018322 -0.999047816 -0.012025263 -0.041942120 234.073348999
-0.042888045 0.005506739 0.999064744 68.369934082 -0.012429061 0.999904513 -0.006044924 -7.456026077 -0.999002635 -0.012676692 -0.042815447 234.049957275
-0.042059064 0.004805975 0.999103665 69.038375854 -0.013990749 0.999887526 -0.005398709 -7.470944405 -0.999017298 -0.014205270 -0.041987062 234.027282715
-0.041069627 0.005701401 0.999140084 69.699981689 -0.014984753 0.999867737 -0.006321501 -7.490010738 -0.999044001 -0.015231487 -0.040978789 234.007659912
-0.040112495 0.007763913 0.999164999 70.346893311 -0.016420702 0.999829650 -0.008428304 -7.506718159 -0.999060273 -0.016745072 -0.039978147 233.987731934
-0.039475441 0.010244932 0.999168217 71.005905151 -0.017788136 0.999781787 -0.010954000 -7.527791500 -0.999062419 -0.018205749 -0.039284587 233.971710205
-0.039403319 0.012069402 0.999150634 71.657943726 -0.016959326 0.999774933 -0.012745763 -7.549458027 -0.999079585 -0.017447142 -0.039189696 233.952301025
-0.039414644 0.012541369 0.999144375 72.311126709 -0.015970610 0.999785602 -0.013179432 -7.566970348 -0.999095440 -0.016476404 -0.039205909 233.931900024
-0.039071321 0.011583607 0.999169290 72.942871094 -0.016736289 0.999784946 -0.012245199 -7.585645676 -0.999096274 -0.017200824 -0.038869143 233.910156250
-0.038820624 0.009453150 0.999201536 73.600143433 -0.019194977 0.999763668 -0.010204223 -7.607066631 -0.999061882 -0.019575784 -0.038630009 233.894561768
-0.038800836 0.008282079 0.999212801 74.230560303 -0.019253245 0.999773800 -0.009034359 -7.625036240 -0.999061644 -0.019588625 -0.038632631 233.875701904
-0.039604068 0.007574421 0.999186814 74.878295898 -0.016863378 0.999823809 -0.008247650 -7.644162655 -0.999073207 -0.017176302 -0.039469361 233.856628418
-0.042063117 0.007806899 0.999084532 75.510940552 -0.014389009 0.999861002 -0.008418766 -7.660188675 -0.999011457 -0.014729953 -0.041944861 233.828765869
-0.045149803 0.007677664 0.998950839 76.141159058 -0.015664242 0.999842107 -0.008392491 -7.676166534 -0.998857558 -0.016026724 -0.045022368 233.805053711
-0.048094034 0.006539193 0.998821557 76.762008667 -0.018412888 0.999802828 -0.007432209 -7.696582794 -0.998673201 -0.018748630 -0.047964096 233.779876709
-0.050085425 0.005034329 0.998732388 77.389541626 -0.018433519 0.999812305 -0.005964192 -7.714204788 -0.998574972 -0.018708868 -0.049983263 233.752426147
-0.053320408 0.007692771 0.998547792 78.025497437 -0.014644185 0.999856770 -0.008484825 -7.731909752 -0.998470008 -0.015075333 -0.053200126 233.717315674
-0.058517933 0.010988895 0.998225927 78.650726318 -0.014175484 0.999829471 -0.011837539 -7.750178814 -0.998185754 -0.014843042 -0.058352113 233.678161621
-0.065584540 0.014068876 0.997747838 79.284729004 -0.014803941 0.999776840 -0.015070588 -7.765278816 -0.997737229 -0.015758999 -0.065361619 233.639602661
-0.071705461 0.015726401 0.997301996 79.950164795 -0.016952395 0.999712050 -0.016983271 -7.778427601 -0.997281909 -0.018124446 -0.071418166 233.599853516
-0.076933265 0.015414816 0.996917188 80.609481812 -0.018117173 0.999693751 -0.016855871 -7.793204784 -0.996871769 -0.019358093 -0.076630354 233.550704956
-0.082527995 0.013774605 0.996493638 81.273757935 -0.016110171 0.999755383 -0.015153911 -7.818890572 -0.996458590 -0.017304301 -0.082286000 233.499633789
-0.088167787 0.014627922 0.995998204 81.959548950 -0.014764323 0.999763131 -0.015990183 -7.841008663 -0.995996177 -0.016115058 -0.087930918 233.432022095
-0.094435096 0.015508564 0.995410204 82.641647339 -0.014313147 0.999754131 -0.016934138 -7.856099129 -0.995428145 -0.015846629 -0.094189882 233.371566772
-0.100371718 0.014627184 0.994842470 83.345626831 -0.016864112 0.999723256 -0.016400402 -7.871183872 -0.994807065 -0.018423272 -0.100097299 233.306747437
-0.106352091 0.011117696 0.994266570 84.052917480 -0.017552536 0.999760687 -0.013056642 -7.893694878 -0.994173765 -0.018840495 -0.106131554 233.234375000
-0.111158371 0.009505547 0.993757367 84.763504028 -0.016164543 0.999804676 -0.011371501 -7.914751530 -0.993671358 -0.017327668 -0.110983014 233.160049438
-0.116472244 0.009066975 0.993152559 85.494384766 -0.012832991 0.999861121 -0.010633213 -7.940707207 -0.993111014 -0.013983592 -0.116339803 233.062438965
-0.122391343 0.012758760 0.992399931 86.238204956 -0.014020400 0.999795377 -0.014582956 -7.952755928 -0.992382884 -0.015698671 -0.122187376 232.975921631
-0.127917767 0.016123755 0.991653740 86.987380981 -0.010793283 0.999786019 -0.017648254 -7.973878860 -0.991726100 -0.012960724 -0.127716422 232.885925293
-0.132075191 0.017288210 0.991089165 87.745223999 -0.009202070 0.999783397 -0.018666163 -7.997517109 -0.991197228 -0.011585401 -0.131887436 232.783020020
-0.136219740 0.016589940 0.990539908 88.513427734 -0.005867478 0.999828756 -0.017552415 -8.017358780 -0.990661442 -0.008202952 -0.136098981 232.667373657
-0.140433669 0.013318911 0.990000606 89.303283691 -0.004393924 0.999891281 -0.014075263 -8.036303520 -0.990080416 -0.006326628 -0.140359879 232.557495117
-0.143296838 0.010752339 0.989621520 90.109619141 -0.002452413 0.999934077 -0.011219495 -8.055923462 -0.989676893 -0.004034677 -0.143260956 232.440277100
-0.145222783 0.008267484 0.989364445 90.932189941 0.000863719 0.999965787 -0.008229292 -8.075329781 -0.989398599 -0.000340549 -0.145225048 232.319976807
-0.146287322 0.006705781 0.989219546 91.760055542 0.003166495 0.999975085 -0.006310427 -8.090756416 -0.989237189 0.002209224 -0.146304846 232.195831299
-0.146928668 0.007107332 0.989121675 92.598739624 0.004416900 0.999968946 -0.006529170 -8.103415489 -0.989137352 0.003409531 -0.146955490 232.078979492
-0.146946430 0.009457541 0.989099443 93.465820312 0.005902878 0.999944866 -0.008684279 -8.125458717 -0.989127040 0.004562410 -0.146994114 231.962890625
-0.145959258 0.011893395 0.989219129 94.327148438 0.009885930 0.999895334 -0.010563088 -8.148813248 -0.989241183 0.008237571 -0.146061540 231.813919067
-0.144001842 0.014931261 0.989464879 95.214065552 0.012796463 0.999830663 -0.013225351 -8.158844948 -0.989494741 0.010757173 -0.144168496 231.677337646
-0.143147588 0.013358675 0.989611268 96.114288330 0.017523905 0.999786377 -0.010961190 -8.181819916 -0.989546299 0.015772786 -0.143351197 231.555160522
-0.139464378 0.013490105 0.990135252 97.016647339 0.022891590 0.999683917 -0.010395832 -8.205591202 -0.989962518 0.021215921 -0.139729142 231.413986206
-0.135827422 0.012772386 0.990650177 97.948547363 0.025038289 0.999641776 -0.009455331 -8.221746445 -0.990416110 0.023519892 -0.136098623 231.300903320
-0.131175518 0.011639824 0.991290867 98.887588501 0.028833857 0.999552846 -0.007921313 -8.245779037 -0.990939796 0.027543657 -0.131452441 231.161621094
-0.126058698 0.009697602 0.991975486 99.835372925 0.028774619 0.999567211 -0.006115190 -8.263230324 -0.991605520 0.027772842 -0.126283169 231.046478271
-0.121549606 0.010659112 0.992528260 100.791687012 0.029068647 0.999551654 -0.007174662 -8.281200409 -0.992159784 0.027979374 -0.121804953 230.941253662
-0.117027164 0.012394472 0.993051350 101.765563965 0.028137734 0.999562085 -0.009159815 -8.298889160 -0.992730021 0.026870267 -0.117324710 230.843872070
-0.111847878 0.012932850 0.993641376 102.738571167 0.029746888 0.999510765 -0.009660833 -8.315425873 -0.993280172 0.028477192 -0.112177849 230.738464355
-0.106525540 0.009977706 0.994259953 103.739013672 0.029873259 0.999530375 -0.006829960 -8.340352058 -0.993861198 0.028974220 -0.106773615 230.616607666
-0.101511955 0.009406416 0.994789898 104.733657837 0.028461603 0.999573469 -0.006547325 -8.362946510 -0.994427145 0.027648684 -0.101736307 230.520874023
-0.098242283 0.014813650 0.995052278 105.726943970 0.027804669 0.999539733 -0.012135281 -8.386106491 -0.994774044 0.026474902 -0.098608971 230.427520752
-0.096225858 0.022160191 0.995112836 106.709884644 0.027465355 0.999430597 -0.019600486 -8.422254562 -0.994980514 0.025445053 -0.096779704 230.342407227
-0.094822645 0.024968186 0.995181084 107.699676514 0.027918374 0.999358892 -0.022412894 -8.446752548 -0.995102704 0.025658589 -0.095458984 230.246643066
-0.093512535 0.021604441 0.995383680 108.702468872 0.028927729 0.999401391 -0.018973993 -8.479894638 -0.995197773 0.027019883 -0.094081521 230.157012939
-0.092131019 0.015943579 0.995619416 109.702911377 0.030718248 0.999441445 -0.013162236 -8.512158394 -0.995273113 0.029371032 -0.092569232 230.059967041
-0.091503382 0.011808372 0.995734751 110.731903076 0.033400577 0.999403477 -0.008782521 -8.544513702 -0.995244443 0.032454487 -0.091843128 229.978820801
-0.090304375 0.008834955 0.995875120 111.755584717 0.034819748 0.999377310 -0.005708630 -8.567540169 -0.995305479 0.034160603 -0.090555787 229.884048462
-0.089558363 0.007400671 0.995954275 112.756439209 0.034333099 0.999401033 -0.004338985 -8.591913223 -0.995389819 0.033805598 -0.089758754 229.794555664
-0.088951588 0.007786904 0.996005595 113.761184692 0.033956934 0.999411881 -0.004780899 -8.615347862 -0.995457053 0.033396024 -0.089163661 229.713638306
-0.088296771 0.011997070 0.996022165 114.753936768 0.033665318 0.999392152 -0.009053260 -8.637630463 -0.995525360 0.032732025 -0.088646889 229.642913818
-0.086999059 0.014395123 0.996104538 115.759399414 0.033501584 0.999372303 -0.011516348 -8.659526825 -0.995645106 0.032369163 -0.087426662 229.551025391
-0.085759997 0.013787140 0.996220529 116.754638672 0.034204468 0.999355555 -0.010886027 -8.686001778 -0.995728612 0.033141606 -0.086176276 229.464508057
-0.085014105 0.011937216 0.996308327 117.760818481 0.033723306 0.999389827 -0.009096558 -8.712052345 -0.995808959 0.032825470 -0.085364819 229.392425537
-0.083181262 0.013424011 0.996444166 118.763244629 0.031577513 0.999442637 -0.010828380 -8.746042252 -0.996034145 0.030564507 -0.083558798 229.316436768
-0.081014872 0.016646096 0.996574044 119.755111694 0.031165583 0.999413908 -0.014159978 -8.779676437 -0.996225655 0.029911639 -0.081486225 229.226898193
-0.078214169 0.017837435 0.996777117 120.740112305 0.031414956 0.999387503 -0.015419117 -8.805753708 -0.996441603 0.030107714 -0.078726530 229.144592285
-0.076385617 0.013977942 0.996980488 121.741622925 0.031011458 0.999451280 -0.011636586 -8.837213516 -0.996596098 0.030028950 -0.076777220 229.083862305
-0.073336482 0.009528416 0.997261822 122.736038208 0.029616678 0.999534130 -0.007372186 -8.869842529 -0.996867478 0.028994931 -0.073584437 229.011779785
-0.070885301 0.007881986 0.997453392 123.733505249 0.030118851 0.999529719 -0.005757960 -8.889314651 -0.997029662 0.029633995 -0.071089268 228.956481934
-0.068716288 0.009090824 0.997594953 124.727981567 0.029888602 0.999528348 -0.007049660 -8.914237976 -0.997188509 0.029332289 -0.068955660 228.898803711
-0.066408634 0.008859395 0.997753203 125.706710815 0.026543358 0.999622405 -0.007109316 -8.943733215 -0.997439444 0.026011601 -0.066618681 228.837921143
-0.064720869 0.007582277 0.997874737 126.685707092 0.022917479 0.999718666 -0.006109891 -8.964076996 -0.997640312 0.022473333 -0.064876437 228.785034180
-0.063181758 0.004770901 0.997990847 127.666069031 0.017196449 0.999845326 -0.003691080 -8.981966019 -0.997854054 0.016928688 -0.063253999 228.741729736
-0.062045932 0.003238086 0.998068094 128.645904541 0.012210521 0.999922335 -0.002485022 -9.011766434 -0.997998655 0.012032745 -0.062080622 228.682189941
-0.062102795 0.006140771 0.998050988 129.609222412 0.011530870 0.999918759 -0.005434768 -9.029738426 -0.998003304 0.011170881 -0.062168598 228.628555298
-0.062386632 0.008777036 0.998013496 130.578598022 0.010845446 0.999908268 -0.008115744 -9.056024551 -0.997993171 0.010317588 -0.062476039 228.568908691
-0.062708616 0.012760156 0.997950315 131.537841797 0.009866177 0.999877334 -0.012164831 -9.088491440 -0.997983158 0.009083115 -0.062826753 228.523345947
-0.062866092 0.015751090 0.997897744 132.492492676 0.010775749 0.999827862 -0.015102701 -9.119053841 -0.997963846 0.009803647 -0.063024998 228.466201782
-0.063070774 0.017652975 0.997852981 133.446060181 0.013418022 0.999768198 -0.016838752 -9.143661499 -0.997918963 0.012327180 -0.063292980 228.404418945
-0.063592911 0.013117794 0.997889817 134.395080566 0.012007590 0.999851286 -0.012378369 -9.174903870 -0.997903764 0.011195077 -0.063740969 228.347747803
-0.065730572 0.008709846 0.997799516 135.348419189 0.009446509 0.999922514 -0.008106086 -9.211091042 -0.997792780 0.008892905 -0.065807819 228.307098389
-0.066820979 0.007139919 0.997739494 136.297210693 0.008467420 0.999942422 -0.006588601 -9.236670494 -0.997729123 0.008008023 -0.066877604 228.243225098
-0.069421411 0.007227696 0.997561395 137.247650146 0.004672845 0.999965131 -0.006919925 -9.265199661 -0.997576654 0.004181060 -0.069452763 228.176132202
-0.072596908 0.007252918 0.997335076 138.183685303 0.002649925 0.999971449 -0.007079200 -9.285866737 -0.997357905 0.002128936 -0.072614074 228.115676880
-0.076587558 0.006639856 0.997040868 139.114562988 0.001810726 0.999977112 -0.006520320 -9.309727669 -0.997061372 0.001305993 -0.076597810 228.057174683
-0.080806255 0.006115375 0.996711254 140.061614990 0.001405284 0.999980867 -0.006021507 -9.333580971 -0.996729076 0.000914088 -0.080813289 227.982589722
-0.085120440 0.005298108 0.996356547 140.980453491 -0.000514015 0.999985516 -0.005361318 -9.363855362 -0.996370494 -0.000968500 -0.085116506 227.913925171
-0.089215755 0.005648668 0.995996416 141.913940430 -0.001166642 0.999982655 -0.005775778 -9.388588905 -0.996011734 -0.001677260 -0.089207649 227.835815430
-0.092819214 0.008181434 0.995649397 142.838119507 -0.004399329 0.999953091 -0.008626925 -9.410623550 -0.995673299 -0.005180934 -0.092778802 227.754547119
-0.098531008 0.009479303 0.995088875 143.763153076 -0.001432274 0.999952257 -0.009667451 -9.431902885 -0.995132983 -0.002377784 -0.098512769 227.672149658
-0.104014754 0.009983460 0.994525611 144.698059082 -0.001125796 0.999947786 -0.010155634 -9.447621346 -0.994575083 -0.002175969 -0.103998065 227.578842163
-0.111669064 0.008952102 0.993705094 145.619262695 -0.002422294 0.999953985 -0.009280605 -9.471880913 -0.993742466 -0.003443403 -0.111642241 227.481277466
-0.120232582 0.008157384 0.992712259 146.551605225 -0.002157840 0.999961734 -0.008478302 -9.497306824 -0.992743433 -0.003161482 -0.120210290 227.374847412
-0.128349066 0.004529585 0.991718709 147.498962402 -0.002383601 0.999985278 -0.004875829 -9.520513535 -0.991726160 -0.002989670 -0.128336430 227.246810913
-0.137691498 0.002429555 0.990472317 148.439956665 -0.001183879 0.999995887 -0.002617494 -9.541586876 -0.990474582 -0.001533006 -0.137688041 227.121078491
-0.146337390 0.001589758 0.989233494 149.344390869 -0.002070225 0.999996006 -0.001913302 -9.557866096 -0.989232600 -0.002327924 -0.146333456 226.980651855
-0.155813217 0.001726355 0.987785161 150.269042969 -0.002554212 0.999994397 -0.002150594 -9.574503899 -0.987783372 -0.002858103 -0.155807853 226.840270996
-0.164718628 0.001172553 0.986339927 151.201522827 -0.001657222 0.999997556 -0.001465545 -9.591997147 -0.986339271 -0.001875987 -0.164716244 226.686065674
-0.173864007 0.001366939 0.984768689 152.124252319 0.000174490 0.999999046 -0.001357273 -9.611159325 -0.984769642 -0.000064148 -0.173864007 226.521362305
-0.183930278 0.003818417 0.982931912 153.049087524 0.001858706 0.999992013 -0.003536882 -9.628949165 -0.982937574 0.001176442 -0.183935881 226.351974487
-0.194214106 0.005499250 0.980943859 153.967102051 0.002700924 0.999983490 -0.005071241 -9.649860382 -0.980955541 0.001664549 -0.194225788 226.171051025
-0.204570770 0.004934906 0.978839517 154.904129028 0.005289700 0.999978244 -0.003935969 -9.666902542 -0.978837669 0.004372583 -0.204592466 225.972045898
-0.214750648 0.004100492 0.976660371 155.808486938 0.008584818 0.999960482 -0.002310666 -9.689625740 -0.976631224 0.007888234 -0.214777350 225.758697510
-0.225394487 0.006370192 0.974246860 156.737670898 0.011772603 0.999923408 -0.003814461 -9.710640907 -0.974196553 0.010609662 -0.225452185 225.549041748
-0.233686686 0.009077800 0.972269595 157.660827637 0.016291754 0.999852598 -0.005419582 -9.724266052 -0.972175479 0.014573492 -0.233800173 225.317092896
-0.239469290 0.008996132 0.970862389 158.605804443 0.020230696 0.999786198 -0.004274118 -9.743263245 -0.970693290 0.018617701 -0.239600062 225.083618164
-0.243889451 0.009311097 0.969758391 159.537078857 0.026695019 0.999639452 -0.002884333 -9.756586075 -0.969435632 0.025184259 -0.244050145 224.841781616
-0.246573806 0.011215764 0.969059289 160.450759888 0.031465821 0.999498487 -0.003561696 -9.781737328 -0.968613207 0.029614022 -0.246803045 224.601837158
-0.246770382 0.014751206 0.968961954 161.373275757 0.035347484 0.999355793 -0.006211802 -9.801223755 -0.968429327 0.032717474 -0.247132778 224.364807129
-0.244880199 0.017627871 0.969393313 162.298538208 0.041554563 0.999106765 -0.007671029 -9.820581436 -0.968662679 0.038404226 -0.245393991 224.128631592
-0.241288424 0.019822877 0.970251143 163.216842651 0.043593902 0.999003530 -0.009569099 -9.844711304 -0.969473958 0.039988119 -0.241912127 223.904357910
-0.235235691 0.018549686 0.971761346 164.139297485 0.049181335 0.998764217 -0.007159743 -9.870861053 -0.970693290 0.046108298 -0.235857248 223.663421631
-0.228783131 0.014898038 0.973363459 165.063125610 0.053125657 0.998583913 -0.002797202 -9.888195038 -0.972026765 0.051070619 -0.229250550 223.444778442
-0.222805977 0.009438024 0.974817216 166.000030518 0.056286260 0.998409569 0.003198444 -9.910722733 -0.973236620 0.055581443 -0.222982883 223.227706909
-0.217469335 0.009511291 0.976020813 166.932113647 0.059707440 0.998209536 0.003576027 -9.927358627 -0.974239230 0.059053380 -0.217647910 223.014053345
-0.212110519 0.012881921 0.977160811 167.847305298 0.061181024 0.998126686 0.000122138 -9.942925453 -0.975328684 0.059809603 -0.212501287 222.816574097
-0.206105351 0.018538123 0.978354394 168.764343262 0.062317591 0.998039603 -0.005782983 -9.961165428 -0.976543665 0.059776776 -0.206856489 222.623260498
-0.200521946 0.022308590 0.979435265 169.705307007 0.063830033 0.997914016 -0.009661422 -9.981643677 -0.977607727 0.060580052 -0.201527596 222.429901123
-0.194543600 0.022622269 0.980633080 170.635498047 0.062856287 0.997966826 -0.010552362 -10.003041267 -0.978877962 0.059586059 -0.195569992 222.253005981
-0.187632084 0.018110419 0.982072473 171.551651001 0.059749816 0.998188913 -0.006991991 -10.031862259 -0.980420470 0.057366725 -0.188374400 222.082260132
-0.180747986 0.014757497 0.983418882 172.476409912 0.060223732 0.998177230 -0.003910124 -10.053132057 -0.981684089 0.058518399 -0.181307316 221.908615112
-0.173888564 0.014403900 0.984660149 173.402740479 0.061701454 0.998087764 -0.003704007 -10.068727493 -0.982830644 0.060110871 -0.174444795 221.744659424
-0.168485403 0.014412384 0.985598922 174.302734375 0.060945872 0.998132348 -0.004177144 -10.090427399 -0.983818352 0.059364393 -0.169049144 221.601470947
-0.165331960 0.016367439 0.986102164 175.214324951 0.059121747 0.998228610 -0.006656243 -10.118407249 -0.984464347 0.057199594 -0.166006684 221.452880859
-0.163326144 0.019522447 0.986379087 176.109985352 0.060211863 0.998137653 -0.009785211 -10.142851830 -0.984733164 0.057793539 -0.164197445 221.306945801
-0.162599444 0.020746216 0.986474037 176.987411499 0.060712144 0.998094857 -0.010983497 -10.166103363 -0.984822571 0.058105044 -0.163549185 221.163803101
-0.162337422 0.017961154 0.986571968 177.855926514 0.061711136 0.998061836 -0.008015965 -10.185934067 -0.984803855 0.059581179 -0.163131118 221.022964478
-0.161471605 0.011089521 0.986815214 178.736572266 0.063631989 0.997973084 -0.000802879 -10.208201408 -0.984823942 0.062663361 -0.161849976 220.872467041
-0.161029220 0.004897517 0.986937642 179.578247070 0.062836222 0.998009801 0.005299922 -10.228152275 -0.984947443 0.062868863 -0.161016464 220.741882324
-0.160796881 0.004710042 0.986976504 180.405593872 0.063905813 0.997939944 0.005649075 -10.246986389 -0.984916687 0.063981876 -0.160766721 220.613723755
-0.160055518 0.008792905 0.987068832 181.208084106 0.065905556 0.997824252 0.001798025 -10.270389557 -0.984905362 0.065341108 -0.160286784 220.476058960
-0.158890843 0.014720646 0.987186432 182.048263550 0.066950053 0.997747898 -0.004102306 -10.277532578 -0.985023558 0.065440364 -0.159518600 220.335144043
-0.158896208 0.018057033 0.987130225 182.858215332 0.064920112 0.997859955 -0.007803265 -10.293750763 -0.985158682 0.062844694 -0.159728527 220.208389282
-0.159235001 0.018988376 0.987058103 183.665466309 0.063278005 0.997955441 -0.008989827 -10.311259270 -0.985210717 0.061027572 -0.160111070 220.087631226
-0.160298109 0.017996600 0.986904621 184.464706421 0.063323662 0.997961700 -0.007912883 -10.331804276 -0.985035419 0.061225995 -0.161110997 219.960052490
-0.161306262 0.015405328 0.986784279 185.287200928 0.064756788 0.997888565 -0.004993117 -10.351793289 -0.984777689 0.063095547 -0.161963344 219.823745728
-0.162662745 0.011229055 0.986617982 186.106964111 0.068145864 0.997675359 -0.000119771 -10.358091354 -0.984325826 0.067214437 -0.163049817 219.683792114
-0.164168477 0.006792761 0.986409068 186.921951294 0.070770912 0.997480512 0.004909423 -10.372390747 -0.983890474 0.070615031 -0.164235592 219.544403076
-0.165673018 0.005399916 0.986166060 187.725860596 0.073462635 0.997274220 0.006880765 -10.386276245 -0.983440816 0.073586300 -0.165618062 219.406860352
-0.166548133 0.007516450 0.986004710 188.516723633 0.076119162 0.997084856 0.005256531 -10.402794838 -0.983090878 0.075929314 -0.166634679 219.260955811
-0.166824460 0.014109760 0.985885799 189.297882080 0.076366976 0.997078896 -0.001347699 -10.415874481 -0.983024895 0.075064279 -0.167414665 219.124374390
-0.165671468 0.020437861 0.985969245 190.068038940 0.077689260 0.996948540 -0.007611398 -10.434423447 -0.983116210 0.075338222 -0.166753769 218.995452881
-0.163353920 0.022664910 0.986307144 190.876953125 0.080155395 0.996735871 -0.009629078 -10.444066048 -0.983305991 0.077484891 -0.164637446 218.864791870
-0.160292149 0.020084092 0.986865461 191.664810181 0.079693526 0.996792376 -0.007341873 -10.463185310 -0.983847380 0.077469930 -0.161378622 218.739044189
-0.156462550 0.015240610 0.987566411 192.451263428 0.076502666 0.997064054 -0.003266688 -10.484247208 -0.984716713 0.075040340 -0.157169104 218.628173828
-0.151875496 0.012301065 0.988323271 193.215835571 0.075873584 0.997117162 -0.000751046 -10.504468918 -0.985483289 0.074873552 -0.152371049 218.511856079
-0.147231340 0.011683129 0.989033222 193.998779297 0.075476035 0.997147441 -0.000543333 -10.516533852 -0.986218333 0.074568301 -0.147693157 218.400436401
-0.143364429 0.012060682 0.989596546 194.769409180 0.074308291 0.997234344 -0.001388615 -10.533110619 -0.986876428 0.073336147 -0.143864155 218.293060303
-0.139672041 0.014410608 0.990093052 195.532287598 0.075282000 0.997154713 -0.003893392 -10.552930832 -0.987332046 0.073992379 -0.140359402 218.188339233
-0.136378288 0.016394148 0.990521193 196.297943115 0.076422572 0.997057557 -0.005980222 -10.570753098 -0.987704694 0.074882604 -0.137229800 218.085861206
-0.133625031 0.015928227 0.990903914 197.057617188 0.076563142 0.997048438 -0.005702326 -10.586009026 -0.988070011 0.075104743 -0.134450197 217.984298706
-0.131469250 0.011025532 0.991258919 197.826736450 0.077258594 0.997010708 -0.000842802 -10.600142479 -0.988305032 0.076472469 -0.131928086 217.884582520
-0.129492044 0.006644453 0.991558135 198.592834473 0.076666258 0.997051239 0.003330932 -10.621411324 -0.988612175 0.076450385 -0.129619598 217.785354614
-0.128230214 0.006502527 0.991723120 199.343231201 0.075308174 0.997155190 0.003199232 -10.635025978 -0.988881052 0.075095087 -0.128355145 217.691955566
-0.127677083 0.009977903 0.991765797 200.100494385 0.073577859 0.997289300 -0.000561282 -10.646887779 -0.989082992 0.072900325 -0.128065109 217.604019165
-0.127332807 0.014444127 0.991754949 200.838211060 0.072041079 0.997387707 -0.005276709 -10.664014816 -0.989240408 0.070775196 -0.128040791 217.514831543
-0.127293110 0.015978539 0.991736412 201.561767578 0.066058099 0.997786880 -0.007597219 -10.681354523 -0.989662945 0.064545147 -0.128066897 217.432922363
-0.127670050 0.014577752 0.991709709 202.275817871 0.062738232 0.998008251 -0.006593594 -10.700443268 -0.989830554 0.061376303 -0.128330350 217.347656250
-0.127946973 0.010505519 0.991725445 202.977340698 0.061148904 0.998125017 -0.002684222 -10.718414307 -0.989894211 0.060299482 -0.128349423 217.261138916
-0.127962828 0.006064210 0.991760612 203.648468018 0.061497640 0.998105526 0.001831778 -10.733764648 -0.989870667 0.061225325 -0.128093362 217.175445557
-0.128646374 0.003451837 0.991684616 204.315826416 0.061536986 0.998094618 0.004508738 -10.748132706 -0.989779472 0.061605308 -0.128613710 217.094894409
-0.128862619 0.003130391 0.991657555 204.941284180 0.058905050 0.998253405 0.004503303 -10.773191452 -0.989911437 0.058993943 -0.128821969 217.016662598
-0.128817677 0.005486048 0.991653204 205.542449951 0.057420082 0.998348236 0.001935894 -10.788759232 -0.990004599 0.057190180 -0.128919959 216.945541382
-0.128075123 0.009311651 0.991720915 206.119110107 0.057978500 0.998316050 -0.001885993 -10.803337097 -0.990068495 0.057256933 -0.128399372 216.870605469
-0.127533436 0.012085580 0.991760731 206.668045044 0.059234679 0.998233736 -0.004547299 -10.814140320 -0.990063965 0.058166686 -0.128024101 216.804107666
-0.126177549 0.013318877 0.991918325 207.171295166 0.059357446 0.998219609 -0.005852893 -10.826369286 -0.990230322 0.058139231 -0.126743436 216.734573364
-0.125313520 0.013272067 0.992028534 207.674957275 0.057196502 0.998344123 -0.006131484 -10.840594292 -0.990467191 0.055972200 -0.125865102 216.677261353
-0.125084758 0.012972949 0.992061257 208.154006958 0.054882493 0.998473942 -0.006136908 -10.858037949 -0.990626931 0.053679161 -0.125605822 216.625503540
-0.125841260 0.014964076 0.991937637 208.622055054 0.053943567 0.998510182 -0.008219736 -10.870677948 -0.990582764 0.052474268 -0.126460910 216.572937012
-0.127236128 0.017324757 0.991721094 209.069473267 0.054320205 0.998468637 -0.010473436 -10.886784554 -0.990383863 0.052537896 -0.127982378 216.507232666
-0.130380630 0.019853573 0.991265476 209.515457153 0.053910691 0.998462319 -0.012906887 -10.900743484 -0.989997447 0.051756989 -0.131250501 216.447387695
-0.135145068 0.021498930 0.990592599 209.956298828 0.053048905 0.998487592 -0.014432893 -10.915651321 -0.989404738 0.050599314 -0.136081219 216.388885498
-0.139942408 0.022207936 0.989910603 210.404647827 0.052951206 0.998485744 -0.014914668 -10.930591583 -0.988742769 0.050329763 -0.140906453 216.322280884
-0.144635916 0.021725209 0.989246547 210.834243774 0.054299224 0.998426735 -0.013987839 -10.947008133 -0.987994134 0.051692173 -0.145588040 216.253387451
-0.149582624 0.022052523 0.988503337 211.251037598 0.055461634 0.998364329 -0.013879932 -10.956678391 -0.987192571 0.052747812 -0.150560975 216.182144165
-0.154617071 0.021862429 0.987732649 211.649719238 0.057262275 0.998272777 -0.013132051 -10.969506264 -0.986313760 0.054529380 -0.155601859 216.110198975
-0.159141183 0.020290632 0.987047434 212.029113770 0.059015896 0.998196363 -0.011004722 -10.982681274 -0.985490501 0.056500178 -0.160051703 216.037429810
-0.163730621 0.019118097 0.986319900 212.388092041 0.059121657 0.998205245 -0.009534188 -10.995046616 -0.984731972 0.056751821 -0.164567113 215.979736328
-0.168583989 0.019715384 0.985490143 212.725158691 0.058436468 0.998241305 -0.009973984 -11.005861282 -0.983953595 0.055907108 -0.169439554 215.935348511
-0.171983361 0.021568887 0.984863698 213.032104492 0.057992652 0.998248041 -0.011734955 -11.017410278 -0.983391404 0.055096641 -0.172932863 215.865646362
-0.175904512 0.024152385 0.984110892 213.350585938 0.058210477 0.998204827 -0.014093474 -11.026296616 -0.982684672 0.054806460 -0.176994681 215.808258057
-0.179933310 0.025284924 0.983353794 213.658279419 0.059652217 0.998110235 -0.014749241 -11.034739494 -0.981868446 0.056005355 -0.181101561 215.749862671
-0.184102654 0.024329199 0.982605875 213.963699341 0.061732996 0.998006165 -0.013144108 -11.048343658 -0.980966449 0.058239337 -0.185237527 215.681411743
-0.189410210 0.023268308 0.981622458 214.265640259 0.062462028 0.997979879 -0.011603612 -11.053977966 -0.979909480 0.059116282 -0.190480947 215.615173340
-0.194913387 0.022813737 0.980555236 214.578002930 0.062805638 0.997968018 -0.010734456 -11.065300941 -0.978807688 0.059492100 -0.195950150 215.553024292
-0.200199127 0.023125075 0.979482472 214.876907349 0.062937386 0.997960150 -0.010697386 -11.074111938 -0.977731824 0.059504449 -0.201246142 215.488555908
-0.205901265 0.023391519 0.978293240 215.174072266 0.061460588 0.998049676 -0.010928311 -11.083314896 -0.976640880 0.057876322 -0.206937313 215.425689697
-0.212968707 0.023016835 0.976788044 215.466110229 0.060017809 0.998142779 -0.010434389 -11.097316742 -0.975214064 0.056402475 -0.213954568 215.361480713
-0.220798135 0.024103144 0.975021720 215.751159668 0.059783038 0.998149276 -0.011136736 -11.105813980 -0.973485649 0.055830792 -0.221830368 215.287704468
-0.228862047 0.026920922 0.973086715 216.045166016 0.060155414 0.998098195 -0.013464824 -11.108180046 -0.971598566 0.055454839 -0.230046272 215.207763672
-0.239228010 0.029461771 0.970516562 216.335662842 0.059787214 0.998089850 -0.015561535 -11.111955643 -0.969121158 0.054301716 -0.240532517 215.124206543
-0.252577543 0.029992504 0.967111826 216.636413574 0.058725316 0.998152018 -0.015618038 -11.122832298 -0.965793014 0.052849177 -0.253872156 215.036819458
-0.267690182 0.031277847 0.962997437 216.937957764 0.057084929 0.998232067 -0.016554030 -11.133322716 -0.961812735 0.050541282 -0.269002438 214.953720093
-0.281813622 0.032614004 0.958914578 217.245391846 0.056995492 0.998226225 -0.017200742 -11.145824432 -0.957774699 0.049806409 -0.283172607 214.844757080
-0.296693563 0.032420766 0.954422474 217.557891846 0.054820325 0.998353660 -0.016871525 -11.150653839 -0.953398168 0.047316071 -0.297982454 214.742691040
-0.312646866 0.030890767 0.949367106 217.870208740 0.051686350 0.998543561 -0.015469470 -11.164465904 -0.948462307 0.044232834 -0.313788176 214.629776001
-0.329785228 0.031541724 0.943528950 218.192352295 0.049939971 0.998625219 -0.015928391 -11.174567223 -0.942734241 0.041866861 -0.330907106 214.505722046
-0.348559856 0.033128101 0.936701000 218.519668579 0.050903741 0.998569310 -0.016374176 -11.177163124 -0.935903311 0.041974202 -0.349747539 214.371765137
-0.367850065 0.034852181 0.929231763 218.824966431 0.051526811 0.998525977 -0.017053513 -11.193521500 -0.928456426 0.041607209 -0.369103670 214.231567383
-0.389161944 0.036082629 0.920462549 219.153961182 0.050179590 0.998579264 -0.017929452 -11.205997467 -0.919801712 0.039210971 -0.390419602 214.085067749
-0.412081599 0.035763908 0.910444915 219.500793457 0.046944600 0.998735607 -0.017984271 -11.216984749 -0.909936965 0.035329483 -0.413239479 213.917968750
-0.436424732 0.034932755 0.899062574 219.838317871 0.042849489 0.998919129 -0.018012578 -11.225802422 -0.898720086 0.030663235 -0.437449813 213.739959717
-0.462139368 0.033317182 0.886181295 220.192871094 0.039033022 0.999089777 -0.017206594 -11.243386269 -0.885947943 0.026638491 -0.463019133 213.556900024
-0.488597035 0.033060268 0.871883094 220.553100586 0.038094930 0.999137282 -0.016537404 -11.245855331 -0.871677637 0.025134200 -0.489434958 213.343856812
-0.515602350 0.032348253 0.856217265 220.904693604 0.038177915 0.999161959 -0.014758552 -11.260173798 -0.855977118 0.025079044 -0.516405344 213.108398438
-0.543815851 0.031143898 0.838626623 221.286239624 0.039206043 0.999162853 -0.011682153 -11.271537781 -0.838288426 0.026526287 -0.544581652 212.846618652
-0.571601629 0.029273493 0.820008874 221.634033203 0.038618345 0.999215722 -0.008751397 -11.283814430 -0.819621980 0.026665073 -0.572283864 212.576721191
-0.600092888 0.027794939 0.799447298 221.993133545 0.037630718 0.999270618 -0.006495411 -11.295910835 -0.799044669 0.026185924 -0.600701094 212.291641235
-0.627637506 0.027843446 0.778007925 222.337280273 0.037814267 0.999270976 -0.005256375 -11.301856995 -0.777587116 0.026120698 -0.628232837 211.968200684
-0.655588269 0.028611029 0.754576504 222.684204102 0.038531017 0.999247670 -0.004411781 -11.302826881 -0.754135072 0.026182288 -0.656197548 211.647171021
-0.683243752 0.028230842 0.729644597 223.032409668 0.038983461 0.999237537 -0.002157374 -11.303913116 -0.729149163 0.026970055 -0.683823347 211.288848877
-0.710330606 0.026054492 0.703386009 223.379241943 0.037734561 0.999287188 0.001091986 -11.312770844 -0.702856183 0.027317632 -0.710807443 210.912277222
-0.736442566 0.023940500 0.676076472 223.715545654 0.035386045 0.999368727 0.003157038 -11.318133354 -0.675574124 0.026248647 -0.736824870 210.526596069
-0.761622190 0.023046186 0.647611797 224.039337158 0.033621572 0.999426723 0.003974529 -11.319972038 -0.647148967 0.024800811 -0.761960387 210.110015869
-0.785783768 0.022957698 0.618075132 224.358032227 0.033221725 0.999434948 0.005113243 -11.322761536 -0.617608488 0.024551425 -0.786102533 209.668823242
-0.808769464 0.023110848 0.587671876 224.647583008 0.032875024 0.999441803 0.005939303 -11.329581261 -0.587206602 0.024123251 -0.809077740 209.228302002
-0.830165386 0.024464786 0.556980491 224.941528320 0.033404693 0.999424577 0.005890168 -11.331399918 -0.556515872 0.023495572 -0.830504894 208.752197266
-0.849653363 0.026655005 0.526667833 225.229400635 0.034876730 0.999375463 0.005686257 -11.330025673 -0.526187360 0.023199799 -0.850052357 208.250152588
-0.867728710 0.025954796 0.496360481 225.511169434 0.033814032 0.999404669 0.006853999 -11.332075119 -0.495887071 0.022731358 -0.868089676 207.736663818
-0.884533763 0.027705694 0.465652615 225.762176514 0.035152134 0.999355197 0.007313225 -11.333807945 -0.465149730 0.022837479 -0.884937286 207.203369141
-0.900771260 0.025912657 0.433520526 226.008361816 0.032981489 0.999417305 0.008791309 -11.331745148 -0.433040112 0.022217108 -0.901100993 206.651580811
-0.916156054 0.022699941 0.400178969 226.250427246 0.029922538 0.999482453 0.011808507 -11.328419685 -0.399703801 0.022792801 -0.916361213 206.068054199
-0.930529952 0.022144884 0.365545720 226.467071533 0.030400027 0.999395907 0.016842296 -11.332435608 -0.364951909 0.026784861 -0.930641055 205.466583252
-0.943825603 0.024884125 0.329506159 226.655120850 0.034280475 0.999153614 0.022736209 -11.332723618 -0.328661501 0.032754637 -0.943879724 204.885253906
-0.955947876 0.024869079 0.292481095 226.824768066 0.034595780 0.999005437 0.028129745 -11.321563721 -0.291490644 0.037009183 -0.955857396 204.259704590
-0.966881752 0.021319916 0.254333198 226.982666016 0.030144693 0.999069333 0.030850377 -11.317632675 -0.253438771 0.037495460 -0.966624618 203.627655029
-0.976478338 0.020521527 0.214637369 227.129028320 0.027833106 0.999128759 0.031097917 -11.303560257 -0.213812187 0.036340464 -0.976198792 202.976104736
-0.984030485 0.026250770 0.176054761 227.227569580 0.032231551 0.998993397 0.031197554 -11.297636032 -0.175058588 0.036373854 -0.983886003 202.326934814
-0.990042806 0.032917555 0.136863694 227.291137695 0.037478130 0.998820245 0.030879132 -11.281576157 -0.135685757 0.035701059 -0.990108490 201.658920288
-0.994708300 0.035215866 0.096517935 227.337585449 0.038204785 0.998840392 0.029295886 -11.276567459 -0.095374331 0.032828301 -0.994900227 200.978820801
-0.997700691 0.036242578 0.057273686 227.358566284 0.037762795 0.998956501 0.025687128 -11.268409729 -0.056282952 0.027790874 -0.998028159 200.299774170
-0.999034643 0.037849378 0.022303270 227.358612061 0.038304981 0.999058485 0.020367144 -11.253714561 -0.021511387 0.021201806 -0.999543905 199.602783203
-0.999073267 0.041707188 -0.010638105 227.335464478 0.041523062 0.998993278 0.016978478 -11.242303848 0.011335520 0.016521016 -0.999799371 198.910461426
-0.998161197 0.044544566 -0.041117661 227.284759521 0.043868501 0.998889208 0.017200962 -11.230242729 0.041838199 0.015365557 -0.999006629 198.198562622
-0.996496081 0.046310015 -0.069649220 227.217041016 0.044952340 0.998769701 0.020936456 -11.230382919 0.070533097 0.017732199 -0.997351885 197.472839355
-0.994309187 0.046519730 -0.095841952 227.139984131 0.044437040 0.998729765 0.023752563 -11.224061966 0.096825175 0.019358452 -0.995113373 196.755950928
-0.991735220 0.046378300 -0.119628370 227.049346924 0.043550573 0.998709023 0.026146021 -11.216125488 0.120686539 0.020720039 -0.992474675 196.037155151
-0.988973260 0.046265852 -0.140684262 226.930541992 0.042816278 0.998705804 0.027450353 -11.201281548 0.141772196 0.021124080 -0.989674211 195.303649902
-0.986021161 0.045934904 -0.160163686 226.805862427 0.041611996 0.998676062 0.030242726 -11.191127777 0.161340833 0.023155235 -0.986627221 194.564910889
-0.982793450 0.044526365 -0.179260865 226.664688110 0.039188620 0.998679817 0.033210047 -11.172748566 0.180502936 0.025613630 -0.983240843 193.829803467
-0.978917241 0.043792810 -0.199508101 226.518569946 0.036799807 0.998575807 0.038627435 -11.158594131 0.200915575 0.030471196 -0.979134679 193.092041016
-0.974821091 0.042779282 -0.218847200 226.345458984 0.033875130 0.998444676 0.044280041 -11.136048317 0.220401093 0.035751637 -0.974753976 192.349487305
-0.970440865 0.040756274 -0.237872511 226.156494141 0.030062227 0.998374820 0.048414260 -11.112468719 0.239459112 0.039832205 -0.970088959 191.588897705
-0.965800881 0.037142225 -0.256611586 225.962341309 0.024753463 0.998374343 0.051341932 -11.089312553 0.258101374 0.043234047 -0.965150118 190.835113525
-0.961579442 0.034113113 -0.272399366 225.740875244 0.021217121 0.998516381 0.050148994 -11.058961868 0.273705959 0.042442709 -0.960876584 190.078796387
-0.957169175 0.034319006 -0.287487775 225.511566162 0.022720540 0.998791337 0.043584894 -11.033704758 0.288636088 0.035186242 -0.956792116 189.291625977
-0.953578949 0.030802928 -0.299564064 225.263305664 0.020852733 0.999121308 0.036356620 -11.005485535 0.300420731 0.028422175 -0.953383327 188.526184082
-0.949805140 0.027195182 -0.311658055 225.024719238 0.018311355 0.999339283 0.031396572 -10.982025146 0.312305957 0.024113743 -0.949675560 187.755218506
-0.946766973 0.030477099 -0.320473731 224.757934570 0.020898085 0.999227285 0.033288006 -10.959885597 0.321240604 0.024818698 -0.946672320 186.981262207
-0.944349766 0.034721550 -0.327105522 224.478210449 0.023901224 0.999027848 0.037042115 -10.948521614 0.328073680 0.027162489 -0.944261670 186.183319092
-0.941892743 0.041113988 -0.333389163 224.190887451 0.030085443 0.998817980 0.038178030 -10.925151825 0.334564745 0.025929438 -0.942016244 185.390411377
-0.940342903 0.043209180 -0.337473035 223.893478394 0.033045620 0.998812258 0.035806250 -10.902622223 0.338619351 0.022518149 -0.940653920 184.601654053
-0.939143062 0.042275645 -0.340915501 223.595382690 0.031802997 0.998836517 0.036252085 -10.888104439 0.342051446 0.023203755 -0.939394832 183.792266846
-0.937687874 0.043395646 -0.344758183 223.313919067 0.033540964 0.998841703 0.034500781 -10.876076698 0.345856011 0.020787446 -0.938057303 183.007659912
-0.936766863 0.045085441 -0.347037762 223.023483276 0.035307061 0.998782516 0.034451768 -10.858215332 0.348168522 0.020020388 -0.937218189 182.215759277
-0.936389089 0.046409544 -0.347881734 222.727447510 0.037078764 0.998752832 0.033435248 -10.839217186 0.348999590 0.018409377 -0.936941981 181.420227051
-0.936735272 0.047986325 -0.346734107 222.433349609 0.038308408 0.998662710 0.034716293 -10.822917938 0.347936332 0.019237140 -0.937320828 180.621734619
-0.937423110 0.051692441 -0.344334543 222.119247437 0.042278931 0.998499691 0.034796547 -10.813611031 0.345616639 0.018060986 -0.938202143 179.798706055
-0.938498020 0.055551469 -0.340787411 221.825805664 0.046127804 0.998297453 0.035699837 -10.802588463 0.342190355 0.017784446 -0.939462662 179.002441406
-0.940044045 0.057977710 -0.336089402 221.539505005 0.048628908 0.998161614 0.036174361 -10.781785965 0.337568849 0.017661827 -0.941135287 178.196289062
-0.942154884 0.059252996 -0.329899013 221.262924194 0.049820993 0.998073280 0.036980245 -10.762243271 0.331454575 0.018405221 -0.943291664 177.400024414
-0.944066763 0.060336906 -0.324187666 220.993698120 0.050620619 0.997982144 0.038329396 -10.749067307 0.325846195 0.019774925 -0.945216060 176.606262207
-0.946122408 0.060055729 -0.318191320 220.736053467 0.050583880 0.997998357 0.037955083 -10.730985641 0.319833845 0.019814802 -0.947266459 175.809478760
-0.948035359 0.059949428 -0.312466800 220.489212036 0.050485924 0.997990251 0.038296916 -10.717517853 0.314134687 0.020531647 -0.949156642 175.015197754
-0.950119972 0.060876861 -0.305885434 220.227722168 0.051673941 0.997936904 0.038101904 -10.700801849 0.307573885 0.020395074 -0.951305509 174.209594727
-0.952041030 0.062273975 -0.299566299 219.984344482 0.053306166 0.997853994 0.038023908 -10.689058304 0.301291317 0.020231586 -0.953317523 173.423248291
-0.953765154 0.061805550 -0.294130415 219.748138428 0.052696262 0.997856379 0.038803272 -10.676792145 0.295898169 0.021509625 -0.954977512 172.637054443
-0.955558062 0.060992744 -0.288425118 219.517013550 0.051741142 0.997875094 0.039599475 -10.656721115 0.290227532 0.022916147 -0.956683517 171.862823486
-0.957043767 0.060747039 -0.283508807 219.302032471 0.051158648 0.997844040 0.041109875 -10.646141052 0.285394877 0.024840020 -0.958088160 171.112304688
-0.958066821 0.060862988 -0.280006588 219.087127686 0.051113263 0.997809410 0.041998088 -10.628660202 0.281949341 0.025924923 -0.959078908 170.364929199
-0.958748460 0.060379613 -0.277769953 218.878906250 0.050483923 0.997813880 0.042647678 -10.616230011 0.279737741 0.026865471 -0.959700704 169.637542725
-0.959194183 0.058578651 -0.276614040 218.684631348 0.048895080 0.997929633 0.041782048 -10.599840164 0.278488874 0.026552025 -0.960072517 168.942199707
-0.959327579 0.057834573 -0.276307911 218.486694336 0.048305370 0.997983515 0.041176114 -10.585096359 0.278132141 0.026154222 -0.960186839 168.240478516
-0.959353685 0.056806758 -0.276431143 218.296630859 0.047474116 0.998057425 0.040342625 -10.571121216 0.278185904 0.025579508 -0.960186958 167.573486328
-0.959239960 0.056686960 -0.276850134 218.105926514 0.047377385 0.998067558 0.040206417 -10.561013222 0.278594315 0.025451154 -0.960071921 166.918731689
-0.958828688 0.056386277 -0.278330982 217.922668457 0.046846822 0.998068035 0.040812079 -10.546014786 0.280094475 0.026092870 -0.959617734 166.270812988
-0.958166003 0.055566087 -0.280768573 217.738296509 0.045905299 0.998109221 0.040874049 -10.533102036 0.282508910 0.026275346 -0.958905101 165.648956299
-0.957147956 0.055317216 -0.284267604 217.568695068 0.045530446 0.998124242 0.040926535 -10.521748543 0.285998315 0.026229914 -0.957871199 165.049407959
-0.955996752 0.055755511 -0.288030922 217.385681152 0.045943558 0.998113751 0.040719453 -10.510366440 0.289757967 0.025694495 -0.956755161 164.454437256
-0.954493165 0.054906391 -0.293135583 217.204833984 0.044836476 0.998153985 0.040967152 -10.499065399 0.294843793 0.025959693 -0.955192924 163.870422363
-0.952381730 0.053788643 -0.300127298 217.036758423 0.043618735 0.998227477 0.040488258 -10.488985062 0.301773131 0.025469095 -0.953039885 163.317016602
-0.949951649 0.052668490 -0.307925612 216.851531982 0.042309828 0.998294473 0.040225230 -10.487216949 0.309519053 0.025183737 -0.950559855 162.748046875
-0.946698189 0.052172922 -0.317869037 216.662963867 0.041524090 0.998328865 0.040189371 -10.475543976 0.319434643 0.024847977 -0.947282553 162.206695557
-0.942179203 0.051590197 -0.331114262 216.470611572 0.040398918 0.998358548 0.040597737 -10.463874817 0.332665205 0.024873689 -0.942716837 161.674102783
-0.936385870 0.051142849 -0.347226650 216.276535034 0.039316244 0.998384297 0.041025218 -10.452478409 0.348763794 0.024763780 -0.936883688 161.154388428
-0.929184079 0.051813100 -0.365968049 216.058090210 0.039265361 0.998360336 0.041652273 -10.439866066 0.367526114 0.024332758 -0.929694891 160.648376465
-0.920294285 0.053092051 -0.387608111 215.834487915 0.039864432 0.998318076 0.042093430 -10.428242683 0.389191002 0.023286557 -0.920862794 160.151458740
-0.909624457 0.052359305 -0.412119001 215.610549927 0.038539022 0.998383224 0.041780703 -10.413265228 0.413640320 0.022122083 -0.910171628 159.669067383
-0.896673441 0.050577361 -0.439794600 215.354064941 0.035958003 0.998490572 0.041515842 -10.404241562 0.441230536 0.021412006 -0.897138596 159.214843750
-0.879889846 0.048253119 -0.472721696 215.116744995 0.032591008 0.998616278 0.041271355 -10.399039268 0.474059045 0.020907765 -0.880244970 158.782989502
-0.860110760 0.045878313 -0.508040369 214.834487915 0.029969193 0.998771787 0.039455812 -10.384459496 0.509226561 0.018710805 -0.860429406 158.351776123
-0.837380886 0.045264613 -0.544742525 214.542404175 0.029278833 0.998849094 0.037990391 -10.376922607 0.545835197 0.015863001 -0.837742448 157.943206787
-0.811709642 0.045313068 -0.582300961 214.244750977 0.029944129 0.998903394 0.035990741 -10.367475510 0.583293259 0.011777533 -0.812176347 157.564971924
-0.783357501 0.044208691 -0.619997263 213.937316895 0.029124005 0.998982489 0.034434352 -10.362166405 0.620888710 0.008917606 -0.783848047 157.223907471
-0.752096772 0.045422044 -0.657485843 213.587066650 0.030202191 0.998949468 0.034463651 -10.343649864 0.658360541 0.006062484 -0.752678514 156.872467041
-0.717592239 0.044427477 -0.695045233 213.233581543 0.027564866 0.998993099 0.035396855 -10.331959724 0.695918024 0.006241675 -0.718094349 156.547119141
-0.679451466 0.044326603 -0.732380509 212.855346680 0.023791136 0.998979568 0.038390499 -10.322151184 0.733334899 0.008660312 -0.679812670 156.233856201
-0.639098406 0.043147646 -0.767913938 212.505325317 0.018627282 0.999000669 0.040629379 -10.318534851 0.768899560 0.011662018 -0.639263511 155.973327637
-0.597502708 0.042368427 -0.800747037 212.107940674 0.015628513 0.999028742 0.041198038 -10.307224274 0.801714778 0.012101449 -0.597584605 155.709411621
-0.554608703 0.043555681 -0.830970764 211.692840576 0.014964857 0.998989701 0.042374585 -10.295382500 0.831976950 0.011065948 -0.554700136 155.469558716
-0.510432005 0.044598579 -0.858761072 211.282989502 0.013390737 0.998945296 0.043919656 -10.285188675 0.859814107 0.010918544 -0.510490894 155.276977539
-0.464394927 0.044180349 -0.884525597 210.883209229 0.010930317 0.998964787 0.044157714 -10.269136429 0.885560870 0.010838469 -0.464397073 155.108398438
-0.417783499 0.043064762 -0.907525539 210.435699463 0.003637542 0.998947263 0.045728438 -10.253580093 0.908539474 0.015803419 -0.417500377 154.931900024
-0.370302081 0.044289891 -0.927855134 209.980682373 -0.001254924 0.998837948 0.048178997 -10.243709564 0.928910792 0.019005161 -0.369816184 154.779663086
-0.321775198 0.044582017 -0.945766091 209.498321533 -0.003331520 0.998831332 0.048216913 -10.227937698 0.946810365 0.018665839 -0.321250677 154.629516602
-0.274459839 0.044132397 -0.960585415 209.040008545 -0.004254832 0.998880744 0.047107510 -10.215030670 0.961589277 0.017016247 -0.273964882 154.541549683
-0.228978515 0.043927033 -0.972440004 208.547149658 -0.006677268 0.998886943 0.046693981 -10.197078705 0.973408759 0.017185152 -0.228430271 154.456283569
-0.186449885 0.045549538 -0.981408060 208.049743652 -0.010343509 0.998778284 0.048320815 -10.182401657 0.982410073 0.019160606 -0.185750961 154.391021729
-0.147314787 0.048657134 -0.987892091 207.541900635 -0.011887058 0.998630047 0.050958615 -10.163673401 0.989018202 0.019250084 -0.146534562 154.340469360
-0.113051057 0.052296627 -0.992212057 207.009201050 -0.010855874 0.998489261 0.053864386 -10.142183304 0.993530035 0.016860748 -0.112312555 154.317230225
-0.082179546 0.055511970 -0.995070457 206.467590332 -0.012044393 0.998319268 0.056687925 -10.120899200 0.996544838 0.016643601 -0.081372857 154.289505005
-0.053133965 0.056060255 -0.997012496 205.931457520 -0.014841073 0.998268306 0.056921795 -10.102486610 0.998477042 0.017821215 -0.052209973 154.255706787
-0.027997851 0.053048674 -0.998199403 205.374267578 -0.017957268 0.998403013 0.053563170 -10.079437256 0.999446690 0.019424589 -0.027000546 154.247070312
-0.006599784 0.049507417 -0.998751998 204.807525635 -0.020350823 0.998560190 0.049632385 -10.061429977 0.999771178 0.020652978 -0.005582690 154.247528076
0.012100339 0.046731316 -0.998834312 204.220413208 -0.023140734 0.998652875 0.046442494 -10.041464806 0.999659121 0.022551782 0.013165414 154.252822876
0.027147591 0.044655964 -0.998633623 203.609176636 -0.026760466 0.998676121 0.043930393 -10.010305405 0.999273300 0.025531290 0.028306723 154.273681641
0.040561080 0.045121666 -0.998157859 203.005584717 -0.028424112 0.998627603 0.043987863 -9.990407944 0.998772800 0.026587544 0.041787982 154.302459717
0.053802371 0.047998928 -0.997397363 202.387237549 -0.030006563 0.998470664 0.046431944 -9.976636887 0.998100698 0.027430316 0.055160403 154.326797485
0.065390468 0.049120989 -0.996650040 201.869491577 -0.029147672 0.998455465 0.047297589 -9.951322556 0.997434020 0.025957212 0.066721261 154.401901245
0.076404095 0.049170174 -0.995863855 201.052246094 -0.031548534 0.998402417 0.046875071 -9.929175377 0.996577740 0.027836595 0.077833295 154.462051392
0.087235391 0.048863586 -0.994988739 200.374832153 -0.031796001 0.998423994 0.046244588 -9.903027534 0.995680273 0.027602490 0.088651538 154.513046265
0.095253885 0.047771193 -0.994306147 199.710525513 -0.030280482 0.998524666 0.045073021 -9.877399445 0.994992375 0.025814684 0.096559942 154.583190918
0.100093186 0.047012247 -0.993866861 199.011199951 -0.028981725 0.998597026 0.044317219 -9.849589348 0.994555950 0.024368117 0.101315260 154.655685425
0.102833807 0.046749707 -0.993599355 198.296997070 -0.029173093 0.998606980 0.043966014 -9.827844620 0.994270682 0.024465175 0.104054391 154.725341797
0.103350580 0.046238355 -0.993569851 197.576782227 -0.030284110 0.998602033 0.043322410 -9.805229187 0.994184017 0.025611971 0.104606390 154.797225952
0.102025688 0.046416674 -0.993698299 196.836303711 -0.031134615 0.998570442 0.043447584 -9.781446457 0.994294465 0.026505642 0.103325009 154.871917725
0.101714194 0.047224302 -0.993692160 196.082107544 -0.033207018 0.998477161 0.044052638 -9.757860184 0.994259298 0.028516775 0.103127480 154.942993164
0.101535201 0.047262385 -0.993708670 195.300048828 -0.035355318 0.998411298 0.043873511 -9.729124069 0.994203568 0.030678177 0.103044868 155.017501831
0.101958156 0.047474999 -0.993655205 194.518447876 -0.037210152 0.998343587 0.043880899 -9.704988480 0.994092524 0.032500047 0.103555799 155.088378906
0.103144050 0.046853777 -0.993562341 193.724456787 -0.037971701 0.998347282 0.043137494 -9.679531097 0.993941426 0.033277873 0.104752660 155.169967651
0.104544699 0.047225393 -0.993398428 192.919692993 -0.039051112 0.998296499 0.043348528 -9.656733513 0.993753314 0.034261443 0.106210768 155.249420166
0.106331229 0.047087889 -0.993215322 192.101989746 -0.039861161 0.998276949 0.043060422 -9.621503830 0.993531585 0.035012037 0.108024955 155.330780029
0.107532203 0.047674831 -0.993057907 191.270248413 -0.040982109 0.998213172 0.043484624 -9.597266197 0.993356586 0.036021609 0.109293878 155.423583984
0.108915508 0.048235685 -0.992880106 190.421340942 -0.041209456 0.998182416 0.043972746 -9.568307877 0.993196547 0.036126725 0.110705316 155.517349243
0.110834539 0.048696700 -0.992645204 189.556167603 -0.041937128 0.998138368 0.044283662 -9.539416313 0.992953777 0.036720518 0.112670422 155.608322144
0.112896323 0.049403537 -0.992377758 188.688400269 -0.043222785 0.998061895 0.044769336 -9.514291763 0.992666185 0.037839044 0.114812851 155.702011108
0.115647793 0.049733885 -0.992044508 187.812500000 -0.043672018 0.998034477 0.044943105 -9.487727165 0.992329836 0.038127009 0.117592454 155.800735474
0.118468523 0.049613032 -0.991717696 186.919586182 -0.043885998 0.998036623 0.044686627 -9.455311775 0.991987646 0.038228553 0.120413244 155.906448364
0.122035146 0.049721077 -0.991279721 186.027038574 -0.044783060 0.998003125 0.044545129 -9.425339699 0.991515100 0.038956456 0.124018073 156.012481689
0.125325680 0.049653254 -0.990872502 185.104782104 -0.044703271 0.998015046 0.044357099 -9.392705917 0.991108179 0.038736142 0.127296567 156.128082275
0.128239453 0.049289953 -0.990517676 184.175735474 -0.043074444 0.998098493 0.044090465 -9.365741730 0.990807414 0.037011854 0.130118787 156.248718262
0.129371345 0.049102142 -0.990379810 183.250000000 -0.041876767 0.998152733 0.044017237 -9.332163811 0.990711629 0.035779331 0.131188571 156.369277954
0.129983842 0.049549714 -0.990277231 182.317611694 -0.041566115 0.998144865 0.044487409 -9.303120613 0.990644455 0.035379335 0.131802261 156.483581543
0.129099488 0.049427908 -0.990399003 181.381958008 -0.040770944 0.998176992 0.044501550 -9.277914047 0.990793169 0.034634374 0.130879343 156.610885620
0.128849566 0.049303867 -0.990437806 180.445861816 -0.041223180 0.998166263 0.044325721 -9.243247986 0.990806997 0.035117637 0.130645752 156.722686768
0.128411114 0.049568448 -0.990481555 179.496826172 -0.041928474 0.998128414 0.044515315 -9.218098640 0.990834355 0.035813112 0.130249143 156.837432861
0.127657890 0.050335944 -0.990540266 178.548736572 -0.042496376 0.998071730 0.045241866 -9.196361542 0.990907550 0.036318880 0.129550815 156.954193115
0.126879811 0.051176477 -0.990597069 177.577499390 -0.043741427 0.997985363 0.045955587 -9.166826248 0.990953207 0.037499290 0.128862739 157.078277588
0.125977993 0.051522925 -0.990694225 176.626022339 -0.044075325 0.997954965 0.046295855 -9.141350746 0.991053522 0.037832905 0.127991259 157.198242188
0.125174344 0.052278012 -0.990756512 175.669113159 -0.046088062 0.997839153 0.046828866 -9.111926079 0.991063714 0.039800271 0.127313256 157.314605713
0.125231862 0.051937152 -0.990767121 174.717178345 -0.046985615 0.997818828 0.046367880 -9.082565308 0.991014302 0.040745068 0.127398968 157.425445557
0.124814808 0.049788918 -0.990930140 173.760543823 -0.045269918 0.997985780 0.044441350 -9.057241440 0.991146863 0.039312378 0.126817346 157.548950195
0.124751925 0.049021367 -0.990976274 172.816528320 -0.047386914 0.997933328 0.043400079 -9.028702736 0.991055787 0.041545063 0.126817048 157.661697388
0.125378311 0.051437113 -0.990774870 171.858169556 -0.049395788 0.997740149 0.045547899 -8.996959686 0.990878701 0.043229368 0.127635777 157.782226562
0.125915825 0.055860542 -0.990466952 170.907211304 -0.048505489 0.997565925 0.050094519 -8.975147247 0.990854383 0.041735392 0.128318906 157.897155762
0.126542389 0.057173394 -0.990312278 169.961181641 -0.048012275 0.997520566 0.051454525 -8.943839073 0.990798652 0.041035961 0.128973663 158.018173218
0.127211571 0.056597531 -0.990259588 169.022232056 -0.048149608 0.997546017 0.050828546 -8.913107872 0.990706265 0.041214623 0.129624546 158.136734009
0.127744138 0.055742417 -0.990239561 168.085662842 -0.048344672 0.997582495 0.049919143 -8.880828857 0.990628242 0.041495919 0.130130172 158.250915527
0.128446102 0.055737380 -0.990149140 167.160766602 -0.047955200 0.997600496 0.049935892 -8.855970383 0.990556538 0.041068710 0.130810797 158.359588623
0.128719509 0.055763684 -0.990112007 166.219177246 -0.048099991 0.997593701 0.049931824 -8.821671486 0.990513921 0.041197173 0.131091952 158.483459473
0.129200459 0.056661341 -0.989998341 165.288055420 -0.048826791 0.997518659 0.050719582 -8.799266815 0.990415633 0.041785449 0.131646514 158.596633911
0.129584253 0.056182671 -0.989975512 164.356735229 -0.048961982 0.997538149 0.050202917 -8.769809723 0.990358889 0.041965652 0.132016063 158.716827393
0.129741967 0.055210385 -0.990009546 163.430419922 -0.049060054 0.997583151 0.049203366 -8.738633156 0.990333378 0.042186178 0.132137001 158.834655762
0.129934967 0.054369066 -0.990030766 162.502792358 -0.049285121 0.997615397 0.048317239 -8.712491035 0.990296900 0.042515688 0.132304728 158.951766968
0.129470110 0.053499475 -0.990139186 161.575180054 -0.049066491 0.997665882 0.047490250 -8.683689117 0.990368724 0.042434070 0.131792963 159.066833496
0.129203022 0.053222679 -0.990188897 160.652664185 -0.049574994 0.997656584 0.047155365 -8.654904366 0.990378201 0.042995989 0.131538749 159.181533813
0.128916860 0.053530619 -0.990209639 159.722137451 -0.049780931 0.997632325 0.047450837 -8.628182411 0.990405202 0.043176334 0.131276429 159.300689697
0.129114926 0.053309288 -0.990195632 158.796936035 -0.049256712 0.997666061 0.047288723 -8.599280357 0.990405500 0.042668097 0.131439447 159.416900635
0.128993571 0.054320291 -0.990156591 157.872039795 -0.049516801 0.997605801 0.048278108 -8.568960190 0.990408421 0.042801812 0.131374538 159.537841797
0.129192591 0.054549772 -0.990118027 156.934707642 -0.049288146 0.997604847 0.048531037 -8.538594246 0.990393877 0.042531226 0.131571770 159.651794434
0.129647195 0.054519322 -0.990060270 156.000381470 -0.049680918 0.997590363 0.048428323 -8.516089439 0.990314841 0.042908501 0.132043362 159.765411377
0.131510019 0.053149376 -0.989889145 155.067108154 -0.049341604 0.997674942 0.047012221 -8.484765053 0.990086257 0.042660128 0.133826733 159.887176514
0.133864880 0.051791824 -0.989645422 154.137481689 -0.050152343 0.997707784 0.045429878 -8.457715034 0.989729822 0.043551557 0.136155546 160.005661011
0.136143029 0.050700765 -0.989391029 153.192184448 -0.050166342 0.997761190 0.044226654 -8.425098419 0.989418268 0.043612972 0.138381720 160.138610840
0.137922704 0.050918821 -0.989133239 152.257537842 -0.049356472 0.997790217 0.044482298 -8.398805618 0.989212453 0.042685010 0.140131116 160.270034790
0.140037477 0.051639184 -0.988798678 151.315383911 -0.048081633 0.997815609 0.045300577 -8.372642517 0.988978088 0.041199278 0.142214477 160.401290894
0.141978502 0.051786792 -0.988514245 150.382446289 -0.047999613 0.997815967 0.045380000 -8.352588654 0.988705337 0.041005310 0.144154191 160.529235840
0.143537402 0.051902160 -0.988282979 149.421798706 -0.047294483 0.997842550 0.045535196 -8.320940018 0.988514185 0.040204328 0.145682454 160.672760010
0.144158363 0.052080113 -0.988183320 148.475036621 -0.044093188 0.997960329 0.046162982 -8.293495178 0.988571882 0.036917362 0.146160722 160.817108154
0.144808829 0.054036234 -0.987983108 147.529312134 -0.039385930 0.998031080 0.048812989 -8.259088516 0.988675535 0.031844076 0.146651983 160.962615967
0.144544244 0.054450378 -0.987999141 146.574462891 -0.041447915 0.997941613 0.048934504 -8.231193542 0.988629937 0.033877298 0.146503568 161.089248657
0.144408762 0.051890828 -0.988156557 145.634948730 -0.040671740 0.998091400 0.046468787 -8.203178406 0.988681912 0.033479549 0.146243632 161.224243164
0.143307924 0.047288679 -0.988547742 144.683135986 -0.040137708 0.998313725 0.041937158 -8.164143562 0.988863945 0.033668108 0.144964337 161.358718872
0.142567635 0.045984734 -0.988716304 143.725769043 -0.040462863 0.998355925 0.040598534 -8.139810562 0.988957703 0.034218252 0.144193947 161.490386963
0.140119195 0.046472199 -0.989043474 142.756912231 -0.041776735 0.998285890 0.040987901 -8.119083405 0.989252925 0.035575815 0.141820431 161.616882324
0.136926115 0.047094714 -0.989461124 141.778427124 -0.041374087 0.998269439 0.041788425 -8.092151642 0.989716828 0.035216127 0.138637662 161.756286621
0.132410049 0.047246978 -0.990068316 140.798660278 -0.039929260 0.998306751 0.042300049 -8.061055183 0.990390420 0.033931743 0.134072423 161.883621216
0.127626002 0.046763830 -0.990719438 139.814605713 -0.037738338 0.998393476 0.042264551 -8.030169487 0.991104245 0.031994037 0.129185796 162.003067017
0.121773958 0.047284357 -0.991431057 138.817535400 -0.038474761 0.998338759 0.042888090 -8.009920120 0.991811991 0.032922409 0.123390913 162.128097534
0.116984546 0.047446966 -0.991999686 137.808029175 -0.039133310 0.998302579 0.043133520 -7.980300903 0.992362440 0.033774279 0.118642747 162.235244751
0.111910760 0.049049020 -0.992507100 136.800201416 -0.040677886 0.998170018 0.044742215 -7.947432518 0.992885411 0.035365950 0.113701165 162.341033936
0.107414603 0.050228745 -0.992944777 135.779800415 -0.041624568 0.998074532 0.045985382 -7.918108940 0.993342698 0.036391389 0.109298527 162.443176270
0.103479326 0.049506228 -0.993398905 134.760086060 -0.042962335 0.998050869 0.045262810 -7.884988785 0.993703425 0.037994962 0.105404496 162.539520264
0.100932717 0.045911167 -0.993833363 133.731597900 -0.042639554 0.998216450 0.041783217 -7.856199265 0.993979096 0.038159322 0.102710307 162.630661011
0.098939955 0.042382028 -0.994190514 132.712554932 -0.043679330 0.998314619 0.038210955 -7.828009605 0.994134367 0.039644983 0.100624382 162.724822998
0.097663939 0.041100908 -0.994370401 131.679244995 -0.042621981 0.998402894 0.037081387 -7.804721355 0.994306386 0.038760524 0.099259734 162.819702148
0.096355855 0.040721703 -0.994513631 130.639038086 -0.039705820 0.998524666 0.037038948 -7.778252125 0.994554698 0.035919059 0.097830594 162.919769287
0.096098959 0.042269837 -0.994473934 129.587493896 -0.037203558 0.998552322 0.038848098 -7.754870892 0.994676352 0.033264700 0.097532451 163.017318726
0.095878661 0.045348998 -0.994359493 128.531219482 -0.035991617 0.998466372 0.042065892 -7.724983215 0.994742155 0.031755384 0.097363770 163.117294312
0.095176339 0.048223238 -0.994291782 127.460144043 -0.035136767 0.998366296 0.045057464 -7.694116116 0.994840205 0.030647786 0.096715271 163.217651367
0.094648778 0.050107028 -0.994248986 126.393051147 -0.035795048 0.998257935 0.046901513 -7.659255981 0.994867086 0.031150015 0.096277475 163.315063477
0.094268799 0.050934799 -0.994243145 125.316345215 -0.037437037 0.998165309 0.047586154 -7.630437851 0.994842827 0.032735612 0.096002698 163.406188965
0.093867362 0.051615763 -0.994245887 124.239196777 -0.037734218 0.998122036 0.048254482 -7.590758324 0.994869411 0.032987565 0.095638752 163.504943848
0.093263388 0.052149255 -0.994274974 123.171539307 -0.039413255 0.998037994 0.048649646 -7.561514854 0.994861245 0.034650370 0.095135748 163.595458984
0.093310654 0.051319435 -0.994313598 122.097183228 -0.039942849 0.998059690 0.047764376 -7.527475834 0.994835556 0.035258792 0.095179439 163.696685791
0.093584895 0.050264657 -0.994341850 121.024597168 -0.041544899 0.998052001 0.046542112 -7.498401642 0.994744301 0.036954176 0.095490813 163.788391113
0.094085574 0.049596887 -0.994328082 119.950317383 -0.042271134 0.998056650 0.045783080 -7.468575001 0.994666398 0.037723839 0.095999241 163.886413574
0.094537973 0.049118273 -0.994308829 118.858520508 -0.042163912 0.998083413 0.045295827 -7.438130379 0.994628012 0.037641771 0.096427798 163.995147705
0.095130265 0.049369443 -0.994239986 117.794586182 -0.042239685 0.998070121 0.045518082 -7.407153130 0.994568408 0.037666228 0.097032011 164.084899902
0.095850229 0.049270358 -0.994175613 116.716690063 -0.042069208 0.998082280 0.045408003 -7.379349709 0.994506359 0.037471816 0.097739160 164.182556152
0.095451117 0.048987146 -0.994228125 115.638305664 -0.041768651 0.998105824 0.045168195 -7.350339890 0.994557559 0.037216205 0.097316444 164.288650513
0.096245170 0.048693199 -0.994166017 114.565155029 -0.041535825 0.998129129 0.044866230 -7.320367813 0.994490743 0.036975335 0.098087609 164.384887695
0.096478581 0.049047679 -0.994126022 113.500305176 -0.042157449 0.998090208 0.045151941 -7.296853065 0.994442046 0.037553608 0.098362029 164.483398438
0.096431613 0.050425839 -0.994061470 112.420059204 -0.041720815 0.998042881 0.046580564 -7.264431477 0.994464874 0.036981214 0.098346651 164.586364746
0.096487701 0.050543707 -0.994050145 111.344192505 -0.042299211 0.998015821 0.046639562 -7.232730865 0.994435072 0.037547380 0.098434210 164.686859131
0.096436918 0.049460832 -0.994109511 110.274810791 -0.042609971 0.998054087 0.045523569 -7.203527451 0.994426727 0.037968822 0.098356783 164.779861450
0.095862389 0.049150229 -0.994180560 109.202011108 -0.042366449 0.998076558 0.045257721 -7.173742294 0.994492710 0.037781376 0.097760320 164.884674072
0.094985485 0.051434774 -0.994148970 108.134613037 -0.043125812 0.997939348 0.047510445 -7.149238586 0.994544029 0.038360685 0.097007871 164.982086182
0.094345987 0.053254500 -0.994114220 107.062484741 -0.042973503 0.997855306 0.049376532 -7.110230923 0.994611681 0.038062081 0.096432149 165.082550049
0.093841553 0.053661205 -0.994139910 105.989593506 -0.044257827 0.997784078 0.049680203 -7.075543880 0.994602919 0.039336406 0.096008539 165.175872803
0.093762159 0.052910943 -0.994187653 104.925369263 -0.044344027 0.997817755 0.048922036 -7.043037891 0.994606614 0.039499249 0.095903873 165.271636963
0.093619466 0.052709263 -0.994211912 103.858657837 -0.044983391 0.997801781 0.048663743 -7.010847092 0.994591415 0.040167138 0.095784724 165.366088867
0.094995499 0.054722581 -0.993972540 102.788711548 -0.048631668 0.997550845 0.050271783 -6.979769230 0.994289160 0.043562945 0.097424090 165.455551147
0.096653640 0.053945497 -0.993855178 101.711395264 -0.052558623 0.997413635 0.049027253 -6.947794914 0.993929505 0.047496993 0.099238932 165.555145264
0.099229872 0.050424919 -0.993786097 100.658004761 -0.055158470 0.997458398 0.045103662 -6.915286064 0.993534625 0.050340086 0.101759017 165.649887085
0.102942884 0.045991022 -0.993623495 99.587646484 -0.058939021 0.997457385 0.040062189 -6.884430885 0.992939591 0.054439075 0.105391800 165.748657227
0.106230855 0.044863153 -0.993328989 98.512619019 -0.060774490 0.997406900 0.038547840 -6.853841305 0.992482603 0.056274083 0.108681977 165.853973389
0.109912038 0.047537897 -0.992803872 97.427734375 -0.060423233 0.997327745 0.041065134 -6.833169460 0.992103040 0.055474862 0.112490714 165.965194702
0.113067567 0.049994823 -0.992328703 96.357635498 -0.058253359 0.997348845 0.043610256 -6.798838615 0.991878152 0.052875575 0.115680218 166.092834473
0.116396964 0.051884778 -0.991846681 95.288467407 -0.056636121 0.997356355 0.045526531 -6.770146370 0.991586685 0.050875191 0.119027853 166.213928223
0.119910598 0.053925101 -0.991319239 94.217330933 -0.055467092 0.997327983 0.047542624 -6.739572525 0.991234183 0.049284711 0.122581303 166.341979980
0.123390675 0.054739438 -0.990847468 93.138931274 -0.054459814 0.997346282 0.048316564 -6.709072590 0.990862906 0.047999535 0.126044333 166.467987061
0.126097679 0.055279046 -0.990476549 92.052658081 -0.055618141 0.997269690 0.048577424 -6.676830292 0.990457535 0.048962954 0.128827870 166.607757568
0.128622591 0.054425538 -0.990199029 90.973358154 -0.054350141 0.997379065 0.047760334 -6.646572590 0.990203202 0.047674399 0.131243527 166.742889404
0.130528212 0.051091023 -0.990127444 89.899749756 -0.054035399 0.997553587 0.044350743 -6.610531330 0.989971161 0.047712892 0.132969618 166.883895874
0.132502854 0.047543816 -0.990041733 88.825439453 -0.052840687 0.997767389 0.040842850 -6.583079338 0.989773154 0.046902690 0.134719253 167.026229858
0.133454323 0.045815390 -0.989995480 87.735778809 -0.051502213 0.997901738 0.039238632 -6.553187847 0.989715874 0.045750387 0.135533869 167.177444458
0.133624971 0.046770729 -0.989927649 86.648315430 -0.049991414 0.997932196 0.040400844 -6.529329300 0.989770234 0.044089328 0.135686815 167.316528320
0.133388042 0.048044533 -0.989898622 85.561340332 -0.045376152 0.998072863 0.042326871 -6.502395630 0.990024507 0.039271895 0.135311007 167.464630127
0.133098543 0.048283380 -0.989926040 84.464035034 -0.042048492 0.998188436 0.043032829 -6.476253510 0.990210474 0.035897288 0.134887695 167.610931396
0.132493317 0.047506873 -0.990044832 83.358108521 -0.040368460 0.998280585 0.042499732 -6.446097374 0.990361571 0.034335647 0.134183288 167.761871338
0.131160498 0.048531659 -0.990172625 82.249237061 -0.037971191 0.998314023 0.043900948 -6.414360046 0.990633786 0.031839956 0.132782221 167.903762817
0.129465103 0.052865740 -0.990173817 81.147125244 -0.035928804 0.998172164 0.048595089 -6.377463341 0.990932941 0.029284384 0.131127834 168.044860840
0.127053976 0.057179067 -0.990246415 80.034133911 -0.035096750 0.997971058 0.053122006 -6.340341091 0.991274714 0.028005064 0.128803015 168.186080933
0.124013245 0.055168293 -0.990745902 78.911987305 -0.033145733 0.998126388 0.051430363 -6.304814816 0.991726935 0.026460942 0.125609457 168.325042725
0.120664060 0.047096897 -0.991575658 77.808258057 -0.031959090 0.998540461 0.043538630 -6.267388344 0.992178917 0.026436299 0.121993124 168.452590942
0.117473125 0.041294202 -0.992217183 76.695510864 -0.030672101 0.998809278 0.037937146 -6.235836506 0.992602348 0.025976790 0.118599832 168.581298828
0.113883853 0.043036219 -0.992561638 75.566024780 -0.030596344 0.998739362 0.039793540 -6.212288380 0.993022919 0.025836909 0.115057051 168.711364746
0.110845387 0.046963155 -0.992727518 74.422439575 -0.029464522 0.998599112 0.043950994 -6.176177025 0.993400872 0.024378469 0.112073839 168.831253052
0.107643723 0.048657574 -0.992998064 73.282821655 -0.030333875 0.998497367 0.045638762 -6.143273354 0.993726611 0.025208754 0.108957946 168.949386597
0.105057359 0.048766255 -0.993269742 72.139450073 -0.031751812 0.998452187 0.045662332 -6.103170395 0.993959129 0.026740950 0.106443167 169.062179565
0.102957845 0.049997497 -0.993428409 70.997055054 -0.033088118 0.998355329 0.046816245 -6.065809727 0.994135261 0.028050572 0.104442835 169.166961670
0.100631297 0.051181480 -0.993606508 69.846725464 -0.032051641 0.998324394 0.048178349 -6.025693893 0.994407415 0.026998466 0.102103114 169.281707764
0.098914683 0.051315531 -0.993771970 68.693817139 -0.031081172 0.998341501 0.048457839 -5.987553596 0.994610488 0.026094399 0.100345612 169.383483887
0.097224474 0.050318409 -0.993989646 67.534164429 -0.030116381 0.998412549 0.047596555 -5.958528996 0.994806707 0.025307825 0.098585546 169.491348267
0.095212698 0.049077563 -0.994246483 66.384872437 -0.028837236 0.998500764 0.046526000 -5.915229321 0.995039225 0.024241449 0.096485198 169.596359253
0.092983007 0.048426118 -0.994489551 65.211242676 -0.029653365 0.998508155 0.045849271 -5.884283543 0.995226204 0.025226744 0.094280303 169.703338623
0.090552449 0.047993351 -0.994734585 64.038528442 -0.029827071 0.998520732 0.045460813 -5.846741199 0.995444953 0.025553429 0.091850042 169.811798096
0.088163733 0.050146125 -0.994843006 62.857711792 -0.030284639 0.998405278 0.047641840 -5.809540272 0.995645583 0.025928175 0.089541793 169.911544800
0.085583687 0.053079929 -0.994916081 61.682083130 -0.030218765 0.998258710 0.050658815 -5.767667770 0.995872617 0.025729565 0.087038696 170.004333496
0.082471788 0.053508341 -0.995155990 60.509048462 -0.031308543 0.998203814 0.051077586 -5.730495453 0.996101618 0.026944419 0.083998919 170.100677490
0.079848707 0.052802365 -0.995407581 59.327758789 -0.031925403 0.998219192 0.050390545 -5.686566353 0.996295691 0.027755160 0.081392288 170.186431885
0.078081787 0.052557908 -0.995560765 58.159912109 -0.032334622 0.998217523 0.050162166 -5.650920868 0.996422589 0.028274318 0.079642057 170.268295288
0.076587975 0.052336339 -0.995688379 56.987380981 -0.032459650 0.998222947 0.049972780 -5.615398884 0.996534407 0.028492376 0.078150690 170.356109619
0.074798465 0.052314952 -0.995825589 55.815322876 -0.032873113 0.998209536 0.049971025 -5.578858852 0.996656835 0.028998116 0.076384306 170.437561035
0.073263586 0.053589761 -0.995871902 54.659164429 -0.033734072 0.998117030 0.051228855 -5.545609951 0.996742070 0.029841596 0.074933410 170.520385742
0.072014153 0.053627241 -0.995961010 53.491912842 -0.033355273 0.998124480 0.051331941 -5.511744976 0.996845841 0.029523913 0.073667824 170.596679688
0.071011901 0.053273708 -0.996051848 52.329284668 -0.031895749 0.998183370 0.051113758 -5.476612091 0.996965408 0.028140131 0.072582126 170.678405762
0.069997489 0.052358359 -0.996172190 51.164825439 -0.033169396 0.998191535 0.050133802 -5.437613010 0.996995568 0.029533187 0.071607590 170.752441406
0.069044888 0.051594391 -0.996278644 49.994400024 -0.031889237 0.998265564 0.049487274 -5.403355122 0.997103870 0.028353708 0.070570469 170.825103760
0.067559779 0.049325384 -0.996495306 48.846847534 -0.032722604 0.998349369 0.047198657 -5.365709782 0.997178614 0.029419182 0.069062293 170.901123047
0.067566454 0.044725716 -0.996711910 47.710769653 -0.030942539 0.998608112 0.042713232 -5.337578773 0.997234941 0.027954809 0.068856299 170.966186523
0.065986454 0.041938517 -0.996938884 46.571548462 -0.030377205 0.998737693 0.040003549 -5.318392754 0.997358084 0.027644519 0.067177117 171.035079956
0.064769804 0.041884497 -0.997020960 45.423767090 -0.028976547 0.998776376 0.040075831 -5.286831379 0.997479558 0.026294515 0.065904260 171.118240356
0.062792122 0.045481559 -0.996989846 44.276840210 -0.026065830 0.998695076 0.043917682 -5.259229660 0.997686267 0.023229679 0.063895702 171.193298340
0.061726689 0.048490208 -0.996914625 43.141220093 -0.025334347 0.998573482 0.047002256 -5.227994442 0.997771621 0.022354880 0.062867105 171.257369995
0.060081124 0.049944893 -0.996943235 42.030960083 -0.024750831 0.998514891 0.048532013 -5.205453873 0.997886598 0.021759313 0.061228096 171.325988770
0.059020817 0.049961761 -0.997005701 40.920837402 -0.025750615 0.998490632 0.048511785 -5.172911167 0.997924566 0.022810306 0.060218275 171.378143311
0.057972848 0.051349368 -0.996996701 39.812210083 -0.027957901 0.998368084 0.049794320 -5.136928082 0.997926652 0.024987211 0.059313893 171.426818848
0.056476355 0.054338574 -0.996924222 38.708602905 -0.030718079 0.998139679 0.052664630 -5.104063988 0.997931361 0.027649283 0.058040440 171.484405518
0.055483997 0.055700950 -0.996904612 37.616668701 -0.032572795 0.998012245 0.053949952 -5.069335461 0.997928083 0.029478615 0.057188034 171.531646729
0.054463089 0.055258293 -0.996985734 36.546829224 -0.033923846 0.997993529 0.053460971 -5.038349152 0.997939467 0.030909926 0.056228399 171.577682495
0.053396761 0.054868493 -0.997064829 35.476852417 -0.034704193 0.997988045 0.053060755 -5.003437042 0.997970164 0.031769060 0.055193484 171.628051758
0.052235603 0.055550087 -0.997088671 34.434814453 -0.036670409 0.997884989 0.053673360 -4.966962337 0.997961342 0.033759985 0.054162145 171.665710449
0.049993098 0.056187566 -0.997167826 33.394927979 -0.037130069 0.997830629 0.054363392 -4.934712410 0.998059154 0.034307107 0.051970899 171.717849731
0.047867775 0.057758778 -0.997182429 32.376815796 -0.037730951 0.997718811 0.055978648 -4.903398991 0.998140872 0.034945056 0.049937844 171.767211914
0.046247840 0.057500616 -0.997273803 31.383865356 -0.038692478 0.997695863 0.055730615 -4.867199898 0.998180509 0.036009561 0.048366129 171.804809570
0.044447362 0.057677384 -0.997345328 30.410812378 -0.039065611 0.997668743 0.055955105 -4.841290951 0.998247564 0.036474854 0.046596944 171.839569092
0.042305827 0.057268664 -0.997462094 29.437606812 -0.039640937 0.997665942 0.055599060 -4.808722973 0.998318017 0.037188161 0.044477284 171.881164551
0.040722966 0.056558423 -0.997568369 28.482421875 -0.039981071 0.997689247 0.054933161 -4.775431633 0.998370230 0.037646815 0.042890131 171.911895752
0.038709104 0.056314837 -0.997662425 27.551696777 -0.040093672 0.997694194 0.054761007 -4.744218349 0.998445868 0.037880197 0.040877700 171.946075439
0.037391424 0.055510439 -0.997757733 26.628265381 -0.040400479 0.997723579 0.053994514 -4.711492062 0.998483717 0.038290963 0.039548934 171.974349976
0.036353230 0.056519128 -0.997739553 25.724761963 -0.041998509 0.997603714 0.054981198 -4.683032036 0.998456180 0.039904822 0.038639843 172.001922607
0.036172569 0.056878481 -0.997725666 24.836349487 -0.043207616 0.997534394 0.055301089 -4.654967785 0.998411119 0.041108962 0.038540959 172.029769897
0.037164688 0.056463297 -0.997712791 23.976318359 -0.045678489 0.997454882 0.054747183 -4.627516270 0.998264670 0.043539342 0.039649248 172.054550171
0.040055811 0.056028228 -0.997625411 23.111679077 -0.047504161 0.997404456 0.054108474 -4.604950428 0.998067617 0.045224000 0.042613447 172.082260132
0.044227064 0.055244569 -0.997492909 22.270965576 -0.049829092 0.997349083 0.053027268 -4.582336426 0.997778118 0.047358919 0.046862602 172.110641479
0.049847364 0.054719713 -0.997256875 21.443893433 -0.050525714 0.997357666 0.052199744 -4.557449341 0.997478127 0.047785081 0.052480400 172.154708862
0.056474864 0.053831201 -0.996951759 20.645217896 -0.052348778 0.997331560 0.050886273 -4.525321960 0.997030675 0.049315408 0.059142172 172.196777344
0.065241337 0.053613994 -0.996428251 19.853088379 -0.052914791 0.997336507 0.050198264 -4.502884865 0.996465623 0.049450785 0.067904532 172.250854492
0.075850129 0.053105902 -0.995704114 19.058670044 -0.052964669 0.997385561 0.049160875 -4.479261875 0.995711625 0.049008273 0.078464568 172.310211182
0.086990833 0.052780382 -0.994809985 18.276367188 -0.052392188 0.997455955 0.048339352 -4.457339764 0.994830489 0.047915190 0.089534760 172.382949829
0.098628998 0.051516533 -0.993789971 17.516860962 -0.050471246 0.997632742 0.046706703 -4.438423634 0.993843615 0.045551177 0.100995600 172.465881348
0.109759212 0.051998172 -0.992597163 16.744247437 -0.048053697 0.997740507 0.046953939 -4.420416355 0.992795944 0.042544335 0.112009943 172.554000854
0.121028602 0.052652363 -0.991251767 16.000152588 -0.045795009 0.997825205 0.047410101 -4.399774551 0.991592228 0.039656393 0.123176575 172.650131226
0.132056534 0.054064520 -0.989766777 15.265426636 -0.043158941 0.997878134 0.048749242 -4.386395454 0.990302265 0.036279622 0.134109676 172.753356934
0.142463088 0.054674525 -0.988288939 14.527343750 -0.041726924 0.997917354 0.049192201 -4.365570068 0.988920212 0.034230184 0.144447803 172.859893799
0.152197063 0.053827617 -0.986883283 13.819686890 -0.038102843 0.998093069 0.048562817 -4.343029976 0.987615407 0.030211942 0.153957844 172.978027344
0.160579324 0.053076562 -0.985594928 13.123611450 -0.035549920 0.998216212 0.047964230 -4.323617935 0.986382604 0.027335746 0.162179768 173.099914551
0.167523026 0.053012960 -0.984441876 12.424301147 -0.032408040 0.998309672 0.048244856 -4.300636292 0.985335410 0.023821699 0.168957889 173.228393555
0.172571123 0.053310975 -0.983553410 11.741409302 -0.027565066 0.998404562 0.049279470 -4.289650917 0.984611392 0.018607492 0.173765302 173.349975586
0.174352169 0.053432900 -0.983232558 11.060195923 -0.023231581 0.998471916 0.050141517 -4.266444683 0.984409273 0.014099765 0.175327063 173.485931396
0.174884558 0.053653561 -0.983126104 10.402969360 -0.019605488 0.998505950 0.051005363 -4.241497993 0.984393835 0.010354611 0.175675154 173.607131958
0.173759460 0.053421311 -0.983338177 9.763153076 -0.015717380 0.998550832 0.051470444 -4.225248337 0.984662771 0.006512018 0.174347341 173.720184326
0.170459211 0.053517986 -0.983910322 9.130554199 -0.012640892 0.998560548 0.052124869 -4.208975792 0.985283673 0.003552337 0.170890391 173.840393066
0.167018175 0.054302707 -0.984457314 8.527435303 -0.009959988 0.998524129 0.053388871 -4.194321632 0.985903561 0.000888269 0.167312562 173.936981201
0.162941158 0.054510560 -0.985128820 7.938949585 -0.008197838 0.998512924 0.053895220 -4.170100689 0.986601710 -0.000705820 0.163145721 174.031127930
0.158270001 0.055566210 -0.985831201 7.362823486 -0.005862924 0.998450577 0.055336241 -4.150459290 0.987378538 -0.002978216 0.158350527 174.124755859
0.153919160 0.056344636 -0.986475706 6.801788330 -0.003382617 0.998396993 0.056497764 -4.129700184 0.988077760 -0.005359225 0.153863013 174.204376221
0.149458289 0.056573156 -0.987148404 6.270858765 -0.001738204 0.998375297 0.056953408 -4.108129025 0.988766611 -0.006796303 0.149313807 174.283996582
0.144854248 0.056774221 -0.987822890 5.756546021 -0.000730196 0.998358309 0.057272661 -4.093544006 0.989452779 -0.007574886 0.144657850 174.351715088
0.140405536 0.056757484 -0.988465965 5.276458740 -0.000104163 0.998356402 0.057310596 -4.083146572 0.990094125 -0.007943764 0.140180647 174.413116455
0.135945857 0.055175733 -0.989178658 4.803421021 0.000697364 0.998442352 0.055788297 -4.068428993 0.990716040 -0.008274005 0.135695636 174.479095459
0.132118940 0.052838050 -0.989824653 4.363510132 0.000158135 0.998577118 0.053326380 -4.056119442 0.991233945 -0.007201954 0.131922603 174.524383545
0.127512217 0.050719075 -0.990539432 3.951492310 -0.000482626 0.998694718 0.051074531 -4.042096138 0.991836965 -0.006034571 0.127370298 174.580993652
0.123622537 0.050026175 -0.991067588 3.570556641 -0.001042835 0.998734474 0.050283100 -4.034916878 0.992328823 -0.005182608 0.123518229 174.620330811
0.119903088 0.048937790 -0.991578758 3.204391479 -0.000681659 0.998788178 0.049211178 -4.023490429 0.992785454 -0.005224658 0.119791150 174.666351318
0.116987765 0.047825862 -0.991981149 2.862609863 -0.000979038 0.998844862 0.048041321 -4.013679981 0.993132889 -0.004649063 0.116899431 174.698913574
0.113938928 0.047003224 -0.992375374 2.554260254 -0.002036016 0.998889148 0.047077987 -4.004333496 0.993485808 -0.003343530 0.113908052 174.722839355
0.111116350 0.046932738 -0.992698610 2.271789551 -0.003597962 0.998896718 0.046823040 -3.997486591 0.993800938 -0.001631114 0.111162603 174.747558594
0.108859301 0.047167636 -0.992937565 2.005035400 -0.005236587 0.998887002 0.046876147 -3.993544579 0.994043469 0.000096696 0.108985126 174.769119263
0.106329143 0.047060162 -0.993216693 1.754867554 -0.005340646 0.998892009 0.046757322 -3.992967129 0.994316638 0.000332752 0.106462657 174.795043945
0.104087770 0.046403650 -0.993485034 1.516418457 -0.005329733 0.998922646 0.046099234 -3.989077568 0.994553864 0.000496645 0.104222894 174.818344116
0.102366149 0.044373348 -0.993756652 1.289855957 -0.005216446 0.999014795 0.044070795 -3.977143526 0.994733214 0.000672515 0.102496743 174.838760376
0.099585474 0.042220373 -0.994132936 1.069442749 -0.005375796 0.999107659 0.041893139 -3.975033522 0.995014548 0.001172304 0.099723577 174.870574951
0.098140419 0.040762790 -0.994337499 0.866897583 -0.005102329 0.999168217 0.040457234 -3.971931219 0.995159626 0.001102941 0.098266780 174.877197266
0.096581638 0.040314954 -0.994508266 0.665695190 -0.004139267 0.999186993 0.040102635 -3.966027975 0.995316505 0.000243358 0.096669972 174.894363403
0.094188452 0.039095834 -0.994786441 0.453323364 -0.003258791 0.999235392 0.038962133 -3.958503962 0.995549023 -0.000427983 0.094243824 174.923110962
0.092525959 0.037433874 -0.995006382 0.262207031 -0.003980093 0.999298990 0.037225258 -3.958867550 0.995702386 0.000515914 0.092610061 174.928268433
0.090030193 0.036244366 -0.995279312 0.046203613 -0.004877223 0.999341667 0.035951123 -3.950946569 0.995927095 0.001617515 0.090147674 174.955245972
0.088151097 0.036718704 -0.995430171 -0.139114380 -0.003710997 0.999325514 0.036533765 -3.956234932 0.996100307 0.000473543 0.088227868 174.960540771
0.086234450 0.037120704 -0.995583177 -0.327209473 -0.002021245 0.999310076 0.037084591 -3.949797392 0.996272922 -0.001185657 0.086250007 174.974594116
0.084494829 0.037645195 -0.995712698 -0.547760010 -0.000969922 0.999288678 0.037698094 -3.944317818 0.996423602 -0.002219537 0.084471226 174.995864868
0.082744360 0.038505316 -0.995826662 -0.729354858 0.000282575 0.999252319 0.038661256 -3.948953867 0.996570766 -0.003480397 0.082671642 175.004241943
0.080149889 0.038709361 -0.996030927 -0.930633545 0.000732497 0.999243081 0.038893145 -3.938490152 0.996782541 -0.003846871 0.080060899 175.023452759
0.077520370 0.038968801 -0.996228933 -1.113510132 0.000508070 0.999234140 0.039125893 -3.932869911 0.996990621 -0.003539206 0.077441216 175.031845093
0.075146496 0.039942969 -0.996372283 -1.311950684 -0.000952973 0.999199867 0.039984450 -3.929035902 0.997172117 -0.002055179 0.075124443 175.038238525
0.072452545 0.039977338 -0.996570349 -1.511856079 -0.004697705 0.999198973 0.039741252 -3.925292969 0.997360826 0.001802236 0.072582304 175.040802002
0.068916440 0.036005139 -0.996972620 -1.730453491 -0.008860854 0.999331176 0.035477806 -3.918499470 0.997583210 0.006389021 0.069189370 175.047378540
0.065785289 0.032024946 -0.997319818 -1.954818726 -0.010855216 0.999448657 0.031377275 -3.919361353 0.997774839 0.008761954 0.066096663 175.054336548
0.062277138 0.029799052 -0.997614026 -2.205215454 -0.011428508 0.999509931 0.029142248 -3.914635181 0.997993529 0.009586340 0.062587202 175.072265625
0.058972955 0.030024953 -0.997808039 -2.477386475 -0.012063767 0.999496043 0.029362747 -3.911618710 0.998186767 0.010305711 0.059305429 175.080902100
0.055233717 0.029272927 -0.998044193 -2.764389038 -0.012015027 0.999517262 0.028651197 -3.903100252 0.998401105 0.010409016 0.055558741 175.090332031
0.052037954 0.027754057 -0.998259544 -3.072677612 -0.011807894 0.999560952 0.027174713 -3.897699356 0.998575449 0.010373222 0.052342772 175.101654053
0.048454762 0.025605189 -0.998497128 -3.385772705 -0.011565126 0.999618709 0.025072722 -3.890943050 0.998758376 0.010332854 0.048732400 175.115890503
0.045995593 0.022921415 -0.998678744 -3.731689453 -0.013725954 0.999656856 0.022311697 -3.879665375 0.998847425 0.012681575 0.046294391 175.119705200
0.044237912 0.021236472 -0.998795390 -4.099853516 -0.017059870 0.999644339 0.020498918 -3.870279074 0.998875439 0.016132487 0.044584453 175.127471924
0.044438958 0.019821838 -0.998815477 -4.490081787 -0.020790203 0.999604940 0.018912515 -3.864098787 0.998795807 0.019925123 0.044833481 175.138870239
0.045581400 0.019395223 -0.998772383 -4.911941528 -0.023844721 0.999547780 0.018322069 -3.858423471 0.998676062 0.022980303 0.046023250 175.149063110
0.046619356 0.022057468 -0.998669267 -5.355041504 -0.025152197 0.999465108 0.020900905 -3.854245186 0.998596072 0.024144337 0.047149241 175.163528442
0.047713220 0.025819171 -0.998527348 -5.826049805 -0.024426369 0.999397099 0.024674479 -3.844856977 0.998562396 0.023213096 0.048315108 175.180343628
0.049118042 0.031002242 -0.998311818 -6.316268921 -0.025766823 0.999224842 0.029762840 -3.834041119 0.998460650 0.024261428 0.049878776 175.200332642
0.050895751 0.035552427 -0.998071074 -6.824615479 -0.028193647 0.999019027 0.034148484 -3.819181919 0.998306036 0.026401242 0.051848173 175.214309692
0.051404774 0.041103642 -0.997831821 -7.354888916 -0.027757019 0.998825431 0.039714631 -3.802412510 0.998292267 0.025655303 0.052485287 175.243942261
0.052083373 0.045689408 -0.997597098 -7.896484375 -0.019279143 0.998812675 0.044738542 -3.791467428 0.998456717 0.016902678 0.052902341 175.281036377
0.052890956 0.045231100 -0.997575462 -8.464767456 -0.009593835 0.998950601 0.044784795 -3.774113894 0.998554230 0.007201863 0.053269386 175.334838867
0.053042233 0.043754451 -0.997633338 -9.043807983 -0.003368893 0.999041796 0.043637112 -3.750625610 0.998586655 0.001046308 0.053138793 175.371902466
0.051288128 0.041934080 -0.997803271 -9.643539429 -0.005691057 0.999114096 0.041696649 -3.728864193 0.998667836 0.003540006 0.051481307 175.397888184
0.049835980 0.040546216 -0.997934103 -10.269210815 -0.008403730 0.999157250 0.040176239 -3.707513809 0.998722136 0.006384145 0.050134718 175.420043945
0.048224509 0.041017473 -0.997994125 -10.906143188 -0.003244966 0.999157608 0.040908497 -3.681760788 0.998831391 0.001265659 0.048316956 175.450988770
0.045321941 0.044476375 -0.997981846 -11.564971924 0.006389701 0.998975039 0.044810817 -3.657095909 0.998952031 -0.008407719 0.044991314 175.494873047
0.042380333 0.045782495 -0.998052239 -12.247467041 0.007521017 0.998906612 0.046141066 -3.631399155 0.999073446 -0.009461849 0.041989684 175.526031494
0.040194869 0.042183802 -0.998301029 -12.931442261 0.007411965 0.999068320 0.042514656 -3.608508110 0.999164402 -0.009108241 0.039844751 175.541915894
0.036565840 0.034389473 -0.998739541 -13.647735596 0.003292674 0.999398172 0.034532711 -3.598004103 0.999325991 -0.004551246 0.036430597 175.552352905
0.034649014 0.023243433 -0.999129236 -14.360992432 0.001499646 0.999727190 0.023309348 -3.575539112 0.999398410 -0.002305987 0.034604728 175.576812744
0.033921659 0.018290548 -0.999257267 -15.112792969 -0.001142851 0.999832571 0.018262284 -3.552835226 0.999423981 0.000522513 0.033936858 175.600128174
0.032506108 0.022840112 -0.999210536 -15.874664307 0.001634273 0.999736309 0.022905298 -3.542461157 0.999470174 -0.002377545 0.032460213 175.623809814
0.032027781 0.029225271 -0.999059677 -16.660186768 0.002985668 0.999565184 0.029335774 -3.528472185 0.999482572 -0.003922422 0.031926572 175.635711670
0.031257093 0.034073655 -0.998930454 -17.456298828 0.004167705 0.999405622 0.034220275 -3.510662794 0.999502718 -0.005232875 0.031096518 175.655136108
0.029280126 0.031738408 -0.999067307 -18.273757935 0.000256225 0.999495506 0.031759523 -3.489906073 0.999571264 -0.001185909 0.029257238 175.675125122
0.028298378 0.027450711 -0.999222517 -19.105133057 -0.002502390 0.999621689 0.027390808 -3.471262932 0.999596417 0.001725329 0.028356373 175.686767578
0.027382910 0.024622103 -0.999321759 -19.949584961 -0.002809426 0.999694526 0.024554307 -3.452320814 0.999621093 0.002135153 0.027443707 175.704696655
0.026655912 0.025858369 -0.999310255 -20.820816040 -0.003580584 0.999661446 0.025771949 -3.429781675 0.999638319 0.002891138 0.026739478 175.723785400
0.026029170 0.029412027 -0.999228477 -21.702819824 -0.005332938 0.999556959 0.029282779 -3.411627769 0.999647021 0.004566614 0.026174486 175.740921021
0.025502026 0.032825589 -0.999135733 -22.605804443 -0.005565581 0.999449909 0.032693855 -3.394210100 0.999659300 0.004727010 0.025670648 175.754348755
0.024912894 0.035298500 -0.999066412 -23.509399414 -0.004943112 0.999368548 0.035185918 -3.374816179 0.999677598 0.004061905 0.025071681 175.773880005
0.025049388 0.037159611 -0.998995483 -24.416854858 -0.006094340 0.999296010 0.037017979 -3.352494717 0.999667764 0.005160935 0.025258183 175.784133911
0.024830937 0.038654264 -0.998944104 -25.370925903 -0.005216383 0.999243617 0.038536187 -3.334149599 0.999678075 0.004253985 0.025013804 175.817993164
0.025727987 0.036012672 -0.999020159 -26.310546875 -0.007480477 0.999329865 0.035831191 -3.305473566 0.999641061 0.006551280 0.025980175 175.836105347
0.027659297 0.033612072 -0.999052286 -27.258087158 -0.007920334 0.999410510 0.033404853 -3.287233353 0.999586165 0.006988870 0.027909219 175.856613159
0.029036522 0.033022698 -0.999032736 -28.237747192 -0.009324148 0.999419630 0.032764487 -3.257575512 0.999534845 0.008363763 0.029327571 175.877258301
0.030658722 0.035031680 -0.998915911 -29.216720581 -0.008968229 0.999355018 0.034771826 -3.233338833 0.999489784 0.007892443 0.030953109 175.908111572
0.032707036 0.037019860 -0.998779297 -30.197692871 -0.009852094 0.999277174 0.036715694 -3.211097717 0.999416590 0.008639195 0.033048153 175.930496216
0.034204543 0.037476014 -0.998712122 -31.198410034 -0.009192695 0.999266207 0.037181973 -3.189502716 0.999372721 0.007909055 0.034523964 175.966629028
0.035921216 0.037290681 -0.998658776 -32.197891235 -0.009139450 0.999274015 0.036984921 -3.160787106 0.999312937 0.007798643 0.036235929 175.998703003
0.036437213 0.037131954 -0.998645961 -33.221679688 -0.007326451 0.999292552 0.036888681 -3.141738653 0.999309242 0.005972404 0.036683500 176.040466309
0.036786556 0.036871899 -0.998642802 -34.235748291 -0.006512510 0.999306679 0.036656518 -3.118339062 0.999302030 0.005155202 0.037001193 176.078414917
0.036816478 0.035747956 -0.998682499 -35.260879517 -0.006241090 0.999348700 0.035541728 -3.093730927 0.999302626 0.004924344 0.037015617 176.117416382
0.036161721 0.036325742 -0.998685658 -36.292572021 -0.005538088 0.999331057 0.036148693 -3.073470831 0.999330759 0.004223604 0.036338687 176.149215698
0.035403669 0.037258293 -0.998678446 -37.324325562 -0.004794329 0.999299645 0.037111513 -3.050034761 0.999361694 0.003474103 0.035557508 176.184707642
0.034414470 0.037742849 -0.998694837 -38.372879028 -0.008023783 0.999264896 0.037487898 -3.023535967 0.999375582 0.006723179 0.034691989 176.213958740
0.033018470 0.036000986 -0.998806119 -39.413589478 -0.009118650 0.999320328 0.035718072 -3.004971981 0.999413133 0.007928411 0.033324301 176.246566772
0.032264769 0.034094356 -0.998897851 -40.459259033 -0.009296275 0.999384999 0.033810716 -2.980038166 0.999436319 0.008195126 0.032561839 176.276306152
0.031612396 0.035586193 -0.998866558 -41.513130188 -0.010565573 0.999322057 0.035268042 -2.957932711 0.999444425 0.009438690 0.031966925 176.303237915
0.031583071 0.038013697 -0.998777986 -42.548820496 -0.013128130 0.999206066 0.037614856 -2.933417559 0.999414921 0.011924095 0.032057047 176.321838379
0.031165421 0.039351340 -0.998739362 -43.610084534 -0.012792365 0.999158561 0.038968675 -2.910274506 0.999432445 0.011561759 0.031642556 176.355300903
0.031810164 0.039538652 -0.998711646 -44.662422180 -0.011389849 0.999166727 0.039193887 -2.884591103 0.999429107 0.010128405 0.032234013 176.378540039
0.031823635 0.041009236 -0.998651803 -45.732620239 -0.009997318 0.999121010 0.040709920 -2.858317852 0.999443471 0.008688304 0.032205641 176.416168213
0.032219768 0.042644907 -0.998570740 -46.793373108 -0.008657200 0.999063790 0.042386632 -2.834724426 0.999443412 0.007279133 0.032558799 176.443817139
0.031976104 0.042904057 -0.998567343 -47.856796265 -0.009577060 0.999045551 0.042617925 -2.808006287 0.999442697 0.008200587 0.032356441 176.475601196
0.032055914 0.041985586 -0.998603880 -48.914596558 -0.010450643 0.999076784 0.041669998 -2.780402184 0.999431491 0.009100281 0.032465100 176.496414185
0.031878591 0.040771641 -0.998659849 -49.973907471 -0.013257719 0.999096990 0.040366285 -2.751904249 0.999403834 0.011953131 0.032390356 176.522827148
0.032521307 0.037775498 -0.998757064 -51.033355713 -0.014942142 0.999192178 0.037305418 -2.731046438 0.999359488 0.013710343 0.033059478 176.540771484
0.032638073 0.036213867 -0.998811007 -52.094917297 -0.019282226 0.999180198 0.035597172 -2.700973034 0.999281287 0.018097473 0.033309579 176.559234619
0.031467557 0.040800244 -0.998671710 -53.177146912 -0.021900484 0.998954773 0.040121738 -2.685657740 0.999264836 0.020608861 0.032328248 176.599670410
0.031535864 0.048636105 -0.998318672 -54.247497559 -0.021400819 0.998619258 0.047974721 -2.653713703 0.999273539 0.019851906 0.032533228 176.622634888
0.031061113 0.055162311 -0.997994244 -55.317375183 -0.022302274 0.998265564 0.054483186 -2.618300915 0.999268770 0.020565225 0.032237470 176.651641846
0.030299366 0.054476343 -0.998055279 -56.388870239 -0.024024565 0.998264909 0.053758439 -2.581761837 0.999252081 0.022348996 0.031555593 176.686309814
0.029887617 0.048452269 -0.998378336 -57.441932678 -0.025749957 0.998530269 0.047688793 -2.546041012 0.999221623 0.024282891 0.031091332 176.713851929
0.030623198 0.040655460 -0.998703957 -58.502769470 -0.026056569 0.998865366 0.039863061 -2.513119221 0.999191403 0.024802055 0.031647801 176.732406616
0.031266093 0.035794988 -0.998869896 -59.562049866 -0.025185067 0.999069452 0.035013806 -2.492157221 0.999193728 0.024061862 0.032138467 176.758102417
0.031879246 0.037226342 -0.998798370 -60.625442505 -0.024243163 0.999040961 0.036461603 -2.471575499 0.999197781 0.023051657 0.032751143 176.786376953
0.032069206 0.038039934 -0.998761594 -61.692840576 -0.023401542 0.999030113 0.037298761 -2.449457407 0.999211729 0.022176413 0.032928348 176.815582275
0.032440007 0.039749570 -0.998683095 -62.765037537 -0.020632097 0.999022543 0.039092895 -2.423032284 0.999260902 0.019336743 0.033228397 176.849166870
0.032469928 0.039256442 -0.998701513 -63.807220459 -0.020065073 0.999052584 0.038617883 -2.397495508 0.999271333 0.018785099 0.033226848 176.876556396
0.032557428 0.038395200 -0.998732150 -64.875167847 -0.018514846 0.999113560 0.037806302 -2.373017311 0.999298394 0.017260496 0.033239424 176.906829834
0.031026781 0.035860371 -0.998875022 -65.946525574 -0.017363612 0.999224722 0.035333581 -2.353174210 0.999367714 0.016247790 0.031625390 176.943374634
0.029734671 0.035727575 -0.998919189 -67.027648926 -0.016714256 0.999239028 0.035241485 -2.334630251 0.999418139 0.015648292 0.030309200 176.978424072
0.029462814 0.037736855 -0.998853266 -68.102165222 -0.014589119 0.999196887 0.037319507 -2.311370611 0.999459386 0.013472851 0.029989719 176.998352051
0.028333306 0.041734125 -0.998727024 -69.197944641 -0.013536341 0.999052465 0.041363709 -2.284400463 0.999507010 0.012347134 0.028871357 177.026641846
0.027892768 0.045192979 -0.998588920 -70.278465271 -0.013900793 0.998898447 0.044818711 -2.257116795 0.999514401 0.012631052 0.028490245 177.051788330
0.026936948 0.041790862 -0.998763323 -71.352348328 -0.014023613 0.999043226 0.041424356 -2.226833344 0.999538898 0.012890418 0.027497232 177.078399658
0.026005387 0.037323359 -0.998964906 -72.420127869 -0.016185861 0.999187469 0.036910322 -2.204190969 0.999530852 0.015209234 0.026588380 177.099166870
0.025525868 0.034049802 -0.999094069 -73.496459961 -0.018186582 0.999270201 0.033591151 -2.178760529 0.999508679 0.017312665 0.026126504 177.120117188
0.024646819 0.035586562 -0.999062538 -74.578140259 -0.018740045 0.999207079 0.035129394 -2.154042721 0.999520481 0.017856654 0.025294185 177.148468018
0.024717510 0.040498774 -0.998873889 -75.648880005 -0.019702340 0.999004781 0.040016539 -2.133877754 0.999500334 0.018691041 0.025490820 177.156341553
0.024103582 0.043637201 -0.998756647 -76.744186401 -0.019293519 0.998881102 0.043177016 -2.104937553 0.999523282 0.018228810 0.024918497 177.183776855
0.023334026 0.042780012 -0.998812079 -77.821006775 -0.020009797 0.998903871 0.042316481 -2.078731060 0.999527514 0.018998608 0.024164438 177.201110840
0.022347271 0.040193025 -0.998942018 -78.898780823 -0.021146081 0.998987019 0.039721780 -2.053364754 0.999526620 0.020236036 0.023174524 177.214416504
0.020748317 0.038928229 -0.999026656 -79.972457886 -0.025302943 0.998942077 0.038399428 -2.018320322 0.999464571 0.024481587 0.021711349 177.227813721
0.019093335 0.038805827 -0.999064386 -81.051139832 -0.028448934 0.998862982 0.038254309 -2.003890991 0.999412894 0.027691912 0.020175636 177.228240967
0.017120361 0.039079260 -0.999089539 -82.122734070 -0.028539730 0.998847842 0.038580749 -1.978866816 0.999446154 0.027853223 0.018215895 177.248291016
0.014238060 0.035969045 -0.999251544 -83.210113525 -0.028986840 0.998947620 0.035545077 -1.958947182 0.999478459 0.028459046 0.015265703 177.249664307
0.010541856 0.036619242 -0.999273837 -84.300491333 -0.027062498 0.998973608 0.036322746 -1.932621002 0.999578297 0.026659930 0.011521995 177.262115479
0.007977307 0.035021774 -0.999354720 -85.387916565 -0.022443611 0.999141037 0.034835130 -1.912161589 0.999716282 0.022151237 0.008756518 177.268020630
0.006727517 0.031580154 -0.999478698 -86.470901489 -0.021917082 0.999265730 0.031425904 -1.887705088 0.999737322 0.021694234 0.007414699 177.264770508
0.004519761 0.027343413 -0.999615908 -87.556320190 -0.021407902 0.999399662 0.027240699 -1.877115965 0.999760687 0.021276554 0.005102396 177.265106201
0.001681209 0.026336726 -0.999651730 -88.639991760 -0.021651594 0.999419749 0.026294200 -1.858710527 0.999764204 0.021599846 0.002250493 177.263854980
-0.000243068 0.030012382 -0.999549508 -89.722961426 -0.022924000 0.999286711 0.030010063 -1.848964214 0.999737203 0.022920966 0.000445127 177.247680664
-0.001920223 0.034094390 -0.999416828 -90.825073242 -0.023357194 0.999144435 0.034129974 -1.829264402 0.999725401 0.023409104 -0.001122236 177.228454590
-0.004529595 0.039171968 -0.999222338 -91.922103882 -0.024332922 0.998932302 0.039270904 -1.812512875 0.999693751 0.024491875 -0.003571630 177.228363037
-0.006606579 0.039538413 -0.999196231 -93.020301819 -0.024459980 0.998912632 0.039688919 -1.786201000 0.999679029 0.024702528 -0.005632281 177.212799072
-0.008724451 0.036113117 -0.999309778 -94.114601135 -0.023189068 0.999071598 0.036306966 -1.760903358 0.999693155 0.023489814 -0.007879019 177.190887451
-0.011076331 0.031259798 -0.999449968 -95.207366943 -0.021676732 0.999268830 0.031494360 -1.743162394 0.999703765 0.022013647 -0.010390639 177.171463013
-0.014550924 0.028625969 -0.999484301 -96.309684753 -0.020794213 0.999365270 0.028925290 -1.729875565 0.999677896 0.021204380 -0.013946414 177.172607422
-0.017356038 0.028606895 -0.999440134 -97.409515381 -0.020611135 0.999367952 0.028962757 -1.712755442 0.999637008 0.021102268 -0.016755462 177.150054932
-0.020280123 0.031251706 -0.999305785 -98.510353088 -0.021206707 0.999273002 0.031681053 -1.696486950 0.999569416 0.021834478 -0.019602656 177.123077393
-0.022650003 0.033981040 -0.999165833 -99.609199524 -0.022190586 0.999158859 0.034483839 -1.683920860 0.999497175 0.022953128 -0.021876812 177.084686279
-0.024993181 0.033454672 -0.999127746 -100.736297607 -0.023305396 0.999148786 0.034038361 -1.657795668 0.999415994 0.024135791 -0.024192214 177.055114746
-0.027956963 0.033213291 -0.999057353 -101.842201233 -0.023301402 0.999154627 0.033868577 -1.635189533 0.999337673 0.024226291 -0.027159452 177.027343750
-0.029974461 0.032652240 -0.999017358 -102.932212830 -0.023016244 0.999178767 0.033348095 -1.610916853 0.999285817 0.023993209 -0.029198289 176.978637695
-0.032623410 0.032213934 -0.998948574 -104.037216187 -0.021358499 0.999229729 0.032920521 -1.597879171 0.999239624 0.022410013 -0.031910181 176.941436768
-0.035251498 0.030426715 -0.998915255 -105.131050110 -0.020916872 0.999294996 0.031176433 -1.577430487 0.999159634 0.021993194 -0.034590125 176.894714355
-0.037431955 0.029599976 -0.998860776 -106.229621887 -0.020362865 0.999331057 0.030377004 -1.560638189 0.999091744 0.021476734 -0.036804199 176.847167969
-0.039422870 0.030281015 -0.998763800 -107.338317871 -0.018614527 0.999345005 0.031033380 -1.544381857 0.999049306 0.019814933 -0.038833380 176.801589966
-0.041474462 0.030030269 -0.998688221 -108.446060181 -0.018861247 0.999346554 0.030833352 -1.529262066 0.998961568 0.020115297 -0.040880919 176.750122070
-0.043079257 0.028368650 -0.998668969 -109.531723022 -0.015723523 0.999453723 0.029069204 -1.515918493 0.998948038 0.016954865 -0.042609692 176.705108643
-0.045232177 0.029332250 -0.998545945 -110.632369995 -0.013110600 0.999465346 0.029953144 -1.500437260 0.998890638 0.014446377 -0.044823408 176.655273438
-0.046500564 0.032447714 -0.998391151 -111.727508545 -0.013230660 0.999364614 0.033095580 -1.479992867 0.998830616 0.014748336 -0.046041608 176.588684082
-0.048562884 0.034054510 -0.998239398 -112.834190369 -0.012024781 0.999326229 0.034676574 -1.469377518 0.998747706 0.013687604 -0.048120618 176.537353516
-0.049807429 0.032439508 -0.998231947 -113.954383850 -0.011976245 0.999381125 0.033074416 -1.443174362 0.998687088 0.013602423 -0.049388170 176.479766846
-0.051426411 0.030847937 -0.998200297 -115.076660156 -0.012739605 0.999421239 0.031542003 -1.422634602 0.998595595 0.014338765 -0.051003575 176.415267944
-0.052516937 0.030618012 -0.998150647 -116.180999756 -0.012570546 0.999430418 0.031318657 -1.410509109 0.998540998 0.014192055 -0.052102089 176.344024658
-0.053630114 0.030072678 -0.998108089 -117.278640747 -0.011086650 0.999466896 0.030709328 -1.396061420 0.998499513 0.012712616 -0.053268194 176.281478882
-0.054895520 0.028627384 -0.998081684 -118.386604309 -0.009717630 0.999526262 0.029203299 -1.373851299 0.998444855 0.011302117 -0.054591298 176.213317871
-0.056122780 0.028366158 -0.998021066 -119.503448486 -0.008926421 0.999542117 0.028911363 -1.356835604 0.998384178 0.010531336 -0.055843949 176.148254395
-0.056267381 0.031331908 -0.997924089 -120.628707886 -0.007192617 0.999468803 0.031785961 -1.346975327 0.998389900 0.008966195 -0.056012034 176.079544067
-0.055722356 0.033260018 -0.997892141 -121.737800598 -0.002150040 0.999438703 0.033431623 -1.327759743 0.998443961 0.004008397 -0.055619597 176.016235352
-0.055273890 0.032940373 -0.997927725 -122.861633301 -0.001554801 0.999451578 0.033076793 -1.308386326 0.998470008 0.003379864 -0.055192351 175.949447632
-0.056140065 0.029674154 -0.997982025 -123.981887817 -0.003959369 0.999543786 0.029943325 -1.288244724 0.998415232 0.005632393 -0.055996895 175.880340576
-0.055625200 0.026243623 -0.998106778 -125.105957031 -0.003108431 0.999645114 0.026457306 -1.272311926 0.998446882 0.004574239 -0.055523992 175.811523438
-0.054992080 0.025277171 -0.998166740 -126.212783813 -0.006676073 0.999647856 0.025682483 -1.259027719 0.998464465 0.008076168 -0.054803967 175.741790771
-0.055263877 0.026475457 -0.998120785 -127.338874817 -0.010699531 0.999575317 0.027106449 -1.243033171 0.998414576 0.012177429 -0.054957151 175.670654297
-0.055601597 0.029162565 -0.998027205 -128.466842651 -0.010008664 0.999506891 0.029763401 -1.226418972 0.998403013 0.011643806 -0.055282235 175.600891113
-0.056310534 0.031632889 -0.997912109 -129.593872070 -0.008363377 0.999447942 0.032153506 -1.212053776 0.998378336 0.010156497 -0.056014895 175.533050537
-0.057111621 0.033128001 -0.997818053 -130.735824585 -0.010657544 0.999372125 0.033789601 -1.186605453 0.998310924 0.012564068 -0.056722641 175.465438843
-0.057698846 0.033544596 -0.997770369 -131.863647461 -0.010315377 0.999361932 0.034194622 -1.173908234 0.998280823 0.012265363 -0.057315946 175.393249512
-0.058364511 0.031621028 -0.997794330 -132.976394653 -0.010948600 0.999417841 0.032312900 -1.154999733 0.998235226 0.012810383 -0.057984352 175.319366455
-0.059382796 0.029512497 -0.997798979 -134.106018066 -0.012384878 0.999464154 0.030298820 -1.132620335 0.998158514 0.014156845 -0.058985472 175.253509521
-0.059193969 0.028706238 -0.997833788 -135.245407104 -0.014260054 0.999460101 0.029598970 -1.111327171 0.998144746 0.015981238 -0.058752656 175.171142578
-0.059340239 0.028777162 -0.997822940 -136.380004883 -0.016221078 0.999424636 0.029788017 -1.094731331 0.998106003 0.017953392 -0.058839321 175.098663330
-0.059476733 0.029022314 -0.997807801 -137.517166138 -0.015715543 0.999426186 0.030006150 -1.074454308 0.998106062 0.017465753 -0.058986545 175.027343750
-0.059699297 0.030206556 -0.997759223 -138.640045166 -0.016502263 0.999375582 0.031242875 -1.062316895 0.998079956 0.018330464 -0.059163570 174.946090698
-0.059832811 0.030820228 -0.997732639 -139.800537109 -0.015365626 0.999376357 0.031792466 -1.053356171 0.998090267 0.017233014 -0.059322000 174.888778687
-0.059421778 0.029975895 -0.997782886 -140.937423706 -0.013867315 0.999427795 0.030851165 -1.024412155 0.998136699 0.015669798 -0.058972120 174.817276001
-0.059116483 0.031395465 -0.997757435 -142.086624146 -0.013324483 0.999391437 0.032236353 -1.007438183 0.998162329 0.015200295 -0.058662176 174.744659424
-0.059392929 0.030260846 -0.997776151 -143.225921631 -0.011436902 0.999454200 0.030992528 -1.001888275 0.998169363 0.013252197 -0.059014440 174.671722412
-0.059675694 0.025988609 -0.997879446 -144.369064331 -0.011711783 0.999574006 0.026733136 -0.980298281 0.998149157 0.013282264 -0.059345961 174.601257324
-0.059064746 0.025177667 -0.997936666 -145.512512207 -0.012922051 0.999578834 0.025983915 -0.964978695 0.998170555 0.014430120 -0.058714628 174.516296387
-0.059366941 0.028684253 -0.997824013 -146.660888672 -0.014121151 0.999462903 0.029571524 -0.949055672 0.998136342 0.015845994 -0.058930039 174.447463989
-0.059536457 0.030597037 -0.997757256 -147.793243408 -0.015158237 0.999387205 0.031551518 -0.941366673 0.998111188 0.017002698 -0.059036136 174.369033813
-0.059723377 0.030336775 -0.997753859 -148.943466187 -0.011667836 0.999448597 0.031086713 -0.918931484 0.998146772 0.013498232 -0.059336424 174.296127319
-0.060534358 0.030063482 -0.997713447 -150.091888428 -0.008760735 0.999491811 0.030648613 -0.898116112 0.998127818 0.010595990 -0.060240269 174.232986450
-0.060704947 0.031124968 -0.997670412 -151.248428345 -0.005678073 0.999486744 0.031527128 -0.883322239 0.998139679 0.007578694 -0.060497046 174.153762817
-0.061405659 0.031473789 -0.997616529 -152.394348145 -0.005390796 0.999477684 0.031864323 -0.868746758 0.998098314 0.007334597 -0.061203957 174.084045410
-0.061533451 0.029574892 -0.997666776 -153.526718140 -0.005618852 0.999534786 0.029976824 -0.849318981 0.998089254 0.007450318 -0.061338663 174.002258301
-0.061955690 0.028843947 -0.997662067 -154.662399292 -0.005703806 0.999555767 0.029252907 -0.831897259 0.998062611 0.007502852 -0.061763644 173.928863525
-0.061943769 0.030738376 -0.997606397 -155.804809570 -0.005719967 0.999498308 0.031151839 -0.816046715 0.998063445 0.007635931 -0.061736822 173.851531982
-0.062267780 0.036195748 -0.997402966 -156.943969727 -0.005572926 0.999313951 0.036613017 -0.800649643 0.998043954 0.007838260 -0.062023282 173.770828247
-0.062076688 0.039784912 -0.997278154 -158.087265015 -0.003780564 0.999188662 0.040096458 -0.769980431 0.998064220 0.006259327 -0.061875939 173.702377319
-0.061952591 0.035731480 -0.997439384 -159.213958740 -0.000906123 0.999356568 0.035856441 -0.759457111 0.998078763 0.003125200 -0.061880350 173.623794556
-0.061652541 0.025884386 -0.997762024 -160.323638916 -0.004148063 0.999648392 0.026189636 -0.742673397 0.998089075 0.005753436 -0.061523557 173.547531128
-0.060768127 0.018522108 -0.997980118 -161.437942505 -0.005612756 0.999805689 0.018897757 -0.731113195 0.998136222 0.006749798 -0.060652375 173.473037720
-0.060533524 0.020513047 -0.997955382 -162.556304932 -0.005523735 0.999766648 0.020885333 -0.721197367 0.998150885 0.006776704 -0.060406089 173.394424438
-0.060117722 0.029304586 -0.997761250 -163.677139282 -0.003460364 0.999556839 0.029565824 -0.716524601 0.998185456 0.005230038 -0.059989691 173.319076538
-0.059557915 0.036861278 -0.997544050 -164.795440674 -0.000825068 0.999315798 0.036976010 -0.696599007 0.998224497 0.003025256 -0.059486747 173.252761841
-0.059956074 0.039920229 -0.997402608 -165.909591675 -0.001878497 0.999193728 0.040104844 -0.672181129 0.998199403 0.004278139 -0.059832811 173.184020996
-0.059757233 0.037908714 -0.997492969 -167.011795044 -0.002764618 0.999268532 0.038141817 -0.650056362 0.998209178 0.005036931 -0.059608698 173.101913452
-0.059451222 0.029241936 -0.997802913 -168.109085083 0.000674385 0.999571800 0.029253598 -0.647392750 0.998231113 0.001066256 -0.059445500 173.040939331
-0.059722900 0.019920809 -0.998016238 -169.198013306 0.004731535 0.999795258 0.019673178 -0.633885384 0.998203814 -0.003547212 -0.059804916 172.981491089
-0.061470509 0.020267425 -0.997903168 -170.291885376 0.007724650 0.999773562 0.019829579 -0.623332024 0.998079062 -0.006489521 -0.061613083 172.912109375
-0.062930346 0.035281289 -0.997394145 -171.396667480 0.011730472 0.999332070 0.034609709 -0.616504192 0.997949004 -0.009521903 -0.063302159 172.851654053
-0.062127471 0.050292950 -0.996800244 -172.494155884 0.016612399 0.998643339 0.049350541 -0.586996078 0.997929931 -0.013493218 -0.062878728 172.778244019
-0.062075496 0.054012280 -0.996608913 -173.568695068 0.013289753 0.998490810 0.053286500 -0.554217339 0.997982979 -0.009936902 -0.062699676 172.704269409
-0.062744260 0.048329920 -0.996858716 -174.627212524 0.010467233 0.998803735 0.047765389 -0.523275375 0.997974753 -0.007437345 -0.063175082 172.638900757
-0.062756300 0.036088865 -0.997376323 -175.673934937 0.005125513 0.999344468 0.035837583 -0.506870747 0.998015881 -0.002863037 -0.062900186 172.546524048
-0.062750340 0.025069902 -0.997714400 -176.715087891 0.003716290 0.999683380 0.024885647 -0.495894909 0.998022377 -0.002146214 -0.062823653 172.479782104
-0.063913703 0.021702416 -0.997719646 -177.745727539 0.001597292 0.999764442 0.021644577 -0.487440109 0.997954369 -0.000210269 -0.063933253 172.409942627
-0.063801289 0.029209018 -0.997535110 -178.779541016 0.001355678 0.999573171 0.029181989 -0.472383022 0.997961760 0.000509512 -0.063813686 172.334854126
-0.063933253 0.039242879 -0.997182429 -179.829864502 -0.000093556 0.999226272 0.039329316 -0.460036278 0.997954309 0.002607742 -0.063880086 172.259963989
-0.064532280 0.046429221 -0.996835053 -180.849594116 -0.002040382 0.998908818 0.046657905 -0.438176155 0.997913659 0.005044860 -0.064367175 172.186141968
-0.065270185 0.046926651 -0.996763706 -181.855209351 -0.001820947 0.998886347 0.047145825 -0.416113853 0.997866035 0.004892266 -0.065112114 172.114395142
-0.065838218 0.044747900 -0.996826410 -182.847335815 -0.001320046 0.998989165 0.044932172 -0.390241623 0.997829437 0.004274111 -0.065712571 172.034988403
-0.066661835 0.043687541 -0.996818900 -183.881515503 0.000747043 0.999042869 0.043735061 -0.368124962 0.997775495 0.002170786 -0.066630721 171.972549438
-0.066573858 0.040508799 -0.996958971 -184.873153687 0.001184451 0.999178052 0.040519875 -0.348849773 0.997780919 0.001516710 -0.066567063 171.901092529
-0.066340327 0.035403147 -0.997168839 -185.854064941 0.001643786 0.999372840 0.035372037 -0.330395699 0.997795761 0.000707457 -0.066356897 171.830612183
-0.066238642 0.034399051 -0.997210741 -186.842758179 0.002981454 0.999407947 0.034276806 -0.310724258 0.997799397 -0.000702691 -0.066301942 171.762924194
-0.064095020 0.036331125 -0.997282267 -187.809967041 0.002848636 0.999339700 0.036222994 -0.291215420 0.997939765 -0.000519180 -0.064156175 171.690841675
-0.063265920 0.034579106 -0.997397542 -188.779663086 0.000567438 0.999400616 0.034612559 -0.272194386 0.997996628 0.001623827 -0.063247561 171.632217407
-0.061973214 0.029799437 -0.997632980 -189.728103638 -0.001068667 0.999551654 0.029923137 -0.256964684 0.998077393 0.002920564 -0.061913490 171.565063477
-0.061087847 0.027859716 -0.997743607 -190.674957275 -0.002635770 0.999602377 0.028072998 -0.244157314 0.998129010 0.004344738 -0.060990095 171.497756958
-0.060536385 0.029924285 -0.997717440 -191.636856079 -0.003622899 0.999537349 0.030198691 -0.238260746 0.998159528 0.005442745 -0.060399890 171.428924561
-0.061670423 0.032667469 -0.997561991 -192.576675415 -0.003037775 0.999453485 0.032917213 -0.232182026 0.998092115 0.005060383 -0.061537504 171.369461060
-0.061900496 0.034106132 -0.997499466 -193.502960205 -0.002631853 0.999406934 0.034334671 -0.219104767 0.998078883 0.004750604 -0.061774015 171.300292969
-0.062595010 0.033914261 -0.997462749 -194.428405762 -0.003295569 0.999410033 0.034187283 -0.207806110 0.998033702 0.005427157 -0.062446356 171.232498169
-0.065872908 0.031077685 -0.997343898 -195.353683472 -0.005381476 0.999489248 0.031499971 -0.195254803 0.997813463 0.007442177 -0.065672040 171.163284302
-0.069472075 0.030223858 -0.997125924 -196.274505615 -0.007739968 0.999494493 0.030834911 -0.180185795 0.997553825 0.009859887 -0.069203019 171.092147827
-0.072729468 0.031559784 -0.996852398 -197.192108154 -0.006611697 0.999462008 0.032124788 -0.166403294 0.997329950 0.008927300 -0.072481632 171.021301270
-0.077038646 0.033823594 -0.996454298 -198.103469849 -0.009800156 0.999350429 0.034679580 -0.156369686 0.996980011 0.012437069 -0.076657057 170.941665649
-0.081091166 0.036537468 -0.996036708 -199.013656616 -0.004876575 0.999301374 0.037054244 -0.137461185 0.996694684 0.007862022 -0.080856323 170.866607666
-0.085881352 0.038221817 -0.995572090 -199.917861938 -0.000988575 0.999260068 0.038448688 -0.119238853 0.996304989 0.004286221 -0.085780025 170.789916992
-0.091358304 0.035603225 -0.995181441 -200.822860718 -0.001866643 0.999352813 0.035923820 -0.105567455 0.995816350 0.005139587 -0.091232777 170.702056885
-0.097019792 0.030237921 -0.994823039 -201.709426880 0.000709742 0.999540210 0.030312084 -0.088296890 0.995282233 0.002234805 -0.096996665 170.612045288
-0.103642344 0.027476618 -0.994235158 -202.592163086 0.002606468 0.999622405 0.027353797 -0.070422649 0.994611323 0.000243569 -0.103674889 170.517700195
-0.109727383 0.031252023 -0.993470371 -203.475173950 0.004012246 0.999511361 0.030998912 -0.059458256 0.993953705 -0.000584619 -0.109799266 170.414810181
-0.116698384 0.036547605 -0.992494702 -204.361999512 0.003827548 0.999331832 0.036349330 -0.046745300 0.993160009 0.000443086 -0.116760254 170.303253174
-0.123845935 0.039184622 -0.991527498 -205.240921021 0.002711858 0.999229670 0.039150286 -0.026144505 0.992297769 0.002159719 -0.123856783 170.188064575
-0.130629420 0.038235523 -0.990693688 -206.121368408 0.004825329 0.999268711 0.037930224 -0.014213562 0.991419494 0.000174381 -0.130718350 170.073211670
-0.136174440 0.033788819 -0.990108609 -206.972274780 0.003630066 0.999428511 0.033607617 0.003986835 0.990678370 0.000982336 -0.136219263 169.945648193
-0.140848041 0.030587219 -0.989558756 -207.837219238 -0.000160038 0.999521911 0.030917961 0.014824867 0.990031362 0.004513100 -0.140775800 169.812072754
-0.143641591 0.029975258 -0.989175677 -208.688079834 -0.005091571 0.999505579 0.031027650 0.025694370 0.989616632 0.009493318 -0.143417954 169.674499512
-0.144927979 0.032328654 -0.988913953 -209.548767090 -0.011156534 0.999349117 0.034304813 0.045729160 0.989379346 0.016004579 -0.144472957 169.532791138
-0.144634485 0.033814874 -0.988907337 -210.403823853 -0.015401389 0.999217868 0.036419999 0.062209129 0.989365399 0.020498129 -0.144000649 169.395492554
-0.144099355 0.034154862 -0.988973737 -211.252929688 -0.019748727 0.999105871 0.037382290 0.076682091 0.989366293 0.024917727 -0.143296003 169.258926392
-0.142902613 0.035172440 -0.989111781 -212.096954346 -0.021943178 0.999010146 0.038694683 0.095139027 0.989493668 0.027233820 -0.141989350 169.125671387
-0.141523242 0.037529632 -0.989223301 -212.922210693 -0.021983244 0.998915553 0.041042376 0.110211849 0.989690840 0.027554786 -0.140544653 168.996780396
-0.140371084 0.039800934 -0.989298761 -213.745605469 -0.025793174 0.998705566 0.043839164 0.124958992 0.989763021 0.031670898 -0.139162779 168.874343872
-0.137960196 0.035476856 -0.989802301 -214.547714233 -0.030817693 0.998720646 0.040091932 0.147919178 0.989958286 0.036034510 -0.136690378 168.756683350
-0.132626653 0.033858869 -0.990587711 -215.364105225 -0.036084842 0.998588860 0.038963638 0.161461830 0.990509152 0.040912807 -0.131217718 168.632247925
-0.124083042 0.033239748 -0.991715133 -216.149642944 -0.040650599 0.998429418 0.038550984 0.179655075 0.991439044 0.045097325 -0.122537017 168.525970459
-0.112179279 0.034216333 -0.993098855 -216.920761108 -0.044471879 0.998232722 0.039416701 0.192515373 0.992692471 0.048586696 -0.110459447 168.430679321
-0.099506617 0.035195563 -0.994414389 -217.693984985 -0.047581159 0.998062670 0.040085923 0.199357986 0.993898749 0.051304195 -0.097639203 168.345275879
-0.086430430 0.035105146 -0.995639324 -218.448745728 -0.047299031 0.998107433 0.039298151 0.215438366 0.995134532 0.050489325 -0.084606528 168.281372070
-0.074586272 0.035335407 -0.996588349 -219.195709229 -0.046891648 0.998142242 0.038899951 0.228492737 0.996111453 0.049633071 -0.072790742 168.226226807
-0.062272906 0.036186527 -0.997402966 -219.929489136 -0.045775041 0.998187304 0.039072953 0.244956970 0.997008920 0.048089348 -0.060503602 168.187164307
-0.049821496 0.037245642 -0.998063445 -220.654220581 -0.047202632 0.998099923 0.039603271 0.258160591 0.997642159 0.049084313 -0.047968745 168.152023315
-0.037250042 0.038234681 -0.998574376 -221.365859985 -0.048585180 0.998016715 0.040025707 0.274373055 0.998124361 0.050006863 -0.035318494 168.127166748
-0.022952437 0.040070903 -0.998933375 -222.077667236 -0.049986869 0.997900665 0.041178022 0.287755966 0.998486280 0.050878670 -0.020901203 168.112442017
-0.008282423 0.040722385 -0.999136329 -222.768768311 -0.049012102 0.997952998 0.041080441 0.301139832 0.998764038 0.049310002 -0.006269574 168.109863281
0.006445587 0.040192630 -0.999171138 -223.447814941 -0.049649052 0.997972429 0.039824128 0.315553665 0.998745918 0.049351215 0.008428037 168.112899780
0.021192014 0.040377803 -0.998959780 -224.119842529 -0.049111877 0.998019874 0.039297946 0.330407143 0.998568535 0.048227981 0.023133039 168.130218506
0.035651505 0.040260602 -0.998553038 -224.777999878 -0.047965556 0.998105586 0.038530041 0.339090347 0.998212636 0.046522494 0.037515044 168.161437988
0.050527334 0.039030105 -0.997959733 -225.423751831 -0.046517164 0.998243630 0.036686014 0.358728409 0.997638762 0.044568609 0.052254140 168.195556641
0.065630853 0.038767237 -0.997090638 -226.060668945 -0.045462813 0.998323500 0.035822704 0.378588676 0.996807814 0.042979471 0.067283273 168.246505737
0.081322610 0.036121808 -0.996033132 -226.674362183 -0.043800659 0.998507082 0.032635354 0.377598763 0.995725036 0.040972911 0.082783341 168.293151855
0.094700634 0.034299389 -0.994914770 -227.290008545 -0.042526450 0.998633325 0.030379720 0.379981518 0.994597077 0.039433211 0.096029818 168.369552612
0.108901560 0.033386990 -0.993491769 -227.885498047 -0.042486999 0.998678803 0.028904097 0.388037682 0.993144214 0.039062779 0.110176206 168.445281982
0.123468399 0.034014072 -0.991765499 -228.462738037 -0.040829822 0.998740196 0.029170230 0.387869358 0.991508305 0.036891997 0.124701619 168.516784668
0.135590971 0.034663618 -0.990158498 -229.025466919 -0.039975621 0.998765349 0.029490717 0.398182392 0.989958286 0.035583511 0.136809289 168.612014771
0.149206877 0.036338214 -0.988138139 -229.586181641 -0.037442990 0.998815417 0.031077048 0.399767876 0.988096893 0.032361932 0.150390744 168.697143555
0.161367893 0.037239917 -0.986191571 -230.131317139 -0.037039861 0.998812258 0.031655755 0.404931068 0.986199081 0.031420168 0.162555635 168.796234131
0.172018647 0.037657831 -0.984373748 -230.671142578 -0.038024645 0.998778164 0.031564098 0.412065029 0.984359682 0.032000843 0.173240364 168.887252808
0.181367397 0.037332281 -0.982706547 -231.181213379 -0.035198811 0.998885334 0.031450644 0.409851074 0.982785285 0.028885981 0.182479322 168.964736938
0.186623573 0.036479626 -0.981754005 -231.686492920 -0.031834457 0.999010146 0.031069346 0.416357040 0.981915593 0.025455330 0.187600195 169.072601318
0.189285040 0.036001809 -0.981262088 -232.186080933 -0.028043643 0.999118209 0.031247329 0.420840740 0.981521726 0.021603502 0.190127730 169.178100586
0.189682484 0.036766171 -0.981156945 -232.672195435 -0.025490338 0.999146223 0.032512344 0.425222874 0.981514633 0.018842995 0.190457702 169.272918701
0.188481510 0.037925024 -0.981344223 -233.148117065 -0.024570145 0.999123394 0.033893060 0.426154137 0.981769383 0.017723551 0.189248085 169.362228394
0.184462190 0.037734188 -0.982114971 -233.616119385 -0.023905246 0.999139369 0.033898368 0.437237740 0.982548833 0.017224731 0.185205460 169.456527710
0.179874182 0.037833728 -0.982961833 -234.078140259 -0.022895440 0.999150395 0.034267139 0.437633514 0.983423173 0.016341569 0.180587590 169.513229370
0.170854807 0.038378581 -0.984548628 -234.524337769 -0.021275910 0.999151826 0.035255689 0.442641735 0.985066652 0.014923554 0.171526432 169.589309692
0.159061432 0.038594417 -0.986514151 -234.953369141 -0.018096248 0.999181688 0.036172237 0.450715065 0.987102985 0.012098588 0.159629703 169.652740479
0.143568695 0.038536210 -0.988889873 -235.359405518 -0.016394656 0.999197066 0.036557671 0.453352928 0.989504635 0.010963969 0.144085169 169.705276489
0.125111043 0.038239792 -0.991405487 -235.755172729 -0.014743432 0.999218285 0.036680587 0.458822250 0.992033184 0.010027573 0.125577033 169.749664307
0.105185866 0.038645651 -0.993701339 -236.153350830 -0.014925524 0.999193430 0.037279334 0.466252327 0.994340539 0.010910256 0.105677843 169.778854370
0.083258867 0.039055321 -0.995762467 -236.542602539 -0.013167733 0.999187589 0.038088668 0.469908237 0.996441066 0.009940711 0.083705485 169.796340942
0.057718754 0.039877925 -0.997536242 -236.912017822 -0.010883841 0.999167681 0.039313395 0.478383541 0.998273671 0.008587899 0.058104753 169.813095093
0.029854059 0.040482227 -0.998734236 -237.258392334 -0.007822629 0.999158382 0.040265590 0.495279789 0.999523759 0.006610630 0.030145645 169.804504395
-0.001702547 0.041202076 -0.999149442 -237.625366211 -0.007533773 0.999121964 0.041213781 0.505127907 0.999970198 0.007597532 -0.001390696 169.789276123
-0.035171747 0.042246331 -0.998487949 -237.985931396 -0.007166268 0.999069750 0.042523380 0.502256393 0.999355555 0.008651052 -0.034836292 169.746719360
-0.070483088 0.040354837 -0.996696353 -238.295928955 -0.013442138 0.999052167 0.041400805 0.524611473 0.997422397 0.016315784 -0.069873810 169.691085815
-0.102368116 0.038195882 -0.994013190 -238.505310059 -0.014472284 0.999099612 0.039881758 0.519312859 0.994641483 0.018468251 -0.101723075 169.569900513
-0.140561223 0.033706438 -0.989498138 -238.817398071 -0.016453782 0.999202788 0.036374331 0.522326469 0.989935338 0.021393804 -0.139894605 169.495407104
-0.177095175 0.031234471 -0.983698010 -239.119216919 -0.014655815 0.999301791 0.034368411 0.528843403 0.984084606 0.020503376 -0.176513791 169.410186768
-0.213515282 0.029986706 -0.976479471 -239.422622681 -0.015281725 0.999303997 0.034029096 0.541621208 0.976820290 0.022188017 -0.212908387 169.313858032
-0.248070359 0.029175572 -0.968302608 -239.700317383 -0.015181876 0.999306560 0.033999197 0.549576759 0.968623102 0.023134841 -0.247455359 169.197326660
-0.283063889 0.028107658 -0.958689332 -239.973892212 -0.016670261 0.999275267 0.034219678 0.559134960 0.958956361 0.025667947 -0.282390237 169.085372925
-0.316966295 0.026758421 -0.948059440 -240.245910645 -0.021102274 0.999155521 0.035255738 0.564441681 0.948202193 0.031181082 -0.316133976 168.946807861
-0.348811507 0.022537129 -0.936922133 -240.477020264 -0.025765261 0.999102354 0.033625118 0.578833580 0.936838865 0.035868861 -0.347917676 168.794967651
-0.381970525 0.019874828 -0.923960865 -240.741958618 -0.030206140 0.998966098 0.033975605 0.577979565 0.923680842 0.040886965 -0.380975246 168.665267944
-0.413509607 0.018830627 -0.910305142 -240.950164795 -0.034087993 0.998764992 0.036145117 0.576095819 0.909861565 0.045976821 -0.412357092 168.539627075
-0.442533731 0.018929245 -0.896552265 -241.192535400 -0.037603151 0.998506129 0.039642565 0.607853651 0.895963311 0.051256351 -0.441160798 168.371490479
-0.471498489 0.023688203 -0.881548584 -241.427032471 -0.033317640 0.998447001 0.044649422 0.591489315 0.881237149 0.050423257 -0.469977021 168.236145020
-0.499472499 0.020850532 -0.866078854 -241.664031982 -0.034017831 0.998467267 0.043656006 0.617548227 0.865661681 0.051267095 -0.497997642 168.076370239
-0.525911093 0.016561447 -0.850378573 -241.906707764 -0.036125958 0.998473167 0.041787505 0.634342432 0.849772274 0.052697241 -0.524509907 167.902099609
-0.549494505 0.014749238 -0.835367322 -242.150497437 -0.038572699 0.998330235 0.042999163 0.659670949 0.834606647 0.055850163 -0.548008084 167.703292847
-0.570054770 0.014869436 -0.821472108 -242.365783691 -0.042101786 0.997993946 0.047280889 0.658383131 0.820527256 0.061538141 -0.568285227 167.504028320
-0.587489128 0.011145274 -0.809155464 -242.590408325 -0.046776310 0.997765601 0.047705222 0.681183577 0.807879150 0.065875597 -0.585655093 167.298995972
-0.605337739 0.007918022 -0.795929432 -242.849502563 -0.047467601 0.997811735 0.046027482 0.680055737 0.794552207 0.065643027 -0.603637338 167.123062134
-0.621315956 0.006327619 -0.783534706 -242.998733521 -0.046532094 0.997904599 0.044957161 0.655050337 0.782177329 0.064392105 -0.619719625 166.942703247
-0.635422111 0.009470387 -0.772106946 -243.225967407 -0.039293196 0.998232722 0.044581152 0.659987509 0.771164596 0.058666401 -0.633927107 166.742675781
-0.648397446 0.010910731 -0.761223912 -243.445373535 -0.034808498 0.998426735 0.043959875 0.663522482 0.760505915 0.055000525 -0.646997571 166.548171997
-0.661525726 0.009706709 -0.749859571 -243.659988403 -0.032307502 0.998619020 0.041428491 0.670143127 0.749226153 0.051632106 -0.660298586 166.342132568
-0.675343990 0.007731956 -0.737462521 -243.872680664 -0.029161716 0.998883069 0.037178174 0.682856679 0.736926258 0.046613723 -0.674364209 166.136825562
-0.687250853 0.005580708 -0.726399004 -244.079055786 -0.025349412 0.999177217 0.031659622 0.696507871 0.725978017 0.040171880 -0.686543941 165.904464722
-0.700476170 0.004783791 -0.713659883 -244.292892456 -0.022249175 0.999345124 0.028536947 0.703988910 0.713329017 0.035867792 -0.699910998 165.687835693
-0.714190483 0.005105095 -0.699933052 -244.498046875 -0.021389117 0.999347210 0.029113734 0.714149654 0.699624777 0.035763696 -0.713615179 165.452621460
-0.728906512 0.007997167 -0.684566677 -244.701599121 -0.020468695 0.999230206 0.033467557 0.719505727 0.684307337 0.038406905 -0.728181720 165.199996948
-0.746098042 0.011922830 -0.665729582 -244.914764404 -0.016984794 0.999173522 0.036929853 0.733323753 0.665619671 0.038860567 -0.745278955 164.960876465
-0.763797879 0.016096177 -0.645255148 -245.112792969 -0.013806897 0.999052823 0.041265242 0.733742595 0.645308197 0.040427268 -0.762852192 164.706634521
-0.780231714 0.018089855 -0.625229001 -245.272155762 -0.009609067 0.999117076 0.040898904 0.753070235 0.625416875 0.037918486 -0.779368997 164.451828003
-0.797217250 0.017610937 -0.603435755 -245.460449219 -0.009197734 0.999104083 0.041309703 0.767513156 0.603622615 0.038483042 -0.796341062 164.164871216
-0.814141631 0.017946031 -0.580389202 -245.636322021 -0.009256159 0.998994231 0.043873671 0.771305859 0.580592811 0.041091550 -0.813156605 163.873016357
-0.831481695 0.017847650 -0.555265605 -245.819946289 -0.008581338 0.998951972 0.044958971 0.778891325 0.555486083 0.042147480 -0.830457091 163.561004639
-0.848816156 0.019028289 -0.528345764 -245.999267578 -0.005505119 0.998979807 0.044822372 0.790278018 0.528659642 0.040954553 -0.847845554 163.242004395
-0.864932775 0.020552443 -0.501466632 -246.181793213 -0.000924257 0.999094248 0.042541713 0.811148763 0.501886725 0.037259206 -0.864130378 162.883621216
-0.881084204 0.020349229 -0.472522140 -246.348754883 0.001685977 0.999202788 0.039887067 0.827880859 0.472957104 0.034347188 -0.880416155 162.526412964
-0.896886349 0.016874738 -0.441938996 -246.510864258 0.001031796 0.999348938 0.036064584 0.841485023 0.442259848 0.031889845 -0.896319866 162.159851074
-0.911464214 0.011632347 -0.411215097 -246.650543213 -0.002907260 0.999393046 0.034714554 0.857025385 0.411369324 0.032836583 -0.910877228 161.763565063
-0.925343156 0.012088690 -0.378938258 -246.793334961 -0.001856464 0.999335051 0.036413632 0.867325544 0.379126489 0.034398586 -0.924705386 161.354248047
-0.936508894 0.019193228 -0.350119293 -246.942626953 0.006043728 0.999236047 0.038611311 0.878930449 0.350592881 0.034043793 -0.935909390 160.918685913
-0.945892096 0.021466933 -0.323770612 -247.083770752 0.009447757 0.999208212 0.038648892 0.895182550 0.324343920 0.033498775 -0.945345879 160.460952759
-0.953618169 0.017794900 -0.300492823 -247.222503662 0.006585232 0.999245524 0.038276047 0.915352881 0.300947219 0.034521915 -0.953015804 159.974472046
-0.959080219 0.014053407 -0.282786041 -247.347839355 0.002999645 0.999215722 0.039483864 0.933897972 0.283119142 0.037019927 -0.958370090 159.471343994
-0.962660074 0.012086373 -0.270442933 -247.479217529 0.001238695 0.999189079 0.040245563 0.951711297 0.270710051 0.038407803 -0.961894393 158.951858521
-0.965266466 0.014855495 -0.260845572 -247.612884521 0.004179620 0.999132454 0.041435100 0.965401053 0.261234820 0.038905665 -0.964491129 158.410858154
-0.968260646 0.021035433 -0.249055639 -247.757537842 0.011013285 0.999075055 0.041565992 0.986496806 0.249699637 0.037503794 -0.967596769 157.847686768
-0.971564174 0.028434739 -0.235063583 -247.902984619 0.019254286 0.998962939 0.041258961 1.005214214 0.235992998 0.035559736 -0.971104145 157.260253906
-0.975201130 0.029124601 -0.219396621 -248.035308838 0.021337414 0.999058247 0.037780456 1.024636984 0.220290333 0.032162182 -0.974904060 156.643920898
-0.978511214 0.030240797 -0.203964695 -248.151031494 0.023416836 0.999085009 0.035788037 1.043958664 0.204860330 0.030242784 -0.978324056 156.004928589
-0.981709242 0.030007228 -0.188008100 -248.270812988 0.023698460 0.999081016 0.035714734 1.075680256 0.188907027 0.030605974 -0.981518149 155.327728271
-0.984362364 0.035313535 -0.172580421 -248.383819580 0.029218050 0.998860598 0.037734043 1.099391937 0.173716292 0.032101501 -0.984272480 154.619796753
-0.986903071 0.036551103 -0.157121152 -248.484710693 0.030441282 0.998690426 0.041118942 1.118825436 0.158418328 0.035797425 -0.986723304 153.894134521
-0.988992572 0.038143266 -0.142964408 -248.581939697 0.032434110 0.998588741 0.042054795 1.146295547 0.144366741 0.036954954 -0.988833904 153.142410278
-0.990697742 0.038585819 -0.130497262 -248.680694580 0.033622645 0.998632789 0.040025301 1.172852039 0.131863251 0.035265304 -0.990640640 152.352600098
-0.992135882 0.037266530 -0.119489983 -248.775848389 0.033104509 0.998780429 0.036629941 1.205177069 0.120709322 0.032386217 -0.992159605 151.531799316
-0.993034601 0.038346112 -0.111411527 -248.866577148 0.034541331 0.998758852 0.035883106 1.233981609 0.112649232 0.031784855 -0.993126631 150.699645996
-0.993748665 0.036650479 -0.105453610 -248.938903809 0.032956950 0.998787940 0.036557652 1.264007092 0.106665649 0.032853685 -0.993752122 149.837982178
-0.994229198 0.036701959 -0.100803584 -249.018615723 0.033055965 0.998745799 0.037605036 1.290993690 0.102057338 0.034055863 -0.994195461 148.959808350
-0.994561672 0.038085669 -0.096935235 -249.119812012 0.034547158 0.998683214 0.037924673 1.314865828 0.098251984 0.034369592 -0.994567871 148.044708252
-0.994745731 0.038345963 -0.094925493 -249.200286865 0.034983143 0.998708665 0.036840659 1.349162102 0.096215598 0.033326287 -0.994802594 147.120162964
-0.994912505 0.038540263 -0.093079247 -249.284942627 0.035280626 0.998713732 0.036415804 1.378697395 0.094362997 0.032946642 -0.994992614 146.161010742
-0.995044708 0.040179003 -0.090950094 -249.375366211 0.036914308 0.998622119 0.037298054 1.410229206 0.092323378 0.033755869 -0.995156884 145.194183350
-0.995179653 0.041701112 -0.088765509 -249.469818115 0.038387250 0.998512506 0.038718756 1.444410801 0.090248093 0.035124641 -0.995300055 144.193756104
-0.995156884 0.045225348 -0.087280236 -249.557037354 0.041843105 0.998315096 0.040200423 1.476933956 0.088951252 0.036353644 -0.995372534 143.177001953
-0.995159864 0.047867507 -0.085823402 -249.644958496 0.044456147 0.998160183 0.041229650 1.516088009 0.087639064 0.037214711 -0.995456934 142.137832642
-0.995308280 0.048045173 -0.083982818 -249.730621338 0.044814348 0.998196542 0.039941907 1.549954891 0.085750371 0.035990871 -0.995666385 141.073043823
-0.995383620 0.048318285 -0.082925990 -249.808105469 0.045461204 0.998317122 0.036003556 1.584584713 0.084526062 0.032067437 -0.995905161 139.990386963
-0.995620728 0.046080593 -0.081339583 -249.897918701 0.043495219 0.998499274 0.033276573 1.619214058 0.082750916 0.029592961 -0.996130824 138.917449951
-0.995828152 0.043885544 -0.080004431 -249.971832275 0.041302308 0.998579443 0.033663195 1.653438091 0.081368104 0.030218383 -0.996226072 137.778305054
-0.996044993 0.042094402 -0.078248262 -250.059631348 0.039417200 0.998593807 0.035450161 1.682521343 0.079630479 0.032225624 -0.996303678 136.627990723
-0.996006489 0.045008786 -0.077105783 -250.151702881 0.041980319 0.998298943 0.040458072 1.714580536 0.078795590 0.037059579 -0.996201754 135.444488525
-0.996151447 0.045996677 -0.074611850 -250.240966797 0.042554241 0.997983813 0.047090054 1.751999378 0.076627403 0.043733768 -0.996100307 134.256546021
-0.996129990 0.049282990 -0.072776332 -250.321258545 0.045551710 0.997604012 0.052070297 1.796495914 0.075168140 0.048553698 -0.995988250 133.075866699
-0.996164083 0.051501229 -0.070744365 -250.411041260 0.047876008 0.997497857 0.052018389 1.831326485 0.073246360 0.048431896 -0.996137261 131.891418457
-0.996282816 0.051634755 -0.068956472 -250.487915039 0.048254807 0.997592092 0.049814116 1.869121552 0.071362570 0.046301451 -0.996375442 130.717300415
-0.996483803 0.050561674 -0.066811010 -250.569305420 0.047509775 0.997787595 0.046505660 1.901468277 0.069014601 0.043167956 -0.996681333 129.529693604
-0.996754408 0.048767120 -0.064052291 -250.640991211 0.045865200 0.997887015 0.046020884 1.939077854 0.066161260 0.042933743 -0.996884942 128.351287842
-0.997032762 0.045393150 -0.062175207 -250.691833496 0.042542357 0.998015106 0.046432320 1.977590084 0.064159505 0.043649454 -0.996984839 127.159271240
-0.997238517 0.043219723 -0.060394362 -250.767303467 0.040364914 0.998045027 0.047716096 2.008206129 0.062338568 0.045146517 -0.997033477 126.001472473
-0.997352958 0.043316301 -0.058406428 -250.820465088 0.040548664 0.998035133 0.047766481 2.047876835 0.060360733 0.045271728 -0.997149706 124.845924377
-0.997605205 0.041938771 -0.055000316 -250.879791260 0.039289732 0.998055398 0.048392016 2.084908962 0.056922860 0.046115179 -0.997313023 123.656730652
-0.997647405 0.044047300 -0.052534889 -250.941314697 0.041512821 0.997965157 0.048396859 2.120248079 0.054559737 0.046102118 -0.997445822 122.473968506
-0.997751594 0.044825397 -0.049824335 -250.994171143 0.042424753 0.997934461 0.048238359 2.161050797 0.051883727 0.046016112 -0.997592449 121.284500122
-0.997801065 0.045761485 -0.047946166 -251.054107666 0.043403629 0.997849584 0.049115214 2.194278240 0.050090648 0.046926174 -0.997641683 120.109077454
-0.997972369 0.043770514 -0.046211373 -251.099761963 0.041451447 0.997888505 0.050002839 2.230043173 0.048302449 0.047985923 -0.997679591 118.934516907
-0.998134494 0.041635007 -0.044656932 -251.147003174 0.039376698 0.997957110 0.050310422 2.264964104 0.046660375 0.048458118 -0.997734785 117.744277954
-0.998251200 0.040260855 -0.043288101 -251.191528320 0.038098957 0.998039365 0.049657870 2.303192139 0.045202494 0.047921788 -0.997827888 116.560585022
-0.998357654 0.038337037 -0.042573676 -251.231842041 0.036178485 0.998075426 0.050364204 2.342807770 0.044422556 0.048741229 -0.997823238 115.382537842
-0.998389602 0.037839960 -0.042268582 -251.266418457 0.035721835 0.998120666 0.049789872 2.380160332 0.044073191 0.048199769 -0.997864962 114.211303711
-0.998430848 0.037850078 -0.041272238 -251.312316895 0.035837937 0.998182535 0.048448820 2.410382271 0.043031018 0.046893682 -0.997972608 113.050811768
-0.998438716 0.038040280 -0.040903199 -251.347595215 0.036098719 0.998232901 0.047201671 2.449351788 0.042626485 0.045651421 -0.998047590 111.878898621
-0.998445392 0.039016232 -0.039812140 -251.400299072 0.037077844 0.998143613 0.048317064 2.483338356 0.041623384 0.046765793 -0.998038530 110.719833374
-0.998442531 0.040564004 -0.038302246 -251.449035645 0.038624335 0.997997522 0.050090984 2.514487743 0.040257439 0.048533566 -0.998010039 109.553878784
-0.998525262 0.039783105 -0.036944136 -251.487915039 0.037865743 0.997969091 0.051223654 2.549249887 0.038906943 0.049749192 -0.998003840 108.397438049
-0.998590827 0.039129980 -0.035856120 -251.515533447 0.037309356 0.998046577 0.050110504 2.588078260 0.037746899 0.048702106 -0.998100042 107.247116089
-0.998720765 0.037317615 -0.034128208 -251.552276611 0.035598021 0.998130739 0.049677011 2.621169090 0.035918243 0.048398551 -0.998182297 106.086151123
-0.998833179 0.035914142 -0.032291062 -251.584106445 0.034277711 0.998166978 0.049877632 2.657907963 0.034023184 0.048712563 -0.998233318 104.931884766
-0.998921156 0.034976028 -0.030554889 -251.613891602 0.033397332 0.998153687 0.050733387 2.694931030 0.032272924 0.049658194 -0.998245001 103.775886536
-0.998972178 0.035106383 -0.028675929 -251.642364502 0.033629134 0.998159349 0.050467383 2.717283249 0.030394875 0.049451161 -0.998314023 102.646118164
-0.999044180 0.034608070 -0.026712993 -251.672546387 0.033317748 0.998323798 0.047323927 2.757840633 0.028306006 0.046388663 -0.998522639 101.498847961
-0.999094844 0.033830386 -0.025792006 -251.680267334 0.032655235 0.998466671 0.044697709 2.791326523 0.027264599 0.043815002 -0.998667598 100.383293152
-0.999146700 0.032808054 -0.025095318 -251.700164795 0.031641494 0.998460889 0.045548972 2.815526724 0.026551066 0.044716042 -0.998646975 99.244300842
-0.999178290 0.032514017 -0.024200989 -251.741180420 0.031323250 0.998353422 0.048054744 2.838615179 0.025723593 0.047257204 -0.998551488 98.099555969
-0.999205351 0.032187857 -0.023504145 -251.759399414 0.030967750 0.998241365 0.050548777 2.873712063 0.025089867 0.049780741 -0.998444915 96.971817017
-0.999192715 0.032885753 -0.023072910 -251.784790039 0.031694971 0.998235941 0.050204154 2.907812119 0.024683207 0.049432334 -0.998472452 95.831886292
-0.999173999 0.033277676 -0.023321575 -251.810791016 0.032142393 0.998355329 0.047471214 2.940650463 0.024862949 0.046682391 -0.998600245 94.704612732
-0.999166489 0.032016955 -0.025327086 -251.819793701 0.030863456 0.998523831 0.044693943 2.980059624 0.026720664 0.043875005 -0.998679757 93.573516846
-0.999167323 0.030222602 -0.027407508 -251.846862793 0.029012579 0.998631120 0.043521278 2.999248505 0.028685316 0.042689875 -0.998676419 92.463096619
-0.999118328 0.028347889 -0.030970978 -251.874420166 0.026935427 0.998618901 0.045108736 3.029266596 0.032206941 0.044234745 -0.998502016 91.343620300
-0.998952985 0.029006150 -0.035383284 -251.909881592 0.027398005 0.998605907 0.045117345 3.062366247 0.036642637 0.044100668 -0.998355031 90.214012146
-0.998752356 0.030454131 -0.039578542 -251.949432373 0.028694319 0.998606265 0.044295978 3.086942196 0.040872376 0.043105032 -0.998234272 89.099525452
-0.998483181 0.034508165 -0.042903651 -251.995788574 0.032649543 0.998528838 0.043291911 3.119406939 0.044334456 0.041825458 -0.998140931 87.984466553
-0.998220086 0.037609287 -0.046291891 -252.044403076 0.035522014 0.998350024 0.045114949 3.152711153 0.047912255 0.043390252 -0.997909069 86.861770630
-0.998004079 0.039723650 -0.049090069 -252.091613770 0.037318029 0.998102069 0.048985653 3.194772005 0.050942790 0.047055937 -0.997592449 85.771820068
-0.998047352 0.037004676 -0.050324086 -252.143432617 0.034259375 0.997933388 0.054362182 3.229423046 0.052231740 0.052531946 -0.997252464 84.667366028
-0.998142719 0.031192096 -0.052329723 -252.185577393 0.027987817 0.997752249 0.060886063 3.269300222 0.054111261 0.059308380 -0.996772170 83.581367493
-0.998067498 0.029552203 -0.054663565 -252.238861084 0.026093654 0.997676373 0.062936030 3.312219381 0.056396447 0.061388031 -0.996519446 82.461822510
-0.998125672 0.022867009 -0.056766450 -252.278167725 0.019574311 0.998130620 0.057897635 3.362187386 0.057984278 0.056677945 -0.996707320 81.372718811
-0.998139977 0.022212019 -0.056777384 -252.342651367 0.019326655 0.998518169 0.050872397 3.395977974 0.057823226 0.049680445 -0.997090101 80.300025940
-0.998075724 0.024848649 -0.056810480 -252.407165527 0.022294601 0.998731077 0.045157474 3.438814640 0.057860494 0.043804009 -0.997363210 79.199653625
-0.998028159 0.026918327 -0.056703389 -252.464416504 0.024401395 0.998705864 0.044621956 3.476082087 0.057831157 0.043150324 -0.997393489 78.103073120
-0.998008847 0.028312890 -0.056360751 -252.527526855 0.025556182 0.998469532 0.049045790 3.505747795 0.057663120 0.047507774 -0.997205019 77.012771606
-0.998039365 0.028056715 -0.055947728 -252.590789795 0.025135614 0.998317719 0.052248452 3.550858498 0.057319529 0.050739732 -0.997065663 75.889694214
-0.998046517 0.027641265 -0.056030635 -252.651031494 0.024512330 0.998142064 0.055781387 3.586180925 0.057468399 0.054298967 -0.996869802 74.803543091
-0.998043299 0.025935378 -0.056894999 -252.702178955 0.022643965 0.998074174 0.057751518 3.627374649 0.058283236 0.056350183 -0.996708512 73.714050293
-0.998025537 0.025407417 -0.057446782 -252.758300781 0.022129929 0.998129666 0.056986164 3.673039675 0.058787208 0.055602338 -0.996721148 72.631271362
-0.997968912 0.024683964 -0.058725543 -252.804382324 0.021421302 0.998225927 0.055552967 3.713511944 0.059992626 0.054182157 -0.996727228 71.540161133
-0.997953057 0.026508251 -0.058199432 -252.862152100 0.023366446 0.998266637 0.054015782 3.756701231 0.059530415 0.052545298 -0.996842623 70.462097168
-0.998014331 0.026267670 -0.057250135 -252.918304443 0.023167495 0.998263597 0.054158252 3.791029215 0.058573335 0.052724365 -0.996889949 69.382751465
-0.998083591 0.026910402 -0.055724256 -252.985107422 0.023906231 0.998260498 0.053893548 3.837987661 0.057077616 0.052458104 -0.996990681 68.295288086
-0.998180747 0.026747959 -0.054036219 -253.030242920 0.023759836 0.998192370 0.055203728 3.875994444 0.055415127 0.053819403 -0.997011900 67.224571228
-0.998320937 0.025394395 -0.052067570 -253.085235596 0.022485364 0.998193502 0.055714451 3.920008183 0.053388346 0.054450125 -0.997088552 66.137542725
-0.998429298 0.023884268 -0.050678439 -253.128723145 0.021027992 0.998200059 0.056164168 3.953726530 0.051928662 0.055010289 -0.997134447 65.054466248
-0.998546362 0.023603603 -0.048461996 -253.179077148 0.020868350 0.998201907 0.056191526 3.993415833 0.049701177 0.055098511 -0.997243404 63.978805542
-0.998618722 0.023304015 -0.047093358 -253.206756592 0.020658612 0.998222649 0.055900060 4.024273396 0.048312351 0.054849960 -0.997325301 62.916683197
-0.998725057 0.022132982 -0.045370571 -253.249633789 0.019588415 0.998250842 0.055781279 4.067836285 0.046525814 0.054821420 -0.997411728 61.840816498
-0.998816848 0.021734497 -0.043510374 -253.289001465 0.019325485 0.998297036 0.055041347 4.110603809 0.044632573 0.054135349 -0.997535944 60.773220062
-0.998932600 0.019646022 -0.041807231 -253.322387695 0.017327081 0.998329103 0.055124730 4.148652554 0.042820357 0.054341488 -0.997603893 59.704959869
-0.998976350 0.020368055 -0.040393997 -253.358001709 0.018156026 0.998354614 0.054391839 4.185307503 0.041435387 0.053602755 -0.997702360 58.666519165
-0.999048710 0.019021044 -0.039245930 -253.387145996 0.016856825 0.998357356 0.054757580 4.220838547 0.040223010 0.054043919 -0.997728229 57.608692169
-0.999087095 0.018342491 -0.038583204 -253.412048340 0.016195681 0.998341978 0.055236015 4.255063057 0.039532401 0.054560702 -0.997727633 56.553112030
-0.999143362 0.017407350 -0.037549034 -253.457214355 0.015305664 0.998338521 0.055550825 4.297190189 0.038453642 0.054928515 -0.997749686 55.490943909
-0.999147296 0.016221792 -0.037973594 -253.480834961 0.014093479 0.998350382 0.055659026 4.340114594 0.038813837 0.055076376 -0.997727752 54.439033508
-0.999150276 0.015703890 -0.038115390 -253.512420654 0.013584942 0.998381317 0.055229086 4.377101421 0.038921002 0.054664340 -0.997746348 53.391887665
-0.999152541 0.014819480 -0.038404472 -253.556945801 0.012719830 0.998440862 0.054351099 4.409618378 0.039150052 0.053816535 -0.997783184 52.349754333
-0.999157786 0.013477237 -0.038762648 -253.591491699 0.011368192 0.998469472 0.054124150 4.446031570 0.039432764 0.053637896 -0.997781754 51.304111481
-0.999103904 0.012693166 -0.040379081 -253.618652344 0.010535439 0.998527884 0.053207841 4.488921642 0.040995013 0.052734744 -0.997766733 50.262580872
-0.999021530 0.011418541 -0.042733595 -253.656097412 0.009129302 0.998532176 0.053386919 4.524421692 0.043280467 0.052944541 -0.997659326 49.230453491
-0.998899341 0.010024071 -0.045829196 -253.689453125 0.007530678 0.998498499 0.054258738 4.561787605 0.046304274 0.053853873 -0.997475028 48.192932129
-0.998764515 0.010337524 -0.048609219 -253.743438721 0.007628759 0.998424828 0.055584271 4.596341133 0.049107257 0.055144761 -0.997270226 47.157997131
-0.998633265 0.010287480 -0.051244564 -253.791198730 0.007420260 0.998412669 0.055830970 4.631774902 0.051737584 0.055374406 -0.997124434 46.132408142
-0.998459458 0.010495590 -0.054488096 -253.838134766 0.007506648 0.998470664 0.054772627 4.672289371 0.054979634 0.054279212 -0.997011185 45.104156494
-0.998328686 0.011247955 -0.056687232 -253.901489258 0.008164342 0.998489201 0.054337900 4.711383343 0.057212781 0.053784270 -0.996912241 44.084762573
-0.998191833 0.010868704 -0.059122235 -253.953033447 0.007698551 0.998533547 0.053586219 4.746848106 0.059617948 0.053034160 -0.996811748 43.076931000
-0.998084903 0.011178163 -0.060840894 -254.006286621 0.007901861 0.998519003 0.053826954 4.782217026 0.061352476 0.053243112 -0.996695042 42.050861359
-0.997983575 0.011058614 -0.062503085 -254.063079834 0.007696195 0.998522997 0.053783011 4.814414978 0.063005529 0.053193521 -0.996594548 41.041236877
-0.997898698 0.011365591 -0.063788116 -254.122283936 0.007929040 0.998516381 0.053871304 4.851470947 0.064305753 0.053252324 -0.996508360 40.031066895
-0.997788668 0.011005861 -0.065552376 -254.177703857 0.007467017 0.998513699 0.053987369 4.890596390 0.066049121 0.053378493 -0.996387720 39.018196106
-0.997738957 0.011600046 -0.066199414 -254.240020752 0.008038641 0.998518646 0.053813141 4.916266918 0.066725582 0.053159315 -0.996354222 38.037307739
-0.997657418 0.012528304 -0.067255914 -254.307067871 0.008958435 0.998547912 0.053120494 4.952497005 0.067823760 0.052393533 -0.996320963 37.029945374
-0.997572422 0.013097858 -0.068394139 -254.367614746 0.009512288 0.998576164 0.052490063 4.982596397 0.068984263 0.051712051 -0.996276617 36.030628204
-0.997548580 0.012642012 -0.068826795 -254.429290771 0.008942096 0.998511612 0.053802021 5.021224976 0.069404520 0.053054668 -0.996176839 35.036350250
-0.997621536 0.014066532 -0.067478590 -254.491119385 0.010414846 0.998477638 0.054165952 5.062992096 0.068137787 0.053334340 -0.996249318 34.041233063
-0.997768998 0.015571295 -0.064922303 -254.552062988 0.011989783 0.998403609 0.055195291 5.090585709 0.065678127 0.054293733 -0.996362805 33.046913147
-0.998038173 0.016930267 -0.060278907 -254.607940674 0.013658194 0.998431981 0.054286387 5.126263142 0.061103474 0.053356577 -0.996704459 32.061077118
-0.998402834 0.017280571 -0.053788271 -254.653167725 0.014357768 0.998423696 0.054258961 5.161233902 0.054641109 0.053400021 -0.997077107 31.073354721
-0.998782039 0.018286327 -0.045830611 -254.689270020 0.015804714 0.998419285 0.053936899 5.198108673 0.046744473 0.053146854 -0.997492194 30.093830109
-0.999178290 0.018512193 -0.036061097 -254.721191406 0.016547091 0.998401105 0.054050006 5.235008240 0.037004024 0.053408876 -0.997887015 29.110843658
-0.999494553 0.017913703 -0.026263881 -254.737976074 0.016455844 0.998366654 0.054710783 5.271057129 0.027201056 0.054250933 -0.998156786 28.136819839
-0.999731064 0.017220728 -0.015536019 -254.745178223 0.016335282 0.998329282 0.055423949 5.305945873 0.016464503 0.055155251 -0.998342156 27.164199829
-0.999836445 0.017433794 -0.004835838 -254.741363525 0.017131763 0.998243928 0.056705609 5.339388371 0.005815940 0.056613483 -0.998379350 26.189392090
-0.999829650 0.017290488 0.006470263 -254.739852905 0.017627660 0.998258173 0.056301672 5.368968964 -0.005485510 0.056406129 -0.998392940 25.210268021
-0.999659657 0.019168355 0.017700890 -254.712875366 0.020096112 0.998348713 0.053814694 5.405673981 -0.016640121 0.054152094 -0.998394132 24.242057800
-0.999365687 0.019488445 0.029812275 -254.677627563 0.020987695 0.998486638 0.050832320 5.433670998 -0.028776515 0.051425759 -0.998262405 23.286891937
-0.998821139 0.021441029 0.043550950 -254.635498047 0.023620406 0.998461843 0.050159872 5.471937656 -0.042408485 0.051129431 -0.997791290 22.323936462
-0.997976303 0.022658112 0.059415441 -254.571884155 0.025773490 0.998303890 0.052202765 5.506396770 -0.058131851 0.053628456 -0.996867657 21.364826202
-0.996729732 0.024265442 0.077078588 -254.488983154 0.028366435 0.998214602 0.052563898 5.534872055 -0.075665489 0.054578446 -0.995638490 20.404956818
-0.995102644 0.025488518 0.095503151 -254.389953613 0.030391574 0.998274624 0.050241247 5.569513321 -0.094057791 0.052897692 -0.994160414 19.430900574
-0.993038893 0.025551109 0.114982106 -254.268264771 0.031218668 0.998370707 0.047762841 5.600740910 -0.113574371 0.051019944 -0.992218614 18.491165161
-0.990507483 0.025071073 0.135153949 -254.133682251 0.031720646 0.998378217 0.047272898 5.634330750 -0.133749574 0.051111326 -0.989696383 17.535476685
-0.987488627 0.023126364 0.155985922 -253.982833862 0.030836646 0.998409748 0.047191747 5.668254852 -0.154646501 0.051411390 -0.986631513 16.595039368
-0.984039903 0.022312701 0.176543161 -253.808944702 0.031207383 0.998370886 0.047767129 5.691871166 -0.175189748 0.052514214 -0.983133197 15.624473572
-0.979959607 0.022811146 0.197885990 -253.610641479 0.032673657 0.998373628 0.046717893 5.724671364 -0.196498469 0.052247304 -0.979111195 14.677177429
-0.975359321 0.022689894 0.219452754 -253.387786865 0.033558276 0.998381078 0.045924306 5.753002644 -0.218055457 0.052157149 -0.974541783 13.733100891
-0.970127702 0.022828337 0.241518155 -253.141616821 0.034504339 0.998425543 0.044225343 5.779750824 -0.240128294 0.051237658 -0.969388008 12.796203613
-0.964318633 0.022565445 0.263782531 -252.869232178 0.034799661 0.998519838 0.041799221 5.795288086 -0.262448877 0.049487289 -0.963676453 11.861206055
-0.957765818 0.022737933 0.286649138 -252.600082397 0.035461046 0.998599112 0.039272029 5.823635578 -0.285354614 0.047778282 -0.957230449 10.925125122
-0.950818658 0.021987930 0.308967352 -252.286148071 0.035677388 0.998612702 0.038726732 5.844525337 -0.307687193 0.047845237 -0.950284004 10.003723145
-0.943357110 0.021106429 0.331107467 -251.947158813 0.035941064 0.998602629 0.038743678 5.864908695 -0.329827040 0.048449475 -0.942797542 9.073516846
-0.935383916 0.019756170 0.353082448 -251.575820923 0.035855699 0.998591244 0.039114084 5.898649693 -0.351812273 0.049246687 -0.934774518 8.161254883
-0.926212430 0.020615919 0.376438111 -251.216796875 0.038678147 0.998431206 0.040486347 5.908383846 -0.375012875 0.052058887 -0.925556779 7.226242065
-0.917000651 0.022502819 0.398251176 -250.807220459 0.041996725 0.998304963 0.040292002 5.933022499 -0.396669447 0.053673021 -0.916391373 6.309646606
-0.906965971 0.023032157 0.420573831 -250.371582031 0.042994458 0.998350680 0.038044069 5.954212189 -0.419003934 0.052587014 -0.906460404 5.390411377
-0.896810532 0.021910956 0.441872090 -249.894592285 0.042769130 0.998388588 0.037296213 5.976516724 -0.440342844 0.052346118 -0.896302581 4.478454590
-0.885943770 0.021266039 0.463305235 -249.467742920 0.043557826 0.998348117 0.037467461 5.995623589 -0.461743116 0.053374622 -0.885406494 3.619293213
-0.875947356 0.017855454 0.482076854 -248.966903687 0.041955639 0.998347938 0.039257150 6.015032768 -0.480579466 0.054613020 -0.875249386 2.740280151
-0.865626454 0.019774923 0.500300050 -248.441375732 0.041549720 0.998610377 0.032418720 6.046801090 -0.498963773 0.048849821 -0.865245104 1.857208252
-0.854944229 0.018470960 0.518391371 -247.892715454 0.040646031 0.998678505 0.031450238 6.057114601 -0.517125428 0.047958743 -0.854565263 0.981628418
-0.844431758 0.018664291 0.535338163 -247.327621460 0.040072314 0.998793483 0.028386841 6.076944351 -0.534162402 0.045422982 -0.844160795 0.104522705
-0.834847450 0.015924357 0.550251186 -246.742309570 0.038336299 0.998836458 0.029257782 6.093182564 -0.549145043 0.045520373 -0.834486604 -0.757247925
-0.826429248 0.016158307 0.562809110 -246.137268066 0.037762832 0.998928070 0.026771629 6.105829239 -0.561773181 0.043378111 -0.826153636 -1.626693726
-0.819426894 0.012705276 0.573042989 -245.530364990 0.034223516 0.999055147 0.026787518 6.120260239 -0.572161198 0.041561957 -0.819087386 -2.484191895
-0.813882947 0.009906211 0.580944598 -244.892333984 0.031525418 0.999134719 0.027128847 6.133342266 -0.580173194 0.040394224 -0.813490987 -3.354873657
-0.809893370 0.008124178 0.586521208 -244.245758057 0.029321956 0.999214709 0.026648408 6.150034428 -0.585844159 0.038780309 -0.809495568 -4.216293335
-0.806395173 0.007672017 0.591327190 -243.601593018 0.028605720 0.999251425 0.026045214 6.160487175 -0.590684712 0.037918080 -0.806010962 -5.096099854
-0.804018259 0.008818195 0.594539464 -242.949798584 0.029291969 0.999263406 0.024791585 6.170877457 -0.593882918 0.037348114 -0.803684354 -5.967483521
-0.802290201 0.009800279 0.596853912 -242.284027100 0.029004771 0.999324203 0.022579370 6.180218697 -0.596229315 0.035426814 -0.802032351 -6.834411621
-0.800815344 0.009784814 0.598831415 -241.610763550 0.027951475 0.999387622 0.021049578 6.193416595 -0.598258734 0.033595044 -0.800598502 -7.734100342
-0.799766064 0.010251645 0.600224614 -240.937164307 0.028653622 0.999366462 0.021110499 6.205061913 -0.599627912 0.034082063 -0.799553156 -8.621841431
-0.799031377 0.008093270 0.601234913 -240.242034912 0.026261581 0.999424994 0.021447873 6.212909698 -0.600715637 0.032926902 -0.798784494 -9.518814087
-0.798683882 0.007439947 0.601705134 -239.560302734 0.026359724 0.999396324 0.022631727 6.220728874 -0.601173520 0.033936370 -0.798397779 -10.412414551
-0.798656344 0.006765369 0.601749420 -238.883209229 0.025794383 0.999402702 0.022998808 6.226219654 -0.601234376 0.033889897 -0.798353791 -11.307907104
-0.799310446 0.005880411 0.600889981 -238.199859619 0.024430441 0.999443412 0.022716913 6.233695030 -0.600421906 0.032837864 -0.799009204 -12.210388184
-0.801226020 0.005371748 0.598337770 -237.521362305 0.023530388 0.999469101 0.022536205 6.242938042 -0.597899020 0.032135714 -0.800927043 -13.093414307
-0.803840756 0.003483108 0.594834566 -236.841613770 0.021543104 0.999497294 0.023260022 6.250839233 -0.594454527 0.031511933 -0.803511620 -13.993438721
-0.807206988 0.001322522 0.590267181 -236.160064697 0.019779185 0.999496520 0.024809169 6.256411552 -0.589937150 0.031701136 -0.806826711 -14.902297974
-0.810703039 0.000674555 0.585457146 -235.496551514 0.019189833 0.999492645 0.025421234 6.266223907 -0.585142970 0.031843897 -0.810304642 -15.812088013
-0.814853072 -0.000420851 0.579667628 -234.827941895 0.017893482 0.999504924 0.025878966 6.274365425 -0.579391539 0.031459823 -0.814442158 -16.722671509
-0.818940520 -0.000838663 0.573878288 -234.178314209 0.017329447 0.999506772 0.026190277 6.281689167 -0.573617220 0.031393263 -0.818522096 -17.636703491
-0.823428988 -0.000923602 0.567418814 -233.540771484 0.016431835 0.999540448 0.025472589 6.291750908 -0.567181587 0.030298594 -0.823035479 -18.549911499
-0.828380108 -0.001590538 0.560164094 -232.894409180 0.015991371 0.999521255 0.026486365 6.297770500 -0.559938073 0.030898569 -0.827958107 -19.481353760
-0.833280683 -0.001311799 0.552848577 -232.274093628 0.016454645 0.999495327 0.027172860 6.310624123 -0.552605152 0.031739548 -0.832838535 -20.401321411
-0.837840080 -0.000010480 0.545915782 -231.661239624 0.018219789 0.999442399 0.027981866 6.318518162 -0.545611680 0.033390798 -0.837372661 -21.327835083
-0.842159390 0.001867141 0.539225519 -231.043640137 0.020538295 0.999379456 0.028616108 6.328519344 -0.538837492 0.035174094 -0.841675162 -22.269958496
-0.845256805 0.006418765 0.534321964 -230.457305908 0.025528841 0.999271154 0.028380526 6.340077400 -0.533750296 0.037629448 -0.844804525 -23.200378418
-0.846807241 0.010626188 0.531793952 -229.880111694 0.030120553 0.999154091 0.027997876 6.350624084 -0.531046569 0.039726727 -0.846410990 -24.129974365
-0.847787380 0.013172778 0.530172884 -229.278503418 0.032937706 0.999069393 0.027846860 6.356062412 -0.529312670 0.041070890 -0.847432256 -25.090515137
-0.848794937 0.014210718 0.528531373 -228.704040527 0.034904778 0.998964071 0.029195994 6.364755630 -0.527568996 0.043229677 -0.848411679 -26.009338379
-0.849801064 0.014395503 0.526907384 -228.127975464 0.035294853 0.998937547 0.029632133 6.378605366 -0.525921047 0.043778528 -0.849406242 -26.929824829
-0.851018071 0.016321836 0.524882674 -227.554138184 0.037594222 0.998845875 0.029893087 6.378938198 -0.523788989 0.045172114 -0.850649476 -27.840972900
-0.851383924 0.019424433 0.524183512 -226.995529175 0.041220713 0.998701274 0.029942652 6.390356064 -0.522921145 0.047099907 -0.851078987 -28.762603760
-0.851918221 0.022224102 0.523203254 -226.434524536 0.044440303 0.998563170 0.029945014 6.406273842 -0.521785975 0.048762009 -0.851681828 -29.669738770
-0.852142572 0.024639364 0.522729635 -225.871871948 0.047899600 0.998370171 0.031025747 6.408866882 -0.521113217 0.051476892 -0.851933956 -30.586349487
-0.852214813 0.027612941 0.522463441 -225.322433472 0.050669923 0.998268068 0.029890183 6.420737743 -0.520733178 0.051946025 -0.852137923 -31.496185303
-0.852407932 0.029836172 0.522025466 -224.741088867 0.052861646 0.998172879 0.029266817 6.430588722 -0.520198464 0.052542392 -0.852427602 -32.426986694
-0.852475643 0.030384613 0.521883309 -224.195266724 0.053877652 0.998099864 0.029896539 6.443830490 -0.519983232 0.053603914 -0.852492929 -33.317443848
-0.852824450 0.031464584 0.521249175 -223.641448975 0.055559717 0.997984529 0.030660022 6.457885265 -0.519233942 0.055108067 -0.852853656 -34.218811035
-0.852896333 0.032932386 0.521040499 -223.088867188 0.057739981 0.997836232 0.031446863 6.470087051 -0.518877506 0.056905787 -0.852952480 -35.134017944
-0.853058100 0.034039468 0.520704865 -222.549896240 0.059229888 0.997737408 0.031810872 6.480542183 -0.518443882 0.057977803 -0.853144169 -36.015960693
-0.853146553 0.034837976 0.520506978 -222.015197754 0.060640290 0.997626483 0.032621589 6.490153313 -0.518135071 0.059394684 -0.853234172 -36.899673462
-0.853790164 0.034399945 0.519479632 -221.475128174 0.060178321 0.997647226 0.032841798 6.500570774 -0.517127633 0.059301417 -0.853851557 -37.760116577
-0.853541374 0.033557124 0.519943774 -220.952667236 0.059840374 0.997633934 0.033846918 6.509521008 -0.517577767 0.060003366 -0.853529930 -38.600219727
-0.851870060 0.034867451 0.522591770 -220.439910889 0.062059134 0.997472227 0.034610175 6.523891449 -0.520063996 0.061914951 -0.851880550 -39.446899414
-0.849558234 0.035730544 0.526283622 -219.932495117 0.063841976 0.997333884 0.035346322 6.533643246 -0.523617566 0.063627735 -0.849574327 -40.250839233
-0.846939206 0.035170648 0.530525565 -219.433975220 0.064921424 0.997184217 0.037534229 6.546617031 -0.527711630 0.066231675 -0.846837759 -41.031463623
-0.843402386 0.035375047 0.536116838 -218.950958252 0.065307736 0.997181118 0.036942251 6.558048725 -0.533298790 0.066169754 -0.843335152 -41.780883789
-0.839264631 0.038352091 0.542369187 -218.481170654 0.068122134 0.997066081 0.034907810 6.568585396 -0.539439142 0.066244230 -0.839414954 -42.509811401
-0.834971905 0.038667604 0.548932612 -218.018035889 0.068210445 0.997107804 0.033516001 6.578247070 -0.546048999 0.065427847 -0.835194588 -43.199905396
-0.831354737 0.037162058 0.554498315 -217.556488037 0.067423269 0.997136056 0.034259837 6.590236187 -0.551637113 0.065868162 -0.831479430 -43.878677368
-0.827881217 0.034642987 0.559832513 -217.108093262 0.066099048 0.997161925 0.036042031 6.593059063 -0.556995034 0.066842921 -0.827821493 -44.521316528
-0.824098468 0.034385163 0.565402508 -216.678161621 0.065985054 0.997187793 0.035531685 6.602555752 -0.562590659 0.066589706 -0.824049830 -45.134887695
-0.820393443 0.032709435 0.570863426 -216.251358032 0.063805930 0.997364104 0.034548964 6.612129688 -0.568228602 0.064768203 -0.820317984 -45.742324829
-0.816534400 0.032289077 0.576393366 -215.842437744 0.062895760 0.997466981 0.033222545 6.620335102 -0.573860645 0.063380040 -0.816496968 -46.321517944
-0.813377976 0.031548508 0.580879629 -215.436279297 0.062235191 0.997516870 0.032968208 6.624064922 -0.578397095 0.062966764 -0.813321710 -46.864898682
-0.810002685 0.031437863 0.585583270 -215.048431396 0.062283430 0.997525990 0.032599382 6.633604527 -0.583109677 0.062877707 -0.809956789 -47.387649536
-0.806148887 0.031091213 0.590895236 -214.664230347 0.062790096 0.997475088 0.033179246 6.637170315 -0.588371694 0.063849784 -0.806065679 -47.910125732
-0.801892757 0.030818392 0.596672833 -214.292098999 0.063233107 0.997437596 0.033463463 6.643711090 -0.594112635 0.064563580 -0.801786780 -48.392700195
-0.796639323 0.031507924 0.603633404 -213.930206299 0.064742044 0.997343481 0.033384208 6.649837494 -0.600977957 0.065675624 -0.796562910 -48.870635986
-0.790438652 0.031990081 0.611705363 -213.571929932 0.065369673 0.997337818 0.032312609 6.658191681 -0.609043181 0.065528110 -0.790425539 -49.323593140
-0.782974243 0.032784130 0.621189773 -213.215972900 0.066033117 0.997348309 0.030594559 6.657478333 -0.618539572 0.064973846 -0.783062935 -49.751266479
-0.774596810 0.033035185 0.631592155 -212.877288818 0.066047147 0.997399867 0.028832871 6.666048050 -0.628997386 0.064048700 -0.774764657 -50.159103394
-0.765848994 0.033303957 0.642157495 -212.526367188 0.065545619 0.997499287 0.026438016 6.668478012 -0.639671147 0.062338140 -0.766116738 -50.553634644
-0.756508470 0.034015551 0.653099120 -212.179977417 0.065964058 0.997522295 0.024454297 6.668282032 -0.650649130 0.061580937 -0.756877899 -50.953765869
-0.746855259 0.034312692 0.664100885 -211.828536987 0.066663958 0.997500300 0.023432285 6.668499947 -0.661636829 0.061772116 -0.747275710 -51.324844360
-0.735853195 0.035382237 0.676216066 -211.488037109 0.067996718 0.997447252 0.021803217 6.671188354 -0.673718452 0.062024444 -0.736380577 -51.684463501
-0.724111080 0.036658309 0.688708544 -211.149322510 0.069729790 0.997360826 0.020227058 6.671751499 -0.686149418 0.062670134 -0.724756122 -52.021438599
-0.710844398 0.037078716 0.702371120 -210.808685303 0.070609644 0.997326612 0.018811831 6.667618752 -0.699795902 0.062966466 -0.711562157 -52.338775635
-0.695415735 0.036871314 0.717661083 -210.491363525 0.071790598 0.997251272 0.018329469 6.668543816 -0.715012610 0.064267918 -0.696151257 -52.621200562
-0.678110957 0.036100361 0.734072685 -210.172714233 0.072222278 0.997231960 0.017674368 6.666552544 -0.731402695 0.065001570 -0.678841233 -52.887634277
-0.658950210 0.035101153 0.751367271 -209.853668213 0.071679808 0.997294962 0.016273284 6.662170410 -0.748763561 0.064581141 -0.659683824 -53.147430420
-0.638663411 0.033367883 0.768762648 -209.535064697 0.068790376 0.997534990 0.013851158 6.655395508 -0.766405463 0.061729692 -0.639384389 -53.371139526
-0.617957234 0.030354040 0.785625756 -209.239364624 0.063800476 0.997894943 0.011628708 6.648124695 -0.783618927 0.057309333 -0.618592978 -53.565887451
-0.597498536 0.027057745 0.801413417 -208.957839966 0.059102274 0.998198152 0.010362355 6.643469810 -0.799688995 0.053556845 -0.598021030 -53.748092651
-0.578644633 0.025274189 0.815188289 -208.692352295 0.054340389 0.998493433 0.007614994 6.639368534 -0.813767672 0.048704021 -0.579146266 -53.898345947
-0.559722424 0.026949074 0.828241885 -208.453811646 0.052454572 0.998618960 0.002955831 6.629549026 -0.827018380 0.045099519 -0.560362935 -54.035827637
-0.540408492 0.028746882 0.840911746 -208.194396973 0.050330013 0.998731017 -0.001797627 6.624835014 -0.839896321 0.041351642 -0.541169643 -54.176879883
-0.519598842 0.030101268 0.853880227 -207.933700562 0.049618397 0.998755634 -0.005014942 6.622317791 -0.852968633 0.039762400 -0.520445943 -54.314453125
-0.496939540 0.028296655 0.867323816 -207.658355713 0.048200432 0.998825312 -0.004970142 6.616797447 -0.866445661 0.039335519 -0.497719646 -54.443405151
-0.472518682 0.024918860 0.880968511 -207.388870239 0.045627475 0.998951375 -0.003783227 6.611312866 -0.880138934 0.038408719 -0.473160148 -54.561019897
-0.447832942 0.020908253 0.893873036 -207.139465332 0.041068900 0.999152422 -0.002795181 6.599215508 -0.893173814 0.035458606 -0.448312044 -54.639633179
-0.421671271 0.018275451 0.906564772 -206.885803223 0.037373636 0.999297559 -0.002761230 6.590209484 -0.905978441 0.032717288 -0.422058105 -54.714828491
-0.395212054 0.016280942 0.918445647 -206.617828369 0.035061840 0.999381661 -0.002628368 6.584883213 -0.917920589 0.031163631 -0.395538568 -54.805892944
-0.369036436 0.014117934 0.929307759 -206.339080811 0.032257129 0.999476790 -0.002374339 6.567572117 -0.928855002 0.029100582 -0.369298816 -54.890136719
-0.342272162 0.014887304 0.939482927 -206.118041992 0.031325560 0.999499440 -0.004425823 6.571347237 -0.939078569 0.027914992 -0.342567205 -54.946304321
-0.315135837 0.014536370 0.948935270 -205.844955444 0.027500004 0.999602675 -0.006179936 6.565517426 -0.948648095 0.024148203 -0.315410376 -54.998794556
-0.286908388 0.015278205 0.957836151 -205.566299438 0.026121300 0.999625802 -0.008120458 6.557947159 -0.957601786 0.022690099 -0.287200093 -55.050323486
-0.257869482 0.015622069 0.966053486 -205.258270264 0.025223592 0.999637365 -0.009432199 6.554074287 -0.965850472 0.021935062 -0.258170009 -55.099838257
-0.228209853 0.016639045 0.973469913 -204.960418701 0.026257871 0.999595463 -0.010929989 6.540960312 -0.973257959 0.023066916 -0.228554368 -55.146545410
-0.198764682 0.018025879 0.979881525 -204.627349854 0.027482081 0.999540150 -0.012812898 6.531048775 -0.979661882 0.024382429 -0.199168682 -55.198562622
-0.167902470 0.019454418 0.985611737 -204.307403564 0.027553594 0.999507248 -0.015034844 6.526901245 -0.985418558 0.024632758 -0.168355823 -55.231262207
-0.136538386 0.021954127 0.990391612 -203.933761597 0.027668525 0.999448895 -0.018340440 6.518446922 -0.990248442 0.024898501 -0.137070656 -55.268829346
-0.106034756 0.023534015 0.994083881 -203.623657227 0.028165400 0.999389827 -0.020655343 6.506277084 -0.993963420 0.025808586 -0.106632948 -55.275909424
-0.074460268 0.024266524 0.996928811 -203.252822876 0.026951144 0.999387681 -0.022313409 6.495619774 -0.996859848 0.025206907 -0.075068712 -55.276336670
-0.043168306 0.025179448 0.998750567 -202.870117188 0.028417109 0.999308825 -0.023965275 6.481835365 -0.998663664 0.027347062 -0.043853998 -55.270370483
-0.012197018 0.026276896 0.999580443 -202.461059570 0.026282432 0.999317706 -0.025949296 6.466638088 -0.999580264 0.025954902 -0.012879372 -55.249862671
0.018739998 0.027419727 0.999448359 -202.020324707 0.022499308 0.999359190 -0.027839152 6.454228401 -0.999571264 0.023008602 0.018111050 -55.218536377
0.049795389 0.027320473 0.998385787 -201.604766846 0.020494564 0.999387383 -0.028370066 6.448305130 -0.998549223 0.021874178 0.049204946 -55.183441162
0.078573942 0.024204573 0.996614516 -201.145034790 0.019480573 0.999477029 -0.025809964 6.432460785 -0.996718049 0.021442613 0.078061342 -55.128448486
0.105682194 0.021258937 0.994172812 -200.657745361 0.020673377 0.999508381 -0.023570653 6.420015335 -0.994185209 0.023043908 0.105190754 -55.058761597
0.130191624 0.019886618 0.991289377 -200.156906128 0.021976741 0.999495327 -0.022937568 6.404901505 -0.991245210 0.024771588 0.129688859 -54.973052979
0.153312624 0.017791899 0.988017559 -199.646636963 0.023962332 0.999476969 -0.021716537 6.383112431 -0.987887144 0.027004624 0.152806103 -54.891571045
0.174480081 0.016547898 0.984521747 -199.101593018 0.023047434 0.999516189 -0.020884473 6.370982647 -0.984391034 0.026334625 0.174014270 -54.777587891
0.196826100 0.016236154 0.980303943 -198.526168823 0.022754332 0.999517918 -0.021123013 6.356108665 -0.980174303 0.026463721 0.196361780 -54.653472900
0.220362425 0.017338267 0.975263953 -197.955657959 0.021705756 0.999507248 -0.022673715 6.345039845 -0.975176513 0.026165277 0.219877541 -54.516006470
0.243971050 0.015899368 0.969652236 -197.354843140 0.022226423 0.999511302 -0.021981286 6.332844257 -0.969527841 0.026914697 0.243498445 -54.345550537
0.269439936 0.011015108 0.962954283 -196.711807251 0.026944337 0.999456882 -0.018971836 6.321344852 -0.962640285 0.031057935 0.268996835 -54.165893555
0.294827402 0.005932282 0.955532134 -196.102432251 0.030641835 0.999407768 -0.015659153 6.297171116 -0.955059111 0.033896007 0.294471025 -53.969589233
0.320304751 -0.001651288 0.947313190 -195.441131592 0.037211172 0.999248624 -0.010839998 6.282401085 -0.946583509 0.038722735 0.320125580 -53.740249634
0.346735120 -0.005905695 0.937944531 -194.773498535 0.041151803 0.999113083 -0.008921976 6.263548374 -0.937059939 0.041691672 0.346670628 -53.483261108
0.373792350 -0.006823233 0.927487314 -194.103363037 0.046163503 0.998870492 -0.011256263 6.249635696 -0.926362872 0.047023568 0.373685122 -53.207298279
0.400588632 -0.006559946 0.916234553 -193.420440674 0.052466638 0.998497844 -0.015790114 6.229817390 -0.914754629 0.054397088 0.400331020 -52.900169373
0.427050054 -0.003789946 0.904220045 -192.717529297 0.058610667 0.998004317 -0.023497937 6.216923714 -0.902326465 0.063031733 0.426419914 -52.564086914
0.451751947 -0.002894646 0.892138898 -192.031143188 0.060555521 0.997787952 -0.027426034 6.191143990 -0.890086055 0.066413701 0.450927973 -52.216339111
0.473513901 -0.004825444 0.880773067 -191.322525024 0.059693791 0.997861564 -0.026625151 6.163803577 -0.878761172 0.065184064 0.472789407 -51.820388794
0.492994547 -0.008123968 0.869994521 -190.600646973 0.058577321 0.997997344 -0.023874409 6.129328251 -0.868058264 0.062731899 0.492483079 -51.392845154
0.510188222 -0.010285770 0.860001266 -189.859268188 0.056797724 0.998148620 -0.021756714 6.105402946 -0.858185291 0.059946135 0.509827852 -50.951751709
0.524906278 -0.010754270 0.851092160 -189.110580444 0.054725923 0.998277664 -0.021137822 6.070776463 -0.849398911 0.057672177 0.524590731 -50.482727051
0.536285937 -0.009422731 0.843983889 -188.364318848 0.052368876 0.998382568 -0.022129819 6.041950226 -0.842410266 0.056066390 0.535911977 -49.992225647
0.544578969 -0.006633677 0.838683367 -187.609954834 0.048157837 0.998566270 -0.023371845 6.011390209 -0.837325871 0.053116992 0.544117630 -49.480712891
0.550899625 -0.003204909 0.834565401 -186.801895142 0.043431390 0.998747706 -0.024833815 5.985421658 -0.833440661 0.049927276 0.550348878 -48.952308655
0.553758144 -0.001702962 0.832675874 -186.017837524 0.038993947 0.998953819 -0.023889294 5.956462860 -0.831764102 0.045698211 0.553245187 -48.419670105
0.553983510 -0.001843237 0.832525611 -185.222686768 0.036335114 0.999098241 -0.021966269 5.923304081 -0.831734419 0.042418864 0.553550959 -47.875030518
0.553878307 -0.000770182 0.832597315 -184.374313354 0.034644574 0.999154806 -0.022122754 5.887305260 -0.831876576 0.041098289 0.553436875 -47.311775208
0.552873850 0.001930528 0.833262742 -183.552413940 0.034363624 0.999093771 -0.025115168 5.852591515 -0.832556129 0.042519446 0.552306533 -46.757476807
0.551892519 0.003506480 0.833907902 -182.717208862 0.034643345 0.999031484 -0.027128285 5.819713593 -0.833195388 0.043861255 0.551236510 -46.193504333
0.551118731 0.003295800 0.834420323 -181.850128174 0.034436870 0.999050379 -0.026690951 5.782080173 -0.833715916 0.043444708 0.550481856 -45.618865967
0.550198197 0.002244030 0.835031092 -180.949508667 0.032948900 0.999159276 -0.024394982 5.742723465 -0.834383786 0.040935431 0.549661756 -45.017868042
0.548916876 0.000081799 0.835876942 -180.064086914 0.032737888 0.999230623 -0.021596622 5.709337234 -0.835235596 0.039219599 0.548491836 -44.431358337
0.547428548 0.000127721 0.836852431 -179.174652100 0.030104937 0.999349713 -0.019845722 5.674187660 -0.836310804 0.036057506 0.547068715 -43.836273193
0.545858622 0.000912557 0.837876856 -178.267547607 0.029190851 0.999371648 -0.020105656 5.637519836 -0.837368727 0.035433181 0.545488954 -43.249855042
0.543889880 0.003185377 0.839150608 -177.342864990 0.027911253 0.999370813 -0.021884060 5.605080605 -0.838692367 0.035324261 0.543458700 -42.651298523
0.541579962 0.006362978 0.840625167 -176.417373657 0.025777094 0.999375463 -0.024171729 5.563183308 -0.840253949 0.034759797 0.541077733 -42.042778015
0.538924098 0.009696744 0.842298627 -175.474609375 0.023935009 0.999353707 -0.026819032 5.533720493 -0.842014313 0.034613844 0.538343668 -41.436454773
0.535658360 0.009428805 0.844382167 -174.522857666 0.021622898 0.999456644 -0.024877559 5.493717670 -0.844157934 0.031583861 0.535163403 -40.823791504
0.531770706 0.006002819 0.846867085 -173.545898438 0.019790001 0.999613762 -0.019512203 5.455979347 -0.846657157 0.027135519 0.531446457 -40.206306458
0.527689874 0.004569585 0.849424899 -172.553344727 0.017303025 0.999720216 -0.016127311 5.419336796 -0.849260926 0.023207838 0.527463198 -39.591629028
0.522304535 0.005178157 0.852743328 -171.551818848 0.016895898 0.999722421 -0.016419390 5.395291805 -0.852591634 0.022983788 0.522072077 -38.974945068
0.517268240 0.004945991 0.855809033 -170.528076172 0.018331865 0.999689817 -0.016857674 5.364984989 -0.855627000 0.024408516 0.517017126 -38.361747742
0.512149930 0.004391069 0.858884811 -169.499694824 0.019089587 0.999681711 -0.016493946 5.324001312 -0.858683884 0.024843128 0.511903048 -37.746147156
0.507361710 0.001978842 0.861730993 -168.454238892 0.021678811 0.999651551 -0.015059401 5.292720318 -0.861460507 0.026321866 0.507142007 -37.139381409
0.501552463 -0.001450510 0.865126014 -167.403045654 0.024651578 0.999616504 -0.012615626 5.257467270 -0.864775956 0.027654119 0.501395881 -36.529190063
0.496130943 -0.002968358 0.868242741 -166.340423584 0.025795205 0.999603152 -0.011322436 5.225541115 -0.867864549 0.028013907 0.496010602 -35.929290771
0.489823520 -0.001684914 0.871820033 -165.284423828 0.025625648 0.999593914 -0.012465663 5.183569908 -0.871444941 0.028446926 0.489667773 -35.317398071
0.483250260 0.001201701 0.875481546 -164.223068237 0.023867680 0.999609292 -0.014546621 5.149424553 -0.875156939 0.027925368 0.483032763 -34.723350525
0.476081550 0.003100309 0.879395723 -163.160675049 0.023336694 0.999597073 -0.016157949 5.116360664 -0.879091442 0.028214689 0.475817382 -34.139472961
0.469165862 0.001888340 0.883108079 -162.092254639 0.022942830 0.999634147 -0.014326267 5.074268818 -0.882812023 0.026982393 0.468950868 -33.559318542
0.462256610 -0.000018434 0.886746347 -161.019058228 0.022703670 0.999672413 -0.011814536 5.036830902 -0.886455655 0.025593739 0.462105572 -32.997215271
0.455861270 -0.001069630 0.890050232 -159.945999146 0.024031200 0.999649525 -0.011106831 5.000882626 -0.889726400 0.026452148 0.455727160 -32.444862366
0.449656188 -0.001529919 0.893200457 -158.868225098 0.022609338 0.999697626 -0.009669693 4.969877243 -0.892915547 0.024542708 0.449554801 -31.897811890
0.444609404 -0.004025079 0.895715535 -157.769119263 0.022251621 0.999730945 -0.006552622 4.935122013 -0.895448148 0.022844478 0.444579363 -31.349494934
0.440770805 -0.006459472 0.897596478 -156.678161621 0.022400247 0.999741852 -0.003805241 4.909404755 -0.897340178 0.021783620 0.440801740 -30.815750122
0.437490225 -0.006866079 0.899196982 -155.583618164 0.021443909 0.999766111 -0.002799196 4.879398346 -0.898967505 0.020506918 0.437535167 -30.275932312
0.435780168 -0.005339820 0.900037229 -154.506607056 0.028388010 0.999566436 -0.007814596 4.849416256 -0.899605274 0.028955715 0.435742855 -29.749633789
0.435134768 0.000673890 0.900365114 -153.419174194 0.031010408 0.999395192 -0.015734943 4.821053505 -0.899831176 0.034767509 0.434850752 -29.227729797
0.434925258 0.000250824 0.900466561 -152.350372314 0.032814134 0.999331355 -0.016127588 4.776614189 -0.899868548 0.036562324 0.434626222 -28.706626892
0.434856355 -0.003063982 0.900494695 -151.260482788 0.033192877 0.999369204 -0.012628714 4.742657661 -0.899887919 0.035381682 0.434683740 -28.182304382
0.433964193 -0.003871036 0.900921822 -150.169067383 0.031515755 0.999443948 -0.010886434 4.713239670 -0.900378764 0.033117551 0.433844924 -27.643844604
0.432622373 -0.004348460 0.901564777 -149.085540771 0.029721079 0.999513626 -0.009440987 4.686364174 -0.901085258 0.030879857 0.432541192 -27.106834412
0.432026565 -0.003908027 0.901852429 -148.005569458 0.029739158 0.999508500 -0.009915149 4.654781818 -0.901370406 0.031103941 0.431930482 -26.584342957
0.432106555 -0.001811516 0.901820719 -146.928848267 0.031159677 0.999430895 -0.012922544 4.618944645 -0.901284099 0.033684358 0.431917071 -26.068603516
0.432126522 0.001584777 0.901811600 -145.844329834 0.033777121 0.999268353 -0.017941227 4.583386421 -0.901180267 0.038213480 0.431756794 -25.543960571
0.431726575 0.003868884 0.901996315 -144.758621216 0.036055658 0.999117553 -0.021542948 4.548354149 -0.901283681 0.041822731 0.431206107 -25.027755737
0.430720150 0.003676174 0.902478039 -143.672943115 0.037122425 0.999073207 -0.021786835 4.499073029 -0.901721716 0.042886201 0.430184484 -24.499069214
0.430170596 0.002660913 0.902743757 -142.580886841 0.036633257 0.999120533 -0.020401279 4.456632137 -0.902004123 0.041846473 0.429694772 -23.975639343
0.429824531 0.000245448 0.902912378 -141.478622437 0.037727874 0.999121726 -0.018231669 4.415775299 -0.902123868 0.041901384 0.429437757 -23.447921753
0.429193735 -0.000807074 0.903212070 -140.384262085 0.038890578 0.999088705 -0.017587515 4.375495911 -0.902374804 0.042674892 0.428834021 -22.923141479
0.428452134 -0.000846152 0.903564215 -139.294952393 0.040166188 0.999028862 -0.018110465 4.337743759 -0.902671397 0.044052195 0.428070009 -22.403007507
0.428144693 0.000945107 0.903709769 -138.218872070 0.039527964 0.999022841 -0.019771695 4.289764404 -0.902845383 0.044186950 0.427688956 -21.891853333
0.427623153 0.002358184 0.903954029 -137.117126465 0.040351190 0.998950005 -0.021694476 4.250224113 -0.903056026 0.045752682 0.427078962 -21.359146118
0.426708281 0.001255830 0.904388428 -136.026702881 0.040324144 0.998978138 -0.020412903 4.205711842 -0.903489888 0.045179043 0.426221609 -20.824836731
0.426264822 -0.001083494 0.904597819 -134.940979004 0.039272234 0.999078631 -0.017309215 4.163839340 -0.903745592 0.042903885 0.425914586 -20.308654785
0.426282644 -0.003917119 0.904581547 -133.853851318 0.038925383 0.999143779 -0.014016924 4.116540909 -0.903752148 0.041186351 0.426070154 -19.803810120
0.426900148 -0.004380527 0.904288173 -132.768844604 0.039838135 0.999108553 -0.013967103 4.079626083 -0.903420806 0.041987713 0.426694095 -19.290321350
0.428526938 -0.003727696 0.903521359 -131.701477051 0.041247558 0.999029636 -0.015441377 4.038081169 -0.902587056 0.043885093 0.428264916 -18.782829285
0.429965973 -0.001903512 0.902843058 -130.647186279 0.042447940 0.998934567 -0.018109111 3.997556925 -0.901846647 0.046110131 0.429588675 -18.280723572
0.431994855 -0.000957254 0.901875615 -129.586120605 0.042503148 0.998909950 -0.019298594 3.961694956 -0.900874019 0.046669446 0.431564629 -17.772178650
0.433065116 -0.002629965 0.901358843 -128.535690308 0.042978242 0.998918593 -0.017734623 3.916749954 -0.900337517 0.046419062 0.432709813 -17.259918213
0.434526682 -0.003422470 0.900652528 -127.487670898 0.041519493 0.999005795 -0.016235188 3.872525215 -0.899701536 0.044449259 0.434236765 -16.749099731
0.435380280 -0.002811158 0.900242329 -126.432891846 0.040438402 0.999046803 -0.016437363 3.829791546 -0.899338007 0.043560863 0.435078979 -16.232376099
0.435904682 0.001065856 0.899992287 -125.398742676 0.037654135 0.999102116 -0.019420737 3.785363913 -0.899204850 0.042354017 0.435473144 -15.722770691
0.434942544 0.003336331 0.900452137 -124.355743408 0.033218738 0.999252975 -0.019747952 3.746181488 -0.899845362 0.038501106 0.434506774 -15.211944580
0.431395829 -0.000512358 0.902162671 -123.318161011 0.028496066 0.999508619 -0.013058595 3.707306385 -0.901712656 0.031341508 0.431198418 -14.698905945
0.425641477 -0.004207383 0.904882193 -122.270782471 0.022535656 0.999728322 -0.005952013 3.670025349 -0.904611349 0.022925535 0.425620615 -14.190841675
0.418683112 -0.000753546 0.908132076 -121.229698181 0.018517198 0.999798834 -0.007707517 3.637407780 -0.907943606 0.020043069 0.418612838 -13.695579529
0.410636365 0.007453056 0.911768854 -120.196289062 0.014682684 0.999782860 -0.014785199 3.606964588 -0.911681116 0.019458553 0.410437763 -13.225273132
0.401114523 0.014014509 0.915920734 -119.153862000 0.011186162 0.999733448 -0.020195751 3.570906639 -0.915959656 0.018346446 0.400850832 -12.759704590
0.390939891 0.013677976 0.920314610 -118.105987549 0.009505908 0.999776244 -0.018896967 3.529825926 -0.920367181 0.016136004 0.390722394 -12.301170349
0.380706131 0.009512395 0.924647212 -117.044609070 0.007851010 0.999877810 -0.013518844 3.496284723 -0.924662828 0.012406121 0.380584896 -11.850837708
0.370860100 0.006388279 0.928666830 -115.991302490 0.006898586 0.999929786 -0.009633425 3.459174156 -0.928663135 0.009979141 0.370790005 -11.423316956
0.361605585 0.007806943 0.932298541 -114.936859131 0.008364259 0.999897540 -0.011617209 3.424942017 -0.932293713 0.011998834 0.361503243 -11.005714417
0.354543090 0.011396551 0.934970200 -113.893852234 0.010942374 0.999806702 -0.016336232 3.393603802 -0.934975624 0.016022693 0.354349852 -10.606910706
0.348622561 0.011987215 0.937186658 -112.842666626 0.013118735 0.999757826 -0.017667560 3.356646299 -0.937171459 0.018454013 0.348380864 -10.207054138
0.344546974 0.004641611 0.938757598 -111.757110596 0.021192892 0.999694467 -0.012721219 3.325118542 -0.938529849 0.024278047 0.344343364 -9.819931030
0.340733290 0.001450800 0.940158904 -110.696144104 0.018488480 0.999795079 -0.008243440 3.282453537 -0.939978242 0.020190923 0.340636611 -9.425018311
0.336102843 0.005550792 0.941808879 -109.637702942 0.016458264 0.999795318 -0.011766003 3.241671085 -0.941681445 0.019455127 0.335942745 -9.039909363
0.331840992 0.012230543 0.943256021 -108.580596924 0.016574355 0.999686003 -0.018793151 3.209873676 -0.943189681 0.021870198 0.331534028 -8.667030334
0.327038109 0.016436135 0.944868326 -107.505035400 0.012327585 0.999689460 -0.021656590 3.175640106 -0.944930851 0.018730475 0.326733887 -8.277404785
0.323973179 0.015862595 0.945933282 -106.445953369 0.010988764 0.999728858 -0.020528255 3.131884575 -0.946002483 0.017045243 0.323711038 -7.905479431
0.321959555 0.012464331 0.946671367 -105.378509521 0.011840641 0.999782145 -0.017190572 3.093875170 -0.946679413 0.016743865 0.321741819 -7.539100647
0.320725977 0.009365430 0.947125673 -104.299667358 0.013137909 0.999810934 -0.014335296 3.055832863 -0.947080851 0.017040953 0.320542276 -7.166175842
0.319868147 0.007123342 0.947435260 -103.228897095 0.012908473 0.999846160 -0.011875487 3.021376133 -0.947374105 0.016028533 0.319726944 -6.796112061
0.318631828 0.006098802 0.947858930 -102.165138245 0.006579009 0.999940991 -0.008645510 2.987261295 -0.947855711 0.008990708 0.318572938 -6.425247192
0.315166473 0.007389926 0.949007750 -101.098541260 -0.000268122 0.999970317 -0.007697729 2.959337473 -0.949036479 0.002171617 0.315159082 -6.047645569
0.310553789 0.012634613 0.950471818 -100.025939941 -0.003861405 0.999920189 -0.012030267 2.931560755 -0.950547934 0.000065888 0.310577810 -5.691726685
0.304471493 0.021513626 0.952278554 -98.965164185 -0.006365142 0.999768555 -0.020551387 2.893564701 -0.952500224 0.000195926 0.304537952 -5.333190918
0.298804760 0.028161053 0.953898728 -97.892219543 -0.005169450 0.999597609 -0.027890872 2.860531807 -0.954300344 0.003402795 0.298830092 -5.000770569
0.292730451 0.025913229 0.955843806 -96.802505493 -0.001340349 0.999642849 -0.026690150 2.800091505 -0.956194043 0.006531856 0.292660594 -4.662651062
0.285811245 0.021498609 0.958044827 -95.707061768 0.001867991 0.999733925 -0.022991391 2.756205797 -0.958284199 0.008360819 0.285695016 -4.336791992
0.277710736 0.018508684 0.960486412 -94.609458923 0.003203043 0.999790967 -0.020192202 2.711447954 -0.960659385 0.008684072 0.277593374 -4.013961792
0.269318938 0.017313916 0.962895393 -93.522232056 0.003533842 0.999813855 -0.018966157 2.669866085 -0.963044524 0.008510666 0.269207656 -3.690002441
0.260982096 0.016345391 0.965205312 -92.429901123 0.004196439 0.999827981 -0.018066391 2.629692316 -0.965334594 0.008765431 0.260868609 -3.391159058
0.252647817 0.016158536 0.967423379 -91.329010010 0.005900319 0.999816239 -0.018240482 2.587691545 -0.967540324 0.010316524 0.252506018 -3.099609375
0.244270563 0.017066810 0.969556987 -90.220184326 0.007196587 0.999785662 -0.019412030 2.550745964 -0.969680488 0.011719288 0.244095385 -2.819641113
0.236552656 0.016638530 0.971476316 -89.126358032 0.008553836 0.999778926 -0.019206120 2.511533260 -0.971581101 0.012853108 0.236358047 -2.546623230
0.229897738 0.014651391 0.973104537 -88.033691406 0.009394092 0.999806702 -0.017272800 2.470775843 -0.973169506 0.013112411 0.229715645 -2.292137146
0.223044991 0.013217933 0.974718571 -86.910713196 0.011258127 0.999806464 -0.016134344 2.433907747 -0.974743187 0.014572189 0.222853005 -2.026321411
0.215958595 0.011878038 0.976330280 -85.811859131 0.011825396 0.999820828 -0.014779533 2.394571066 -0.976330936 0.014737260 0.215779424 -1.774559021
0.209873855 0.010729469 0.977669656 -84.715965271 0.013235888 0.999816954 -0.013813841 2.355705976 -0.977638960 0.015839489 0.209693432 -1.543495178
0.206630230 0.009759916 0.978370428 -83.574493408 0.016700048 0.999769390 -0.013500407 2.311401129 -0.978276551 0.019128425 0.206419587 -1.302452087
0.203386247 0.011664605 0.979029059 -82.469467163 0.020011274 0.999670625 -0.016067736 2.278422594 -0.978894055 0.022859577 0.203085840 -1.070617676
0.200936258 0.013440311 0.979512095 -81.340454102 0.023509704 0.999551713 -0.018538043 2.245648384 -0.979322135 0.026753003 0.200530171 -0.814609528
0.198841393 0.012163597 0.979956150 -80.242416382 0.024569513 0.999546826 -0.017392127 2.208534241 -0.979723632 0.027535321 0.198452473 -0.604194641
0.195946753 0.007960322 0.980582297 -79.138557434 0.024601838 0.999612391 -0.013030922 2.168027878 -0.980305910 0.026677491 0.195675015 -0.374877930
0.192941010 0.004243356 0.981201291 -78.032760620 0.024430895 0.999659836 -0.009127217 2.134678841 -0.980906248 0.025732638 0.192771673 -0.155197144
0.189707518 0.003585973 0.981834173 -76.943191528 0.025915775 0.999626637 -0.008658340 2.104093552 -0.981498659 0.027087545 0.189543724 0.057643890
0.186818480 0.004937051 0.982382059 -75.861488342 0.026586218 0.999595702 -0.010079434 2.075226068 -0.982034683 0.028000848 0.186611712 0.258255005
0.184066236 0.004955988 0.982901394 -74.751174927 0.028523240 0.999539196 -0.010381378 2.042872429 -0.982499957 0.029946392 0.183840036 0.470397949
0.181934595 0.003217199 0.983305514 -73.658424377 0.029938573 0.999512911 -0.008809570 2.011668444 -0.982854903 0.031041525 0.181749701 0.672252655
0.179637730 0.002069378 0.983730614 -72.558044434 0.029683242 0.999531031 -0.007523031 1.977498055 -0.983284891 0.030551737 0.179492056 0.889030457
0.177547932 0.002792905 0.984108269 -71.469398499 0.030880271 0.999487698 -0.008407819 1.952478528 -0.983627617 0.031882316 0.177370727 1.094192505
0.175310433 0.003510416 0.984506965 -70.404853821 0.029571339 0.999523699 -0.008829704 1.906963348 -0.984068990 0.030661127 0.175123096 1.283386230
0.173631132 0.004832302 0.984798968 -69.318122864 0.028498039 0.999544561 -0.009929183 1.877484083 -0.984398365 0.029788852 0.173414350 1.476799011
0.171872258 0.005251309 0.985105336 -68.236000061 0.027466884 0.999571502 -0.010120600 1.849533796 -0.984736383 0.028797222 0.171654403 1.673778534
0.170134962 0.002803680 0.985416889 -67.161102295 0.029552396 0.999531627 -0.007946146 1.817808151 -0.984977603 0.030473346 0.169972420 1.860401154
0.168455064 0.000427989 0.985709310 -66.079544067 0.031332340 0.999492288 -0.005788589 1.789981484 -0.985211313 0.031859696 0.168356121 2.043849945
0.166516781 -0.000484802 0.986038566 -65.003746033 0.031672414 0.999486506 -0.004857252 1.757645607 -0.985529900 0.032039035 0.166446626 2.229850769
0.165165961 0.001137572 0.986265123 -63.893608093 0.033519544 0.999415159 -0.006766127 1.728974342 -0.985696018 0.034176692 0.165031254 2.413303375
0.163631976 0.003490496 0.986515343 -62.824493408 0.036424465 0.999290526 -0.009577376 1.703922987 -0.985848844 0.037500456 0.163388729 2.592956543
0.162177980 0.003622869 0.986754894 -61.741683960 0.039214950 0.999179602 -0.010113653 1.674799323 -0.985982001 0.040335756 0.161902845 2.758689880
0.159419477 0.002354929 0.987208247 -60.663208008 0.039483253 0.999181867 -0.008759459 1.650669336 -0.986421168 0.040374614 0.159196079 2.946163177
0.157355607 -0.000584969 0.987541854 -59.597087860 0.039129179 0.999218225 -0.005642988 1.620113134 -0.986766517 0.039529659 0.157255471 3.120159149
0.155340612 -0.002524008 0.987857819 -58.522232056 0.036968440 0.999311090 -0.003260020 1.589447141 -0.987169087 0.037025973 0.155326903 3.299648285
0.153160095 -0.001631739 0.988200188 -57.483741760 0.037451304 0.999289811 -0.004154495 1.556685209 -0.987491608 0.037645686 0.153112471 3.468875885
0.151668429 0.001626357 0.988430083 -56.420040131 0.037994657 0.999249995 -0.007474204 1.547328472 -0.987700880 0.038688663 0.151492894 3.625087738
0.149462938 0.004606281 0.988756716 -55.362537384 0.038104240 0.999219477 -0.010414964 1.523246884 -0.988032997 0.039232470 0.149170756 3.791610718
0.147031605 0.005312572 0.989117563 -54.305923462 0.038393561 0.999201357 -0.011073912 1.493613839 -0.988386393 0.039603960 0.146710217 3.955959320
0.144842327 0.006955365 0.989430428 -53.270660400 0.039105918 0.999153733 -0.012748425 1.462174773 -0.988681793 0.040539093 0.144447744 4.092498779
0.140768647 0.009294277 0.989998877 -52.229602814 0.036762234 0.999217272 -0.014608067 1.424615145 -0.989359736 0.038450927 0.140316784 4.261940002
0.138144612 0.008815554 0.990372956 -51.183502197 0.033399593 0.999350190 -0.013554291 1.392865658 -0.989848852 0.034950502 0.137760401 4.412281036
0.134643734 0.006763522 0.990871072 -50.119468689 0.032180708 0.999419391 -0.011194725 1.359777212 -0.990371466 0.033394232 0.134347916 4.571365356
0.132190645 0.004813422 0.991212606 -49.069438934 0.030788638 0.999485731 -0.008959649 1.328505278 -0.990746021 0.031702470 0.131974459 4.710552216
0.129770160 0.006313019 0.991524160 -48.029220581 0.030500777 0.999481082 -0.010355612 1.297858834 -0.991075039 0.031586103 0.129510283 4.853382111
0.127992451 0.009543768 0.991729200 -46.997215271 0.032237884 0.999385238 -0.013778063 1.264974117 -0.991251051 0.033734739 0.127606094 4.987777710
0.125381470 0.011454377 0.992042422 -45.993324280 0.032991268 0.999332190 -0.015708221 1.227517724 -0.991559863 0.034698259 0.124919891 5.123626709
0.122938931 0.011719987 0.992345035 -44.967716217 0.034192454 0.999286592 -0.016037978 1.194580078 -0.991825044 0.035902403 0.122450471 5.254905701
0.121098101 0.010534278 0.992584646 -43.956939697 0.034181468 0.999306381 -0.014775851 1.160031319 -0.992051840 0.035717331 0.120654047 5.382007599
0.118631124 0.009451705 0.992893338 -42.918087006 0.035564035 0.999272645 -0.013761628 1.126556039 -0.992301226 0.036943853 0.118208706 5.514360428
0.117103696 0.007848758 0.993088722 -41.906982422 0.036873892 0.999244869 -0.012245536 1.094269753 -0.992434978 0.038053043 0.116725862 5.627725601
0.114814043 0.006363734 0.993366659 -40.894416809 0.037703339 0.999231040 -0.010759085 1.056960106 -0.992671311 0.038688533 0.114485800 5.751802444
0.111880064 0.006517277 0.993700325 -39.893966675 0.036348451 0.999282479 -0.010646334 1.028395534 -0.993056715 0.037310582 0.111562848 5.892765045
0.110075414 0.007641356 0.993893981 -38.892929077 0.038209639 0.999198735 -0.011913925 0.996755838 -0.993188620 0.039287757 0.109695196 6.000492096
0.108424902 0.009368047 0.994060516 -37.900177002 0.038521018 0.999164999 -0.013617746 0.969186366 -0.993358016 0.039768726 0.107973516 6.108587265
0.107273519 0.010818340 0.994170666 -36.923027039 0.038951933 0.999127388 -0.015075289 0.934158444 -0.993466198 0.040342052 0.106758535 6.217002869
0.105845869 0.010561158 0.994326472 -35.945873260 0.039821085 0.999096453 -0.014850769 0.905410767 -0.993584931 0.041167051 0.105329633 6.329601288
0.104507267 0.009152736 0.994482040 -34.984394073 0.040007062 0.999109566 -0.013399555 0.877165616 -0.993719161 0.041186657 0.104048014 6.436750412
0.103316903 0.007871516 0.994617403 -34.036643982 0.038727928 0.999178588 -0.011930522 0.843160987 -0.993894279 0.039752096 0.102927208 6.527868271
0.101841331 0.008371297 0.994765460 -33.102157593 0.038648639 0.999176383 -0.012365161 0.815619946 -0.994049668 0.039705615 0.101433933 6.627225876
0.100727260 0.009276107 0.994870901 -32.164421082 0.038502205 0.999171138 -0.013214424 0.786130607 -0.994168878 0.039635777 0.100286663 6.726711273
0.099406302 0.008567958 0.995010197 -31.247188568 0.038558483 0.999178708 -0.012456038 0.747742355 -0.994299710 0.039604288 0.098994255 6.825777054
0.098143935 0.004899006 0.995160282 -30.337882996 0.039217297 0.999192059 -0.008786518 0.721010208 -0.994399309 0.039889835 0.097872555 6.921297073
0.097204447 0.000353939 0.995264411 -29.444175720 0.041324567 0.999136150 -0.004391364 0.697972119 -0.994406164 0.041555732 0.097105861 7.006343842
0.095971406 -0.005038034 0.995371461 -28.566921234 0.041641161 0.999132097 0.001042119 0.676915765 -0.994512796 0.041348401 0.096097946 7.093935013
0.094493747 -0.007680359 0.995495856 -27.689918518 0.043354195 0.999053299 0.003592570 0.657361209 -0.994581044 0.042819444 0.094737232 7.172981262
0.093445718 -0.007324670 0.995597601 -26.850688934 0.043850753 0.999032855 0.003234152 0.640617669 -0.994658411 0.043355480 0.093676507 7.252447128
0.092359066 -0.005202203 0.995712161 -26.019531250 0.042956837 0.999076188 0.001235242 0.625631332 -0.994798720 0.042658556 0.092497230 7.330408096
0.090726793 -0.002153500 0.995873570 -25.217567444 0.040807616 0.999165833 -0.001557068 0.611611366 -0.995039463 0.040780488 0.090739012 7.412524223
0.090058208 0.000678834 0.995936334 -24.431301117 0.039647717 0.999204636 -0.004266236 0.587510288 -0.995147049 0.039870810 0.089959681 7.483702660
0.088902593 0.003359095 0.996034622 -23.667816162 0.039770417 0.999184906 -0.006919488 0.569334865 -0.995245993 0.040227871 0.088696539 7.554037094
0.088801086 0.004408905 0.996039808 -22.903541565 0.041352309 0.999111712 -0.008109241 0.547628999 -0.995190740 0.041908648 0.088539839 7.619188309
0.089237094 0.002221597 0.996008098 -22.176305771 0.041842476 0.999106348 -0.005977379 0.531836987 -0.995131254 0.042208843 0.089064419 7.686188698
0.090415299 0.000667179 0.995903969 -21.460052490 0.040472310 0.999171197 -0.004343734 0.507184744 -0.995081484 0.040699273 0.090313375 7.756402016
0.091436982 -0.001522805 0.995809734 -20.762500763 0.040699005 0.999168992 -0.002209113 0.484403014 -0.994978845 0.040730458 0.091422975 7.822156906
0.092240572 -0.002416686 0.995733857 -20.071079254 0.041063726 0.999155581 -0.001378980 0.468970299 -0.994889677 0.041015740 0.092261970 7.892619133
0.092838287 -0.001985085 0.995679200 -19.411466599 0.041999929 0.999115765 -0.001924185 0.454780817 -0.994794965 0.041997097 0.092839539 7.950016022
0.092759311 -0.000696662 0.995688319 -18.780511856 0.040914927 0.999157786 -0.003112586 0.435396254 -0.994847596 0.041027237 0.092709720 8.015011787
0.091469646 0.002071594 0.995805681 -18.137723923 0.040470522 0.999163926 -0.005795995 0.414093375 -0.994985104 0.040830933 0.091309369 8.082490921
0.089480221 0.003492245 0.995982587 -17.530883789 0.040440761 0.999156475 -0.007136624 0.399505943 -0.995167315 0.040916875 0.089263499 8.140761375
0.087119639 0.003808315 0.996190608 -16.936866760 0.042592410 0.999064028 -0.007544127 0.381345272 -0.995286942 0.043087400 0.086875916 8.193851471
0.085285842 0.004116856 0.996348023 -16.344772339 0.043938477 0.999003112 -0.007888891 0.365530491 -0.995387197 0.044450823 0.085019946 8.236986160
0.083153129 0.002837593 0.996532798 -15.791333199 0.046782177 0.998882294 -0.006747908 0.347835302 -0.995438159 0.047181081 0.082927465 8.281054497
0.081440151 0.001371852 0.996677339 -15.241394997 0.049049664 0.998781860 -0.005382681 0.331822813 -0.995470643 0.049325053 0.081273675 8.326154709
0.079878569 0.002679988 0.996800959 -14.716348648 0.049361363 0.998758912 -0.006640821 0.315806866 -0.995581627 0.049733918 0.079647183 8.363946915
0.077884853 0.003656296 0.996955752 -14.217132568 0.049314767 0.998755038 -0.007515503 0.299962938 -0.995742023 0.049749978 0.077607572 8.403505325
0.075987160 0.004512670 0.997098625 -13.743467331 0.047214810 0.998851776 -0.008118764 0.284349144 -0.995990336 0.047694743 0.075686872 8.445830345
0.074473083 0.007486952 0.997195005 -13.296383858 0.048536792 0.998759449 -0.011123559 0.267658293 -0.996041238 0.049229048 0.074017286 8.479815483
0.073874176 0.012906520 0.997184098 -12.864173889 0.047540836 0.998733878 -0.016448539 0.252793729 -0.996133804 0.048622087 0.073167026 8.510364532
0.072595477 0.016405080 0.997226536 -12.469146729 0.048628416 0.998617351 -0.019967981 0.231675833 -0.996175289 0.049943130 0.071697354 8.541072845
0.072185397 0.017220128 0.997242689 -12.093954086 0.047236856 0.998669982 -0.020664020 0.220041066 -0.996272147 0.048598245 0.071275949 8.572559357
0.072632909 0.017590398 0.997203648 -11.734743118 0.048250359 0.998611748 -0.021129632 0.206840187 -0.996190965 0.049650140 0.071683347 8.594864845
0.073597550 0.019762948 0.997092307 -11.401784897 0.048306189 0.998559415 -0.023357624 0.193930775 -0.996117532 0.049884792 0.072536886 8.624703407
0.076179087 0.021276478 0.996867239 -11.069063187 0.048128564 0.998528481 -0.024989856 0.181343228 -0.995932043 0.049881488 0.075043023 8.637159348
0.080085933 0.020901509 0.996568918 -10.778174400 0.046471857 0.998614669 -0.024678983 0.163691252 -0.995704234 0.048288845 0.079003632 8.680962563
0.085954487 0.020904195 0.996079743 -10.498453140 0.045345057 0.998661697 -0.024871336 0.148475319 -0.995266676 0.047305096 0.084891558 8.707725525
0.092636585 0.019924922 0.995500684 -10.218835831 0.043001175 0.998786926 -0.023992188 0.132912010 -0.994771123 0.045030255 0.091667414 8.743453026
0.102006614 0.018826736 0.994605541 -9.956734657 0.041721661 0.998860180 -0.023186240 0.122044355 -0.993908405 0.043861743 0.101104856 8.784708023
0.113678336 0.018536020 0.993344724 -9.698647499 0.041538913 0.998862982 -0.023392711 0.107801527 -0.992648959 0.043921705 0.112779140 8.819828987
0.126570046 0.019544566 0.991765141 -9.437106133 0.042623281 0.998775303 -0.025122339 0.101504892 -0.991041541 0.045452017 0.125581980 8.863828659
0.142117381 0.019683365 0.989654124 -9.196584702 0.043239195 0.998724461 -0.026073050 0.087757081 -0.988905013 0.046497278 0.141085029 8.912248611
0.159366071 0.018902754 0.987038612 -8.949809074 0.041679479 0.998796403 -0.025857450 0.078863919 -0.986339390 0.045260057 0.158386409 8.970518112
0.176704943 0.017371427 0.984110534 -8.723847389 0.038115617 0.998973489 -0.024477752 0.068249226 -0.983525574 0.041835323 0.175861418 9.041860580
0.192561626 0.016781397 0.981141508 -8.492779732 0.033027738 0.999176443 -0.023571992 0.057654470 -0.980729043 0.036943946 0.191848814 9.116654396
0.204248726 0.014214132 0.978815973 -8.271838188 0.030310318 0.999323308 -0.020836772 0.048514456 -0.978449762 0.033924107 0.203679681 9.174562454
0.212753177 0.009557751 0.977059364 -8.076730728 0.028831420 0.999455333 -0.016054837 0.039485842 -0.976680696 0.031585727 0.212361693 9.222618103
0.219349265 0.006346742 0.975625813 -7.938964844 0.030280380 0.999452829 -0.013309663 0.037777036 -0.975176454 0.032461785 0.219037056 9.270185471
0.224507570 0.006374672 0.974451482 -7.833530426 0.030204821 0.999452591 -0.013497227 0.032822251 -0.974004090 0.032463364 0.224192142 9.295921326
0.226645231 0.008494893 0.973940372 -7.762552261 0.029042339 0.999458373 -0.015475896 0.032129690 -0.973544300 0.031793043 0.226275742 9.321299553
0.228739023 0.009555513 0.973440945 -7.720739365 0.027693378 0.999483228 -0.016318539 0.026715040 -0.973093867 0.030690553 0.228356183 9.331859589
0.229341567 0.009116895 0.973303258 -7.714312553 0.027835090 0.999485731 -0.015920987 0.025729492 -0.972947896 0.030743329 0.228969872 9.330749512
0.228632092 0.010507055 0.973456204 -7.734624863 0.028788973 0.999431431 -0.017548980 0.027089447 -0.973087192 0.032037064 0.228199601 9.332773209
0.229191661 0.014887538 0.973267555 -7.739356041 0.030846424 0.999269724 -0.022549212 0.020969570 -0.972892523 0.035189915 0.228565097 9.322559357
0.229069114 0.019191496 0.973221004 -7.754396439 0.031020522 0.999153912 -0.027004251 0.014653742 -0.972915769 0.036375664 0.228279948 9.324094772
0.228428900 0.019205205 0.973371208 -7.751172066 0.030626468 0.999168813 -0.026901573 0.015551060 -0.973078787 0.035956018 0.227650881 9.327901840
0.229188979 0.017968977 0.973216116 -7.739543915 0.029710250 0.999234617 -0.025446029 0.018532157 -0.972928464 0.034746442 0.228479743 9.324739456
0.228863657 0.017584095 0.973299742 -7.737931252 0.029627668 0.999247849 -0.025019597 0.020953476 -0.973007560 0.034562677 0.228170514 9.329196930
0.228503048 0.017152341 0.973392129 -7.737800598 0.029496254 0.999263823 -0.024532458 0.022325456 -0.973096251 0.034317162 0.227828920 9.332868576
0.229041755 0.016546356 0.973275840 -7.747184753 0.030008214 0.999260306 -0.024049958 0.017138481 -0.972953856 0.034714714 0.228375793 9.329660416
0.228730023 0.017039370 0.973340750 -7.742808342 0.030213319 0.999240875 -0.024592752 0.017998904 -0.973020911 0.035032954 0.228041589 9.329906464
0.228858531 0.016959846 0.973312020 -7.743907928 0.029831212 0.999256432 -0.024426255 0.020716161 -0.973002613 0.034625232 0.228182435 9.330212593
0.229157865 0.016563863 0.973248422 -7.735830307 0.029745631 0.999269068 -0.024010524 0.020199805 -0.972934783 0.034452088 0.228497624 9.325005531
0.228744328 0.016992601 0.973338366 -7.741950035 0.029965853 0.999250948 -0.024487270 0.021719575 -0.973025322 0.034768239 0.228063822 9.331199646
0.229049027 0.016852185 0.973269105 -7.737464905 0.029727057 0.999262691 -0.024298236 0.021405071 -0.972960949 0.034497913 0.228379190 9.327573776
0.228958964 0.016417883 0.973297715 -7.738862038 0.029999457 0.999263823 -0.023912977 0.017700702 -0.972973824 0.034673493 0.228297889 9.326652527
0.228667617 0.016772680 0.973360121 -7.747026443 0.029861007 0.999260247 -0.024234114 0.019521803 -0.973046541 0.034607068 0.227997601 9.334334373
0.228842139 0.016623471 0.973321617 -7.748737335 0.029968861 0.999259949 -0.024112593 0.018367887 -0.973002136 0.034687318 0.228174567 9.331398010
0.229040563 0.016818788 0.973271668 -7.737771988 0.029898923 0.999257386 -0.024303975 0.021487832 -0.972957671 0.034666371 0.228367627 9.324703217
0.228936493 0.016690988 0.973298311 -7.737632751 0.029768903 0.999265313 -0.024138454 0.020094961 -0.972986162 0.034500197 0.228271425 9.327377319
0.228762686 0.016732825 0.973338425 -7.739878654 0.030003933 0.999256074 -0.024230173 0.021084398 -0.973019719 0.034746941 0.228090465 9.330902100
0.229001880 0.016762013 0.973281801 -7.735851288 0.030050339 0.999253452 -0.024279803 0.019811958 -0.972962141 0.034807567 0.228327215 9.326105118
0.228809059 0.016675862 0.973328471 -7.736838341 0.029881684 0.999261796 -0.024144730 0.020075768 -0.973012567 0.034609228 0.228141844 9.331752777
0.228874862 0.016681489 0.973312914 -7.737348557 0.029915635 0.999260366 -0.024160869 0.018452615 -0.972996056 0.034647088 0.228206515 9.328292847
0.228808463 0.016617607 0.973329604 -7.738449097 0.029825438 0.999265254 -0.024071712 0.017004877 -0.973014414 0.034537792 0.228144705 9.331357956
0.228745162 0.016591387 0.973344922 -7.742092133 0.029873716 0.999264240 -0.024053803 0.017122895 -0.973027885 0.034579623 0.228081226 9.331686020
0.228851557 0.016600261 0.973319769 -7.742454529 0.029971795 0.999260426 -0.024089800 0.017417669 -0.972999811 0.034685131 0.228184760 9.331090927
0.228613973 0.016591333 0.973375916 -7.752449036 0.030096382 0.999256372 -0.024101127 0.016566128 -0.973051965 0.034804944 0.227944613 9.336778641
0.228621066 0.016624779 0.973373652 -7.749087334 0.030104648 0.999255240 -0.024137661 0.019066662 -0.973049998 0.034821447 0.227950335 9.336290359
0.228617370 0.016582167 0.973375201 -7.745477676 0.030050086 0.999258280 -0.024080999 0.018458247 -0.973052561 0.034755342 0.227949500 9.339993477
0.228588879 0.016665215 0.973380506 -7.751310349 0.029940134 0.999260187 -0.024139453 0.019299924 -0.973062694 0.034661151 0.227920830 9.336467743
0.228794277 0.016722247 0.973331153 -7.752753258 0.030047037 0.999254763 -0.024230575 0.020856977 -0.973010957 0.034789532 0.228121281 9.326328278
0.228724003 0.016647726 0.973349035 -7.749404907 0.030089226 0.999255180 -0.024161384 0.021310538 -0.973026276 0.034813609 0.228052735 9.329435349
0.228710055 0.016675048 0.973351836 -7.753171921 0.029999435 0.999257684 -0.024167875 0.020542085 -0.973032296 0.034727439 0.228040040 9.327733040
0.228781760 0.016804071 0.973332763 -7.748764992 0.030004686 0.999254227 -0.024304194 0.022839040 -0.973015308 0.034764901 0.228106916 9.327891350
0.228769541 0.016718568 0.973337054 -7.748437881 0.029905194 0.999259949 -0.024192642 0.021187633 -0.973021209 0.034642376 0.228100240 9.328849792
0.228820682 0.016903354 0.973321855 -7.748026848 0.029988399 0.999252319 -0.024403730 0.023433864 -0.973006606 0.034772441 0.228142679 9.328102112
0.228787303 0.016776195 0.973331809 -7.747263908 0.029990038 0.999255419 -0.024272339 0.022056192 -0.973014355 0.034743462 0.228113830 9.328903198
0.228738129 0.016801625 0.973343074 -7.746922493 0.029994268 0.999254704 -0.024297642 0.022220016 -0.973025918 0.034752510 0.228063703 9.329494476
0.228783250 0.016841119 0.973331749 -7.746423721 0.029982625 0.999254107 -0.024337111 0.022955179 -0.973015606 0.034750964 0.228107691 9.328050613
0.228754401 0.016784098 0.973339498 -7.748401642 0.029948965 0.999256730 -0.024269622 0.022466362 -0.973023355 0.034702290 0.228081703 9.328525543
0.228816211 0.016723981 0.973326027 -7.747542381 0.030088054 0.999253213 -0.024242783 0.021446407 -0.973004639 0.034832627 0.228142142 9.328695297
0.228742063 0.016673794 0.973344326 -7.749736786 0.029985296 0.999258220 -0.024164446 0.021898806 -0.973025262 0.034713443 0.228072405 9.329730988
0.228715181 0.016770855 0.973348975 -7.748132706 0.029956587 0.999256849 -0.024256378 0.022005945 -0.973032415 0.034706015 0.228042841 9.328374863
0.228778005 0.016835077 0.973333061 -7.749489784 0.030045921 0.999251962 -0.024345553 0.022065878 -0.973014832 0.034814414 0.228101075 9.327430725
0.228722692 0.016752439 0.973347485 -7.749000549 0.029974213 0.999256670 -0.024241878 0.022049695 -0.973030090 0.034719992 0.228050530 9.328349113
0.228817046 0.016848752 0.973323643 -7.747673988 0.030064521 0.999250948 -0.024365388 0.023360640 -0.973005116 0.034837727 0.228139043 9.328006744
0.228768229 0.016697649 0.973337770 -7.749594688 0.030023448 0.999256253 -0.024198838 0.021407992 -0.973017871 0.034758877 0.228096724 9.327713013
0.228673875 0.016709611 0.973359704 -7.750486374 0.029990237 0.999257207 -0.024199873 0.021844506 -0.973041058 0.034725167 0.228002846 9.329660416
0.228770435 0.016753368 0.973336279 -7.751259804 0.029888153 0.999259651 -0.024224404 0.021569222 -0.973021507 0.034633052 0.228100300 9.327400208
0.228721917 0.016666923 0.973349214 -7.750336647 0.030068353 0.999255419 -0.024176121 0.021472722 -0.973027408 0.034796614 0.228050470 9.327856064
0.228668272 0.016743610 0.973360479 -7.750894547 0.030039238 0.999254584 -0.024246056 0.021444857 -0.973040879 0.034783311 0.227994859 9.329860687
0.228767991 0.016761683 0.973336637 -7.748503685 0.030087728 0.999252319 -0.024279637 0.023069352 -0.973015904 0.034839891 0.228092670 9.327775955
0.228816748 0.016678395 0.973326623 -7.752021790 0.030051256 0.999255657 -0.024187371 0.021195024 -0.973005533 0.034784164 0.228145242 9.326362610
0.228783250 0.016666155 0.973334730 -7.752439499 0.030000776 0.999257803 -0.024161739 0.020692319 -0.973015010 0.034728598 0.228113413 9.326914787
0.228760540 0.016697107 0.973339617 -7.750731468 0.030067464 0.999254704 -0.024208320 0.022259384 -0.973018348 0.034803759 0.228088021 9.327987671
0.228767812 0.016708286 0.973337710 -7.751267433 0.030067375 0.999254405 -0.024220044 0.021279067 -0.973016620 0.034806475 0.228094876 9.327919006
0.228762805 0.016690684 0.973339081 -7.750886917 0.030016841 0.999256670 -0.024189942 0.021082938 -0.973019242 0.034750327 0.228091776 9.328213692
0.228822589 0.016677674 0.973325312 -7.748361588 0.030015718 0.999256968 -0.024178512 0.021591663 -0.973005354 0.034747649 0.228151977 9.327423096
0.228807092 0.016699037 0.973328650 -7.749076843 0.030105477 0.999253213 -0.024220925 0.021866292 -0.973006248 0.034844443 0.228133500 9.327379227
0.228698790 0.016802860 0.973352194 -7.750394821 0.029921727 0.999257326 -0.024280464 0.022595942 -0.973037243 0.034677293 0.228026152 9.330369949
0.228734553 0.016773852 0.973344445 -7.749588013 0.029921317 0.999257982 -0.024251897 0.022146344 -0.973029017 0.034670990 0.228062928 9.329391479
0.228705823 0.016687755 0.973352551 -7.749956131 0.030015994 0.999256790 -0.024184644 0.021055847 -0.973032713 0.034747310 0.228034973 9.329320908
0.228891373 0.016731018 0.973308086 -7.755838394 0.030429041 0.999240696 -0.024332743 0.021149218 -0.972976208 0.035186391 0.228208482 9.326983452
0.229268432 0.017560691 0.973204911 -7.750048637 0.030051865 0.999232888 -0.025109993 0.021030962 -0.972899318 0.035003550 0.228564858 9.330371857
0.229480743 0.018197292 0.973143101 -7.741783142 0.030235307 0.999209404 -0.025814628 0.024143577 -0.972843468 0.035347242 0.228749156 9.333999634
0.229713678 0.018666970 0.973079205 -7.733944893 0.029696641 0.999216080 -0.026178811 0.025126964 -0.972805083 0.034910813 0.228979230 9.341196060
0.230628312 0.018743867 0.972861409 -7.720108986 0.029722417 0.999212205 -0.026297614 0.024444044 -0.972587883 0.034980763 0.229889512 9.343496323
0.230984032 0.018877728 0.972774446 -7.705304146 0.029418634 0.999219120 -0.026376339 0.025681019 -0.972512782 0.034710210 0.230248332 9.357032776
0.232036352 0.018684836 0.972527623 -7.686688423 0.029252233 0.999229252 -0.026177164 0.020092964 -0.972267151 0.034522656 0.231310904 9.354917526
0.233173370 0.019034961 0.972248852 -7.667551041 0.028971082 0.999228597 -0.026511280 0.020695865 -0.972003520 0.034348827 0.232442021 9.365074158
0.235095680 0.019944286 0.971767664 -7.639159203 0.028658381 0.999212563 -0.027440760 0.016283810 -0.971549690 0.034300491 0.234338999 9.370648384
0.238194644 0.022413226 0.970958769 -7.604054451 0.028323991 0.999148130 -0.030012351 0.017608941 -0.970804334 0.034650210 0.237356901 9.377859116
0.242781341 0.025844160 0.969736755 -7.562617302 0.027301401 0.999067068 -0.033460960 0.015140772 -0.969696820 0.034598868 0.241849244 9.395958900
0.249507606 0.028753988 0.967945874 -7.492488861 0.026719369 0.998974085 -0.036563177 0.012319207 -0.968004167 0.034985695 0.248483360 9.420727730
0.258503079 0.030272443 0.965536118 -7.398993492 0.025523510 0.998945892 -0.038153358 0.008701891 -0.965673268 0.034506630 0.257457912 9.454540253
0.269903898 0.030072330 0.962417543 -7.286597252 0.024536924 0.998972774 -0.038095783 0.001104265 -0.962574601 0.033896968 0.268888772 9.499660492
0.284098148 0.030425262 0.958312392 -7.162444115 0.022406895 0.999012709 -0.038360126 -0.001814514 -0.958533406 0.032370843 0.283135951 9.555191994
0.301739991 0.030728066 0.952895045 -7.003996849 0.021546522 0.999005377 -0.039037835 -0.007775277 -0.953146815 0.032310851 0.300777793 9.625385284
0.322806418 0.030063802 0.945987523 -6.830672264 0.021453774 0.999006152 -0.039069589 -0.018402725 -0.946221888 0.032906916 0.321840584 9.701946259
0.346574128 0.027606227 0.937616289 -6.634815216 0.022578679 0.999031723 -0.037760314 -0.023505718 -0.937750816 0.034256887 0.345615268 9.796670914
0.373618603 0.024221141 0.927266240 -6.445528507 0.021320086 0.999170721 -0.034689762 -0.037628368 -0.927337468 0.032730136 0.372792363 9.882113457
0.402748525 0.020067278 0.915090621 -6.241057396 0.022287160 0.999248207 -0.031721789 -0.051098183 -0.915039301 0.033170678 0.401998520 9.995493889
0.434576988 0.017197357 0.900470555 -6.005436897 0.022925926 0.999282479 -0.030148797 -0.055213138 -0.900342941 0.033746094 0.433870912 10.119577408
0.468308628 0.015904555 0.883421779 -5.736883163 0.018910000 0.999428570 -0.028017400 -0.063697442 -0.883362591 0.029826296 0.467740297 10.292043686
0.502935767 0.014613999 0.864200354 -5.460897923 0.014627552 0.999569952 -0.025415909 -0.081630878 -0.864200115 0.025423704 0.502505660 10.493532181
0.539218664 0.014998385 0.842032254 -5.171737194 0.009259644 0.999675393 -0.023736017 -0.096538335 -0.842114925 0.020595824 0.538904786 10.711990356
0.576567709 0.014892941 0.816913664 -4.885030746 0.006087108 0.999727845 -0.022521988 -0.110050231 -0.817026734 0.017958093 0.576320171 10.945581436
0.614358425 0.015499155 0.788874865 -4.600387096 0.001725394 0.999778271 -0.020986509 -0.124416068 -0.789025247 0.014254358 0.614195466 11.205485344
0.651120543 0.014941933 0.758827209 -4.327357769 -0.000450794 0.999813616 -0.019300343 -0.132890284 -0.758974195 0.012224776 0.651005983 11.503509521
0.687728882 0.015588115 0.725800335 -4.040360451 -0.001843182 0.999803722 -0.019726427 -0.147854894 -0.725965381 0.012228653 0.687622547 11.821928978
0.723081112 0.017636634 0.690537930 -3.750515699 -0.003060456 0.999745965 -0.022329254 -0.158014640 -0.690756381 0.014032502 0.722951412 12.161324501
0.756391764 0.018090302 0.653868675 -3.492638588 -0.005280285 0.999753773 -0.021551551 -0.172580749 -0.654097557 0.012848805 0.756301105 12.530708313
0.787965953 0.015073997 0.615534246 -3.222776413 -0.005257994 0.999828577 -0.017754158 -0.183254957 -0.615696371 0.010753198 0.787910104 12.923418999
0.816661954 0.011768396 0.576996386 -2.956657648 -0.005402965 0.999904156 -0.012746827 -0.192273244 -0.577091098 0.007292357 0.816647232 13.368254662
0.844020486 0.010053756 0.536216736 -2.692380428 -0.005416396 0.999933064 -0.010222608 -0.206792504 -0.536283672 0.005723728 0.844018400 13.838488579
0.868462443 0.013087159 0.495582193 -2.438810825 -0.007649104 0.999886215 -0.013000287 -0.206724107 -0.495695978 0.007499503 0.868463755 14.349040985
0.891300976 0.015385528 0.453151077 -2.188052893 -0.010914109 0.999862552 -0.012480735 -0.213320524 -0.453280807 0.006178351 0.891346395 14.879980087
0.910568714 0.011063793 0.413209617 -1.959061623 -0.007618246 0.999921143 -0.009985207 -0.223221734 -0.413287491 0.005944285 0.910581231 15.438124657
0.926672876 0.007528869 0.375793427 -1.731068373 -0.005318754 0.999961913 -0.006918260 -0.237563699 -0.375831187 0.004412212 0.926677644 16.037422180
0.940380156 0.004874998 0.340090275 -1.516219854 -0.002644975 0.999971867 -0.007020426 -0.237994701 -0.340114921 0.005702340 0.940366566 16.679870605
0.951820433 0.001554446 0.306652099 -1.339182258 0.001106471 0.999963224 -0.008503286 -0.247417524 -0.306654036 0.008432903 0.951783717 17.325428009
0.961950302 -0.008083701 0.273104787 -1.167478919 0.010949100 0.999899805 -0.008969450 -0.262349635 -0.273004919 0.011618417 0.961942494 17.994256973
0.970950425 -0.014667623 0.238830760 -0.999446392 0.017581625 0.999794662 -0.010075231 -0.269695401 -0.238633946 0.013981582 0.971008956 18.702260971
0.978622556 -0.015549329 0.205075994 -0.866066515 0.018163024 0.999775946 -0.010868652 -0.285392135 -0.204861060 0.014361108 0.978685677 19.423505783
0.984761655 -0.016606908 0.173114821 -0.756701827 0.018704085 0.999770045 -0.010490010 -0.295674235 -0.172900811 0.013568114 0.984845757 20.173103333
0.989984155 -0.017777858 0.140054733 -0.647076964 0.019709818 0.999728620 -0.012419244 -0.313225120 -0.139795929 0.015055308 0.990065873 21.002584457
0.993680120 -0.018252721 0.110755071 -0.557068348 0.020122187 0.999672890 -0.015784971 -0.320813149 -0.110430725 0.017913846 0.993722379 21.775863647
0.996308446 -0.016084157 0.084325172 -0.499416888 0.017707262 0.999671400 -0.018535662 -0.343693435 -0.083999328 0.019960405 0.996265888 22.615713120
0.998058021 -0.012912934 0.060938239 -0.459809691 0.014145310 0.999703169 -0.019835474 -0.361833990 -0.060664017 0.020658944 0.997944415 23.474918365
0.999136388 -0.009451052 0.040461097 -0.431996733 0.010288275 0.999736190 -0.020534066 -0.384815156 -0.040256359 0.020932607 0.998970091 24.341796875
0.999674201 -0.006171658 0.024767464 -0.431661785 0.006696736 0.999753356 -0.021173650 -0.411638200 -0.024630679 0.021332612 0.999468982 25.253231049
0.999920547 -0.002912984 0.012262153 -0.433361053 0.003184106 0.999749601 -0.022149395 -0.438204467 -0.012194562 0.022186682 0.999679446 26.187685013
0.999993980 -0.000127485 0.003462351 -0.444078594 0.000204125 0.999754786 -0.022144081 -0.464454174 -0.003458679 0.022144655 0.999748766 27.143321991
0.999991179 0.002311957 -0.003500845 -0.448788166 -0.002386849 0.999765098 -0.021541515 -0.491932243 0.003450219 0.021549683 0.999761820 28.124830246
0.999962389 0.004408572 -0.007466931 -0.469625801 -0.004552901 0.999800980 -0.019423682 -0.518291235 0.007379815 0.019456947 0.999783456 29.124685287
0.999940753 0.006089202 -0.009023910 -0.494884342 -0.006257911 0.999803901 -0.018786978 -0.549412489 0.008907744 0.018842336 0.999782801 30.147445679
0.999932647 0.006895331 -0.009334079 -0.500029504 -0.007078776 0.999779582 -0.019764986 -0.577540219 0.009195736 0.019829728 0.999761105 31.205394745
0.999924421 0.008208329 -0.009151432 -0.526907563 -0.008395690 0.999751985 -0.020626504 -0.601298690 0.008979853 0.020701779 0.999745369 32.269302368
0.999931395 0.006299076 -0.009873092 -0.536274076 -0.006485511 0.999799073 -0.018966207 -0.625184059 0.009751639 0.019028939 0.999771357 33.356712341
0.999927223 0.005501337 -0.010738004 -0.553193808 -0.005670384 0.999859452 -0.015776457 -0.647228420 0.010649703 0.015836198 0.999817908 34.472126007
0.999917805 0.005398232 -0.011628277 -0.564828753 -0.005524616 0.999925733 -0.010864192 -0.680553377 0.011568765 0.010927541 0.999873340 35.621242523
0.999902427 0.005413138 -0.012878183 -0.581811309 -0.005514965 0.999953687 -0.007884625 -0.701696932 0.012834907 0.007954879 0.999885976 36.767272949
0.999891460 0.004779171 -0.013935916 -0.601183236 -0.004866850 0.999968529 -0.006264478 -0.723480582 0.013905539 0.006331622 0.999883294 37.928775787
0.999875009 0.004741272 -0.015084357 -0.630594373 -0.004814595 0.999976754 -0.004828238 -0.742739201 0.015061114 0.004900260 0.999874592 39.089321136
0.999841213 0.005167868 -0.017055266 -0.653927386 -0.005225221 0.999980867 -0.003319889 -0.762689769 0.017037781 0.003408479 0.999849021 40.264190674
0.999811947 0.005001117 -0.018737834 -0.678515434 -0.005035646 0.999985695 -0.001796004 -0.782514811 0.018728584 0.001890024 0.999822795 41.427104950
0.999782979 0.004635727 -0.020310221 -0.710178733 -0.004636417 0.999989271 0.000013141 -0.807123721 0.020310063 0.000081029 0.999793708 42.598777771
0.999751091 0.004733461 -0.021803120 -0.740544617 -0.004717393 0.999988556 0.000788351 -0.834836245 0.021806603 -0.000685301 0.999761999 43.751056671
0.999702573 0.005908317 -0.023661513 -0.773571849 -0.005983448 0.999977291 -0.003105703 -0.855714858 0.023642626 0.003246357 0.999715209 44.903400421
0.999647439 0.007752118 -0.025394661 -0.808825850 -0.007932736 0.999943912 -0.007019425 -0.874326110 0.025338821 0.007218400 0.999652863 46.051055908
0.999620318 0.006591596 -0.026754539 -0.842567146 -0.006750985 0.999959946 -0.005871499 -0.904265702 0.026714766 0.006049889 0.999624789 47.206233978
0.999549091 0.009435833 -0.028506301 -0.884090722 -0.009522606 0.999950409 -0.002909732 -0.927566171 0.028477432 0.003179875 0.999589384 48.366020203
0.999549270 0.006419972 -0.029326633 -0.918443203 -0.006431825 0.999979258 -0.000309859 -0.959699988 0.029324036 0.000498343 0.999569833 49.534599304
0.999514639 0.007609044 -0.030208103 -0.962190092 -0.007602372 0.999971032 0.000335733 -0.979872823 0.030209783 -0.000105917 0.999543548 50.677791595
0.999497592 0.008340074 -0.030577103 -0.997393668 -0.008390535 0.999963641 -0.001522350 -1.002197266 0.030563295 0.001778144 0.999531269 51.827621460
0.999500573 0.007401478 -0.030722586 -1.037098050 -0.007513750 0.999965489 -0.003540555 -1.028044462 0.030695323 0.003769628 0.999521673 52.969303131
0.999508440 0.007617947 -0.030410277 -1.080767751 -0.007771640 0.999957621 -0.004938976 -1.053568482 0.030371362 0.005172886 0.999525309 54.132514954
0.999521911 0.006083453 -0.030314501 -1.119094014 -0.006335192 0.999946177 -0.008215137 -1.083760500 0.030262895 0.008403257 0.999506652 55.266067505
0.999533594 0.004809422 -0.030157132 -1.162407160 -0.005149300 0.999924004 -0.011202721 -1.116940022 0.030100960 0.011352785 0.999482393 56.400520325
0.999530017 0.002950980 -0.030512137 -1.198305726 -0.003293550 0.999932051 -0.011183180 -1.149876833 0.030477062 0.011278418 0.999471843 57.536571503
0.999535322 0.001464123 -0.030446073 -1.238282919 -0.001655872 0.999978960 -0.006273724 -1.173636913 0.030436248 0.006321223 0.999516726 58.673274994
0.999544501 0.000568125 -0.030173359 -1.283888459 -0.000534927 0.999999225 0.001108327 -1.197390914 0.030173967 -0.001091682 0.999544084 59.799880981
0.999535322 -0.001473263 -0.030446149 -1.311632633 0.001613571 0.999988198 0.004584339 -1.216368079 0.030439036 -0.004631336 0.999525905 60.931793213
0.999536455 -0.004453119 -0.030117247 -1.358274817 0.004519744 0.999987483 0.002144451 -1.234950781 0.030107319 -0.002279579 0.999544084 62.068977356
0.999494255 -0.009373954 -0.030386018 -1.388487101 0.009331577 0.999955297 -0.001536183 -1.255826592 0.030399060 0.001251856 0.999537051 63.173171997
0.999510109 -0.008502049 -0.030120805 -1.427411437 0.008301167 0.999942482 -0.006788012 -1.280306578 0.030176785 0.006534649 0.999523222 64.285018921
0.999521852 -0.007330813 -0.030039536 -1.462920785 0.006984850 0.999908268 -0.011605735 -1.303910375 0.030121859 0.011390364 0.999481320 65.392112732
0.999550343 -0.004961180 -0.029572191 -1.508231401 0.004556195 0.999895155 -0.013746489 -1.333064079 0.029637288 0.013605570 0.999468148 66.504356384
0.999589562 -0.000051718 -0.028648239 -1.547681451 -0.000257267 0.999941826 -0.010781680 -1.369758248 0.028647130 0.010784625 0.999531388 67.606132507
0.999613643 0.002798041 -0.027653292 -1.597610950 -0.003017136 0.999964356 -0.007884397 -1.395621896 0.027630245 0.007964784 0.999586463 68.732559204
0.999606907 0.003239109 -0.027849525 -1.634205222 -0.003424630 0.999972224 -0.006616438 -1.416852355 0.027827322 0.006709212 0.999590218 69.834777832
0.999596059 0.002753773 -0.028286519 -1.664881825 -0.002890344 0.999984384 -0.004788388 -1.449555039 0.028272890 0.004868211 0.999588370 70.942237854
0.999590755 0.001211228 -0.028580811 -1.698907256 -0.001326103 0.999991119 -0.004000667 -1.472923875 0.028575711 0.004036931 0.999583483 72.040748596
0.999572217 -0.000335233 -0.029245952 -1.733182907 0.000255780 0.999996245 -0.002720427 -1.497812510 0.029246755 0.002711783 0.999568522 73.138671875
0.999555349 -0.001974406 -0.029752640 -1.769681334 0.001941857 0.999997497 -0.001122815 -1.522327185 0.029754782 0.001064541 0.999556661 74.233413696
0.999534845 -0.003228313 -0.030326085 -1.810368896 0.003164360 0.999992669 -0.002156601 -1.547640562 0.030332826 0.002059635 0.999537706 75.326469421
0.999518752 -0.003591607 -0.030812193 -1.845716476 0.003421579 0.999978662 -0.005569138 -1.576293349 0.030831536 0.005461032 0.999509692 76.415237427
0.999495804 -0.003193510 -0.031590071 -1.881624222 0.002936689 0.999962270 -0.008172839 -1.601473927 0.031614978 0.008075948 0.999467492 77.494453430
0.999475360 -0.001754388 -0.032340832 -1.920984983 0.001512926 0.999970794 -0.007489148 -1.632745981 0.032353029 0.007436289 0.999448836 78.563591003
0.999472380 -0.000353045 -0.032478955 -1.971242666 0.000220543 0.999991655 -0.004083108 -1.654210448 0.032480124 0.004073791 0.999464095 79.635208130
0.999451280 0.000967557 -0.033109739 -2.007952452 -0.000947292 0.999999344 0.000627735 -1.682374597 0.033110328 -0.000596026 0.999451518 80.723060608
0.999426544 0.002353258 -0.033780050 -2.050598860 -0.002285031 0.999995291 0.002058192 -1.698088408 0.033784732 -0.001979823 0.999427199 81.789405823
0.999407768 0.003029624 -0.034277026 -2.091131449 -0.003026932 0.999995410 0.000130428 -1.720419288 0.034277260 -0.000026597 0.999412358 82.851562500
0.999392271 0.002487372 -0.034769397 -2.135257006 -0.002540231 0.999995708 -0.001476170 -1.742845058 0.034765575 0.001563596 0.999394298 83.927581787
0.999374211 0.002319342 -0.035295472 -2.173628569 -0.002382564 0.999995649 -0.001749259 -1.763335586 0.035291258 0.001832258 0.999375403 84.983154297
0.999345303 0.001399864 -0.036152221 -2.204935312 -0.001514985 0.999993861 -0.003157143 -1.787704587 0.036147580 0.003209846 0.999341309 86.060348511
0.999329269 0.000341787 -0.036618881 -2.252337217 -0.000461376 0.999994576 -0.003257374 -1.801677465 0.036617570 0.003272084 0.999324024 87.115615845
0.999304771 -0.000087623 -0.037281919 -2.290225029 0.000005151 0.999997556 -0.002212221 -1.823928714 0.037282020 0.002210491 0.999302328 88.170211792
0.999299407 0.000131441 -0.037425265 -2.340409517 -0.000143767 0.999999940 -0.000326684 -1.847212315 0.037425220 0.000331836 0.999299347 89.229362488
0.999321997 0.000916876 -0.036805701 -2.388053179 -0.000940058 0.999999344 -0.000612524 -1.864754677 0.036805116 0.000646709 0.999322236 90.274803162
0.999371052 0.000909554 -0.035450369 -2.436252117 -0.000961102 0.999998510 -0.001437071 -1.885650754 0.035449009 0.001470239 0.999370396 91.323982239
0.999413073 -0.000068818 -0.034256969 -2.473460674 -0.000028946 0.999995947 -0.002853336 -1.909190297 0.034257025 0.002852653 0.999408960 92.370735168
0.999444127 -0.000686570 -0.033330344 -2.517200708 0.000604226 0.999996722 -0.002480572 -1.929894686 0.033331938 0.002459054 0.999441326 93.419471741
0.999481857 -0.000930375 -0.032174673 -2.557425976 0.000878597 0.999998271 -0.001623389 -1.948131204 0.032176130 0.001594279 0.999480963 94.458763123
0.999521017 -0.000968267 -0.030931272 -2.592565536 0.000955088 0.999999464 -0.000440849 -1.968937397 0.030931681 0.000411096 0.999521434 95.496147156
0.999553740 0.000519988 -0.029866727 -2.630234241 -0.000507531 0.999999762 0.000424660 -1.986593366 0.029866941 -0.000409312 0.999553800 96.536224365
0.999608994 0.001326185 -0.027930604 -2.663904190 -0.001298476 0.999998629 0.001010177 -2.004290342 0.027931906 -0.000973515 0.999609351 97.568428040
0.999645591 0.002645910 -0.026490366 -2.694364309 -0.002700515 0.999994278 -0.002025749 -2.025089979 0.026484855 0.002096569 0.999647021 98.608673096
0.999679327 0.002245159 -0.025222421 -2.718139172 -0.002457149 0.999961913 -0.008376990 -2.047786236 0.025202651 0.008436279 0.999646783 99.628814697
0.999723196 0.001866821 -0.023452498 -2.754990339 -0.002183640 0.999906600 -0.013490602 -2.085713625 0.023425123 0.013538080 0.999633908 100.655761719
0.999764323 0.001802875 -0.021634620 -2.781366587 -0.002112294 0.999895692 -0.014287699 -2.116974831 0.021606604 0.014330030 0.999663830 101.671424866
0.999817550 0.003813445 -0.018715806 -2.808503151 -0.004012759 0.999935508 -0.010623508 -2.148335218 0.018674087 0.010696672 0.999768376 102.701858521
0.999884784 0.004523897 -0.014490626 -2.827471733 -0.004583476 0.999981165 -0.004081018 -2.172609806 0.014471891 0.004146966 0.999886692 103.742042542
0.999921620 0.004866485 -0.011537763 -2.834974766 -0.004848762 0.999987006 0.001563606 -2.194952488 0.011545223 -0.001507540 0.999932230 104.761947632
0.999961555 0.002216161 -0.008487320 -2.844805479 -0.002205709 0.999996781 0.001240689 -2.218115330 0.008490042 -0.001221921 0.999963224 105.777671814
0.999978304 0.000026839 -0.006591415 -2.852920532 -0.000068626 0.999979913 -0.006339501 -2.243341446 0.006591112 0.006339816 0.999958158 106.771064758
0.999983430 -0.002676394 -0.005090948 -2.860598564 0.002588734 0.999849617 -0.017148260 -2.269472122 0.005136077 0.017134797 0.999840021 107.763984680
0.999983609 -0.003452731 -0.004564561 -2.865074873 0.003345380 0.999722421 -0.023320431 -2.300484180 0.004643813 0.023304779 0.999717593 108.753845215
0.999988914 -0.002683047 -0.003867924 -2.873948097 0.002582966 0.999667585 -0.025651518 -2.339675188 0.003935462 0.025641242 0.999663472 109.752143860
0.999995112 0.000678645 -0.003058445 -2.900367737 -0.000751690 0.999713004 -0.023945462 -2.377856255 0.003041316 0.023947643 0.999708593 110.749549866
0.999993205 0.001523628 -0.003352996 -2.897484779 -0.001594420 0.999773741 -0.021212442 -2.410737991 0.003319918 0.021217644 0.999769390 111.768463135
0.999980032 0.004975838 -0.003889359 -2.915670633 -0.005033304 0.999876201 -0.014907693 -2.445498466 0.003814699 0.014926972 0.999881327 112.794746399
0.999975324 0.005747881 -0.004036291 -2.931816339 -0.005783198 0.999944627 -0.008793361 -2.472360373 0.003985525 0.008816486 0.999953210 113.819267273
0.999979079 0.003587787 -0.005384773 -2.938231230 -0.003609282 0.999985516 -0.003987460 -2.496243954 0.005370389 0.004006812 0.999977529 114.859840393
0.999965131 0.004832388 -0.006807963 -2.953336000 -0.004825772 0.999987841 0.000987878 -2.515684128 0.006812654 -0.000954990 0.999976337 115.886795044
0.999954343 0.004233616 -0.008566603 -2.965113401 -0.004179560 0.999971330 0.006318232 -2.527132034 0.008593107 -0.006282139 0.999943316 116.944358826
0.999945104 0.002858535 -0.010081708 -2.976943254 -0.002764305 0.999952495 0.009348212 -2.538454533 0.010107951 -0.009319830 0.999905467 118.006134033
0.999937594 0.001109260 -0.011115527 -2.994118690 -0.001040313 0.999980211 0.006206617 -2.543536425 0.011122191 -0.006194666 0.999918938 119.067375183
0.999919176 -0.002640947 -0.012435330 -3.000609159 0.002672485 0.999993265 0.002520191 -2.552317142 0.012428591 -0.002553220 0.999919474 120.146102905
0.999911964 -0.002487678 -0.013035298 -3.027015209 0.002398886 0.999973834 -0.006822818 -2.560032606 0.013051930 0.006790947 0.999891758 121.234527588
0.999893129 -0.005685933 -0.013467999 -3.043548346 0.005455913 0.999839664 -0.017054658 -2.594652414 0.013562812 0.016979357 0.999763846 122.316207886
0.999869168 -0.007102795 -0.014532075 -3.064210176 0.006752959 0.999689579 -0.023982437 -2.617949724 0.014697907 0.023881165 0.999606729 123.406738281
0.999869347 -0.006942304 -0.014598567 -3.084727526 0.006634505 0.999756873 -0.021028005 -2.661225796 0.014741001 0.020928403 0.999672294 124.529121399
0.999864459 -0.006120796 -0.015285905 -3.115273237 0.005879394 0.999858081 -0.015787788 -2.697613239 0.015380369 0.015695775 0.999758542 125.657371521
0.999844193 -0.007554672 -0.015952909 -3.137367964 0.007379745 0.999912322 -0.010995799 -2.726426363 0.016034581 0.010876358 0.999812305 126.780593872
0.999832213 -0.006528739 -0.017114451 -3.160990715 0.006368097 0.999935329 -0.009424100 -2.756639004 0.017174872 0.009313532 0.999809146 127.915954590
0.999820113 -0.005258573 -0.018222701 -3.193948984 0.005037562 0.999913454 -0.012153100 -2.784970284 0.018285030 0.012059117 0.999760091 129.049835205
0.999792218 -0.005094949 -0.019737436 -3.226288795 0.004811299 0.999884844 -0.014392092 -2.812449217 0.019808490 0.014294139 0.999701619 130.205230713
0.999760866 -0.004417769 -0.021418272 -3.255087852 0.004176412 0.999927402 -0.011300380 -2.845567942 0.021466641 0.011208226 0.999706745 131.356018066
0.999723613 -0.004430271 -0.023088500 -3.291829586 0.004279075 0.999969125 -0.006593846 -2.872982502 0.023116998 0.006493227 0.999711692 132.527938843
0.999688864 -0.003990087 -0.024622528 -3.327585220 0.003875706 0.999981463 -0.004691364 -2.903465033 0.024640791 0.004594474 0.999685824 133.672378540
0.999651909 -0.004473669 -0.026000295 -3.367314339 0.004372937 0.999982715 -0.003929809 -2.929092169 0.026017427 0.003814743 0.999654233 134.825439453
0.999605775 -0.004504140 -0.027711900 -3.409100533 0.004386834 0.999981165 -0.004292405 -2.956726551 0.027730713 0.004169146 0.999606729 135.969284058
0.999564946 -0.005008479 -0.029065015 -3.448829651 0.004869711 0.999976397 -0.004843201 -2.981164694 0.029088585 0.004699557 0.999565780 137.110809326
0.999501407 -0.004300151 -0.031281002 -3.481742620 0.004167443 0.999982059 -0.004306419 -3.005979300 0.031298958 0.004173910 0.999501348 138.252655029
0.999491334 -0.003048422 -0.031745289 -3.530631065 0.002970344 0.999992430 -0.002506377 -3.025970221 0.031752691 0.002410808 0.999492824 139.391784668
0.999474049 -0.003566038 -0.032232001 -3.572137833 0.003502305 0.999991775 -0.002033560 -3.055340528 0.032238990 0.001919604 0.999478340 140.535644531
0.999486029 -0.003414245 -0.031874470 -3.616735220 0.003288110 0.999986529 -0.004008824 -3.078510761 0.031887729 0.003901956 0.999483824 141.685836792
0.999493837 -0.002710775 -0.031697415 -3.665495872 0.002499432 0.999974370 -0.006705248 -3.105004787 0.031714778 0.006622629 0.999475002 142.815017700
0.999470055 -0.004184494 -0.032281172 -3.696476698 0.004011654 0.999977291 -0.005417119 -3.127247095 0.032303106 0.005284748 0.999464154 143.909851074
0.999426067 -0.004721155 -0.033544052 -3.738113165 0.004698135 0.999988675 -0.000765054 -3.151896000 0.033547282 0.000607021 0.999436975 145.053070068
0.999357283 -0.006124415 -0.035319667 -3.779026747 0.006236635 0.999975860 0.003067960 -3.171723366 0.035300024 -0.003286264 0.999371350 146.183090210
0.999309003 -0.006266021 -0.036636133 -3.829286575 0.006399174 0.999973357 0.003518339 -3.185156107 0.036613110 -0.003750348 0.999322474 147.303405762
0.999264538 -0.005632203 -0.037929758 -3.875256538 0.005726777 0.999980748 0.002385232 -3.211552382 0.037915595 -0.002600693 0.999277532 148.408355713
0.999233544 -0.004535259 -0.038881138 -3.928388834 0.004484880 0.999988973 -0.001382845 -3.233981371 0.038886983 0.001207408 0.999242902 149.520065308
0.999226987 -0.004559747 -0.039047085 -3.969051600 0.004396778 0.999981284 -0.004258510 -3.254257679 0.039065771 0.004083537 0.999228299 150.621780396
0.999280691 -0.003027003 -0.037800528 -4.026467800 0.002895300 0.999989569 -0.003538421 -3.280184031 0.037810847 0.003426432 0.999279022 151.696014404
0.999328017 -0.003886816 -0.036447138 -4.064977169 0.003816457 0.999990702 -0.001999803 -3.307060242 0.036454570 0.001859360 0.999333560 152.800521851
0.999379516 -0.004230318 -0.034967754 -4.107128620 0.004198423 0.999990702 -0.000985496 -3.328788280 0.034971599 0.000838075 0.999387980 153.866104126
0.999431014 -0.003743199 -0.033521093 -4.150986195 0.003703768 0.999992371 -0.001238338 -3.351960897 0.033525471 0.001113479 0.999437273 154.950088501
0.999469459 -0.003977601 -0.032326858 -4.183579922 0.003926993 0.999990940 -0.001628833 -3.374199867 0.032333046 0.001501022 0.999476016 156.008880615
0.999541163 -0.003204308 -0.030118853 -4.230654240 0.003169111 0.999994218 -0.001216276 -3.395347357 0.030122576 0.001120268 0.999545574 157.059768677
0.999589086 -0.001920179 -0.028599186 -4.265353203 0.001910313 0.999998093 -0.000372294 -3.418416739 0.028599845 0.000317507 0.999590874 158.106948853
0.999638975 -0.001425238 -0.026830917 -4.309844017 0.001421490 0.999998987 -0.000158763 -3.444817543 0.026831115 0.000120565 0.999639988 159.147232056
0.999675333 0.000422083 -0.025475968 -4.343446255 -0.000491712 0.999996185 -0.002726924 -3.467493057 0.025474718 0.002738566 0.999671698 160.177230835
0.999710083 -0.001318258 -0.024041688 -4.368898392 0.001234386 0.999993086 -0.003503138 -3.492320299 0.024046140 0.003472446 0.999704838 161.224365234
0.999738038 0.000898319 -0.022870118 -4.395153999 -0.001027890 0.999983490 -0.005654386 -3.517479181 0.022864660 0.005676413 0.999722481 162.266662598
0.999772489 0.003088511 -0.021106390 -4.428059578 -0.003243248 0.999968112 -0.007300996 -3.545197248 0.021083169 0.007367788 0.999750555 163.290954590
0.999806881 -0.001375500 -0.019605201 -4.443187237 0.001155743 0.999936402 -0.011216046 -3.566029787 0.019619381 0.011191222 0.999744892 164.321319580
0.999845922 -0.002680754 -0.017347598 -4.476050377 0.002519970 0.999953747 -0.009283600 -3.597606897 0.017371682 0.009238455 0.999806404 165.343551636
0.999866903 -0.004372162 -0.015716787 -4.492767334 0.004261524 0.999965966 -0.007066085 -3.621804953 0.015747147 0.006998168 0.999851525 166.345504761
0.999880493 -0.003110289 -0.015143070 -4.511486530 0.003022523 0.999978542 -0.005815176 -3.647167921 0.015160832 0.005768711 0.999868453 167.360031128
0.999903023 0.001109418 -0.013881957 -4.545403957 -0.001262665 0.999938309 -0.011035368 -3.673058271 0.013868858 0.011051826 0.999842763 168.354187012
0.999889910 0.006587276 -0.013293794 -4.574914932 -0.006825701 0.999815226 -0.017970122 -3.701658726 0.013172964 0.018058883 0.999750137 169.368576050
0.999832809 0.012991672 -0.012866139 -4.614261150 -0.013256034 0.999698281 -0.020679474 -3.737784624 0.012593596 0.020846570 0.999703348 170.392074585
0.999794602 0.014868123 -0.013770841 -4.640528679 -0.015118051 0.999719560 -0.018226434 -3.773781061 0.013495986 0.018430877 0.999739051 171.409591675
0.999729335 0.016653229 -0.016244430 -4.661168575 -0.016939968 0.999700248 -0.017676624 -3.804383993 0.015945187 0.017947020 0.999711812 172.441375732
0.999713302 0.015148104 -0.018541778 -4.693534851 -0.015443429 0.999754488 -0.015889326 -3.838318110 0.018296532 0.016171120 0.999701798 173.477172852
0.999757409 0.007902223 -0.020558279 -4.714482307 -0.008216135 0.999850273 -0.015230036 -3.870014191 0.020434849 0.015395251 0.999672651 174.497406006
0.999774456 0.004812405 -0.020684954 -4.760248661 -0.005028056 0.999933422 -0.010386140 -3.894149065 0.020633593 0.010487802 0.999732077 175.520858765
0.999733806 0.004576016 -0.022612868 -4.792052269 -0.004672035 0.999980271 -0.004195203 -3.917895079 0.022593224 0.004299735 0.999735475 176.558212280
0.999673545 -0.000056573 -0.025548786 -4.798701286 0.000198724 0.999984503 0.005561411 -3.932024479 0.025548076 -0.005564673 0.999658108 177.643341064
0.999623358 -0.004112953 -0.027133951 -4.824379921 0.004376824 0.999943614 0.009672541 -3.939329147 0.027092639 -0.009787658 0.999585032 178.702697754
0.999573052 -0.007264339 -0.028301228 -4.854301929 0.007497613 0.999938726 0.008145145 -3.951657295 0.028240323 -0.008353859 0.999566257 179.766220093
0.999523163 -0.006789654 -0.030123021 -4.897061348 0.006864440 0.999973595 0.002379939 -3.958327532 0.030106068 -0.002585582 0.999543369 180.820129395
0.999462903 -0.009336505 -0.031411588 -4.920011997 0.009222485 0.999950349 -0.003772784 -3.971801996 0.031445254 0.003481065 0.999499440 181.881134033
0.999473095 -0.005436939 -0.032000087 -4.974287033 0.005150558 0.999945998 -0.009024997 -3.986035347 0.032047428 0.008855424 0.999447107 183.054290771
0.999515831 -0.005053807 -0.030700270 -5.009091377 0.004698112 0.999921143 -0.011647153 -4.005328178 0.030756712 0.011497281 0.999460757 184.143692017
0.999551952 -0.001239266 -0.029906405 -5.054999352 0.000875959 0.999925733 -0.012158180 -4.027843952 0.029919250 0.012126535 0.999478757 185.218933105
0.999540687 -0.006552834 -0.029587591 -5.044404507 0.006165178 0.999894202 -0.013174254 -4.051338673 0.029670790 0.012985789 0.999475360 186.251724243
0.999545991 -0.005679599 -0.029590173 -5.101121902 0.005252398 0.999881148 -0.014495037 -4.096188068 0.029668981 0.014333038 0.999457002 187.395614624
0.999559820 -0.005845967 -0.029084964 -5.141802311 0.005423650 0.999879003 -0.014577889 -4.127855778 0.029166667 0.014413727 0.999470651 188.530532837
0.999570251 -0.005500238 -0.028793124 -5.173584461 0.005105139 0.999892056 -0.013777575 -4.156061172 0.028865797 0.013624661 0.999490440 189.655487061
0.999601185 -0.002225243 -0.028150840 -5.216894627 0.001868499 0.999917686 -0.012692546 -4.192288399 0.028176768 0.012634885 0.999523103 190.775588989
0.999631286 0.000070930 -0.027152220 -5.258947372 -0.000381964 0.999934375 -0.011450192 -4.213038921 0.027149625 0.011456341 0.999565721 191.912368774
0.999652863 -0.000907739 -0.026331345 -5.289421082 0.000675498 0.999960780 -0.008827485 -4.245131493 0.026338326 0.008806635 0.999614298 193.058547974
0.999679625 -0.003924682 -0.025004948 -5.329334259 0.003688934 0.999948382 -0.009467248 -4.275927544 0.025040813 0.009371973 0.999642491 194.184616089
0.999669790 -0.005804147 -0.025032470 -5.354077816 0.005450362 0.999884605 -0.014178161 -4.306432247 0.025111875 0.014037043 0.999586105 195.306610107
0.999681592 -0.006376803 -0.024413306 -5.386865139 0.005933736 0.999817133 -0.018178213 -4.344481468 0.024524761 0.018027563 0.999536693 196.427764893
0.999697745 -0.005546849 -0.023950942 -5.408808231 0.005184398 0.999871492 -0.015168706 -4.378235817 0.024032002 0.015039951 0.999598026 197.554016113
0.999716699 -0.002683082 -0.023651047 -5.447205544 0.002437749 0.999943018 -0.010395752 -4.415415764 0.023677591 0.010335152 0.999666214 198.683151245
0.999742627 0.002327930 -0.022566665 -5.491233826 -0.002510624 0.999964297 -0.008070783 -4.448778629 0.022547072 0.008125362 0.999712765 199.803680420
0.999769747 0.002560334 -0.021304084 -5.518963814 -0.002767665 0.999949038 -0.009708222 -4.475509167 0.021278141 0.009764950 0.999725878 200.924301147
0.999754250 0.005386274 -0.021503292 -5.550845623 -0.005585628 0.999941885 -0.009221564 -4.507023335 0.021452373 0.009339407 0.999726236 202.046340942
0.999761045 0.003419596 -0.021591017 -5.572621346 -0.003586156 0.999964058 -0.007680329 -4.536078930 0.021563977 0.007755923 0.999737382 203.167541504
0.999745905 0.003071456 -0.022331843 -5.602294445 -0.003264944 0.999957383 -0.008632909 -4.566530704 0.022304375 0.008703627 0.999713361 204.265426636
0.999741793 0.003916889 -0.022381837 -5.635360718 -0.004114507 0.999952912 -0.008790177 -4.593047619 0.022346353 0.008879999 0.999710858 205.351043701
0.999741197 0.004274229 -0.022343943 -5.671125889 -0.004414958 0.999970734 -0.006252817 -4.617481232 0.022316562 0.006349847 0.999730766 206.444076538
0.999738157 0.006333585 -0.021989314 -5.699145317 -0.006380286 0.999977529 -0.002054287 -4.644321918 0.021975810 0.002194047 0.999756098 207.538970947
0.999761045 0.005420694 -0.021176431 -5.728409290 -0.005424514 0.999985278 -0.000122986 -4.668222904 0.021175452 0.000237829 0.999775767 208.607238770
0.999778509 0.004909983 -0.020465972 -5.751520634 -0.004899089 0.999987841 0.000582416 -4.686163425 0.020468581 -0.000482023 0.999790370 209.670349121
0.999814689 0.003204536 -0.018980520 -5.776145935 -0.003176335 0.999993801 0.001515717 -4.715422153 0.018985260 -0.001455148 0.999818683 210.720291138
0.999833763 0.004510621 -0.017665746 -5.801769733 -0.004507791 0.999989808 0.000199975 -4.740331173 0.017666467 -0.000120308 0.999843955 211.705352783
0.999863386 0.002747767 -0.016300570 -5.820552826 -0.002828237 0.999983907 -0.004915627 -4.765145302 0.016286802 0.004961057 0.999855042 212.696334839
0.999867082 0.004758950 -0.015593868 -5.838823318 -0.004879688 0.999958336 -0.007713798 -4.790646076 0.015556509 0.007788866 0.999848664 213.684448242
0.999877334 0.006270648 -0.014352730 -5.862866879 -0.006376883 0.999952495 -0.007367966 -4.819744587 0.014305848 0.007458588 0.999869823 214.652633667
0.999863446 0.007852416 -0.014541278 -5.883263588 -0.007915013 0.999959648 -0.004252222 -4.841620445 0.014507301 0.004366735 0.999885201 215.623016357
0.999872744 0.006050045 -0.014759857 -5.894035816 -0.006128117 0.999967456 -0.005250036 -4.869606018 0.014727614 0.005339818 0.999877274 216.567077637
0.999883592 0.003382752 -0.014878639 -5.908761501 -0.003495665 0.999965250 -0.007569509 -4.891422272 0.014852516 0.007620638 0.999860644 217.509613037
0.999878228 0.004094518 -0.015057994 -5.923731804 -0.004228390 0.999951720 -0.008869378 -4.917601585 0.015020952 0.008931968 0.999847293 218.451019287
0.999883890 0.005186405 -0.014328864 -5.943073273 -0.005313369 0.999946833 -0.008836915 -4.938452721 0.014282270 0.008912023 0.999858260 219.392929077
0.999898553 0.002578316 -0.014009383 -5.954361439 -0.002685436 0.999967277 -0.007632871 -4.959120274 0.013989244 0.007669718 0.999872744 220.328628540
0.999910355 0.001259987 -0.013330624 -5.970411777 -0.001359315 0.999971390 -0.007444729 -4.984300137 0.013320862 0.007462183 0.999883413 221.267944336
0.999928832 -0.001836321 -0.011787934 -5.980669498 0.001747981 0.999970376 -0.007499991 -5.004807472 0.011801357 0.007478852 0.999902368 222.200576782
0.999939561 -0.003096400 -0.010550857 -5.990654469 0.003015885 0.999966264 -0.007638479 -5.026906490 0.010574153 0.007606197 0.999915183 223.133407593
0.999941885 -0.006038268 -0.008931031 -5.999447346 0.005972584 0.999955058 -0.007363042 -5.054762363 0.008975090 0.007309272 0.999933004 224.078536987
0.999945521 -0.007553323 -0.007205556 -6.001732349 0.007492619 0.999936521 -0.008414824 -5.074573994 0.007268658 0.008360378 0.999938607 225.020645142
0.999964595 -0.006565005 -0.005267855 -6.009116173 0.006520128 0.999942660 -0.008491551 -5.097997189 0.005323300 0.008456903 0.999950051 225.943130493
0.999982476 -0.005050152 -0.003089876 -6.028824806 0.005022716 0.999948442 -0.008823546 -5.135485172 0.003134277 0.008807871 0.999956310 226.887603760
0.999927044 -0.012036999 -0.001029550 -6.018498898 0.012026749 0.999883115 -0.009441628 -5.154485703 0.001143078 0.009428557 0.999954879 227.821136475
0.999942362 -0.010733262 -0.000162954 -6.018132687 0.010729459 0.999822915 -0.015461111 -5.190330505 0.000328874 0.015458471 0.999880433 228.759170532
0.999944270 -0.010524900 0.000836073 -6.027898312 0.010542534 0.999630988 -0.025034368 -5.227525234 -0.000572280 0.025041787 0.999686241 229.685882568
0.999898911 -0.014138133 -0.001519321 -6.023938656 0.014079232 0.999338031 -0.033545490 -5.258216858 0.001992586 0.033520706 0.999436021 230.618667603
0.999870062 -0.015105009 -0.005630444 -6.035594463 0.014895407 0.999256015 -0.035574459 -5.299069881 0.006163607 0.035485972 0.999351144 231.542724609
0.999861360 -0.012313235 -0.011206985 -6.067878246 0.011963296 0.999454796 -0.030773968 -5.354342937 0.011579801 0.030635629 0.999463558 232.457641602
0.999752939 -0.010654127 -0.019508764 -6.094010830 0.010144251 0.999609172 -0.026050754 -5.392258167 0.019778688 0.025846414 0.999470234 233.400772095
0.999579549 -0.008110193 -0.027838655 -6.129238129 0.007662293 0.999840081 -0.016158290 -5.425766945 0.027965249 0.015938189 0.999481797 234.350402832
0.999334872 -0.003422399 -0.036305781 -6.182336330 0.003185536 0.999973297 -0.006579970 -5.453117847 0.036327329 0.006459940 0.999319077 235.326965332
0.999044120 -0.001067143 -0.043700207 -6.230955601 0.001108927 0.999998927 0.000931930 -5.476491451 0.043699168 -0.000979500 0.999044240 236.301895142
0.998767376 -0.001405362 -0.049616154 -6.286280632 0.001589218 0.999992013 0.003666298 -5.488893509 0.049610604 -0.003740629 0.998761654 237.275177002
0.998500764 -0.000802694 -0.054731857 -6.345724583 0.000899706 0.999998093 0.001747873 -5.497888565 0.054730348 -0.001794496 0.998499572 238.259552002
0.998369098 0.006890131 -0.056671556 -6.408069611 -0.006917004 0.999976039 -0.000278056 -5.510780334 0.056668282 0.000669600 0.998392820 239.245483398
0.998449266 0.007786271 -0.055122320 -6.470444679 -0.008102715 0.999951959 -0.005519590 -5.526165009 0.055076692 0.005957671 0.998464346 240.240020752
0.998648942 0.005338571 -0.051689342 -6.523507118 -0.005636983 0.999968290 -0.005629126 -5.542877197 0.051657651 0.005912892 0.998647332 241.257186890
0.998808444 0.001889211 -0.048765816 -6.578488827 -0.002274286 0.999966681 -0.007842137 -5.562727928 0.048749376 0.007943701 0.998779476 242.290359497
0.998901129 -0.001460623 -0.046844523 -6.630896568 0.001050238 0.999960840 -0.008783996 -5.582647800 0.046855520 0.008725146 0.998863578 243.319656372
0.998954356 -0.006469955 -0.045258056 -6.663577557 0.005895850 0.999900579 -0.012807162 -5.609352589 0.045336422 0.012526936 0.998893201 244.373962402
0.999012172 -0.007560863 -0.043789372 -6.713057995 0.006808917 0.999827206 -0.017295646 -5.634355545 0.043912578 0.016980402 0.998891056 245.423156738
0.999097347 -0.007299735 -0.041847412 -6.760904789 0.006480349 0.999785304 -0.019682668 -5.665381432 0.041982103 0.019393716 0.998930097 246.503555298
0.999155343 -0.006109812 -0.040636010 -6.817880154 0.005384832 0.999824822 -0.017926423 -5.698708534 0.040738419 0.017692463 0.999013186 247.586074829
0.999196172 -0.004266542 -0.039859679 -6.859011173 0.003722569 0.999899089 -0.013711466 -5.727511883 0.039914154 0.013552064 0.999111235 248.693054199
0.999227703 -0.003377500 -0.039148703 -6.908157349 0.002970523 0.999940991 -0.010449194 -5.759190559 0.039181683 0.010324832 0.999178767 249.807037354
0.999260724 -0.006369929 -0.037913326 -6.954306602 0.006036394 0.999942124 -0.008905287 -5.784988403 0.037967857 0.008669844 0.999241352 250.934432983
0.999270022 -0.008938194 -0.037141751 -6.987473011 0.008597078 0.999919474 -0.009333768 -5.811173439 0.037222188 0.009007644 0.999266446 252.092910767
0.999267101 -0.012771007 -0.036086127 -7.033535004 0.012319774 0.999843478 -0.012699154 -5.837060452 0.036242660 0.012245273 0.999267995 253.239974976
0.999263287 -0.012455435 -0.036301196 -7.074593544 0.011844286 0.999785304 -0.017002195 -5.868075848 0.036505174 0.016559709 0.999196231 254.410461426
0.999227703 -0.015005313 -0.036315303 -7.113948822 0.014281687 0.999695897 -0.020104261 -5.901011944 0.036605928 0.019570092 0.999138117 255.571929932
0.999298155 -0.011756831 -0.035567228 -7.170948982 0.011167475 0.999797761 -0.016723728 -5.934672832 0.035756655 0.016314795 0.999227345 256.736694336
0.999351561 -0.009551999 -0.034716710 -7.229496002 0.009181650 0.999899387 -0.010811545 -5.967409611 0.034816489 0.010485778 0.999338686 257.899475098
0.999336541 -0.010033524 -0.035011012 -7.262068748 0.009784513 0.999925673 -0.007276459 -5.994900227 0.035081416 0.006929066 0.999360442 259.102264404
0.999348402 -0.008442271 -0.035092235 -7.304450989 0.008282235 0.999954641 -0.004703304 -6.024116039 0.035130348 0.004409597 0.999373019 260.290435791
0.999385834 -0.007253746 -0.034282599 -7.357480526 0.007089743 0.999962866 -0.004903003 -6.048291206 0.034316890 0.004656937 0.999400139 261.459320068
0.999395907 -0.006400148 -0.034159798 -7.404901505 0.006256506 0.999971151 -0.004310223 -6.071969032 0.034186400 0.004093898 0.999407113 262.633911133
0.999415398 -0.004349166 -0.033911303 -7.449347496 0.004099668 0.999964058 -0.007423420 -6.104812622 0.033942368 0.007280055 0.999397278 263.814392090
0.999408722 -0.006859436 -0.033692058 -7.486752510 0.006517674 0.999926269 -0.010243052 -6.131987095 0.033759840 0.010017401 0.999379754 264.980041504
0.999419510 -0.006176503 -0.033504300 -7.531288147 0.005744807 0.999899447 -0.012965804 -6.165854931 0.033581015 0.012765802 0.999354482 266.132751465
0.999433935 -0.006774671 -0.032953344 -7.574976921 0.006310713 0.999879777 -0.014162950 -6.200065136 0.033045333 0.013946974 0.999356508 267.286010742
0.999393225 -0.011384677 -0.032917690 -7.607684135 0.010995825 0.999867916 -0.011969886 -6.231940746 0.033049617 0.011600666 0.999386370 268.440673828
0.999380708 -0.012384513 -0.032936502 -7.646743298 0.012163832 0.999902248 -0.006892153 -6.265156746 0.033018641 0.006487250 0.999433696 269.582977295
0.999411166 -0.010458463 -0.032678504 -7.686033726 0.010355730 0.999940872 -0.003311435 -6.297442436 0.032711204 0.002971075 0.999460459 270.727874756
0.999436140 -0.007757331 -0.032669328 -7.728260994 0.007579593 0.999955833 -0.005560848 -6.324895382 0.032711022 0.005310093 0.999450743 271.864410400
0.999493301 -0.003918521 -0.031588644 -7.782754421 0.003620805 0.999948561 -0.009476482 -6.349340916 0.031624153 0.009357304 0.999456048 272.984375000
0.999518931 0.000478689 -0.031011607 -7.824163437 -0.000778377 0.999953091 -0.009652390 -6.387887955 0.031005533 0.009671886 0.999472439 274.081054688
0.999544144 0.001970778 -0.030127674 -7.878017902 -0.002249876 0.999954820 -0.009232746 -6.415421486 0.030108118 0.009296321 0.999503434 275.265899658
0.999533594 0.001410856 -0.030505467 -7.917560101 -0.001641059 0.999970376 -0.007522557 -6.451107502 0.030493950 0.007569110 0.999506295 276.385833740
0.999496102 -0.001172956 -0.031720173 -7.946979523 0.001013259 0.999986708 -0.005050142 -6.480090618 0.031725675 0.005015457 0.999484003 277.500823975
0.999449492 -0.002280133 -0.033097904 -7.989765167 0.002219429 0.999995768 -0.001870686 -6.508275509 0.033102032 0.001796198 0.999450386 278.593902588
0.999409080 -0.003209030 -0.034222990 -8.026192665 0.003146623 0.999993265 -0.001877247 -6.538686752 0.034228787 0.001768451 0.999412477 279.688323975
0.999360085 -0.002590735 -0.035675857 -8.068707466 0.002432385 0.999987006 -0.004481248 -6.564895630 0.035687003 0.004391603 0.999353349 280.750640869
0.999317288 -0.001833129 -0.036900532 -8.110448837 0.001610077 0.999980271 -0.006073500 -6.592119217 0.036910936 0.006009941 0.999300480 281.805786133
0.999275148 -0.000278946 -0.038067184 -8.161052704 0.000061542 0.999983668 -0.005712134 -6.620874405 0.038068157 0.005705651 0.999258876 282.838226318
0.999214292 -0.000550697 -0.039630152 -8.202874184 0.000386390 0.999991298 -0.004153548 -6.649549484 0.039632093 0.004134972 0.999205768 283.866668701
0.999156296 -0.000858462 -0.041060720 -8.250732422 0.000867910 0.999999583 0.000212282 -6.674287796 0.041060522 -0.000247740 0.999156654 284.873504639
0.999109268 -0.000291056 -0.042196669 -8.297483444 0.000542372 0.999982178 0.005944490 -6.695338249 0.042194188 -0.005962081 0.999091625 285.872436523
0.999072671 -0.000434217 -0.043053336 -8.342241287 0.000803871 0.999962986 0.008569035 -6.711352348 0.043048020 -0.008595698 0.999036014 286.844238281
0.999053776 0.000419164 -0.043489680 -8.392953873 -0.000153260 0.999981284 0.006117337 -6.731612206 0.043491431 -0.006104884 0.999035120 287.797851562
0.999028742 0.000897030 -0.044053808 -8.437810898 -0.000865740 0.999999344 0.000729332 -6.749567986 0.044054434 -0.000690484 0.999028921 288.761627197
0.999004245 0.000107081 -0.044615291 -8.487361908 -0.000257762 0.999994278 -0.003371607 -6.764024258 0.044614676 0.003379749 0.998998523 289.703033447
0.998973966 -0.001070702 -0.045275338 -8.528043747 0.000883190 0.999990940 -0.004161395 -6.780821323 0.045279384 0.004117139 0.998965859 290.667785645
0.998961270 -0.001327003 -0.045547660 -8.569867134 0.001171982 0.999993443 -0.003430021 -6.809081554 0.045551911 0.003373077 0.998956263 291.613922119
0.998975635 -0.001117724 -0.045238011 -8.621323586 0.001009259 0.999996543 -0.002420414 -6.828992844 0.045240559 0.002372278 0.998973310 292.556671143
0.999048233 0.001089998 -0.043605275 -8.676697731 -0.001213230 0.999995351 -0.002799717 -6.848749161 0.043602023 0.002849956 0.999044895 293.494415283
0.999116421 0.003283199 -0.041899823 -8.711172104 -0.003514052 0.999979019 -0.005437179 -6.876046181 0.041881096 0.005579614 0.999107003 294.429992676
0.999185681 0.006725281 -0.039784033 -8.759995461 -0.007197007 0.999905348 -0.011725869 -6.898265839 0.039701406 0.012002646 0.999139488 295.353424072
0.999245584 0.009556720 -0.037641533 -8.802474022 -0.010167973 0.999818981 -0.016080983 -6.923923492 0.037481036 0.016451590 0.999161899 296.295715332
0.999306321 0.010995379 -0.035580918 -8.838655472 -0.011669267 0.999755383 -0.018787676 -6.954135895 0.035365637 0.019189848 0.999190211 297.218170166
0.999365687 0.014332751 -0.032600787 -8.882838249 -0.014935721 0.999720454 -0.018327856 -6.982667923 0.032328986 0.018803148 0.999300420 298.145629883
0.999446213 0.016156239 -0.029089767 -8.930675507 -0.016682796 0.999699712 -0.017950308 -7.011106968 0.028791023 0.018425666 0.999415636 299.089691162
0.999511898 0.016382076 -0.026600979 -8.950549126 -0.016789082 0.999744296 -0.015149866 -7.045935154 0.026345991 0.015589077 0.999531329 300.038269043
0.999642670 0.012979145 -0.023367511 -8.968690872 -0.013321613 0.999805272 -0.014560166 -7.074946880 0.023173980 0.014866256 0.999620914 300.977630615
0.999721050 0.011946997 -0.020373967 -8.987305641 -0.012193502 0.999853432 -0.012018016 -7.106832027 0.020227402 0.012263093 0.999720216 301.924957275
0.999794424 0.011611472 -0.016620146 -9.017988205 -0.011815285 0.999855578 -0.012217820 -7.127695560 0.016475879 0.012411680 0.999787211 302.870056152
0.999851108 0.010575910 -0.013633961 -9.028324127 -0.010727664 0.999880791 -0.011105949 -7.152459621 0.013514880 0.011250556 0.999845386 303.837585449
0.999885559 0.011033199 -0.010350905 -9.041028976 -0.011125734 0.999898255 -0.008925219 -7.171162605 0.010251379 0.009039359 0.999906600 304.796478271
0.999896049 0.012637954 -0.006936654 -9.050299644 -0.012677595 0.999903381 -0.005700739 -7.195955753 0.006863939 0.005788086 0.999959707 305.779571533
0.999891520 0.014433075 -0.002943652 -9.064229012 -0.014447729 0.999883056 -0.005019261 -7.215630054 0.002870864 0.005061245 0.999983072 306.773223877
0.999877334 0.015648523 0.000671205 -9.064747810 -0.015641646 0.999834836 -0.009252341 -7.231057644 -0.000815879 0.009240706 0.999956965 307.754058838
0.999867797 0.015501740 0.004901847 -9.063722610 -0.015440954 0.999806285 -0.012204502 -7.253224850 -0.005090089 0.012127199 0.999913514 308.743316650
0.999881983 0.012527991 0.008893413 -9.058198929 -0.012440830 0.999874711 -0.009789244 -7.269573689 -0.009014937 0.009677447 0.999912560 309.756988525
0.999849916 0.011065070 0.013329421 -9.052946091 -0.010982401 0.999920130 -0.006259314 -7.292539120 -0.013397615 0.006111986 0.999891579 310.772857666
0.999820948 0.008327699 0.016991902 -9.038494110 -0.008143549 0.999907672 -0.010878149 -7.310349941 -0.017080922 0.010737827 0.999796450 311.797180176
0.999756038 0.008364473 0.020442136 -9.010544777 -0.007946476 0.999759436 -0.020444162 -7.337389469 -0.020608222 0.020276733 0.999581993 312.835754395
0.999658227 0.007809408 0.024949146 -8.994289398 -0.007167360 0.999643445 -0.025720846 -7.373342991 -0.025141116 0.025533235 0.999357760 313.869873047
0.999534488 0.008697506 0.029243601 -8.975194931 -0.008020384 0.999698818 -0.023192618 -7.401763439 -0.029436512 0.022947278 0.999303222 314.910797119
0.999412954 0.008825734 0.033103243 -8.930895805 -0.008313852 0.999844253 -0.015569095 -7.444650173 -0.033235494 0.015284739 0.999330640 316.009063721
0.999245286 0.008850562 0.037821926 -8.901548386 -0.008310592 0.999861658 -0.014410120 -7.474547386 -0.037944227 0.014084923 0.999180615 317.078643799
0.999057412 0.009219003 0.042417642 -8.867696762 -0.008439535 0.999792874 -0.018518563 -7.499318123 -0.042579580 0.018143123 0.998928308 318.155364990
0.998901069 0.008665051 0.046060275 -8.814806938 -0.007677393 0.999737740 -0.021576555 -7.541867256 -0.046235155 0.021199223 0.998705626 319.247528076
0.998688936 0.010410022 0.050119996 -8.756440163 -0.009172272 0.999648809 -0.024862725 -7.579500675 -0.050361216 0.024370415 0.998433709 320.315124512
0.998465955 0.010871126 0.054291680 -8.698382378 -0.009403287 0.999585271 -0.027218813 -7.620063782 -0.054565061 0.026666537 0.998154044 321.411834717
0.998243153 0.010802369 0.058257073 -8.633155823 -0.009256658 0.999599636 -0.026737507 -7.666049957 -0.058522575 0.026151270 0.997943521 322.517517090
0.997957349 0.011300240 0.062876068 -8.573655128 -0.010020565 0.999736965 -0.020630589 -7.713388920 -0.063092656 0.019958394 0.997808099 323.630310059
0.997688532 0.009956273 0.067219965 -8.499748230 -0.008918219 0.999836564 -0.015725104 -7.744973660 -0.067365542 0.015089273 0.997614264 324.755249023
0.997407019 0.008980049 0.071404725 -8.419302940 -0.008019698 0.999873638 -0.013724746 -7.770525455 -0.071518958 0.013116513 0.997353017 325.874023438
0.997160912 0.008320636 0.074838899 -8.337292671 -0.007410138 0.999895215 -0.012435558 -7.804588318 -0.074934527 0.011845686 0.997118115 327.016540527
0.996923983 0.005192894 0.078202508 -8.248985291 -0.004215268 0.999910951 -0.012661098 -7.839225292 -0.078261293 0.012292507 0.996857107 328.163116455
0.996783018 0.003308401 0.080079146 -8.161563873 -0.002038267 0.999870896 -0.015937539 -7.874995232 -0.080121540 0.015723046 0.996661067 329.295501709
0.996728003 0.003677091 0.080745369 -8.071887016 -0.002029652 0.999788284 -0.020475497 -7.909548759 -0.080803566 0.020244615 0.996524453 330.449523926
0.996641219 0.003537585 0.081815332 -7.978958607 -0.001667654 0.999736071 -0.022912562 -7.950758934 -0.081874795 0.022699164 0.996384084 331.599731445
0.996584475 0.003787900 0.082492813 -7.889657497 -0.002030359 0.999769390 -0.021378860 -7.988387585 -0.082554772 0.021138350 0.996362329 332.763580322
0.996501625 0.004185449 0.083468512 -7.803402424 -0.002700173 0.999836147 -0.017899401 -8.029903412 -0.083529755 0.017611403 0.996349633 333.921966553
0.996440887 0.003007847 0.084240489 -7.714109898 -0.001593857 0.999856830 -0.016847381 -8.061782837 -0.084279098 0.016653152 0.996303022 335.093109131
0.996442616 0.001126164 0.084266350 -7.615756989 0.000412775 0.999833524 -0.018243140 -8.095204353 -0.084272869 0.018213026 0.996276259 336.279937744
0.996445417 0.000795848 0.084237196 -7.527416229 0.000866490 0.999805629 -0.019695617 -8.138480186 -0.084236495 0.019698599 0.996251047 337.489807129
0.996523738 -0.000659285 0.083306849 -7.421862125 0.002361594 0.999790370 -0.020337321 -8.180253983 -0.083275981 0.020463359 0.996316373 338.682739258
0.996572673 -0.000516624 0.082720563 -7.330943108 0.002066155 0.999823987 -0.018647607 -8.220181465 -0.082696371 0.018754609 0.996398330 339.868103027
0.996579826 -0.002344795 0.082602330 -7.235040188 0.003553427 0.999888718 -0.014487964 -8.262095451 -0.082559168 0.014731934 0.996477246 341.080871582
0.996636391 -0.004303410 0.081837825 -7.140108585 0.005150690 0.999935269 -0.010144867 -8.297308922 -0.081788868 0.010532265 0.996594012 342.280426025
0.996721566 -0.004767754 0.080767564 -7.043244362 0.005477117 0.999948323 -0.008563501 -8.331620216 -0.080722563 0.008977800 0.996696174 343.475524902
0.996772349 -0.006146051 0.080044195 -6.948360920 0.007028456 0.999917567 -0.010746902 -8.361127853 -0.079971544 0.011274802 0.996733367 344.660766602
0.996831238 -0.004427877 0.079422429 -6.864885807 0.005448982 0.999905229 -0.012644525 -8.399188995 -0.079358913 0.013037228 0.996760845 345.861297607
0.996927619 -0.001734420 0.078308798 -6.786998272 0.002848716 0.999896228 -0.014120043 -8.437564850 -0.078276180 0.014299741 0.996829152 347.029266357
0.997042179 -0.000936795 0.076850675 -6.701437950 0.002046787 0.999894738 -0.014366006 -8.481017113 -0.076829121 0.014480810 0.996939123 348.211700439
0.997139037 -0.001290557 0.075578474 -6.614574909 0.002358605 0.999898612 -0.014044084 -8.515243530 -0.075552687 0.014182163 0.997040927 349.398132324
0.997219920 -0.000296543 0.074514255 -6.534096718 0.001262777 0.999915719 -0.012920333 -8.552419662 -0.074504144 0.012978508 0.997136235 350.574829102
0.997285545 0.001337708 0.073619314 -6.460543156 -0.000384076 0.999915838 -0.012966187 -8.593213081 -0.073630467 0.012902715 0.997202098 351.754669189
0.997401536 0.003061569 0.071977973 -6.371171951 -0.002041809 0.999896586 -0.014236975 -8.630949020 -0.072014116 0.014053016 0.997304618 352.935668945
0.997458935 0.004421534 0.071106710 -6.305618763 -0.003390971 0.999887586 -0.014607387 -8.666103363 -0.071163304 0.014329147 0.997361779 354.108489990
0.997593224 0.004455663 0.069194943 -6.223611355 -0.003565320 0.999909341 -0.012985340 -8.709109306 -0.069246523 0.012707385 0.997518659 355.277618408
0.997750461 0.003679754 0.066936500 -6.149152279 -0.002815387 0.999911487 -0.013002997 -8.751666069 -0.066978425 0.012785294 0.997672498 356.435546875
0.997894228 0.003235050 0.064781584 -6.080949783 -0.002095874 0.999842107 -0.017645122 -8.793718338 -0.064828433 0.017472191 0.997743428 357.592132568
0.998062789 0.000459736 0.062212992 -6.007578373 0.000929122 0.999751031 -0.022293486 -8.826483727 -0.062207751 0.022308102 0.997813880 358.741546631
0.998163879 -0.003648074 0.060460933 -5.937029839 0.004765190 0.999820411 -0.018342789 -8.871576309 -0.060383156 0.018597217 0.998001993 359.886871338
0.998246074 -0.003642195 0.059088737 -5.880213737 0.004076257 0.999965549 -0.007227073 -8.906106949 -0.059060380 0.007455259 0.998226583 361.035949707
0.998271525 -0.002115248 0.058732320 -5.836043358 0.002073510 0.999997556 0.000771568 -8.931331635 -0.058733810 -0.000648452 0.998273492 362.176696777
0.998334706 -0.001641669 0.057663657 -5.770085812 0.001452046 0.999993384 0.003330172 -8.957146645 -0.057668742 -0.003240896 0.998330534 363.307098389
0.998353899 0.005296931 0.057109132 -5.722977638 -0.005283301 0.999985993 -0.000389659 -8.975367546 -0.057110392 0.000087293 0.998367846 364.417449951
0.998346508 0.011435819 0.056333065 -5.678771973 -0.010953466 0.999900699 -0.008863848 -9.006393433 -0.056428839 0.008232149 0.998372674 365.529907227
0.998364091 0.014297606 0.055360083 -5.625423908 -0.013545831 0.999811172 -0.013931259 -9.039690018 -0.055548813 0.013158570 0.998369277 366.621459961
0.998305023 0.017385883 0.055541191 -5.579873562 -0.016698293 0.999778390 -0.012820025 -9.072394371 -0.055751771 0.011870853 0.998374104 367.732666016
0.998293281 0.020640509 0.054630630 -5.531202793 -0.020182407 0.999756515 -0.008923962 -9.102468491 -0.054801520 0.007806154 0.998466730 368.828460693
0.998285890 0.022683321 0.053951051 -5.488958359 -0.022387374 0.999730885 -0.006083596 -9.126758575 -0.054074526 0.004865346 0.998525023 369.921051025
0.998368800 0.023354005 0.052099656 -5.425722122 -0.023112467 0.999719143 -0.005233845 -9.151890755 -0.052207258 0.004021156 0.998628199 371.047943115
0.998419523 0.025020558 0.050322928 -5.385721684 -0.024733223 0.999674082 -0.006324570 -9.184569359 -0.050464772 0.005069926 0.998712957 372.121215820
