1.000000000 0.000000000 0.000000000 0.000000000 0.000000000 1.000000000 0.000000000 0.000000000 0.000000000 0.000000000 1.000000000 0.000000000
0.999997735 -0.001587038 -0.001426953 -0.003945305 0.001585690 0.999998271 -0.000945276 -0.008014653 0.001428451 0.000943011 0.999998510 0.559290349
0.999995351 -0.001830354 -0.002442969 -0.006414370 0.001824145 0.999995112 -0.002541070 -0.017993938 0.002447608 0.002536602 0.999993801 1.112344384
0.999988019 -0.002399948 -0.004266368 -0.016073724 0.002385433 0.999991357 -0.003404047 -0.037339181 0.004274501 0.003393829 0.999985099 1.676122665
0.999969780 -0.004153620 -0.006572544 -0.013931980 0.004116318 0.999975383 -0.005678833 -0.039953571 0.006595970 0.005651607 0.999962270 2.253804922
0.999948263 -0.006835092 -0.007531647 -0.028391032 0.006780799 0.999951005 -0.007210804 -0.062494539 0.007580564 0.007159361 0.999945641 2.802331686
0.999928772 -0.008089706 -0.008772692 -0.039522227 0.008020542 0.999936700 -0.007890764 -0.074492089 0.008835970 0.007819840 0.999930382 3.372553110
0.999914289 -0.008305786 -0.010120967 -0.050438646 0.008233145 0.999940217 -0.007197944 -0.086788058 0.010180146 0.007114000 0.999922872 3.951662302
0.999900997 -0.008486395 -0.011221755 -0.061045337 0.008400357 0.999935150 -0.007692019 -0.102187559 0.011286305 0.007596991 0.999907434 4.540827274
0.999894321 -0.007939702 -0.012176901 -0.076709457 0.007814303 0.999916315 -0.010311352 -0.118430369 0.012257751 0.010215108 0.999872684 5.132830143
0.999885976 -0.006215505 -0.013761584 -0.084563054 0.006020133 0.999881148 -0.014193100 -0.133534491 0.013848166 0.014108635 0.999804556 5.744535923
0.999876082 -0.004801773 -0.014991881 -0.097813189 0.004533555 0.999829948 -0.017873878 -0.147958547 0.015075158 0.017803695 0.999727845 6.351328850
0.999866366 -0.003036091 -0.016064100 -0.114005424 0.002750108 0.999837875 -0.017794892 -0.161248714 0.016115522 0.017748337 0.999712586 6.978607178
0.999851465 -0.000666253 -0.017221309 -0.129505828 0.000476940 0.999939442 -0.010994701 -0.169888690 0.017227592 0.010984854 0.999791265 7.618656158
0.999844253 0.000559320 -0.017638909 -0.157586500 -0.000570064 0.999999642 -0.000604092 -0.184968010 0.017638566 0.000614054 0.999844253 8.291831017
0.999823153 0.001288788 -0.018762948 -0.168512627 -0.001173839 0.999980509 0.006136141 -0.197861314 0.018770490 -0.006113031 0.999805152 8.978326797
0.999789536 0.004092537 -0.020103144 -0.186469078 -0.003993135 0.999979615 0.004982272 -0.212343499 0.020123124 -0.004900949 0.999785483 9.665266991
0.999768496 0.005632551 -0.020765077 -0.207951427 -0.005675307 0.999981880 -0.002000699 -0.219608814 0.020753432 0.002118084 0.999782383 10.349233627
0.999742866 0.005497551 -0.021999495 -0.230844259 -0.005673390 0.999952376 -0.007938476 -0.222235069 0.021954805 0.008061246 0.999726474 11.063969612
0.999728322 0.002812551 -0.023137007 -0.249591425 -0.002962778 0.999974728 -0.006461243 -0.222609937 0.023118250 0.006528037 0.999711394 11.808524132
0.999726295 0.001790763 -0.023325430 -0.271557331 -0.001727963 0.999994814 0.002712244 -0.229244187 0.023330167 -0.002671196 0.999724269 12.571370125
0.999716401 0.001808887 -0.023745304 -0.296494842 -0.001570063 0.999948025 0.010072539 -0.235868126 0.023762291 -0.010032400 0.999667287 13.356342316
0.999706089 0.001022297 -0.024222631 -0.318536043 -0.000711550 0.999917388 0.012833964 -0.244444236 0.024233751 -0.012812956 0.999624193 14.146375656
0.999705732 -0.001073573 -0.024233120 -0.346471071 0.001360110 0.999929309 0.011810834 -0.242287278 0.024218727 -0.011840318 0.999636590 14.957033157
0.999721348 -0.001417155 -0.023563702 -0.371978045 0.001633626 0.999956608 0.009169942 -0.238332391 0.023549685 -0.009205881 0.999680281 15.778882027
0.999730527 0.000758475 -0.023201792 -0.398043424 -0.000623516 0.999982834 0.005823421 -0.238233358 0.023205811 -0.005807385 0.999713838 16.625339508
0.999748409 -0.002287027 -0.022314118 -0.418890029 0.002292768 0.999997318 0.000231718 -0.244245678 0.022313528 -0.000282821 0.999750972 17.483745575
0.999755442 -0.004610305 -0.021628078 -0.429901779 0.004479830 0.999971509 -0.006077226 -0.254746765 0.021655479 0.005978850 0.999747634 18.366163254
0.999788761 -0.003338849 -0.020280585 -0.457918137 0.003109728 0.999931097 -0.011318567 -0.267085880 0.020316977 0.011253109 0.999730229 19.256122589
0.999797881 -0.001862519 -0.020016978 -0.486104697 0.001618590 0.999924302 -0.012195393 -0.283722371 0.020038176 0.012160528 0.999725282 20.171140671
0.999786496 -0.001716247 -0.020590840 -0.505748987 0.001478806 0.999932289 -0.011541059 -0.302540988 0.020609254 0.011508145 0.999721348 21.100950241
0.999786019 -0.000341606 -0.020683033 -0.522063076 0.000066420 0.999911487 -0.013304172 -0.325804025 0.020685747 0.013299952 0.999697566 22.050315857
0.999785006 0.002508438 -0.020583764 -0.549530506 -0.002823607 0.999879003 -0.015296811 -0.347048819 0.020542903 0.015351643 0.999671102 23.000036240
0.999768078 0.005797967 -0.020741774 -0.580785751 -0.006131739 0.999852180 -0.016064547 -0.369150966 0.020645566 0.016188003 0.999655783 23.965154648
0.999751925 0.008220646 -0.020701796 -0.608906627 -0.008554791 0.999833703 -0.016104400 -0.397267431 0.020565964 0.016277503 0.999655962 24.957744598
0.999738216 0.008502461 -0.021242619 -0.628182650 -0.008845913 0.999830842 -0.016126808 -0.425614119 0.021101907 0.016310496 0.999644279 25.939100266
0.999746203 0.008788015 -0.020743603 -0.663153470 -0.009124511 0.999827385 -0.016183199 -0.451350808 0.020597806 0.016368367 0.999653816 26.935165405
0.999716103 0.010459435 -0.021408403 -0.692290306 -0.010782436 0.999828935 -0.015028192 -0.482830703 0.021247555 0.015254759 0.999657869 27.941898346
0.999704778 0.010707049 -0.021811554 -0.708631277 -0.010989121 0.999857008 -0.012853700 -0.512468934 0.021670809 0.013089594 0.999679446 28.942934036
0.999694169 0.011379184 -0.021955421 -0.741936266 -0.011633390 0.999866366 -0.011485474 -0.541676044 0.021821791 0.011737378 0.999692976 29.962581635
0.999687552 0.011453955 -0.022217477 -0.767748773 -0.011732887 0.999853492 -0.012465145 -0.571455300 0.022071447 0.012721924 0.999675453 30.985633850
0.999669611 0.012510724 -0.022454379 -0.795231402 -0.012816174 0.999826610 -0.013511159 -0.597165585 0.022281451 0.013794473 0.999656558 32.040866852
0.999669373 0.012438622 -0.022503382 -0.829613388 -0.012726462 0.999838471 -0.012693278 -0.622696042 0.022341860 0.012975469 0.999666154 33.061107635
0.999653578 0.011879010 -0.023486195 -0.851682603 -0.012126194 0.999872267 -0.010410387 -0.644089222 0.023359532 0.010691578 0.999669969 34.108661652
0.999633670 0.012557486 -0.023975927 -0.879358590 -0.012715470 0.999898374 -0.006448238 -0.668560982 0.023892516 0.006750741 0.999691725 35.167774200
0.999618948 0.012433998 -0.024645450 -0.908474147 -0.012539276 0.999912858 -0.004121750 -0.694585979 0.024592051 0.004429215 0.999687731 36.238571167
0.999616981 0.011747469 -0.025056545 -0.937796295 -0.011835904 0.999924242 -0.003384026 -0.718093097 0.025014892 0.003679297 0.999680281 37.303382874
0.999613881 0.011484638 -0.025302036 -0.969733536 -0.011612928 0.999920428 -0.004929228 -0.735401154 0.025243411 0.005221155 0.999667704 38.377239227
0.999587417 0.011560122 -0.026293509 -1.004522562 -0.011707424 0.999916613 -0.005455210 -0.755930126 0.026228253 0.005760788 0.999639392 39.472259521
0.999581635 0.011345246 -0.026606018 -1.047057867 -0.011465529 0.999924719 -0.004372709 -0.776333869 0.026554406 0.004675932 0.999636412 40.548591614
0.999552548 0.011652931 -0.027547695 -1.079719305 -0.011721070 0.999928653 -0.002313297 -0.799997628 0.027518773 0.002635151 0.999617815 41.636791229
0.999541521 0.012006099 -0.027795782 -1.122324944 -0.012007368 0.999927878 0.000121272 -0.818529725 0.027795235 0.000212538 0.999613643 42.717082977
0.999501348 0.013289151 -0.028643724 -1.152954459 -0.013286963 0.999911666 0.000266727 -0.844296277 0.028644739 0.000113994 0.999589622 43.806701660
0.999469340 0.014649433 -0.029093007 -1.196029782 -0.014755348 0.999885261 -0.003429199 -0.866948843 0.029039433 0.003856657 0.999570847 44.887798309
0.999457479 0.016023083 -0.028775465 -1.242943168 -0.016247816 0.999839187 -0.007593132 -0.884302795 0.028649170 0.008056550 0.999557078 45.972949982
0.999456942 0.015746960 -0.028945779 -1.273893833 -0.015984273 0.999840379 -0.007985492 -0.912034035 0.028815411 0.008443833 0.999549091 47.069648743
0.999463618 0.016268263 -0.028422657 -1.314883590 -0.016419422 0.999852240 -0.005092990 -0.938370287 0.028335603 0.005556941 0.999583006 48.152812958
0.999445200 0.017209498 -0.028514499 -1.352089286 -0.017311582 0.999844551 -0.003337044 -0.959212899 0.028452637 0.003828823 0.999587834 49.240779877
0.999461710 0.015981467 -0.028651744 -1.381009102 -0.016046032 0.999869227 -0.002024913 -0.981996119 0.028615637 0.002483570 0.999587417 50.324623108
0.999473870 0.015858186 -0.028293349 -1.416531205 -0.015937870 0.999869645 -0.002593046 -1.015840054 0.028248539 0.003042617 0.999596298 51.420940399
0.999493361 0.014920364 -0.028114704 -1.447475314 -0.015054718 0.999876201 -0.004573176 -1.032560825 0.028042991 0.004994118 0.999594271 52.504165649
0.999494731 0.015475252 -0.027762828 -1.485044599 -0.015666168 0.999855042 -0.006672367 -1.061012626 0.027655547 0.007103932 0.999592245 53.599159241
0.999513030 0.013930219 -0.027922619 -1.517871857 -0.014182783 0.999860108 -0.008867545 -1.086159825 0.027795184 0.009259246 0.999570727 54.687969208
0.999542713 0.012674486 -0.027453797 -1.556183338 -0.013017313 0.999839067 -0.012344895 -1.121295571 0.027292915 0.012696625 0.999546826 55.795791626
0.999571025 0.010850683 -0.027203571 -1.589585066 -0.011236848 0.999837697 -0.014082919 -1.150552750 0.027046347 0.014382560 0.999530733 56.879360199
0.999589264 0.009204076 -0.027139053 -1.619600892 -0.009520759 0.999887824 -0.011562859 -1.183737159 0.027029583 0.011816494 0.999564767 57.974834442
0.999608815 0.007951802 -0.026814956 -1.652786374 -0.008111111 0.999950051 -0.005837542 -1.212625742 0.026767200 0.006052758 0.999623358 59.076877594
0.999613106 0.006236170 -0.027106900 -1.674640417 -0.006236934 0.999980569 0.000056373 -1.234754562 0.027106725 0.000112713 0.999632537 60.163185120
0.999636233 0.004874139 -0.026526500 -1.712215543 -0.004855498 0.999987900 0.000767071 -1.254184842 0.026529917 -0.000637993 0.999647796 61.247482300
0.999662220 0.001674066 -0.025934214 -1.744014144 -0.001732845 0.999996006 -0.002244154 -1.274295688 0.025930353 0.002288336 0.999661148 62.359203339
0.999653339 -0.000261625 -0.026327303 -1.770448446 0.000111529 0.999983728 -0.005702468 -1.287706733 0.026328366 0.005697554 0.999637127 63.444507599
0.999658525 0.002459240 -0.026015559 -1.815536737 -0.002703818 0.999952435 -0.009370241 -1.321927190 0.025991280 0.009437382 0.999617636 64.536605835
0.999663889 0.002270963 -0.025825933 -1.846455097 -0.002625105 0.999902904 -0.013687038 -1.352081895 0.025792342 0.013750234 0.999572754 65.635368347
0.999671578 0.005362983 -0.025060371 -1.883017540 -0.005730751 0.999876618 -0.014626564 -1.372739196 0.024978837 0.014765374 0.999578953 66.731788635
0.999664545 0.008896753 -0.024324762 -1.926755190 -0.009161922 0.999899566 -0.010811579 -1.406214952 0.024226131 0.011030814 0.999645650 67.837669373
0.999644756 0.010682189 -0.024418492 -1.951870799 -0.010893387 0.999904275 -0.008532519 -1.445452332 0.024325008 0.008795488 0.999665439 68.942451477
0.999654949 0.009869987 -0.024343163 -1.983363509 -0.010062814 0.999918878 -0.007811446 -1.469540477 0.024264090 0.008053711 0.999673128 70.039680481
0.999667168 0.008697897 -0.024288720 -2.015246391 -0.008872000 0.999935627 -0.007069481 -1.497250438 0.024225667 0.007282618 0.999679983 71.144325256
0.999666631 0.007656863 -0.024656914 -2.041726589 -0.007798586 0.999953568 -0.005656783 -1.522170544 0.024612457 0.005847187 0.999679983 72.226310730
0.999678075 0.006125411 -0.024621457 -2.079037428 -0.006221382 0.999973357 -0.003823193 -1.541649699 0.024597382 0.003975141 0.999689519 73.318641663
0.999658048 0.004597006 -0.025742566 -2.102786303 -0.004643864 0.999987662 -0.001760789 -1.570908308 0.025734155 0.001879731 0.999667048 74.411033630
0.999644935 0.004475647 -0.026267204 -2.131165743 -0.004555229 0.999985218 -0.002970633 -1.604890823 0.026253520 0.003089231 0.999650538 75.519058228
0.999626160 0.004528258 -0.026963545 -2.160710573 -0.004715472 0.999965191 -0.006883706 -1.627944589 0.026931435 0.007008279 0.999612689 76.596153259
0.999607861 0.005163475 -0.027520988 -2.199877262 -0.005414392 0.999944389 -0.009050576 -1.650562882 0.027472725 0.009196036 0.999580264 77.681915283
0.999578178 0.007125368 -0.028155815 -2.238230705 -0.007326552 0.999948323 -0.007048691 -1.684760690 0.028104136 0.007252002 0.999578714 78.766304016
0.999550819 0.007795207 -0.028937144 -2.276851177 -0.007877113 0.999965310 -0.002717572 -1.706151366 0.028914956 0.002944293 0.999577522 79.845642090
0.999528885 0.009561865 -0.029164838 -2.317713022 -0.009529118 0.999953806 0.001261586 -1.732469201 0.029175553 -0.000983076 0.999573827 80.921104431
0.999502003 0.010715379 -0.029680438 -2.361023903 -0.010668368 0.999941587 0.001741845 -1.748888254 0.029697368 -0.001424336 0.999557912 81.989547729
0.999495804 0.010165834 -0.030079169 -2.403870344 -0.010179535 0.999948144 -0.000302424 -1.768216610 0.030074535 0.000608463 0.999547482 83.055862427
0.999474108 0.010282061 -0.030752931 -2.437682390 -0.010318389 0.999946237 -0.001022821 -1.792667627 0.030740760 0.001339604 0.999526501 84.128807068
0.999471247 0.009630191 -0.031055996 -2.480418205 -0.009666494 0.999952734 -0.001019043 -1.815160871 0.031044716 0.001318707 0.999517143 85.177658081
0.999454618 0.008565391 -0.031892676 -2.518603563 -0.008588294 0.999962926 -0.000581223 -1.836155295 0.031886518 0.000854809 0.999491155 86.210021973
0.999432325 0.007290322 -0.032891214 -2.538406372 -0.007280568 0.999973416 0.000416332 -1.855582476 0.032893375 -0.000176629 0.999458849 87.242675781
0.999419034 0.007571096 -0.033230864 -2.581008196 -0.007469486 0.999967039 0.003180771 -1.876867294 0.033253852 -0.002930705 0.999442637 88.247123718
0.999388158 0.006402340 -0.034385487 -2.620913982 -0.006258009 0.999971151 0.004303442 -1.896489382 0.034412049 -0.004085625 0.999399364 89.222381592
0.999327421 0.005464933 -0.036261313 -2.661458969 -0.005308918 0.999976218 0.004397417 -1.916271329 0.036284480 -0.004201951 0.999332666 90.186790466
0.999210596 0.004686912 -0.039448634 -2.705980539 -0.004556836 0.999983907 0.003386623 -1.933748960 0.039463870 -0.003204189 0.999215841 91.118423462
0.999072969 0.004440964 -0.042818997 -2.757131338 -0.004346456 0.999987900 0.002300001 -1.948983788 0.042828694 -0.002111758 0.999080181 92.032859802
0.998926759 0.004477628 -0.046100665 -2.795426607 -0.004353171 0.999986589 0.002799719 -1.969435334 0.046112586 -0.002596030 0.998932898 92.938957214
0.998768508 0.005558536 -0.049300767 -2.844298840 -0.005378629 0.999978364 0.003781095 -1.984928489 0.049320716 -0.003511268 0.998776793 93.805007935
0.998606622 0.005937841 -0.052436672 -2.895973444 -0.005677117 0.999970794 0.005119708 -2.003863096 0.052465539 -0.004814886 0.998611152 94.647834778
0.998436332 0.007095714 -0.055449050 -2.946716785 -0.006739153 0.999955416 0.006614776 -2.017496586 0.055493515 -0.006230752 0.998439610 95.462783813
0.998292208 0.008826680 -0.057747778 -3.005040407 -0.008425111 0.999938607 0.007193648 -2.029257059 0.057807732 -0.006694831 0.998305261 96.254150391
0.998111546 0.010844480 -0.060462259 -3.056097269 -0.010377213 0.999913871 0.008036908 -2.051546574 0.060544204 -0.007394301 0.998138130 97.022323608
0.997907460 0.012567411 -0.063425094 -3.107767820 -0.012154499 0.999902368 0.006891893 -2.063570499 0.063505515 -0.006106571 0.997962832 97.753280640
0.997744501 0.013864253 -0.065678604 -3.165701151 -0.013675150 0.999900937 0.003327939 -2.082790852 0.065718241 -0.002422268 0.997835279 98.446861267
0.997553468 0.016404739 -0.067955323 -3.226042747 -0.016454769 0.999864578 -0.000176504 -2.098368168 0.067943230 0.001294262 0.997688353 99.112869263
0.997359872 0.017865619 -0.070385575 -3.276022196 -0.018128814 0.999830842 -0.003102275 -2.111044645 0.070318244 0.004370092 0.997515023 99.762275696
0.997243583 0.019952636 -0.071463786 -3.322563171 -0.020286962 0.999786377 -0.003955412 -2.126295805 0.071369596 0.005394293 0.997435331 100.377883911
0.997253597 0.022314075 -0.070621356 -3.372692585 -0.022625189 0.999737501 -0.003608434 -2.141628504 0.070522301 0.005196345 0.997496665 100.965209961
0.997403443 0.026042225 -0.067143366 -3.434290648 -0.026249498 0.999652982 -0.002206468 -2.154957771 0.067062601 0.003963218 0.997740924 101.534095764
0.997649193 0.028585773 -0.062281430 -3.453169346 -0.028675793 0.999588609 -0.000551798 -2.174508333 0.062240034 0.002336470 0.998058498 102.077438354
0.998107851 0.029436482 -0.053983584 -3.503020763 -0.029399527 0.999566674 0.001478727 -2.186891556 0.054003719 0.000111163 0.998540699 102.608306885
0.998572171 0.029491249 -0.044541240 -3.514909267 -0.029326191 0.999560416 0.004354803 -2.205067158 0.044650089 -0.003042360 0.998998046 103.101585388
0.999029636 0.029208397 -0.032964040 -3.516857147 -0.029054897 0.999564648 0.005126161 -2.211771727 0.033099417 -0.004163420 0.999443412 103.577117920
0.999410152 0.028268795 -0.019500336 -3.517336607 -0.028168619 0.999588609 0.005392867 -2.224313736 0.019644763 -0.004840389 0.999795318 104.033264160
0.999600530 0.027920717 -0.004387513 -3.509476185 -0.027902443 0.999601960 0.004172620 -2.230951309 0.004502269 -0.004048531 0.999981642 104.473449707
0.999553919 0.026686164 0.013410714 -3.487787485 -0.026706895 0.999642372 0.001369166 -2.246529341 -0.013369380 -0.001726714 0.999909163 104.899978638
0.999045610 0.026443729 0.034764953 -3.461226702 -0.026346356 0.999647558 -0.003256076 -2.257724524 -0.034838803 0.002337039 0.999390185 105.315460205
0.997961104 0.024313791 0.059012014 -3.412908554 -0.023865705 0.999680817 -0.008286181 -2.265631676 -0.059194651 0.006860923 0.998222888 105.718856812
0.996081531 0.022118278 0.085629292 -3.349494219 -0.021251520 0.999713421 -0.011020675 -2.278246641 -0.085848510 0.009157739 0.996266127 106.129943848
0.993127227 0.018895287 0.115504280 -3.278238297 -0.017579759 0.999768615 -0.012397616 -2.290889025 -0.115711808 0.010281873 0.993229628 106.524452209
0.988766313 0.017022142 0.148497134 -3.197058916 -0.015088344 0.999786198 -0.014139373 -2.306458473 -0.148706064 0.011739960 0.988811731 106.879051208
0.982697904 0.014521562 0.184645623 -3.102949858 -0.011850286 0.999808669 -0.015562419 -2.322230339 -0.184836283 0.013105053 0.982681930 107.251258850
0.974814773 0.011287317 0.222730234 -2.982924461 -0.007860998 0.999836802 -0.016263885 -2.335372686 -0.222877473 0.014103394 0.974744439 107.615028381
0.964750290 0.009276830 0.263003409 -2.862067699 -0.004997368 0.999844074 -0.016935796 -2.351659536 -0.263119519 0.015024490 0.964646220 107.959762573
0.952506423 0.009839775 0.304359525 -2.722923756 -0.004638067 0.999830663 -0.017808942 -2.371220112 -0.304483205 0.015551492 0.952390730 108.288955688
0.937233329 0.011868119 0.348500848 -2.583007812 -0.005718720 0.999809384 -0.018668769 -2.382069826 -0.348655969 0.015504015 0.937122524 108.604080200
0.919677854 0.012295738 0.392481178 -2.410373926 -0.005779186 0.999825180 -0.017780723 -2.390425920 -0.392631203 0.014084317 0.919588149 108.906883240
0.899234891 0.010795925 0.437332958 -2.222716331 -0.003914108 0.999853969 -0.016634112 -2.403347015 -0.437448680 0.013246206 0.899145842 109.232894897
0.876067698 0.009437218 0.482095808 -2.036022663 -0.001606293 0.999860048 -0.016653694 -2.421194553 -0.482185513 0.013815376 0.875960231 109.499977112
0.850276351 0.011393871 0.526213229 -1.834755898 -0.001501999 0.999814093 -0.019221563 -2.434472799 -0.526334405 0.015553270 0.850135446 109.776710510
0.822187424 0.013720253 0.569051564 -1.614349365 -0.000825918 0.999737144 -0.022911083 -2.448877811 -0.569216371 0.018367214 0.821982622 110.049140930
0.791168332 0.018237216 0.611326456 -1.377472878 -0.002247512 0.999635279 -0.026912630 -2.468255043 -0.611594319 0.019918457 0.790920734 110.315086365
0.757334054 0.024535719 0.652566612 -1.124145508 -0.005495518 0.999498010 -0.031202119 -2.477282763 -0.653004587 0.020044237 0.757088721 110.558609009
0.719372034 0.029355677 0.694004416 -0.849147797 -0.006808891 0.999356627 -0.035213996 -2.478624821 -0.694591641 0.020606568 0.719109118 110.822280884
0.680474460 0.029449493 0.732179821 -0.553894043 -0.004754015 0.999348462 -0.035777170 -2.498759747 -0.732756376 0.020864658 0.680171132 111.035781860
0.639633715 0.026877500 0.768209875 -0.243804932 -0.000347389 0.999398530 -0.034676898 -2.510097742 -0.768679857 0.021913646 0.639258325 111.229553223
0.594995618 0.025154207 0.803335249 0.085937500 0.001100970 0.999483705 -0.032111492 -2.520520687 -0.803728223 0.019990647 0.594660759 111.442207336
0.550826490 0.023386629 0.834292054 0.417388916 0.002410908 0.999558568 -0.029611090 -2.535478592 -0.834616303 0.018321974 0.550526977 111.567123413
0.502801061 0.020782614 0.864152312 0.777988434 0.004652777 0.999631405 -0.026748033 -2.546123981 -0.864389658 0.017469646 0.502519011 111.733596802
0.451920629 0.016995071 0.891896307 1.148231506 0.007781081 0.999705374 -0.022992019 -2.558696270 -0.892024279 0.017330486 0.451655209 111.881011963
0.399178565 0.017212890 0.916711628 1.515743256 0.004387605 0.999776483 -0.020683147 -2.582031250 -0.916862726 0.012278439 0.399013817 112.021179199
0.348702550 0.021563755 0.936985433 1.890983582 0.000830305 0.999727786 -0.023316711 -2.605569363 -0.937233150 0.008908581 0.348589718 112.118453979
0.297988892 0.027638586 0.954169154 2.307434082 0.000407245 0.999576986 -0.029081060 -2.604524612 -0.954569280 0.009054416 0.297851622 112.224784851
0.251136601 0.029853111 0.967491269 2.715194702 0.002102823 0.999505103 -0.031386781 -2.617833138 -0.967949450 0.009916833 0.250949502 112.297256470
0.210277855 0.029422589 0.977198958 3.137634277 0.009353381 0.999440730 -0.032104976 -2.636461020 -0.977597058 0.015891079 0.209885001 112.343292236
0.175195456 0.029030770 0.984105706 3.566604614 0.018025260 0.999303043 -0.032688040 -2.651959181 -0.984368801 0.023465561 0.174550116 112.381523132
0.144634783 0.030265113 0.989022255 4.027442932 0.022751654 0.999166131 -0.033902738 -2.665292978 -0.989223599 0.027405407 0.143825591 112.418655396
0.116519094 0.028808583 0.992770612 4.503875732 0.020881429 0.999287248 -0.031448491 -2.680880070 -0.992968976 0.024394818 0.115834475 112.463264465
0.091204822 0.024862260 0.995521903 4.985565186 0.014578659 0.999547839 -0.026298434 -2.702354193 -0.995725572 0.016911918 0.090801120 112.499847412
0.067329407 0.021507537 0.997499108 5.500305176 0.009295123 0.999710739 -0.022182630 -2.714632988 -0.997687638 0.010765421 0.067110002 112.539176941
0.044693291 0.019142816 0.998817384 6.025825500 0.013306920 0.999716282 -0.019755481 -2.735498428 -0.998912156 0.014174121 0.044425905 112.546096802
0.024535120 0.019923862 0.999500632 6.567314148 0.021328736 0.999563396 -0.020448685 -2.752919197 -0.999471605 0.021819795 0.024099469 112.535125732
0.006914318 0.022394920 0.999725401 7.155136108 0.025325181 0.999424577 -0.022563342 -2.772619247 -0.999655485 0.025474237 0.006343186 112.533035278
-0.007488728 0.027551705 0.999592423 7.728599548 0.025739493 0.999294460 -0.027350662 -2.789140940 -0.999640763 0.025524180 -0.008192658 112.523513794
-0.018212199 0.032484222 0.999306321 8.340065002 0.024594910 0.999184191 -0.032032013 -2.794608593 -0.999531627 0.023994476 -0.018996239 112.514709473
-0.024693012 0.032107167 0.999179304 8.954376221 0.025691940 0.999174356 -0.031472072 -2.825654745 -0.999364853 0.024893716 -0.025497437 112.493278503
-0.027503490 0.029144576 0.999196827 9.602256775 0.031502377 0.999103665 -0.028274743 -2.846246958 -0.999125302 0.030699421 -0.028396964 112.471656799
-0.026632071 0.027276194 0.999273241 10.250686646 0.033594158 0.999087453 -0.026375799 -2.870025635 -0.999080777 0.032867301 -0.027524114 112.443679810
-0.025045514 0.026857296 0.999325454 10.934310913 0.032073289 0.999146044 -0.026048640 -2.897584677 -0.999171615 0.031399254 -0.025885463 112.440246582
-0.023098588 0.027197355 0.999363184 11.616729736 0.028525067 0.999240816 -0.026534718 -2.924093008 -0.999326169 0.027893987 -0.023856878 112.418884277
-0.021934509 0.028508071 0.999352992 12.324028015 0.027552947 0.999230921 -0.027899845 -2.942536354 -0.999379754 0.026923150 -0.022703171 112.409339905
-0.021106720 0.029118221 0.999353111 13.050033569 0.026827138 0.999232352 -0.028548103 -2.975398302 -0.999417245 0.026207227 -0.021871686 112.399665833
-0.020417333 0.028625928 0.999381840 13.807922363 0.026224203 0.999261439 -0.028086727 -3.003463268 -0.999447763 0.025634537 -0.021152973 112.393325806
-0.019607067 0.027483892 0.999429941 14.562217712 0.025501881 0.999310613 -0.026980307 -3.027907372 -0.999482512 0.024958339 -0.020294547 112.373054504
-0.019130468 0.026420508 0.999467909 15.328704834 0.026158996 0.999321818 -0.025915945 -3.053871393 -0.999474764 0.025649291 -0.019808650 112.360404968
-0.019629359 0.024127960 0.999516249 16.116462708 0.027162705 0.999352634 -0.023590568 -3.082553864 -0.999438345 0.026686497 -0.020272017 112.348136902
-0.020646453 0.022057517 0.999543607 16.901237488 0.024753282 0.999461412 -0.021544408 -3.120878220 -0.999480486 0.024297170 -0.021181226 112.329620361
-0.022133231 0.021251353 0.999529243 17.698829651 0.023580475 0.999507010 -0.020728726 -3.143110991 -0.999476969 0.023110578 -0.022623420 112.321960449
-0.023542881 0.018387774 0.999553800 18.504150391 0.025974682 0.999504566 -0.017775081 -3.171825647 -0.999385417 0.025544615 -0.024008751 112.303024292
-0.024212480 0.017098630 0.999560654 19.319236755 0.027779249 0.999479115 -0.016424336 -3.191755056 -0.999320865 0.027369369 -0.024674892 112.273994446
-0.026197314 0.016235849 0.999524951 20.139076233 0.024857970 0.999569476 -0.015585050 -3.218058109 -0.999347687 0.024437875 -0.026589632 112.261703491
-0.026980519 0.020885831 0.999417841 20.965148926 0.022057252 0.999550760 -0.020293146 -3.243213654 -0.999392629 0.021496890 -0.027429104 112.243911743
-0.027666926 0.025724351 0.999286294 21.815345764 0.023429539 0.999410868 -0.025078880 -3.270555258 -0.999342680 0.022718962 -0.028253436 112.223434448
-0.028358579 0.027088141 0.999230802 22.643310547 0.023866205 0.999366164 -0.026414480 -3.306776762 -0.999312937 0.023098767 -0.028987169 112.190353394
-0.030296445 0.025192313 0.999223471 23.494155884 0.020309430 0.999491453 -0.024583289 -3.334398746 -0.999334633 0.019548872 -0.030792594 112.177856445
-0.031246185 0.020567497 0.999300122 24.345031738 0.017331434 0.999649107 -0.020032760 -3.371098518 -0.999361515 0.016693357 -0.031591654 112.160858154
-0.031474948 0.015348065 0.999386787 25.186683655 0.015722996 0.999765992 -0.014858706 -3.399210453 -0.999380946 0.015245676 -0.031708956 112.134704590
-0.031698108 0.009870780 0.999448776 26.037513733 0.012493036 0.999877036 -0.009478786 -3.420905590 -0.999419451 0.012185690 -0.031817555 112.114418030
-0.031722188 0.008293011 0.999462485 26.881942749 0.009537417 0.999922574 -0.007994120 -3.449335575 -0.999451339 0.009278698 -0.031798840 112.102745056
-0.030774474 0.015781958 0.999401867 27.712745667 0.012538874 0.999802768 -0.015402184 -3.473469734 -0.999447823 0.012057381 -0.030966282 112.076530457
-0.029572487 0.026323121 0.999216020 28.540885925 0.014910687 0.999553561 -0.025890725 -3.510602474 -0.999451458 0.014133345 -0.029951692 112.047370911
-0.029248953 0.031767122 0.999067307 29.373336792 0.016638890 0.999371827 -0.031289686 -3.535656691 -0.999433696 0.015708180 -0.029759169 112.028427124
-0.028214693 0.026042219 0.999262691 30.220611572 0.018354639 0.999505520 -0.025530301 -3.574224710 -0.999433458 0.017620781 -0.028678656 112.009674072
-0.027536631 0.018666323 0.999446630 31.052574158 0.021535225 0.999604642 -0.018075945 -3.601222277 -0.999388933 0.021025557 -0.027927756 111.988197327
-0.026233792 0.015377010 0.999537587 31.884040833 0.022657495 0.999633968 -0.014783827 -3.637748718 -0.999399066 0.022259181 -0.026572585 111.954925537
-0.026462793 0.015976567 0.999522150 32.707855225 0.021617215 0.999647617 -0.015406249 -3.665038109 -0.999416053 0.021199193 -0.026798844 111.937431335
-0.027560472 0.016825598 0.999478579 33.526161194 0.018444363 0.999696672 -0.016320670 -3.694279432 -0.999450028 0.017984940 -0.027862430 111.925140381
-0.030260205 0.017072933 0.999396324 34.352378845 0.015560744 0.999741018 -0.016607668 -3.724116564 -0.999421000 0.015048798 -0.030518055 111.916488647
-0.031764627 0.016992513 0.999350905 35.160881042 0.015445277 0.999744415 -0.016508272 -3.751049042 -0.999375999 0.014910872 -0.032019019 111.884963989
-0.034313202 0.017412633 0.999259531 35.969856262 0.014035888 0.999758005 -0.016939349 -3.779087543 -0.999312639 0.013444252 -0.034549236 111.868835449
-0.036277771 0.017893206 0.999181628 36.770904541 0.012815130 0.999765813 -0.017438386 -3.805373669 -0.999259651 0.012172017 -0.036498547 111.842689514
-0.038689017 0.017006239 0.999106646 37.580970764 0.010312149 0.999808729 -0.016618866 -3.834253311 -0.999198139 0.009659970 -0.038856983 111.827255249
-0.040139198 0.015432745 0.999074936 38.372550964 0.009962622 0.999837220 -0.015044258 -3.865395546 -0.999144435 0.009349541 -0.040286422 111.781097412
-0.041949987 0.015450944 0.999000311 39.166732788 0.009700556 0.999839604 -0.015056580 -3.893767595 -0.999072671 0.009059235 -0.042093158 111.751525879
-0.044113278 0.016419072 0.998891652 39.958007812 0.009728174 0.999824584 -0.016004791 -3.921275377 -0.998979211 0.009011367 -0.044265270 111.728973389
-0.044801593 0.016640265 0.998857319 40.711219788 0.010609960 0.999812782 -0.016180295 -3.945118189 -0.998939574 0.009872934 -0.044969797 111.687103271
-0.045888782 0.015495460 0.998826504 41.511749268 0.012023621 0.999815822 -0.014958413 -3.972719669 -0.998874366 0.011323089 -0.046066642 111.650947571
-0.047392011 0.014470302 0.998771548 42.273353577 0.011863896 0.999832690 -0.013922731 -4.004100800 -0.998805881 0.011189495 -0.047555804 111.614959717
-0.048936248 0.014259911 0.998700142 43.041137695 0.010753960 0.999847651 -0.013749353 -4.027211189 -0.998744011 0.010067139 -0.049082160 111.586456299
-0.050102711 0.013164861 0.998657405 43.794692993 0.008866552 0.999879599 -0.012736139 -4.051360130 -0.998704791 0.008216534 -0.050213337 111.555595398
-0.051370382 0.012134623 0.998606026 44.528556824 0.008095663 0.999898374 -0.011733872 -4.075501442 -0.998646975 0.007481605 -0.051463366 111.529891968
-0.051751018 0.011738653 0.998591185 45.246109009 0.008096161 0.999902964 -0.011334500 -4.103186131 -0.998627365 0.007498184 -0.051841021 111.494140625
-0.051516771 0.013959448 0.998574555 45.947860718 0.007913874 0.999876618 -0.013569371 -4.128379822 -0.998640776 0.007203543 -0.051620841 111.454444885
-0.051644802 0.016911276 0.998522341 46.650749207 0.008240807 0.999829769 -0.016507195 -4.152336121 -0.998631537 0.007376119 -0.051775455 111.424926758
-0.051883101 0.018338475 0.998484790 47.348182678 0.006064662 0.999818742 -0.018047843 -4.176625252 -0.998634756 0.005119094 -0.051984906 111.393585205
-0.052128911 0.019220214 0.998455465 48.046043396 0.006706789 0.999798954 -0.018895920 -4.204477787 -0.998617947 0.005711409 -0.052247286 111.362609863
-0.052229762 0.019254733 0.998449564 48.770362854 0.007927446 0.999790609 -0.018865906 -4.226487160 -0.998603761 0.006929793 -0.052371502 111.333969116
-0.052351236 0.018443076 0.998458624 49.460945129 0.008427826 0.999801993 -0.018026007 -4.253406525 -0.998593330 0.007471153 -0.052496314 111.298065186
-0.052928090 0.018643165 0.998424292 50.151802063 0.004260549 0.999820828 -0.018443385 -4.278374672 -0.998589277 0.003277664 -0.052998066 111.275680542
-0.052487612 0.018645346 0.998447657 50.826774597 0.001963540 0.999825656 -0.018567860 -4.308029175 -0.998619795 0.000985911 -0.052515030 111.241996765
-0.052562237 0.017541155 0.998463690 51.516891479 0.004157233 0.999840915 -0.017346503 -4.331168175 -0.998609126 0.003239078 -0.052626729 111.213211060
-0.053524017 0.017284706 0.998417139 52.214851379 0.004816788 0.999843001 -0.017051172 -4.352706432 -0.998555124 0.003896517 -0.053598881 111.174819946
-0.056859255 0.016741946 0.998241901 52.880676270 0.001489475 0.999859691 -0.016684242 -4.377134800 -0.998381138 0.000538203 -0.056876302 111.141403198
-0.062083244 0.016080067 0.997941554 53.553565979 -0.002577082 0.999864280 -0.016271371 -4.404636383 -0.998067796 -0.003581953 -0.062033415 111.110397339
-0.068372488 0.020525040 0.997448742 54.226974487 0.001482937 0.999789357 -0.020471554 -4.422976017 -0.997658789 0.000079464 -0.068388581 111.069839478
-0.074181795 0.023272615 0.996973217 54.887054443 0.003771551 0.999727070 -0.023056269 -4.445314407 -0.997237682 0.002049782 -0.074249268 111.000999451
-0.081816673 0.024907717 0.996336162 55.572998047 0.002855293 0.999689400 -0.024757078 -4.471967697 -0.996643364 0.000819290 -0.081862330 110.950187683
-0.088313937 0.023761775 0.995809376 56.222694397 -0.000650409 0.999713838 -0.023912627 -4.498390198 -0.996092618 -0.002759499 -0.088273168 110.900787354
-0.093341827 0.022709059 0.995375156 56.909721375 -0.000652065 0.999738216 -0.022869749 -4.522930622 -0.995633960 -0.002783754 -0.093302608 110.835083008
-0.097836971 0.023336576 0.994928896 57.602058411 -0.002888509 0.999714136 -0.023732862 -4.547025681 -0.995198309 -0.005195810 -0.097741604 110.770919800
-0.101979733 0.022500383 0.994532049 58.291229248 -0.005242353 0.999718130 -0.023155266 -4.571055889 -0.994772673 -0.007575055 -0.101832986 110.707901001
-0.104460835 0.019321663 0.994341373 59.004882812 -0.005191655 0.999787033 -0.019972892 -4.595348358 -0.994515538 -0.007248661 -0.104338288 110.632812500
-0.105867147 0.015660714 0.994257152 59.727424622 -0.003613680 0.999863327 -0.016133800 -4.628769875 -0.994373858 -0.005300965 -0.105796099 110.551452637
-0.108180761 0.013367232 0.994041383 60.434883118 -0.003216520 0.999899685 -0.013796061 -4.648611069 -0.994126022 -0.004689822 -0.108126879 110.483947754
-0.109445572 0.013251944 0.993904591 61.162200928 -0.003692852 0.999898791 -0.013738512 -4.665681362 -0.993986070 -0.005173961 -0.109385610 110.410316467
-0.109749079 0.016883275 0.993815958 61.894142151 -0.002146632 0.999849379 -0.017222829 -4.688877106 -0.993956983 -0.004023546 -0.109696269 110.330780029
-0.110102773 0.020933729 0.993699729 62.643310547 0.003446967 0.999780178 -0.020679895 -4.714205742 -0.993914187 0.001148336 -0.110150695 110.251007080
-0.110379577 0.025636474 0.993558884 63.374977112 0.010782088 0.999639332 -0.024595531 -4.745263577 -0.993831098 0.007997797 -0.110616207 110.154327393
-0.111576438 0.026557382 0.993401051 64.124603271 0.011152648 0.999613345 -0.025470825 -4.773756027 -0.993693411 0.008237110 -0.111829519 110.072334290
-0.111756325 0.023957301 0.993446767 64.873611450 0.008852777 0.999693692 -0.023112066 -4.803579330 -0.993696213 0.006211844 -0.111934185 109.993850708
-0.111755371 0.018970406 0.993554711 65.629219055 0.009385685 0.999793351 -0.018033819 -4.831366062 -0.993691444 0.007309815 -0.111910343 109.913307190
-0.111750841 0.017133679 0.993588686 66.378219604 0.011471591 0.999807000 -0.015950680 -4.856673717 -0.993670225 0.009615541 -0.111925840 109.827667236
-0.112704992 0.017174434 0.993480146 67.137588501 0.012417890 0.999796867 -0.015874891 -4.880514145 -0.993551016 0.010547747 -0.112895370 109.742553711
-0.114555001 0.017864609 0.993256271 67.882720947 0.010816943 0.999801457 -0.016734783 -4.907603264 -0.993358076 0.008826945 -0.114725471 109.666488647
-0.116848469 0.018815847 0.992971599 68.619766235 0.010046917 0.999791741 -0.017762808 -4.930008411 -0.993099034 0.007900747 -0.117013097 109.585586548
-0.119155884 0.018631840 0.992700756 69.355484009 0.010980772 0.999787509 -0.017446807 -4.960020542 -0.992814839 0.008821730 -0.119335175 109.498672485
-0.121009946 0.018905194 0.992471397 70.097183228 0.011407827 0.999779105 -0.017653467 -4.982879162 -0.992585897 0.009185698 -0.121198893 109.409614563
-0.122890353 0.018776637 0.992242634 70.851608276 0.011409624 0.999781668 -0.017506206 -5.007530212 -0.992354691 0.009169771 -0.123077750 109.319259644
-0.124455452 0.018862791 0.992045879 71.598480225 0.009306150 0.999797523 -0.017842693 -5.033489704 -0.992181599 0.007011509 -0.124605775 109.229240417
-0.125693560 0.020548306 0.991856337 72.355453491 0.009139574 0.999767005 -0.019553976 -5.057536125 -0.992027044 0.006607336 -0.125852108 109.140319824
-0.126404881 0.020870332 0.991759300 73.106704712 0.008189313 0.999766529 -0.019995067 -5.083796501 -0.991945088 0.005594355 -0.126546264 109.045120239
-0.127629161 0.021046201 0.991598785 73.869224548 0.007639165 0.999766052 -0.020236310 -5.107680321 -0.991792738 0.004992245 -0.127760053 108.950683594
-0.128960490 0.019635109 0.991455317 74.655517578 0.008405214 0.999789655 -0.018706882 -5.128971100 -0.991614103 0.005920945 -0.129098415 108.859062195
-0.129781961 0.017262690 0.991392314 75.439376831 0.006559338 0.999841511 -0.016551137 -5.153488159 -0.991520882 0.004354837 -0.129874587 108.760993958
-0.131935596 0.015367656 0.991139233 76.228874207 0.003160485 0.999881268 -0.015082493 -5.173225403 -0.991253376 0.001142564 -0.131968498 108.671569824
-0.133862019 0.014873846 0.990888357 77.021430969 0.005153873 0.999884307 -0.014312630 -5.196959972 -0.990986586 0.003190996 -0.133923173 108.561218262
-0.135450721 0.015560670 0.990662038 77.815994263 0.006250177 0.999870181 -0.014850738 -5.220619202 -0.990764558 0.004180272 -0.135530472 108.456611633
-0.137788415 0.017074382 0.990314662 78.614593506 0.005808137 0.999848127 -0.016430635 -5.240839958 -0.990444839 0.003487935 -0.137866616 108.350677490
-0.139469504 0.020059559 0.990023255 79.416137695 0.006725720 0.999790907 -0.019309985 -5.275113106 -0.990203619 0.003965465 -0.139575362 108.242630005
-0.139883280 0.024198677 0.989872396 80.218399048 0.009631153 0.999687254 -0.023077596 -5.298418045 -0.990121305 0.006305445 -0.140072584 108.132965088
-0.141125560 0.027937992 0.989597559 81.041778564 0.009705981 0.999592721 -0.026836015 -5.339914799 -0.989944279 0.005817771 -0.141339183 108.013832092
-0.140887380 0.029006587 0.989600778 81.868362427 0.012045858 0.999546945 -0.027583186 -5.371241570 -0.989952505 0.008034471 -0.141172886 107.897003174
-0.140379667 0.028057806 0.989700139 82.707450867 0.015126009 0.999542475 -0.026191354 -5.408467770 -0.989982247 0.011293479 -0.140739918 107.781654358
-0.140101194 0.026131820 0.989792526 83.519821167 0.015891768 0.999582231 -0.024140872 -5.442935944 -0.990009844 0.012347390 -0.140457988 107.660797119
-0.139178395 0.024586005 0.989962161 84.355361938 0.015164859 0.999627411 -0.022694027 -5.473211288 -0.990151286 0.011854120 -0.139499426 107.546470642
-0.137531996 0.022324052 0.990245759 85.222259521 0.014815775 0.999680519 -0.020479035 -5.502584934 -0.990386546 0.011854736 -0.137818813 107.436729431
-0.136115074 0.019378087 0.990503490 86.076782227 0.015496650 0.999728024 -0.017429003 -5.529741764 -0.990571797 0.012977136 -0.136378288 107.327438354
-0.134359956 0.015900955 0.990805089 86.934204102 0.015637055 0.999780774 -0.013924511 -5.556632042 -0.990809321 0.013622378 -0.134579182 107.214881897
-0.132530451 0.015862171 0.991051972 87.785568237 0.014263648 0.999798894 -0.014094732 -5.585182190 -0.991076291 0.012268035 -0.132730126 107.103912354
-0.131235361 0.019836850 0.991152883 88.650329590 0.014695618 0.999728858 -0.018062692 -5.617695332 -0.991242409 0.012195141 -0.131491303 107.000053406
-0.129549980 0.026153168 0.991227925 89.496643066 0.015915869 0.999578178 -0.024293339 -5.646127224 -0.991445124 0.012629054 -0.129911542 106.892753601
-0.127842546 0.029817712 0.991346121 90.345153809 0.013598643 0.999506712 -0.028309505 -5.675220490 -0.991701186 0.009861804 -0.128184915 106.779632568
-0.126783252 0.027062830 0.991561294 91.212051392 0.012060344 0.999595940 -0.025740063 -5.710046768 -0.991857231 0.008695166 -0.127058387 106.681579590
-0.125443935 0.024601201 0.991795778 92.075477600 0.012437625 0.999652922 -0.023222968 -5.745945930 -0.992022872 0.009422404 -0.125706315 106.574928284
-0.124647617 0.023006875 0.991934359 92.944625854 0.013379887 0.999679208 -0.021505179 -5.778307438 -0.992110908 0.010591401 -0.124915481 106.469078064
-0.123923063 0.022713248 0.992031872 93.801864624 0.012631983 0.999693096 -0.021310689 -5.810717583 -0.992211461 0.009890443 -0.124171972 106.365722656
-0.123693585 0.022613915 0.992062747 94.686012268 0.011735642 0.999703705 -0.021324852 -5.843941689 -0.992251098 0.009004747 -0.123922348 106.268653870
-0.122999430 0.020818122 0.992188454 95.552368164 0.014369305 0.999712527 -0.019194663 -5.874018669 -0.992302835 0.011896126 -0.123263240 106.164710999
-0.121659160 0.019883659 0.992372811 96.413909912 0.017080974 0.999693215 -0.017936306 -5.907819748 -0.992424965 0.014768579 -0.121961474 106.053253174
-0.121372581 0.021168986 0.992381275 97.288009644 0.018514814 0.999646902 -0.019059531 -5.941272259 -0.992434323 0.016060451 -0.121721625 105.955436707
-0.120963573 0.023674317 0.992374659 98.150520325 0.019336969 0.999582052 -0.021489220 -5.968672752 -0.992468655 0.016590107 -0.121370792 105.856765747
-0.120204568 0.025202086 0.992429256 99.013061523 0.016321706 0.999592781 -0.023407090 -6.001409054 -0.992614985 0.013384497 -0.120566964 105.758682251
-0.119755626 0.020561421 0.992590606 99.881584167 0.010914790 0.999752343 -0.019392915 -6.036748886 -0.992743552 0.008511509 -0.119950414 105.665634155
-0.119807839 0.018482083 0.992625117 100.761367798 0.006523207 0.999819756 -0.017828707 -6.073759079 -0.992775738 0.004339080 -0.119906783 105.571105957
-0.120952725 0.018837797 0.992479682 101.613059998 0.003001324 0.999822259 -0.018611398 -6.106356621 -0.992653906 0.000727656 -0.120987773 105.476585388
-0.122368574 0.023452399 0.992207706 102.448989868 -0.000260867 0.999719977 -0.023662139 -6.136278152 -0.992484808 -0.003154333 -0.122328162 105.387222290
-0.123245239 0.025920751 0.992037833 103.292297363 -0.000654833 0.999656498 -0.026201174 -6.171564579 -0.992376208 -0.003878782 -0.123185873 105.286987305
-0.124290466 0.026383052 0.991895080 104.136230469 -0.000075554 0.999646187 -0.026598688 -6.205504894 -0.992245853 -0.003380905 -0.124244452 105.197181702
-0.123682380 0.025707146 0.991988897 104.978927612 0.001213414 0.999667525 -0.025754850 -6.247862339 -0.992321253 -0.001981725 -0.123672485 105.076820374
-0.124261856 0.026410814 0.991898000 105.802604675 0.002435561 0.999650836 -0.026312128 -6.283012390 -0.992246568 -0.000853763 -0.124282718 104.976860046
-0.124747992 0.029533010 0.991748989 106.615699768 0.004329402 0.999563575 -0.029221145 -6.321981430 -0.992179155 0.000648403 -0.124821424 104.874519348
-0.125678062 0.030916685 0.991589427 107.429122925 0.003552976 0.999521911 -0.030713698 -6.359075546 -0.992064953 -0.000336938 -0.125727773 104.780487061
-0.126773834 0.030776452 0.991454124 108.236656189 0.001555041 0.999523520 -0.030828103 -6.407218456 -0.991930485 -0.002366447 -0.126761317 104.683517456
-0.129289985 0.029948017 0.991154552 109.049514771 -0.000155027 0.999543190 -0.030221706 -6.442154408 -0.991606832 -0.004061020 -0.129226327 104.589637756
-0.132698059 0.031042492 0.990670383 109.852317810 -0.000098661 0.999508977 -0.031332668 -6.481059551 -0.991156578 -0.004255523 -0.132629871 104.494979858
-0.135618925 0.033503976 0.990194499 110.624946594 -0.000750991 0.999424279 -0.033919130 -6.523753643 -0.990760863 -0.005343701 -0.135515690 104.382743835
-0.138757825 0.035344604 0.989695668 111.408248901 -0.001389394 0.999354959 -0.035884369 -6.556164742 -0.990325570 -0.006354303 -0.138619184 104.278999329
-0.142146945 0.034799587 0.989233792 112.181610107 -0.001513523 0.999373019 -0.035373755 -6.605478764 -0.989844501 -0.006525493 -0.142005086 104.167556763
-0.144936681 0.033130735 0.988886118 112.942459106 -0.000633689 0.999435902 -0.033577062 -6.654963493 -0.989440739 -0.005493193 -0.144833922 104.046775818
-0.147279859 0.034293145 0.988500178 113.732620239 0.001205578 0.999404252 -0.034491807 -6.691044807 -0.989094138 -0.003888234 -0.147233486 103.946144104
-0.149519920 0.038559012 0.988006651 114.498283386 -0.003340129 0.999213934 -0.039501879 -6.735205173 -0.988753140 -0.009206384 -0.149273634 103.841735840
-0.151353836 0.045054942 0.987452388 115.264953613 -0.005729835 0.998903930 -0.046455700 -6.788065910 -0.988463104 -0.012689183 -0.150929809 103.735679626
-0.153527498 0.048274595 0.986964524 116.034309387 -0.001700363 0.998791575 -0.049117584 -6.824551582 -0.988142967 -0.009219097 -0.153259873 103.607337952
-0.156666517 0.046794448 0.986542404 116.795997620 0.000486230 0.998880506 -0.047302462 -6.864217281 -0.987651467 -0.006931022 -0.156513810 103.492881775
-0.159775496 0.039069816 0.986380100 117.565383911 -0.001030135 0.999209344 -0.039744839 -6.911759377 -0.987152994 -0.007366350 -0.159608960 103.371833801
-0.162346244 0.036794003 0.986047626 118.326568604 -0.002538381 0.999285638 -0.037705902 -6.961394310 -0.986730635 -0.008624375 -0.162136912 103.257682800
-0.163635850 0.039697595 0.985721886 119.074851990 -0.002541867 0.999169767 -0.040661149 -7.005441666 -0.986517668 -0.009159194 -0.163399100 103.129249573
-0.166792750 0.042955555 0.985055923 119.830963135 -0.005576354 0.998993456 -0.044507541 -7.047915459 -0.985976279 -0.012916553 -0.166385412 103.014282227
-0.169421792 0.045500368 0.984492838 120.573104858 -0.006147055 0.998865485 -0.047222480 -7.092967510 -0.985524595 -0.014052244 -0.168949842 102.893112183
-0.171252012 0.049868401 0.983964384 121.306442261 -0.002186253 0.998696506 -0.050995540 -7.142789841 -0.985224843 -0.010884284 -0.170919776 102.759635925
-0.173553467 0.054198518 0.983332038 122.049369812 -0.001733703 0.998466134 -0.055338662 -7.191967964 -0.984823048 -0.011309016 -0.173193336 102.638702393
-0.176110268 0.056976188 0.982720196 122.758369446 -0.002292402 0.998297036 -0.058290120 -7.233879566 -0.984367847 -0.012518276 -0.175679803 102.502426147
-0.178152323 0.054046463 0.982517540 123.524810791 -0.001528111 0.998474061 -0.055201285 -7.290514469 -0.984001756 -0.011335634 -0.177797914 102.369430542
-0.181957364 0.050709892 0.981998146 124.251632690 0.002579292 0.998690546 -0.051093962 -7.342053413 -0.983303189 -0.006764056 -0.181849957 102.227775574
-0.188178182 0.049334906 0.980895042 124.976928711 0.004887823 0.998772264 -0.049296360 -7.391125679 -0.982122779 -0.004482058 -0.188188314 102.094520569
-0.194233418 0.047812123 0.979789615 125.701080322 0.003705194 0.998840094 -0.048007246 -7.442922592 -0.980948508 -0.005694293 -0.194185257 101.952949524
-0.202104807 0.047969602 0.978188574 126.420288086 0.002618384 0.998822629 -0.048440497 -7.490078449 -0.979360580 -0.007228780 -0.201992512 101.802215576
-0.213618159 0.047720652 0.975750983 127.151115417 0.001876117 0.998824418 -0.048438359 -7.546979904 -0.976915419 -0.008516690 -0.213456511 101.660957336
-0.225574851 0.048682664 0.973008871 127.863510132 0.002548910 0.998776734 -0.049380995 -7.592226028 -0.974222600 -0.008658989 -0.225422978 101.492912292
-0.238218307 0.049543377 0.969947338 128.569946289 0.004022011 0.998739779 -0.050026257 -7.638545990 -0.971203506 -0.008016025 -0.238117337 101.317085266
-0.249837995 0.049896386 0.967001259 129.282897949 0.005878655 0.998731196 -0.050014794 -7.683644295 -0.968269825 -0.006810928 -0.249814391 101.135032654
-0.260374427 0.049474351 0.964239359 129.976913452 0.009344291 0.998768628 -0.048722774 -7.736806393 -0.965462565 -0.003676033 -0.260516167 100.930290222
-0.270502210 0.049367383 0.961453021 130.673767090 0.013643510 0.998780668 -0.047445480 -7.783701897 -0.962622941 0.000283495 -0.270845890 100.727149963
-0.279407501 0.049856052 0.958877385 131.355972290 0.019180417 0.998741567 -0.046339773 -7.831523895 -0.959981024 0.005443986 -0.280012131 100.518157959
-0.286796927 0.050440811 0.956662774 132.050170898 0.023942558 0.998678386 -0.045478415 -7.872233391 -0.957692385 0.009861891 -0.287625551 100.303001404
-0.293170929 0.050160691 0.954743326 132.740615845 0.024966611 0.998683810 -0.044802818 -7.923848152 -0.955734074 0.010701823 -0.294037461 100.087951660
-0.297104716 0.048744731 0.953599989 133.443420410 0.028817870 0.998698890 -0.042071510 -7.959563255 -0.954410076 0.014981081 -0.298122883 99.859092712
-0.299571514 0.046413362 0.952944338 134.127075195 0.034928799 0.998679936 -0.037660573 -7.996029377 -0.953434408 0.022003170 -0.300797224 99.640388489
-0.300489187 0.044967066 0.952724814 134.810531616 0.041050959 0.998572111 -0.034183536 -8.038450241 -0.952901542 0.028838487 -0.301906109 99.415512085
-0.300581217 0.043790877 0.952750206 135.477355957 0.043221407 0.998544574 -0.032259859 -8.075836182 -0.952776253 0.031482495 -0.302036405 99.190887451
-0.300827980 0.049023896 0.952417552 136.151641846 0.045899816 0.998264790 -0.036886007 -8.114465714 -0.952573240 0.032619447 -0.302556157 98.986557007
-0.299447060 0.052442644 0.952670813 136.810928345 0.045845363 0.998125792 -0.040534582 -8.148019791 -0.953011036 0.031537578 -0.301290035 98.777450562
-0.298699498 0.052331928 0.952911556 137.473327637 0.048028234 0.998054504 -0.039756179 -8.185197830 -0.953138113 0.033891510 -0.300631762 98.571975708
-0.296881080 0.051006578 0.953551412 138.127273560 0.048438266 0.998091280 -0.038308196 -8.219665527 -0.953685343 0.034815401 -0.298785090 98.367523193
-0.295285940 0.047431905 0.954230964 138.755462646 0.050390434 0.998149931 -0.034021720 -8.269079208 -0.954079330 0.038037978 -0.297129750 98.166030884
-0.294370174 0.047992170 0.954485714 139.398620605 0.050824791 0.998111129 -0.034510959 -8.306357384 -0.954339087 0.038352542 -0.296253324 97.972778320
-0.291510463 0.050140422 0.955252826 140.038116455 0.051846582 0.997985542 -0.036561642 -8.342650414 -0.955161750 0.038868494 -0.293522835 97.774200439
-0.287080884 0.052090861 0.956489027 140.669738770 0.053558178 0.997831225 -0.038267419 -8.376663208 -0.956408024 0.040241964 -0.289248228 97.582351685
-0.282060981 0.050566040 0.958063126 141.297973633 0.054148443 0.997857332 -0.036724661 -8.418059349 -0.957867324 0.041519035 -0.284194589 97.403228760
-0.276531816 0.048942700 0.959757686 141.919372559 0.055197589 0.997862458 -0.034981947 -8.453958511 -0.959418237 0.043302689 -0.278642178 97.221954346
-0.271820903 0.046896275 0.961204648 142.539459229 0.055106286 0.997931540 -0.033104543 -8.489532471 -0.960768938 0.043969914 -0.273842931 97.047042847
-0.267456293 0.046424769 0.962451160 143.154785156 0.055140980 0.997939229 -0.032813411 -8.520814896 -0.961991131 0.044294342 -0.269465089 96.874496460
-0.263748646 0.044994399 0.963541508 143.787322998 0.056178153 0.997932434 -0.031222798 -8.550256729 -0.962954164 0.045895010 -0.265731096 96.708709717
-0.260164738 0.043241963 0.964595616 144.395706177 0.059358522 0.997823417 -0.028721735 -8.583430290 -0.963738084 0.049784582 -0.262165308 96.542816162
-0.256160617 0.041892145 0.965726137 145.005401611 0.061689448 0.997732341 -0.026917312 -8.608353615 -0.964663804 0.052679952 -0.258164048 96.376174927
-0.252840877 0.040901154 0.966643214 145.611083984 0.060233071 0.997833431 -0.026465995 -8.634175301 -0.965631366 0.051532194 -0.254756689 96.222869873
-0.249302983 0.041740049 0.967525542 146.197143555 0.057782587 0.997931898 -0.028162930 -8.665548325 -0.966700077 0.048885029 -0.251199245 96.089004517
-0.244599819 0.045277044 0.968566597 146.785125732 0.058627047 0.997772157 -0.031836759 -8.694922447 -0.967850268 0.048996929 -0.246709347 95.941741943
-0.239264488 0.048591457 0.969737947 147.373352051 0.060418449 0.997556567 -0.035078291 -8.722392082 -0.969072998 0.050197072 -0.241615653 95.803787231
-0.232312441 0.049340107 0.971388996 147.963088989 0.059430763 0.997566462 -0.036456596 -8.752127647 -0.970823884 0.049261067 -0.234679461 95.666870117
-0.224324703 0.047140937 0.973373830 148.541412354 0.055724483 0.997815490 -0.035482362 -8.793268204 -0.972920179 0.046281181 -0.226461530 95.547027588
-0.213379383 0.045536559 0.975907743 149.118728638 0.055193733 0.997879684 -0.034493845 -8.820091248 -0.975409210 0.046503715 -0.215440273 95.431884766
-0.201099873 0.044158429 0.978574991 149.689575195 0.056066856 0.997864604 -0.033506989 -8.849502563 -0.977964938 0.048127368 -0.203146338 95.311233521
-0.187678456 0.043008033 0.981288671 150.261764526 0.055706527 0.997898996 -0.033081777 -8.879339218 -0.980649769 0.048455447 -0.189679980 95.210998535
-0.172729731 0.042038873 0.984071851 150.836242676 0.054750569 0.997953892 -0.033021793 -8.915044785 -0.983446538 0.048174649 -0.174677968 95.129531860
-0.153743863 0.041353669 0.987245142 151.396972656 0.053787898 0.997992694 -0.033427473 -8.942979813 -0.986645818 0.047962565 -0.155659556 95.045547485
-0.132668614 0.040256236 0.990342617 151.962936401 0.052287105 0.998067856 -0.033565756 -8.976740837 -0.989780366 0.047329023 -0.134517074 94.982421875
-0.110682130 0.040039919 0.993049026 152.528442383 0.048750803 0.998204052 -0.034814164 -9.005211830 -0.992659509 0.044558629 -0.112435341 94.941879272
-0.089262843 0.040601496 0.995180249 153.097991943 0.042332504 0.998420596 -0.036936678 -9.043058395 -0.995108128 0.038831398 -0.090840578 94.922546387
-0.067832351 0.041249827 0.996843755 153.648757935 0.035764031 0.998603344 -0.038889006 -9.080620766 -0.997055650 0.033013217 -0.069212794 94.902755737
-0.049193621 0.042458899 0.997886479 154.226455688 0.029385628 0.998725057 -0.041045938 -9.107256889 -0.998356998 0.027304322 -0.050378680 94.894760132
-0.033660412 0.042350333 0.998535633 154.786254883 0.022535335 0.998879969 -0.041605275 -9.134466171 -0.999179244 0.021101886 -0.034577131 94.895446777
-0.024273515 0.040553555 0.998882592 155.345825195 0.014379090 0.999087691 -0.040212464 -9.163625717 -0.999602079 0.013386928 -0.024834394 94.904769897
-0.022277355 0.037601791 0.999044597 155.901123047 0.005760862 0.999280691 -0.037482224 -9.202054024 -0.999735415 0.004920358 -0.022477865 94.912780762
-0.027812719 0.034965854 0.999001563 156.455810547 -0.000526928 0.999387383 -0.034994036 -9.226393700 -0.999613166 -0.001499677 -0.027777314 94.903625488
-0.040483952 0.030850157 0.998703897 157.003768921 -0.003697135 0.999511778 -0.031024983 -9.261483192 -0.999173403 -0.004948353 -0.040350080 94.880569458
-0.054744601 0.029082298 0.998076797 157.571151733 -0.003347408 0.999564767 -0.029309262 -9.287714958 -0.998494804 -0.004945494 -0.054623365 94.853713989
-0.066954374 0.027828030 0.997367978 158.109207153 -0.000320573 0.999610305 -0.027912119 -9.313947678 -0.997756064 -0.002188564 -0.066919446 94.805709839
-0.079212070 0.027329315 0.996483147 158.646804810 0.000596634 0.999625266 -0.027368063 -9.340857506 -0.996857643 -0.001573342 -0.079198718 94.758895874
-0.093473077 0.026427127 0.995271087 159.192123413 -0.002720841 0.999637127 -0.026798593 -9.366729736 -0.995618165 -0.005212916 -0.093367219 94.712844849
-0.109525561 0.025213921 0.993664205 159.727142334 -0.006124724 0.999642134 -0.026040701 -9.385656357 -0.993965149 -0.008938039 -0.109331965 94.653915405
-0.127072811 0.024062369 0.991601586 160.253799438 -0.006434833 0.999664664 -0.025082648 -9.414742470 -0.991872609 -0.009568110 -0.126875281 94.586425781
-0.141925454 0.023728870 0.989593029 160.766677856 -0.002848808 0.999698699 -0.024379762 -9.433413506 -0.989873409 -0.006279266 -0.141815066 94.497711182
-0.156393170 0.021920808 0.987451732 161.288879395 -0.002351732 0.999742568 -0.022566129 -9.458744049 -0.987692237 -0.005851406 -0.156301379 94.412673950
-0.170089483 0.020915193 0.985206604 161.777526855 -0.000596152 0.999772370 -0.021327334 -9.474778175 -0.985428393 -0.004214888 -0.170038342 94.312026978
-0.183839679 0.019930627 0.982754350 162.287094116 -0.002652778 0.999780715 -0.020772174 -9.495211601 -0.982952833 -0.006425775 -0.183746457 94.220291138
-0.196373940 0.018932762 0.980346262 162.780029297 -0.002742014 0.999799073 -0.019857695 -9.520285606 -0.980525196 -0.006587659 -0.196282625 94.114944458
-0.207011938 0.020292025 0.978128016 163.271850586 0.001478232 0.999790251 -0.020428572 -9.539749146 -0.978337348 -0.002783056 -0.206998587 93.999908447
-0.217074037 0.023165194 0.975880265 163.763854980 0.005774502 0.999731362 -0.022446891 -9.563611984 -0.976138115 0.000762585 -0.217149496 93.885360718
-0.224274874 0.023800785 0.974235296 164.257293701 0.005767693 0.999716640 -0.023095543 -9.582714081 -0.974508882 0.000439339 -0.224348664 93.773132324
-0.228895903 0.023883501 0.973157763 164.734283447 0.007291950 0.999713004 -0.022820089 -9.603318214 -0.973423481 0.001872792 -0.229004383 93.656082153
-0.232045293 0.022633238 0.972441673 165.208770752 0.006432788 0.999743104 -0.021733670 -9.619339943 -0.972683728 0.001212316 -0.232131243 93.545059204
-0.234466791 0.021423405 0.971888065 165.685623169 0.007034113 0.999768376 -0.020341001 -9.640584946 -0.972098708 0.002067082 -0.234563231 93.432876587
-0.234603047 0.021103194 0.971862316 166.156158447 0.009188935 0.999767780 -0.019490976 -9.657861710 -0.972047925 0.004357738 -0.234742522 93.316696167
-0.236150622 0.021307971 0.971482992 166.631195068 0.009695311 0.999761462 -0.019571457 -9.683062553 -0.971668243 0.004797019 -0.236300945 93.205062866
-0.239289880 0.022047253 0.970697939 167.110076904 0.009205530 0.999748766 -0.020437796 -9.698577881 -0.970904648 0.004045233 -0.239432693 93.097671509
-0.241464615 0.024868025 0.970090926 167.576263428 0.009244733 0.999685168 -0.023325566 -9.715467453 -0.970365584 0.003335932 -0.241618514 92.971633911
-0.245572567 0.026313918 0.969021142 168.051452637 0.008948127 0.999650419 -0.024878001 -9.730740547 -0.969337046 0.002561574 -0.245722175 92.853347778
-0.250935435 0.025415285 0.967670202 168.543151855 0.007785851 0.999675930 -0.024236877 -9.746310234 -0.967972577 0.001452244 -0.251052022 92.729141235
-0.256285310 0.024127217 0.966300070 169.041122437 0.006946872 0.999708593 -0.023118911 -9.770979881 -0.966576278 0.000787726 -0.256378174 92.598327637
-0.261996627 0.024867104 0.964748442 169.541091919 0.009799051 0.999684989 -0.023106493 -9.791672707 -0.965019107 0.003399796 -0.262157798 92.459564209
-0.267262816 0.026022054 0.963272393 170.054428101 0.012365520 0.999645650 -0.023573803 -9.809751511 -0.963544428 0.005610965 -0.267489910 92.313049316
-0.272993565 0.027195627 0.961631417 170.557159424 0.011877438 0.999619424 -0.024898119 -9.830800056 -0.961942613 0.004624693 -0.273212671 92.166656494
-0.278392911 0.028841153 0.960034013 171.079055786 0.011193288 0.999578595 -0.026783282 -9.847553253 -0.960401893 0.003289657 -0.278598309 92.011611938
-0.283818841 0.030251453 0.958400667 171.615478516 0.013189835 0.999530792 -0.027643697 -9.867281914 -0.958787262 0.004795346 -0.284084678 91.852478027
-0.288802505 0.031442232 0.956872404 172.150909424 0.017613264 0.999465883 -0.027525812 -9.886408806 -0.957226813 0.008904124 -0.289202094 91.680953979
-0.293438911 0.032353576 0.955430150 172.687316895 0.021208161 0.999401510 -0.027328957 -9.907238960 -0.955742478 0.012243537 -0.293949485 91.511062622
-0.297277808 0.031328429 0.954276919 173.229080200 0.019382710 0.999453604 -0.026773423 -9.926939011 -0.954594254 0.010537326 -0.297722578 91.343032837
-0.301089883 0.029254595 0.953147113 173.777099609 0.019900957 0.999504387 -0.024390912 -9.949312210 -0.953388274 0.011624684 -0.301522851 91.170181274
-0.304050803 0.025313716 0.952319503 174.343200684 0.019972008 0.999596596 -0.020193854 -9.974681854 -0.952446461 0.012879774 -0.304433703 90.993423462
-0.306483984 0.023622453 0.951582611 174.893432617 0.023867916 0.999568403 -0.017126335 -9.994009018 -0.951576471 0.017463349 -0.306915522 90.807617188
-0.308607101 0.022477245 0.950923920 175.448928833 0.026089409 0.999544680 -0.015159605 -10.018123627 -0.950831652 0.020130683 -0.309052944 90.627105713
-0.310094833 0.020604216 0.950482488 176.006683350 0.024760850 0.999601007 -0.013590771 -10.039344788 -0.950383306 0.019320326 -0.310481191 90.452514648
-0.309935689 0.022704974 0.950486600 176.554534912 0.025214523 0.999559462 -0.015655244 -10.055879593 -0.950423360 0.019113949 -0.310371637 90.274063110
-0.308879018 0.024041608 0.950797558 177.099060059 0.026398268 0.999512017 -0.016697571 -10.070596695 -0.950735033 0.019941878 -0.309362888 90.094802856
-0.307764053 0.025274947 0.951127052 177.650817871 0.028411619 0.999445438 -0.017365567 -10.088241577 -0.951038539 0.021678561 -0.308311462 89.915603638
-0.306272507 0.024435800 0.951630175 178.217559814 0.026735395 0.999496937 -0.017060397 -10.113723755 -0.951568365 0.020217078 -0.306771755 89.751403809
-0.303715348 0.025395213 0.952424288 178.760894775 0.027936624 0.999452233 -0.017740540 -10.126695633 -0.952353120 0.021219445 -0.304258466 89.581481934
-0.300996661 0.024892006 0.953300118 179.300308228 0.027897447 0.999461293 -0.017288944 -10.153767586 -0.953216910 0.021390727 -0.301528931 89.412521362
-0.297820807 0.027329436 0.954230666 179.824783325 0.029796531 0.999369204 -0.019322556 -10.171010971 -0.954156816 0.022678105 -0.298447251 89.241317749
-0.294384837 0.030126264 0.955212235 180.366516113 0.029924331 0.999303520 -0.022294546 -10.172561646 -0.955218613 0.022020912 -0.295081377 89.079971313
-0.291273713 0.030112080 0.956165671 180.887908936 0.030097038 0.999298155 -0.022302063 -10.211936951 -0.956166148 0.022281751 -0.291975617 88.940612793
-0.287291169 0.030921515 0.957344115 181.390808105 0.030633532 0.999264121 -0.023082631 -10.218689919 -0.957353354 0.022695394 -0.288027048 88.789733887
-0.283071756 0.028373968 0.958679020 181.881591797 0.029446032 0.999348223 -0.020883044 -10.254727364 -0.958646715 0.022317894 -0.283722758 88.650848389
-0.278131127 0.025779137 0.960197270 182.364807129 0.029981455 0.999385715 -0.018146824 -10.270351410 -0.960075200 0.023740912 -0.278733253 88.511093140
-0.272435427 0.022108978 0.961920261 182.826019287 0.031694815 0.999399602 -0.013993803 -10.282922745 -0.961652160 0.026675474 -0.272972584 88.381561279
-0.264531374 0.019162236 0.964186668 183.273849487 0.033137895 0.999392748 -0.010770304 -10.300493240 -0.963807583 0.029102031 -0.265005827 88.246627808
-0.255370855 0.017535282 0.966684282 183.706115723 0.033099610 0.999408007 -0.009384896 -10.317493439 -0.966276586 0.029600244 -0.255800009 88.136734009
-0.245883942 0.015903965 0.969168782 184.101821899 0.032014575 0.999453127 -0.008278636 -10.343904495 -0.968770444 0.028991943 -0.246258616 88.067886353
-0.232186675 0.016335413 0.972534060 184.509246826 0.030763078 0.999482095 -0.009443554 -10.355959892 -0.972184658 0.027725475 -0.232568979 87.979431152
-0.216276646 0.017789923 0.976170063 184.909317017 0.029155321 0.999505758 -0.011755654 -10.367859840 -0.975896716 0.025918080 -0.216688395 87.906997681
-0.197113276 0.021875508 0.980136693 185.314437866 0.029530231 0.999429882 -0.016367350 -10.381896019 -0.979935944 0.025717441 -0.197646856 87.834457397
-0.174120784 0.025411166 0.984396458 185.701324463 0.030590069 0.999324083 -0.020385718 -10.389791489 -0.984249175 0.026563179 -0.174780488 87.772903442
-0.148215055 0.026062561 0.988611877 186.103713989 0.030026825 0.999310374 -0.021842921 -10.396642685 -0.988499403 0.026447428 -0.148895383 87.730728149
-0.119488120 0.023346141 0.992561221 186.496170044 0.026230246 0.999448776 -0.020350458 -10.415226936 -0.992489219 0.023603488 -0.120034575 87.703872681
-0.088625550 0.020673374 0.995850444 186.879638672 0.021343863 0.999594450 -0.018851604 -10.432499886 -0.995836318 0.019584563 -0.089030862 87.695449829
-0.056630015 0.019481866 0.998205185 187.266098022 0.016392780 0.999692976 -0.018580912 -10.445067406 -0.998260736 0.015311123 -0.056931973 87.701324463
-0.028388500 0.016053781 0.999468088 187.584136963 0.009677178 0.999828577 -0.015784707 -10.470888138 -0.999550164 0.009223927 -0.028538942 87.755996704
0.002619624 0.011779743 0.999927163 187.966735840 0.005351082 0.999916136 -0.011793632 -10.484952927 -0.999982238 0.005381587 0.002556384 87.784164429
0.033970833 0.007947715 0.999391258 188.351211548 0.002750588 0.999963820 -0.008045767 -10.495377541 -0.999419093 0.003022236 0.033947766 87.826858521
0.065778553 0.005427108 0.997819602 188.725830078 0.002667241 0.999980688 -0.005614694 -10.503206253 -0.997830808 0.003030752 0.065762818 87.874206543
0.099002063 0.003157112 0.995082319 189.098632812 0.001630097 0.999993086 -0.003334874 -10.517642975 -0.995086014 0.001952241 0.098996222 87.934082031
0.133944809 0.003102168 0.990984082 189.475082397 0.001482152 0.999993384 -0.003330704 -10.519547462 -0.990987837 0.001914920 0.133939326 87.999694824
0.169505835 0.003934359 0.985521376 189.849197388 -0.000338093 0.999992192 -0.003933978 -10.532912254 -0.985529184 0.000333635 0.169505835 88.093444824
0.206886470 0.006372276 0.978344321 190.184326172 -0.000041204 0.999978840 -0.006504477 -10.543102264 -0.978365064 0.001305378 0.206882358 88.193298340
0.246042371 0.008368668 0.969222963 190.553878784 0.001180274 0.999959409 -0.008933678 -10.550182343 -0.969258368 0.003342013 0.246022522 88.314056396
0.287322640 0.008898273 0.957792699 190.921966553 0.000697453 0.999954641 -0.009499202 -10.562369347 -0.957833767 0.003397353 0.287303388 88.455245972
0.329182208 0.013237499 0.944173753 191.284606934 -0.005322713 0.999911845 -0.012163217 -10.569564819 -0.944251537 -0.001021649 0.329223633 88.626098633
0.372114301 0.018529635 0.928002059 191.633224487 -0.011174245 0.999817669 -0.015482899 -10.581147194 -0.928119779 -0.004608311 0.372253537 88.819046021
0.416386783 0.022958227 0.908897758 191.966369629 -0.014280145 0.999722958 -0.018710360 -10.587556839 -0.909075499 -0.005188441 0.416599274 89.007240295
0.459734201 0.023842689 0.887736499 192.332855225 -0.011479106 0.999715567 -0.020905495 -10.602095604 -0.887982428 -0.000579449 0.459877133 89.232406616
0.502600551 0.024442041 0.864173234 192.694015503 -0.007650615 0.999686837 -0.023825299 -10.616361618 -0.864484966 0.005363152 0.502630115 89.478050232
0.545425773 0.023580704 0.837827325 193.063201904 -0.003564600 0.999660373 -0.025814950 -10.621874809 -0.838151515 0.011093620 0.545324624 89.743026733
0.585716724 0.022894481 0.810192466 193.425109863 -0.005334246 0.999688208 -0.024392955 -10.636151314 -0.810498297 0.009965597 0.585656226 90.044097900
0.624915659 0.024747368 0.780300021 193.783706665 -0.012590276 0.999686956 -0.021622147 -10.648548126 -0.780590832 0.003687828 0.625031590 90.376731873
0.662287354 0.026234034 0.748790562 194.136077881 -0.017339956 0.999655843 -0.019686375 -10.661570549 -0.749049306 0.000054042 0.662514269 90.751785278
0.697710097 0.026795536 0.715878963 194.490249634 -0.019071840 0.999640822 -0.018829016 -10.668722153 -0.716126323 -0.000515931 0.697970510 91.154823303
0.731397092 0.024948409 0.681495368 194.821090698 -0.017002817 0.999687076 -0.018349050 -10.689727783 -0.681739867 0.001833103 0.731592417 91.537139893
0.762490273 0.023734422 0.646564245 195.151885986 -0.016453262 0.999715030 -0.017294815 -10.705571175 -0.646790504 0.002549039 0.762663484 91.964172363
0.790042996 0.021664338 0.612668455 195.466964722 -0.014870218 0.999758542 -0.016176770 -10.721935272 -0.612870991 0.003669830 0.790174425 92.411575317
0.814637065 0.020927764 0.579593420 195.786300659 -0.015031768 0.999774933 -0.014971907 -10.735927582 -0.579776287 0.003484357 0.814768255 92.890167236
0.835916877 0.021376086 0.548439622 196.085784912 -0.016758261 0.999769449 -0.013424712 -10.747823715 -0.548600137 0.002031049 0.836082399 93.401458740
0.854023576 0.020752996 0.519820273 196.391723633 -0.017411254 0.999784470 -0.011309488 -10.762235641 -0.519942880 0.000607848 0.854200840 93.950317383
0.869503975 0.019599464 0.493536919 196.696838379 -0.017751954 0.999806881 -0.008429527 -10.773970604 -0.493606836 -0.001431737 0.869683981 94.512260437
0.882192791 0.018537629 0.470523387 196.981811523 -0.018640311 0.999816418 -0.004441603 -10.780272484 -0.470519304 -0.004852352 0.882376373 95.095817566
0.892301857 0.016556099 0.451135606 197.267257690 -0.018011646 0.999837220 -0.001067481 -10.791809082 -0.451079816 -0.007173178 0.892454803 95.714126587
0.901063323 0.013436585 0.433479369 197.560913086 -0.015135668 0.999885321 0.000468652 -10.795458794 -0.433423370 -0.006983285 0.901163340 96.339599609
0.908713996 0.009749113 0.417305499 197.849792480 -0.011056802 0.999938607 0.000716397 -10.799377441 -0.417272896 -0.005265065 0.908765972 96.993942261
0.916113794 0.005227256 0.400884300 198.135681152 -0.006359566 0.999978662 0.001494052 -10.807888031 -0.400867939 -0.003918172 0.916127443 97.663024902
0.923066258 0.002760305 0.384631038 198.414123535 -0.003586549 0.999992549 0.001430822 -10.810227394 -0.384624213 -0.002700241 0.923069298 98.363807678
0.930080593 0.002488126 0.367347062 198.697143555 -0.002980833 0.999995232 0.000773930 -10.819171906 -0.367343396 -0.001814818 0.930083632 99.056297302
0.936135650 0.002694983 0.351628691 198.962417603 -0.003067741 0.999995172 0.000502951 -10.823253632 -0.351625651 -0.001549536 0.936139405 99.793075562
0.940927029 0.003829372 0.338587701 199.211929321 -0.004370471 0.999990106 0.000835706 -10.831534386 -0.338581145 -0.002266126 0.940934479 100.541007996
0.943801701 0.006490741 0.330448598 199.460128784 -0.007723403 0.999967277 0.002417416 -10.841276169 -0.330422074 -0.004833749 0.943820894 101.327278137
0.945415080 0.008621911 0.325754464 199.728683472 -0.010321855 0.999940634 0.003490477 -10.851451874 -0.325705051 -0.006662340 0.945447981 102.090919495
0.945758104 0.010746916 0.324693829 199.983062744 -0.012943882 0.999905586 0.004607047 -10.856760025 -0.324613661 -0.008559951 0.945807934 102.886825562
0.945963025 0.008505398 0.324162900 200.253326416 -0.010671698 0.999931037 0.004905621 -10.865006447 -0.324098796 -0.008099905 0.945988536 103.688232422
0.946158230 0.006451818 0.323640168 200.544616699 -0.008399029 0.999954045 0.004620221 -10.871274948 -0.323595464 -0.007089723 0.946168959 104.495132446
0.946115136 0.004305689 0.323801756 200.822189331 -0.005595645 0.999979675 0.003052867 -10.883168221 -0.323782057 -0.004700243 0.946120024 105.312332153
0.946124792 0.003321283 0.323785275 201.115432739 -0.004202366 0.999989152 0.002022067 -10.892889977 -0.323775023 -0.003273792 0.946128428 106.157684326
0.945783615 0.003771644 0.324775487 201.388061523 -0.004863569 0.999984920 0.002550367 -10.901446342 -0.324760973 -0.003991663 0.945787728 106.999069214
0.945662320 0.003323942 0.325133383 201.679168701 -0.004844427 0.999980807 0.003867073 -10.910128593 -0.325114280 -0.005232030 0.945660293 107.863769531
0.945329607 0.001766608 0.326111645 201.974899292 -0.004161302 0.999969244 0.006645728 -10.916618347 -0.326089859 -0.007639453 0.945307910 108.728454590
0.945047736 -0.001444352 0.326929182 202.270919800 -0.001243404 0.999967158 0.008012075 -10.928508759 -0.326930016 -0.007978299 0.945014894 109.591278076
0.944896162 -0.000723835 0.327369362 202.565948486 -0.002015626 0.999965727 0.008028753 -10.938170433 -0.327363968 -0.008246193 0.944862366 110.453948975
0.944675028 -0.001816084 0.328002810 202.861007690 -0.000457062 0.999976397 0.006853041 -10.943864822 -0.328007519 -0.006623814 0.944651902 111.321990967
0.944723487 -0.003940634 0.327844560 203.175842285 0.001217233 0.999963045 0.008511779 -10.955684662 -0.327865988 -0.007642214 0.944693327 112.211418152
0.944469213 -0.006042433 0.328544289 203.471343994 0.002486781 0.999933720 0.011241547 -10.962869644 -0.328590423 -0.009800278 0.944421649 113.084548950
0.944421887 -0.007691324 0.328645915 203.774337769 0.003575031 0.999907434 0.013127424 -10.974135399 -0.328716457 -0.011222907 0.944361985 113.963752747
0.944399178 -0.009454192 0.328665257 204.073883057 0.005436247 0.999898851 0.013141786 -10.980422020 -0.328756243 -0.010624385 0.944355071 114.825057983
0.944696486 -0.011132109 0.327757001 204.392822266 0.007523680 0.999896348 0.012275441 -10.985941887 -0.327859670 -0.009130627 0.944682300 115.721664429
0.944777191 -0.011200652 0.327521980 204.694641113 0.008072295 0.999907911 0.010909498 -10.992023468 -0.327614009 -0.007663191 0.944780588 116.594383240
0.944810510 -0.011676105 0.327409238 204.995071411 0.009092535 0.999914289 0.009420569 -11.004097939 -0.327491194 -0.005923673 0.944835663 117.487609863
0.945135713 -0.011802075 0.326464683 205.286865234 0.009329069 0.999914706 0.009139831 -11.012954712 -0.326544702 -0.005592769 0.945165217 118.363410950
0.945563912 -0.011937128 0.325217396 205.593383789 0.009509623 0.999913812 0.009052845 -11.017253876 -0.325297415 -0.005467349 0.945595980 119.245803833
0.945977390 -0.011385208 0.324032575 205.882049561 0.008626683 0.999913275 0.009948304 -11.022454262 -0.324117750 -0.006615545 0.945993602 120.117454529
0.946202993 -0.011586048 0.323366195 206.172058105 0.008604152 0.999906301 0.010649499 -11.039689064 -0.323459268 -0.007294296 0.946213961 121.007385254
0.946802318 -0.011506876 0.321609974 206.480484009 0.008444258 0.999904752 0.010916132 -11.054137230 -0.321704954 -0.007619661 0.946809292 121.890747070
0.947302639 -0.010798735 0.320157886 206.766204834 0.007838815 0.999913812 0.010532537 -11.060741425 -0.320244014 -0.007467842 0.947305679 122.760887146
0.947800934 -0.010550342 0.318688065 207.065048218 0.007729218 0.999918938 0.010115618 -11.062505722 -0.318768978 -0.007124383 0.947805703 123.651893616
0.948280752 -0.011895223 0.317209870 207.348602295 0.008715019 0.999896526 0.011442606 -11.068240166 -0.317313164 -0.008086314 0.948286355 124.514610291
0.948750257 -0.013062825 0.315756738 207.630569458 0.009511502 0.999873042 0.012785560 -11.076728821 -0.315883666 -0.009126982 0.948754013 125.392997742
0.949294209 -0.013611179 0.314094335 207.928283691 0.009894688 0.999860942 0.013423727 -11.082618713 -0.314233363 -0.009635201 0.949296892 126.291641235
0.949831665 -0.013954558 0.312450200 208.211212158 0.010289523 0.999857605 0.013375755 -11.084965706 -0.312592357 -0.009489753 0.949839950 127.165542603
0.950385094 -0.016004253 0.310663790 208.489425659 0.012378139 0.999830365 0.013640271 -11.095119476 -0.310829371 -0.009118072 0.950421989 128.029205322
0.951037645 -0.016117303 0.308654517 208.765396118 0.012675556 0.999833167 0.013152836 -11.104201317 -0.308815002 -0.008596474 0.951083243 128.886672974
0.951520324 -0.016367905 0.307150066 209.038955688 0.013134799 0.999834478 0.012590479 -11.108835220 -0.307305276 -0.007945743 0.951577783 129.748779297
0.952308476 -0.018385509 0.304582566 209.306304932 0.014763808 0.999790311 0.014189762 -11.112842560 -0.304779589 -0.009016233 0.952380240 130.579788208
0.953026533 -0.019080264 0.302285165 209.565139771 0.014289488 0.999734938 0.018052308 -11.117272377 -0.302549481 -0.012884829 0.953046560 131.418029785
0.953661382 -0.019561175 0.300245494 209.825500488 0.013858499 0.999681056 0.021111466 -11.132044792 -0.300562680 -0.015972238 0.953628302 132.262664795
0.954308867 -0.020288199 0.298132479 210.072601318 0.015394939 0.999705613 0.018752405 -11.133253098 -0.298425168 -0.013305856 0.954340279 133.061096191
0.955093980 -0.018498605 0.295724958 210.309722900 0.014873246 0.999784172 0.014504237 -11.138476372 -0.295929432 -0.009454520 0.955163002 133.852554321
0.955799937 -0.016407847 0.293559730 210.545059204 0.013824753 0.999845326 0.010872104 -11.144509315 -0.293692708 -0.006333165 0.955878913 134.630538940
0.956499279 -0.015206077 0.291338146 210.761474609 0.012886513 0.999868155 0.009879009 -11.152299881 -0.291449964 -0.005694932 0.956569135 135.381439209
0.957346976 -0.015464550 0.288526624 210.986389160 0.012700594 0.999853790 0.011449250 -11.160202026 -0.288661510 -0.007296446 0.957403421 136.122375488
0.958343625 -0.016336842 0.285150200 211.195678711 0.012771635 0.999815345 0.014358081 -11.168375015 -0.285332114 -0.010118142 0.958375335 136.855331421
0.959540486 -0.017819386 0.281006277 211.405395508 0.013487145 0.999758601 0.017343469 -11.177283287 -0.281247497 -0.012851788 0.959549189 137.584701538
0.960795999 -0.017069794 0.276730388 211.587921143 0.012100847 0.999733627 0.019653792 -11.181228638 -0.276992172 -0.015534611 0.960746586 138.259902954
0.961797178 -0.017143769 0.273225665 211.767639160 0.012261845 0.999733388 0.019565472 -11.188373566 -0.273488253 -0.015467767 0.961750984 138.920349121
0.962919891 -0.014906357 0.269375473 211.940689087 0.010370912 0.999779642 0.018252276 -11.196944237 -0.269588172 -0.014781809 0.962862253 139.552368164
0.963685334 -0.013602950 0.266693801 212.101943970 0.009532412 0.999817550 0.016551653 -11.195096970 -0.266870320 -0.013408351 0.963639200 140.170761108
0.964250803 -0.010944126 0.264765292 212.266113281 0.007510099 0.999874115 0.013978909 -11.205946922 -0.264884949 -0.011490760 0.964211583 140.782897949
0.964227557 -0.009786647 0.264895171 212.407073975 0.006578737 0.999893904 0.012994609 -11.212985992 -0.264994234 -0.010787084 0.964189649 141.341003418
0.964676380 -0.008661665 0.263295382 212.547912598 0.005847143 0.999917090 0.011471323 -11.220937729 -0.263372928 -0.009526588 0.964647055 141.873489380
0.965024948 -0.007586219 0.262048215 212.681518555 0.005508452 0.999947309 0.008662624 -11.224727631 -0.262100130 -0.006916169 0.965015888 142.395034790
0.965165019 -0.007527866 0.261533618 212.818069458 0.006006365 0.999960065 0.006616483 -11.233959198 -0.261572987 -0.004815131 0.965171695 142.901306152
0.965419471 -0.006381624 0.260623246 212.946914673 0.004651346 0.999962866 0.007255252 -11.239057541 -0.260659873 -0.005792113 0.965413332 143.390151978
0.965912521 -0.005799426 0.258803666 213.066207886 0.003727811 0.999956965 0.008494616 -11.251987457 -0.258841783 -0.007240285 0.965892613 143.862762451
0.966663539 -0.006242992 0.255973846 213.182846069 0.004242483 0.999956012 0.008366730 -11.254675865 -0.256014824 -0.007001848 0.966647506 144.338272095
0.967678785 -0.007597226 0.252071440 213.294296265 0.005842009 0.999953210 0.007710841 -11.262756348 -0.252118230 -0.005989014 0.967677891 144.795776367
0.969548106 -0.010295702 0.244684353 213.419891357 0.008719573 0.999933660 0.007523871 -11.263261795 -0.244745582 -0.005161213 0.969573617 145.254257202
0.972019255 -0.012528583 0.234566793 213.522171021 0.011025718 0.999909461 0.007717368 -11.267189026 -0.234642237 -0.004915164 0.972069383 145.708587646
0.975302041 -0.013476415 0.220463887 213.611053467 0.012175810 0.999899507 0.007257286 -11.275777817 -0.220539540 -0.004393720 0.975368142 146.156951904
0.979122281 -0.013123510 0.202848002 213.680664062 0.012175645 0.999908328 0.005920013 -11.283728600 -0.202907100 -0.003326611 0.979192317 146.600296021
0.983509719 -0.011923877 0.180461809 213.742752075 0.011205335 0.999924719 0.005000631 -11.288335800 -0.180507854 -0.002896034 0.983569264 147.040054321
0.987974048 -0.010591161 0.154256582 213.788711548 0.009883537 0.999936819 0.005353509 -11.295426369 -0.154303536 -0.003764527 0.988016307 147.467132568
0.992061734 -0.010138882 0.125342548 213.810333252 0.009363907 0.999933243 0.006770499 -11.300564766 -0.125402823 -0.005543057 0.992090404 147.900741577
0.995754898 -0.009296336 0.091573685 213.820739746 0.008545628 0.999926627 0.008586567 -11.306741714 -0.091646791 -0.007767562 0.995761275 148.326354980
0.998445690 -0.007837251 0.055179611 213.818359375 0.007247227 0.999914467 0.010884778 -11.311867714 -0.055260196 -0.010467960 0.998417139 148.689422607
0.999857128 -0.005586027 0.015954088 213.793884277 0.005384412 0.999905467 0.012652346 -11.317531586 -0.016023256 -0.012564635 0.999792695 149.104858398
0.999665976 -0.000201315 -0.025843868 213.738967896 0.000565853 0.999900460 0.014098860 -11.321075439 0.025838457 -0.014108775 0.999566555 149.514083862
0.997572839 0.004942236 -0.069454953 213.664535522 -0.003892765 0.999876320 0.015237342 -11.326272011 0.069521673 -0.014929987 0.997468710 149.919403076
0.993282557 0.009829921 -0.115295827 213.589706421 -0.007951025 0.999828160 0.016744899 -11.326111794 0.115440622 -0.015715696 0.993190050 150.289581299
0.986428142 0.012341528 -0.163728908 213.501571655 -0.009214041 0.999760568 0.019847343 -11.313778877 0.163934648 -0.018069373 0.986305714 150.656906128
0.976884007 0.015025123 -0.213241294 213.379898071 -0.010149693 0.999661863 0.023939876 -11.313130379 0.213528886 -0.021222148 0.976706207 151.031631470
0.964152515 0.016656123 -0.264825433 213.242614746 -0.009383312 0.999543905 0.028704124 -11.323916435 0.265182734 -0.025190214 0.963869035 151.408172607
0.948392630 0.018011911 -0.316586435 213.080032349 -0.008236547 0.999447882 0.032188639 -11.315679550 0.316991419 -0.027919888 0.948017359 151.758697510
0.929331183 0.020775313 -0.368662357 212.906463623 -0.007697838 0.999289036 0.036908302 -11.314261436 0.369167030 -0.031462133 0.928830385 152.101837158
0.906708956 0.025064666 -0.421011448 212.709106445 -0.009388252 0.999184668 0.039266907 -11.306675911 0.421652406 -0.031651095 0.906204998 152.429351807
0.880020022 0.027102230 -0.474162698 212.501602173 -0.009382136 0.999167681 0.039697777 -11.290459633 0.474843949 -0.030486181 0.879541814 152.741165161
0.850105107 0.032997604 -0.525578201 212.270675659 -0.011803539 0.998978138 0.043627452 -11.298406601 0.526480734 -0.030884240 0.849625945 153.044998169
0.817138791 0.034663733 -0.575397849 212.024795532 -0.011559799 0.998974979 0.043764923 -11.283118248 0.576325119 -0.029110534 0.816701889 153.339447021
0.791092575 0.033033222 -0.610803843 211.684906006 -0.008947462 0.999058843 0.042442206 -11.248724937 0.611631036 -0.028110573 0.790643632 153.509719849
0.752751112 0.033275448 -0.657463729 211.415313721 -0.004293795 0.998948634 0.045642525 -11.236465454 0.658291221 -0.031534448 0.752102554 153.771972656
0.712303221 0.035045121 -0.700996459 211.124816895 -0.000721691 0.998788714 0.049199410 -11.231534958 0.701871514 -0.034538995 0.711465716 154.015823364
0.668985546 0.036863998 -0.742360711 210.822448730 0.002698157 0.998642325 0.052021850 -11.221670151 0.743270576 -0.036804873 0.667977810 154.240951538
0.624042928 0.038613159 -0.780435443 210.509490967 0.005985638 0.998512745 0.054189015 -11.206736565 0.781367123 -0.038487677 0.622883677 154.442199707
0.581080735 0.042536534 -0.812733591 210.219375610 0.004481724 0.998450816 0.055460837 -11.198741913 0.813833594 -0.035869673 0.579989910 154.565078735
0.533945262 0.045735661 -0.844281256 209.883087158 0.002267925 0.998454928 0.055521719 -11.189287186 0.845516086 -0.031560328 0.533016562 154.719024658
0.485283613 0.048092831 -0.873033166 209.547515869 -0.002871220 0.998568416 0.053412206 -11.172142029 0.874352098 -0.023413399 0.484727025 154.846054077
0.436427951 0.048199806 -0.898447335 209.187973022 -0.002794972 0.998631835 0.052216820 -11.161883354 0.899734974 -0.020277750 0.435965598 154.974029541
0.388245404 0.048100401 -0.920299888 208.828353882 -0.004707698 0.998727441 0.050213467 -11.142053604 0.921544015 -0.015162655 0.387977779 155.081573486
0.342794001 0.046896838 -0.938239276 208.466125488 -0.007313795 0.998856127 0.047254544 -11.123547554 0.939382136 -0.009336485 0.342744887 155.169372559
0.300231636 0.046872951 -0.952714026 208.097595215 -0.009559060 0.998889625 0.046132393 -11.112169266 0.953818500 -0.004743360 0.300346315 155.244705200
0.262028813 0.046332650 -0.963947237 207.726394653 -0.011641310 0.998925924 0.044849478 -11.100591660 0.964989841 -0.000530251 0.262286782 155.308853149
0.228986979 0.043724373 -0.972447038 207.371093750 -0.008503476 0.999042392 0.042917833 -11.081804276 0.973392367 -0.001558447 0.229139507 155.362747192
0.199675322 0.041894518 -0.978966177 206.990447998 -0.000977259 0.999093592 0.042556539 -11.059235573 0.979861736 -0.007540794 0.199535310 155.422317505
0.175255716 0.043398749 -0.983566105 206.594772339 0.004988870 0.998975992 0.044967640 -11.044435501 0.984510422 -0.012787721 0.174859703 155.480621338
0.152236700 0.046080608 -0.987269342 206.186233521 0.002157144 0.998894632 0.046955854 -11.027042389 0.988341808 -0.009278092 0.151969016 155.524673462
0.132642388 0.049116276 -0.989946246 205.761444092 -0.003042294 0.998786926 0.049147267 -11.014406204 0.991159320 -0.003507303 0.132630944 155.557281494
0.118780017 0.052271422 -0.991543770 205.319900513 -0.006485244 0.998632908 0.051868256 -11.000815392 0.992899418 0.000269488 0.118956625 155.576446533
0.104747117 0.051644865 -0.993157089 204.884460449 -0.003879814 0.998664320 0.051522046 -10.995260239 0.994491398 -0.001543523 0.104807615 155.619995117
0.088618696 0.046552010 -0.994977236 204.420867920 0.001441192 0.998900235 0.046863917 -10.971699715 0.996064603 -0.005586974 0.088454127 155.660018921
0.072184503 0.040882189 -0.996553183 203.941452026 0.005658591 0.999126732 0.041397646 -10.949269295 0.997375309 -0.008627358 0.071890116 155.692657471
0.054277718 0.038165044 -0.997796357 203.433135986 0.010611985 0.999190807 0.038795654 -10.929828644 0.998469591 -0.012694342 0.053828776 155.716537476
0.038343728 0.040154673 -0.998457551 202.900268555 0.012102355 0.999100327 0.040645294 -10.912978172 0.999191403 -0.013642183 0.037823260 155.721832275
0.023264349 0.043196175 -0.998795807 202.337051392 0.008479984 0.999021649 0.043403469 -10.889726639 0.999693513 -0.009479529 0.022875249 155.721343994
0.009414196 0.046031926 -0.998895645 201.756759644 0.002365347 0.998936057 0.046056081 -10.877734184 0.999952912 -0.002796316 0.009295344 155.701080322
-0.002212286 0.047060683 -0.998889625 201.165969849 -0.000590257 0.998891771 0.047062095 -10.854891777 0.999997377 0.000693713 -0.002182007 155.683013916
-0.010451555 0.047150977 -0.998833179 200.554244995 -0.001799453 0.998885155 0.047172263 -10.830438614 0.999943793 0.002290372 -0.010354996 155.669799805
-0.015164733 0.048151135 -0.998724937 199.932662964 -0.003027557 0.998833001 0.048202313 -10.809682846 0.999880433 0.003754674 -0.015001297 155.650878906
-0.018366933 0.048250191 -0.998666525 199.279235840 -0.004320846 0.998821735 0.048337162 -10.781270981 0.999822140 0.005202885 -0.018136859 155.622985840
-0.021036386 0.048288781 -0.998612046 198.607604980 -0.007256985 0.998799205 0.048450712 -10.750686646 0.999752522 0.008266131 -0.020660758 155.598648071
-0.022342920 0.048253451 -0.998585165 197.920700073 -0.012423838 0.998744011 0.048539102 -10.729635239 0.999673128 0.013490766 -0.021715403 155.584655762
-0.020763516 0.047894359 -0.998636544 197.220428467 -0.018663622 0.998659313 0.048283499 -10.703079224 0.999610126 0.019640716 -0.019841790 155.558395386
-0.015122294 0.047683001 -0.998748183 196.498779297 -0.023884118 0.998560011 0.048035659 -10.672990799 0.999600470 0.024580620 -0.013961673 155.536376953
-0.006725788 0.047763757 -0.998836160 195.760604858 -0.028303105 0.998449326 0.047935847 -10.642676353 0.999576926 0.028592562 -0.005363464 155.524002075
0.002570868 0.048921008 -0.998799324 195.001968384 -0.031704225 0.998304546 0.048815168 -10.615536690 0.999493957 0.031540662 0.004117548 155.529769897
0.012184203 0.048816174 -0.998733640 194.229171753 -0.033617806 0.998262942 0.048383050 -10.583024025 0.999360621 0.032985717 0.013804138 155.540771484
0.021586239 0.048523601 -0.998588800 193.440399170 -0.035953052 0.998213112 0.047728155 -10.552875519 0.999120355 0.034872036 0.023292243 155.556869507
0.031336248 0.048763644 -0.998318672 192.632492065 -0.039771970 0.998078942 0.047503531 -10.522783279 0.998717308 0.038216516 0.033215463 155.584930420
0.041485131 0.048569545 -0.997958004 191.804946899 -0.041760802 0.998029232 0.046837017 -10.492418289 0.998266101 0.039732479 0.043431699 155.620941162
0.051938236 0.049335688 -0.997430980 190.953079224 -0.044144034 0.997916102 0.047061019 -10.459443092 0.997674227 0.041586354 0.054007828 155.668106079
0.062812805 0.050725061 -0.996735513 190.106414795 -0.045359716 0.997820616 0.047921780 -10.429855347 0.996994078 0.042201530 0.064976811 155.707824707
0.073144555 0.052575737 -0.995934606 189.224502563 -0.047571536 0.997656763 0.049172848 -10.397162437 0.996186137 0.043781407 0.075474262 155.771331787
0.082413614 0.054783061 -0.995091379 188.349090576 -0.048054177 0.997545004 0.050938286 -10.361974716 0.995438993 0.043620288 0.084843814 155.847091675
0.090944171 0.056688391 -0.994241297 187.458099365 -0.048252467 0.997456670 0.052458026 -10.333683014 0.994686365 0.043203838 0.093448222 155.932357788
0.099946260 0.057733975 -0.993316412 186.580810547 -0.048884448 0.997394502 0.053052314 -10.298816681 0.993791282 0.043255344 0.102508128 156.014419556
0.107340515 0.058296580 -0.992511809 185.698699951 -0.049068600 0.997373581 0.053275354 -10.265362740 0.993010819 0.042982548 0.109919131 156.112716675
0.113173485 0.058228970 -0.991867542 184.816787720 -0.047446281 0.997459054 0.053143542 -10.232211113 0.992441773 0.041045982 0.115648687 156.213500977
0.118022978 0.057586350 -0.991339862 183.922698975 -0.045766860 0.997571647 0.052499626 -10.200674057 0.991955757 0.039174337 0.120371938 156.305603027
0.119931638 0.057108007 -0.991138339 183.070846558 -0.045553815 0.997609198 0.051968660 -10.175647736 0.991736531 0.038917441 0.122246385 156.416412354
0.121671796 0.057048235 -0.990929663 182.182617188 -0.045517869 0.997617304 0.051844314 -10.143156052 0.991526246 0.038797006 0.123978555 156.522109985
0.122516692 0.056639113 -0.990849078 181.289505005 -0.047047440 0.997579277 0.051206496 -10.103163719 0.991350830 0.040343251 0.124884844 156.628875732
0.123749375 0.055778254 -0.990744770 180.407135010 -0.046504442 0.997647941 0.050358243 -10.080606461 0.991223335 0.039842218 0.126052201 156.734298706
0.124914646 0.055859368 -0.990593910 179.489227295 -0.047199588 0.997618020 0.050303552 -10.049741745 0.991044283 0.040471960 0.127253652 156.842498779
0.125900626 0.055842135 -0.990469873 178.599319458 -0.047857076 0.997593939 0.050160572 -10.022401810 0.990887821 0.041085750 0.128270149 156.961502075
0.126601279 0.056573335 -0.990339100 177.698516846 -0.048492581 0.997531652 0.050785098 -9.992410660 0.990767658 0.041594643 0.129032195 157.068542480
0.126691878 0.056155570 -0.990351439 176.802993774 -0.048470929 0.997554064 0.050363276 -9.957033157 0.990757227 0.041622620 0.129103959 157.180831909
0.125937343 0.056719873 -0.990415394 175.901138306 -0.049546923 0.997477829 0.050824143 -9.933609009 0.990800083 0.042671382 0.128429949 157.291717529
0.125571251 0.056791354 -0.990457833 175.009628296 -0.050274353 0.997441769 0.050817963 -9.909330368 0.990809977 0.043413345 0.128105164 157.391525269
0.125078321 0.054501098 -0.990648806 174.109802246 -0.048643585 0.997626126 0.048743267 -9.878476143 0.990953684 0.042091984 0.127432525 157.513916016
0.123925388 0.053326469 -0.990857661 173.214324951 -0.050062884 0.997619271 0.047429062 -9.850619316 0.991027951 0.043727517 0.126300037 157.624374390
0.123421371 0.054660913 -0.990847945 172.311447144 -0.051994860 0.997466505 0.048549484 -9.812493324 0.990991414 0.045526940 0.125950754 157.731307983
0.121899903 0.058608614 -0.990810573 171.404495239 -0.051633097 0.997277915 0.052638728 -9.788103104 0.991198540 0.044741955 0.124594212 157.842453003
0.121698320 0.060558327 -0.990718007 170.517868042 -0.050930165 0.997203171 0.054698549 -9.758177757 0.991259634 0.043800712 0.124442220 157.945831299
0.121308267 0.060267348 -0.990783572 169.622665405 -0.051887140 0.997175455 0.054303262 -9.724050522 0.991257787 0.044821490 0.124092758 158.053649902
0.121316075 0.059206326 -0.990846694 168.727462769 -0.053082205 0.997178137 0.053085435 -9.685768127 0.991193593 0.046156202 0.124116540 158.154968262
0.121208668 0.059038743 -0.990869761 167.840423584 -0.053518195 0.997166395 0.052867271 -9.658552170 0.991183281 0.046621591 0.124024868 158.261169434
0.122351408 0.059346974 -0.990710914 166.948638916 -0.052922882 0.997180581 0.053198628 -9.628550529 0.991074860 0.045922354 0.125147223 158.364807129
0.123743594 0.060322266 -0.990479112 166.052444458 -0.053672276 0.997096360 0.054019827 -9.592981339 0.990861714 0.046476651 0.126621962 158.474609375
0.125689507 0.060759243 -0.990207255 165.151245117 -0.054566979 0.997035205 0.054251879 -9.564056396 0.990567803 0.047213726 0.128632307 158.580612183
0.127019346 0.060736362 -0.990038991 164.262390137 -0.054990772 0.997019649 0.054109436 -9.531634331 0.990374744 0.047570061 0.129980743 158.692687988
0.128264666 0.059564419 -0.989949703 163.372985840 -0.054508358 0.997109294 0.052932732 -9.497007370 0.990240991 0.047171123 0.131140649 158.803558350
0.129420221 0.058645893 -0.989854097 162.489105225 -0.054439455 0.997164190 0.051961210 -9.468507767 0.990094304 0.047162283 0.132245839 158.912033081
0.129601419 0.058157615 -0.989859283 161.607376099 -0.054714467 0.997176945 0.051423840 -9.435977936 0.990055561 0.047495008 0.132417619 159.026275635
0.130315959 0.058278728 -0.989758193 160.718338013 -0.054596324 0.997178137 0.051527228 -9.407720566 0.989968181 0.047322344 0.133130014 159.136550903
0.130948186 0.058605988 -0.989655495 159.839523315 -0.055648815 0.997111797 0.051684260 -9.378379822 0.989826143 0.048305191 0.133831382 159.247802734
0.131904781 0.058603145 -0.989528716 158.960693359 -0.055091243 0.997141421 0.051710300 -9.346113205 0.989730418 0.047693513 0.134756207 159.363265991
0.132284045 0.059902597 -0.989400148 158.082183838 -0.054914206 0.997082114 0.053025596 -9.315505981 0.989689589 0.047317684 0.135187566 159.481430054
0.132838845 0.060181040 -0.989309013 157.211715698 -0.054810941 0.997073472 0.053293660 -9.279819489 0.989621043 0.047145478 0.135748684 159.596389771
0.133133590 0.060237046 -0.989265919 156.321212769 -0.054420672 0.997089744 0.053389605 -9.259001732 0.989602923 0.046728555 0.136024296 159.708709717
0.133835077 0.058150623 -0.989296079 155.449279785 -0.053513546 0.997244477 0.051378351 -9.228196144 0.989557743 0.046064515 0.136578143 159.822479248
0.134136379 0.055686109 -0.989397109 154.568344116 -0.052988857 0.997394502 0.048952322 -9.195443153 0.989545226 0.045860726 0.136737645 159.942077637
0.134586930 0.054267492 -0.989414692 153.688766479 -0.053256951 0.997452199 0.047463961 -9.164513588 0.989469647 0.046305180 0.137134135 160.061264038
0.135166049 0.054629508 -0.989315808 152.797256470 -0.054497708 0.997377276 0.047628868 -9.135652542 0.989323080 0.047477636 0.137788713 160.179626465
0.136210024 0.055097848 -0.989146650 151.913589478 -0.053681068 0.997395813 0.048165217 -9.106644630 0.989224553 0.046537854 0.138813019 160.303100586
0.137344778 0.055506334 -0.988966882 151.007095337 -0.053155459 0.997403026 0.048597746 -9.079170227 0.989096045 0.045894340 0.139938533 160.421676636
0.138247430 0.055778865 -0.988825858 150.115631104 -0.053048156 0.997396588 0.048845690 -9.049809456 0.988976121 0.045702588 0.140846491 160.540740967
0.139615834 0.055905949 -0.988626420 149.210006714 -0.052828137 0.997403562 0.048941795 -9.017480850 0.988795698 0.045394231 0.142206728 160.659408569
0.140606642 0.056703914 -0.988440514 148.296676636 -0.049023345 0.997532666 0.050251883 -8.979093552 0.988851190 0.041390900 0.143039525 160.802612305
0.141795158 0.059129141 -0.988128603 147.393585205 -0.044953745 0.997569203 0.053243261 -8.959872246 0.988874853 0.036870431 0.144108534 160.932128906
0.142395198 0.059095141 -0.988044262 146.496749878 -0.048173700 0.997446954 0.052714810 -8.926868439 0.988636911 0.040091410 0.144878507 161.054458618
0.143499374 0.055555459 -0.988089979 145.585372925 -0.047362577 0.997664571 0.049215369 -8.887920380 0.988516569 0.039736100 0.145795465 161.185424805
0.143814385 0.051685516 -0.988254189 144.669662476 -0.045995563 0.997905016 0.045496810 -8.857892990 0.988535345 0.038912196 0.145890415 161.317214966
0.143718302 0.051388010 -0.988283515 143.763626099 -0.046702575 0.997890413 0.045095950 -8.832485199 0.988516033 0.039674267 0.145815074 161.447891235
0.142794788 0.051711172 -0.988400638 142.838485718 -0.048808869 0.997787118 0.045150813 -8.799516678 0.988548219 0.041795406 0.145002782 161.574966431
0.140882432 0.052228410 -0.988647759 141.898590088 -0.046958003 0.997836113 0.046022289 -8.769984245 0.988912106 0.039941192 0.143030107 161.712417603
0.137424707 0.052788932 -0.989104569 140.960006714 -0.045754258 0.997851193 0.046898719 -8.746714592 0.989454985 0.038810696 0.139544725 161.848648071
0.134455740 0.052508723 -0.989527464 140.031250000 -0.044512678 0.997907102 0.046905059 -8.711240768 0.989919364 0.037739862 0.136511624 161.957031250
0.130018234 0.052596185 -0.990115702 139.088790894 -0.044388313 0.997899592 0.047180772 -8.678193092 0.990517616 0.037815191 0.132079780 162.073577881
0.125061095 0.052844975 -0.990740776 138.150527954 -0.044556957 0.997872174 0.047600936 -8.648143768 0.991148114 0.038191359 0.127149582 162.184555054
0.119930387 0.053928357 -0.991316617 137.188919067 -0.045037776 0.997791111 0.048831861 -8.615356445 0.991760314 0.038790260 0.122094274 162.292938232
0.114468396 0.055384535 -0.991881907 136.225051880 -0.045429308 0.997691989 0.050466176 -8.587887764 0.992387712 0.039283719 0.116720259 162.405303955
0.109839320 0.055606570 -0.992392719 135.259780884 -0.047508940 0.997586370 0.050639238 -8.553995132 0.992813349 0.041585345 0.112215996 162.500061035
0.106918335 0.053050980 -0.992851555 134.301315308 -0.047899954 0.997690856 0.048151303 -8.518879890 0.993113339 0.042409282 0.109212577 162.596252441
0.105061054 0.049331624 -0.993241429 133.339447021 -0.048222408 0.997846663 0.044459578 -8.487117767 0.993295908 0.043225523 0.107213676 162.694305420
0.104648113 0.046797428 -0.993407726 132.375656128 -0.049233623 0.997911274 0.041823186 -8.460161209 0.993290007 0.044532336 0.106733501 162.775161743
0.103747845 0.046283651 -0.993526280 131.398254395 -0.045940787 0.998073518 0.041698169 -8.435359001 0.993542194 0.041317273 0.105674267 162.883255005
0.102688491 0.046855938 -0.993609428 130.425094604 -0.042140089 0.998198092 0.042717192 -8.409768105 0.993820608 0.037484217 0.104478002 162.987152100
0.102137029 0.048795756 -0.993572831 129.444839478 -0.040076189 0.998187184 0.044902630 -8.381042480 0.993962765 0.035232387 0.103907406 163.083801270
0.101370096 0.052032445 -0.993487179 128.458862305 -0.039085466 0.998068631 0.048284322 -8.347659111 0.994080722 0.033936322 0.103208005 163.181640625
0.100370646 0.055275358 -0.993413508 127.462173462 -0.038862109 0.997911453 0.051599160 -8.313202858 0.994190872 0.033427104 0.102309108 163.280914307
0.099640548 0.056485102 -0.993419051 126.474029541 -0.038429484 0.997860968 0.052883163 -8.278609276 0.994281232 0.032907262 0.101598144 163.382614136
0.099134922 0.057787281 -0.993394732 125.495773315 -0.040840082 0.997707427 0.053962562 -8.245372772 0.994235694 0.035220739 0.101267695 163.470916748
0.099075794 0.058269266 -0.993372381 124.504348755 -0.040982652 0.997675955 0.054434225 -8.209666252 0.994235575 0.035317920 0.101233542 163.559722900
0.098325610 0.058216143 -0.993450165 123.520431519 -0.042019378 0.997640014 0.054302849 -8.169261932 0.994266927 0.036404781 0.100539804 163.653717041
0.098375797 0.057192620 -0.993504584 122.546417236 -0.042152338 0.997690618 0.053259715 -8.139122009 0.994256258 0.036639065 0.100559413 163.737365723
0.097104728 0.055778947 -0.993710041 121.572952271 -0.042570040 0.997747362 0.051845659 -8.109862328 0.994363487 0.037267808 0.099260509 163.842590332
0.096390605 0.054605555 -0.993844688 120.594070435 -0.043545756 0.997769356 0.050597794 -8.074874878 0.994390666 0.038400561 0.098553419 163.933990479
0.095995903 0.054275881 -0.993901014 119.603927612 -0.045727223 0.997698545 0.050066698 -8.039640427 0.994331002 0.040642124 0.098256826 164.021881104
0.095720291 0.053815138 -0.993952632 118.623626709 -0.043533564 0.997808397 0.049831502 -8.013044357 0.994455993 0.038500406 0.097853303 164.116851807
0.095536232 0.053545274 -0.993984878 117.647964478 -0.044098925 0.997799516 0.049512222 -7.990286827 0.994448781 0.039103441 0.097687304 164.197235107
0.095666707 0.053629275 -0.993967772 116.665939331 -0.044295557 0.997787833 0.049572062 -7.953716278 0.994427443 0.039285954 0.097830594 164.292053223
0.095387638 0.053393368 -0.994007349 115.689437866 -0.044226438 0.997801721 0.049353097 -7.924520493 0.994457364 0.039253715 0.097539306 164.389190674
0.096529007 0.053192824 -0.993907809 114.713180542 -0.043930087 0.997825563 0.049135979 -7.892832756 0.994360268 0.038919408 0.098655879 164.472640991
0.096144140 0.053083479 -0.993951023 113.734497070 -0.044161223 0.997821093 0.049018484 -7.862422943 0.994387388 0.039181244 0.098278880 164.571243286
0.096315205 0.054589622 -0.993852973 112.758453369 -0.044455189 0.997734427 0.050494634 -7.828120232 0.994357824 0.039318502 0.098523796 164.654113770
0.096261144 0.054951344 -0.993838131 111.782058716 -0.045385119 0.997678697 0.050767787 -7.795911789 0.994320929 0.040218487 0.098531663 164.740722656
0.096804261 0.054176807 -0.993827820 110.799804688 -0.045298304 0.997722626 0.049976822 -7.767121315 0.994272053 0.040180754 0.099037886 164.833068848
0.097188890 0.053230319 -0.993841469 109.821548462 -0.046480667 0.997721910 0.048892763 -7.732533932 0.994179964 0.041442577 0.099441707 164.916976929
0.096848905 0.054063171 -0.993829787 108.845092773 -0.045962065 0.997701347 0.049794771 -7.703339577 0.994237363 0.040855892 0.099111140 165.017547607
0.096482813 0.056988031 -0.993702054 107.871582031 -0.046634950 0.997521996 0.052679114 -7.676784039 0.994241714 0.041258596 0.098901331 165.106292725
0.096583605 0.058286723 -0.993616819 106.891769409 -0.045351613 0.997504771 0.054106433 -7.639874458 0.994291186 0.039836328 0.098985970 165.200363159
0.095726848 0.058093395 -0.993711054 105.922012329 -0.046518419 0.997465909 0.053831667 -7.604385376 0.994320154 0.041072726 0.098186672 165.289367676
0.095718622 0.057210151 -0.993763149 104.945114136 -0.046900805 0.997497439 0.052907676 -7.572450161 0.994303048 0.041544028 0.098162293 165.382095337
0.094579041 0.057328649 -0.993865430 103.979202271 -0.047326367 0.997470677 0.053032901 -7.535563946 0.994391918 0.042020228 0.097052932 165.471694946
0.094394445 0.058858294 -0.993793488 103.011016846 -0.048918393 0.997319102 0.054420639 -7.501874924 0.994332373 0.043477770 0.097020626 165.555511475
0.094091177 0.058844589 -0.993823171 102.052719116 -0.052482959 0.997156799 0.054073099 -7.467983246 0.994179428 0.047070961 0.096911967 165.629623413
0.093516648 0.055688947 -0.994059026 101.053833008 -0.053935722 0.997251689 0.050793774 -7.436819077 0.994155705 0.048865229 0.096263289 165.723785400
0.094311178 0.052149944 -0.994176030 100.087707520 -0.057761803 0.997231424 0.046830714 -7.400402546 0.993865788 0.053008728 0.097062349 165.804122925
0.096543193 0.050148111 -0.994064689 99.099822998 -0.061599538 0.997116506 0.044319544 -7.368104935 0.993420839 0.056955170 0.099353909 165.880767822
0.098447919 0.051506843 -0.993808448 98.134597778 -0.062364962 0.997015953 0.045495126 -7.343402863 0.993186176 0.057499912 0.101366401 165.976989746
0.101015747 0.054652408 -0.993382633 97.161193848 -0.061062433 0.996948123 0.048639212 -7.315169811 0.993009269 0.055745024 0.104044676 166.072235107
0.103135288 0.056291420 -0.993073404 96.181442261 -0.060348723 0.996912122 0.050241519 -7.283476830 0.992835104 0.054749016 0.106213927 166.168304443
0.105109990 0.057988748 -0.992768586 95.231109619 -0.058156099 0.996948361 0.052075580 -7.255973816 0.992758751 0.052261874 0.108161628 166.271179199
0.107180774 0.058698304 -0.992505372 94.267074585 -0.057423171 0.996954799 0.052760318 -7.220307350 0.992579937 0.051337905 0.110225022 166.381378174
0.109498918 0.059410457 -0.992209971 93.298965454 -0.056921493 0.996948898 0.053412430 -7.184949875 0.992355883 0.050629452 0.112546563 166.491287231
0.111614883 0.059654113 -0.991959512 92.321243286 -0.058915611 0.996838033 0.053318337 -7.147834778 0.992003620 0.052490771 0.114776492 166.589660645
0.113838792 0.059763063 -0.991700232 91.364990234 -0.059586022 0.996802866 0.053230595 -7.120316029 0.991710901 0.053031754 0.117035866 166.685379028
0.115384281 0.057255063 -0.991669476 90.375015259 -0.059472501 0.996944666 0.050639793 -7.089266777 0.991538942 0.053134024 0.118436873 166.806228638
0.117098808 0.053836145 -0.991659999 89.409866333 -0.059202053 0.997132242 0.047142431 -7.056177139 0.991354108 0.053187981 0.119950235 166.917297363
0.118020415 0.050518177 -0.991725385 88.444869995 -0.058703478 0.997313380 0.043816812 -7.023332596 0.991274595 0.053046443 0.120668888 167.027008057
0.118948281 0.050749872 -0.991602719 87.462478638 -0.058991909 0.997289836 0.043964524 -7.000442505 0.991146564 0.053267021 0.121619761 167.138854980
0.119136512 0.052871112 -0.991469324 86.490966797 -0.058558721 0.997217059 0.046141110 -6.971228600 0.991149664 0.052562073 0.121900976 167.250350952
0.119417131 0.054279208 -0.991359413 85.511825562 -0.054426569 0.997360885 0.048051696 -6.945089340 0.991351306 0.048218090 0.122056186 167.371170044
0.118974924 0.054404207 -0.991405666 84.522842407 -0.052623991 0.997439802 0.048420127 -6.917522430 0.991501749 0.046410944 0.121533275 167.489532471
0.118307829 0.053267468 -0.991547346 83.548385620 -0.051552441 0.997542977 0.047438513 -6.883663177 0.991638005 0.045504320 0.120763183 167.606948853
0.117328882 0.054333404 -0.991605759 82.569061279 -0.051250428 0.997502983 0.048592474 -6.849190235 0.991769850 0.045118909 0.119820535 167.714569092
0.116058588 0.057571754 -0.991572440 81.578720093 -0.049064476 0.997432232 0.052169230 -6.816974640 0.992029786 0.042596292 0.118585348 167.834671021
0.114911437 0.062567323 -0.991403520 80.586929321 -0.050834704 0.997077227 0.057033248 -6.775437832 0.992074311 0.043843918 0.117756188 167.951995850
0.115856647 0.063207217 -0.991252840 79.603256226 -0.050493911 0.997057617 0.057675682 -6.737326622 0.991981745 0.043370113 0.118707359 168.055068970
0.116397560 0.058736198 -0.991464436 78.629364014 -0.050207451 0.997321486 0.053188842 -6.707874298 0.991932869 0.043587845 0.119034827 168.167663574
0.117030621 0.051161412 -0.991809666 77.655181885 -0.048180178 0.997788787 0.045784719 -6.672163010 0.991958976 0.042427346 0.119236827 168.285369873
0.117712677 0.048344232 -0.991870224 76.671951294 -0.046927039 0.997969270 0.043072317 -6.646276474 0.991938293 0.041475374 0.119742274 168.401885986
0.118474543 0.050710112 -0.991661370 75.672225952 -0.045854039 0.997909069 0.045551375 -6.609109402 0.991897821 0.040074997 0.120552123 168.510498047
0.118415773 0.055381328 -0.991418481 74.676162720 -0.045537852 0.997695804 0.050292905 -6.582846165 0.991919398 0.039191592 0.120664895 168.617462158
0.117660344 0.056865051 -0.991424501 73.677474976 -0.044873599 0.997643769 0.051896263 -6.545126915 0.992039621 0.038382646 0.119934857 168.730819702
0.116052270 0.056573812 -0.991630673 72.686508179 -0.044907860 0.997654438 0.051661830 -6.510135651 0.992227435 0.038536530 0.118320704 168.845657349
0.114400923 0.056909073 -0.991803348 71.686462402 -0.044716399 0.997640967 0.052086156 -6.474410057 0.992427826 0.038391162 0.116675794 168.957687378
0.112170339 0.056972627 -0.992054403 70.692932129 -0.042868238 0.997703016 0.052449964 -6.439159393 0.992763877 0.036644287 0.114355028 169.063323975
0.109322846 0.058060773 -0.992309272 69.690414429 -0.041040178 0.997705042 0.053855084 -6.401494026 0.993158817 0.034836940 0.111454785 169.165527344
0.105998874 0.057393141 -0.992708623 68.698898315 -0.038615603 0.997817397 0.053565230 -6.365147114 0.993616223 0.032656182 0.107983828 169.270050049
0.102861464 0.056653373 -0.993081093 67.707580566 -0.038346868 0.997860372 0.052954130 -6.331015110 0.993956327 0.032634608 0.104813874 169.362792969
0.100389540 0.055485334 -0.993399858 66.709396362 -0.037840072 0.997934341 0.051914617 -6.294263840 0.994228363 0.032378636 0.102281749 169.454528809
0.098336697 0.055298883 -0.993615746 65.710556030 -0.037923902 0.997937858 0.051786158 -6.256634712 0.994430482 0.032589290 0.100231111 169.544662476
0.095946610 0.054906018 -0.993871033 64.716918945 -0.038726691 0.997927427 0.051391505 -6.226662159 0.994632840 0.033558495 0.097874105 169.639251709
0.093645453 0.054929521 -0.994089305 63.711822510 -0.038594943 0.997926652 0.051505826 -6.198869228 0.994857371 0.033543520 0.095571339 169.733428955
0.091848195 0.056650050 -0.994160295 62.680114746 -0.040550258 0.997765064 0.053109117 -6.157896996 0.994947016 0.035435483 0.093940079 169.824707031
0.090720475 0.058111057 -0.994179606 61.671371460 -0.040921163 0.997670472 0.054580983 -6.118825436 0.995035410 0.035731364 0.092887163 169.913528442
0.089998364 0.058152743 -0.994242728 60.653259277 -0.042491961 0.997609079 0.054503288 -6.080436707 0.995035052 0.037342120 0.092254221 169.992446899
0.089568019 0.057792641 -0.994302571 59.638412476 -0.043756045 0.997579515 0.054041509 -6.044161320 0.995019078 0.038666349 0.091880023 170.087570190
0.089042366 0.056604151 -0.994418144 58.637161255 -0.043279447 0.997660816 0.052913394 -6.007992268 0.995087147 0.038326334 0.091283858 170.175903320
0.088876128 0.056136072 -0.994459629 57.643325806 -0.043625776 0.997671843 0.052418508 -5.972605228 0.995086968 0.038725309 0.091118217 170.250549316
0.088267803 0.055907052 -0.994526684 56.616394043 -0.042282090 0.997734070 0.052334670 -5.935179234 0.995199084 0.037431192 0.090431690 170.340438843
0.086894870 0.056770153 -0.994598746 55.608718872 -0.042003147 0.997695982 0.053277262 -5.896679878 0.995331705 0.037146740 0.089079201 170.431091309
0.085861146 0.057777960 -0.994630456 54.601898193 -0.040919032 0.997679234 0.054422740 -5.866775513 0.995466590 0.036026504 0.088026106 170.507156372
0.084198296 0.058383103 -0.994737148 53.611953735 -0.041148253 0.997634232 0.055070195 -5.834434986 0.995599031 0.036294881 0.086401463 170.592269897
0.082956374 0.057233524 -0.994908333 52.610778809 -0.039065469 0.997768819 0.054140765 -5.796033382 0.995787203 0.034375239 0.085007131 170.674377441
0.081086934 0.056538671 -0.995102108 51.593536377 -0.039001048 0.997805178 0.053514209 -5.763318062 0.995943666 0.034470726 0.083114028 170.761535645
0.080124140 0.056780711 -0.995166540 50.598205566 -0.038686529 0.997801185 0.053816259 -5.725658417 0.996034026 0.034187540 0.082144618 170.823776245
0.078088462 0.055192567 -0.995417595 49.605361938 -0.037550591 0.997920692 0.052385591 -5.689808846 0.996239066 0.033287801 0.079998612 170.904907227
0.075575352 0.052017137 -0.995782435 48.616439819 -0.036644012 0.998108745 0.049357545 -5.656978607 0.996466577 0.032759245 0.077338576 170.978195190
0.073675931 0.047724012 -0.996139765 47.646835327 -0.034598470 0.998375356 0.045272168 -5.632594585 0.996681988 0.031129437 0.075207412 171.038162231
0.070715249 0.044810623 -0.996489584 46.656326294 -0.034525767 0.998501837 0.042451013 -5.599298954 0.996898949 0.031402629 0.072156429 171.115417480
0.069453359 0.045559227 -0.996544361 45.678039551 -0.033878837 0.998488069 0.043286927 -5.573383808 0.997009814 0.030755334 0.070891857 171.169204712
0.066738546 0.049290851 -0.996552289 44.675857544 -0.031706482 0.998379409 0.047257859 -5.552762032 0.997266650 0.028443243 0.068193197 171.239639282
0.065111339 0.051912740 -0.996526837 43.702819824 -0.031184087 0.998263955 0.049965724 -5.522336006 0.997390687 0.027822442 0.066617131 171.295852661
0.063634336 0.053188592 -0.996554852 42.724517822 -0.031871382 0.998177648 0.051240079 -5.492543221 0.997464240 0.028500952 0.065213561 171.358398438
0.063629031 0.052781697 -0.996576846 41.765747070 -0.032764506 0.998172581 0.050774273 -5.467301369 0.997435629 0.029421629 0.065242112 171.409271240
0.063502789 0.052637637 -0.996592522 40.797027588 -0.033068109 0.998170674 0.050613895 -5.435960770 0.997433603 0.029741308 0.065127254 171.474685669
0.063831091 0.053933959 -0.996502340 39.843887329 -0.035007082 0.998045027 0.051775072 -5.401497364 0.997346640 0.031579766 0.065594375 171.521911621
0.063977182 0.056997284 -0.996322453 38.886154175 -0.036243685 0.997841716 0.054756872 -5.372517586 0.997293055 0.032607198 0.065904915 171.569381714
0.063908696 0.057834316 -0.996278465 37.929580688 -0.036909021 0.997773290 0.055553470 -5.341298580 0.997272968 0.033221316 0.065901041 171.629714966
0.064153850 0.057212949 -0.996298730 36.984237671 -0.037374333 0.997792542 0.054892119 -5.306023598 0.997240007 0.033714447 0.066150546 171.681076050
0.063504040 0.056540415 -0.996378720 36.040405273 -0.037931751 0.997809172 0.054204013 -5.270922661 0.997260571 0.034352209 0.065509617 171.734390259
0.061864316 0.056757450 -0.996469557 35.104354858 -0.038100831 0.997788370 0.054467134 -5.241334915 0.997357190 0.034596734 0.063889980 171.788452148
0.059989750 0.057376292 -0.996548772 34.174301147 -0.039025936 0.997718215 0.055094361 -5.205001831 0.997435987 0.035586141 0.062092006 171.838317871
0.057630837 0.058697052 -0.996611059 33.256576538 -0.039725445 0.997614264 0.056458943 -5.174081802 0.997547388 0.036337025 0.059825122 171.897338867
0.056154609 0.059406091 -0.996653318 32.343017578 -0.040401403 0.997545898 0.057182953 -5.144195080 0.997604430 0.037055090 0.058416903 171.940338135
0.053646505 0.058889464 -0.996822119 31.436630249 -0.041195512 0.997540176 0.056714848 -5.107681751 0.997709990 0.038022034 0.055940509 171.990844727
0.051882565 0.058161438 -0.996958077 30.536651611 -0.041092183 0.997581482 0.056059334 -5.073128223 0.997807384 0.038058687 0.054147065 172.025497437
0.049931049 0.057711266 -0.997083962 29.655776978 -0.041719642 0.997578323 0.055650681 -5.039505482 0.997880995 0.038819283 0.052217841 172.052856445
0.047989964 0.057551842 -0.997188389 28.778533936 -0.041631550 0.997586429 0.055571284 -5.014123917 0.997979820 0.038847636 0.050270140 172.095703125
0.046204746 0.057854906 -0.997255266 27.899154663 -0.041926038 0.997554064 0.055929724 -4.985722065 0.998051822 0.039226737 0.048517346 172.137069702
0.044787586 0.057806373 -0.997322738 27.029235840 -0.041553747 0.997568250 0.055954516 -4.954026699 0.998131990 0.038936421 0.047080755 172.172729492
0.043467581 0.057960268 -0.997372270 26.181243896 -0.042407185 0.997522950 0.056120839 -4.924612999 0.998154521 0.039856303 0.045817852 172.197723389
0.041796744 0.059239708 -0.997368395 25.345779419 -0.043143652 0.997416615 0.057434551 -4.893200874 0.998194218 0.040629536 0.044244587 172.231506348
0.040754735 0.059567027 -0.997392118 24.517669678 -0.044425543 0.997342169 0.057748768 -4.860752106 0.998181164 0.041956145 0.043292701 172.260772705
0.040753305 0.059958633 -0.997368634 23.701049805 -0.045728829 0.997263849 0.058083817 -4.833007812 0.998122334 0.043241389 0.043383598 172.292434692
0.042517841 0.059547018 -0.997319758 22.912200928 -0.046946105 0.997238755 0.057540774 -4.806029320 0.997992277 0.044373751 0.045195937 172.316345215
0.044913828 0.058663260 -0.997267067 22.133605957 -0.048516460 0.997224450 0.056475725 -4.779855728 0.997812152 0.045847315 0.047635317 172.347137451
0.048102736 0.057568416 -0.997182071 21.362960815 -0.049014255 0.997271061 0.055209167 -4.752315521 0.997639120 0.046220422 0.050793171 172.377487183
0.050349534 0.056814454 -0.997114360 20.609497070 -0.049852356 0.997279048 0.054306533 -4.726096153 0.997486651 0.046974193 0.053044856 172.416275024
0.053537667 0.056520827 -0.996964931 19.850631714 -0.049374040 0.997325480 0.053889848 -4.701978207 0.997344434 0.046339050 0.056185126 172.447921753
0.055734873 0.055662915 -0.996892810 19.114456177 -0.048388094 0.997422159 0.052987162 -4.676465511 0.997272372 0.045284513 0.058284581 172.498626709
0.058369577 0.055037919 -0.996776879 18.380065918 -0.048071295 0.997475743 0.052261539 -4.649021626 0.997137129 0.044865854 0.060867965 172.542358398
0.060986340 0.053915050 -0.996681452 17.645355225 -0.046871785 0.997593224 0.051096313 -4.627128601 0.997037470 0.043600060 0.063366652 172.583007812
0.063018203 0.054527801 -0.996521831 16.923645020 -0.048182350 0.997508228 0.051534813 -4.604511261 0.996848762 0.044767115 0.065488458 172.629760742
0.065244436 0.055392101 -0.996330798 16.174850464 -0.046043213 0.997561753 0.052445415 -4.581859589 0.996806562 0.042452496 0.067635775 172.679611206
0.066685259 0.056653343 -0.996164382 15.462936401 -0.044762164 0.997551382 0.053735759 -4.558214664 0.996769547 0.041007090 0.069057882 172.729080200
0.067815602 0.056733433 -0.996083677 14.761367798 -0.045371432 0.997524381 0.053726505 -4.531717777 0.996665835 0.041550230 0.070221841 172.770721436
0.069447696 0.056227531 -0.995999753 14.068908691 -0.045419350 0.997553170 0.053148288 -4.499322414 0.996551156 0.041546632 0.071831584 172.808502197
0.070548356 0.056103360 -0.995929420 13.379348755 -0.044392280 0.997604489 0.053053118 -4.492870331 0.996520102 0.040468767 0.072869956 172.858123779
0.071878135 0.056334246 -0.995821238 12.704925537 -0.044524565 0.997589648 0.053220514 -4.468338490 0.996419132 0.040513117 0.074213147 172.902755737
0.073363006 0.057439167 -0.995649874 12.042053223 -0.044669174 0.997527421 0.054256100 -4.445815563 0.996304452 0.040494461 0.075747371 172.952285767
0.075158179 0.058587130 -0.995449126 11.371566772 -0.043851029 0.997501016 0.055397063 -4.422482491 0.996207058 0.039487921 0.077539504 173.005599976
0.077572405 0.060121115 -0.995172322 10.732620239 -0.043570057 0.997430921 0.056861337 -4.397822380 0.996034205 0.038948845 0.079992592 173.050537109
0.079924345 0.059621103 -0.995016217 10.097747803 -0.042912979 0.997489989 0.056322355 -4.373482704 0.995876729 0.038197588 0.082282245 173.112289429
0.082846761 0.059773304 -0.994768202 9.490158081 -0.042963367 0.997485757 0.056358509 -4.352101803 0.995635867 0.038069464 0.085206509 173.158187866
0.085942566 0.059993647 -0.994492233 8.899322510 -0.042358968 0.997502804 0.056514662 -4.333086014 0.995399296 0.037268642 0.088269234 173.212326050
0.089800775 0.060103778 -0.994144678 8.324386597 -0.040880132 0.997558653 0.056617491 -4.314116955 0.995120525 0.035556458 0.092038631 173.264083862
0.093089879 0.060103975 -0.993842065 7.767395020 -0.039550032 0.997611701 0.056627430 -4.284574986 0.994871974 0.034035034 0.095244646 173.324157715
0.097100616 0.061881248 -0.993349075 7.225982666 -0.039203297 0.997528493 0.058309458 -4.272517204 0.994502306 0.033280663 0.099286616 173.380523682
0.101988316 0.062896118 -0.992795289 6.690841675 -0.040313680 0.997440755 0.059049059 -4.255863190 0.993968368 0.034000915 0.104262888 173.433456421
0.107969522 0.063006029 -0.992155790 6.176177979 -0.039769974 0.997464538 0.059015270 -4.238279343 0.993358552 0.033086147 0.110201538 173.491882324
0.114926815 0.062364459 -0.991414547 5.677032471 -0.038860261 0.997545660 0.058245376 -4.213591576 0.992613733 0.031832658 0.117068231 173.550888062
0.122999847 0.062000565 -0.990468085 5.182144165 -0.037505560 0.997623920 0.057790931 -4.202751160 0.991697788 0.030039785 0.125032961 173.619232178
0.132337630 0.059975244 -0.989388704 4.702896118 -0.036502656 0.997785568 0.055601768 -4.180198193 0.990532458 0.028757093 0.134233832 173.690246582
0.142844439 0.058023822 -0.988042831 4.250396729 -0.036817849 0.997900665 0.053279858 -4.179835320 0.989060104 0.028766882 0.144680858 173.765502930
0.154220998 0.056017697 -0.986447215 3.800155640 -0.037364066 0.998008013 0.050832715 -4.166116714 0.987329721 0.029018197 0.156006873 173.844879150
0.167250454 0.055030070 -0.984377563 3.360382080 -0.036862634 0.998091936 0.049533617 -4.150958061 0.985225141 0.028002221 0.168959916 173.921127319
0.180376232 0.053921759 -0.982118666 2.939926147 -0.035084426 0.998213530 0.048361804 -4.138460636 0.982971907 0.025733735 0.181945801 174.014587402
0.194379747 0.052274719 -0.979532599 2.531784058 -0.032954924 0.998363316 0.046740040 -4.126476765 0.980372727 0.023195095 0.195784330 174.109939575
0.209216833 0.050845146 -0.976546586 2.136291504 -0.032666035 0.998453319 0.044987332 -4.112405777 0.977323592 0.022487795 0.210554183 174.204193115
0.225472271 0.051298428 -0.972898066 1.760437012 -0.033209618 0.998437166 0.044948600 -4.105206490 0.973683357 0.022174912 0.226823509 174.307601929
0.243493080 0.052348364 -0.968488872 1.393661499 -0.033251282 0.998405993 0.045605548 -4.097855568 0.969332457 0.021098867 0.244845569 174.411895752
0.263406277 0.051518828 -0.963308334 1.044692993 -0.031219229 0.998505116 0.044864628 -4.092776299 0.964179695 0.018256115 0.264620900 174.527114868
0.284518778 0.047972612 -0.957469404 0.713714600 -0.028278131 0.998732567 0.041636996 -4.084428787 0.958253324 0.015228938 0.285514772 174.654693604
0.307307959 0.042966180 -0.950639665 0.382270813 -0.024826111 0.999002159 0.037126627 -4.077806473 0.951286256 0.012191379 0.308067977 174.778137207
0.329465747 0.040488023 -0.943299055 0.069885254 -0.023474978 0.999122560 0.034684967 -4.081790924 0.943875730 0.010716415 0.330127060 174.912185669
0.352960169 0.039699215 -0.934795856 -0.251815796 -0.023318492 0.999162376 0.033628158 -4.071715355 0.935347795 0.009928623 0.353590250 175.054626465
0.378621459 0.041156143 -0.924636245 -0.504631042 -0.021690495 0.999131083 0.035590101 -4.076029778 0.925297499 0.006580638 0.379185140 175.179611206
0.406254888 0.043969840 -0.912701309 -0.809906006 -0.021116046 0.999026597 0.038729586 -4.066483974 0.913515806 0.003538557 0.406787932 175.337936401
0.435220838 0.046977118 -0.899097443 -1.108856201 -0.022691783 0.998892903 0.041207079 -4.055597305 0.900037885 0.002467938 0.435804963 175.500823975
0.463993073 0.047300186 -0.884575188 -1.395149231 -0.022447692 0.998880565 0.041637689 -4.052027702 0.885554433 0.000537068 0.464535415 175.684783936
0.494108856 0.046153713 -0.868174195 -1.673950195 -0.021283904 0.998932779 0.040991649 -4.056023121 0.869139552 -0.001776205 0.494563818 175.863525391
0.524979234 0.043863043 -0.849984050 -1.938903809 -0.020364661 0.999032557 0.038976718 -4.055990696 0.850871384 -0.003152332 0.525364637 176.061126709
0.556156039 0.040365670 -0.830097020 -2.199821472 -0.019774497 0.999179721 0.035339069 -4.054760456 0.830842614 -0.003239284 0.556498051 176.272979736
0.587663651 0.036935627 -0.808261991 -2.439365387 -0.021382507 0.999317586 0.030119820 -4.057796478 0.808822870 -0.000417660 0.588052332 176.481521606
0.620256186 0.031524088 -0.783765614 -2.693542480 -0.022668321 0.999495149 0.022261767 -4.049344063 0.784071684 0.003958649 0.620657682 176.703292847
0.651724815 0.029179221 -0.757893980 -2.907016754 -0.027027445 0.999518514 0.015240541 -4.047925949 0.757973790 0.010551298 0.652199686 176.927688599
0.683116019 0.026716795 -0.729821086 -3.145301819 -0.027563931 0.999561787 0.010791308 -4.043364525 0.729789615 0.012745018 0.683553100 177.185729980
0.714171350 0.023378825 -0.699580431 -3.389024734 -0.024125226 0.999670386 0.008778939 -4.035360336 0.699555039 0.010607867 0.714499950 177.469757080
0.743845344 0.020716220 -0.668030620 -3.610282898 -0.018915722 0.999771655 0.009941337 -4.041410923 0.668084025 0.005241463 0.744067430 177.776275635
0.772835970 0.020992473 -0.634258568 -3.819538116 -0.018270861 0.999774456 0.010827382 -4.044166565 0.634342790 0.003220659 0.773045182 178.083694458
0.800844729 0.022623498 -0.598444521 -4.040678024 -0.019808516 0.999740064 0.011286044 -4.052882671 0.598544300 0.002815930 0.801084757 178.410079956
0.825224817 0.019489815 -0.564468026 -4.177470207 -0.017181102 0.999808192 0.009403199 -4.042176247 0.564543009 0.001938429 0.825401366 178.756072998
0.849868119 0.017949773 -0.526689708 -4.364126205 -0.015845081 0.999838293 0.008507174 -4.048924446 0.526757240 0.001115464 0.850015044 179.121795654
0.872365534 0.017045703 -0.488556832 -4.540468216 -0.016071802 0.999851704 0.006186973 -4.050894737 0.488589853 0.002454686 0.872510135 179.504669189
0.892229617 0.015971895 -0.451299518 -4.704372406 -0.017182041 0.999851346 0.001416346 -4.054860115 0.451255083 0.006490541 0.892371416 179.902496338
0.910947084 0.016458770 -0.412194788 -4.879927158 -0.019407298 0.999807239 -0.002968074 -4.056518078 0.412066489 0.010703345 0.911090910 180.322616577
0.927335203 0.019374944 -0.373729944 -5.028669357 -0.022760971 0.999730110 -0.004648633 -4.055255413 0.373539001 0.012817296 0.927525938 180.771942139
0.942175746 0.022725977 -0.334347785 -5.172926903 -0.025939720 0.999650240 -0.005149562 -4.060139179 0.334113806 0.013524680 0.942435682 181.240203857
0.955688715 0.025078816 -0.293309003 -5.305122375 -0.027841581 0.999598563 -0.005247492 -4.070530415 0.293059647 0.013181155 0.956003308 181.739379883
0.967600644 0.024079679 -0.251334816 -5.406579971 -0.026170313 0.999645114 -0.004978533 -4.080882072 0.251125723 0.011394742 0.967887402 182.240402222
0.977286756 0.025866006 -0.210336626 -5.496146202 -0.027515596 0.999609292 -0.004919401 -4.095041752 0.210127190 0.010595203 0.977616668 182.772201538
0.984815598 0.026328536 -0.171595767 -5.570694447 -0.028332796 0.999555826 -0.009241125 -4.099764347 0.171276242 0.013962590 0.985124111 183.328308105
0.990373611 0.026985556 -0.135764122 -5.629170895 -0.029260373 0.999462426 -0.014787792 -4.108396530 0.135292083 0.018617949 0.990630805 183.891204834
0.994401276 0.024404252 -0.102813259 -5.671740055 -0.026188979 0.999528229 -0.016044768 -4.120909214 0.102373190 0.018647512 0.994571269 184.485931396
0.996958852 0.022737199 -0.074539103 -5.697525501 -0.024029670 0.999575257 -0.016488673 -4.136707783 0.074132532 0.018229678 0.997081757 185.100494385
0.998534858 0.020064756 -0.050254539 -5.713525295 -0.020982513 0.999621332 -0.017801614 -4.155928135 0.049878325 0.018829998 0.998577774 185.707122803
0.999354661 0.015529829 -0.032389250 -5.717769623 -0.016144063 0.999693096 -0.018789629 -4.171791553 0.032087512 0.019300397 0.999298692 186.351882935
0.999725282 0.012874707 -0.019584371 -5.713771343 -0.013245312 0.999733388 -0.018912978 -4.190674305 0.019335650 0.019167185 0.999629319 187.017364502
0.999911308 0.010773635 -0.007829203 -5.716737270 -0.010920354 0.999760866 -0.018945349 -4.205203056 0.007623220 0.019029167 0.999789894 187.677215576
0.999960184 0.008833664 0.001278919 -5.715476036 -0.008808943 0.999795675 -0.018193370 -4.222513676 -0.001439372 0.018181378 0.999833643 188.358795166
0.999960482 0.005668481 0.006844809 -5.697572708 -0.005555382 0.999849558 -0.016430758 -4.247333527 -0.006936917 0.016392084 0.999841571 189.075439453
0.999945581 0.003074371 0.009967942 -5.685165405 -0.002908149 0.999857187 -0.016647534 -4.264360905 -0.010017699 0.016617639 0.999811709 189.798843384
0.999941468 0.000140568 0.010817003 -5.677937508 0.000042589 0.999856651 -0.016930180 -4.283586979 -0.010817832 0.016929649 0.999798179 190.531921387
0.999950111 -0.001622266 0.009856324 -5.674340248 0.001786241 0.999859750 -0.016650571 -4.302227497 -0.009827930 0.016667346 0.999812782 191.273803711
0.999972701 -0.001130213 0.007304899 -5.665807247 0.001242427 0.999881029 -0.015375194 -4.327456474 -0.007286653 0.015383850 0.999855101 192.059661865
0.999989927 -0.000803991 0.004417066 -5.664893150 0.000869261 0.999890149 -0.014794801 -4.340554714 -0.004404686 0.014798492 0.999880791 192.847396851
0.999994934 -0.002740026 0.001616554 -5.673740387 0.002764600 0.999877572 -0.015400310 -4.368978977 -0.001574159 0.015404701 0.999880075 193.634918213
0.999986529 -0.004819732 -0.001926628 -5.668339729 0.004783653 0.999820888 -0.018311458 -4.392567158 0.002014539 0.018301995 0.999830484 194.425048828
0.999985993 -0.003184106 -0.004221440 -5.683914185 0.003094810 0.999774814 -0.020993344 -4.419315338 0.004287335 0.020979987 0.999770701 195.224288940
0.999979019 -0.002245447 -0.006074807 -5.699156761 0.002116624 0.999774516 -0.021130038 -4.442827702 0.006120883 0.021116737 0.999758303 196.027236938
0.999964118 -0.001867676 -0.008264053 -5.703865528 0.001717883 0.999834776 -0.018096019 -4.464317322 0.008296485 0.018081173 0.999802113 196.850372314
0.999958396 -0.001756663 -0.008952798 -5.707208157 0.001646000 0.999922335 -0.012353155 -4.495127678 0.008973803 0.012337904 0.999883592 197.663360596
0.999951541 -0.000262476 -0.009840157 -5.725314140 0.000166463 0.999952376 -0.009756815 -4.524083138 0.009842250 0.009754704 0.999903977 198.486160278
0.999944806 0.001880932 -0.010337446 -5.745441437 -0.001982066 0.999950171 -0.009781798 -4.548369884 0.010318532 0.009801748 0.999898732 199.296173096
0.999923170 0.004161430 -0.011676845 -5.753756046 -0.004304124 0.999916017 -0.012221877 -4.573685646 0.011625004 0.012271197 0.999857128 200.111633301
0.999903321 0.006050180 -0.012517979 -5.771915913 -0.006221089 0.999887347 -0.013659532 -4.590960026 0.012433927 0.013736088 0.999828339 200.939102173
0.999886870 0.007312030 -0.013143967 -5.789871216 -0.007494727 0.999875247 -0.013904553 -4.612726688 0.013040657 0.014001491 0.999816954 201.765686035
0.999877572 0.007367698 -0.013803737 -5.804670811 -0.007527051 0.999905229 -0.011527933 -4.635796547 0.013717495 0.011630423 0.999838293 202.599914551
0.999874413 0.006236322 -0.014570132 -5.820846081 -0.006384248 0.999928355 -0.010128307 -4.658936977 0.014505924 0.010220055 0.999842525 203.425582886
0.999857724 0.006608368 -0.015518444 -5.844313622 -0.006757285 0.999931455 -0.009563386 -4.681272984 0.015454181 0.009666887 0.999833822 204.252655029
0.999826014 0.006112126 -0.017623793 -5.853825092 -0.006270674 0.999940217 -0.008955048 -4.702312946 0.017568005 0.009064004 0.999804556 205.086990356
0.999802947 0.004032990 -0.019437514 -5.876296043 -0.004176179 0.999964416 -0.007331690 -4.721287727 0.019407254 0.007411419 0.999784172 205.909255981
0.999765158 0.003470719 -0.021392176 -5.895060539 -0.003582077 0.999980211 -0.005169427 -4.744191170 0.021373810 0.005244841 0.999757826 206.742813110
0.999727786 0.003097346 -0.023125263 -5.916756153 -0.003168091 0.999990404 -0.003023180 -4.768918037 0.023115678 0.003095620 0.999728024 207.569351196
0.999674559 0.003838419 -0.025220180 -5.942996979 -0.003898845 0.999989629 -0.002347210 -4.783211708 0.025210910 0.002444776 0.999679148 208.382629395
0.999644935 0.002960118 -0.026481131 -5.973946571 -0.003017654 0.999993145 -0.002133009 -4.797107220 0.026474636 0.002212163 0.999647021 209.197418213
0.999600053 0.002398893 -0.028177733 -6.004753590 -0.002457593 0.999994874 -0.002048776 -4.814054012 0.028172674 0.002117206 0.999600828 210.011993408
0.999534428 0.003846884 -0.030268082 -6.024203777 -0.003909661 0.999990344 -0.002015129 -4.830422401 0.030260038 0.002132528 0.999539793 210.838165283
0.999489844 0.002654062 -0.031827059 -6.056238174 -0.002792645 0.999986827 -0.004310599 -4.854853153 0.031815201 0.004397281 0.999484122 211.636108398
0.999445736 0.002309577 -0.033209525 -6.086014748 -0.002546099 0.999971688 -0.007081586 -4.870010853 0.033192229 0.007162216 0.999423325 212.431945801
0.999429226 0.003671986 -0.033581305 -6.114528656 -0.003977691 0.999951243 -0.009041142 -4.891900539 0.033546466 0.009169558 0.999395072 213.232254028
0.999430299 0.005169864 -0.033351377 -6.149550915 -0.005391122 0.999964058 -0.006547632 -4.909204483 0.033316329 0.006723704 0.999422252 214.015136719
0.999426603 0.006298988 -0.033268321 -6.174563885 -0.006413308 0.999973893 -0.003330719 -4.928585529 0.033246472 0.003542169 0.999440908 214.792144775
0.999466300 0.005350979 -0.032225657 -6.209612846 -0.005409588 0.999983847 -0.001731779 -4.949855328 0.032215871 0.001905182 0.999479115 215.549575806
0.999475300 0.004186762 -0.032118678 -6.231557846 -0.004241554 0.999989688 -0.001637973 -4.966231823 0.032111488 0.001773346 0.999482691 216.298553467
0.999461114 0.006062879 -0.032259565 -6.258728981 -0.006180660 0.999974608 -0.003552599 -4.982337475 0.032237206 0.003750070 0.999473214 217.023330688
0.999443650 0.006679499 -0.032675996 -6.287318230 -0.006874365 0.999959230 -0.005854866 -5.004879475 0.032635558 0.006076236 0.999448836 217.725860596
0.999383509 0.007524092 -0.034292452 -6.315041065 -0.007733034 0.999952316 -0.005964366 -5.020041466 0.034245942 0.006225874 0.999394059 218.420211792
0.999329805 0.007837330 -0.035756905 -6.345756054 -0.008024014 0.999954879 -0.005080395 -5.034802437 0.035715476 0.005363904 0.999347627 219.094818115
0.999243855 0.007671954 -0.038116451 -6.369515419 -0.007784295 0.999965787 -0.002799800 -5.049773216 0.038093667 0.003094393 0.999269366 219.747558594
0.999140799 0.007656666 -0.040731940 -6.404435635 -0.007676101 0.999970496 -0.000320777 -5.069323063 0.040728282 0.000633164 0.999170065 220.388748169
0.999002993 0.007639037 -0.043984722 -6.434962749 -0.007704159 0.999969482 -0.001311235 -5.081915855 0.043973364 0.001648793 0.999031365 220.992431641
0.998864830 0.007468236 -0.047045685 -6.468060017 -0.007627454 0.999965787 -0.003205712 -5.095341206 0.047020134 0.003560912 0.998887599 221.582611084
0.998749912 0.007170720 -0.049468681 -6.504187584 -0.007329664 0.999968529 -0.003032352 -5.113774300 0.049445380 0.003391150 0.998771071 222.157379150
0.998596907 0.007508559 -0.052419685 -6.541447163 -0.007712715 0.999963462 -0.003693443 -5.126290798 0.052390039 0.004092559 0.998618305 222.707901001
0.998459935 0.007574986 -0.054958414 -6.573480606 -0.007788999 0.999962866 -0.003680946 -5.138167381 0.054928493 0.004103348 0.998481870 223.240158081
0.998409867 0.007903354 -0.055814665 -6.607384682 -0.008107131 0.999961257 -0.003425478 -5.156516075 0.055785432 0.003872528 0.998435259 223.745086670
0.998500347 0.008638263 -0.054059613 -6.640310764 -0.008835128 0.999955177 -0.003403689 -5.169001579 0.054027788 0.003876208 0.998531938 224.228576660
0.998667717 0.009439265 -0.050731450 -6.651067257 -0.009626786 0.999947727 -0.003453263 -5.180750370 0.050696202 0.003937043 0.998706341 224.700881958
0.998962760 0.010402994 -0.044330865 -6.674784660 -0.010565294 0.999938309 -0.003428363 -5.191060066 0.044292465 0.003893176 0.999011040 225.156433105
0.999309063 0.010911508 -0.035528902 -6.683651924 -0.011073092 0.999929190 -0.004354383 -5.201210499 0.035478875 0.004744790 0.999359190 225.609466553
0.999660492 0.012293501 -0.022972707 -6.691838741 -0.012420237 0.999908388 -0.005382281 -5.209808826 0.022904435 0.005665781 0.999721587 226.059204102
0.999868929 0.014470030 -0.007260489 -6.683849812 -0.014511017 0.999878883 -0.005624669 -5.226441860 0.007178220 0.005729289 0.999957800 226.505859375
0.999830842 0.014767108 0.010966856 -6.673873901 -0.014704113 0.999875069 -0.005802786 -5.239252567 -0.011051176 0.005640547 0.999923050 226.963424683
0.999440312 0.012746399 0.030928701 -6.641529083 -0.012547983 0.999899507 -0.006600921 -5.252655983 -0.031009732 0.006209134 0.999499798 227.376480103
0.998459697 0.013242579 0.053878549 -6.606519222 -0.012717174 0.999868274 -0.010082842 -5.268895626 -0.054004975 0.009382128 0.998496592 227.806213379
0.996689379 0.015763849 0.079760775 -6.558676243 -0.014594266 0.999777555 -0.015225450 -5.281947136 -0.079983041 0.014010995 0.996697724 228.230758667
0.993849218 0.017640853 0.109327860 -6.498818874 -0.015634965 0.999693811 -0.019177681 -5.295133591 -0.109632693 0.017350385 0.993820727 228.644668579
0.989819527 0.016564859 0.141360730 -6.402392864 -0.013791300 0.999693155 -0.020577688 -5.315941334 -0.141658217 0.018418649 0.989744246 229.067092896
0.984134495 0.015467093 0.176748589 -6.317261696 -0.011871810 0.999700904 -0.021380708 -5.325339317 -0.177026421 0.018943166 0.984023809 229.460845947
0.977070510 0.009494150 0.212704331 -6.191514015 -0.005262104 0.999776959 -0.020453678 -5.350706577 -0.212851077 0.018865412 0.976902485 229.844711304
0.968093157 0.002934025 0.250573456 -6.058437824 0.002138988 0.999798298 -0.019970885 -5.359898090 -0.250581503 0.019869650 0.967891574 230.227325439
0.957520247 -0.002805900 0.288352430 -5.905398369 0.008753577 0.999774635 -0.019339044 -5.374369621 -0.288233191 0.021041641 0.957329035 230.592941284
0.945150375 -0.010370540 0.326470912 -5.743383408 0.016720263 0.999721587 -0.016649298 -5.391947269 -0.326207340 0.021194769 0.945060611 230.948745728
0.930764079 -0.013831856 0.365358680 -5.570416927 0.020367321 0.999693990 -0.014039760 -5.408253670 -0.365052670 0.020509081 0.930760920 231.293594360
0.913571537 -0.013319069 0.406459868 -5.396504402 0.020766053 0.999687493 -0.013916183 -5.428814411 -0.406147510 0.021153996 0.913562655 231.644592285
0.893921137 -0.008631011 0.448141187 -5.222502708 0.017599279 0.999719441 -0.015851652 -5.451014519 -0.447878659 0.022057088 0.893822253 231.975875854
0.872483611 -0.002599111 0.488636434 -5.013872147 0.014556701 0.999680281 -0.020674273 -5.464211464 -0.488426477 0.025150899 0.872242510 232.301162720
0.847767115 0.000228428 0.530368686 -4.808237076 0.016776517 0.999487936 -0.027246879 -5.471096039 -0.530103326 0.031996746 0.847329140 232.606384277
0.822354674 -0.001449687 0.568973362 -4.553245544 0.022171546 0.999318898 -0.029499050 -5.492695332 -0.568543077 0.036873702 0.821826696 232.880935669
0.794143915 -0.004146104 0.607715666 -4.287164688 0.029271394 0.999077082 -0.031434800 -5.509454727 -0.607024491 0.042752437 0.793532312 233.170257568
0.763686180 -0.000862336 0.645587087 -4.003742218 0.030517412 0.998929441 -0.034765739 -5.519596100 -0.644865990 0.046251763 0.762894869 233.456726074
0.729407430 0.009174823 0.684018016 -3.713058472 0.021683944 0.999097526 -0.036523852 -5.529191017 -0.683735788 0.041472979 0.728550196 233.750396729
0.692672968 0.021242348 0.720938981 -3.419273376 0.005195291 0.999393284 -0.034438562 -5.550233841 -0.721233130 0.027600147 0.692142367 234.048065186
0.656882644 0.025317285 0.753567696 -3.093490601 -0.000947623 0.999463022 -0.032752488 -5.575903416 -0.753992319 0.020800443 0.656553924 234.308120728
0.618521571 0.022997471 0.785431266 -2.743957520 0.004641330 0.999447227 -0.032918885 -5.596033573 -0.785754144 0.024006484 0.618072927 234.531753540
0.577507377 0.022229582 0.816082835 -2.378929138 0.013357826 0.999238074 -0.036671389 -5.610540867 -0.816276252 0.032079089 0.576770425 234.728118896
0.536542654 0.022524551 0.843572557 -2.022438049 0.021019898 0.998976827 -0.040043473 -5.626162529 -0.843611360 0.039216839 0.535520196 234.850646973
0.489883721 0.029276323 0.871296108 -1.627357483 0.015800305 0.998973668 -0.042450082 -5.638149261 -0.871644616 0.034562353 0.488918364 235.056030273
0.443000436 0.036127020 0.895793200 -1.212501526 0.005819216 0.999050856 -0.043169167 -5.654100895 -0.896502495 0.024336772 0.442369699 235.252685547
0.396102250 0.035754248 0.917510033 -0.772094727 -0.001092273 0.999259233 -0.038468365 -5.683783531 -0.918205798 0.014235233 0.395847857 235.431854248
0.350456297 0.033157311 0.935992062 -0.318695068 -0.004628942 0.999422252 -0.033671133 -5.717095375 -0.936567724 0.007467610 0.350407302 235.570648193
0.307588637 0.030669589 0.951025069 0.138122559 0.000309540 0.999477148 -0.032332234 -5.744607925 -0.951519430 0.010239408 0.307418287 235.665328979
0.268179953 0.031873621 0.962841511 0.649078369 0.005346605 0.999387860 -0.034572635 -5.769746304 -0.963354111 0.014419623 0.267845392 235.771728516
0.229905784 0.034263831 0.972609639 1.127471924 0.008498577 0.999271274 -0.037211988 -5.802801609 -0.973175883 0.016821053 0.229447067 235.864334106
0.196132183 0.036816187 0.979886174 1.653244019 0.009262510 0.999180794 -0.039395094 -5.818951130 -0.980533779 0.016802857 0.195630491 235.956359863
0.166652501 0.036573779 0.985337257 2.203201294 0.009540557 0.999205232 -0.038702156 -5.833173752 -0.985969663 0.015850483 0.166171134 236.045684814
0.139900982 0.030949252 0.989681840 2.767990112 0.012653754 0.999373913 -0.033041079 -5.860568523 -0.990084767 0.017145673 0.139421761 236.109115601
0.113627434 0.028286414 0.993120790 3.343231201 0.009205653 0.999521732 -0.029521992 -5.883644104 -0.993480921 0.012496836 0.113312721 236.167098999
0.087881029 0.027724301 0.995745122 3.928878784 0.008880256 0.999551117 -0.028614013 -5.906764030 -0.996091425 0.011357101 0.087595403 236.201751709
0.063771248 0.029479474 0.997529149 4.535949707 0.003732457 0.999549568 -0.029777801 -5.938983440 -0.997957647 0.005622203 0.063632488 236.239227295
0.043662548 0.032413106 0.998520315 5.193847656 0.008418392 0.999426126 -0.032810621 -5.958007812 -0.999010801 0.009838531 0.043364644 236.251754761
0.023702621 0.033452369 0.999159336 5.838928223 0.014653600 0.999320984 -0.033805411 -5.978598118 -0.999611795 0.015442560 0.023196340 236.253433228
0.005655825 0.030836267 0.999508440 6.506896973 0.015775984 0.999397278 -0.030922107 -6.000959396 -0.999859512 0.015943119 0.005165935 236.256729126
-0.010538936 0.026527217 0.999592662 7.181030273 0.013838523 0.999556184 -0.026380349 -6.028538704 -0.999848783 0.013554864 -0.010901451 236.249267578
-0.024296045 0.023038907 0.999439418 7.859268188 0.011843881 0.999670863 -0.022756325 -6.060834885 -0.999634802 0.011284352 -0.024560928 236.221252441
-0.034541845 0.022565149 0.999148607 8.561767578 0.014194801 0.999655306 -0.022085864 -6.088650227 -0.999302626 0.013419830 -0.034850240 236.192535400
-0.041393757 0.024877047 0.998833239 9.267120361 0.019606778 0.999517739 -0.024081552 -6.106903076 -0.998950541 0.018587077 -0.041861534 236.153442383
-0.045614362 0.027248897 0.998587489 9.988830566 0.025319222 0.999338329 -0.026112832 -6.124889374 -0.998638272 0.024092337 -0.046274066 236.107208252
-0.048870802 0.025271807 0.998485506 10.739364624 0.025929403 0.999375045 -0.024025215 -6.146672726 -0.998468637 0.024716001 -0.049495578 236.067733765
-0.051717162 0.022047244 0.998418391 11.514587402 0.022203125 0.999534547 -0.020921791 -6.183712006 -0.998414934 0.021085992 -0.052182555 236.039855957
-0.053376555 0.021467416 0.998343825 12.291870117 0.022264538 0.999545932 -0.020302895 -6.206989765 -0.998326361 0.021143965 -0.053830385 236.002166748
-0.054327369 0.021786455 0.998285532 13.080444336 0.021030437 0.999565125 -0.020669894 -6.230515003 -0.998301744 0.019871440 -0.054762006 235.965591431
-0.055544734 0.020975202 0.998235941 13.875045776 0.023484051 0.999530196 -0.019695681 -6.255708218 -0.998180091 0.022348631 -0.056011200 235.916061401
-0.056308270 0.018174419 0.998248100 14.683349609 0.024873855 0.999549508 -0.016795058 -6.274270058 -0.998103678 0.023884576 -0.056734920 235.875152588
-0.054730415 0.015346475 0.998383403 15.488861084 0.026866745 0.999542475 -0.013891490 -6.297865868 -0.998139799 0.026063025 -0.055117607 235.834228516
-0.051360965 0.014551854 0.998574197 16.294784546 0.026789648 0.999554098 -0.013188229 -6.324329376 -0.998320818 0.026074091 -0.051727891 235.798950195
-0.047844291 0.016316913 0.998721540 17.098602295 0.027816471 0.999500513 -0.014997075 -6.351161480 -0.998467386 0.027063383 -0.048274279 235.764572144
-0.044192910 0.017639624 0.998867393 17.891952515 0.029122738 0.999441922 -0.016361296 -6.374404907 -0.998598576 0.028366700 -0.044682026 235.721359253
-0.041691184 0.015722815 0.999006987 18.700714111 0.028960433 0.999475062 -0.014521596 -6.408475876 -0.998710930 0.028326252 -0.042124629 235.695816040
-0.038300514 0.014987686 0.999153972 19.511444092 0.028206974 0.999505281 -0.013911704 -6.431666851 -0.998868227 0.027650282 -0.038704395 235.675552368
-0.035091519 0.014567355 0.999278128 20.314102173 0.028176291 0.999510705 -0.013581289 -6.459294319 -0.998987019 0.027679360 -0.035484791 235.651779175
-0.032238722 0.017825980 0.999321342 21.126159668 0.027622029 0.999474943 -0.016937623 -6.486982346 -0.999098599 0.027057236 -0.032714248 235.639190674
-0.029576778 0.020476744 0.999352813 21.931503296 0.026457716 0.999455869 -0.019695818 -6.508456230 -0.999212384 0.025858052 -0.030102491 235.616714478
-0.027048349 0.018862728 0.999456227 22.788085938 0.024110287 0.999543428 -0.018211875 -6.536301613 -0.999343395 0.023604574 -0.027490854 235.584548950
-0.025184989 0.015444384 0.999563575 23.616699219 0.019869383 0.999690890 -0.014945725 -6.564888477 -0.999485373 0.019484304 -0.025484085 235.575164795
-0.023564458 0.013891909 0.999625862 24.445281982 0.016606599 0.999770939 -0.013502456 -6.592201233 -0.999584436 0.016282208 -0.023789763 235.566787720
-0.022185326 0.015497049 0.999633968 25.267242432 0.015154999 0.999770164 -0.015162825 -6.615211487 -0.999639213 0.014813058 -0.022415161 235.554595947
-0.021006823 0.017812090 0.999620736 26.090209961 0.012600106 0.999766588 -0.017549902 -6.636727333 -0.999700010 0.012226660 -0.021226406 235.552398682
-0.020466089 0.017873367 0.999630749 26.941741943 0.012892138 0.999761760 -0.017611761 -6.673624992 -0.999707401 0.012526933 -0.020691633 235.543395996
-0.019817233 0.017100684 0.999657393 27.773376465 0.011946055 0.999786377 -0.016866073 -6.703300476 -0.999732316 0.011607724 -0.020017266 235.531311035
-0.020106912 0.016032355 0.999669373 28.603164673 0.011337275 0.999810815 -0.015806591 -6.729577065 -0.999733627 0.011015703 -0.020284891 235.520141602
-0.020615458 0.014508133 0.999682307 29.439147949 0.011930098 0.999827087 -0.014264214 -6.759026527 -0.999716401 0.011632245 -0.020784974 235.507141113
-0.021002173 0.014228286 0.999678195 30.261520386 0.012074240 0.999829412 -0.013976773 -6.792097092 -0.999706566 0.011776812 -0.021170378 235.488449097
-0.021719337 0.014435966 0.999660075 31.089111328 0.012515561 0.999821305 -0.014166378 -6.818580627 -0.999685943 0.012203622 -0.021896124 235.473632812
-0.022429347 0.014016830 0.999650300 31.923431396 0.012134134 0.999831855 -0.013747124 -6.841292381 -0.999674916 0.011821551 -0.022595644 235.461532593
-0.023432136 0.013984706 0.999627650 32.751144409 0.009929199 0.999856114 -0.013755154 -6.867674828 -0.999676168 0.009603187 -0.023567677 235.447555542
-0.025437236 0.012834243 0.999594092 33.573425293 0.006440114 0.999898911 -0.012674274 -6.896486282 -0.999655724 0.006115102 -0.025517344 235.433898926
-0.027989149 0.013017805 0.999523461 34.401824951 0.003940972 0.999908864 -0.012912468 -6.920352936 -0.999600470 0.003577686 -0.028037906 235.420715332
-0.030532479 0.012647957 0.999453962 35.222625732 0.003333051 0.999915659 -0.012551981 -6.946174622 -0.999528408 0.002947991 -0.030572057 235.403747559
-0.032276869 0.010167062 0.999427319 36.038482666 0.000830882 0.999948204 -0.010145528 -6.973328114 -0.999478638 0.000502941 -0.032283664 235.379287720
-0.034630179 0.006362094 0.999380052 36.860671997 -0.000927848 0.999979079 -0.006398060 -6.995414257 -0.999399841 -0.001148839 -0.034623623 235.359130859
-0.036365628 0.002499855 0.999335468 37.683090210 -0.002889314 0.999992430 -0.002606640 -7.013620853 -0.999334395 -0.002982186 -0.036358118 235.341751099
-0.037217021 0.001850339 0.999305606 38.487518311 -0.002470579 0.999995053 -0.001943627 -7.038230896 -0.999304235 -0.002541199 -0.037212253 235.316696167
-0.038017750 0.005044890 0.999264419 39.287094116 -0.000931115 0.999986649 -0.005083961 -7.059333324 -0.999276698 -0.001123711 -0.038012505 235.283493042
-0.038167000 0.009237124 0.999228835 40.090042114 -0.000174612 0.999957204 -0.009250527 -7.078701019 -0.999271512 -0.000527540 -0.038163781 235.257354736
-0.038524389 0.012247748 0.999182642 40.892059326 0.000684930 0.999924958 -0.012230439 -7.099055290 -0.999257445 0.000213201 -0.038529873 235.234069824
-0.038171768 0.013069168 0.999185920 41.688339233 0.001481668 0.999914110 -0.013022091 -7.122734070 -0.999270320 0.000983388 -0.038187861 235.207305908
-0.038462639 0.012794734 0.999178112 42.486145020 0.001535421 0.999917626 -0.012745098 -7.146510124 -0.999258876 0.001043949 -0.038479090 235.173675537
-0.039884686 0.012739351 0.999123156 43.276458740 -0.000928183 0.999917805 -0.012786537 -7.170727730 -0.999203920 -0.001437355 -0.039869547 235.153991699
-0.041441798 0.011727937 0.999072194 44.061096191 -0.002083661 0.999927938 -0.011824414 -7.193266869 -0.999138892 -0.002571753 -0.041414380 235.131637573
-0.042889714 0.009238238 0.999037206 44.857223511 -0.002279906 0.999953747 -0.009344593 -7.215209007 -0.999077320 -0.002678496 -0.042866588 235.105407715
-0.044778228 0.006354183 0.998976886 45.654647827 -0.002849961 0.999974906 -0.006488278 -7.244663239 -0.998993039 -0.003137578 -0.044759035 235.070159912
-0.046492815 0.006074770 0.998900294 46.440841675 -0.004241399 0.999971271 -0.006278696 -7.265729904 -0.998909771 -0.004528647 -0.046465755 235.042312622
-0.047549605 0.007830632 0.998838246 47.220382690 -0.004285973 0.999958456 -0.008043448 -7.285929203 -0.998859704 -0.004663456 -0.047514081 235.013702393
-0.047388077 0.009696509 0.998829544 48.006057739 -0.002786950 0.999947727 -0.009839587 -7.305937290 -0.998872697 -0.003249966 -0.047358632 234.978179932
-0.047181487 0.009768655 0.998838544 48.774215698 -0.001592356 0.999950171 -0.009854743 -7.335829258 -0.998885036 -0.002055468 -0.047163606 234.941345215
-0.046923161 0.007898857 0.998867452 49.542861938 -0.001014354 0.999967813 -0.007955210 -7.355416775 -0.998898149 -0.001386487 -0.046913624 234.913375854
-0.045970440 0.006360604 0.998922646 50.308441162 -0.003080545 0.999974072 -0.006509066 -7.372213840 -0.998938203 -0.003376449 -0.045949697 234.888885498
-0.046103120 0.004602072 0.998926163 51.074783325 -0.005251887 0.999974430 -0.004849291 -7.387547493 -0.998922944 -0.005469814 -0.046077847 234.871932983
-0.044927478 0.002789517 0.998986483 51.843688965 -0.006831697 0.999971867 -0.003099511 -7.410690784 -0.998966992 -0.006964025 -0.044907212 234.838317871
-0.044503450 0.003718214 0.999002278 52.595520020 -0.005430220 0.999977410 -0.003963748 -7.433766365 -0.998994410 -0.005601203 -0.044482231 234.808227539
-0.044753671 0.005663371 0.998982131 53.353866577 -0.005723121 0.999966085 -0.005925340 -7.447927952 -0.998981774 -0.005982474 -0.044719696 234.782638550
-0.044955969 0.009762694 0.998941243 54.111312866 -0.008659481 0.999910891 -0.010161879 -7.466237068 -0.998951435 -0.009107150 -0.044867396 234.759246826
-0.045936823 0.008341275 0.998909533 54.854660034 -0.007337676 0.999935329 -0.008687278 -7.487538815 -0.998917401 -0.007728740 -0.045872688 234.732742310
-0.045103312 0.005098105 0.998969316 55.612060547 -0.003988327 0.999978065 -0.005283326 -7.504589558 -0.998974383 -0.004222512 -0.045081973 234.694000244
-0.045827270 0.006148659 0.998930454 56.340148926 -0.003906233 0.999972284 -0.006334276 -7.535118103 -0.998941779 -0.004192338 -0.045801997 234.660400391
-0.046779871 0.012924309 0.998821735 57.066864014 -0.007654911 0.999882281 -0.013296550 -7.564198017 -0.998876035 -0.008267898 -0.046675444 234.637847900
-0.045752645 0.025435733 0.998629034 57.787963867 -0.004844544 0.999658346 -0.025683910 -7.580466270 -0.998941183 -0.006013006 -0.045613766 234.610076904
-0.044804573 0.032435566 0.998469174 58.509277344 0.001515713 0.999473810 -0.032400191 -7.605525970 -0.998994708 0.000061720 -0.044830084 234.573638916
-0.043859601 0.027881736 0.998648584 59.256332397 0.002614750 0.999610245 -0.027793748 -7.634338379 -0.999034286 0.001392197 -0.043915391 234.535995483
-0.042689681 0.020748315 0.998872876 59.976501465 -0.000533822 0.999783695 -0.020790048 -7.673185349 -0.999088228 -0.001420744 -0.042669415 234.525756836
-0.040096998 0.015626758 0.999073565 60.690505981 -0.001491245 0.999875665 -0.015699154 -7.709835052 -0.999194682 -0.002119354 -0.040068746 234.488708496
-0.037950516 0.013660992 0.999186218 61.407897949 -0.000266961 0.999906361 -0.013680977 -7.733232021 -0.999279559 -0.000785944 -0.037943244 234.465972900
-0.036306739 0.013699806 0.999246776 62.120407104 0.000033057 0.999906063 -0.013707643 -7.750252247 -0.999340713 -0.000464650 -0.036303878 234.443466187
-0.036014557 0.011998975 0.999279380 62.827392578 -0.005312434 0.999911487 -0.012198028 -7.775725365 -0.999337316 -0.005747910 -0.035947680 234.432418823
-0.036013961 0.012132475 0.999277771 63.540481567 -0.010740333 0.999863863 -0.012526672 -7.799121857 -0.999293685 -0.011183709 -0.035878778 234.418518066
-0.036762834 0.013533982 0.999232411 64.248275757 -0.013274941 0.999813437 -0.014030252 -7.819975376 -0.999235868 -0.013780542 -0.036576271 234.403137207
-0.038048148 0.013993957 0.999177933 64.958114624 -0.013167230 0.999808133 -0.014504184 -7.847004890 -0.999189198 -0.013708263 -0.037856579 234.380416870
-0.039872527 0.013748812 0.999110162 65.654769897 -0.014796859 0.999787569 -0.014348648 -7.865825653 -0.999095201 -0.015355810 -0.039660573 234.358154297
-0.041197658 0.013236774 0.999063551 66.347640991 -0.015079509 0.999790132 -0.013868222 -7.885915279 -0.999037445 -0.015636720 -0.040989399 234.338226318
-0.042542219 0.011354539 0.999030232 67.029388428 -0.013273912 0.999840736 -0.011929001 -7.908921242 -0.999006569 -0.013768523 -0.042384624 234.309692383
-0.043537855 0.011107642 0.998990059 67.705688477 -0.011309583 0.999868631 -0.011610303 -7.932038784 -0.998987794 -0.011803648 -0.043406487 234.275131226
-0.044414997 0.010311660 0.998960137 68.375015259 -0.012084883 0.999868035 -0.010858340 -7.958965778 -0.998940229 -0.012554584 -0.044284463 234.247955322
-0.043693066 0.009497706 0.998999834 69.043441772 -0.013729104 0.999854684 -0.010106300 -7.977886677 -0.998950660 -0.014156948 -0.043556333 234.225906372
-0.042728662 0.010381529 0.999032855 69.704574585 -0.014620018 0.999832451 -0.011015136 -8.000128746 -0.998979807 -0.015076539 -0.042569757 234.205032349
-0.041806698 0.012566949 0.999046803 70.349243164 -0.016057389 0.999783278 -0.013248160 -8.019187927 -0.998996794 -0.016595941 -0.041595936 234.183197021
-0.041146874 0.014979931 0.999040842 71.007461548 -0.017580276 0.999721944 -0.015714211 -8.045787811 -0.998998463 -0.018210003 -0.040872097 234.166046143
-0.041037440 0.017098943 0.999011397 71.661132812 -0.016668841 0.999702692 -0.017795499 -8.065649033 -0.999018669 -0.017382640 -0.040740132 234.146148682
-0.040907264 0.017566400 0.999008656 72.314620972 -0.015501963 0.999713957 -0.018213576 -8.086346626 -0.999042809 -0.016231658 -0.040623307 234.123077393
-0.040712595 0.016474338 0.999035239 72.946258545 -0.016398486 0.999718368 -0.017153872 -8.109760284 -0.999036491 -0.017081039 -0.040431023 234.102172852
-0.040318966 0.014486417 0.999081969 73.601242065 -0.018937167 0.999704242 -0.015259667 -8.133228302 -0.999007523 -0.019535031 -0.040032744 234.082672119
-0.040161848 0.013286103 0.999104977 74.229675293 -0.018947817 0.999721646 -0.014055964 -8.154319763 -0.999013662 -0.019495368 -0.039898992 234.059478760
-0.041268587 0.012345847 0.999071777 74.887863159 -0.016825382 0.999773264 -0.013049521 -8.180191040 -0.999006391 -0.017348301 -0.041051507 234.044692993
-0.043632746 0.012579268 0.998968482 75.520797729 -0.014347879 0.999809742 -0.013216544 -8.199499130 -0.998944640 -0.014909752 -0.043443918 234.015579224
-0.046823502 0.012415588 0.998826146 76.149169922 -0.015680749 0.999790430 -0.013162665 -8.218942642 -0.998780191 -0.016278662 -0.046618938 233.991027832
-0.049679279 0.011241151 0.998701990 76.768569946 -0.018351091 0.999757588 -0.012165885 -8.243040085 -0.998596609 -0.018931663 -0.049460888 233.963470459
-0.051823020 0.009710792 0.998609066 77.395156860 -0.018247498 0.999776602 -0.010669102 -8.263391495 -0.998489559 -0.018775022 -0.051634192 233.938018799
-0.054839253 0.012435027 0.998417795 78.033905029 -0.014632040 0.999805093 -0.013255985 -8.283638000 -0.998387992 -0.015335836 -0.054646611 233.898925781
-0.060182333 0.015684769 0.998064160 78.660766602 -0.014159970 0.999762535 -0.016565291 -8.304899216 -0.998086989 -0.015129496 -0.059945941 233.860610962
-0.067253590 0.018873492 0.997557402 79.293960571 -0.014570242 0.999695897 -0.019896250 -8.321324348 -0.997629523 -0.015872747 -0.066958070 233.821289062
-0.073056340 0.020224677 0.997122824 79.954147339 -0.016930377 0.999625146 -0.021515874 -8.342202187 -0.997184217 -0.018453533 -0.072686553 233.776977539
-0.078269005 0.020215953 0.996727288 80.616195679 -0.017853275 0.999605596 -0.021676278 -8.355383873 -0.996772408 -0.019491429 -0.077877283 233.726440430
-0.084032774 0.018544542 0.996290505 81.279861450 -0.016224248 0.999668837 -0.019975869 -8.385598183 -0.996330976 -0.017842690 -0.083703995 233.679199219
-0.089771867 0.019295949 0.995775402 81.962295532 -0.014462018 0.999681652 -0.020675434 -8.414633751 -0.995857298 -0.016256994 -0.089464188 233.609268188
-0.095798016 0.019967148 0.995200634 82.644775391 -0.013871859 0.999674916 -0.021392222 -8.435456276 -0.995304227 -0.015854612 -0.095489860 233.544372559
-0.101638198 0.019524019 0.994629860 83.341369629 -0.016390616 0.999638796 -0.021297248 -8.447773933 -0.994686425 -0.018467208 -0.101281524 233.476104736
-0.107536554 0.016128648 0.994070292 84.053970337 -0.016976571 0.999692857 -0.018056367 -8.473499298 -0.994056165 -0.018817626 -0.107229710 233.402313232
-0.112575531 0.014678879 0.993534923 84.767623901 -0.015314410 0.999746501 -0.016505897 -8.494609833 -0.993525326 -0.017073557 -0.112322211 233.331726074
-0.117985368 0.013921094 0.992917776 85.496765137 -0.011834931 0.999810994 -0.015424048 -8.528040886 -0.992944837 -0.013570924 -0.117798328 233.233154297
-0.123959303 0.017445784 0.992133975 86.241317749 -0.013035303 0.999730527 -0.019208020 -8.545278549 -0.992201746 -0.015313776 -0.123698473 233.146087646
-0.129513621 0.021074295 0.991353869 86.989181519 -0.009834317 0.999697626 -0.022536455 -8.567945480 -0.991529047 -0.012668059 -0.129267216 233.055603027
-0.133459449 0.022250958 0.990804613 87.746139526 -0.008208017 0.999688804 -0.023556080 -8.595045090 -0.991020441 -0.011276320 -0.133235335 232.948730469
-0.137818456 0.021291172 0.990228653 88.512634277 -0.004954729 0.999741614 -0.022185303 -8.621812820 -0.990445137 -0.007963857 -0.137677312 232.834625244
-0.141790152 0.017989261 0.989733338 89.300842285 -0.003370603 0.999820292 -0.018655477 -8.644497871 -0.989891052 -0.005981160 -0.141704082 232.721008301
-0.144948244 0.015520935 0.989317477 90.109130859 -0.001486126 0.999872386 -0.015904265 -8.667479515 -0.989438117 -0.003775547 -0.144906759 232.605972290
-0.146652341 0.012919939 0.989103854 90.929992676 0.001887259 0.999916553 -0.012781358 -8.692122459 -0.989186406 -0.000007720 -0.146664500 232.481384277
-0.147665739 0.011507298 0.988970459 91.757629395 0.004600818 0.999929488 -0.010947854 -8.709420204 -0.989026725 0.002933450 -0.147708297 232.355331421
-0.148483634 0.011647572 0.988846421 92.597656250 0.005523962 0.999924779 -0.010948597 -8.729281425 -0.988899589 0.003836663 -0.148536801 232.239089966
-0.148271918 0.013916939 0.988848686 93.465332031 0.007321548 0.999889016 -0.012974498 -8.756645203 -0.988919556 0.005316150 -0.148357391 232.117279053
-0.147395730 0.016505787 0.988939881 94.333145142 0.011136231 0.999825060 -0.015027676 -8.783972740 -0.989014924 0.008798048 -0.147553802 231.968994141
-0.145622134 0.019592287 0.989146411 95.218109131 0.014076320 0.999743700 -0.017729880 -8.798389435 -0.989240289 0.011341681 -0.145860553 231.834350586
-0.144614339 0.018191263 0.989320874 96.118194580 0.018684167 0.999702930 -0.015651001 -8.822790146 -0.989311695 0.016221277 -0.144911170 231.708343506
-0.141104460 0.018425146 0.989823282 97.031585693 0.024286823 0.999590337 -0.015144744 -8.849200249 -0.989696860 0.021902673 -0.141494155 231.572845459
-0.137157559 0.017412806 0.990396321 97.958526611 0.026627963 0.999548972 -0.013886086 -8.873721123 -0.990191400 0.024467653 -0.137559414 231.451416016
-0.132542729 0.016362386 0.991042256 98.898666382 0.030236425 0.999465168 -0.012457609 -8.902289391 -0.990716040 0.028314410 -0.132966518 231.311569214
-0.127445698 0.014492875 0.991739631 99.846084595 0.030116180 0.999488771 -0.010735970 -8.923396111 -0.991388202 0.028499156 -0.127817035 231.195220947
-0.122839451 0.015280523 0.992309153 100.802597046 0.030242959 0.999474704 -0.011647055 -8.947761536 -0.991965830 0.028579645 -0.123237014 231.087646484
-0.118199706 0.017062731 0.992843211 101.777099609 0.029188998 0.999480009 -0.013701789 -8.969559669 -0.992560685 0.027360551 -0.118636250 230.986663818
-0.113018632 0.017158702 0.993444860 102.751358032 0.030929856 0.999427080 -0.013743317 -8.995605469 -0.993111491 0.029173855 -0.113484502 230.879730225
-0.107730627 0.014672950 0.994071901 103.746490479 0.031396229 0.999442577 -0.011349722 -9.019725800 -0.993684292 0.029987395 -0.108131170 230.756469727
-0.102908492 0.013980618 0.994592607 104.740951538 0.029749738 0.999497175 -0.010971416 -9.048327446 -0.994245887 0.028459817 -0.103272676 230.660964966
-0.099482536 0.019624183 0.994845927 105.734008789 0.029109469 0.999434948 -0.016803823 -9.073192596 -0.994613528 0.027287748 -0.099997520 230.565612793
-0.097401261 0.027124995 0.994875550 106.715927124 0.029060716 0.999279797 -0.024399951 -9.112025261 -0.994820893 0.026535213 -0.098119378 230.477706909
-0.095917106 0.029664775 0.994947314 107.711761475 0.029562229 0.999199808 -0.026941648 -9.146093369 -0.994950354 0.026828693 -0.096717358 230.375930786
-0.094768882 0.026245054 0.995153368 108.714950562 0.030466050 0.999260664 -0.023452083 -9.184137344 -0.995033085 0.028095864 -0.095498443 230.286743164
-0.093093157 0.020550078 0.995445371 109.717742920 0.032229617 0.999325216 -0.017616093 -9.220458031 -0.995135725 0.030442888 -0.093692660 230.187438965
-0.092640638 0.016680352 0.995559931 110.740951538 0.035249934 0.999287844 -0.013462676 -9.256269455 -0.995075524 0.033846233 -0.093162537 230.104110718
-0.091456890 0.013559395 0.995716870 111.762619019 0.036330715 0.999287009 -0.010271033 -9.285385132 -0.995146215 0.035235744 -0.091884255 230.010345459
-0.090960383 0.012186875 0.995779991 112.763687134 0.035902742 0.999315202 -0.008950573 -9.313499451 -0.995207191 0.034937080 -0.091335654 229.921325684
-0.090373635 0.012693307 0.995827079 113.760879517 0.035247978 0.999333084 -0.009539165 -9.340857506 -0.995284021 0.034238804 -0.090760708 229.839538574
-0.089557528 0.016730348 0.995841205 114.761550903 0.035207346 0.999287188 -0.013621993 -9.369398117 -0.995359242 0.033840969 -0.090082765 229.764526367
-0.087861776 0.019108731 0.995949566 115.772308350 0.035302013 0.999247670 -0.016057707 -9.396455765 -0.995507121 0.033748161 -0.088470340 229.661285400
-0.086931705 0.018595804 0.996040821 116.766693115 0.035968397 0.999232471 -0.015516174 -9.426666260 -0.995564878 0.034477141 -0.087533832 229.576690674
-0.085881710 0.016753456 0.996164501 117.772888184 0.035454325 0.999276698 -0.013749198 -9.457246780 -0.995674312 0.034137536 -0.086413503 229.499298096
-0.084180355 0.018228458 0.996283948 118.777313232 0.033482321 0.999319792 -0.015454944 -9.494050980 -0.995887995 0.032056894 -0.084733486 229.427322388
-0.082157612 0.021469299 0.996388078 119.775253296 0.032851201 0.999283016 -0.018822916 -9.531874657 -0.996077716 0.031186098 -0.082803965 229.340332031
-0.079300523 0.022578750 0.996595025 120.760345459 0.033083282 0.999252319 -0.020006469 -9.563990593 -0.996301591 0.031384110 -0.079988122 229.255859375
-0.077473998 0.018806947 0.996816993 121.761260986 0.032702312 0.999332011 -0.016312731 -9.598771095 -0.996457934 0.031334408 -0.078037262 229.193969727
-0.074567556 0.014298231 0.997113645 122.758834839 0.031149440 0.999442697 -0.012002176 -9.636526108 -0.996729553 0.030164555 -0.074971318 229.124908447
-0.072099566 0.012466972 0.997319698 123.757553101 0.031567097 0.999449492 -0.010211512 -9.663396835 -0.996897995 0.030746238 -0.072453380 229.067626953
-0.069762707 0.013866639 0.997467399 124.747879028 0.031468626 0.999436319 -0.011693108 -9.689277649 -0.997067332 0.030573184 -0.070159674 229.006011963
-0.067625880 0.013526407 0.997619033 125.726615906 0.028011374 0.999539673 -0.011653633 -9.727441788 -0.997317433 0.027156593 -0.067973614 228.946563721
-0.065984130 0.012221348 0.997745991 126.706611633 0.024358621 0.999646723 -0.010633722 -9.753032684 -0.997523487 0.023602057 -0.066258550 228.893280029
-0.064195991 0.009388004 0.997893214 127.682937622 0.018627007 0.999792814 -0.008207573 -9.774953842 -0.997763515 0.018060869 -0.064357638 228.844909668
-0.063351631 0.007729112 0.997961521 128.663391113 0.013696311 0.999882579 -0.006874538 -9.811408043 -0.997897446 0.013232877 -0.063449979 228.788421631
-0.063641548 0.010744028 0.997915089 129.626785278 0.012907660 0.999867260 -0.009941868 -9.831827164 -0.997889459 0.012248032 -0.063771844 228.736511230
-0.063823819 0.013414156 0.997871041 130.599746704 0.012110719 0.999846458 -0.012666110 -9.863077164 -0.997887731 0.011276538 -0.063976407 228.673797607
-0.064251184 0.017309602 0.997783661 131.550186157 0.011453407 0.999796510 -0.016606992 -9.901430130 -0.997868061 0.010361003 -0.064436316 228.624191284
-0.064284563 0.020277360 0.997725606 132.507293701 0.012137534 0.999735475 -0.019536175 -9.933570862 -0.997857809 0.010854055 -0.064513564 228.571105957
-0.064481735 0.022016240 0.997676075 133.471099854 0.014477430 0.999671996 -0.021124583 -9.966627121 -0.997813940 0.013081634 -0.064779401 228.510086060
-0.064812541 0.017279239 0.997747779 134.416473389 0.013181064 0.999777675 -0.016458165 -9.999682426 -0.997810364 0.012084682 -0.065025806 228.446289062
-0.066729665 0.013493950 0.997679889 135.363265991 0.011141738 0.999856293 -0.012778173 -10.038066864 -0.997708917 0.010263204 -0.066870451 228.397552490
-0.067665935 0.011946364 0.997636497 136.304809570 0.009795609 0.999888062 -0.011308926 -10.066692352 -0.997659922 0.009007228 -0.067775488 228.331863403
-0.070492387 0.011591001 0.997445047 137.246368408 0.006569729 0.999916196 -0.011155417 -10.098184586 -0.997490764 0.005766572 -0.070562601 228.280639648
-0.074199557 0.011728816 0.997174442 138.181259155 0.004777655 0.999923527 -0.011405646 -10.127950668 -0.997231960 0.003917862 -0.074249983 228.220520020
-0.077781558 0.010917704 0.996910691 139.118942261 0.004072615 0.999935150 -0.010633071 -10.156023026 -0.996962130 0.003232977 -0.077820897 228.151580811
-0.082076550 0.010121814 0.996574700 140.059051514 0.003348357 0.999945581 -0.009880285 -10.185712814 -0.996620476 0.002525949 -0.082105994 228.080001831
-0.086453676 0.010230931 0.996203363 140.979583740 0.002150088 0.999946833 -0.010082786 -10.211245537 -0.996253610 0.001270231 -0.086471081 228.004669189
-0.090294361 0.010501346 0.995859861 141.912719727 0.001400260 0.999944746 -0.010417460 -10.240081787 -0.995914280 0.000453826 -0.090304017 227.923294067
-0.094440222 0.013274697 0.995442092 142.838180542 -0.001913487 0.999906838 -0.013515774 -10.264618874 -0.995528758 -0.003181198 -0.094406009 227.845397949
-0.099990606 0.014540967 0.994882166 143.764038086 0.000834979 0.999894083 -0.014530300 -10.291097641 -0.994988084 -0.000622187 -0.099992156 227.760299683
-0.105184436 0.014756096 0.994343221 144.693542480 0.001282605 0.999891102 -0.014702749 -10.316699982 -0.994451880 -0.000271151 -0.105191946 227.658981323
-0.112772465 0.013764061 0.993525565 145.614822388 0.000072223 0.999904156 -0.013844232 -10.344665527 -0.993620872 -0.001489492 -0.112762690 227.559539795
-0.121383667 0.012911772 0.992521763 146.546508789 0.000221362 0.999915719 -0.012980890 -10.375372887 -0.992605686 -0.001355961 -0.121376395 227.452743530
-0.129626632 0.009369466 0.991518736 147.489578247 0.000102747 0.999955475 -0.009435759 -10.400952339 -0.991563022 -0.001121249 -0.129621863 227.327026367
-0.138942122 0.007282102 0.990273952 148.430099487 0.001216085 0.999973476 -0.007182805 -10.426217079 -0.990299940 0.000206265 -0.138947248 227.200027466
-0.147717357 0.006163228 0.989010453 149.338195801 0.000479123 0.999980927 -0.006160032 -10.450106621 -0.989029586 -0.000436086 -0.147717476 227.058700562
-0.157243967 0.006126397 0.987540960 150.262710571 -0.000128183 0.999980628 -0.006223980 -10.471900940 -0.987559915 -0.001105269 -0.157240152 226.917877197
-0.166389465 0.005826720 0.986043036 151.196899414 0.000911867 0.999983013 -0.005755222 -10.491436005 -0.986059844 -0.000058467 -0.166391969 226.764938354
-0.175282478 0.005934669 0.984500229 152.113937378 0.002762447 0.999980867 -0.005536156 -10.515575409 -0.984514236 0.001749239 -0.175295472 226.594940186
-0.185316443 0.008365862 0.982643425 153.039276123 0.004440999 0.999960661 -0.007675770 -10.537139893 -0.982668996 0.002941473 -0.185346246 226.424133301
-0.195343256 0.010117633 0.980682850 153.956375122 0.005513093 0.999942303 -0.009218175 -10.561479568 -0.980719566 0.003605888 -0.195387840 226.237762451
-0.205822349 0.009235862 0.978545845 154.890853882 0.007913784 0.999938488 -0.007773229 -10.584782600 -0.978557408 0.006144098 -0.205882788 226.038299561
-0.216105223 0.008770561 0.976330757 155.800964355 0.011402370 0.999914110 -0.006458567 -10.609394073 -0.976303577 0.009736755 -0.216186643 225.824279785
-0.226644993 0.010996872 0.973915458 156.733108521 0.014589139 0.999862432 -0.007894736 -10.635235786 -0.973868251 0.012419285 -0.226774216 225.613052368
-0.235018849 0.013722236 0.971893966 157.649642944 0.019180316 0.999771118 -0.009477741 -10.652518272 -0.971801579 0.016413786 -0.235228181 225.379943848
-0.240620494 0.013729826 0.970522404 158.598571777 0.023087412 0.999697983 -0.008418540 -10.674303055 -0.970344901 0.020381175 -0.240864754 225.142242432
-0.245130062 0.013890058 0.969390869 159.528808594 0.029448874 0.999542654 -0.006875356 -10.692745209 -0.969043016 0.026862111 -0.245427012 224.899810791
-0.247548461 0.015747136 0.968747735 160.443084717 0.034322377 0.999382854 -0.007474570 -10.725294113 -0.968267620 0.031399403 -0.247936249 224.654266357
-0.247843862 0.019343868 0.968606949 161.363708496 0.038127147 0.999220848 -0.010199412 -10.747949600 -0.968049526 0.034402356 -0.248388171 224.418640137
-0.245788693 0.022247784 0.969068110 162.290588379 0.044398122 0.998945713 -0.011672834 -10.770626068 -0.968306124 0.040155753 -0.246517301 224.178375244
-0.242149115 0.024542235 0.969928682 163.207611084 0.046426922 0.998827994 -0.013682696 -10.797537804 -0.969127715 0.041717548 -0.243004799 223.953384399
-0.236041903 0.023191269 0.971466124 164.129348755 0.052035850 0.998582482 -0.011195192 -10.828665733 -0.970348656 0.047908526 -0.236914158 223.710189819
-0.229550838 0.019496500 0.973101556 165.055770874 0.055932246 0.998411357 -0.006809403 -10.850004196 -0.971688390 0.052864645 -0.230276704 223.491546631
-0.223743916 0.014239226 0.974544108 165.990493774 0.059075434 0.998252988 -0.001022621 -10.874974251 -0.972856104 0.057342805 -0.224194169 223.276168823
-0.218267918 0.014171565 0.975786030 166.922546387 0.062464733 0.998047054 -0.000522489 -10.896638870 -0.973887742 0.060838170 -0.218726873 223.057113647
-0.212943316 0.017537974 0.976907253 167.835510254 0.063965119 0.997944236 -0.003972724 -10.916334152 -0.974968672 0.061642021 -0.213627458 222.858810425
-0.206646919 0.023275070 0.978138745 168.749954224 0.065154091 0.997825325 -0.009978711 -10.936889648 -0.976243854 0.061667670 -0.207713962 222.659439087
-0.201114058 0.027162451 0.979191303 169.693466187 0.066436619 0.997691989 -0.014030389 -10.960107803 -0.977312446 0.062232450 -0.202454567 222.465820312
-0.195098281 0.027447281 0.980399787 170.622802734 0.065447621 0.997744620 -0.014908897 -10.985449791 -0.978597820 0.061256129 -0.196454644 222.287414551
-0.188269973 0.023039896 0.981847167 171.539886475 0.062368516 0.997987390 -0.011459442 -11.018136978 -0.980135143 0.059078876 -0.189327955 222.116485596
-0.181445837 0.019605659 0.983205557 172.463058472 0.062837727 0.997989237 -0.008304057 -11.044584274 -0.981391311 0.060275663 -0.182312965 221.944519043
-0.174549341 0.019042319 0.984464407 173.380645752 0.064474769 0.997888327 -0.007870361 -11.066463470 -0.982535422 0.062099345 -0.175408483 221.777999878
-0.169267178 0.019072123 0.985385835 174.289764404 0.063582964 0.997941256 -0.008393018 -11.092282295 -0.983517230 0.061233081 -0.170131445 221.635559082
-0.166065097 0.020902878 0.985893190 175.201110840 0.061739627 0.998034298 -0.010760791 -11.127395630 -0.984180152 0.059081689 -0.167029262 221.485870361
-0.164052844 0.024244735 0.986153662 176.095184326 0.062654339 0.997935534 -0.014111456 -11.154377937 -0.984459877 0.059471775 -0.165233254 221.338958740
-0.163299203 0.025442805 0.986248374 176.973037720 0.063216940 0.997882903 -0.015275727 -11.180834770 -0.984549046 0.059853099 -0.164561868 221.195007324
-0.162718058 0.022515489 0.986415744 177.845947266 0.064234734 0.997860491 -0.012180634 -11.205314636 -0.984579563 0.061380144 -0.163816214 221.050582886
-0.162078381 0.015790435 0.986651659 178.724792480 0.066160746 0.997795939 -0.005100498 -11.230994225 -0.984557569 0.064450920 -0.162765861 220.900039673
-0.161749840 0.009585953 0.986785352 179.565307617 0.065340750 0.997862518 0.001016824 -11.254933357 -0.984666348 0.064641759 -0.162030458 220.769699097
-0.161394119 0.009150906 0.986847579 180.392364502 0.066361547 0.997794330 0.001600696 -11.279882431 -0.984656334 0.065747075 -0.161645412 220.639297485
-0.160673380 0.013502451 0.986915350 181.196716309 0.068449788 0.997651398 -0.002505469 -11.303716660 -0.984631300 0.067151576 -0.161220193 220.502059937
-0.160216928 0.019127967 0.986896634 182.037460327 0.067927308 0.997655690 -0.008308901 -11.316495895 -0.984741926 0.065705992 -0.161140680 220.376342773
-0.159674287 0.022567833 0.986911774 182.855407715 0.066875048 0.997689247 -0.011994448 -11.339906693 -0.984901965 0.064084567 -0.160814643 220.233566284
-0.160172105 0.023200549 0.986816406 183.669845581 0.065366030 0.997778654 -0.012848589 -11.361968994 -0.984922469 0.062446285 -0.161332846 220.109970093
-0.160910964 0.022365488 0.986715615 184.471099854 0.065626398 0.997773111 -0.011913952 -11.385428429 -0.984784782 0.062837504 -0.162020326 219.975875854
-0.162208438 0.019509640 0.986563683 185.286926270 0.067332216 0.997693062 -0.008659130 -11.412633896 -0.984456658 0.065022938 -0.163147807 219.844512939
-0.163051486 0.015932377 0.986488938 186.118026733 0.070194148 0.997523189 -0.004508573 -11.414960861 -0.984117389 0.068510622 -0.163765907 219.701919556
-0.164427876 0.011543888 0.986321449 186.933532715 0.072747350 0.997350276 0.000454616 -11.432641983 -0.983702719 0.071827032 -0.164831996 219.561737061
-0.166167736 0.010107643 0.986045718 187.735076904 0.075412072 0.997149348 0.002486930 -11.450721741 -0.983209729 0.074772999 -0.166456342 219.426910400
-0.167588711 0.012518253 0.985777676 188.521423340 0.077540249 0.996989071 0.000521714 -11.468475342 -0.982803106 0.076524869 -0.168054819 219.289505005
-0.167583585 0.018752648 0.985679507 189.319320679 0.078751013 0.996878743 -0.005576596 -11.488246918 -0.982707500 0.076688714 -0.168537378 219.148651123
-0.166075230 0.025518602 0.985782921 190.092590332 0.080124840 0.996708930 -0.012302777 -11.502187729 -0.982852578 0.076942511 -0.167573333 219.013793945
-0.164348960 0.027266955 0.986025453 190.866210938 0.081618801 0.996565938 -0.013954371 -11.526316643 -0.983019888 0.078184821 -0.166010141 218.886001587
-0.160963297 0.024764528 0.986649632 191.662322998 0.081351705 0.996616304 -0.011742868 -11.546719551 -0.983601928 0.078375466 -0.162433267 218.757339478
-0.156761050 0.019538172 0.987443328 192.434173584 0.079872198 0.996780217 -0.007042849 -11.573564529 -0.984401584 0.077765219 -0.157816887 218.636016846
-0.152126312 0.016895037 0.988216639 193.210479736 0.079287663 0.996840060 -0.004836903 -11.593599319 -0.985175669 0.077617571 -0.152985096 218.518386841
-0.147797823 0.015820600 0.988891184 193.992248535 0.077316940 0.996996880 -0.004394639 -11.617713928 -0.985990942 0.075808510 -0.148577213 218.409332275
-0.143583536 0.016698899 0.989497304 194.770446777 0.078240089 0.996919513 -0.005470930 -11.630967140 -0.986540556 0.076632820 -0.144447684 218.295410156
-0.140337110 0.019238656 0.989916921 195.536163330 0.078449719 0.996883929 -0.008252519 -11.654731750 -0.986990988 0.076500565 -0.141409039 218.195571899
-0.136745930 0.021210836 0.990378976 196.300323486 0.079433165 0.996786118 -0.010380364 -11.673332214 -0.987416267 0.077249467 -0.137991309 218.089843750
-0.133600593 0.020457726 0.990824044 197.060241699 0.079999723 0.996746778 -0.009793023 -11.692279816 -0.987801075 0.077957295 -0.134802461 217.983764648
-0.131466746 0.015348176 0.991201818 197.832733154 0.079748861 0.996803164 -0.004857536 -11.711812973 -0.988107681 0.078408614 -0.132270455 217.884246826
-0.129628539 0.011515694 0.991495728 198.588165283 0.080418848 0.996760607 -0.001062847 -11.731292725 -0.988296151 0.079597168 -0.130134702 217.786651611
-0.128330231 0.011258475 0.991667688 199.343704224 0.078660421 0.996900797 -0.001138566 -11.749006271 -0.988607109 0.077858880 -0.128818035 217.690216064
-0.127511978 0.014931813 0.991724670 200.104339600 0.077919923 0.996947110 -0.004991816 -11.765882492 -0.988771558 0.076638587 -0.128286242 217.594238281
-0.127230406 0.019357739 0.991684258 200.841522217 0.076687679 0.997008741 -0.009622846 -11.781700134 -0.988904119 0.074825644 -0.128334284 217.504516602
-0.127174139 0.020843966 0.991661489 201.567474365 0.070688009 0.997427464 -0.011899896 -11.802427292 -0.989358485 0.068585210 -0.128320456 217.423355103
-0.127597451 0.019266497 0.991639078 202.298614502 0.067225486 0.997680068 -0.010733759 -11.826027870 -0.989545345 0.065293804 -0.128596544 217.339645386
-0.127754569 0.015405009 0.991686106 202.986541748 0.065857969 0.997804344 -0.007015849 -11.845235825 -0.989616811 0.064414129 -0.128488660 217.247543335
-0.127867460 0.011076185 0.991729498 203.658538818 0.066056766 0.997812390 -0.002627172 -11.863152504 -0.989589095 0.065174505 -0.128319383 217.162765503
-0.128606081 0.008155140 0.991662264 204.322189331 0.065774575 0.997834444 0.000324232 -11.883451462 -0.989512146 0.065267853 -0.128864050 217.083999634
-0.128866196 0.008188330 0.991628230 204.946121216 0.063382149 0.997989357 -0.000004083 -11.905370712 -0.989634454 0.062850997 -0.129126072 217.007995605
-0.128715396 0.010607706 0.991624892 205.546875000 0.061827786 0.998083293 -0.002651391 -11.922544479 -0.989752352 0.060968690 -0.129124522 216.935501099
-0.128128052 0.014411350 0.991652966 206.123321533 0.062437531 0.998028100 -0.006436659 -11.940778732 -0.989790261 0.061091643 -0.128775239 216.861724854
-0.127504706 0.017139474 0.991689920 206.672546387 0.063867845 0.997917473 -0.009035420 -11.956065178 -0.989779532 0.062185034 -0.128333807 216.793701172
-0.126069546 0.018267302 0.991853237 207.180114746 0.063769266 0.997911811 -0.010273491 -11.969497681 -0.989969671 0.061954577 -0.126971126 216.721527100
-0.125034690 0.018303212 0.991983652 207.687789917 0.061365273 0.998058259 -0.010680511 -11.985073090 -0.990252972 0.059537910 -0.125915051 216.662231445
-0.125060916 0.017917398 0.991987467 208.163345337 0.059168737 0.998192012 -0.010570013 -12.005100250 -0.990383327 0.057372741 -0.125894904 216.612915039
-0.125724435 0.019733205 0.991868913 208.631713867 0.058297023 0.998221397 -0.012470143 -12.023342133 -0.990350842 0.056255203 -0.126651168 216.557327271
-0.127225876 0.022304852 0.991622984 209.077743530 0.058856342 0.998155236 -0.014900479 -12.039435387 -0.990126014 0.056467574 -0.128303885 216.494964600
-0.130364537 0.024856292 0.991154552 209.524398804 0.058283031 0.998149037 -0.017365856 -12.055104256 -0.989751637 0.055503596 -0.131572008 216.434707642
-0.135205030 0.026541751 0.990462244 209.965103149 0.057495367 0.998166859 -0.018899705 -12.071804047 -0.989148200 0.054391649 -0.136483192 216.376770020
-0.139879704 0.027147904 0.989796281 210.412597656 0.057642721 0.998152018 -0.019230921 -12.089851379 -0.988489211 0.054364536 -0.141185999 216.308868408
-0.144687891 0.026766280 0.989115238 210.840606689 0.058770310 0.998101711 -0.018412532 -12.107860565 -0.987730443 0.055466540 -0.145986319 216.241775513
-0.149557352 0.027084209 0.988382041 211.261886597 0.060206629 0.998019278 -0.018238114 -12.119071007 -0.986918330 0.056779511 -0.150891781 216.169082642
-0.154670000 0.027011013 0.987596989 211.660308838 0.061958190 0.997923732 -0.017590033 -12.133379936 -0.986021578 0.058469065 -0.156022429 216.097839355
-0.159524918 0.025528025 0.986863792 212.038391113 0.063470945 0.997862518 -0.015552566 -12.147182465 -0.985151350 0.060156152 -0.160804152 216.030334473
-0.163963914 0.024275763 0.986167669 212.397399902 0.063832097 0.997863114 -0.013950711 -12.161535263 -0.984399021 0.060661737 -0.165163040 215.969635010
-0.168681026 0.024690961 0.985361516 212.734252930 0.063139603 0.997903705 -0.014196577 -12.173950195 -0.983646452 0.059820637 -0.169886351 215.921264648
-0.171996832 0.026459314 0.984742224 213.048446655 0.062574968 0.997913837 -0.015883783 -12.191360474 -0.983108222 0.058888249 -0.173293710 215.852783203
-0.175867796 0.028945565 0.983988225 213.364074707 0.062865011 0.997857571 -0.018117724 -12.202997208 -0.982404530 0.058672104 -0.177310705 215.793899536
-0.179849744 0.029865015 0.983240664 213.674850464 0.064183705 0.997765362 -0.018566016 -12.215356827 -0.981597960 0.059768934 -0.181364655 215.735214233
-0.184064984 0.029159151 0.982481599 213.981002808 0.066445842 0.997642457 -0.017160693 -12.226016998 -0.980665743 0.062123131 -0.185568571 215.667709351
-0.189684272 0.027969349 0.981446922 214.284667969 0.067159295 0.997622609 -0.015450465 -12.235689163 -0.979545772 0.062982567 -0.191111803 215.606491089
-0.195232749 0.027643725 0.980367482 214.590103149 0.067766823 0.997593880 -0.014634231 -12.245181084 -0.978413105 0.063579299 -0.196636319 215.541183472
-0.199979424 0.028154522 0.979395628 214.892837524 0.067837156 0.997586250 -0.014826017 -12.254467010 -0.977449000 0.063474514 -0.201406598 215.470672607
-0.205767989 0.028369084 0.978189468 215.191268921 0.066409685 0.997680187 -0.014964672 -12.265675545 -0.976344824 0.061882004 -0.207174659 215.408447266
-0.212483048 0.028200960 0.976757884 215.482269287 0.065038711 0.997775078 -0.014659317 -12.277267456 -0.974998057 0.060412217 -0.213844419 215.339019775
-0.220810533 0.029088065 0.974882901 215.776062012 0.064618997 0.997795224 -0.015135540 -12.288670540 -0.973173797 0.059653871 -0.222203255 215.276458740
-0.229016185 0.032130614 0.972892344 216.063781738 0.065173164 0.997718573 -0.017608950 -12.291742325 -0.971238554 0.059373729 -0.230587840 215.194000244
-0.239257336 0.034441348 0.970345199 216.354125977 0.064789303 0.997709632 -0.019437574 -12.298845291 -0.968792200 0.058217410 -0.240940690 215.107467651
-0.252531767 0.034956053 0.966956973 216.652252197 0.063949160 0.997765183 -0.019368742 -12.311498642 -0.965473056 0.056944866 -0.254202724 215.018829346
-0.267372727 0.036496080 0.962901950 216.956146240 0.062243685 0.997849643 -0.020537242 -12.318838120 -0.961580932 0.054443467 -0.269069433 214.931228638
-0.281630278 0.037955195 0.958772063 217.258789062 0.062270105 0.997833908 -0.021210300 -12.327640533 -0.957500339 0.053729374 -0.283383727 214.824417114
-0.296623349 0.037308183 0.954265714 217.552246094 0.059795957 0.998001516 -0.020431163 -12.342042923 -0.953120887 0.051000871 -0.298261404 214.730514526
-0.312559485 0.035948724 0.949217737 217.875198364 0.056613393 0.998212278 -0.019162523 -12.353084564 -0.948209703 0.047749013 -0.314035892 214.617996216
-0.329939127 0.036841486 0.943283081 218.199478149 0.055093799 0.998286426 -0.019719167 -12.355824471 -0.942393184 0.045462918 -0.331403494 214.497879028
-0.348539472 0.038276121 0.936512470 218.520462036 0.056309342 0.998216212 -0.019841518 -12.365193367 -0.935601354 0.045818847 -0.350072980 214.361999512
-0.367914081 0.040024076 0.928998172 218.844207764 0.056427177 0.998192966 -0.020658175 -12.380191803 -0.928146303 0.044820309 -0.369507670 214.208801270
-0.389511824 0.041295148 0.920095265 219.156387329 0.055365197 0.998237610 -0.021364063 -12.395353317 -0.919355869 0.042619701 -0.391111612 214.078628540
-0.412517309 0.040852558 0.910033405 219.498992920 0.052268703 0.998409569 -0.021126527 -12.409197807 -0.909449100 0.038851205 -0.413996577 213.916427612
-0.436869144 0.040088993 0.898631334 219.839385986 0.048136968 0.998616874 -0.021147702 -12.414192200 -0.898236215 0.034018610 -0.438194633 213.740203857
-0.462998033 0.038711246 0.885513663 220.208679199 0.044376981 0.998805285 -0.020461056 -12.429525375 -0.885247767 0.029822994 -0.464162707 213.556411743
-0.488902211 0.038120970 0.871505558 220.563583374 0.043494426 0.998867393 -0.019292232 -12.442199707 -0.871253908 0.028473618 -0.490006447 213.336181641
-0.515887737 0.037507284 0.855834901 220.911773682 0.043823477 0.998888433 -0.017360363 -12.453344345 -0.855534732 0.028549662 -0.516957998 213.100646973
-0.544165969 0.036565986 0.838180482 221.281387329 0.044915143 0.998886764 -0.014416932 -12.461408615 -0.837774575 0.029801790 -0.545202613 212.846710205
-0.572202086 0.034636386 0.819380879 221.651519775 0.044392541 0.998951077 -0.011226220 -12.477201462 -0.818910301 0.029950736 -0.573139429 212.563751221
-0.600464106 0.033263352 0.798959672 221.992187500 0.043715362 0.999005795 -0.008737340 -12.488034248 -0.798456013 0.029680353 -0.601321220 212.288879395
-0.628338933 0.032674558 0.777253389 222.343688965 0.043729760 0.999021292 -0.006645805 -12.504942894 -0.776709795 0.029813282 -0.629152894 211.967666626
-0.656681299 0.034397125 0.753383517 222.723571777 0.045267910 0.998955965 -0.006151748 -12.496455193 -0.752808511 0.030064357 -0.657552719 211.637176514
-0.684026837 0.033075884 0.728706658 223.045471191 0.044880569 0.998987198 -0.003215117 -12.508944511 -0.728074968 0.030505544 -0.684818506 211.288269043
-0.711123705 0.031196075 0.702374399 223.392150879 0.043864805 0.999037504 0.000038811 -12.512589455 -0.701697111 0.030837115 -0.711807728 210.914321899
-0.736865044 0.029408867 0.675399959 223.725524902 0.041944750 0.999117374 0.002257489 -12.515297890 -0.674737453 0.029992945 -0.737448215 210.514617920
-0.762291670 0.028309803 0.646614432 224.055755615 0.039784390 0.999203324 0.003154978 -12.518342018 -0.646009922 0.028130170 -0.762810588 210.108291626
-0.786442876 0.028104851 0.617023647 224.377227783 0.039183162 0.999222219 0.004428219 -12.522698402 -0.616419315 0.027659476 -0.786932468 209.663909912
-0.809257984 0.028478632 0.586762786 224.663482666 0.039157189 0.999217868 0.005508034 -12.525891304 -0.586147010 0.027433401 -0.809740186 209.218078613
-0.830647469 0.029736293 0.556004524 224.956298828 0.039733808 0.999192774 0.005921694 -12.528907776 -0.555379570 0.027011013 -0.831158400 208.736434937
-0.850233793 0.031819399 0.525443256 225.245239258 0.040889632 0.999147654 0.005658954 -12.525807381 -0.524815321 0.026296612 -0.850810170 208.240402222
-0.868193030 0.031262241 0.495241076 225.513092041 0.040043138 0.999172568 0.007125415 -12.530929565 -0.494608521 0.026017241 -0.868726492 207.743896484
-0.884967923 0.032776251 0.464497387 225.768707275 0.041146085 0.999121964 0.007891287 -12.532454491 -0.463830918 0.026095781 -0.885539532 207.207839966
-0.901272178 0.030718992 0.432163358 226.016815186 0.038745046 0.999201298 0.009777248 -12.536017418 -0.431517839 0.025556147 -0.901742578 206.658752441
-0.916635871 0.027518438 0.398775101 226.255004883 0.035620145 0.999281883 0.012919617 -12.533795357 -0.398133188 0.026047008 -0.916957736 206.092285156
-0.930964231 0.027181141 0.364097476 226.469940186 0.036137886 0.999188125 0.017808424 -12.528983116 -0.363317847 0.029736718 -0.931190729 205.508270264
-0.944070816 0.030057728 0.328370363 226.663055420 0.040138945 0.998906672 0.023964215 -12.519847870 -0.327291042 0.035804350 -0.944245219 204.882217407
-0.956112266 0.029756118 0.291485935 226.834777832 0.040127214 0.998754084 0.029665496 -12.514573097 -0.290240049 0.040060062 -0.956115007 204.254974365
-0.967048168 0.026218612 0.253240258 226.993743896 0.035649952 0.998828411 0.032725148 -12.508222580 -0.252085537 0.040674791 -0.966849804 203.617767334
-0.976422787 0.026155565 0.214277372 227.125946045 0.034120798 0.998854160 0.033558022 -12.496821404 -0.213154122 0.040078122 -0.976196527 202.957000732
-0.983975887 0.031377181 0.175519302 227.222381592 0.037793659 0.998729467 0.033333827 -12.478591919 -0.174250379 0.039433200 -0.983911514 202.314025879
-0.989892960 0.038012274 0.136627495 227.283294678 0.042911679 0.998530626 0.033094000 -12.460464478 -0.135168761 0.038622435 -0.990069628 201.647872925
-0.994542480 0.040370971 0.096206576 227.330505371 0.043605246 0.998544037 0.031755343 -12.452345848 -0.094784506 0.035777144 -0.994854808 200.964859009
-0.997483015 0.041659940 0.057377823 227.343902588 0.043338675 0.998658657 0.028330224 -12.441699982 -0.056120627 0.030745594 -0.997950554 200.283706665
-0.998811126 0.043406919 0.022193922 227.342666626 0.043920293 0.998765826 0.023192056 -12.423086166 -0.021159835 0.024139240 -0.999484777 199.578643799
-0.998840690 0.046942011 -0.010677642 227.316955566 0.046725646 0.998713791 0.019683005 -12.405550957 0.011587869 0.019161263 -0.999749422 198.882827759
-0.997903347 0.049969934 -0.041139059 227.267883301 0.049168736 0.998584926 0.020262659 -12.393215179 0.042093366 0.018197414 -0.998948216 198.169692993
-0.996232390 0.051893599 -0.069485366 227.193878174 0.050307810 0.998436093 0.024381768 -12.391399384 0.070641957 0.020794250 -0.997285128 197.445297241
-0.994038820 0.051735409 -0.095970318 227.119552612 0.049312077 0.998405993 0.027454576 -12.383324623 0.097237714 0.022558419 -0.995005488 196.713684082
-0.991454840 0.051683724 -0.119776659 227.029052734 0.048429810 0.998378277 0.029921930 -12.372841835 0.121128894 0.023865476 -0.992350101 195.994918823
-0.988698840 0.051628031 -0.140746817 226.910293579 0.047668815 0.998370767 0.031360056 -12.354131699 0.142136559 0.024296409 -0.989549160 195.260696411
-0.985755205 0.051266022 -0.160182893 226.784210205 0.046356939 0.998338044 0.034237310 -12.342868805 0.161671877 0.026324019 -0.986493468 194.524017334
-0.982549071 0.049523354 -0.179290920 226.639114380 0.043497421 0.998353660 0.037388843 -12.322082520 0.180847377 0.028937671 -0.983085632 193.769287109
-0.978703618 0.048865680 -0.199378997 226.491088867 0.041136082 0.998239398 0.042730834 -12.302069664 0.201116055 0.033619139 -0.978990555 193.031616211
-0.974555850 0.047962304 -0.218954459 226.319976807 0.038173985 0.998082697 0.048720982 -12.278272629 0.220871419 0.039122943 -0.974518180 192.283020020
-0.970203757 0.045434687 -0.237992823 226.130432129 0.033737306 0.998024583 0.052996900 -12.254314423 0.239930600 0.043388549 -0.969820023 191.523162842
-0.965588927 0.041937113 -0.256670713 225.934814453 0.028495496 0.998031437 0.055867817 -12.226480484 0.258508384 0.046631370 -0.964883089 190.770324707
-0.961369514 0.038837273 -0.272508264 225.715240479 0.024796022 0.998190343 0.054783139 -12.193311691 0.274142742 0.045909707 -0.960592747 190.012603760
-0.956949592 0.038972765 -0.287626147 225.490051270 0.026102103 0.998484492 0.048449386 -12.167477608 0.289078474 0.038855966 -0.956516623 189.235382080
-0.953364253 0.035489082 -0.299729198 225.240081787 0.024229409 0.998857081 0.041200776 -12.133738518 0.300848782 0.032017078 -0.953134537 188.467956543
-0.949578404 0.031778991 -0.311915129 225.004455566 0.021493325 0.999107599 0.036359370 -12.108407974 0.312792242 0.027821979 -0.949414134 187.700225830
-0.946481824 0.034875929 -0.320868313 224.741363525 0.023864282 0.998985529 0.038188405 -12.080444336 0.321874678 0.028487330 -0.946354032 186.930145264
-0.944079757 0.039544154 -0.327337533 224.459655762 0.027354475 0.998753071 0.041761305 -12.063812256 0.328580797 0.030471852 -0.943984270 186.129943848
-0.941531181 0.045876373 -0.333788186 224.172912598 0.033344839 0.998510718 0.043179620 -12.038215637 0.335272014 0.029524842 -0.941658616 185.333923340
-0.939942718 0.047892429 -0.337955832 223.880432129 0.036248535 0.998514295 0.040684994 -12.010335922 0.339402229 0.025991159 -0.940282345 184.552978516
-0.938693047 0.047174856 -0.341511369 223.583831787 0.035166353 0.998528898 0.041272566 -11.993126869 0.342955977 0.026732558 -0.938971162 183.746551514
-0.937322855 0.048167653 -0.345117509 223.294555664 0.036849491 0.998548329 0.039284784 -11.974184036 0.346508771 0.024105115 -0.937737107 182.953887939
-0.936282754 0.049665894 -0.347718388 223.006408691 0.038307536 0.998486221 0.039468810 -11.953852654 0.349152297 0.023633726 -0.936768055 182.160858154
-0.935866237 0.050946236 -0.348653585 222.709838867 0.039984226 0.998455584 0.038570307 -11.930448532 0.350080132 0.022155996 -0.936457872 181.365295410
-0.936305165 0.052652385 -0.347218573 222.414062500 0.041474793 0.998356462 0.039550856 -11.909986496 0.348730356 0.022630844 -0.936949968 180.569854736
-0.936944962 0.055938389 -0.344971091 222.102096558 0.044994447 0.998199821 0.039656572 -11.893522263 0.346568406 0.021634243 -0.937775254 179.744873047
-0.938048720 0.059786789 -0.341307133 221.807617188 0.048899479 0.997985423 0.040421836 -11.877574921 0.343036234 0.021227902 -0.939082503 178.949615479
-0.939577579 0.062105503 -0.336655796 221.520782471 0.051308770 0.997845709 0.040881954 -11.853000641 0.338469535 0.021138370 -0.940739989 178.144165039
-0.941544294 0.063630894 -0.330825925 221.248748779 0.052686211 0.997729361 0.041955661 -11.832103729 0.332744420 0.022073146 -0.942758918 177.348266602
-0.943602324 0.064231254 -0.324791253 220.967086792 0.053074785 0.997659862 0.043102957 -11.810329437 0.326799750 0.023433819 -0.944803238 176.538726807
-0.945663095 0.063992433 -0.318788797 220.708328247 0.053075854 0.997671843 0.042823244 -11.789146423 0.320786953 0.023576375 -0.946857810 175.741577148
-0.947689652 0.063802212 -0.312752038 220.458984375 0.052984320 0.997670114 0.042976156 -11.770193100 0.314765364 0.024157099 -0.948862195 174.949127197
-0.949735522 0.064691834 -0.306296647 220.196884155 0.054182537 0.997617662 0.042699266 -11.748291016 0.308329254 0.023957077 -0.950978160 174.142822266
-0.951549053 0.066311464 -0.300262600 219.951995850 0.056055017 0.997516096 0.042654894 -11.734193802 0.302345306 0.023756990 -0.952902555 173.349182129
-0.953249574 0.065988399 -0.294891655 219.716430664 0.055567667 0.997503042 0.043588147 -11.719461441 0.297031641 0.025163934 -0.954536080 172.563018799
-0.955040336 0.065274023 -0.289202034 219.485031128 0.054699462 0.997510493 0.044506419 -11.697296143 0.291387171 0.026686218 -0.956233144 171.787933350
-0.956470132 0.065144777 -0.284467191 219.267089844 0.054330640 0.997474313 0.045750882 -11.681332588 0.286729157 0.028304059 -0.957593679 171.032867432
-0.957648158 0.064617425 -0.280596584 219.049194336 0.053662132 0.997473061 0.046560429 -11.658764839 0.282896131 0.029531101 -0.958695769 170.287078857
-0.958368421 0.064198531 -0.278225034 218.839324951 0.053113405 0.997472048 0.047206566 -11.643143654 0.280552268 0.030463791 -0.959355474 169.560607910
-0.958750844 0.062259644 -0.277345449 218.647216797 0.051413603 0.997607470 0.046216194 -11.621557236 0.279559284 0.030050488 -0.959658027 168.863159180
-0.958886504 0.061547715 -0.277035832 218.449172974 0.050792497 0.997656703 0.045839760 -11.606611252 0.279207975 0.029883778 -0.959765673 168.168395996
-0.958821416 0.060647380 -0.277458757 218.261108398 0.050094064 0.997731388 0.044974364 -11.589372635 0.279556870 0.029223347 -0.959684253 167.500122070
-0.958740234 0.060433120 -0.277786225 218.073486328 0.049827151 0.997739553 0.045089435 -11.576070786 0.279883206 0.029387753 -0.959584236 166.850585938
-0.958354592 0.060053747 -0.279195219 217.888031006 0.049157914 0.997737110 0.045871619 -11.562005997 0.281318188 0.030236622 -0.959138036 166.211242676
-0.957667232 0.059305698 -0.281702906 217.706268311 0.048301175 0.997779667 0.045855295 -11.544734955 0.283796906 0.030307528 -0.958405495 165.588836670
-0.956750631 0.058605716 -0.284944952 217.525726318 0.047523282 0.997826040 0.045659259 -11.527273178 0.287001371 0.030143006 -0.957455754 164.981536865
-0.955496907 0.058998667 -0.289041400 217.346832275 0.047890581 0.997822106 0.045359846 -11.512428284 0.291088074 0.029498829 -0.956241369 164.385894775
-0.953988552 0.058313500 -0.294118643 217.173919678 0.046913635 0.997854233 0.045673110 -11.502613068 0.296150893 0.029773438 -0.954677105 163.813568115
-0.951907516 0.057205424 -0.300997943 216.997680664 0.045658790 0.997931123 0.045263208 -11.486804962 0.302964509 0.029343186 -0.952550173 163.244018555
-0.949424267 0.056466825 -0.308878005 216.815856934 0.044778489 0.997991621 0.044806212 -11.474486351 0.310787708 0.028709007 -0.950045943 162.696411133
-0.946176887 0.055629171 -0.318833470 216.621475220 0.043657057 0.998051465 0.044579625 -11.459234238 0.320692152 0.028260879 -0.946761847 162.133789062
-0.941707850 0.055090755 -0.331891119 216.430664062 0.042467572 0.998076081 0.045173634 -11.447994232 0.333741248 0.028445747 -0.942235589 161.592407227
-0.936026454 0.055351611 -0.347550005 216.229187012 0.041972298 0.998063266 0.045913503 -11.438709259 0.349418283 0.028388776 -0.936536789 161.099090576
-0.928712606 0.055945229 -0.366555899 216.013824463 0.041824352 0.998048842 0.046359297 -11.420728683 0.368434280 0.027723497 -0.929240465 160.593414307
-0.919685006 0.057295784 -0.388454527 215.797821045 0.042287298 0.997995436 0.047083881 -11.412092209 0.390373558 0.026875643 -0.920264363 160.103515625
-0.909354806 0.056271520 -0.412198514 215.558013916 0.040634472 0.998086333 0.046610277 -11.388022423 0.414032549 0.025635805 -0.909901142 159.625183105
-0.896053553 0.054320898 -0.440610170 215.309753418 0.037511852 0.998200774 0.046777256 -11.380928040 0.442358375 0.025386825 -0.896479011 159.151245117
-0.879209518 0.052697141 -0.473512501 215.076721191 0.034661215 0.998305440 0.046742976 -11.379290581 0.475173324 0.024684340 -0.879546165 158.730987549
-0.859507084 0.050263766 -0.508646667 214.792785645 0.031609815 0.998475313 0.045253959 -11.365160942 0.510145783 0.022817867 -0.859785318 158.303619385
-0.836825013 0.049835034 -0.545198023 214.494934082 0.031107470 0.998567760 0.043529429 -11.349532127 0.546586454 0.019466773 -0.837176681 157.891876221
-0.811013579 0.049932018 -0.582893014 214.208526611 0.031490587 0.998632491 0.041730568 -11.339517593 0.584179580 0.015488407 -0.811476946 157.521942139
-0.782709002 0.048262164 -0.620513856 213.884307861 0.029930631 0.998754203 0.039926693 -11.326709747 0.621667802 0.012678608 -0.783178449 157.166320801
-0.751467347 0.049426347 -0.657916486 213.533432007 0.030607959 0.998727977 0.040069830 -11.305637360 0.659060061 0.009973684 -0.752024293 156.815612793
-0.717023253 0.048381589 -0.695368409 213.176513672 0.028014911 0.998782456 0.040604878 -11.287003517 0.696486294 0.009633953 -0.717505693 156.488311768
-0.678562999 0.048351277 -0.732949436 212.801315308 0.023690866 0.998752654 0.043952871 -11.277699471 0.734160364 0.012460577 -0.678862095 156.169891357
-0.638343930 0.047248863 -0.768299818 212.453811646 0.018370064 0.998765171 0.046159193 -11.270683289 0.769532084 0.015351723 -0.638423681 155.917694092
-0.596610665 0.046645444 -0.801174283 212.059173584 0.015268020 0.998788476 0.046781175 -11.258001328 0.802385747 0.015677797 -0.596600056 155.653961182
-0.553380847 0.047827534 -0.831554294 211.641906738 0.014349598 0.998749316 0.047894567 -11.243970871 0.832804978 0.014571455 -0.553375006 155.408645630
-0.508893967 0.048728243 -0.859449148 211.225845337 0.012633190 0.998711824 0.049143713 -11.227928162 0.860736668 0.014151346 -0.508853912 155.211120605
-0.462932944 0.048201684 -0.885081768 210.828765869 0.009317075 0.998729765 0.049517769 -11.212535858 0.886344373 0.014677035 -0.462794065 155.045761108
-0.416147470 0.047091812 -0.908076882 210.380859375 0.001651585 0.998695552 0.051034313 -11.194190979 0.909295678 0.019738037 -0.415682435 154.867263794
-0.368793488 0.048273910 -0.928257108 209.924530029 -0.003465553 0.998572111 0.053307496 -11.181782722 0.929505050 0.022876376 -0.368099689 154.717422485
-0.320241451 0.048338115 -0.946101904 209.442489624 -0.005732970 0.998580158 0.052959852 -11.160366058 0.947318614 0.022383912 -0.319509625 154.569046021
-0.272978067 0.047979049 -0.960823238 208.988372803 -0.006244992 0.998646140 0.051642012 -11.143860817 0.962000132 0.020097462 -0.272308946 154.483779907
-0.227328777 0.047716975 -0.972648501 208.495513916 -0.008824648 0.998656809 0.051055431 -11.123074532 0.973778248 0.020189637 -0.226602316 154.397552490
-0.184801698 0.049439695 -0.981531620 207.997177124 -0.012812842 0.998527765 0.052708182 -11.106878281 0.982692420 0.022316765 -0.183896184 154.332397461
-0.145434022 0.052593935 -0.987969100 207.503509521 -0.014467276 0.998366237 0.055277079 -11.088946342 0.989262223 0.022332387 -0.144435644 154.277252197
-0.111585140 0.056420982 -0.992152035 206.953445435 -0.013340467 0.998211980 0.058265969 -11.065113068 0.993665457 0.019737378 -0.110633016 154.264160156
-0.079827428 0.059145659 -0.995052576 206.448242188 -0.014527094 0.998063087 0.060490035 -11.040443420 0.996702969 0.019283975 -0.078813672 154.222137451
-0.050996304 0.060143124 -0.996886373 205.901077271 -0.017111180 0.997985899 0.061084796 -11.022371292 0.998552382 0.020172985 -0.049864531 154.197937012
-0.025941014 0.057372402 -0.998015821 205.346572876 -0.020629827 0.998108387 0.057913948 -11.000204086 0.999450624 0.022091234 -0.024708390 154.187850952
-0.003258705 0.054754753 -0.998494685 204.787521362 -0.022810096 0.998235941 0.054815013 -10.987005234 0.999734700 0.022954371 -0.002003908 154.182174683
0.015745819 0.052145138 -0.998515368 204.207290649 -0.025728837 0.998329639 0.051729716 -10.968379021 0.999544919 0.024876112 0.017061174 154.185684204
0.031469226 0.050199188 -0.998243451 203.611236572 -0.028783577 0.998369277 0.049298126 -10.936745644 0.999090314 0.027181629 0.032862842 154.206115723
0.044982851 0.050379526 -0.997716665 203.030517578 -0.029239049 0.998366117 0.049094051 -10.908905029 0.998559773 0.026963890 0.046382427 154.248687744
0.054336011 0.051369291 -0.997200549 202.348373413 -0.032957144 0.998223960 0.049626224 -10.883417130 0.997978747 0.030168386 0.055932522 154.289276123
0.066499829 0.053182721 -0.996368051 201.711669922 -0.034163032 0.998114407 0.050995816 -10.858177185 0.997201383 0.030647743 0.068191350 154.346282959
0.077643812 0.053434331 -0.995548248 201.042770386 -0.035989817 0.998062074 0.050762374 -10.832047462 0.996331394 0.031888213 0.079416394 154.413055420
0.088053584 0.052958135 -0.994706988 200.376419067 -0.035911851 0.998105347 0.049960069 -10.800636292 0.995468199 0.031322606 0.089788616 154.476135254
0.096365094 0.051943142 -0.993989885 199.690979004 -0.034491304 0.998211861 0.048819918 -10.772354126 0.994748354 0.029579462 0.097984374 154.544647217
0.101168811 0.051595595 -0.993530452 198.989303589 -0.033453826 0.998265922 0.048434991 -10.747133255 0.994306684 0.028337279 0.102719426 154.619216919
0.103774011 0.050875340 -0.993298948 198.279479980 -0.033576176 0.998300850 0.047623686 -10.719879150 0.994034052 0.028409069 0.105305910 154.691848755
0.104422510 0.050442755 -0.993252993 197.551086426 -0.034770429 0.998287499 0.047042958 -10.694152832 0.993925035 0.029623488 0.105997622 154.763442993
0.103321850 0.050669406 -0.993356526 196.810134888 -0.035552576 0.998251557 0.047221169 -10.665296555 0.994012356 0.030437402 0.104942620 154.836975098
0.102748752 0.051652692 -0.993365467 196.064743042 -0.037700459 0.998135567 0.048001178 -10.640907288 0.993992746 0.032518260 0.104504526 154.910736084
0.102624118 0.051713988 -0.993375003 195.287414551 -0.039918654 0.998057306 0.047833804 -10.611339569 0.993918896 0.034745295 0.104489088 154.986755371
0.102947414 0.052014850 -0.993325889 194.506668091 -0.041829653 0.997974753 0.047923099 -10.584579468 0.993806899 0.036616918 0.104914665 155.059661865
0.104252338 0.051322453 -0.993225813 193.706802368 -0.042564772 0.997982860 0.047100518 -10.555182457 0.993639648 0.037366088 0.106226563 155.140884399
0.105687678 0.051624473 -0.993058503 192.909042358 -0.043598752 0.997931719 0.047237750 -10.529408455 0.993443191 0.038303662 0.107719839 155.220535278
0.107334435 0.051605698 -0.992882848 192.095199585 -0.044284053 0.997909009 0.047079664 -10.494557381 0.993236303 0.038915601 0.109395325 155.304565430
0.108619452 0.052074131 -0.992718577 191.262939453 -0.045264892 0.997850299 0.047390614 -10.465198517 0.993052304 0.039787758 0.110743046 155.395645142
0.110078037 0.052594882 -0.992530406 190.415786743 -0.045199055 0.997830749 0.047862880 -10.434488297 0.992894709 0.039592788 0.112216532 155.489593506
0.112042308 0.053191919 -0.992278934 189.554504395 -0.046391331 0.997757494 0.048247371 -10.400964737 0.992620111 0.040627379 0.114258707 155.580123901
0.114088774 0.053822584 -0.992011607 188.694793701 -0.047465961 0.997686327 0.048671532 -10.374377251 0.992336035 0.041533899 0.116379559 155.672760010
0.116840601 0.054181043 -0.991671681 187.808456421 -0.048024513 0.997650921 0.048849393 -10.343898773 0.991988897 0.041916955 0.119168162 155.775390625
0.119717956 0.054146919 -0.991330385 186.923721313 -0.048430115 0.997641385 0.048642971 -10.310378075 0.991626084 0.042186797 0.122057915 155.877777100
0.123274088 0.053922899 -0.990906656 186.039978027 -0.049112473 0.997630596 0.048178952 -10.270887375 0.991156697 0.042726655 0.125630260 155.984893799
0.126405954 0.054059755 -0.990504563 185.119049072 -0.048810065 0.997643411 0.048220351 -10.242097855 0.990777135 0.042251244 0.128746688 156.105056763
0.129311323 0.053904422 -0.990137875 184.207122803 -0.047980286 0.997691929 0.048049480 -10.211036682 0.990442634 0.041293755 0.131599188 156.219223022
0.130507410 0.053807508 -0.989986181 183.302291870 -0.046939474 0.997741818 0.048041128 -10.177363396 0.990335584 0.040199704 0.132738411 156.339797974
0.131283700 0.054393243 -0.989851534 182.365570068 -0.046452880 0.997734368 0.048665382 -10.147825241 0.990255892 0.039592482 0.133512974 156.453857422
0.130551815 0.054376032 -0.989949346 181.425460815 -0.045595296 0.997767687 0.048792496 -10.120972633 0.990392566 0.038767077 0.132739663 156.577163696
0.129837036 0.054048557 -0.990061224 180.488479614 -0.045770142 0.997775555 0.048467379 -10.082475662 0.990478456 0.039022375 0.132022023 156.702728271
0.129240990 0.054073744 -0.990137875 179.529586792 -0.046737909 0.997734547 0.048387993 -10.048667908 0.990511239 0.040023249 0.131475508 156.824417114
0.128962815 0.054914866 -0.990127623 178.577743530 -0.047069017 0.997679114 0.049203008 -10.022944450 0.990531623 0.040258989 0.131248295 156.935379028
0.127879500 0.055715006 -0.990223467 177.616516113 -0.048248898 0.997588158 0.049898420 -9.991485596 0.990615368 0.041396212 0.130259275 157.060943604
0.127403796 0.056487944 -0.990241110 176.660583496 -0.048601374 0.997533143 0.050650895 -9.965286255 0.990659535 0.041673958 0.129834890 157.177429199
0.126859725 0.057022616 -0.990280390 175.709960938 -0.050804175 0.997409463 0.050924864 -9.927191734 0.990618885 0.043850053 0.129428089 157.288940430
0.126730382 0.056421693 -0.990331233 174.758026123 -0.051382951 0.997414052 0.050249863 -9.895712852 0.990605414 0.044517960 0.129301786 157.405639648
0.126019597 0.054169517 -0.990547776 173.794570923 -0.050384603 0.997568846 0.048143439 -9.861026764 0.990747511 0.043841332 0.128442526 157.534057617
0.125928164 0.053552274 -0.990593016 172.838027954 -0.051656932 0.997541249 0.047361065 -9.833035469 0.990693629 0.045206893 0.128384888 157.653350830
0.126666307 0.056010693 -0.990362883 171.883758545 -0.052908268 0.997364819 0.049639788 -9.798668861 0.990533471 0.046110686 0.129295945 157.768432617
0.127248287 0.060232468 -0.990040362 170.939117432 -0.052910864 0.997145474 0.053864185 -9.772997856 0.990458608 0.045529764 0.130072057 157.887863159
0.127870262 0.061411172 -0.989887893 169.995025635 -0.052611068 0.997095883 0.055062231 -9.736217499 0.990394592 0.045038227 0.130729795 158.010467529
0.128752768 0.060799018 -0.989811182 169.050262451 -0.052700184 0.997127891 0.054393306 -9.699741364 0.990275383 0.045159943 0.131587088 158.129791260
0.128862619 0.060066476 -0.989841700 168.124542236 -0.052961875 0.997156143 0.053615492 -9.665760040 0.990247250 0.045514833 0.131677389 158.249313354
0.129671693 0.060147379 -0.989731073 167.185058594 -0.052895002 0.997156858 0.053668503 -9.635459900 0.990145147 0.045392539 0.132484555 158.358032227
0.130019605 0.060288478 -0.989676893 166.250411987 -0.053078763 0.997141659 0.053769942 -9.600259781 0.990089774 0.045539666 0.132848024 158.480941772
0.130596220 0.060951706 -0.989560366 165.310699463 -0.053430099 0.997090638 0.054364149 -9.572475433 0.989995003 0.045772541 0.133472919 158.595245361
0.130906284 0.060485177 -0.989548028 164.377868652 -0.053769875 0.997101188 0.053833693 -9.536054611 0.989935637 0.046160690 0.133779109 158.713897705
0.131208956 0.059690915 -0.989556134 163.444961548 -0.054205757 0.997124374 0.052960087 -9.503301620 0.989871740 0.046690788 0.134067237 158.835098267
0.131390393 0.058661792 -0.989593565 162.521011353 -0.053600647 0.997207761 0.051996484 -9.474296570 0.989880562 0.046211012 0.134167850 158.950149536
0.130921960 0.057814691 -0.989705443 161.598358154 -0.054012593 0.997231424 0.051109336 -9.439514160 0.989920199 0.046765223 0.133682191 159.066482544
0.130603075 0.057554130 -0.989762723 160.675277710 -0.054070279 0.997241318 0.050854221 -9.407451630 0.989959121 0.046875037 0.133354723 159.184783936
0.130403221 0.057913493 -0.989768147 159.748062134 -0.054585021 0.997197807 0.051156573 -9.377793312 0.989957333 0.047355533 0.133198977 159.302459717
0.130648136 0.057696071 -0.989748657 158.814483643 -0.054174121 0.997229218 0.050981086 -9.345890045 0.989947677 0.046958175 0.133411765 159.421096802
0.130541861 0.058609378 -0.989708900 157.891159058 -0.054376531 0.997171879 0.051879101 -9.310556412 0.989950478 0.047044545 0.133359611 159.542694092
0.130502403 0.058865737 -0.989699006 156.957839966 -0.053978618 0.997177124 0.052192867 -9.277030945 0.989977598 0.046611279 0.133311450 159.664276123
0.131157398 0.058888301 -0.989611030 156.019256592 -0.054737296 0.997141540 0.052081853 -9.250658989 0.989849269 0.047337711 0.134005904 159.774917603
0.132961929 0.057579067 -0.989447236 155.083679199 -0.054455459 0.997227490 0.050714098 -9.215656281 0.989624083 0.047137752 0.135728836 159.900863647
0.135052204 0.056196969 -0.989243507 154.152603149 -0.054676507 0.997291744 0.049189698 -9.187370300 0.989328742 0.047445204 0.137759089 160.025451660
0.137569487 0.055445254 -0.988939106 153.214370728 -0.055583395 0.997290850 0.048181392 -9.151729584 0.988931358 0.048340298 0.140278637 160.153640747
0.139254749 0.055520643 -0.988699079 152.281326294 -0.054708224 0.997333527 0.048300050 -9.119541168 0.988744378 0.047363944 0.141920865 160.287567139
0.141233921 0.055919848 -0.988395691 151.335388184 -0.053030226 0.997397304 0.048851524 -9.085355759 0.988554955 0.045515347 0.143831789 160.425628662
0.143154323 0.056316484 -0.988096952 150.387512207 -0.052798219 0.997392595 0.049196947 -9.067550659 0.988291204 0.045126986 0.145754457 160.557098389
0.145001173 0.056424499 -0.987821341 149.446502686 -0.052178670 0.997419477 0.049313497 -9.034753799 0.988054693 0.044392686 0.147571146 160.688583374
0.145815492 0.056785181 -0.987680852 148.506988525 -0.048751134 0.997550905 0.050155308 -9.007476807 0.988109946 0.040837135 0.148226678 160.823837280
0.146382451 0.058515109 -0.987496078 147.557205200 -0.042865641 0.997686505 0.052764729 -8.971770287 0.988299072 0.034605809 0.148552060 160.977081299
0.146140814 0.059150472 -0.987493932 146.605361938 -0.046283111 0.997526586 0.052901909 -8.935518265 0.988180637 0.037973151 0.148517013 161.106430054
0.146116376 0.056627285 -0.987645328 145.650650024 -0.045259342 0.997697651 0.050507780 -8.903814316 0.988231540 0.037320163 0.148342907 161.246185303
0.144672453 0.052054621 -0.988109529 144.702392578 -0.044323083 0.997953773 0.046083733 -8.861737251 0.988486528 0.037129000 0.146683633 161.383438110
0.143860996 0.050602794 -0.988303363 143.742187500 -0.044295840 0.998020053 0.044652440 -8.834117889 0.988606155 0.037353970 0.145817697 161.521942139
0.141311109 0.050782610 -0.988662004 142.768737793 -0.046049122 0.997939587 0.044677276 -8.803239822 0.988893747 0.039213609 0.143358409 161.652511597
0.138500571 0.051538598 -0.989020467 141.797805786 -0.045450993 0.997923553 0.045637671 -8.774738312 0.989318907 0.038631115 0.140555441 161.785903931
0.133772194 0.051796652 -0.989657640 140.808288574 -0.044013545 0.997958302 0.046281774 -8.742507935 0.990034342 0.037367117 0.135778844 161.922668457
0.128803730 0.051354054 -0.990339637 139.823623657 -0.042075224 0.998041928 0.046281151 -8.707553864 0.990777194 0.035707563 0.130712271 162.047302246
0.123222649 0.051702153 -0.991031349 138.831863403 -0.042537659 0.997999251 0.046776634 -8.682719231 0.991466999 0.036392216 0.125175357 162.162994385
0.118462086 0.052027386 -0.991594732 137.824401855 -0.042637225 0.997971833 0.047268275 -8.651377678 0.992042840 0.036679339 0.120440185 162.272094727
0.113454819 0.053613648 -0.992095530 136.804336548 -0.044677295 0.997808218 0.048813127 -8.610275269 0.992538154 0.038786061 0.115601420 162.379180908
0.108962893 0.054721605 -0.992538571 135.789566040 -0.045692183 0.997703969 0.049990207 -8.574546814 0.992995203 0.039904170 0.111213028 162.486114502
0.104967594 0.053830616 -0.993017733 134.772781372 -0.046608813 0.997702956 0.049157780 -8.538776398 0.993382871 0.041123394 0.107235432 162.582336426
0.102134824 0.050354108 -0.993495405 133.750976562 -0.046102013 0.997884572 0.045837115 -8.506706238 0.993701816 0.041120563 0.104240179 162.679656982
0.100390553 0.047007352 -0.993837118 132.738372803 -0.046873610 0.997997582 0.042469293 -8.477859497 0.993843436 0.042321213 0.102392912 162.766891479
0.099175513 0.045515276 -0.994028568 131.694931030 -0.045901995 0.998099208 0.041121963 -8.446777344 0.994010806 0.041549589 0.101076245 162.865463257
0.097850621 0.045312136 -0.994169176 130.651443481 -0.043231636 0.998213470 0.041241415 -8.416114807 0.994261801 0.038944051 0.099634707 162.968429565
0.097519457 0.046695702 -0.994137585 129.606399536 -0.040696226 0.998250306 0.042896803 -8.386022568 0.994401217 0.036274377 0.099249125 163.068649292
0.097311795 0.049655363 -0.994014561 128.551651001 -0.039365485 0.998165071 0.046008907 -8.350912094 0.994475245 0.034652643 0.099087954 163.170532227
0.096775770 0.052534282 -0.993918836 127.475662231 -0.038447876 0.998058021 0.049009476 -8.314693451 0.994563401 0.033471134 0.098607659 163.273468018
0.096168518 0.054173939 -0.993889749 126.409881592 -0.038920358 0.997958839 0.050629809 -8.272150040 0.994603872 0.033813551 0.098080695 163.376251221
0.095666289 0.055053283 -0.993889987 125.333602905 -0.040605042 0.997854173 0.051364452 -8.238030434 0.994585037 0.035443090 0.097696483 163.470611572
0.095265448 0.055949952 -0.993878365 124.261764526 -0.040896367 0.997796237 0.052250501 -8.198594093 0.994611502 0.035668340 0.097343683 163.567962646
0.094643652 0.056524098 -0.993905187 123.189437866 -0.042638853 0.997700751 0.052679710 -8.164943695 0.994597614 0.037393183 0.096836209 163.660766602
0.094641745 0.055625740 -0.993956149 122.122283936 -0.043129578 0.997729361 0.051730227 -8.125971794 0.994576752 0.037973065 0.096825957 163.765701294
0.094955266 0.054573551 -0.993984640 121.050231934 -0.044926383 0.997713745 0.050486483 -8.091476440 0.994467378 0.039862163 0.097189963 163.858108521
0.095429242 0.053842146 -0.993979156 119.967193604 -0.045420695 0.997731626 0.049684696 -8.056883812 0.994399548 0.040405840 0.097658277 163.959564209
0.095977187 0.053419609 -0.993949115 118.883621216 -0.045057792 0.997768462 0.049274031 -8.024105072 0.994363248 0.040055964 0.098169982 164.065170288
0.096615911 0.053753704 -0.993869245 117.813308716 -0.045149382 0.997749448 0.049574509 -7.991384029 0.994297266 0.040082887 0.098825395 164.157669067
0.097259998 0.053646378 -0.993812203 116.735137939 -0.045092534 0.997758329 0.049446385 -7.958074093 0.994237006 0.040004347 0.099461019 164.257781982
0.096995294 0.053274255 -0.993858159 115.660171509 -0.044572130 0.997797072 0.049135394 -7.921597481 0.994286418 0.039532460 0.099156141 164.364471436
0.097766340 0.053012114 -0.993796468 114.588623047 -0.044487994 0.997814894 0.048849888 -7.887918949 0.994214535 0.039436139 0.099911094 164.463043213
0.097783804 0.053347085 -0.993776858 113.518539429 -0.044882156 0.997782707 0.049145889 -7.859420776 0.994195163 0.039797176 0.099961340 164.568908691
0.098015368 0.054812830 -0.993674397 112.440612793 -0.044521563 0.997723877 0.050644632 -7.823691368 0.994188666 0.039275970 0.100232601 164.666778564
0.097902715 0.054917842 -0.993679643 111.362182617 -0.045018930 0.997698545 0.050704449 -7.787424088 0.994177282 0.039770283 0.100149751 164.772415161
0.097822130 0.053775758 -0.993749976 110.293502808 -0.045380738 0.997741401 0.049524587 -7.752655029 0.994168758 0.040252503 0.100041628 164.867950439
0.097214103 0.053532995 -0.993822753 109.220718384 -0.045267478 0.997756839 0.049316917 -7.718635559 0.994233489 0.040193547 0.099419355 164.975677490
0.096492827 0.055779550 -0.993769526 108.156524658 -0.046034161 0.997610152 0.051525306 -7.689621925 0.994268656 0.040775519 0.098829985 165.071289062
0.095960379 0.057641618 -0.993714869 107.081146240 -0.045915499 0.997515500 0.053428143 -7.646254539 0.994325697 0.040499918 0.098368585 165.173553467
0.095358789 0.058089055 -0.993746877 106.008697510 -0.047188941 0.997437358 0.053776588 -7.608498573 0.994324088 0.041765768 0.097855628 165.269332886
0.095318913 0.057200953 -0.993802011 104.942474365 -0.047483686 0.997472465 0.052857894 -7.568182468 0.994313657 0.042151023 0.097794116 165.367645264
0.094983757 0.057000369 -0.993845642 103.874542236 -0.047982253 0.997461081 0.052621968 -7.532104969 0.994321823 0.042688712 0.097477615 165.467651367
0.096369982 0.058929887 -0.993599713 102.807052612 -0.051695045 0.997194886 0.054129172 -7.496061325 0.994002402 0.046147738 0.099146008 165.561462402
0.098040938 0.058186181 -0.993480027 101.727416992 -0.055405159 0.997060120 0.052928239 -7.459264755 0.993638992 0.049854770 0.100976527 165.657745361
0.100483894 0.054721057 -0.993432760 100.672698975 -0.057712279 0.997125745 0.049086984 -7.425141811 0.993263483 0.052400816 0.103353143 165.757537842
0.104156613 0.050159045 -0.993295372 99.593093872 -0.061684258 0.997130513 0.043884516 -7.385222435 0.992646277 0.056699812 0.106951773 165.858764648
0.107725441 0.049263872 -0.992959499 98.520843506 -0.063518651 0.997072041 0.042576808 -7.357704639 0.992149651 0.058484826 0.110539198 165.962371826
0.111466289 0.051572565 -0.992429256 97.441406250 -0.063141190 0.997002244 0.044718400 -7.323413849 0.991760433 0.057678550 0.114388466 166.073699951
0.114585996 0.054317385 -0.991927445 96.376403809 -0.060774755 0.997017026 0.047575481 -7.291518211 0.991552711 0.054832645 0.117545307 166.203414917
0.117667258 0.056248628 -0.991458774 95.311370850 -0.059452228 0.997002721 0.049507309 -7.261538029 0.991271853 0.053119045 0.120658696 166.330627441
0.121160269 0.058288965 -0.990920067 94.238739014 -0.057972815 0.996985972 0.051557414 -7.226192474 0.990938604 0.051199719 0.124174297 166.459930420
0.124393284 0.058816422 -0.990488291 93.159042358 -0.056827858 0.997025371 0.052067712 -7.187527657 0.990604401 0.049810447 0.127365649 166.597167969
0.127405882 0.059409529 -0.990070045 92.081512451 -0.058027558 0.996941209 0.052354634 -7.150989056 0.990152001 0.050781034 0.130463600 166.727478027
0.130037725 0.058677632 -0.989771366 91.000671387 -0.056576580 0.997060001 0.051676609 -7.121235371 0.989893675 0.049277954 0.132975221 166.861267090
0.131953061 0.055426989 -0.989705265 89.914489746 -0.056571238 0.997229278 0.048305966 -7.080959320 0.989640534 0.049614713 0.134723067 167.008209229
0.134064913 0.051653754 -0.989625514 88.836318970 -0.055212788 0.997478724 0.044583961 -7.043238640 0.989433289 0.048662834 0.136578798 167.149749756
0.135260165 0.050160106 -0.989539683 87.750671387 -0.053504765 0.997630239 0.043256652 -7.018026829 0.989364505 0.047094177 0.137623489 167.293823242
0.135043085 0.050884612 -0.989532292 86.664123535 -0.052301385 0.997654259 0.044164613 -6.983889580 0.989458382 0.045789786 0.137387633 167.445281982
0.134842515 0.052261051 -0.989487827 85.578506470 -0.047507297 0.997800708 0.046226043 -6.955701828 0.989727437 0.040774662 0.137028754 167.593261719
0.134435356 0.052393198 -0.989536345 84.478286743 -0.044049576 0.997930050 0.046853177 -6.924379349 0.989942849 0.037289925 0.136465013 167.744750977
0.134016693 0.051561967 -0.989636719 83.378585815 -0.042471640 0.998026729 0.046247587 -6.890010834 0.990068495 0.035833545 0.135942161 167.889602661
0.132646978 0.052626383 -0.989765346 82.283340454 -0.040071707 0.998057723 0.047696941 -6.853115559 0.990353107 0.033334725 0.134498179 168.034851074
0.130416572 0.057077814 -0.989815056 81.176086426 -0.037902590 0.997898757 0.052549973 -6.813019276 0.990734637 0.030663155 0.132305920 168.191192627
0.128297031 0.061309371 -0.989839017 80.063232422 -0.036982346 0.997688890 0.057002153 -6.772206783 0.991046131 0.029293355 0.130267859 168.329605103
0.125495076 0.059417039 -0.990313470 78.944671631 -0.034918182 0.997851014 0.055444356 -6.735385895 0.991479635 0.027621942 0.127300143 168.461914062
0.122058392 0.051215120 -0.991200686 77.838867188 -0.033867069 0.998301148 0.047411539 -6.691596031 0.991944969 0.027782081 0.123585582 168.593902588
0.119040012 0.045473933 -0.991847634 76.722656250 -0.032603763 0.998590946 0.041870046 -6.654724121 0.992354095 0.027353751 0.120354891 168.722625732
0.115535975 0.047048561 -0.992188513 75.591354370 -0.032493848 0.998522043 0.043565124 -6.625407219 0.992771804 0.027206676 0.116894007 168.852539062
0.112361789 0.051135350 -0.992350817 74.446960449 -0.031508557 0.998356164 0.047877155 -6.585853577 0.993167758 0.025887975 0.113788307 168.976562500
0.109204054 0.052772868 -0.992617488 73.314926147 -0.032382887 0.998248518 0.049509600 -6.547077179 0.993491769 0.026737168 0.110721707 169.093887329
0.106616616 0.052722082 -0.992901504 72.172500610 -0.033590484 0.998214185 0.049397279 -6.502270222 0.993732691 0.028085468 0.108197153 169.208511353
0.104421735 0.054224391 -0.993053854 71.029373169 -0.034699142 0.998103261 0.050851420 -6.463863850 0.993927717 0.029148117 0.106105208 169.317413330
0.102245450 0.055206731 -0.993226171 69.879608154 -0.033977166 0.998070061 0.051978271 -6.415685177 0.994178832 0.028432470 0.103923857 169.430648804
0.100604355 0.055394944 -0.993383288 68.721069336 -0.032726932 0.998092771 0.052343164 -6.372451305 0.994388223 0.027244432 0.102225363 169.532608032
0.098678172 0.054167867 -0.993644118 67.567703247 -0.031447429 0.998188436 0.051292576 -6.336470604 0.994622469 0.026186086 0.100202858 169.645721436
0.096518099 0.053208333 -0.993908048 66.413696289 -0.030441107 0.998260796 0.050485227 -6.293343067 0.994865656 0.025382919 0.097969949 169.754669189
0.094421864 0.052134890 -0.994166255 65.244888306 -0.030736797 0.998304367 0.049432643 -6.250658035 0.995057702 0.025889961 0.095864236 169.861663818
0.092153847 0.052047782 -0.994383633 64.066284180 -0.031487022 0.998285890 0.049333997 -6.214593410 0.995246887 0.026763858 0.093634665 169.971649170
0.089831769 0.054222096 -0.994479895 62.885238647 -0.031824060 0.998163342 0.051548250 -6.172154427 0.995448411 0.027017718 0.091392338 170.070816040
0.087220371 0.057101075 -0.994551182 61.707260132 -0.031768527 0.998007536 0.054513473 -6.126055717 0.995682359 0.026840743 0.088860571 170.168304443
0.083981037 0.057483621 -0.994808137 60.525939941 -0.032718122 0.997955501 0.054903451 -6.081759930 0.995930254 0.027937388 0.085690081 170.270446777
0.081327558 0.056826383 -0.995066166 59.345657349 -0.033226382 0.997972965 0.054276768 -6.035331726 0.996133506 0.028648248 0.083050847 170.359985352
0.079741240 0.056476444 -0.995214581 58.186065674 -0.033293217 0.997987568 0.053966202 -5.996553421 0.996259570 0.028830551 0.081461012 170.438323975
0.078338265 0.056188654 -0.995342135 57.009552002 -0.033897527 0.997983217 0.053669848 -5.951248646 0.996350408 0.029535234 0.080084920 170.525787354
0.076668084 0.056555897 -0.995451391 55.839096069 -0.034603894 0.997939408 0.054032113 -5.914220333 0.996456027 0.030303951 0.078467131 170.607849121
0.075079322 0.057732031 -0.995505035 54.693695068 -0.035148181 0.997855544 0.055217527 -5.879984379 0.996558011 0.030844487 0.076947510 170.688354492
0.073476613 0.057606164 -0.995631874 53.526641846 -0.034272764 0.997886539 0.055207323 -5.837141991 0.996707916 0.030066606 0.075295627 170.777923584
0.072668910 0.057074971 -0.995721757 52.358489990 -0.033095293 0.997949421 0.054787330 -5.794341564 0.996806979 0.028972358 0.074408829 170.857971191
0.071747243 0.056136452 -0.995841980 51.198059082 -0.033920426 0.997974753 0.053812820 -5.752080441 0.996845961 0.029918453 0.073506117 170.928405762
0.070482910 0.055486754 -0.995968699 50.048660278 -0.032799404 0.998040736 0.053281035 -5.713085651 0.996973753 0.028911764 0.072164774 171.009338379
0.069271922 0.053387508 -0.996168375 48.899307251 -0.033909947 0.998115957 0.051133845 -5.674613476 0.997021496 0.030237865 0.070951760 171.079589844
0.069005251 0.048659097 -0.996428907 47.751251221 -0.031904988 0.998406470 0.046546169 -5.641887188 0.997106016 0.028579123 0.070447743 171.153579712
0.067346752 0.045628130 -0.996685803 46.612396240 -0.031505726 0.998552859 0.043584738 -5.611290455 0.997232139 0.028466014 0.068686843 171.225067139
0.066111445 0.045280788 -0.996784389 45.456085205 -0.029877964 0.998611689 0.043382153 -5.572793961 0.997364938 0.026913824 0.067372561 171.312713623
0.064251482 0.049344465 -0.996713102 44.305953979 -0.026868047 0.998500228 0.047700938 -5.548347473 0.997572064 0.023714874 0.065480888 171.386856079
0.063170791 0.052231926 -0.996635079 43.172760010 -0.026122430 0.998373926 0.050667312 -5.512867928 0.997660875 0.022833828 0.064432502 171.452575684
0.061879694 0.053891204 -0.996627748 42.054748535 -0.026090970 0.998287320 0.052360982 -5.487949848 0.997742653 0.022762893 0.063179791 171.519653320
0.060607433 0.053766407 -0.996712625 40.944290161 -0.026923476 0.998272955 0.052213434 -5.448298931 0.997798562 0.023670439 0.061950386 171.575897217
0.059391737 0.055285200 -0.996702790 39.835693359 -0.028815087 0.998144090 0.053648110 -5.409010410 0.997818887 0.025533812 0.060874581 171.632385254
0.057751894 0.057941988 -0.996648192 38.738204956 -0.031410515 0.997925520 0.056196135 -5.370622158 0.997836769 0.028059794 0.059452057 171.691925049
0.056848168 0.059294038 -0.996620595 37.643997192 -0.033245310 0.997793674 0.057467487 -5.332399845 0.997829199 0.029866034 0.058694005 171.743301392
0.055951178 0.058849435 -0.996697664 36.575607300 -0.034563549 0.997777283 0.056972902 -5.299051285 0.997835040 0.031261709 0.057860851 171.787445068
0.054966450 0.058654681 -0.996764004 35.512512207 -0.035605431 0.997753382 0.056749441 -5.259374619 0.997853279 0.032370888 0.056931376 171.836242676
0.053587794 0.059376478 -0.996796310 34.471817017 -0.037386533 0.997649968 0.057417426 -5.222197056 0.997863114 0.034189876 0.055681765 171.881027222
0.051241815 0.060076214 -0.996877730 33.432052612 -0.037781466 0.997591078 0.058177151 -5.187928677 0.997971416 0.034682393 0.053388119 171.937225342
0.048943937 0.061519872 -0.996905208 32.426666260 -0.038410775 0.997478902 0.059669469 -5.151387215 0.998062730 0.035371434 0.051183581 171.989669800
0.047551274 0.061521962 -0.996972382 31.428482056 -0.039112184 0.997450650 0.059685990 -5.114462376 0.998102784 0.036155619 0.049836338 172.023117065
0.045939147 0.061762661 -0.997033119 30.441177368 -0.039983880 0.997400701 0.059943140 -5.084613800 0.998143792 0.037111513 0.048289239 172.061035156
0.043793142 0.060958885 -0.997179091 29.486328125 -0.040567923 0.997421920 0.059192106 -5.041631699 0.998216569 0.037861280 0.046153188 172.098541260
0.042240322 0.060450271 -0.997277081 28.535369873 -0.040814281 0.997439146 0.058731377 -5.009495258 0.998273492 0.038222313 0.044599354 172.129974365
0.040297985 0.060119253 -0.997377455 27.601089478 -0.040781558 0.997455478 0.058476221 -4.973443985 0.998355150 0.038318131 0.042647243 172.166580200
0.038768291 0.059525333 -0.997473717 26.679611206 -0.041305687 0.997466385 0.057919487 -4.940555573 0.998394191 0.038955897 0.041128814 172.196075439
0.037752688 0.060400985 -0.997460186 25.774566650 -0.043002848 0.997345090 0.058766413 -4.906639576 0.998361588 0.040675018 0.040249884 172.225234985
0.037539542 0.060887203 -0.997438610 24.891479492 -0.044373557 0.997259021 0.059206203 -4.876643658 0.998309612 0.042037308 0.040138423 172.253936768
0.038620472 0.060349442 -0.997429907 24.028930664 -0.046616547 0.997196615 0.058530334 -4.845026970 0.998166025 0.044236269 0.041325510 172.278808594
0.041329622 0.059804164 -0.997354329 23.166244507 -0.048444390 0.997152984 0.057784595 -4.815446377 0.997970641 0.045927987 0.044109166 172.310958862
0.045591891 0.059056100 -0.997213125 22.322845459 -0.050863009 0.997093499 0.056723591 -4.791944504 0.997664571 0.048135113 0.048463166 172.338043213
0.051219583 0.058589906 -0.996967375 21.498077393 -0.052030705 0.997078419 0.055923332 -4.763876438 0.997331202 0.049008537 0.054118395 172.380813599
0.057913721 0.057695057 -0.996653140 20.696182251 -0.053457711 0.997075558 0.054613177 -4.728947639 0.996889412 0.050115932 0.060828626 172.424667358
0.066664398 0.057459895 -0.996119618 19.905471802 -0.054020606 0.997084022 0.053900242 -4.704200745 0.996312082 0.050217748 0.069574058 172.480560303
0.077253461 0.057155468 -0.995371997 19.109848022 -0.054356400 0.997112095 0.053036638 -4.678877354 0.995528758 0.050007559 0.080137134 172.541137695
0.088165522 0.056565527 -0.994498610 18.325744629 -0.053360231 0.997220993 0.051989820 -4.651103973 0.994675756 0.048482951 0.090938866 172.621353149
0.099848151 0.055202700 -0.993470252 17.562591553 -0.051698938 0.997398973 0.050225031 -4.628242493 0.993658721 0.046346474 0.102442384 172.703277588
0.111253917 0.055910945 -0.992218018 16.795928955 -0.049629368 0.997482955 0.050642855 -4.611508846 0.992552042 0.043608934 0.113748670 172.787887573
0.122487426 0.056656018 -0.990851700 16.048797607 -0.047020592 0.997579455 0.051228099 -4.588106155 0.991355658 0.040315628 0.124854922 172.884643555
0.133417130 0.057812937 -0.989372373 15.313232422 -0.044721030 0.997631371 0.052264903 -4.567192078 0.990050495 0.037272710 0.135686576 172.990768433
0.144019902 0.058555331 -0.987840950 14.579193115 -0.043391667 0.997661352 0.052811261 -4.548758507 0.988623083 0.035258185 0.146223903 173.094100952
0.153634012 0.057648987 -0.986444712 13.867782593 -0.039227709 0.997865558 0.052206904 -4.522577286 0.987348855 0.030675210 0.155567527 173.217407227
0.162171245 0.056785356 -0.985127389 13.172439575 -0.036784656 0.997996747 0.051471706 -4.499442101 0.986076832 0.027890336 0.163935244 173.338729858
0.169117987 0.056762110 -0.983960032 12.466140747 -0.033320151 0.998098850 0.051850844 -4.476490021 0.985032499 0.024016777 0.170687795 173.471939087
0.173845768 0.056952588 -0.983124673 11.791687012 -0.029084278 0.998187721 0.052682225 -4.459483147 0.984343350 0.019434888 0.175187171 173.596313477
0.175712109 0.057227168 -0.982776821 11.108398438 -0.024694424 0.998251021 0.053713080 -4.436133385 0.984131813 0.014831076 0.176817954 173.731140137
0.176315844 0.057496130 -0.982653022 10.453765869 -0.020947287 0.998285711 0.054652285 -4.409511089 0.984110773 0.010947851 0.177217960 173.850921631
0.175125837 0.057299692 -0.982877314 9.817901611 -0.017092491 0.998331487 0.055155158 -4.392796993 0.984397769 0.007140722 0.175813019 173.966339111
0.171869040 0.057347734 -0.983449042 9.181381226 -0.014113425 0.998345017 0.055749867 -4.372581959 0.985018611 0.004298169 0.172393918 174.085784912
0.168504775 0.058047403 -0.983990192 8.578033447 -0.011269853 0.998312712 0.056962393 -4.354971409 0.985636413 0.001490986 0.168874681 174.184890747
0.164241791 0.058255780 -0.984698474 7.988204956 -0.009432246 0.998301685 0.057487328 -4.328219414 0.986375093 -0.000153909 0.164512336 174.283157349
0.159807503 0.059398856 -0.985359490 7.414260864 -0.007044739 0.998231232 0.059032250 -4.308225632 0.987123072 -0.002492198 0.159943283 174.374328613
0.155360222 0.060019325 -0.986032963 6.848892212 -0.004645191 0.998185933 0.060027175 -4.283518314 0.987847030 -0.004745523 0.155357182 174.457199097
0.151155114 0.060362227 -0.986665428 6.320846558 -0.003009445 0.998157322 0.060604241 -4.261548519 0.988505542 -0.006191330 0.151058257 174.532714844
0.146286845 0.060239594 -0.987406433 5.805480957 -0.001797318 0.998158753 0.060629297 -4.241444111 0.989240646 -0.007094583 0.146125734 174.606781006
0.141810060 0.060406182 -0.988049090 5.323089600 -0.001342273 0.998147190 0.060830895 -4.231664181 0.989892960 -0.007300203 0.141628444 174.668731689
0.137574553 0.058921769 -0.988737345 4.852127075 -0.000543660 0.998233378 0.059412021 -4.215512276 0.990491331 -0.007636049 0.137363553 174.733184814
0.133532941 0.056416757 -0.989437401 4.414947510 -0.000994119 0.998385489 0.056792811 -4.198595047 0.991043985 -0.006600097 0.133373380 174.782379150
0.129206598 0.054545730 -0.990116358 4.007095337 -0.001614508 0.998496234 0.054796692 -4.188429356 0.991616368 -0.005481539 0.129100323 174.836044312
0.124997020 0.053667076 -0.990704715 3.622421265 -0.002118392 0.998548150 0.053824689 -4.176153183 0.992154956 -0.004629231 0.124929190 174.880599976
0.121434450 0.052732300 -0.991197765 3.259735107 -0.001575557 0.998596847 0.052932911 -4.166094780 0.992598236 -0.004866187 0.121347129 174.923385620
0.118273675 0.051611070 -0.991638958 2.916839600 -0.002174450 0.998659432 0.051717117 -4.153920650 0.992978752 -0.003960507 0.118227363 174.961914062
0.115195215 0.050731417 -0.992046535 2.605316162 -0.002852435 0.998707771 0.050740834 -4.142820358 0.993338764 -0.003015352 0.115191042 174.991622925
0.112183511 0.050623246 -0.992397189 2.315216064 -0.004447078 0.998717070 0.050442915 -4.134029865 0.993677616 -0.001245596 0.112264693 175.021438599
0.109907091 0.050703540 -0.992647767 2.044494629 -0.005995095 0.998713672 0.050349597 -4.126540661 0.993923783 0.000417237 0.110069692 175.043655396
0.107333779 0.050520770 -0.992938638 1.794433594 -0.006126041 0.998722792 0.050152861 -4.122533798 0.994204164 0.000699688 0.107506156 175.068572998
0.105287671 0.049969181 -0.993185639 1.557800293 -0.006065067 0.998750448 0.049606204 -4.118955612 0.994423389 0.000800809 0.105459213 175.088027954
0.103265345 0.048171204 -0.993486822 1.331634521 -0.005946812 0.998838603 0.047812577 -4.111773491 0.994636178 0.000970692 0.103431880 175.111343384
0.101040184 0.046005588 -0.993818164 1.108428955 -0.006087724 0.998940170 0.045623764 -4.107565403 0.994863808 0.001440253 0.101213157 175.133605957
0.099445879 0.044435769 -0.994050324 0.902084351 -0.006126669 0.999010801 0.044044595 -4.101213455 0.995024145 0.001710162 0.099619746 175.145233154
0.097421587 0.043729056 -0.994282067 0.697723389 -0.004982819 0.999043167 0.043450229 -4.091645718 0.995230734 0.000721337 0.097546220 175.169067383
0.095542967 0.042611513 -0.994512856 0.496093750 -0.004163433 0.999091685 0.042407721 -4.085518360 0.995416641 0.000088826 0.095633626 175.185195923
0.093725502 0.040884249 -0.994758308 0.300964355 -0.004877613 0.999163330 0.040605735 -4.084376812 0.995586157 0.001046253 0.093846500 175.194442749
0.091321528 0.039655309 -0.995031714 0.098937988 -0.005931469 0.999210715 0.039277487 -4.076047897 0.995803893 0.002315115 0.091484666 175.215866089
0.089449346 0.040109005 -0.995183527 -0.099945068 -0.005292946 0.999193847 0.039794896 -4.073419094 0.995977402 0.001707823 0.089589477 175.229064941
0.087736547 0.040440556 -0.995322645 -0.299560547 -0.003555816 0.999181926 0.040283930 -4.064049721 0.996137500 0.000004804 0.087808609 175.245193481
0.085958660 0.040921714 -0.995458007 -0.500686646 -0.002313688 0.999161601 0.040874179 -4.059685230 0.996296048 -0.001210313 0.085981309 175.258880615
0.084138572 0.041416138 -0.995593131 -0.700454712 -0.001290753 0.999139547 0.041454591 -4.056369781 0.996453345 -0.002202869 0.084119618 175.271057129
0.081526935 0.042081375 -0.995782435 -0.899337769 -0.000811660 0.999110758 0.042155582 -4.052891731 0.996670842 -0.002628582 0.081488609 175.290328979
0.079165995 0.042329568 -0.995962441 -1.091049194 -0.000991242 0.999100924 0.042384170 -4.045635223 0.996861041 -0.002368150 0.079136789 175.300476074
0.076803625 0.043281417 -0.996106446 -1.296737671 -0.002513370 0.999062598 0.043216079 -4.041446686 0.997043133 -0.000815569 0.076840401 175.307403564
0.073863864 0.043161064 -0.996334016 -1.496398926 -0.006181820 0.999063611 0.042821020 -4.033526421 0.997249246 0.002996228 0.074061513 175.315155029
0.069932699 0.039462678 -0.996770918 -1.713363647 -0.010209047 0.999193192 0.038842320 -4.031701088 0.997499526 0.007459733 0.070279121 175.327880859
0.067110717 0.035504702 -0.997113645 -1.930404663 -0.012169012 0.999321461 0.034764282 -4.033380508 0.997671366 0.009800832 0.067497194 175.330596924
0.063848019 0.033246819 -0.997405708 -2.181594849 -0.012642121 0.999391675 0.032503743 -4.027700424 0.997879565 0.010534024 0.064229488 175.342788696
0.060434163 0.033420600 -0.997612596 -2.453186035 -0.013273374 0.999377847 0.032675654 -4.022539139 0.998084009 0.011266957 0.060840189 175.353576660
0.056929290 0.032747064 -0.997841001 -2.744186401 -0.013065275 0.999400795 0.032052845 -4.013105392 0.998292744 0.011212319 0.057323039 175.363525391
0.053399205 0.031163896 -0.998086929 -3.051239014 -0.012868465 0.999451399 0.030518018 -4.005943775 0.998490393 0.011214205 0.053770959 175.376602173
0.049884319 0.028996352 -0.998333991 -3.375701904 -0.012371721 0.999519706 0.028412607 -3.996173859 0.998678386 0.010933767 0.050219059 175.393951416
0.047430277 0.026786551 -0.998515308 -3.715255737 -0.014742801 0.999550223 0.026114020 -3.990741253 0.998765767 0.013482317 0.047803879 175.394546509
0.045765698 0.024976753 -0.998640001 -4.082290649 -0.017920278 0.999547064 0.024178190 -3.979513645 0.998791516 0.016789371 0.046192527 175.402770996
0.045882404 0.023634924 -0.998667300 -4.477310181 -0.021677421 0.999508202 0.022658886 -3.971110582 0.998711705 0.020608885 0.046372175 175.415313721
0.046838164 0.023065874 -0.998636246 -4.898605347 -0.024794662 0.999452174 0.021921797 -3.961954594 0.998594820 0.023734065 0.047384441 175.428436279
0.048031032 0.025733136 -0.998514354 -5.343429565 -0.025858469 0.999365091 0.024511205 -3.955404043 0.998511076 0.024642752 0.048665941 175.442047119
0.048948884 0.029553397 -0.998363972 -5.815750122 -0.025510259 0.999273062 0.028329562 -3.945889950 0.998475432 0.024081822 0.049667239 175.466583252
0.050129533 0.034813635 -0.998135805 -6.304473877 -0.026899630 0.999076784 0.033495471 -3.934293747 0.998380482 0.025170367 0.051019728 175.489562988
0.052093744 0.039050050 -0.997878492 -6.813720703 -0.029217193 0.998867035 0.037563466 -3.913928032 0.998214781 0.027198382 0.053175688 175.502273560
0.052547157 0.044567313 -0.997623622 -7.342208862 -0.028692683 0.998658538 0.043102238 -3.896258354 0.998206317 0.026359584 0.053755403 175.532699585
0.053207994 0.049347322 -0.997363448 -7.893142700 -0.020284073 0.998625576 0.048327640 -3.883839607 0.998377502 0.017659171 0.054135859 175.573089600
0.054241478 0.048792168 -0.997335017 -8.445968628 -0.011143406 0.998772800 0.048256457 -3.863609314 0.998465657 0.008496209 0.054718614 175.622314453
0.054355323 0.047408778 -0.997395635 -9.024398804 -0.004902171 0.998872876 0.047211841 -3.838716984 0.998509705 0.002323184 0.054526508 175.660690308
0.052935779 0.045317534 -0.997569084 -9.623031616 -0.007301269 0.998960614 0.044993307 -3.813071251 0.998571217 0.004901765 0.053211629 175.684173584
0.051266074 0.043992434 -0.997715652 -10.247817993 -0.009821452 0.999003232 0.043544549 -3.789172888 0.998636723 0.007566658 0.051647007 175.709533691
0.049572527 0.044536576 -0.997777224 -10.874481201 -0.004770542 0.999004483 0.044354346 -3.761212349 0.998759270 0.002561174 0.049735606 175.741943359
0.046783984 0.047955126 -0.997753382 -11.532562256 0.004864882 0.998824179 0.048234709 -3.734171867 0.998893321 -0.007110571 0.046495676 175.786056519
0.043781936 0.049463760 -0.997815967 -12.214813232 0.005914264 0.998743236 0.049769238 -3.708052635 0.999023676 -0.008080344 0.043434381 175.818939209
0.041528940 0.045859613 -0.998084307 -12.902679443 0.006052313 0.998916209 0.046149664 -3.683537483 0.999118984 -0.007957269 0.041206419 175.835662842
0.037994206 0.037944052 -0.998557329 -13.612243652 0.001848865 0.999274433 0.038041651 -3.670091152 0.999276280 -0.003291562 0.037896514 175.845809937
0.035920858 0.026869375 -0.998993337 -14.329483032 -0.000130611 0.999638617 0.026882034 -3.644649506 0.999354601 -0.000835145 0.035911381 175.873687744
0.035136044 0.021920510 -0.999142230 -15.081649780 -0.002743090 0.999757767 0.021837553 -3.619341373 0.999378860 0.001973450 0.035187662 175.898468018
0.033736885 0.026491337 -0.999079585 -15.844985962 -0.000051265 0.999648690 0.026504695 -3.605587006 0.999430776 -0.000842969 0.033726394 175.922790527
0.033365548 0.032984279 -0.998898864 -16.628662109 0.001321036 0.999452949 0.033046704 -3.589560747 0.999442399 -0.002422204 0.033303678 175.935134888
0.032502770 0.037791766 -0.998757005 -17.434234619 0.002450898 0.999278843 0.037891276 -3.571735144 0.999468744 -0.003679428 0.032386720 175.959472656
0.030738533 0.035436314 -0.998899221 -18.250671387 -0.001562924 0.999371827 0.035404991 -3.547604799 0.999526381 0.000472901 0.030774593 175.977767944
0.030005574 0.030925227 -0.999071360 -19.087753296 -0.004241630 0.999516189 0.030811612 -3.523685932 0.999540865 0.003313166 0.030122221 175.984680176
0.028641164 0.028198639 -0.999192059 -19.931716919 -0.004683044 0.999594808 0.028075773 -3.501618862 0.999578893 0.003875133 0.028761625 176.013442993
0.028007746 0.029264301 -0.999179363 -20.801361084 -0.005607210 0.999560237 0.029118285 -3.473728418 0.999592125 0.004787066 0.028159499 176.031936646
0.027360976 0.033027582 -0.999079883 -21.686309814 -0.007294795 0.999433994 0.032839514 -3.455091000 0.999599040 0.006389561 0.027586401 176.050415039
0.026838601 0.036379203 -0.998977602 -22.590728760 -0.007561765 0.999316394 0.036188386 -3.432464600 0.999611199 0.006582787 0.027095318 176.065322876
0.026353359 0.038666312 -0.998904645 -23.492828369 -0.007148622 0.999233425 0.038490444 -3.407835484 0.999627173 0.006126435 0.026609600 176.084289551
0.026502252 0.040927120 -0.998810649 -24.408874512 -0.008329334 0.999135911 0.040719438 -3.387715101 0.999614120 0.007240268 0.026820242 176.095153809
0.026224673 0.042179178 -0.998765826 -25.350189209 -0.007608834 0.999088943 0.041993037 -3.361568213 0.999627113 0.006498191 0.026521683 176.129760742
0.027067423 0.039564803 -0.998850346 -26.288360596 -0.009988504 0.999177277 0.039307076 -3.329879761 0.999583721 0.008913080 0.027440369 176.148239136
0.029169023 0.037136018 -0.998884439 -27.237930298 -0.010458386 0.999266267 0.036844816 -3.307761908 0.999519825 0.009371989 0.029535949 176.170562744
0.030439019 0.036560781 -0.998867810 -28.214401245 -0.011255926 0.999279976 0.036232863 -3.276642799 0.999473274 0.010140290 0.030828595 176.193313599
0.032181144 0.038581707 -0.998737216 -29.192733765 -0.010936349 0.999208450 0.038247526 -3.248867989 0.999422371 0.009691683 0.032577634 176.224151611
0.034005284 0.040541176 -0.998599112 -30.175079346 -0.011816088 0.999123394 0.040160090 -3.223659039 0.999351859 0.010433878 0.034454525 176.251693726
0.035650611 0.040994674 -0.998523176 -31.171630859 -0.011277097 0.999111176 0.040616184 -3.199585438 0.999300718 0.009812448 0.036081195 176.284530640
0.037500679 0.041006863 -0.998454988 -32.172332764 -0.011079857 0.999113321 0.040617757 -3.168626070 0.999235272 0.009539539 0.037921727 176.317276001
0.038158715 0.040772766 -0.998439550 -33.190673828 -0.009435311 0.999137402 0.040440664 -3.146515608 0.999227166 0.007877424 0.038510501 176.356781006
0.038717508 0.040481877 -0.998429894 -34.204544067 -0.008651569 0.999155164 0.040175788 -3.119319916 0.999212801 0.007082476 0.039035082 176.395278931
0.038435280 0.039263628 -0.998489439 -35.232864380 -0.008316427 0.999205709 0.038971666 -3.090390682 0.999226511 0.006805977 0.038731277 176.437652588
0.038040936 0.039922815 -0.998478413 -36.253204346 -0.007804843 0.999182999 0.039653629 -3.067202091 0.999245763 0.006284504 0.038321495 176.466720581
0.037200689 0.040970020 -0.998467624 -37.288635254 -0.007026153 0.999145210 0.040736046 -3.041230440 0.999283135 0.005499977 0.037456751 176.505630493
0.036006689 0.041570634 -0.998486638 -38.333999634 -0.010288951 0.999096930 0.041225012 -3.012005329 0.999298632 0.008788998 0.036401927 176.539306641
0.034856617 0.039579321 -0.998608351 -39.370620728 -0.011484633 0.999165356 0.039200526 -2.987613440 0.999326408 0.010102250 0.035282075 176.569412231
0.034190893 0.037506219 -0.998711407 -40.412689209 -0.011715714 0.999241948 0.037125058 -2.958430052 0.999346733 0.010431274 0.034604430 176.599029541
0.033421516 0.039162599 -0.998673916 -41.469207764 -0.013204249 0.999162078 0.038739853 -2.932126522 0.999354303 0.011891983 0.033910632 176.630340576
0.033139884 0.041708920 -0.998580158 -42.504379272 -0.015277184 0.999033272 0.041220844 -2.906760931 0.999334037 0.013889432 0.033745050 176.655731201
0.032601237 0.042859092 -0.998549223 -43.565933228 -0.014848442 0.998990655 0.042393263 -2.878628254 0.999358296 0.013444821 0.033204675 176.692001343
0.033172846 0.043290868 -0.998511732 -44.617050171 -0.013200209 0.998993337 0.042873207 -2.851001263 0.999362528 0.011758330 0.033710897 176.718490601
0.033481836 0.044568073 -0.998445094 -45.685081482 -0.012259201 0.998948395 0.044179440 -2.817029953 0.999364138 0.010760934 0.033992946 176.753784180
0.034209311 0.045959394 -0.998357415 -46.744270325 -0.010824346 0.998900533 0.045613494 -2.788954735 0.999356091 0.009246157 0.034669220 176.780014038
0.033686817 0.046147164 -0.998366475 -47.804252625 -0.011831670 0.998881876 0.045771759 -2.756951332 0.999362350 0.010270438 0.034195125 176.814544678
0.033745766 0.045494705 -0.998394430 -48.867012024 -0.012829644 0.998900831 0.045084137 -2.727967262 0.999348104 0.011287647 0.034292340 176.839172363
0.033584654 0.044296253 -0.998453856 -49.926277161 -0.015648426 0.998918176 0.043790493 -2.695830345 0.999313474 0.014153536 0.034241498 176.867523193
0.034345865 0.041300654 -0.998556376 -50.984786987 -0.017412011 0.999018848 0.040720891 -2.671647310 0.999258399 0.015988275 0.035031259 176.885192871
0.034307837 0.039879866 -0.998615384 -52.047363281 -0.021270286 0.999006331 0.039164733 -2.639182568 0.999184966 0.019897176 0.035121977 176.908355713
0.032935858 0.044257853 -0.998477101 -53.122726440 -0.024057286 0.998764753 0.043477051 -2.618482590 0.999167919 0.022588694 0.033959866 176.951858521
0.032944202 0.052279610 -0.998089015 -54.195465088 -0.023533830 0.998394668 0.051518835 -2.584581375 0.999180138 0.021791605 0.034121633 176.977371216
0.032343686 0.058426391 -0.997767687 -55.263069153 -0.024335846 0.998040020 0.057653472 -2.542127609 0.999180555 0.022416795 0.033702135 177.009857178
0.031802475 0.057974510 -0.997811496 -56.334434509 -0.025972966 0.998027146 0.057159226 -2.503808498 0.999156773 0.024098309 0.033245504 177.043151855
0.031431913 0.051893488 -0.998158038 -57.387329102 -0.027812397 0.998310030 0.051025581 -2.463531017 0.999119043 0.026157321 0.032822073 177.071701050
0.032032132 0.044150501 -0.998511434 -58.450187683 -0.028042780 0.998670280 0.043257922 -2.427599907 0.999093533 0.026615381 0.033227623 177.094390869
0.032844007 0.039366938 -0.998685002 -59.507621765 -0.027394287 0.998884022 0.038473863 -2.404558182 0.999085128 0.026094621 0.033885777 177.115982056
0.033349574 0.040253159 -0.998632908 -60.576599121 -0.026889697 0.998863041 0.039364450 -2.374325991 0.999082088 0.025540143 0.034394026 177.156127930
0.033470273 0.041305516 -0.998585939 -61.638832092 -0.025653258 0.998851895 0.040456682 -2.349970341 0.999110520 0.024262877 0.034491479 177.188659668
0.033610225 0.043070927 -0.998506725 -62.712448120 -0.022902578 0.998841822 0.042314474 -2.321627855 0.999172747 0.021446167 0.034557760 177.228668213
0.033473074 0.042698745 -0.998527169 -63.776397705 -0.021298438 0.998890579 0.042000309 -2.295045376 0.999212682 0.019861184 0.034345388 177.256805420
0.033583283 0.042030163 -0.998551905 -64.845527649 -0.019593509 0.998951018 0.041387998 -2.268071175 0.999243975 0.018175185 0.034371555 177.287933350
0.032261908 0.039232802 -0.998709142 -65.915763855 -0.018619508 0.999079466 0.038645871 -2.241810083 0.999306023 0.017348683 0.032962739 177.322906494
0.030952990 0.038867287 -0.998764873 -66.997634888 -0.018158413 0.999100626 0.038317598 -2.218181133 0.999355912 0.016949942 0.031630874 177.359558105
0.030706823 0.041203540 -0.998678863 -68.076400757 -0.015953932 0.999042869 0.040728018 -2.193476677 0.999401152 0.014682222 0.031334817 177.383224487
0.029636979 0.045076583 -0.998543978 -69.160682678 -0.014640268 0.998895049 0.044657912 -2.161371231 0.999453664 0.013295417 0.030264139 177.409149170
0.029335737 0.048523288 -0.998391211 -70.238525391 -0.015152737 0.998727858 0.048094418 -2.129863739 0.999454796 0.013717472 0.030033648 177.433776855
0.028165758 0.045136880 -0.998583734 -71.313980103 -0.014854020 0.998888612 0.044731691 -2.096884251 0.999493003 0.013573076 0.028804958 177.464645386
0.027073324 0.040537756 -0.998811305 -72.384017944 -0.017138360 0.999049366 0.040082876 -2.069705486 0.999486685 0.016032800 0.027742386 177.488891602
0.026858151 0.037455436 -0.998937428 -73.458190918 -0.018914180 0.999137938 0.036954418 -2.040826082 0.999460459 0.017901547 0.027543426 177.507110596
0.025807917 0.038926624 -0.998908758 -74.540252686 -0.019428939 0.999072373 0.038431030 -2.012646198 0.999478102 0.018415909 0.026540279 177.539245605
0.025855899 0.043708660 -0.998709679 -75.613609314 -0.020262871 0.998861313 0.043190707 -1.982996464 0.999460280 0.019119993 0.026712120 177.549560547
0.025281489 0.046852849 -0.998581827 -76.706947327 -0.019847568 0.998727739 0.046357207 -1.950462818 0.999483347 0.018647442 0.026179194 177.577163696
0.024468482 0.046123002 -0.998636067 -77.787155151 -0.020624496 0.998745799 0.045622732 -1.922005653 0.999487877 0.019480048 0.025389016 177.597198486
0.023730457 0.043522697 -0.998770714 -78.853118896 -0.021922324 0.998834312 0.043004606 -1.896001816 0.999478161 0.020874847 0.024656892 177.608810425
0.022078693 0.042194035 -0.998865604 -79.926567078 -0.025724063 0.998802185 0.041622758 -1.856932163 0.999425411 0.024775892 0.023137629 177.624298096
0.020375252 0.041990511 -0.998910367 -81.005599976 -0.029163392 0.998717487 0.041387547 -1.837952137 0.999367118 0.028288325 0.021573722 177.626770020
0.018244624 0.042243186 -0.998940945 -82.078155518 -0.029003166 0.998708963 0.041703667 -1.810369015 0.999413013 0.028211569 0.019446254 177.650634766
0.015510380 0.039182846 -0.999111772 -83.164413452 -0.029593784 0.998812079 0.038711675 -1.784450293 0.999441803 0.028967058 0.016651511 177.653305054
0.011795700 0.039847825 -0.999136209 -84.255554199 -0.027657365 0.998836339 0.039509345 -1.754993677 0.999547958 0.027167428 0.012884080 177.667968750
0.009337187 0.038131725 -0.999229133 -85.340637207 -0.022919651 0.999018312 0.037909508 -1.730384111 0.999693751 0.022548012 0.010201991 177.673492432
0.008211493 0.034653075 -0.999365807 -86.426666260 -0.022374995 0.999155521 0.034461938 -1.701350689 0.999716043 0.022077814 0.008979917 177.670806885
0.005788326 0.030309318 -0.999523997 -87.509437561 -0.022033982 0.999301732 0.030174980 -1.685889959 0.999740601 0.021848822 0.006452143 177.676193237
0.002944112 0.029314633 -0.999566019 -88.593017578 -0.022256980 0.999324560 0.029241998 -1.664456367 0.999748051 0.022161223 0.003594577 177.677093506
0.001153827 0.033034727 -0.999453664 -89.676704407 -0.023548713 0.999177933 0.032998428 -1.652759790 0.999722123 0.023497766 0.001930833 177.659561157
-0.000696063 0.037217766 -0.999306977 -90.777359009 -0.023931006 0.999020398 0.037223760 -1.630156755 0.999713421 0.023940330 0.000195265 177.644927979
-0.003044009 0.042252168 -0.999102354 -91.882301331 -0.024654806 0.998800099 0.042314507 -1.609231472 0.999691367 0.024761483 -0.001998663 177.642883301
-0.005252957 0.042541079 -0.999080956 -92.981277466 -0.024650926 0.998785555 0.042658113 -1.578934669 0.999682367 0.024852350 -0.004197836 177.630523682
-0.007476211 0.039336715 -0.999198139 -94.075096130 -0.023490041 0.998943329 0.039502442 -1.552588463 0.999696195 0.023766525 -0.006544232 177.611740112
-0.010058761 0.034305699 -0.999360859 -95.167434692 -0.021812674 0.999166012 0.034518562 -1.530269861 0.999711573 0.022145942 -0.009302020 177.596893311
-0.012890935 0.031653330 -0.999415815 -96.266006470 -0.021043865 0.999268889 0.031920113 -1.513884306 0.999695480 0.021443050 -0.012215376 177.590301514
-0.015651822 0.031519666 -0.999380529 -97.365959167 -0.020892167 0.999274492 0.031843521 -1.492301702 0.999659181 0.021377632 -0.014981866 177.568603516
-0.018863320 0.034302097 -0.999233484 -98.467903137 -0.021394502 0.999168634 0.034703750 -1.474104643 0.999593139 0.022032732 -0.018113732 177.547576904
-0.021084070 0.036798190 -0.999100327 -99.566368103 -0.021982001 0.999063790 0.037260730 -1.457215309 0.999536097 0.022747828 -0.020255446 177.511016846
-0.023455381 0.036602199 -0.999054611 -100.684982300 -0.023682680 0.999028742 0.037157264 -1.428908825 0.999444366 0.024531828 -0.022565722 177.481307983
-0.026477814 0.036381286 -0.998987138 -101.790382385 -0.023702223 0.999033749 0.037011202 -1.403427124 0.999368370 0.024658194 -0.025589943 177.456222534
-0.028468490 0.035931140 -0.998948812 -102.881263733 -0.023256948 0.999059439 0.036597904 -1.376201630 0.999324203 0.024274381 -0.027606130 177.409179688
-0.031201243 0.035467390 -0.998883665 -103.987426758 -0.021606449 0.999112785 0.036150426 -1.359337807 0.999279559 0.022710267 -0.030407190 177.374206543
-0.034011483 0.033601705 -0.998856485 -105.082420349 -0.020564206 0.999199510 0.034313463 -1.336627960 0.999209940 0.021707738 -0.033293247 177.331420898
-0.036206245 0.032957219 -0.998800814 -106.183143616 -0.019832749 0.999235511 0.033690494 -1.317211866 0.999147534 0.021028768 -0.035524964 177.286834717
-0.037999392 0.033572089 -0.998713613 -107.293357849 -0.018554790 0.999239445 0.034295741 -1.295946121 0.999105453 0.019834137 -0.037347555 177.241638184
-0.039924145 0.033293620 -0.998647928 -108.400306702 -0.019255746 0.999233484 0.034082953 -1.275706291 0.999017239 0.020590443 -0.039252520 177.189331055
-0.041644692 0.031497139 -0.998636007 -109.494567871 -0.015783867 0.999357522 0.032178111 -1.256358147 0.999007881 0.017102379 -0.041120768 177.148162842
-0.043610811 0.032426156 -0.998522282 -110.589355469 -0.013053013 0.999369323 0.033023760 -1.238217354 0.998963356 0.014473912 -0.043160081 177.096313477
-0.045156598 0.035511535 -0.998348713 -111.691757202 -0.013261707 0.999258578 0.036143746 -1.213212490 0.998892069 0.014871929 -0.044652224 177.036941528
-0.047183275 0.037055220 -0.998198748 -112.795944214 -0.012135969 0.999216676 0.037666656 -1.197480202 0.998812556 0.013891340 -0.046696544 176.988433838
-0.048614860 0.035400622 -0.998190045 -113.914794922 -0.012175970 0.999276459 0.036032155 -1.167452812 0.998743355 0.013905632 -0.048148632 176.934234619
-0.050233006 0.033904038 -0.998162031 -115.035652161 -0.012856387 0.999318898 0.034590337 -1.144958019 0.998654902 0.014570324 -0.049762845 176.870452881
-0.051317573 0.033717953 -0.998113215 -116.140625000 -0.012562211 0.999329031 0.034404911 -1.131371021 0.998603523 0.014304078 -0.050859571 176.803039551
-0.052248597 0.033063613 -0.998086751 -117.249855042 -0.010807179 0.999374509 0.033672020 -1.111859798 0.998575807 0.012545811 -0.051858664 176.740097046
-0.053394675 0.031762913 -0.998068273 -118.358795166 -0.009328608 0.999434531 0.032305457 -1.087998867 0.998530030 0.011035523 -0.053068161 176.672668457
-0.054561257 0.031507395 -0.998013258 -119.475196838 -0.008654582 0.999449551 0.032025885 -1.067101002 0.998472989 0.010384760 -0.054258585 176.608184814
-0.054808497 0.034296785 -0.997907758 -120.597976685 -0.006791684 0.999373972 0.034720201 -1.053562641 0.998473823 0.008680432 -0.054541230 176.541656494
-0.054198384 0.036304034 -0.997870028 -121.709960938 -0.001797312 0.999333680 0.036454905 -1.029726028 0.998528600 0.003769279 -0.054097056 176.477996826
-0.053823471 0.035873372 -0.997906089 -122.834846497 -0.001203729 0.999351442 0.035990261 -1.005962372 0.998549938 0.003138323 -0.053745389 176.413284302
-0.054503441 0.032613732 -0.997980773 -123.952972412 -0.003566549 0.999453723 0.032856647 -0.983386517 0.998507202 0.005350147 -0.054357409 176.344085693
-0.054165959 0.029340629 -0.998100877 -125.076995850 -0.002517137 0.999561012 0.029520156 -0.965815067 0.998528898 0.004111340 -0.054068327 176.277862549
-0.053605795 0.028400425 -0.998158216 -126.183303833 -0.005971035 0.999568462 0.028761223 -0.948555470 0.998544276 0.007501806 -0.053413153 176.217330933
-0.053997874 0.029608326 -0.998102069 -127.310882568 -0.009994288 0.999494195 0.030190321 -0.929117680 0.998491108 0.011605528 -0.053674698 176.149032593
-0.054201365 0.032216214 -0.998010159 -128.437530518 -0.009276739 0.999419987 0.032765534 -0.908626080 0.998486936 0.011034215 -0.053871036 176.079833984
-0.054876685 0.034693785 -0.997890234 -129.566696167 -0.007783707 0.999350965 0.035172615 -0.890056610 0.998462796 0.009697443 -0.054571033 176.012939453
-0.055673957 0.036318257 -0.997788310 -130.706588745 -0.009998834 0.999267817 0.036930021 -0.862651348 0.998399019 0.012032758 -0.055270076 175.945846558
-0.056286812 0.036725577 -0.997739017 -131.833633423 -0.009702079 0.999255955 0.037328750 -0.847192287 0.998367548 0.011781253 -0.055888653 175.875061035
-0.056938410 0.034755226 -0.997772694 -132.944747925 -0.010709245 0.999315143 0.035420086 -0.823442459 0.998320401 0.012702150 -0.056527257 175.807601929
-0.058123469 0.032487534 -0.997780740 -134.075790405 -0.011910723 0.999376655 0.033233333 -0.797076702 0.998238444 0.013815923 -0.057700396 175.744598389
-0.057729006 0.031603117 -0.997832060 -135.210952759 -0.013833605 0.999377549 0.032452404 -0.771664619 0.998236537 0.015677057 -0.057255864 175.661499023
-0.057879448 0.031865194 -0.997814953 -136.342926025 -0.015853742 0.999335110 0.032833356 -0.751916885 0.998197734 0.017719476 -0.057335854 175.591903687
-0.058128715 0.032238383 -0.997788608 -137.481552124 -0.015362210 0.999331236 0.033183191 -0.729214191 0.998191059 0.017257126 -0.057594657 175.523773193
-0.058138371 0.033441026 -0.997748375 -138.602279663 -0.016422983 0.999271512 0.034449037 -0.713306427 0.998173535 0.018388811 -0.057546735 175.442230225
-0.058197618 0.033903282 -0.997729242 -139.754913330 -0.015021687 0.999280274 0.034832202 -0.700212479 0.998192072 0.017014725 -0.057646394 175.383621216
-0.057926059 0.033104848 -0.997771859 -140.891479492 -0.013482186 0.999332964 0.033939358 -0.668716908 0.998229861 0.015418119 -0.057441115 175.315185547
-0.057314992 0.034560937 -0.997757852 -142.041320801 -0.013298224 0.999285519 0.035377756 -0.648218155 0.998267651 0.015296081 -0.056814432 175.239929199
-0.057697892 0.033267643 -0.997779727 -143.173309326 -0.011587499 0.999355018 0.033990230 -0.635894775 0.998266935 0.013522934 -0.057275176 175.170623779
-0.058153749 0.029173378 -0.997881472 -144.326065063 -0.011511745 0.999486864 0.029891187 -0.615016460 0.998241425 0.013225635 -0.057788014 175.104965210
-0.057541609 0.028222747 -0.997944176 -145.471801758 -0.012776804 0.999497652 0.029003395 -0.594128609 0.998261392 0.014419436 -0.057152033 175.022537231
-0.057709098 0.031770069 -0.997827947 -146.614913940 -0.013863889 0.999371648 0.032621037 -0.576368332 0.998237312 0.015716301 -0.057232380 174.953964233
-0.057945728 0.033824537 -0.997746766 -147.747177124 -0.015225796 0.999279678 0.034760769 -0.564275265 0.998203814 0.017205719 -0.057389021 174.875686646
-0.058028221 0.033397354 -0.997756124 -148.888519287 -0.011425257 0.999352574 0.034115270 -0.538723946 0.998249590 0.013379271 -0.057609081 174.807968140
-0.058812618 0.033121862 -0.997719586 -150.037200928 -0.008600386 0.999395490 0.033684470 -0.514330387 0.998232126 0.010561842 -0.058492184 174.746414185
-0.058937550 0.034375831 -0.997669637 -151.192123413 -0.005527279 0.999380350 0.034761302 -0.498591423 0.998246372 0.007563145 -0.058711052 174.669189453
-0.059553981 0.034499452 -0.997628808 -152.339294434 -0.005130533 0.999378800 0.034866244 -0.479250908 0.998211980 0.007194788 -0.059340000 174.598892212
-0.060108781 0.032683030 -0.997656703 -153.476608276 -0.005343741 0.999439001 0.033063382 -0.457644939 0.998177588 0.007318617 -0.059900403 174.526885986
-0.060366511 0.031872742 -0.997667491 -154.610534668 -0.005560038 0.999463856 0.032266561 -0.436592102 0.998160958 0.007494883 -0.060156941 174.453048706
-0.060431361 0.033742234 -0.997601926 -155.757553101 -0.005509681 0.999401987 0.034136876 -0.415759563 0.998157203 0.007559401 -0.060209274 174.377761841
-0.060850263 0.039234702 -0.997375548 -156.897888184 -0.005211724 0.999201059 0.039624482 -0.396900177 0.998133361 0.007609200 -0.060597062 174.303009033
-0.060616612 0.042717241 -0.997246742 -158.041397095 -0.003417528 0.999069095 0.043003034 -0.361838341 0.998155355 0.006014816 -0.060414195 174.236022949
-0.060425043 0.038825508 -0.997417450 -159.165527344 -0.000557098 0.999241769 0.038930275 -0.351096630 0.998172641 0.002908021 -0.060357571 174.156951904
-0.060141921 0.029093733 -0.997765899 -160.269409180 -0.003926360 0.999560535 0.029382732 -0.331441879 0.998182237 0.005684718 -0.060001254 174.084197998
-0.059298158 0.021667812 -0.998005271 -161.382446289 -0.005386868 0.999742866 0.022025609 -0.315355778 0.998225927 0.006682197 -0.059166193 174.010986328
-0.059107780 0.023780560 -0.997968435 -162.500579834 -0.005231812 0.999695122 0.024131577 -0.303849697 0.998238027 0.006647544 -0.058965325 173.934570312
-0.058933854 0.032529648 -0.997731805 -163.633804321 -0.002968029 0.999458790 0.032761272 -0.294519901 0.998257577 0.004892040 -0.058805346 173.866699219
-0.058277607 0.040143337 -0.997493029 -164.750793457 -0.000295815 0.999190450 0.040228933 -0.271800041 0.998300433 0.002639519 -0.058218598 173.800720215
-0.058700323 0.043296900 -0.997336328 -165.868255615 -0.001306379 0.999054790 0.043448392 -0.246033669 0.998274863 0.003853335 -0.058588266 173.730499268
-0.058775067 0.041216698 -0.997420073 -166.970413208 -0.002331276 0.999138892 0.041425101 -0.217658997 0.998268545 0.004760022 -0.058628321 173.654708862
-0.058015466 0.032469224 -0.997787714 -168.068618774 0.001119083 0.999472439 0.032458983 -0.208357334 0.998315215 0.000766512 -0.058021188 173.588867188
-0.058237791 0.023057941 -0.998036563 -169.156570435 0.005078364 0.999727130 0.022800669 -0.190405846 0.998289943 -0.003740533 -0.058339000 173.530166626
-0.059970498 0.023480462 -0.997924030 -170.241714478 0.008081197 0.999701977 0.023036657 -0.177493095 0.998167515 -0.006682904 -0.060142398 173.462234497
-0.061153769 0.038830113 -0.997372806 -171.350479126 0.011593495 0.999203205 0.038190525 -0.166818142 0.998061061 -0.009227543 -0.061555266 173.401977539
-0.061072826 0.053665392 -0.996689618 -172.440231323 0.017538035 0.998457134 0.052685909 -0.135833740 0.997979283 -0.014262302 -0.061919808 173.345748901
-0.061132073 0.057298236 -0.996483803 -173.507064819 0.014145373 0.998300433 0.056534912 -0.099024773 0.998029530 -0.010639540 -0.061838627 173.269607544
-0.061195612 0.051586829 -0.996791959 -174.559936523 0.011415943 0.998634338 0.050981335 -0.066083908 0.998060644 -0.008259491 -0.061700940 173.202514648
-0.060439348 0.038978036 -0.997410655 -175.624099731 0.005194385 0.999236047 0.038734615 -0.040477276 0.998158455 -0.002839846 -0.060595632 173.106689453
-0.060988784 0.028058063 -0.997744083 -176.662231445 0.003948241 0.999603808 0.027869020 -0.026381016 0.998130679 -0.002239641 -0.061075330 173.037109375
-0.062008142 0.024672834 -0.997770727 -177.698593140 0.001958014 0.999695480 0.024598747 -0.010194302 0.998073816 -0.000428329 -0.062037587 172.965393066
-0.061954856 0.032364182 -0.997554243 -178.739685059 0.001395503 0.999475956 0.032339863 0.001750469 0.998078108 0.000611516 -0.061967492 172.899551392
-0.062809587 0.041775506 -0.997151017 -179.766876221 -0.000445436 0.999122262 0.041886158 0.024860859 0.998025596 0.003075009 -0.062735796 172.831237793
-0.063189626 0.049193077 -0.996788561 -180.794204712 -0.002234920 0.998774946 0.049432792 0.046343803 0.997999191 0.005351371 -0.063002229 172.756591797
-0.063526273 0.049413953 -0.996756017 -181.819305420 -0.001876685 0.998765767 0.049633186 0.070474625 0.997978389 0.005023609 -0.063355088 172.688537598
-0.064704895 0.047440335 -0.996776283 -182.829299927 -0.001538591 0.998863399 0.047639553 0.101114273 0.997903347 0.004616134 -0.064558387 172.623641968
-0.065037608 0.046024080 -0.996820867 -183.837753296 0.000260255 0.998936594 0.046104785 0.130216599 0.997882783 0.002739120 -0.064980388 172.556915283
-0.065446258 0.043165535 -0.996922016 -184.834197998 0.000827211 0.999065936 0.043204058 0.148230076 0.997855783 0.002002880 -0.065420866 172.488174438
-0.064850092 0.037541743 -0.997188568 -185.799453735 0.001552420 0.999294639 0.037520077 0.170845985 0.997893810 0.000885122 -0.064862609 172.415832520
-0.064926505 0.036183659 -0.997233927 -186.778533936 0.001337645 0.999344647 0.036173157 0.197749615 0.997889280 0.001014648 -0.064932346 172.354995728
-0.062486768 0.039011464 -0.997283101 -187.739517212 0.002141044 0.999238729 0.038953811 0.208236217 0.998043537 0.000298868 -0.062522769 172.280746460
-0.061081648 0.037735417 -0.997419298 -188.720718384 0.001258415 0.999287188 0.037729025 0.225407600 0.998132050 0.001049381 -0.061085582 172.216293335
-0.060217977 0.032633729 -0.997651637 -189.677795410 -0.002064020 0.999459207 0.032817438 0.247323513 0.998183072 0.004035373 -0.060118079 172.153442383
-0.059302211 0.030707881 -0.997767687 -190.625396729 -0.003216751 0.999515653 0.030952865 0.261876583 0.998234928 0.005045144 -0.059174776 172.089675903
-0.059341311 0.032479886 -0.997709334 -191.568069458 -0.005085325 0.999447703 0.032838944 0.274935722 0.998224914 0.007022376 -0.059143305 172.029342651
-0.059802175 0.034663055 -0.997608244 -192.523803711 -0.002779908 0.999387264 0.034891512 0.285514355 0.998206437 0.004859847 -0.059669137 171.968429565
-0.060676932 0.036544967 -0.997488379 -193.462173462 -0.002998150 0.999318361 0.036794394 0.300191402 0.998153090 0.005223183 -0.060526013 171.909881592
-0.061946750 0.036733951 -0.997403204 -194.381652832 -0.002201695 0.999315023 0.036941107 0.306515694 0.998077035 0.004484361 -0.061823487 171.844345093
-0.064554930 0.033875093 -0.997339129 -195.297943115 -0.005152307 0.999399066 0.034278557 0.322962761 0.997900963 0.007351443 -0.064341664 171.772888184
-0.068096876 0.033284105 -0.997123361 -196.224868774 -0.007128844 0.999401629 0.033847008 0.337221622 0.997653246 0.009413210 -0.067818880 171.704299927
-0.071445107 0.034421522 -0.996850431 -197.136779785 -0.006565573 0.999366462 0.034978963 0.355446815 0.997422934 0.009043970 -0.071173787 171.634185791
-0.075991035 0.036774524 -0.996430159 -198.060012817 -0.009618265 0.999246120 0.037611973 0.366153240 0.997062147 0.012442099 -0.075580001 171.560470581
-0.080102801 0.039502546 -0.996003568 -198.969665527 -0.004874802 0.999186933 0.040020853 0.385375023 0.996774733 0.008061100 -0.079845071 171.487335205
-0.084798932 0.041017108 -0.995553493 -199.868225098 -0.000763850 0.999149382 0.041230325 0.404461384 0.996397793 0.004256741 -0.084695458 171.408355713
-0.089920282 0.038258862 -0.995214045 -200.763946533 -0.001966652 0.999253094 0.038591836 0.422649860 0.995947182 0.005427422 -0.089777827 171.318710327
-0.095872760 0.033106450 -0.994842887 -201.658035278 0.000509077 0.999448240 0.033210646 0.439607143 0.995393455 0.002677545 -0.095836759 171.235885620
-0.102496505 0.030406997 -0.994268537 -202.537155151 0.002610691 0.999537468 0.030299002 0.459186077 0.994729996 0.000509811 -0.102528453 171.142807007
-0.108649492 0.034070104 -0.993496239 -203.420288086 0.003841897 0.999419451 0.033853080 0.473795891 0.994072855 -0.000138797 -0.108717322 171.041625977
-0.115540028 0.039463975 -0.992518723 -204.301818848 0.003950179 0.999220788 0.039270621 0.487640858 0.993295133 0.000616695 -0.115605831 170.932769775
-0.122635484 0.042082421 -0.991559207 -205.177276611 0.003074954 0.999111950 0.042022657 0.511677742 0.992447019 0.002104469 -0.122655988 170.819488525
-0.129212022 0.041304328 -0.990756512 -206.050872803 0.004964165 0.999146521 0.041006695 0.524422646 0.991604686 0.000380277 -0.129306793 170.701400757
-0.134744048 0.036860343 -0.990194678 -206.902862549 0.003733581 0.999319673 0.036691964 0.545281887 0.990873456 0.001247052 -0.134789944 170.574768066
-0.139279246 0.033617325 -0.989682555 -207.764205933 0.000148050 0.999424279 0.033927403 0.558559418 0.990253329 0.004578856 -0.139204025 170.441680908
-0.142367840 0.033116441 -0.989259779 -208.617279053 -0.004975424 0.999403596 0.034172051 0.571821213 0.989801407 0.009786984 -0.142118096 170.308044434
-0.143761873 0.035381727 -0.988979638 -209.482376099 -0.011001663 0.999241769 0.037348107 0.595916271 0.989551187 0.016249653 -0.143263578 170.168960571
-0.143488646 0.036856972 -0.988965452 -210.336914062 -0.015229326 0.999105692 0.039444502 0.615100861 0.989534855 0.020721113 -0.142799020 170.033493042
-0.143141747 0.037125755 -0.989005804 -211.188461304 -0.019545069 0.998995245 0.040329561 0.633065224 0.989509344 0.025103018 -0.142272234 169.898452759
-0.142016530 0.038029324 -0.989133477 -212.020980835 -0.021759490 0.998900354 0.041528985 0.653919220 0.989625096 0.027420843 -0.141032934 169.771331787
-0.140571594 0.040461633 -0.989243567 -212.851669312 -0.021711690 0.998798311 0.043937672 0.671442986 0.989832580 0.027654527 -0.139524221 169.641525269
-0.139364362 0.042773932 -0.989317000 -213.674987793 -0.025559805 0.998578370 0.046774950 0.688272476 0.989911318 0.031805504 -0.138072968 169.519363403
-0.136826992 0.038520496 -0.989845872 -214.475692749 -0.030572752 0.998603404 0.043087389 0.712615967 0.990123212 0.036157820 -0.135458231 169.400772095
-0.131683469 0.036923070 -0.990603864 -215.292831421 -0.035938248 0.998471320 0.041993678 0.728673935 0.990640104 0.041130446 -0.130155206 169.278503418
-0.123079062 0.036390733 -0.991729558 -216.078247070 -0.040563915 0.998307824 0.041666314 0.748310566 0.991567612 0.045356669 -0.121394634 169.172271729
-0.111293793 0.037246093 -0.993089497 -216.850219727 -0.044399127 0.998113275 0.042410247 0.765108109 0.992795408 0.048812293 -0.109430194 169.079483032
-0.098555923 0.038207777 -0.994397879 -217.623580933 -0.047535263 0.997941196 0.043055192 0.774241447 0.993995667 0.051512294 -0.096536756 168.994689941
-0.085542679 0.037991293 -0.995609999 -218.379180908 -0.047282446 0.997992098 0.042144690 0.793449879 0.995212018 0.050680038 -0.083574533 168.932174683
-0.073620200 0.038436364 -0.996545434 -219.125045776 -0.046723198 0.998026848 0.041945197 0.806731224 0.996191263 0.049649797 -0.071678996 168.877243042
-0.061290622 0.039384194 -0.997342706 -219.860015869 -0.045675233 0.998063743 0.042219587 0.824420929 0.997074425 0.048141517 -0.059373021 168.838668823
-0.048855066 0.040357113 -0.997990251 -220.582275391 -0.047203224 0.997973621 0.042667199 0.840731621 0.997689843 0.049192864 -0.046851039 168.803482056
-0.036349416 0.041438852 -0.998479664 -221.293716431 -0.048647456 0.997882009 0.043185040 0.858546257 0.998154461 0.050143242 -0.034256458 168.779464722
-0.021996021 0.043131083 -0.998827219 -222.005157471 -0.050038517 0.997769296 0.044187337 0.874920845 0.998504996 0.050951779 -0.019788742 168.765823364
-0.007390857 0.043805778 -0.999012768 -222.695693970 -0.049096454 0.997819245 0.044116672 0.889527321 0.998766780 0.049374040 -0.005223989 168.763977051
0.007341623 0.043225572 -0.999038339 -223.375885010 -0.049824379 0.997840166 0.042807590 0.907136917 0.998730958 0.049462188 0.009479463 168.769561768
0.022024691 0.043492030 -0.998811066 -224.047393799 -0.049323361 0.997884035 0.042364039 0.922949791 0.998540103 0.048331656 0.024123251 168.788208008
0.036418915 0.043390278 -0.998394191 -224.705001831 -0.048356030 0.997963190 0.041607637 0.934132576 0.998165965 0.046763074 0.038442910 168.822402954
0.051375806 0.042252105 -0.997785270 -225.348236084 -0.046770498 0.998110175 0.039857656 0.953059196 0.997583687 0.044619188 0.053254902 168.855178833
0.066519678 0.041914459 -0.996904492 -225.982650757 -0.045680970 0.998197615 0.038920704 0.974846840 0.996739030 0.042950559 0.068314493 168.904724121
0.082018197 0.039409857 -0.995851457 -226.596633911 -0.043961130 0.998388350 0.035889622 0.972900867 0.995660961 0.040835146 0.083618522 168.955856323
0.095327735 0.037544634 -0.994737625 -227.217498779 -0.042996295 0.998511195 0.033566639 0.981027126 0.994516909 0.039570205 0.096800089 169.038040161
0.109703898 0.036557943 -0.993291855 -227.811035156 -0.043111015 0.998557985 0.031990375 0.991396904 0.993029058 0.039312344 0.111121714 169.109329224
0.124483585 0.037165090 -0.991525352 -228.377227783 -0.041316722 0.998625696 0.032244019 0.991612434 0.991361022 0.036952727 0.125848055 169.174957275
0.136555552 0.037814490 -0.989910424 -228.937652588 -0.040462047 0.998650193 0.032566715 1.003498554 0.989805758 0.035606634 0.137901306 169.269744873
0.150023937 0.039336160 -0.987899601 -229.501144409 -0.037915293 0.998702109 0.034008421 1.008020401 0.987955213 0.032354422 0.151320636 169.360443115
0.162322104 0.040328760 -0.985913396 -230.044464111 -0.037425671 0.998697102 0.034689866 1.013423920 0.986027837 0.031267539 0.163619936 169.456405640
0.172842681 0.040853325 -0.984101951 -230.583984375 -0.038701981 0.998649538 0.034659818 1.022219658 0.984188914 0.032095991 0.174190342 169.551162720
0.182320237 0.040245734 -0.982415259 -231.102935791 -0.035906006 0.998768032 0.034252074 1.026082039 0.982583463 0.029029755 0.183540642 169.630935669
0.187802076 0.039573517 -0.981409431 -231.608215332 -0.032601040 0.998888612 0.034039810 1.032680988 0.981665790 0.025602212 0.188883543 169.737274170
0.190253913 0.038985502 -0.980960608 -232.107620239 -0.028780654 0.999003232 0.034120645 1.039495468 0.981313050 0.021741094 0.191186309 169.845382690
0.190613449 0.039790440 -0.980858445 -232.593612671 -0.026174698 0.999028921 0.035440948 1.044265747 0.981316209 0.018918151 0.191469848 169.941284180
0.189311385 0.040954180 -0.981062651 -233.067810059 -0.025247794 0.999002516 0.036831118 1.047587872 0.981592476 0.017797116 0.190156519 170.031570435
0.186260104 0.040338863 -0.981672049 -233.527374268 -0.024733711 0.999032676 0.036359333 1.062705040 0.982189119 0.017508099 0.187077641 170.107269287
0.180473506 0.040426925 -0.982748806 -233.976181030 -0.023444822 0.999047875 0.036791973 1.069196701 0.983300507 0.016400388 0.181249440 170.184204102
0.171260118 0.041223608 -0.984363019 -234.419494629 -0.021364078 0.999044716 0.038121518 1.070781231 0.984994173 0.014501316 0.171977222 170.261489868
0.159647167 0.041662414 -0.986294687 -234.848297119 -0.018304866 0.999062181 0.039238803 1.076114655 0.987004519 0.011789622 0.160260022 170.322372437
0.143752992 0.041205257 -0.988755524 -235.267395020 -0.016848324 0.999089837 0.039186392 1.085598946 0.989470303 0.011025704 0.144316375 170.383926392
0.125227749 0.041290626 -0.991268516 -235.669250488 -0.014997639 0.999098182 0.039722107 1.086638451 0.992014766 0.009892372 0.125734091 170.430236816
0.105171680 0.041739225 -0.993577778 -236.056060791 -0.014999541 0.999071717 0.040382296 1.094713211 0.994340956 0.010656136 0.105700135 170.459747314
0.082800865 0.042078309 -0.995677471 -236.447509766 -0.013226514 0.999066591 0.041121617 1.101022720 0.996478438 0.009764435 0.083280087 170.486740112
0.057420254 0.043024074 -0.997422755 -236.815948486 -0.011022585 0.999037385 0.042459171 1.105560303 0.998289347 0.008556157 0.057839215 170.499786377
0.031572998 0.045583557 -0.998461425 -237.132125854 -0.006838125 0.998945951 0.045389444 1.097794533 0.999478042 0.005394525 0.031851470 170.464645386
0.000101209 0.046873830 -0.998900890 -237.474243164 -0.005858078 0.998883724 0.046872433 1.104350090 0.999982953 0.005846889 0.000375688 170.442672729
-0.033693194 0.046568554 -0.998346806 -237.820159912 -0.006649353 0.998881280 0.046817899 1.119894028 0.999410212 0.008215796 -0.033345819 170.408187866
-0.069060445 0.045651477 -0.996567369 -238.152389526 -0.011126251 0.998855054 0.046527304 1.131266594 0.997550428 0.014301259 -0.068473458 170.353744507
-0.106108785 0.042486116 -0.993446589 -238.474548340 -0.012196114 0.998956025 0.044024389 1.139501572 0.994279861 0.016787555 -0.105479836 170.286300659
-0.144191623 0.037416339 -0.988842189 -238.789382935 -0.014303830 0.999101698 0.039890308 1.148828030 0.989446402 0.019896077 -0.143526912 170.210296631
-0.180975318 0.034678239 -0.982876062 -239.093505859 -0.013085763 0.999204755 0.037663814 1.157130241 0.983400583 0.019677904 -0.180377603 170.127502441
-0.216738939 0.034253985 -0.975628436 -239.371795654 -0.012779509 0.999199033 0.037920546 1.161607742 0.976145923 0.020686910 -0.216127515 170.024551392
-0.249352813 0.032721616 -0.967859924 -239.596176147 -0.014222775 0.999197483 0.037445344 1.172306538 0.968308449 0.023102749 -0.248687387 169.897872925
-0.285081029 0.032352652 -0.957957268 -239.893188477 -0.014571178 0.999168396 0.038080733 1.178290844 0.958392680 0.024814662 -0.284372568 169.789855957
-0.317528486 0.030746041 -0.947750270 -240.050552368 -0.019475393 0.999051929 0.038935240 1.190727711 0.948048830 0.030820850 -0.316628575 169.670486450
-0.350391269 0.027004430 -0.936213970 -240.285278320 -0.022807263 0.999041855 0.037352595 1.203208447 0.936325669 0.034440506 -0.349439621 169.536010742
-0.382594585 0.022765901 -0.923635900 -240.578765869 -0.028124360 0.998946130 0.036272015 1.222048283 0.923488259 0.039854143 -0.381551147 169.371627808
-0.412448168 0.025314987 -0.910629213 -240.723480225 -0.030453423 0.998671949 0.041555692 1.167087555 0.910471857 0.044871349 -0.411129475 169.230087280
-0.441896558 0.026262002 -0.896681666 -240.970550537 -0.034420207 0.998338938 0.046202071 1.180527210 0.896405578 0.051280499 -0.440258622 169.066131592
-0.470141530 0.029584683 -0.882095098 -241.217407227 -0.030739250 0.998282790 0.049865007 1.185705662 0.882055640 0.050558552 -0.468424797 168.910064697
-0.498128057 0.028029092 -0.866650403 -241.448287964 -0.030032499 0.998320043 0.049549431 1.198174000 0.866583288 0.050709635 -0.496449471 168.749389648
-0.523713946 0.023811270 -0.851561368 -241.667465210 -0.032451361 0.998326123 0.047872819 1.216123343 0.851275921 0.052705988 -0.522064686 168.569549561
-0.548202276 0.021906372 -0.836058915 -241.901290894 -0.035113774 0.998172581 0.049178101 1.237137794 0.835608423 0.056316726 -0.546431303 168.386810303
-0.568686128 0.022302235 -0.822252214 -242.107147217 -0.038704697 0.997799575 0.053832613 1.234194994 0.821643531 0.062438883 -0.566571593 168.197555542
-0.586469531 0.018603249 -0.809757710 -242.333206177 -0.042989533 0.997612178 0.054054294 1.260211468 0.808829725 0.066512302 -0.584269404 168.001281738
-0.603069186 0.014126697 -0.797563970 -242.560836792 -0.045151107 0.997635722 0.051810931 1.269995689 0.796410203 0.067256458 -0.601005554 167.815658569
-0.619122624 0.010836109 -0.785219610 -242.777175903 -0.044300213 0.997830570 0.048699576 1.277065277 0.784043849 0.064936399 -0.617299438 167.608551025
-0.632608771 0.015071820 -0.774325132 -242.982940674 -0.036371309 0.998129308 0.049142707 1.267841697 0.773617268 0.059251312 -0.630877137 167.410232544
-0.647166014 0.016088365 -0.762179554 -243.219940186 -0.031350445 0.998369932 0.047693595 1.282931209 0.761704385 0.054760329 -0.645606756 167.240875244
-0.659974694 0.015217115 -0.751133978 -243.437667847 -0.028366538 0.998577237 0.045153946 1.287943006 0.750752389 0.051107518 -0.658604026 167.027923584
-0.673429608 0.012841910 -0.739139855 -243.640487671 -0.025120605 0.998874128 0.040241927 1.313109279 0.738824487 0.045667745 -0.672348857 166.826171875
-0.686559081 0.011926759 -0.726976216 -243.821578979 -0.021099582 0.999117494 0.036318034 1.301577687 0.726767778 0.040273368 -0.685701609 166.644195557
-0.699692726 0.010712333 -0.714363813 -244.036437988 -0.018064162 0.999302685 0.032678340 1.317114711 0.714215696 0.035769176 -0.699011326 166.424438477
-0.713310957 0.010980069 -0.700761676 -244.238052368 -0.017131101 0.999305367 0.033095762 1.328521132 0.700638294 0.035612389 -0.712627292 166.187561035
-0.728338122 0.013714564 -0.685080707 -244.447235107 -0.015925683 0.999190807 0.036933966 1.341460824 0.685032904 0.037810795 -0.727530360 165.939666748
-0.744740248 0.018165419 -0.667107403 -244.653015137 -0.012499655 0.999074399 0.041159190 1.345684171 0.667237639 0.038991511 -0.743823886 165.682556152
-0.762381673 0.021729341 -0.646763086 -244.860961914 -0.009553930 0.998949230 0.044823598 1.355408430 0.647057474 0.040351804 -0.761373043 165.419952393
-0.779570341 0.023980582 -0.625855684 -245.056457520 -0.005654683 0.998956501 0.045320008 1.368209600 0.626289427 0.038869139 -0.778621316 165.149307251
-0.796365261 0.024327669 -0.604326367 -245.246093750 -0.004367285 0.998933375 0.045968000 1.378977060 0.604800105 0.039246585 -0.795409560 164.857894897
-0.813354492 0.024671346 -0.581245363 -245.429748535 -0.004443046 0.998807847 0.048612360 1.377976894 0.581751764 0.042121571 -0.812275290 164.564651489
-0.830376625 0.025068397 -0.556638420 -245.592895508 -0.002601641 0.998802125 0.048862435 1.389279127 0.557196558 0.042022392 -0.829316735 164.274429321
-0.847742081 0.025997622 -0.529771507 -245.768829346 0.000464340 0.998834074 0.048273027 1.404754877 0.530408800 0.040677071 -0.846765757 163.956726074
-0.864167333 0.027916340 -0.502429664 -245.938995361 0.005263512 0.998906791 0.046448827 1.418626308 0.503177106 0.037495010 -0.863369584 163.623321533
-0.880432606 0.027718710 -0.473360538 -246.103729248 0.008084463 0.999022305 0.043463245 1.435512781 0.474102497 0.034439594 -0.879795909 163.267608643
-0.896017790 0.023012821 -0.443422079 -246.255523682 0.005908522 0.999185562 0.039916687 1.452621222 0.443979502 0.033146083 -0.895424008 162.893096924
-0.910541773 0.018105000 -0.413021117 -246.391113281 0.002574491 0.999269545 0.038127825 1.471250296 0.413409740 0.033653647 -0.909923315 162.503097534
-0.924405813 0.018320456 -0.380970269 -246.554687500 0.003737485 0.999232888 0.038983226 1.487915754 0.381392211 0.034612447 -0.923765063 162.093368530
-0.935781598 0.025398044 -0.351664543 -246.707458496 0.011527595 0.999072790 0.041480400 1.497111797 0.352392018 0.034762748 -0.935206771 161.662017822
-0.945161104 0.027547296 -0.325440854 -246.839202881 0.014860146 0.999031842 0.041406594 1.513676524 0.326266408 0.034299798 -0.944655418 161.209609985
-0.953028440 0.024634194 -0.301877826 -246.964324951 0.012762264 0.999067903 0.041236661 1.527753592 0.302612275 0.035447061 -0.952454448 160.730255127
-0.958425760 0.020650841 -0.284594119 -247.094726562 0.009023527 0.999072373 0.042106658 1.548892498 0.285199642 0.037788063 -0.957723022 160.229782104
-0.962051630 0.018695936 -0.272225916 -247.225799561 0.007334293 0.999061286 0.042694010 1.570187807 0.272768587 0.039077260 -0.961285710 159.711624146
-0.964726925 0.021132922 -0.262403369 -247.364135742 0.009955792 0.998988450 0.043852050 1.585160732 0.263064653 0.039692815 -0.963961363 159.172973633
-0.967701554 0.027327213 -0.250613272 -247.509765625 0.016832162 0.998892963 0.043926056 1.607352376 0.251536220 0.038288947 -0.967090249 158.609191895
-0.970970511 0.035089437 -0.236611873 -247.658081055 0.025478469 0.998726070 0.043556120 1.625819921 0.237838805 0.036263194 -0.970627546 158.024047852
-0.974600554 0.035749812 -0.221078292 -247.788787842 0.027587311 0.998822749 0.039900415 1.646487236 0.222244471 0.032788016 -0.974439502 157.409698486
-0.977963209 0.036823805 -0.205504581 -247.908691406 0.029654743 0.998843014 0.037857831 1.667971134 0.206660882 0.030929379 -0.977923751 156.769546509
-0.981191754 0.036602389 -0.189535081 -248.032257080 0.029980185 0.998839617 0.037690204 1.701596498 0.190694705 0.031299014 -0.981150508 156.089385986
-0.983825326 0.041726783 -0.174203873 -248.142211914 0.035336666 0.998589575 0.039625008 1.726399899 0.175611600 0.032828297 -0.983912230 155.390411377
-0.986394763 0.042914454 -0.158694208 -248.244628906 0.036552783 0.998415053 0.042792775 1.748640537 0.160279110 0.036409855 -0.986400127 154.665298462
-0.988482356 0.044297632 -0.144708946 -248.340576172 0.038366783 0.998315454 0.043522749 1.778831482 0.146393135 0.037469443 -0.988516808 153.911010742
-0.990208983 0.044982426 -0.132147416 -248.443115234 0.039820969 0.998346865 0.041446023 1.806157112 0.133793294 0.035777986 -0.990363359 153.122421265
-0.991682291 0.043411087 -0.121169470 -248.541137695 0.039054018 0.998510242 0.038105696 1.838723660 0.122643165 0.033056587 -0.991900325 152.299804688
-0.992591023 0.044536117 -0.113046691 -248.633544922 0.040555913 0.998481989 0.037268464 1.869654655 0.114534877 0.032407630 -0.992890477 151.467864990
-0.993329763 0.042801023 -0.107071064 -248.708007812 0.038960591 0.998529017 0.037707258 1.903024673 0.108527474 0.033284184 -0.993536115 150.606903076
-0.993839025 0.042789392 -0.102241978 -248.793029785 0.039011218 0.998490155 0.038672213 1.932025433 0.103742369 0.034445364 -0.994007707 149.727111816
-0.994147301 0.044520129 -0.098435350 -248.895477295 0.040824529 0.998395324 0.039245069 1.954229832 0.100024581 0.034996793 -0.994369507 148.802215576
-0.994359851 0.044806421 -0.096131548 -248.980651855 0.041295730 0.998416305 0.038204435 1.989217281 0.097691111 0.034019124 -0.994635344 147.879577637
-0.994527459 0.044733487 -0.094413541 -249.064697266 0.041325532 0.998432398 0.037748646 2.019438744 0.095954172 0.033640381 -0.994817138 146.917465210
-0.994612098 0.046452295 -0.092678756 -249.149261475 0.043030884 0.998328507 0.038580839 2.054154396 0.094316021 0.034384910 -0.994948506 145.958770752
-0.994732738 0.048051793 -0.090541005 -249.245056152 0.044597436 0.998211980 0.039797962 2.091111660 0.092291482 0.035550438 -0.995097160 144.958114624
-0.994704366 0.051393736 -0.089007504 -249.334014893 0.047859091 0.997995675 0.041402008 2.124404907 0.090956911 0.036922935 -0.995170355 143.942138672
-0.994700909 0.054124780 -0.087411188 -249.426391602 0.050562255 0.997817516 0.042469803 2.163617611 0.089519076 0.037825044 -0.995266676 142.900146484
-0.994858861 0.054434866 -0.085401185 -249.515441895 0.051062793 0.997845829 0.041186228 2.198920727 0.087459184 0.036613651 -0.995495319 141.836227417
-0.994934320 0.054642063 -0.084382191 -249.595092773 0.051645514 0.997968793 0.037296828 2.234196663 0.086248770 0.032749925 -0.995735407 140.751281738
-0.995182514 0.052434433 -0.082840443 -249.689788818 0.049722027 0.998167932 0.034474477 2.272229195 0.084496319 0.030189401 -0.995966434 139.676910400
-0.995408773 0.050254408 -0.081462815 -249.765899658 0.047551643 0.998262882 0.034786347 2.308582783 0.083069474 0.030752938 -0.996069193 138.536865234
-0.995648623 0.048213385 -0.079746902 -249.857147217 0.045405589 0.998295903 0.036656186 2.337702751 0.081378318 0.032875724 -0.996141076 137.388488770
-0.995583296 0.051485822 -0.078506425 -249.950622559 0.048346110 0.997972965 0.041383695 2.375236034 0.080477960 0.037405435 -0.996054411 136.196823120
-0.995709538 0.052412674 -0.076260917 -250.037872314 0.048854008 0.997661233 0.047805559 2.415848255 0.078588180 0.043874789 -0.995941401 135.009231567
-0.995666862 0.055976383 -0.074260332 -250.122070312 0.052093059 0.997222066 0.053239267 2.457174301 0.077034183 0.049140114 -0.995816946 133.829101562
-0.995723963 0.057607166 -0.072216891 -250.209350586 0.053853750 0.997147262 0.052887365 2.496204853 0.075057566 0.048772067 -0.995985746 132.642745972
-0.995802402 0.057791583 -0.070979640 -250.282348633 0.054270469 0.997244716 0.050573684 2.535593033 0.073706806 0.046509288 -0.996194959 131.469360352
-0.996047616 0.056681950 -0.068385355 -250.369110107 0.053509105 0.997443140 0.047370005 2.567621231 0.070895530 0.043523539 -0.996533871 130.281005859
-0.996336937 0.054898579 -0.065566882 -250.443572998 0.051881459 0.997552991 0.046865650 2.606331825 0.067979299 0.043292269 -0.996747136 129.102600098
-0.996634007 0.051812127 -0.063532256 -250.500823975 0.048860028 0.997691095 0.047171872 2.642771244 0.065829635 0.043908898 -0.996864438 127.923263550
-0.996857524 0.049595211 -0.061771594 -250.563690186 0.046637792 0.997737050 0.048432544 2.679340363 0.064033829 0.045399450 -0.996914625 126.748329163
-0.996978760 0.049341988 -0.059991818 -250.620300293 0.046467926 0.997746825 0.048394613 2.723773956 0.062244531 0.045460701 -0.997025132 125.564720154
-0.997208238 0.048749905 -0.056561049 -250.682128906 0.045974147 0.997721374 0.049380705 2.748443127 0.058839470 0.046642497 -0.997177243 124.409934998
-0.997256041 0.050724197 -0.053924244 -250.748504639 0.048070986 0.997621059 0.049411114 2.785104752 0.056302302 0.046683330 -0.997321963 123.223030090
-0.997343540 0.051271673 -0.051748127 -250.800109863 0.048730787 0.997598290 0.049223427 2.828037739 0.054147609 0.046570923 -0.997446656 122.025436401
-0.997396827 0.052074648 -0.049876586 -250.855133057 0.049590059 0.997526348 0.049820192 2.862765312 0.052347574 0.047217123 -0.997511983 120.841484070
-0.997583032 0.049961492 -0.048295218 -250.899841309 0.047509648 0.997585893 0.050648402 2.900326729 0.050709099 0.048231486 -0.997548342 119.667144775
-0.997754574 0.047838107 -0.046878573 -250.949890137 0.045452625 0.997679353 0.050695442 2.938202381 0.049194958 0.048450850 -0.997613549 118.474922180
-0.997896910 0.046482548 -0.045181587 -251.001342773 0.044191934 0.997748971 0.050439261 2.974549294 0.047424428 0.048336513 -0.997704744 117.280052185
-0.998035550 0.044430554 -0.044169415 -251.047027588 0.042167842 0.997812986 0.050903507 3.017616749 0.046334486 0.048940979 -0.997726321 116.104866028
-0.998062372 0.044150032 -0.043850593 -251.085876465 0.041914783 0.997836590 0.050648350 3.052942753 0.045991853 0.048712213 -0.997753620 114.929893494
-0.998101711 0.044300277 -0.042784721 -251.138763428 0.042183977 0.997899652 0.049160823 3.085710526 0.044872697 0.047262669 -0.997874141 113.758743286
-0.998103499 0.044609625 -0.042424202 -251.177032471 0.042555172 0.997932911 0.048155505 3.123393059 0.044484705 0.046258796 -0.997938752 112.586105347
-0.998124599 0.045312252 -0.041165404 -251.234497070 0.043265294 0.997845292 0.049324811 3.156953812 0.043311719 0.047451258 -0.997934341 111.421859741
-0.998088837 0.047130257 -0.039968371 -251.274841309 0.045072474 0.997685552 0.050911319 3.190438271 0.042275332 0.049012545 -0.997903109 110.266189575
-0.998170376 0.046455935 -0.038705591 -251.314910889 0.044408903 0.997650504 0.052166656 3.224066734 0.041038103 0.050352328 -0.997888207 109.110397339
-0.998239279 0.045995411 -0.037456747 -251.346466064 0.044048321 0.997714162 0.051246140 3.260720968 0.039728217 0.049505997 -0.997983575 107.952445984
-0.998384356 0.044048604 -0.035894964 -251.382720947 0.042210061 0.997833610 0.050461520 3.299620867 0.038039960 0.048864860 -0.998080730 106.797401428
-0.998510838 0.042628083 -0.034043532 -251.416687012 0.040876243 0.997882366 0.050595198 3.337585449 0.036128219 0.049128283 -0.998138905 105.642860413
-0.998607993 0.041339293 -0.032761388 -251.440368652 0.039626278 0.997895956 0.051316593 3.377534389 0.034813847 0.049946945 -0.998144984 104.485984802
-0.998689890 0.041139957 -0.030435931 -251.476989746 0.039552715 0.997913420 0.051032703 3.402698755 0.032471906 0.049762014 -0.998233199 103.349983215
-0.998770833 0.040654141 -0.028357888 -251.510223389 0.039263058 0.998075485 0.047997389 3.441936970 0.030254604 0.046824973 -0.998444915 102.202072144
-0.998818159 0.040006462 -0.027608864 -251.519378662 0.038736213 0.998230994 0.045103818 3.479123354 0.029364469 0.043981038 -0.998600960 101.082008362
-0.998873830 0.039015487 -0.026999352 -251.547210693 0.037738122 0.998214245 0.046304751 3.497925997 0.028757742 0.045233700 -0.998562455 99.948791504
-0.998948216 0.037353631 -0.026598370 -251.560119629 0.036023218 0.998156130 0.048853718 3.526795149 0.028374190 0.047844172 -0.998451829 98.826095581
-0.998972774 0.037300672 -0.025732374 -251.593322754 0.035962854 0.998069882 0.050627634 3.570451021 0.027571153 0.049650215 -0.998386145 97.674797058
-0.998949528 0.038198560 -0.025321877 -251.617584229 0.036881000 0.998037636 0.050602600 3.603345871 0.027205134 0.049615532 -0.998398066 96.540740967
-0.998919129 0.038661569 -0.025811693 -251.643127441 0.037387110 0.998139918 0.048155122 3.635201931 0.027625434 0.047138035 -0.998506546 95.411567688
-0.998924613 0.037446555 -0.027338035 -251.660675049 0.036176804 0.998306811 0.045550071 3.673094749 0.028997440 0.044512086 -0.998587966 94.288482666
-0.998915792 0.035628065 -0.029967831 -251.677642822 0.034288943 0.998439789 0.044070996 3.700100422 0.031491239 0.042995647 -0.998578906 93.176063538
-0.998877764 0.033796102 -0.033186745 -251.718139648 0.032265529 0.998437643 0.045620304 3.728034973 0.034676686 0.044498313 -0.998407602 92.061218262
-0.998682380 0.034771051 -0.037742727 -251.748168945 0.033031080 0.998405099 0.045784570 3.763688326 0.039274510 0.044477560 -0.998238087 90.927871704
-0.998478889 0.036178462 -0.041607320 -251.794586182 0.034319513 0.998417199 0.044556923 3.794709206 0.043153465 0.043061204 -0.998140097 89.816993713
-0.998194814 0.039709207 -0.045058284 -251.840759277 0.037742291 0.998331785 0.043694556 3.823131084 0.046718191 0.041915074 -0.998028398 88.694740295
-0.997927547 0.042198185 -0.048581842 -251.891693115 0.040008884 0.998177052 0.045187585 3.868858576 0.050400116 0.043150224 -0.997796655 87.577636719
-0.997722864 0.044033367 -0.051095318 -251.951202393 0.041492391 0.997898519 0.049768452 3.900924444 0.053179413 0.047535043 -0.997453213 86.475372314
-0.997761130 0.041116577 -0.052750964 -252.003173828 0.038211573 0.997757971 0.054944526 3.935853481 0.054891825 0.052805800 -0.997095227 85.356643677
-0.997841835 0.035976049 -0.054933824 -252.046112061 0.032598492 0.997593701 0.061188977 3.982173681 0.057002973 0.059266154 -0.996613503 84.231353760
-0.997812033 0.033871356 -0.056781877 -252.102661133 0.030261662 0.997537613 0.063268542 4.029137135 0.058785047 0.061411787 -0.996380091 83.123413086
-0.997909665 0.027241036 -0.058605053 -252.153228760 0.023812242 0.998007476 0.058430064 4.074509621 0.060079977 0.056912396 -0.996569991 82.021301270
-0.997843146 0.027949886 -0.059399378 -252.210144043 0.024932547 0.998390198 0.050945457 4.107971191 0.060727675 0.049354587 -0.996933579 80.940902710
-0.997789621 0.030904612 -0.058832657 -252.277587891 0.028229279 0.998552859 0.045774151 4.140397072 0.060162149 0.044012155 -0.997218132 79.862075806
-0.997739077 0.033330422 -0.058363412 -252.337219238 0.030696977 0.998494804 0.045451198 4.177265167 0.059790473 0.043556843 -0.997260451 78.766723633
-0.997699618 0.034191694 -0.058539312 -252.396240234 0.031305905 0.998282194 0.049523640 4.213959694 0.060132049 0.047577079 -0.997056127 77.661109924
-0.997722983 0.033905737 -0.058305483 -252.460937500 0.030835921 0.998130620 0.052767757 4.258340836 0.059985615 0.050849695 -0.996903300 76.527770996
-0.997757435 0.032862436 -0.058314852 -252.519348145 0.029548058 0.997947335 0.056815617 4.295053959 0.060062252 0.054965101 -0.996680379 75.429977417
-0.997764349 0.031104837 -0.059156418 -252.572509766 0.027614057 0.997879624 0.058938194 4.334472179 0.060864247 0.057172861 -0.996507764 74.338684082
-0.997725725 0.030690514 -0.060015116 -252.632781982 0.027221464 0.997957587 0.057790104 4.384571552 0.061666146 0.056024965 -0.996523380 73.232780457
-0.997714400 0.030159427 -0.060470384 -252.687896729 0.026756113 0.998054087 0.056321550 4.426054955 0.062051341 0.054574858 -0.996579885 72.142990112
-0.997683644 0.032576039 -0.059721217 -252.758728027 0.029325809 0.998082221 0.054514818 4.472312927 0.061382562 0.052637160 -0.996725678 71.038299561
-0.997754335 0.032293178 -0.058680434 -252.821655273 0.029089833 0.998081863 0.054647353 4.511828423 0.060332615 0.052817632 -0.996779919 69.971435547
-0.997816086 0.033137601 -0.057140559 -252.890350342 0.030015873 0.998054266 0.054651301 4.552019596 0.058840390 0.052816819 -0.996869326 68.880767822
-0.997927070 0.032552611 -0.055513736 -252.944610596 0.029462742 0.998018444 0.055597756 4.595243454 0.057213586 0.053846922 -0.996908784 67.792098999
-0.998041987 0.031201422 -0.054209609 -252.985137939 0.028134692 0.998009384 0.056442160 4.635716438 0.055862773 0.054806475 -0.996933103 66.705543518
-0.998159289 0.030701440 -0.052303188 -253.035552979 0.027725253 0.998005807 0.056707799 4.676026821 0.053939894 0.055153295 -0.997020006 65.627044678
-0.998280287 0.029378992 -0.050731141 -253.080383301 0.026462473 0.998009980 0.057234380 4.710154533 0.052311677 0.055793475 -0.997071147 64.560485840
-0.998374939 0.029962273 -0.048474804 -253.122680664 0.027209418 0.998032570 0.056485500 4.749770164 0.050071869 0.055074733 -0.997226000 63.480918884
-0.998460412 0.029341636 -0.047078032 -253.160247803 0.026695183 0.998079956 0.055890642 4.794387341 0.048627563 0.054547824 -0.997326612 62.413036346
-0.998568416 0.028913870 -0.045004323 -253.205902100 0.026406623 0.998118162 0.055342291 4.834267139 0.046519794 0.054074641 -0.997452855 61.334583282
-0.998687625 0.027562996 -0.043166578 -253.243530273 0.025154864 0.998148978 0.055369806 4.870181084 0.044612836 0.054211292 -0.997532368 60.275581360
-0.998747587 0.026211007 -0.042619959 -253.271209717 0.023854787 0.998207808 0.054883298 4.907937050 0.043982122 0.053797867 -0.997582912 59.216426849
-0.998859882 0.024346661 -0.041061867 -253.306488037 0.022068977 0.998240292 0.055038929 4.943125725 0.042329624 0.054069988 -0.997639537 58.167984009
-0.998912454 0.023805227 -0.040091697 -253.338867188 0.021557920 0.998221338 0.055582900 4.979137421 0.041343551 0.054658156 -0.997648954 57.115539551
-0.998970389 0.022671316 -0.039298981 -253.373474121 0.020454980 0.998226285 0.055909526 5.018236160 0.040496819 0.055048097 -0.997662306 56.079017639
-0.998980641 0.022016514 -0.039408199 -253.407775879 0.019774981 0.998212814 0.056392934 5.056579590 0.040579345 0.055556152 -0.997630715 55.008201599
-0.998999357 0.021343505 -0.039308026 -253.441986084 0.019124178 0.998247862 0.055995435 5.096511364 0.040434293 0.055187657 -0.997657061 53.970752716
-0.998996496 0.020660656 -0.039746083 -253.484313965 0.018452002 0.998307288 0.055155247 5.129418373 0.040818345 0.054366484 -0.997686744 52.923946381
-0.998982191 0.018744301 -0.041028459 -253.507171631 0.016495015 0.998378038 0.054490816 5.171411514 0.041983303 0.053758588 -0.997671127 51.867736816
-0.998938560 0.017638728 -0.042551257 -253.540100098 0.015322488 0.998414755 0.054159183 5.203326702 0.043439101 0.053449709 -0.997625351 50.835670471
-0.998878002 0.016179517 -0.044508759 -253.583190918 0.013767486 0.998447359 0.053974949 5.245073318 0.045312941 0.053301610 -0.997549891 49.801975250
-0.998755097 0.015247208 -0.047498245 -253.623016357 0.012625382 0.998405576 0.055017509 5.283551216 0.048261374 0.054349326 -0.997355223 48.759750366
-0.998600483 0.015381826 -0.050603844 -253.669860840 0.012528883 0.998339772 0.056219883 5.315554619 0.051384594 0.055507183 -0.997135282 47.734809875
-0.998458862 0.015247425 -0.053365007 -253.719177246 0.012222558 0.998324573 0.056556903 5.351476669 0.054137945 0.055817470 -0.996972322 46.708065033
-0.998289943 0.015386233 -0.056398526 -253.769348145 0.012260051 0.998391032 0.055363022 5.392973900 0.057159610 0.054576889 -0.996872425 45.674880981
-0.998118401 0.016493890 -0.059056822 -253.825012207 0.013232690 0.998388052 0.055192813 5.428498268 0.059871968 0.054307476 -0.996727705 44.666252136
-0.997986555 0.016060654 -0.061358009 -253.881072998 0.012718410 0.998433948 0.054478616 5.464856625 0.062136877 0.053588554 -0.996627927 43.657463074
-0.997890830 0.016308606 -0.062834635 -253.939758301 0.012869431 0.998416901 0.054754876 5.500101566 0.063628137 0.053830735 -0.996520877 42.632766724
-0.997769713 0.016353989 -0.064714544 -253.998321533 0.012823503 0.998426020 0.054598916 5.534802914 0.065505594 0.053647283 -0.996408939 41.624771118
-0.997681975 0.016685674 -0.065971494 -254.060119629 0.013072339 0.998410225 0.054828394 5.571108818 0.066781461 0.053838897 -0.996313930 40.615028381
-0.997588038 0.016272847 -0.067480348 -254.119842529 0.012575309 0.998414755 0.054861527 5.612535954 0.068266131 0.053880606 -0.996211290 39.603000641
-0.997531891 0.016831448 -0.068170168 -254.185028076 0.013102681 0.998412430 0.054780386 5.638630867 0.068983972 0.053751960 -0.996168733 38.621433258
-0.997437358 0.017667715 -0.069332428 -254.252563477 0.013946035 0.998454332 0.053800400 5.678405762 0.070175789 0.052695606 -0.996142030 37.614242554
-0.997353077 0.018315399 -0.070370786 -254.316528320 0.014583171 0.998477995 0.053189084 5.709358215 0.071237855 0.052022047 -0.996102095 36.614875793
-0.997326851 0.017721778 -0.070888385 -254.377777100 0.013858868 0.998411119 0.054618251 5.748256683 0.071743682 0.053489815 -0.995987892 35.618595123
-0.997395754 0.019165983 -0.069530189 -254.441772461 0.015347330 0.998365879 0.055045217 5.790530205 0.070471562 0.053834759 -0.996060133 34.622875214
-0.997527599 0.020451598 -0.067234240 -254.502227783 0.016694807 0.998292804 0.055970769 5.820821762 0.068264149 0.054709923 -0.996166110 33.628265381
-0.997797966 0.021790626 -0.062644891 -254.559539795 0.018340381 0.998310566 0.055133265 5.856597900 0.063740447 0.053862926 -0.996511936 32.641799927
-0.998172998 0.022047333 -0.056255631 -254.604858398 0.018951476 0.998307347 0.054984082 5.892641068 0.057372663 0.053817492 -0.996901274 31.657600403
-0.998577356 0.023110103 -0.048054781 -254.645751953 0.020462796 0.998283803 0.054869819 5.928245544 0.049240354 0.053808425 -0.997336507 30.676141739
-0.998994589 0.023174964 -0.038376331 -254.679138184 0.021050438 0.998271704 0.054868072 5.966814041 0.039581571 0.054005072 -0.997755766 29.692905426
-0.999323845 0.022737680 -0.028891275 -254.696350098 0.021112015 0.998242199 0.055379037 6.003305435 0.030099681 0.054731641 -0.998047233 28.713634491
-0.999593019 0.021945117 -0.018236550 -254.705184937 0.020891482 0.998207390 0.056085382 6.038597107 0.019434659 0.055681560 -0.998259544 27.741941452
-0.999731302 0.021896331 -0.007634090 -254.703582764 0.021424366 0.998131752 0.057219263 6.072972775 0.008872719 0.057040323 -0.998332739 26.768280029
-0.999749541 0.022035908 0.003928551 -254.708389282 0.022223774 0.998134315 0.056868389 6.101683617 -0.002668074 0.056941450 -0.998373985 25.790840149
-0.999599934 0.023893645 0.015138486 -254.682891846 0.024683924 0.998215914 0.054366834 6.137986660 -0.013812455 0.054718755 -0.998406291 24.823539734
-0.999319196 0.024423953 0.027662650 -254.655700684 0.025819026 0.998351991 0.051250942 6.166837692 -0.026365310 0.051930256 -0.998302937 23.863937378
-0.998828173 0.025933132 0.040863995 -254.612075806 0.027986053 0.998332202 0.050493740 6.207284451 -0.039486382 0.051578186 -0.997888088 22.896595001
-0.998019934 0.027288642 0.056670696 -254.549819946 0.030265719 0.998169720 0.052356753 6.242975235 -0.055138227 0.053968262 -0.997019172 21.937206268
-0.996814966 0.028973797 0.074299224 -254.474990845 0.032954440 0.998054743 0.052921738 6.268872738 -0.072621346 0.055201676 -0.995830774 20.976291656
-0.995212317 0.029756999 0.093099132 -254.379028320 0.034572531 0.998123109 0.050546661 6.299740314 -0.091420285 0.053523317 -0.994373202 20.029403687
-0.993134141 0.030572942 0.112917364 -254.261840820 0.036171354 0.998198509 0.047868051 6.337241173 -0.111250482 0.051623762 -0.992450833 19.076896667
-0.990664721 0.029470628 0.133097768 -254.136001587 0.036015216 0.998243809 0.047034062 6.373167515 -0.131477907 0.051388524 -0.989986420 18.119186401
-0.987787604 0.027793532 0.153307378 -253.975448608 0.035419371 0.998255551 0.047236908 6.399061203 -0.151727065 0.052090082 -0.987048864 17.176658630
-0.984390497 0.027107893 0.173898339 -253.795410156 0.035898395 0.998220980 0.047604658 6.423646450 -0.172298506 0.053104244 -0.983612299 16.227302551
-0.980407476 0.027525283 0.195047721 -253.596481323 0.037250549 0.998229563 0.046368983 6.456604958 -0.193426087 0.052726131 -0.979697108 15.272445679
-0.975832105 0.026683137 0.216886848 -253.382446289 0.037399799 0.998265922 0.045457128 6.483469486 -0.215297818 0.052470047 -0.975137830 14.324676514
-0.970581412 0.027299451 0.239221692 -253.145980835 0.038829032 0.998293519 0.043615878 6.509652138 -0.237622783 0.051621497 -0.969985247 13.391311646
-0.964787722 0.026937986 0.261647463 -252.883193970 0.039042313 0.998388946 0.041173533 6.528182507 -0.260116816 0.049939029 -0.964285016 12.454208374
-0.958370090 0.026934419 0.284255534 -252.591873169 0.039397236 0.998492539 0.038216740 6.561982155 -0.282797664 0.047824666 -0.957986474 11.504669189
-0.951442599 0.026096115 0.306718081 -252.301025391 0.039474599 0.998516858 0.037495032 6.576735973 -0.305284709 0.047781944 -0.951061606 10.606079102
-0.943876147 0.025231570 0.329334646 -251.969665527 0.039715037 0.998513699 0.037323751 6.601944923 -0.327903420 0.048308529 -0.943475366 9.680770874
-0.935983658 0.024007827 0.351224691 -251.601684570 0.039937362 0.998472512 0.038179416 6.620004177 -0.349771589 0.049762283 -0.935512781 8.751358032
-0.927108169 0.023672249 0.374045283 -251.226989746 0.041167002 0.998396635 0.038850836 6.647377014 -0.372525871 0.051417254 -0.926596284 7.824111938
-0.917827725 0.026590209 0.396087736 -250.836425781 0.045629200 0.998207688 0.038721696 6.665026665 -0.394348204 0.053613007 -0.917396069 6.908966064
-0.907867432 0.026505239 0.418419003 -250.406600952 0.045824423 0.998293757 0.036189757 6.684692383 -0.416745871 0.052029304 -0.907533050 6.004943848
-0.897643328 0.026227348 0.439942151 -249.953872681 0.046530314 0.998288512 0.035425469 6.707461357 -0.438260078 0.052270070 -0.897327304 5.105758667
-0.887199521 0.024553766 0.460732341 -249.489837646 0.046105627 0.998302758 0.035579868 6.724212646 -0.459076732 0.052808791 -0.886825800 4.236145020
-0.877038836 0.021589337 0.479934424 -249.006240845 0.044872764 0.998303831 0.037093472 6.744528294 -0.478319556 0.054068390 -0.876519918 3.351226807
-0.866788864 0.023104511 0.498140365 -248.487747192 0.043979764 0.998575509 0.030211486 6.771824837 -0.496732742 0.048095062 -0.866570234 2.474670410
-0.856056809 0.021798011 0.516422451 -247.946960449 0.042885099 0.998660862 0.028936097 6.785223007 -0.515100121 0.046917759 -0.855845213 1.602951050
-0.845755458 0.021829197 0.533124149 -247.377182007 0.042406764 0.998752117 0.026379962 6.795249462 -0.531883001 0.044919062 -0.845625758 0.721832275
-0.836415887 0.019339908 0.547754288 -246.785919189 0.040846448 0.998797655 0.027106969 6.808009148 -0.546571493 0.045046512 -0.836200118 -0.132415771
-0.827595472 0.019290755 0.560993552 -246.205581665 0.040055275 0.998891056 0.024742175 6.819446564 -0.559894145 0.042947259 -0.827450514 -1.011734009
-0.820871592 0.015712995 0.570896983 -245.583358765 0.036125280 0.999048233 0.024446039 6.838883400 -0.569969475 0.040690865 -0.820657969 -1.877456665
-0.815090895 0.013058980 0.579186022 -244.947418213 0.033832688 0.999112606 0.025085758 6.843888283 -0.578344524 0.040042590 -0.814809442 -2.756240845
-0.810862899 0.011905794 0.585115135 -244.322418213 0.032189868 0.999186873 0.024278047 6.858802319 -0.584350348 0.038520943 -0.810586810 -3.613891602
-0.807856202 0.010956307 0.589277804 -243.675933838 0.030953024 0.999236107 0.023855733 6.871093750 -0.588566303 0.037511930 -0.807578206 -4.487319946
-0.805349112 0.011880981 0.592681885 -243.019073486 0.031332143 0.999254763 0.022543604 6.879067421 -0.591972351 0.036725461 -0.805121183 -5.370376587
-0.803567767 0.013261882 0.595065832 -242.353790283 0.031477403 0.999299586 0.020235794 6.885626793 -0.594380677 0.034991954 -0.803422451 -6.239700317
-0.802124977 0.013434857 0.597005129 -241.683624268 0.030808810 0.999346495 0.018905090 6.892305374 -0.596361041 0.033557262 -0.802014589 -7.123458862
-0.801224709 0.013608497 0.598208785 -241.019897461 0.031115957 0.999336302 0.018942233 6.896990776 -0.597553968 0.033790823 -0.801116347 -8.004394531
-0.800481439 0.012087714 0.599236071 -240.344482422 0.029475026 0.999380827 0.019214423 6.904547691 -0.598632753 0.033043280 -0.800342083 -8.889541626
-0.799987078 0.011257651 0.599911749 -239.672332764 0.029425342 0.999357045 0.020485474 6.906603336 -0.599295437 0.034040719 -0.799803972 -9.785736084
-0.800144911 0.010743787 0.599710703 -238.988998413 0.028855734 0.999371350 0.020596152 6.915936470 -0.599112451 0.033784997 -0.799951911 -10.681503296
-0.801064372 0.009077528 0.598509490 -238.309326172 0.026761228 0.999428332 0.020659864 6.912684441 -0.597979844 0.032566726 -0.800849319 -11.572601318
-0.802714586 0.008479827 0.596303046 -237.634490967 0.025839830 0.999454439 0.020571431 6.917240620 -0.595803320 0.031921357 -0.802495837 -12.465972900
-0.805238605 0.006666010 0.592913806 -236.957122803 0.024078812 0.999479592 0.021464579 6.920953274 -0.592462182 0.031560760 -0.804980040 -13.370407104
-0.808714986 0.004911870 0.588180423 -236.279754639 0.022760469 0.999477565 0.022947766 6.927635193 -0.587760389 0.031945460 -0.808404207 -14.278457642
-0.812192202 0.004056087 0.583375990 -235.616714478 0.021840695 0.999486208 0.023458006 6.935552120 -0.582981110 0.031793743 -0.811863422 -15.192947388
-0.816126108 0.003295852 0.577864647 -234.958755493 0.020973740 0.999493837 0.023920881 6.942429066 -0.577493310 0.031642433 -0.815782070 -16.102981567
-0.820115209 0.003177649 0.572189867 -234.308288574 0.020671314 0.999496341 0.024077339 6.945609093 -0.571825206 0.031574104 -0.819767833 -17.031356812
-0.824617386 0.003328882 0.565681219 -233.671997070 0.020072816 0.999525130 0.023379050 6.955717564 -0.565334797 0.030633584 -0.824292660 -17.942840576
-0.829655170 0.002444096 0.558271050 -233.040359497 0.019411830 0.999512017 0.024472374 6.958580017 -0.557938814 0.031140693 -0.829297781 -18.866424561
-0.834519267 0.003298000 0.550969183 -232.422683716 0.020639325 0.999467373 0.025278486 6.961847305 -0.550592363 0.032467011 -0.834142804 -19.789428711
-0.839130282 0.004609448 0.543911397 -231.812591553 0.022465503 0.999404550 0.026189517 6.969184875 -0.543466806 0.034195654 -0.838734150 -20.719024658
-0.843245983 0.006694648 0.537486255 -231.223388672 0.025084507 0.999323130 0.026907276 6.976943970 -0.536942303 0.036172029 -0.842843175 -21.644241333
-0.846266270 0.011121062 0.532644153 -230.639877319 0.029850882 0.999201298 0.026564850 6.986951351 -0.531923294 0.038380831 -0.845922232 -22.580978394
-0.847738862 0.015482912 0.530188024 -230.066314697 0.034465931 0.999069333 0.025933452 6.997460365 -0.529293060 0.040258214 -0.847483635 -23.509841919
-0.848836184 0.017292179 0.528373599 -229.489044189 0.036789276 0.998974025 0.026408629 7.000715256 -0.527374864 0.041855074 -0.848601460 -24.432510376
-0.850191832 0.017842211 0.526170552 -228.881164551 0.037779793 0.998916566 0.027172165 7.013224602 -0.525115669 0.042980168 -0.849944830 -25.362182617
-0.851022840 0.018447917 0.524804711 -228.312377930 0.038730863 0.998865843 0.027693834 7.026087284 -0.523698568 0.043894220 -0.850772262 -26.287399292
-0.852120519 0.020716937 0.522935688 -227.736511230 0.041299686 0.998761952 0.027730022 7.028179169 -0.521713734 0.045226391 -0.851921201 -27.210556030
-0.852654219 0.022626784 0.521985352 -227.194595337 0.043580782 0.998660266 0.027899001 7.035266399 -0.520654738 0.046536732 -0.852498055 -28.111480713
-0.852868795 0.026445048 0.521454871 -226.605789185 0.048021305 0.998456419 0.027905870 7.050353050 -0.519912004 0.048840996 -0.852822304 -29.074600220
-0.852922797 0.029121794 0.521224260 -226.051742554 0.051735714 0.998242974 0.028885726 7.054734230 -0.519467235 0.051603202 -0.852930784 -29.990478516
-0.853038669 0.031896602 0.520872593 -225.498764038 0.053942356 0.998173058 0.027216960 7.067142010 -0.519052863 0.051314201 -0.853200793 -30.905471802
-0.853323221 0.033703525 0.520292103 -224.960800171 0.055883322 0.998072147 0.027000183 7.071711540 -0.518379092 0.052115530 -0.853561640 -31.781982422
-0.853302479 0.034297310 0.520287454 -224.418579102 0.056969091 0.997993112 0.027645048 7.082695961 -0.518295169 0.053229880 -0.853543878 -32.675018311
-0.853843451 0.035071310 0.519347250 -223.864089966 0.058230843 0.997900605 0.028347772 7.095036030 -0.517262757 0.054446582 -0.854093194 -33.573898315
-0.853890777 0.036653388 0.519160151 -223.308822632 0.060605694 0.997733414 0.029240167 7.104818344 -0.516911685 0.056431964 -0.854176760 -34.499298096
-0.854111433 0.037829813 0.518712997 -222.770812988 0.062053438 0.997639179 0.029419031 7.114336014 -0.516375482 0.057315040 -0.854442477 -35.380981445
-0.854390740 0.038538467 0.518200457 -222.235382080 0.063278019 0.997540593 0.030143656 7.122764111 -0.515764296 0.058545150 -0.854727983 -36.262237549
-0.854708910 0.037968252 0.517717302 -221.705596924 0.062764198 0.997563481 0.030459426 7.131889820 -0.515299380 0.058528051 -0.855009437 -37.124053955
-0.854526401 0.037113912 0.518080652 -221.183624268 0.062363371 0.997559428 0.031400125 7.139547348 -0.515650868 0.059141483 -0.854755402 -37.965820312
-0.853042126 0.038324211 0.520433307 -220.673751831 0.064482838 0.997397661 0.032246366 7.148277760 -0.517843187 0.061066516 -0.853293419 -38.796859741
-0.850555658 0.039084848 0.524430573 -220.169723511 0.066041671 0.997278094 0.032785386 7.162029266 -0.521721721 0.062520064 -0.850821853 -39.615554810
-0.847917557 0.038613275 0.528720319 -219.673889160 0.067326672 0.997111559 0.035152256 7.171208382 -0.525835812 0.065403186 -0.848067999 -40.397781372
-0.844516754 0.038599227 0.534136176 -219.191528320 0.067443877 0.997123718 0.034577861 7.179166317 -0.531265140 0.065225802 -0.844691038 -41.144912720
-0.840425611 0.041623000 0.540326238 -218.719818115 0.070249841 0.997000992 0.032464806 7.187413692 -0.537354529 0.065242082 -0.840829134 -41.877426147
-0.836227775 0.041947756 0.546775579 -218.257400513 0.070405483 0.997030854 0.031186130 7.193451881 -0.543843925 0.064574704 -0.836698294 -42.567214966
-0.832429290 0.040554736 0.552645206 -217.799743652 0.069663644 0.997064710 0.031764265 7.204195023 -0.549734831 0.064940788 -0.832811117 -43.251998901
-0.829037666 0.037988320 0.557901025 -217.351760864 0.068189144 0.997112036 0.033433802 7.206311703 -0.555019736 0.065760672 -0.829233885 -43.894485474
-0.825300217 0.037791930 0.563428283 -216.923431396 0.068306215 0.997112751 0.033172488 7.210743904 -0.560547829 0.065862909 -0.825498819 -44.509246826
-0.821464062 0.036277674 0.569105327 -216.498367310 0.066154182 0.997298837 0.031916048 7.220705509 -0.566410244 0.063866578 -0.821645141 -45.119598389
-0.817923188 0.035845600 0.574209750 -216.089370728 0.065080240 0.997415721 0.030437784 7.227483749 -0.571634769 0.062265474 -0.818142295 -45.691680908
-0.814486504 0.035100248 0.579119802 -215.685485840 0.064599603 0.997448146 0.030399276 7.228573799 -0.576574981 0.062170707 -0.814675450 -46.243972778
-0.811163068 0.034819588 0.583782613 -215.298065186 0.064405374 0.997472882 0.029996887 7.236738682 -0.581262887 0.061931103 -0.811355829 -46.768966675
-0.807372212 0.034435160 0.589036763 -214.915969849 0.064825773 0.997429013 0.030544620 7.238953590 -0.586470544 0.062845640 -0.807528734 -47.287582397
-0.803101659 0.034325000 0.594852865 -214.542556763 0.065377258 0.997387886 0.030712184 7.245594978 -0.592244864 0.063554846 -0.803247929 -47.779174805
-0.797960520 0.034766316 0.601706326 -214.185134888 0.066595241 0.997307897 0.030692123 7.248528004 -0.599019408 0.064561874 -0.798127532 -48.247360229
-0.791690946 0.035420563 0.609894276 -213.828750610 0.067308880 0.997297406 0.029452626 7.256597519 -0.607202768 0.064368673 -0.791935444 -48.703613281
-0.784269929 0.036086526 0.619369686 -213.472534180 0.067883059 0.997304499 0.027849888 7.255150318 -0.616695166 0.063886531 -0.784605622 -49.133834839
-0.776109815 0.036359210 0.629548669 -213.124511719 0.068145126 0.997325838 0.026409592 7.254410744 -0.626904905 0.063397415 -0.776512027 -49.544845581
-0.767445326 0.036742985 0.640060604 -212.769699097 0.067735657 0.997415602 0.023959272 7.254285812 -0.637526095 0.061742358 -0.767950773 -49.946151733
-0.758427024 0.037034862 0.650704741 -212.430389404 0.067426659 0.997485697 0.021817060 7.256516457 -0.648260653 0.060421500 -0.759017229 -50.325103760
-0.748728871 0.037541069 0.661812723 -212.083923340 0.068561614 0.997426093 0.020987213 7.252195358 -0.659321427 0.061088674 -0.749375582 -50.693130493
-0.737991691 0.038520843 0.673709333 -211.736389160 0.069509327 0.997398198 0.019113127 7.255983353 -0.671220183 0.060934413 -0.738749146 -51.052001953
-0.725796700 0.039997086 0.686745465 -211.409851074 0.071517713 0.997285783 0.017501088 7.254387856 -0.684181511 0.061816696 -0.726687193 -51.400268555
-0.712673068 0.040654860 0.700317264 -211.074050903 0.072669804 0.997226715 0.016060865 7.248940945 -0.697722137 0.062338062 -0.713651061 -51.729675293
-0.696779013 0.040127233 0.716162622 -210.746337891 0.073468424 0.997175395 0.015607293 7.249226570 -0.713513494 0.063490175 -0.697758913 -52.030487061
-0.679460049 0.039383769 0.732655048 -210.425231934 0.073999450 0.997145116 0.015025239 7.242506981 -0.729971588 0.064425111 -0.680434585 -52.309020996
-0.659942746 0.038149696 0.750346780 -210.112228394 0.073246017 0.997219503 0.013719721 7.236377716 -0.747737110 0.064014137 -0.660902143 -52.570938110
-0.639903665 0.036743682 0.767576516 -209.787918091 0.069965906 0.997493267 0.010578549 7.237883091 -0.765263736 0.060473427 -0.640870452 -52.797286987
-0.619838715 0.033587474 0.784010351 -209.484832764 0.064973816 0.997849762 0.008619815 7.230307579 -0.782034993 0.056283034 -0.620688200 -52.978500366
-0.599244714 0.030351799 0.799990296 -209.231353760 0.060830902 0.998118401 0.007697483 7.209605217 -0.798251390 0.053276807 -0.599963546 -53.160339355
-0.579926968 0.028478017 0.814170718 -208.963012695 0.056234267 0.998404384 0.005133052 7.200706482 -0.812725484 0.048761085 -0.580603004 -53.324264526
-0.561144114 0.029998960 0.827174485 -208.699966431 0.053933285 0.998544455 0.000373612 7.196692467 -0.825959265 0.044821881 -0.561945200 -53.468292236
-0.541647911 0.032022182 0.839995503 -208.441497803 0.051934149 0.998640001 -0.004581712 7.192600250 -0.838999808 0.041142773 -0.542574286 -53.609893799
-0.520845890 0.033419672 0.852996528 -208.175552368 0.051440511 0.998646259 -0.007716165 7.185930252 -0.852099657 0.039859638 -0.521859884 -53.758346558
-0.498531103 0.031600587 0.866295874 -207.915191650 0.049535297 0.998740911 -0.007925610 7.181175709 -0.865455627 0.038961057 -0.499468803 -53.873107910
-0.474656463 0.027771601 0.879733026 -207.646179199 0.047080234 0.998872280 -0.006130673 7.168666840 -0.878911257 0.038508072 -0.475428700 -53.983718872
-0.449879527 0.024167292 0.892762244 -207.389022827 0.042081527 0.999097109 -0.005840136 7.164322853 -0.892097294 0.034941439 -0.450490355 -54.065216064
-0.423699141 0.021300061 0.905552566 -207.159591675 0.038621929 0.999239147 -0.005432902 7.144301891 -0.904979229 0.032672271 -0.424199462 -54.132324219
-0.396910429 0.019729007 0.917645276 -206.904998779 0.037077155 0.999297559 -0.005447465 7.138016224 -0.917108178 0.031861521 -0.397363067 -54.227462769
-0.371033549 0.018136572 0.928442478 -206.640747070 0.034624226 0.999384224 -0.005685499 7.129364014 -0.927973866 0.030037090 -0.371433020 -54.303268433
-0.344275713 0.018051716 0.938695192 -206.373001099 0.032052312 0.999458313 -0.007464732 7.124949932 -0.938321471 0.027517421 -0.344667912 -54.371444702
-0.317086220 0.017880034 0.948228300 -206.094131470 0.028251313 0.999556661 -0.009400702 7.119952679 -0.947975993 0.023807861 -0.317450762 -54.429931641
-0.288834453 0.018474165 0.957200706 -205.798675537 0.026343901 0.999588609 -0.011343011 7.112641335 -0.957016468 0.021940149 -0.289202213 -54.490554810
-0.259943366 0.018683227 0.965443134 -205.503997803 0.025582591 0.999595106 -0.012456081 7.103758812 -0.965285003 0.021460664 -0.260316133 -54.533615112
-0.230760813 0.020038191 0.972804248 -205.184570312 0.026335325 0.999550283 -0.014342066 7.092237949 -0.972654164 0.022309531 -0.231184721 -54.587890625
-0.201170564 0.020371629 0.979344487 -204.901138306 0.026646366 0.999527574 -0.015317942 7.070698738 -0.979193807 0.023014450 -0.201618433 -54.624816895
-0.170111895 0.022057999 0.985177755 -204.583862305 0.026658334 0.999486566 -0.017775241 7.067368031 -0.985064030 0.023239419 -0.170612574 -54.659225464
-0.138631582 0.024435166 0.990042567 -204.295959473 0.027417604 0.999407053 -0.020827122 7.054162979 -0.989964485 0.024257300 -0.139219284 -54.688262939
-0.107931972 0.026435908 0.993806899 -203.937255859 0.028086871 0.999328434 -0.023532428 7.041735649 -0.993761599 0.025373023 -0.108602047 -54.703872681
-0.075889707 0.027208380 0.996745050 -203.572189331 0.027360287 0.999308050 -0.025195206 7.029545784 -0.996740937 0.025359172 -0.076581597 -54.711746216
-0.044940948 0.028169109 0.998592436 -203.179962158 0.028545139 0.999230444 -0.026902452 7.017078400 -0.998581767 0.027295940 -0.045710444 -54.700256348
-0.013924599 0.029443273 0.999469578 -202.748443604 0.026011379 0.999238789 -0.029074090 7.004881382 -0.999564767 0.025592739 -0.014679909 -54.688003540
0.017194331 0.030381761 0.999390483 -202.285858154 0.022371095 0.999276340 -0.030763181 6.990598679 -0.999601841 0.022886410 0.016502202 -54.669555664
0.047627211 0.030123988 0.998410821 -201.887847900 0.019459238 0.999327481 -0.031079909 6.975708961 -0.998675585 0.020908564 0.047008991 -54.615829468
0.076511085 0.027001733 0.996703148 -201.428527832 0.018205931 0.999428749 -0.028473141 6.959116936 -0.996902645 0.020324422 0.075975835 -54.562683105
0.103788376 0.023997309 0.994309962 -200.939498901 0.019640462 0.999464512 -0.026171833 6.943690777 -0.994405568 0.022245038 0.103261471 -54.495254517
0.128683627 0.022456471 0.991431415 -200.422119141 0.020757135 0.999463558 -0.025332594 6.927970886 -0.991468489 0.023839166 0.128148496 -54.418136597
0.150785685 0.020548156 0.988352954 -199.904144287 0.022147367 0.999462783 -0.024157995 6.901848316 -0.988318384 0.025532097 0.150249600 -54.324996948
0.172648847 0.019194601 0.984796405 -199.386962891 0.021697005 0.999493420 -0.023284854 6.890323639 -0.984744430 0.025387235 0.172144890 -54.222091675
0.195100546 0.018975079 0.980599642 -198.827087402 0.021172196 0.999498367 -0.023553208 6.874302864 -0.980554700 0.025356691 0.194600940 -54.098358154
0.217794597 0.019625029 0.975797355 -198.245391846 0.020469328 0.999486089 -0.024670135 6.855844498 -0.975780010 0.025346937 0.217280924 -53.948516846
0.241063774 0.018481255 0.970333338 -197.650512695 0.020398848 0.999501288 -0.024104565 6.840994358 -0.970294893 0.025604419 0.240566552 -53.775802612
0.267126918 0.013862019 0.963561654 -197.022048950 0.024246970 0.999483287 -0.021100750 6.825947762 -0.963356256 0.029000027 0.266652763 -53.613586426
0.292733610 0.008636395 0.956155181 -196.380325317 0.028584566 0.999433279 -0.017778676 6.805458069 -0.955766797 0.032535695 0.292320848 -53.408416748
0.318146527 0.001087118 0.948041022 -195.705368042 0.034997057 0.999304295 -0.012890326 6.788240433 -0.947395444 0.037279654 0.317887127 -53.171295166
0.344975054 -0.003145122 0.938606560 -195.041320801 0.039089393 0.999174953 -0.011018823 6.769062042 -0.937797546 0.040490780 0.344813406 -52.932418823
0.371905684 -0.004097077 0.928261578 -194.361862183 0.044020280 0.998943090 -0.013227575 6.754730225 -0.927226245 0.045781739 0.371692955 -52.647842407
0.398885667 -0.004139539 0.916991234 -193.662185669 0.050724383 0.998558342 -0.017557040 6.733879089 -0.915596604 0.053517073 0.398520589 -52.340690613
0.425348878 -0.000828488 0.905029178 -192.997512817 0.056407154 0.998079658 -0.025596777 6.720303059 -0.903270006 0.061937675 0.424578786 -52.017601013
0.450008512 -0.000034877 0.893024325 -192.289321899 0.058727872 0.997836411 -0.029554904 6.696799278 -0.891091168 0.065745369 0.449036956 -51.657485962
0.471700728 -0.001980661 0.881756544 -191.559555054 0.057794835 0.997916520 -0.028676091 6.669583797 -0.879862666 0.064487502 0.470832407 -51.260314941
0.491797924 -0.005181648 0.870693982 -190.817779541 0.056931246 0.998033822 -0.026217261 6.637875080 -0.868846178 0.062463284 0.491126001 -50.843132019
0.508664131 -0.007332015 0.860933840 -190.094146729 0.054426342 0.998237550 -0.023655282 6.605573654 -0.859243035 0.058890071 0.508166671 -50.396224976
0.522902369 -0.008079757 0.852354288 -189.362060547 0.052614860 0.998354256 -0.022814430 6.575438499 -0.850767195 0.056776222 0.522466898 -49.927444458
0.534308076 -0.007014572 0.845260680 -188.607788086 0.050164122 0.998466253 -0.023423878 6.534883022 -0.843799949 0.054917328 0.533840537 -49.441505432
0.543191433 -0.003442230 0.839601815 -187.834716797 0.045806136 0.998623788 -0.025540693 6.515253544 -0.838358462 0.052332398 0.542601585 -48.934730530
0.548463583 -0.000475700 0.836174309 -187.067230225 0.041109141 0.998805940 -0.026396094 6.481117249 -0.835163355 0.048851702 0.547828197 -48.406921387
0.551515818 0.001448744 0.834163249 -186.273162842 0.036430784 0.999002516 -0.025821632 6.453060150 -0.833368599 0.044630256 0.550912917 -47.865287781
0.552352250 0.000981545 0.833610296 -185.436996460 0.034197625 0.999130785 -0.023835873 6.413659096 -0.832909107 0.041673288 0.551838636 -47.313804626
0.551553130 0.002176695 0.834136963 -184.626464844 0.032090973 0.999200881 -0.023826826 6.379179478 -0.833522260 0.039910026 0.551042557 -46.769050598
0.550792217 0.004555486 0.834630013 -183.806091309 0.032222796 0.999123514 -0.026717907 6.340445995 -0.834020197 0.041610129 0.550162733 -46.223960876
0.550196052 0.006769216 0.835008085 -182.938873291 0.031988051 0.999062300 -0.029176446 6.306495667 -0.834422648 0.042763047 0.549463630 -45.649116516
0.549129367 0.006288239 0.835713744 -182.090148926 0.032119498 0.999074101 -0.028622456 6.270704269 -0.835119963 0.042560134 0.548418999 -45.085426331
0.548267126 0.005049764 0.836288035 -181.212326050 0.030964902 0.999173522 -0.026333783 6.236251831 -0.835729837 0.040333524 0.547657609 -44.507820129
0.546901226 0.002997157 0.837191820 -180.333694458 0.029928267 0.999284446 -0.023128301 6.188600063 -0.836662054 0.037704594 0.546420217 -43.925552368
0.545335650 0.002762421 0.838213265 -179.420501709 0.027779358 0.999385715 -0.021366639 6.148511887 -0.837757349 0.034937017 0.544923902 -43.315307617
0.543920398 0.003580460 0.839129269 -178.512756348 0.026713001 0.999410212 -0.021579627 6.112668037 -0.838711619 0.034153257 0.543503881 -42.728477478
0.542056799 0.006440634 0.840317130 -177.593399048 0.024926132 0.999407411 -0.023738891 6.082268238 -0.839972019 0.033813681 0.541575074 -42.138481140
0.539518833 0.009120116 0.841924131 -176.663330078 0.023956561 0.999370217 -0.026177404 6.040844917 -0.841632605 0.034292810 0.538960576 -41.532600403
0.536762714 0.012204594 0.843645036 -175.718688965 0.022344146 0.999339104 -0.028673235 6.005661011 -0.843437374 0.034241252 0.536135197 -40.925186157
0.533587992 0.012011111 0.845659316 -174.751449585 0.019541357 0.999457121 -0.026525605 5.959218979 -0.845518827 0.030679075 0.533063591 -40.309165955
0.530084133 0.008531070 0.847902119 -173.776443481 0.017933777 0.999612927 -0.021269176 5.923495293 -0.847755373 0.026480541 0.529726028 -39.694412231
0.525969744 0.007641964 0.850468993 -172.788421631 0.014837193 0.999725044 -0.018159134 5.888774872 -0.850373924 0.022169728 0.525711775 -39.079849243
0.520844162 0.007527173 0.853618622 -171.788970947 0.015530894 0.999712050 -0.018291755 5.856771469 -0.853510559 0.022784613 0.520577312 -38.473098755
0.515303493 0.007613923 0.856973946 -170.779266357 0.016044963 0.999699533 -0.018529925 5.825568676 -0.856857538 0.023298651 0.515026569 -37.849670410
0.509860277 0.006799592 0.860230386 -169.760223389 0.017784538 0.999671757 -0.018442724 5.787429810 -0.860073388 0.024702013 0.509572029 -37.239494324
0.504822195 0.004529663 0.863211513 -168.711120605 0.020278480 0.999648035 -0.017104842 5.755271435 -0.862985134 0.026139520 0.504552662 -36.626770020
0.499575078 0.000869051 0.866270185 -167.653961182 0.023339171 0.999623001 -0.014462453 5.710350990 -0.865956187 0.027443109 0.499366403 -36.020736694
0.493866146 -0.000488256 0.869537890 -166.599060059 0.024447843 0.999612331 -0.013324201 5.675206184 -0.869194269 0.027838698 0.493686616 -35.419219971
0.487804890 0.000787562 0.872952402 -165.537658691 0.024565363 0.999591172 -0.014628916 5.639334202 -0.872607052 0.028580448 0.487586081 -34.814941406
0.481278360 0.003644534 0.876560330 -164.483123779 0.022727625 0.999603271 -0.016634801 5.598529339 -0.876273215 0.027928103 0.481004596 -34.228706360
0.473726034 0.005832792 0.880653024 -163.424758911 0.021743517 0.999595761 -0.018316984 5.564158916 -0.880403876 0.027825724 0.473407745 -33.632759094
0.466979265 0.005039048 0.884253919 -162.346832275 0.021554228 0.999621809 -0.017079392 5.526719093 -0.884005547 0.027035132 0.466694057 -33.066917419
0.459383488 0.002774366 0.888233662 -161.285629272 0.021473741 0.999668181 -0.014228378 5.481345177 -0.887978435 0.025609981 0.459171474 -32.492950439
0.453128040 0.001979979 0.891443193 -160.202545166 0.022383684 0.999656975 -0.013598145 5.448108673 -0.891164303 0.026115485 0.452928305 -31.947860718
0.447368443 0.001900899 0.894347727 -159.118530273 0.020945244 0.999701202 -0.012602002 5.418748379 -0.894104421 0.024370071 0.447194934 -31.409484863
0.441726089 -0.000491283 0.897149861 -158.034530640 0.020027895 0.999756038 -0.009313585 5.382824421 -0.896926463 0.022082075 0.441628158 -30.859260559
0.438141704 -0.003066823 0.898900628 -156.938476562 0.020354936 0.999771595 -0.006510423 5.351928711 -0.898675382 0.021149553 0.438104033 -30.331619263
0.434929609 -0.003445648 0.900457919 -155.846343994 0.019021982 0.999804676 -0.005361993 5.317642689 -0.900263548 0.019460583 0.434910238 -29.795722961
0.432728946 -0.001881282 0.901522160 -154.772613525 0.026138859 0.999603570 -0.010460650 5.283119202 -0.901145101 0.028091386 0.432606578 -29.268890381
0.432204604 0.004056137 0.901766479 -153.686004639 0.028785728 0.999418199 -0.018291991 5.251041889 -0.901316047 0.033863887 0.431836426 -28.752159119
0.432037652 0.003741647 0.901847780 -152.611907959 0.031019749 0.999338031 -0.019006388 5.209771633 -0.901321948 0.036186568 0.431635559 -28.233505249
0.431769669 0.000182264 0.901983917 -151.522186279 0.031345405 0.999392927 -0.015206646 5.169520378 -0.901439130 0.034838818 0.431501865 -27.711029053
0.431092143 -0.000618501 0.902307808 -150.431976318 0.029709719 0.999467254 -0.013509201 5.136380672 -0.901818752 0.032631021 0.430880845 -27.182579041
0.429557085 -0.000766562 0.903039455 -149.352767944 0.027867008 0.999534607 -0.012407286 5.110127449 -0.902609706 0.030494643 0.429378569 -26.647506714
0.429101408 -0.000643516 0.903256118 -148.261703491 0.027856473 0.999533534 -0.012521405 5.071050167 -0.902826726 0.030534482 0.428919137 -26.125083923
0.429208815 0.001438821 0.903204203 -147.184494019 0.029285535 0.999450743 -0.015508833 5.031247139 -0.902730405 0.033107344 0.428930938 -25.612739563
0.429291964 0.004638568 0.903153896 -146.091552734 0.032015182 0.999280214 -0.020349897 4.989902020 -0.902598202 0.037650682 0.428834438 -25.089370728
0.429153740 0.006814706 0.903205872 -145.000839233 0.034310598 0.999126792 -0.023840945 4.951284885 -0.902579665 0.041220963 0.428545177 -24.580535889
0.427822888 0.006911754 0.903836131 -143.918746948 0.034960542 0.999095917 -0.024188485 4.899953365 -0.903186202 0.041946989 0.427194476 -24.051582336
0.427331090 0.005872956 0.904076159 -142.824417114 0.034588329 0.999140620 -0.022839425 4.855287075 -0.903433323 0.041030481 0.426760733 -23.532081604
0.426981807 0.003493865 0.904253542 -141.716659546 0.035939373 0.999136865 -0.020830786 4.813848972 -0.903545797 0.041392669 0.426487684 -23.005569458
0.426310718 0.002303553 0.904573917 -140.625701904 0.036785617 0.999125421 -0.019880790 4.766582489 -0.903828561 0.041750699 0.425853133 -22.486755371
0.425590098 0.002321589 0.904913127 -139.535659790 0.038003065 0.999068618 -0.020436395 4.726217270 -0.904117763 0.043086998 0.425105512 -21.971214294
0.425217688 0.004328490 0.905080855 -138.455566406 0.037301328 0.999055147 -0.022302525 4.677195549 -0.904322207 0.043244142 0.424654424 -21.460563660
0.424787521 0.005188917 0.905278265 -137.355667114 0.038359929 0.998982310 -0.023725806 4.627259731 -0.904480040 0.044804830 0.424156189 -20.933876038
0.423942089 0.004167546 0.905679762 -136.263824463 0.038299542 0.999012411 -0.022524761 4.581569672 -0.904879212 0.044236310 0.423363745 -20.404708862
0.423413098 0.001662268 0.905935287 -135.177185059 0.037127670 0.999126315 -0.019185878 4.534184456 -0.905175686 0.041758817 0.422981441 -19.891418457
0.423324764 -0.001053391 0.905977368 -134.084884644 0.036732156 0.999197006 -0.016001595 4.485201836 -0.905233026 0.040052373 0.423023522 -19.386138916
0.423978984 -0.001321669 0.905671060 -132.997314453 0.037465282 0.999168515 -0.016080806 4.446615219 -0.904896796 0.040749144 0.423675954 -18.876190186
0.425317049 -0.000759381 0.905044079 -131.933074951 0.039252888 0.999074161 -0.017608251 4.404874325 -0.904192805 0.043014683 0.424953043 -18.371643066
0.426996708 0.001086481 0.904252470 -130.877731323 0.040177267 0.998988926 -0.020172399 4.359891891 -0.903360128 0.044943940 0.426521361 -17.875221252
0.429079354 0.001972526 0.903264701 -129.814178467 0.040194873 0.998965323 -0.021275355 4.320692539 -0.902372062 0.045435425 0.428556085 -17.370903015
0.430225670 0.000298474 0.902721345 -128.761169434 0.040867850 0.998968184 -0.019807406 4.274909973 -0.901795864 0.045413934 0.429769576 -16.862495422
0.431592524 -0.000492534 0.902068555 -127.708053589 0.039201573 0.999065399 -0.018210400 4.226324081 -0.901216447 0.043221977 0.431208432 -16.350845337
0.432364345 0.000191248 0.901699007 -126.651130676 0.038138323 0.999101222 -0.018499227 4.182466507 -0.900892138 0.042387694 0.431968451 -15.835609436
0.432920516 0.003958498 0.901423335 -125.614990234 0.035424389 0.999143183 -0.021400651 4.135209560 -0.900735736 0.041197155 0.432409406 -15.331275940
0.431966186 0.006370797 0.901867330 -124.565719604 0.030651994 0.999293685 -0.021740364 4.095009327 -0.901368797 0.037035134 0.431465805 -14.821273804
0.428639948 0.002683461 0.903471410 -123.524772644 0.025944415 0.999546647 -0.015277804 4.055777073 -0.903102815 0.029988715 0.428376019 -14.314201355
0.422822535 -0.000947712 0.906212032 -122.474273682 0.020024227 0.999765038 -0.008297403 4.017149925 -0.905991256 0.021654524 0.422742188 -13.809104919
0.415814161 0.002336888 0.909446597 -121.429916382 0.015935326 0.999824464 -0.009855017 3.980914831 -0.909309983 0.018590184 0.415703952 -13.315231323
0.407802582 0.010430903 0.913010538 -120.394363403 0.012150588 0.999784231 -0.016849415 3.947013855 -0.912989259 0.017964851 0.407587826 -12.848693848
0.398395419 0.016918603 0.917057693 -119.349693298 0.008782627 0.999713659 -0.022258924 3.908224106 -0.917171717 0.016922031 0.398132801 -12.387542725
0.388053834 0.016763002 0.921484292 -118.299453735 0.007088216 0.999750733 -0.021171751 3.866027832 -0.921609521 0.014747460 0.387838304 -11.928543091
0.377817750 0.012578556 0.925794601 -117.236663818 0.005352522 0.999861360 -0.015769254 3.828687191 -0.925864577 0.010913241 0.377698004 -11.481666565
0.367915452 0.009520072 0.929810584 -116.182052612 0.004499737 0.999917626 -0.012018375 3.790689707 -0.929848433 0.008605650 0.367842317 -11.057212830
0.358496547 0.010804630 0.933468640 -115.128593445 0.006022527 0.999885440 -0.013886327 3.751938343 -0.933511734 0.010600042 0.358390450 -10.641395569
0.351252556 0.014494288 0.936168551 -114.086853027 0.008273668 0.999793053 -0.018583657 3.716678858 -0.936244190 0.014273104 0.351059973 -10.239051819
0.345384181 0.015066213 0.938340425 -113.033294678 0.010484424 0.999746799 -0.019911272 3.677551985 -0.938402832 0.016714999 0.345138729 -9.843223572
0.341425955 0.007817382 0.939876258 -111.946365356 0.018672904 0.999711633 -0.015098314 3.643797874 -0.939723253 0.022705175 0.341181576 -9.460983276
0.337493300 0.004584319 0.941316843 -110.885063171 0.015806321 0.999819577 -0.010536327 3.597863674 -0.941195309 0.018434696 0.337359965 -9.069023132
0.332764983 0.008701690 0.942969620 -109.827293396 0.014130969 0.999799132 -0.014212795 3.558127165 -0.942903936 0.018054595 0.332575202 -8.686729431
0.328419805 0.015196336 0.944409668 -108.769905090 0.014150677 0.999679208 -0.021006590 3.521551371 -0.944425941 0.020263016 0.328099370 -8.316162109
0.323650002 0.019624915 0.945973396 -107.698303223 0.009578003 0.999665678 -0.024015767 3.485080719 -0.946128488 0.016833240 0.323353827 -7.935791016
0.320621789 0.019020202 0.947016358 -106.635322571 0.008801509 0.999695361 -0.023058066 3.442850113 -0.947166443 0.015728092 0.320356727 -7.564079285
0.318626046 0.015640488 0.947751522 -105.562988281 0.009710773 0.999757528 -0.019763410 3.401917219 -0.947830796 0.015500538 0.318396926 -7.201644897
0.317422450 0.012477695 0.948202133 -104.485832214 0.011009299 0.999797523 -0.016842155 3.361311913 -0.948220313 0.015785119 0.317220807 -6.833732605
0.316548288 0.010257435 0.948521018 -103.406776428 0.010654126 0.999840021 -0.014367992 3.324083805 -0.948516667 0.014653826 0.316388369 -6.460449219
0.315233707 0.009223791 0.948969245 -102.348350525 0.004312964 0.999928534 -0.011151808 3.287229538 -0.949004292 0.007608296 0.315171421 -6.097793579
0.311697304 0.010432269 0.950124204 -101.280494690 -0.002423835 0.999945223 -0.010184137 3.257003069 -0.950178385 0.000871425 0.311705530 -5.724044800
0.307031155 0.015764104 0.951568961 -100.212043762 -0.006381550 0.999874413 -0.014505298 3.222415447 -0.951678157 -0.001618904 0.307093203 -5.371627808
0.301236689 0.024523921 0.953234076 -99.152038574 -0.008568570 0.999698460 -0.023011515 3.181361437 -0.953511000 -0.001235937 0.301355958 -5.027534485
0.295591474 0.031241562 0.954803526 -98.066627502 -0.007595940 0.999510407 -0.030352812 3.144472122 -0.955284297 0.001719406 0.295684040 -4.696525574
0.289433360 0.029051842 0.956757307 -96.985244751 -0.003925756 0.999566913 -0.029164156 3.080873489 -0.957190216 0.004685089 0.289422035 -4.364440918
0.282381654 0.024737367 0.958983123 -95.882232666 -0.000585252 0.999671698 -0.025614614 3.037158012 -0.959301949 0.006671852 0.282303452 -4.040756226
0.274636865 0.021522863 0.961307168 -94.787368774 0.000863734 0.999743521 -0.022630183 2.985525131 -0.961547673 0.007045398 0.274547875 -3.726760864
0.266257763 0.020411853 0.963685811 -93.699798584 0.001316107 0.999767125 -0.021539725 2.942725420 -0.963901043 0.007003435 0.266168892 -3.411033630
0.257842958 0.019472837 0.965990663 -92.605484009 0.001932729 0.999784470 -0.020669954 2.899260759 -0.966184974 0.007196601 0.257749736 -3.112762451
0.249517918 0.019389320 0.968176126 -91.507629395 0.003476623 0.999775171 -0.020918138 2.855471134 -0.968364060 0.008585435 0.249394417 -2.825225830
0.241116941 0.020294050 0.970283866 -90.387290955 0.004685167 0.999745369 -0.022074524 2.813590527 -0.970484793 0.009868484 0.240960419 -2.547279358
0.233250141 0.019878635 0.972213566 -89.293350220 0.006130774 0.999741077 -0.021912359 2.771405697 -0.972397447 0.011071483 0.233067870 -2.277252197
0.226310968 0.017876074 0.973891139 -88.193809509 0.006699709 0.999779344 -0.019908128 2.726084709 -0.974032104 0.011030217 0.226141274 -2.016120911
0.219937861 0.016227355 0.975378990 -87.066940308 0.009179024 0.999782920 -0.018703140 2.686345816 -0.975470781 0.013066556 0.219741166 -1.765350342
0.212745249 0.014836475 0.976995111 -85.967979431 0.009786718 0.999802232 -0.017313924 2.643489599 -0.977058709 0.013245030 0.212557971 -1.515785217
0.206665397 0.013937963 0.978312433 -84.864120483 0.011508711 0.999794722 -0.016675198 2.606570482 -0.978344023 0.014705301 0.206462622 -1.283363342
0.203430176 0.012681629 0.979007304 -83.721725464 0.014462567 0.999768078 -0.015955765 2.551778555 -0.978982627 0.017404843 0.203199565 -1.047554016
0.200257778 0.014482452 0.979636252 -82.614929199 0.017804531 0.999671817 -0.018418264 2.514942408 -0.979581535 0.021130366 0.199934244 -0.819458008
0.197903037 0.016418230 0.980084121 -81.486495972 0.021098368 0.999556720 -0.021004712 2.479139566 -0.979994535 0.024835074 0.197468936 -0.569938660
0.195721924 0.015228932 0.980541170 -80.383354187 0.022115745 0.999556601 -0.019938696 2.439427853 -0.980410039 0.025587836 0.195298314 -0.361404419
0.192572296 0.011099955 0.981220007 -79.278465271 0.021990808 0.999636054 -0.015624158 2.395587921 -0.981036365 0.024586601 0.192258120 -0.130607605
0.189746976 0.007171370 0.981806815 -78.154548645 0.021776842 0.999696612 -0.011510701 2.353982449 -0.981591523 0.023564773 0.189533234 0.089710236
0.186464310 0.006429946 0.982440710 -77.065231323 0.023355709 0.999666989 -0.010975534 2.320385695 -0.982184112 0.024992146 0.186252058 0.298816681
0.183527350 0.007737683 0.982984185 -75.981399536 0.023942376 0.999637187 -0.012338915 2.287292480 -0.982723057 0.025799504 0.183275521 0.498340607
0.180831969 0.008033879 0.983481228 -74.906761169 0.025954220 0.999579430 -0.012937566 2.259182453 -0.983171523 0.027865013 0.180547416 0.688106537
0.178652346 0.006181496 0.983892858 -73.813598633 0.027359614 0.999562383 -0.011247821 2.224123478 -0.983531773 0.028928379 0.178405046 0.887638092
0.176607609 0.005154290 0.984267890 -72.716567993 0.027382784 0.999573529 -0.010147747 2.190163374 -0.983900428 0.028744163 0.176391184 1.093967438
0.174341917 0.005750774 0.984668434 -71.623321533 0.028252184 0.999542058 -0.010839876 2.156929970 -0.984279871 0.029708879 0.174099624 1.303142548
0.172342479 0.006686365 0.985014439 -70.537155151 0.026807247 0.999574780 -0.011475518 2.113647461 -0.984672308 0.028383244 0.172089934 1.486148834
0.170653820 0.007885369 0.985299647 -69.451019287 0.025747642 0.999590814 -0.012459237 2.079685211 -0.984994769 0.027495358 0.170380950 1.675418854
0.169218779 0.008209154 0.985544443 -68.368988037 0.025070995 0.999605894 -0.012630994 2.049729824 -0.985259712 0.026845979 0.168946266 1.865173340
0.167085826 0.005847627 0.985925019 -67.292831421 0.026595550 0.999591827 -0.010435864 2.013982296 -0.985583603 0.027964903 0.166862071 2.054996490
0.165373147 0.003487311 0.986224949 -66.210182190 0.028303470 0.999565065 -0.008280494 1.983443856 -0.985824883 0.029282959 0.165202498 2.235671997
0.163331687 0.002725905 0.986567497 -65.134292603 0.028634397 0.999561787 -0.007502394 1.949717522 -0.986155629 0.029475143 0.163182080 2.418548584
0.162080169 0.004351018 0.986768126 -64.026344299 0.030323466 0.999496043 -0.009387881 1.917991161 -0.986311674 0.031443816 0.161866546 2.599960327
0.160525024 0.006725898 0.987008929 -62.954227448 0.033324808 0.999369740 -0.012230008 1.890568495 -0.986469090 0.034855105 0.160199702 2.775592804
0.158969581 0.007014353 0.987258673 -61.873615265 0.035948448 0.999270558 -0.012888162 1.859547615 -0.986628890 0.037539240 0.158601463 2.939933777
0.156327069 0.005329354 0.987690985 -60.794525146 0.036424819 0.999274135 -0.011157003 1.828799248 -0.987033486 0.037720609 0.156019509 3.121704102
0.154231369 0.002389799 0.988031983 -59.728149414 0.036108650 0.999315441 -0.008053640 1.795327306 -0.987374842 0.036918622 0.154039502 3.292968750
0.152584672 0.000456381 0.988290370 -58.652141571 0.034157358 0.999400020 -0.005735157 1.762885213 -0.987700045 0.034632482 0.152477503 3.461425781
0.150013506 0.001299950 0.988683164 -57.610347748 0.034452185 0.999384940 -0.006541476 1.727330565 -0.988083541 0.035043605 0.149876475 3.635147095
0.148410857 0.004686431 0.988914847 -56.541912079 0.034986548 0.999337912 -0.009986416 1.714620113 -0.988306820 0.036080804 0.148148596 3.788879395
0.146265984 0.007639410 0.989215791 -55.484184265 0.035135332 0.999299169 -0.012912410 1.687727213 -0.988621175 0.036645073 0.145895064 3.951251984
0.144106925 0.008431736 0.989526212 -54.426181793 0.035613250 0.999271750 -0.013701216 1.657780170 -0.988921106 0.037214685 0.143701673 4.106925964
0.141743600 0.010125156 0.989851713 -53.390808105 0.035900213 0.999237299 -0.015361963 1.621368170 -0.989252269 0.037713345 0.141272008 4.242683411
0.137679994 0.012437905 0.990398705 -52.346145630 0.033944771 0.999274492 -0.017268196 1.583253145 -0.989894986 0.035996340 0.137157917 4.408969879
0.134758472 0.012091994 0.990804791 -51.298709869 0.030636560 0.999396622 -0.016363706 1.550280929 -0.990404844 0.032559998 0.134306729 4.558837891
0.131510675 0.009896573 0.991265476 -50.234802246 0.029448628 0.999469817 -0.013885423 1.512970448 -0.990877390 0.031017486 0.131149530 4.712085724
0.129096448 0.007852282 0.991600931 -49.185028076 0.028379783 0.999529779 -0.011609832 1.477458477 -0.991225839 0.029640209 0.128812909 4.847480774
0.126585066 0.009413257 0.991911113 -48.144733429 0.028086480 0.999520063 -0.013069790 1.444523811 -0.991558075 0.029513732 0.126259923 4.987915039
0.125167489 0.012598515 0.992055655 -47.110954285 0.029884841 0.999417782 -0.016462576 1.408923984 -0.991685450 0.031708006 0.124718070 5.114868164
0.122601569 0.014452622 0.992350817 -46.108745575 0.030960048 0.999351621 -0.018379597 1.366843224 -0.991973042 0.032976594 0.122074664 5.247200012
0.120027483 0.014690582 0.992661893 -45.082233429 0.032147449 0.999308646 -0.018676050 1.330934286 -0.992249966 0.034153186 0.119472265 5.377395630
0.118120909 0.013317524 0.992909968 -44.073783875 0.032346103 0.999327838 -0.017251641 1.290444374 -0.992472291 0.034154549 0.117610753 5.502857208
0.115850866 0.012339010 0.993189991 -43.032333374 0.034198225 0.999280453 -0.016403738 1.255825162 -0.992677748 0.035865724 0.115345538 5.629087448
0.114311337 0.010721672 0.993387282 -42.021385193 0.035586674 0.999255836 -0.014880055 1.221003294 -0.992807508 0.037052304 0.113844693 5.739620209
0.112023354 0.009216318 0.993662894 -41.008628845 0.036421053 0.999247015 -0.013374143 1.180727005 -0.993037939 0.037688464 0.111603320 5.860586166
0.109212756 0.009315087 0.993974864 -40.013965607 0.035034750 0.999298751 -0.013214422 1.146603823 -0.993400872 0.036266845 0.108809829 5.997594833
0.107370615 0.010344122 0.994165301 -39.011726379 0.037060019 0.999209285 -0.014399116 1.111998081 -0.993528187 0.038389824 0.106902361 6.102209091
0.105666935 0.012209424 0.994326711 -38.017875671 0.037025623 0.999182940 -0.016203769 1.081621408 -0.993712127 0.038527764 0.105128586 6.210525513
0.104518056 0.013705472 0.994428575 -37.037269592 0.037351172 0.999145508 -0.017696230 1.043897152 -0.993821323 0.038992647 0.103916824 6.316926956
0.103130758 0.013431454 0.994577169 -36.058010101 0.038259059 0.999115288 -0.017459940 1.012756824 -0.993931770 0.039852239 0.102525651 6.427684784
0.101692557 0.012068739 0.994742811 -35.097839355 0.038327720 0.999136448 -0.016040295 0.982467711 -0.994077384 0.039757401 0.101142168 6.531944275
0.100480735 0.010811496 0.994880259 -34.147003174 0.037551627 0.999187291 -0.014650932 0.949023366 -0.994230092 0.038831510 0.099993110 6.621782303
0.099090457 0.011338379 0.995013833 -33.211402893 0.037443347 0.999184430 -0.015114775 0.919007540 -0.994373739 0.038754378 0.098585069 6.718240738
0.097863615 0.012195662 0.995125115 -32.273960114 0.037284691 0.999177992 -0.015912021 0.887246847 -0.994501173 0.038660139 0.097328424 6.815088272
0.096601903 0.011518569 0.995256543 -31.363525391 0.037312042 0.999188304 -0.015185671 0.846071362 -0.994623601 0.038602013 0.096093714 6.909029007
0.095337033 0.007793880 0.995414674 -30.453266144 0.037949026 0.999213994 -0.011458249 0.816212118 -0.994721591 0.038867410 0.094966352 7.002244949
0.094451547 0.003168138 0.995524526 -29.561985016 0.040097184 0.999171376 -0.006984016 0.789168477 -0.994721770 0.040577378 0.094246268 7.082643509
0.093282342 -0.002234046 0.995637357 -28.685409546 0.040288609 0.999186933 -0.001532676 0.765478313 -0.994824350 0.040255807 0.093296468 7.167631149
0.091652811 -0.004813346 0.995779395 -27.811199188 0.042105511 0.999112725 0.000954013 0.744122803 -0.994900465 0.041840360 0.091774166 7.245328903
0.090601563 -0.004481705 0.995877206 -26.971145630 0.042701673 0.999087691 0.000611296 0.724654138 -0.994971395 0.042470232 0.090710282 7.322669983
0.089505613 -0.002368697 0.995983541 -26.138729095 0.041842438 0.999123275 -0.001384075 0.707563579 -0.995107055 0.041798264 0.089526296 7.398785591
0.087852657 0.000696671 0.996133268 -25.336160660 0.039680153 0.999203622 -0.004198359 0.691101193 -0.995342851 0.039895553 0.087755084 7.479760170
0.087238848 0.003565229 0.996181071 -24.536220551 0.038636304 0.999229074 -0.006959648 0.666230738 -0.995437920 0.039095905 0.087033868 7.546907425
0.086092174 0.006244499 0.996267617 -23.771282196 0.038759377 0.999202311 -0.009612276 0.645987332 -0.995532990 0.039442252 0.085781455 7.614381790
0.085867286 0.007295028 0.996280015 -23.003177643 0.040259741 0.999131024 -0.010785814 0.621466458 -0.995492995 0.041036118 0.085498989 7.678988457
0.086179614 0.005035484 0.996267021 -22.276165009 0.040695440 0.999134839 -0.008570247 0.602718949 -0.995448291 0.041282099 0.085900128 7.746342659
0.087541223 0.003437089 0.996155083 -21.560550690 0.039403498 0.999199510 -0.006910343 0.575587511 -0.995381415 0.039856929 0.087335706 7.811710358
0.088358045 0.001351675 0.996087968 -20.867071152 0.039483592 0.999208391 -0.004858308 0.550977528 -0.995306015 0.039758399 0.088234723 7.878430367
0.089580536 0.000415058 0.995979607 -20.169967651 0.040004488 0.999191463 -0.004014493 0.533927619 -0.995175958 0.040203270 0.089491487 7.941065788
0.090167880 0.000790513 0.995926261 -19.509420395 0.041147180 0.999142885 -0.004518396 0.518638611 -0.995076180 0.041386973 0.090058088 7.997220039
0.089972019 0.002256068 0.995941758 -18.866533279 0.039963096 0.999183893 -0.005873624 0.497018337 -0.995142221 0.040329378 0.089808464 8.060773849
0.088659465 0.005053923 0.996049225 -18.247570038 0.039524037 0.999181688 -0.008587898 0.480196029 -0.995277584 0.040129282 0.088387191 8.127178192
0.087020695 0.006463829 0.996185601 -17.625015259 0.039722949 0.999161184 -0.009953094 0.463179827 -0.995414317 0.040437553 0.086690903 8.174237251
0.084547043 0.006672408 0.996397197 -17.036609650 0.041622560 0.999081135 -0.010222175 0.437981278 -0.995549858 0.042336855 0.084191620 8.228477478
0.082592547 0.006913385 0.996559560 -16.461315155 0.043132819 0.999014139 -0.010505170 0.420813859 -0.995649695 0.043852068 0.082212925 8.276191711
0.080460131 0.005661196 0.996741831 -15.895747185 0.046274666 0.998884439 -0.009408805 0.401699126 -0.995683134 0.046880927 0.080108404 8.318389893
0.078831375 0.004066461 0.996879637 -15.346357346 0.048217610 0.998805702 -0.007887277 0.381202519 -0.995721161 0.048688918 0.078541160 8.354364395
0.077181756 0.005686771 0.997000933 -14.829036713 0.048707068 0.998768210 -0.009467464 0.368382454 -0.995826721 0.049291704 0.076809704 8.396044731
0.075286567 0.006484817 0.997140825 -14.335074425 0.048291598 0.998781800 -0.010141623 0.351827204 -0.995991886 0.048917051 0.074881732 8.432945251
0.073315382 0.007078821 0.997283697 -13.852841377 0.046403907 0.998867571 -0.010501451 0.332649767 -0.996228695 0.047047779 0.072903872 8.475404739
0.071728289 0.010256068 0.997371554 -13.395449638 0.047563981 0.998774350 -0.013691170 0.314990282 -0.996289551 0.048421003 0.071152568 8.505366325
0.070920885 0.015784737 0.997357130 -12.965334892 0.046505217 0.998735189 -0.019113485 0.299523354 -0.996397316 0.047737852 0.070097148 8.540937424
0.069830477 0.019340612 0.997371495 -12.577220917 0.047629565 0.998607099 -0.022699343 0.279630631 -0.996421278 0.049089473 0.068812013 8.571288109
0.069523811 0.020206027 0.997375727 -12.199533463 0.046545863 0.998640239 -0.023476213 0.266592562 -0.996493876 0.048055869 0.068488777 8.598625183
0.069810748 0.020536985 0.997348964 -11.839787483 0.047654767 0.998577952 -0.023897957 0.253841400 -0.996421456 0.049196761 0.068732738 8.623449326
0.070856452 0.022480406 0.997233212 -11.506932259 0.047618099 0.998529971 -0.025893051 0.233722985 -0.996349275 0.049321037 0.069681823 8.643647194
0.072927713 0.023961032 0.997049391 -11.197072029 0.047274727 0.998504579 -0.027453844 0.221668452 -0.996216238 0.049137384 0.071685851 8.670290947
0.077164054 0.023734042 0.996735990 -10.896556854 0.045992453 0.998567641 -0.027338251 0.206158370 -0.995957136 0.047951862 0.075961947 8.703023911
0.083046913 0.023919808 0.996258616 -10.606177330 0.044733200 0.998614728 -0.027705289 0.191547245 -0.995541215 0.046866674 0.081861854 8.730517387
0.089954734 0.022897823 0.995682597 -10.323789597 0.042353183 0.998743355 -0.026794601 0.173698664 -0.995044887 0.044580627 0.088871896 8.763074875
0.099206030 0.021870179 0.994826615 -10.053660393 0.040799480 0.998828292 -0.026026759 0.163489223 -0.994230211 0.043170419 0.098197520 8.804455757
0.110520661 0.021389458 0.993643701 -9.808899879 0.041070770 0.998816073 -0.026069010 0.144676983 -0.993024945 0.043690875 0.109511316 8.848813057
0.123242736 0.022382885 0.992124140 -9.558173180 0.041740708 0.998743951 -0.027717311 0.138572723 -0.991498351 0.044827923 0.122153699 8.897644043
0.138850927 0.022513455 0.990057468 -9.318661690 0.042058513 0.998705447 -0.028608624 0.124117643 -0.989419878 0.045612678 0.137724280 8.933665276
0.156101644 0.021691097 0.987502933 -9.081604958 0.040361002 0.998783767 -0.028319050 0.113908499 -0.986916125 0.044277254 0.155036330 8.992346764
0.173910975 0.020286258 0.984552443 -8.836141586 0.036802899 0.998955488 -0.027083877 0.103151739 -0.984073460 0.040944569 0.172982752 9.060096741
0.189687312 0.019547142 0.981649995 -8.606837273 0.031693794 0.999158859 -0.026020082 0.088929534 -0.981332898 0.036047891 0.188908279 9.134397507
0.201385081 0.017138436 0.979362309 -8.383093834 0.028789334 0.999311388 -0.023407459 0.083412945 -0.979089081 0.032909099 0.200752974 9.192391396
0.209508598 0.012592760 0.977725804 -8.195729256 0.027481573 0.999446213 -0.018761309 0.074497372 -0.977420628 0.030800097 0.209046483 9.249039650
0.216425598 0.009256326 0.976255238 -8.044865608 0.028793726 0.999459565 -0.015859608 0.069916695 -0.975874424 0.031542450 0.216042101 9.289145470
0.221483409 0.009240316 0.975120425 -7.940745354 0.028939186 0.999452412 -0.016043978 0.064705312 -0.974734724 0.031772666 0.221094728 9.319551468
0.224215865 0.011131205 0.974475980 -7.861894608 0.027873639 0.999452412 -0.017829916 0.059884384 -0.974140823 0.031159941 0.223782837 9.331525803
0.225888550 0.012408956 0.974074304 -7.828404427 0.026034955 0.999484777 -0.018770199 0.056912303 -0.973805368 0.029599952 0.225449085 9.350779533
0.226253211 0.011803715 0.973997056 -7.825943947 0.026479591 0.999482512 -0.018263610 0.054787517 -0.973708570 0.029923243 0.225823581 9.356067657
0.225974202 0.013271295 0.974042952 -7.842423439 0.027632913 0.999417484 -0.020027757 0.057244927 -0.973741353 0.031441402 0.225475848 9.343706131
0.226310313 0.017677769 0.973894894 -7.849850655 0.029438518 0.999254465 -0.024978912 0.050738931 -0.973610401 0.034323007 0.225621164 9.340223312
0.226266921 0.021929443 0.973818541 -7.852311134 0.029583808 0.999130607 -0.029373256 0.044598520 -0.973616064 0.035455458 0.225421488 9.340411186
0.226029634 0.021986939 0.973872364 -7.853943825 0.029266879 0.999140620 -0.029350081 0.045580566 -0.973680735 0.035136193 0.225191891 9.337316513
0.226312578 0.020744918 0.973833740 -7.850675583 0.028319819 0.999210417 -0.027866837 0.049342304 -0.973642886 0.033885412 0.225546360 9.340005875
0.226104915 0.020212902 0.973893285 -7.849904060 0.028438570 0.999221563 -0.027341057 0.047553092 -0.973687828 0.033878081 0.225354075 9.343528748
0.225590467 0.019803232 0.974021018 -7.849334717 0.028574763 0.999228716 -0.026933869 0.047523409 -0.973803163 0.033908442 0.224850595 9.351783752
0.226259351 0.019569064 0.973870635 -7.851341248 0.028587574 0.999234080 -0.026720477 0.049223959 -0.973647594 0.033886354 0.225526631 9.343717575
0.225814939 0.019847207 0.973968089 -7.856232643 0.028732862 0.999221802 -0.027023550 0.048430711 -0.973746479 0.034087211 0.225068927 9.348667145
0.226190925 0.019645110 0.973885000 -7.850474358 0.028565183 0.999232829 -0.026790876 0.048287332 -0.973664224 0.033879053 0.225456238 9.343764305
0.226266503 0.019240251 0.973875463 -7.846205711 0.028729307 0.999238133 -0.026416188 0.047455937 -0.973641753 0.033955865 0.225541353 9.342108727
0.226062417 0.019662241 0.973914444 -7.851991653 0.028909387 0.999220431 -0.026883516 0.049840599 -0.973683834 0.034232620 0.225317776 9.344558716
0.226245046 0.019465251 0.973875999 -7.850150108 0.028756285 0.999231040 -0.026652524 0.049337775 -0.973645985 0.034035057 0.225511312 9.341805458
0.226119220 0.019357596 0.973907292 -7.848450661 0.028442625 0.999245048 -0.026464950 0.048835516 -0.973684311 0.033684716 0.225397944 9.344461441
0.225975454 0.019542823 0.973936975 -7.851637840 0.028725626 0.999230266 -0.026715353 0.048030943 -0.973709404 0.034013964 0.225240171 9.348957062
0.226169527 0.019502219 0.973892748 -7.853446007 0.028632484 0.999234438 -0.026659083 0.047848403 -0.973667085 0.033914439 0.225437939 9.343864441
0.226253629 0.019634767 0.973870635 -7.844660759 0.028518939 0.999234676 -0.026771791 0.050033152 -0.973650992 0.033830971 0.225520492 9.341175079
0.226299167 0.019324273 0.973866284 -7.847835541 0.028763063 0.999234617 -0.026511388 0.048340797 -0.973633230 0.034010880 0.225570142 9.343538284
0.226083934 0.019535409 0.973911881 -7.852744102 0.028552668 0.999236405 -0.026671600 0.048832029 -0.973689198 0.033837803 0.225353479 9.347153664
0.226333737 0.019485038 0.973854959 -7.847908020 0.028754953 0.999230504 -0.026675703 0.046729863 -0.973625362 0.034040764 0.225599289 9.339764595
0.226196289 0.019465109 0.973887384 -7.844248772 0.028626906 0.999235630 -0.026620673 0.050480247 -0.973661125 0.033900879 0.225466132 9.342377663
0.226366758 0.019432792 0.973848283 -7.839137077 0.028974803 0.999224186 -0.026674228 0.047688097 -0.973611116 0.034255221 0.225628078 9.338637352
0.226064742 0.019506425 0.973917067 -7.845068932 0.028614555 0.999235034 -0.026655504 0.047440708 -0.973692000 0.033894073 0.225333631 9.343012810
0.226134002 0.019332420 0.973904431 -7.845128059 0.028783508 0.999233842 -0.026518563 0.045001239 -0.973670959 0.034029137 0.225404322 9.344458580
0.225937247 0.019472240 0.973947167 -7.860896111 0.028531762 0.999238968 -0.026596725 0.046179503 -0.973723888 0.033797622 0.225209713 9.342214584
0.225965440 0.019440291 0.973941326 -7.858802795 0.028697224 0.999234080 -0.026603226 0.046214551 -0.973712504 0.033960823 0.225234449 9.341600418
0.225821078 0.019410903 0.973975420 -7.862698555 0.028599797 0.999238431 -0.026545390 0.046765834 -0.973748922 0.033850007 0.225093961 9.343803406
0.225788116 0.019381408 0.973983705 -7.863292694 0.028648242 0.999237537 -0.026525155 0.046693832 -0.973755181 0.033891983 0.225060701 9.344984055
0.225733757 0.019576836 0.973992407 -7.860357285 0.028511025 0.999237061 -0.026691999 0.048772365 -0.973771811 0.033794805 0.225003362 9.345521927
0.225885332 0.019621816 0.973956287 -7.863986969 0.028602775 0.999232471 -0.026764754 0.050869912 -0.973733902 0.033903617 0.225150704 9.341369629
0.225941122 0.019513508 0.973945379 -7.865139961 0.028599223 0.999235511 -0.026654806 0.050138712 -0.973720968 0.033876501 0.225210369 9.340244293
0.225844800 0.019464716 0.973968923 -7.863978386 0.028516386 0.999239802 -0.026582168 0.047192067 -0.973745942 0.033777516 0.225118101 9.342074394
0.225838065 0.019534269 0.973968923 -7.861580849 0.028446859 0.999240339 -0.026637208 0.046867371 -0.973749399 0.033722054 0.225110829 9.342462540
0.225838780 0.019478433 0.973970056 -7.862056732 0.028324511 0.999246061 -0.026551664 0.047537744 -0.973752916 0.033583619 0.225116789 9.342424393
0.225918412 0.019570034 0.973949671 -7.859420776 0.028472025 0.999238431 -0.026682576 0.048331946 -0.973730147 0.033758406 0.225189149 9.341407776
0.225835502 0.019558528 0.973969221 -7.858840942 0.028378738 0.999242008 -0.026646258 0.049212605 -0.973752141 0.033657685 0.225109279 9.342907906
0.225907505 0.019499740 0.973953545 -7.858963013 0.028530048 0.999238312 -0.026623487 0.047919661 -0.973730862 0.033801388 0.225179076 9.340937614
0.225806534 0.019482313 0.973977327 -7.860519409 0.028503338 0.999239802 -0.026595837 0.047507912 -0.973755121 0.033767119 0.225079596 9.343307495
0.225844800 0.019425815 0.973969579 -7.861909866 0.028481299 0.999242067 -0.026534140 0.046882957 -0.973746836 0.033732519 0.225120366 9.343198776
0.225912154 0.019475566 0.973953068 -7.857687950 0.028506843 0.999239802 -0.026593486 0.047194988 -0.973730624 0.033772118 0.225185215 9.341435432
0.225876570 0.019403988 0.973962724 -7.859025955 0.028539883 0.999240637 -0.026526425 0.046413273 -0.973737836 0.033788480 0.225151300 9.342321396
0.225830138 0.019410349 0.973973274 -7.859867096 0.028498985 0.999241889 -0.026521841 0.046474695 -0.973749757 0.033746682 0.225105762 9.342931747
0.225925505 0.019512670 0.973949254 -7.863052368 0.028402278 0.999242365 -0.026607847 0.047548860 -0.973730505 0.033673767 0.225200176 9.341598511
0.225878477 0.019453226 0.973961294 -7.857201576 0.028354133 0.999245703 -0.026534056 0.047336966 -0.973742783 0.033609297 0.225156486 9.342006683
0.225920320 0.019468790 0.973951280 -7.859715462 0.028487952 0.999240637 -0.026582455 0.047257423 -0.973729253 0.033751395 0.225194097 9.341671944
0.225929141 0.019436523 0.973949850 -7.858932495 0.028511479 0.999240696 -0.026555106 0.046870410 -0.973726451 0.033768322 0.225203454 9.342306137
0.225835502 0.019390341 0.973972499 -7.861315727 0.028520215 0.999241710 -0.026506413 0.047347933 -0.973747909 0.033763994 0.225111187 9.343870163
0.225876331 0.019474141 0.973961353 -7.861515045 0.028471418 0.999241114 -0.026582558 0.047258139 -0.973739862 0.033734433 0.225150466 9.342797279
0.225843251 0.019517291 0.973968208 -7.858495712 0.028483473 0.999239504 -0.026628440 0.048894048 -0.973747253 0.033755850 0.225115538 9.342136383
0.225892186 0.019463236 0.973957956 -7.857620239 0.028513802 0.999239922 -0.026581734 0.047337234 -0.973735034 0.033775847 0.225165486 9.341821671
0.225862682 0.019434001 0.973965287 -7.859410286 0.028556637 0.999239266 -0.026560593 0.046726167 -0.973740518 0.033812221 0.225135863 9.342805862
0.225794375 0.019430408 0.973981202 -7.862550735 0.028493760 0.999241590 -0.026539942 0.047091007 -0.973758221 0.033744957 0.225069463 9.344240189
0.225836158 0.019428696 0.973971605 -7.864912987 0.028499041 0.999241412 -0.026540894 0.046499938 -0.973748386 0.033751149 0.225111187 9.343310356
0.225859225 0.019448182 0.973965883 -7.861478806 0.028615998 0.999236763 -0.026588745 0.047968239 -0.973739624 0.033876318 0.225130320 9.342414856
0.225821197 0.019454157 0.973974586 -7.861442566 0.028537152 0.999239385 -0.026575290 0.046629280 -0.973750770 0.033795722 0.225094259 9.343730927
0.225733459 0.019584244 0.973992229 -7.861962318 0.028382802 0.999241292 -0.026669960 0.048616081 -0.973775566 0.033664931 0.225006342 9.345156670
0.225909770 0.019415440 0.973954856 -7.857488632 0.028390119 0.999245465 -0.026504721 0.046678483 -0.973734558 0.033638369 0.225188136 9.341614723
0.225922167 0.019613387 0.973947942 -7.860177040 0.028527083 0.999235272 -0.026739923 0.048862517 -0.973727643 0.033825036 0.225189865 9.341354370
0.225814223 0.019449232 0.973976254 -7.859914780 0.028451169 0.999242544 -0.026550110 0.047015280 -0.973754823 0.033706155 0.225089788 9.343455315
0.225867569 0.019523896 0.973962426 -7.860071182 0.028493740 0.999238968 -0.026638452 0.048348010 -0.973741293 0.033768594 0.225139320 9.342131615
0.225835025 0.019537862 0.973969638 -7.859890938 0.028476700 0.999239206 -0.026647685 0.049263537 -0.973749280 0.033753421 0.225106835 9.343332291
0.226042032 0.019551726 0.973921299 -7.864848137 0.028817030 0.999226749 -0.026748022 0.047622949 -0.973691225 0.034111697 0.225303829 9.341897964
0.226454198 0.020264592 0.973811090 -7.857765198 0.028717134 0.999210000 -0.027471142 0.049883157 -0.973598540 0.034186017 0.225693345 9.344005585
0.226508617 0.021000220 0.973782718 -7.851838112 0.028629592 0.999191999 -0.028207624 0.049850255 -0.973588288 0.034268271 0.225724339 9.347927094
0.226770103 0.021435652 0.973712504 -7.843904495 0.028217394 0.999193490 -0.028568219 0.049825430 -0.973539591 0.033954047 0.225982308 9.355580330
0.227772415 0.021322707 0.973480940 -7.830292702 0.028337466 0.999191582 -0.028516186 0.048679858 -0.973302007 0.034081183 0.226984024 9.359407425
0.228390813 0.021179987 0.973339140 -7.816716194 0.028301669 0.999196351 -0.028383538 0.044015348 -0.973158121 0.034029663 0.227607846 9.363191605
0.229367197 0.021321429 0.973106503 -7.790070534 0.027955765 0.999203265 -0.028482579 0.042156696 -0.972938538 0.033736907 0.228588402 9.364904404
0.230458081 0.021676149 0.972840905 -7.775731087 0.027469490 0.999208510 -0.028770957 0.042767137 -0.972694576 0.033353940 0.229680240 9.374846458
0.232506692 0.022640551 0.972331285 -7.747702599 0.027281331 0.999183834 -0.029789401 0.044037968 -0.972212195 0.033452727 0.231699228 9.376844406
0.235370040 0.024932465 0.971586049 -7.713186264 0.027046943 0.999115705 -0.032191139 0.039822698 -0.971529484 0.033855263 0.234487534 9.391128540
0.240406215 0.028469777 0.970254719 -7.658492088 0.026027808 0.999021292 -0.035762936 0.041730553 -0.970323324 0.033851236 0.239429891 9.400373459
0.246699095 0.031445913 0.968581855 -7.594141006 0.025383618 0.998920798 -0.038896140 0.037687510 -0.968759656 0.034181755 0.245634675 9.433950424
0.255756319 0.032794278 0.966184855 -7.507053375 0.024118325 0.998896956 -0.040288892 0.031177163 -0.966440320 0.033606898 0.254683256 9.464233398
0.267077863 0.032832462 0.963115573 -7.388648987 0.023002317 0.998917520 -0.040431634 0.027152836 -0.963400483 0.032952283 0.266033530 9.513082504
0.281446517 0.033088923 0.959006369 -7.262684822 0.020969892 0.998954535 -0.040621459 0.021978974 -0.959347844 0.031543028 0.280458391 9.568651199
0.298724651 0.033107419 0.953765035 -7.110068321 0.020052863 0.998959661 -0.040956911 0.009224504 -0.954128742 0.031360559 0.297749996 9.647905350
0.320168495 0.032373279 0.946807325 -6.934492111 0.020090671 0.998959184 -0.040950239 -0.001182199 -0.947147548 0.032132972 0.319184899 9.717059135
0.343615711 0.030377580 0.938618958 -6.733891964 0.020806229 0.998985112 -0.039948162 -0.004012108 -0.938879907 0.033255938 0.342634916 9.822395325
0.370689750 0.027086001 0.928361773 -6.510828495 0.019623548 0.999123096 -0.036986124 -0.015151650 -0.928549469 0.031928129 0.369833171 9.927377701
0.400023222 0.023094496 0.916213989 -6.310760975 0.020845516 0.999194622 -0.034287389 -0.020210460 -0.916267931 0.032814704 0.399219632 10.021112442
0.431928992 0.020185845 0.901681781 -6.058160305 0.021456195 0.999236584 -0.032647870 -0.027963847 -0.901652396 0.033448223 0.431166172 10.166048050
0.465333283 0.018808194 0.884935737 -5.796698093 0.017281704 0.999390602 -0.030328177 -0.040513247 -0.884966910 0.029405911 0.464724660 10.340435028
0.499941111 0.017646099 0.865879655 -5.526806831 0.012705892 0.999535382 -0.027706042 -0.057551190 -0.865966260 0.024853162 0.499484599 10.541817665
0.536330581 0.018196061 0.843811870 -5.232931614 0.007388510 0.999628067 -0.026252273 -0.067238100 -0.843975663 0.020314410 0.535996675 10.755233765
0.572816491 0.017958377 0.819486856 -4.974652767 0.003362613 0.999700069 -0.024258047 -0.091770485 -0.819676697 0.016651027 0.572584331 10.984435081
0.610845685 0.018712545 0.791528583 -4.683638573 -0.000835575 0.999735355 -0.022989931 -0.102841243 -0.791749299 0.013381919 0.610699654 11.246801376
0.648751140 0.017879669 0.760790527 -4.382504940 -0.002307203 0.999765575 -0.021528495 -0.108595878 -0.760997117 0.012211337 0.648640275 11.546975136
0.685567200 0.018887712 0.727764308 -4.091643333 -0.003877595 0.999743938 -0.022293653 -0.120952152 -0.727999032 0.012461823 0.685464919 11.864299774
0.720553875 0.020682277 0.693090439 -3.828099012 -0.005190534 0.999687970 -0.024435142 -0.133045942 -0.693379581 0.014009328 0.720436335 12.183163643
0.754684687 0.021007244 0.655751348 -3.541532278 -0.007107365 0.999690354 -0.023845810 -0.146797687 -0.656049252 0.013335404 0.754600286 12.563005447
0.786183894 0.018442599 0.617717445 -3.258967638 -0.007420030 0.999764264 -0.020405358 -0.152392611 -0.617948115 0.011458882 0.786135435 12.976364136
0.816146135 0.014703617 0.577658534 -2.977665424 -0.007428086 0.999860585 -0.014955486 -0.168760866 -0.577797890 0.007914965 0.816141546 13.396018028
0.843347549 0.012532922 0.537222385 -2.720999956 -0.006998439 0.999899387 -0.012340409 -0.179496735 -0.537322998 0.006647536 0.843350351 13.863082886
0.868107021 0.014908561 0.496153176 -2.464907646 -0.008723734 0.999852717 -0.014780175 -0.183862284 -0.496300429 0.008502466 0.868109226 14.363350868
0.890678704 0.016909430 0.454318762 -2.217061520 -0.012052297 0.999835074 -0.013584993 -0.200451791 -0.454473555 0.006624280 0.890735626 14.895827293
0.910024583 0.012273510 0.414372563 -1.986434221 -0.008515359 0.999904156 -0.010915657 -0.211193502 -0.414466828 0.006404985 0.910041869 15.455017090
0.926270664 0.008973988 0.376752108 -1.748398900 -0.006369905 0.999946415 -0.008157225 -0.222843066 -0.376805127 0.005155924 0.926278234 16.066160202
0.940028489 0.005886649 0.341045141 -1.537932396 -0.003365770 0.999962449 -0.007982840 -0.227586418 -0.341079324 0.006356217 0.940013051 16.697326660
0.951636672 0.001348217 0.307222873 -1.353038788 0.001450731 0.999959528 -0.008881927 -0.247636706 -0.307222396 0.008898065 0.951596141 17.349739075
0.962003946 -0.008382539 0.272906929 -1.168492913 0.011401406 0.999890089 -0.009477885 -0.261137605 -0.272797465 0.012229284 0.961993754 18.018945694
0.971007168 -0.014815263 0.238590941 -1.002580881 0.017770169 0.999789655 -0.010238503 -0.278731197 -0.238389075 0.014181461 0.971066177 18.710052490
0.978586912 -0.016021110 0.205209613 -0.870376468 0.018670719 0.999765396 -0.010981798 -0.294567674 -0.204985529 0.014578055 0.978656411 19.433324814
0.984744668 -0.016716933 0.173200697 -0.757838547 0.018902836 0.999761045 -0.010978771 -0.302505553 -0.172975779 0.014085270 0.984825373 20.181543350
0.989625514 -0.018195689 0.142513961 -0.660657287 0.020212574 0.999714851 -0.012717207 -0.318573654 -0.142241925 0.015465846 0.989711106 20.955905914
0.993599117 -0.016214557 0.111793987 -0.579389155 0.018138720 0.999703944 -0.016216075 -0.327634305 -0.111497954 0.018140076 0.993599057 21.803876877
0.996275425 -0.014943914 0.084923096 -0.505092144 0.016641652 0.999674857 -0.019318823 -0.340565622 -0.084606789 0.020660128 0.996200204 22.617040634
0.998030066 -0.011293184 0.061712272 -0.473846555 0.012582934 0.999709606 -0.020550890 -0.364558131 -0.061462268 0.021286927 0.997882366 23.488447189
0.999106526 -0.008383598 0.041422300 -0.447011650 0.009271293 0.999730468 -0.021284929 -0.383263499 -0.041232690 0.021649951 0.998914957 24.363243103
0.999665499 -0.004874789 0.025400154 -0.442314386 0.005433319 0.999743938 -0.021966811 -0.409190685 -0.025286566 0.022097470 0.999435961 25.267465591
0.999910355 -0.001430694 0.013312400 -0.453075290 0.001737355 0.999732733 -0.023052737 -0.435677141 -0.013275861 0.023073800 0.999645591 26.207923889
0.999989569 0.001281883 0.004384580 -0.456605107 -0.001181732 0.999740064 -0.022768425 -0.468258590 -0.004412626 0.022763006 0.999731123 27.165395737
0.999989629 0.003725982 -0.002615730 -0.460341901 -0.003782528 0.999751806 -0.021956088 -0.500272334 0.002533272 0.021965755 0.999755502 28.134181976
0.999959648 0.006077891 -0.006611913 -0.478010386 -0.006210178 0.999777198 -0.020174272 -0.521388292 0.006487824 0.020214520 0.999774635 29.127552032
0.999937356 0.007445985 -0.008359160 -0.498463869 -0.007609352 0.999777257 -0.019684801 -0.551336288 0.008210725 0.019747175 0.999771297 30.147689819
0.999931276 0.008399601 -0.008175807 -0.516243517 -0.008568797 0.999745190 -0.020884516 -0.575057209 0.007998302 0.020953137 0.999748468 31.196237564
0.999914348 0.009949836 -0.008503569 -0.530069053 -0.010130229 0.999718785 -0.021440880 -0.604724646 0.008287845 0.021525187 0.999733925 32.274097443
0.999930263 0.007627823 -0.009017238 -0.542279124 -0.007803223 0.999777853 -0.019579172 -0.635131776 0.008865889 0.019648170 0.999767661 33.356395721
0.999927759 0.007139423 -0.009671330 -0.559239149 -0.007296245 0.999840856 -0.016278096 -0.659703135 0.009553574 0.016347485 0.999820709 34.467834473
0.999919653 0.006835537 -0.010674158 -0.570555925 -0.006960883 0.999906719 -0.011750193 -0.685519934 0.010592843 0.011823552 0.999873996 35.603218079
0.999905646 0.006872158 -0.011894415 -0.583710015 -0.006979486 0.999935091 -0.009005498 -0.707210064 0.011831757 0.009087665 0.999888718 36.760227203
0.999894559 0.006267059 -0.013098141 -0.610939026 -0.006357704 0.999956071 -0.006890306 -0.739105821 0.013054383 0.006972854 0.999890447 37.928199768
0.999880314 0.006010035 -0.014254237 -0.633851945 -0.006087645 0.999966860 -0.005407582 -0.757134497 0.014221264 0.005493709 0.999883771 39.086318970
0.999837041 0.007145904 -0.016578455 -0.652855396 -0.007208553 0.999967098 -0.003722215 -0.782602489 0.016551312 0.003841115 0.999855638 40.254512787
0.999819636 0.006549563 -0.017825553 -0.680820346 -0.006584460 0.999976516 -0.001899710 -0.809122860 0.017812693 0.002016739 0.999839306 41.413959503
0.999792337 0.006139672 -0.019430850 -0.712044477 -0.006148977 0.999980986 -0.000419182 -0.827142239 0.019427909 0.000538575 0.999811113 42.570186615
0.999755740 0.006550130 -0.021106850 -0.742371678 -0.006550882 0.999978542 0.000033470 -0.848852754 0.021106618 0.000104807 0.999777198 43.726364136
0.999705553 0.007772536 -0.022988029 -0.772416830 -0.007859917 0.999962211 -0.003713249 -0.871444464 0.022958299 0.003892840 0.999728858 44.877788544
0.999647617 0.009317297 -0.024856139 -0.804527283 -0.009508574 0.999925971 -0.007588278 -0.894198358 0.024783598 0.007821950 0.999662220 46.047420502
0.999633312 0.008188101 -0.025810868 -0.850231767 -0.008358331 0.999943972 -0.006494282 -0.924234211 0.025756245 0.006707637 0.999645770 47.212619781
0.999565542 0.010669758 -0.027475504 -0.892683804 -0.010768678 0.999936044 -0.003454886 -0.949256957 0.027436884 0.003749260 0.999616504 48.355766296
0.999571621 0.007836784 -0.028198009 -0.929409742 -0.007861080 0.999968827 -0.000750837 -0.978841186 0.028191246 0.000972182 0.999602079 49.508243561
0.999524891 0.008869198 -0.029518044 -0.964125693 -0.008887818 0.999960363 -0.000499629 -0.996047020 0.029512443 0.000761743 0.999564111 50.650554657
0.999510467 0.009862435 -0.029690348 -1.014907479 -0.009931391 0.999948323 -0.002175955 -1.025839806 0.029667353 0.002469756 0.999556780 51.829589844
0.999512553 0.008949782 -0.029910095 -1.044788957 -0.009082672 0.999949455 -0.004310080 -1.048050284 0.029870009 0.004579643 0.999543309 52.955169678
0.999524176 0.009184876 -0.029445905 -1.085674644 -0.009356266 0.999940038 -0.005688006 -1.074544430 0.029391896 0.005960803 0.999550164 54.123992920
0.999543965 0.007406970 -0.029275242 -1.127794266 -0.007668509 0.999931574 -0.008831616 -1.111301780 0.029207824 0.009052086 0.999532402 55.258327484
0.999561191 0.006104830 -0.028985184 -1.163045526 -0.006454944 0.999907136 -0.012000899 -1.143209219 0.028909229 0.012182730 0.999507785 56.373348236
0.999560297 0.004632528 -0.029287925 -1.196957707 -0.004985347 0.999915779 -0.011985024 -1.176934600 0.029229935 0.012125765 0.999499142 57.509330750
0.999565005 0.003093605 -0.029330440 -1.237506866 -0.003303708 0.999969184 -0.007117536 -1.203041434 0.029307518 0.007211339 0.999544442 58.646694183
0.999560237 0.001904437 -0.029592508 -1.277250767 -0.001894733 0.999998152 0.000355958 -1.229488492 0.029593132 -0.000299732 0.999561965 59.808292389
0.999563038 0.000175412 -0.029558508 -1.311806202 -0.000051999 0.999991298 0.004175938 -1.252985597 0.029558981 -0.004172577 0.999554336 60.937690735
0.999565005 -0.002937613 -0.029345704 -1.346765280 0.002985467 0.999994278 0.001587015 -1.272521853 0.029340874 -0.001673935 0.999568045 62.052722931
0.999532580 -0.007510337 -0.029633876 -1.374381781 0.007449023 0.999969900 -0.002178895 -1.291157246 0.029649347 0.001957133 0.999558449 63.162845612
0.999548197 -0.006778244 -0.029283358 -1.416332126 0.006567135 0.999951780 -0.007299353 -1.317691326 0.029331423 0.007103747 0.999544501 64.274322510
0.999556720 -0.005907032 -0.029178973 -1.452785373 0.005559536 0.999912858 -0.011975936 -1.346395135 0.029247172 0.011808406 0.999502480 65.381896973
0.999578953 -0.003088418 -0.028851010 -1.492559314 0.002686495 0.999898970 -0.013959381 -1.377299190 0.028891206 0.013875996 0.999486268 66.506195068
0.999612808 0.001578208 -0.027779510 -1.536347389 -0.001883567 0.999938071 -0.010969496 -1.415890217 0.027760478 0.011017574 0.999553859 67.609809875
0.999621511 0.004930782 -0.027065638 -1.580338597 -0.005157842 0.999952018 -0.008325851 -1.442137957 0.027023287 0.008462300 0.999598980 68.736099243
0.999618351 0.005462673 -0.027079057 -1.618498802 -0.005649243 0.999960780 -0.006818112 -1.468630314 0.027040750 0.006968486 0.999610066 69.827621460
0.999607265 0.005167718 -0.027542723 -1.645337224 -0.005311748 0.999972582 -0.005158781 -1.498777747 0.027515309 0.005303055 0.999607325 70.935157776
0.999604583 0.003584722 -0.027889121 -1.677627087 -0.003709502 0.999983311 -0.004423709 -1.521143317 0.027872797 0.004525414 0.999601245 72.031974792
0.999591053 0.002137843 -0.028516561 -1.711728692 -0.002228598 0.999992549 -0.003151134 -1.547870040 0.028509613 0.003213397 0.999588370 73.126800537
0.999574661 0.000636946 -0.029155781 -1.744231820 -0.000678165 0.999998808 -0.001403867 -1.574614525 0.029154852 0.001423043 0.999573886 74.219787598
0.999556065 -0.000808142 -0.029783064 -1.780980825 0.000737299 0.999996901 -0.002389534 -1.600343108 0.029784903 0.002366514 0.999553502 75.309669495
0.999548495 -0.001002167 -0.030030997 -1.818558693 0.000826060 0.999982417 -0.005875983 -1.627625942 0.030036358 0.005848523 0.999531686 76.387825012
0.999521196 -0.000776329 -0.030932408 -1.851311803 0.000516289 0.999964476 -0.008413833 -1.658534646 0.030937841 0.008393833 0.999486089 77.472755432
0.999499023 0.000788011 -0.031640384 -1.890529037 -0.001037708 0.999968469 -0.007876057 -1.686351180 0.031633180 0.007904945 0.999468267 78.546737671
0.999490142 0.002607046 -0.031822715 -1.941535354 -0.002749344 0.999986410 -0.004428637 -1.708097935 0.031810734 0.004513870 0.999483705 79.620826721
0.999463439 0.003047294 -0.032612871 -1.976342082 -0.003040049 0.999995351 0.000271732 -1.734562039 0.032613549 -0.000172442 0.999468029 80.695877075
0.999438405 0.004777865 -0.033166587 -2.021386147 -0.004718586 0.999987125 0.001865345 -1.753448606 0.033175074 -0.001707798 0.999448121 81.761383057
0.999430239 0.005359566 -0.033324562 -2.071794271 -0.005363720 0.999985635 -0.000035241 -1.776513100 0.033323891 0.000213965 0.999444604 82.814224243
0.999404252 0.004842131 -0.034171816 -2.104427576 -0.004908196 0.999986231 -0.001849686 -1.796711683 0.034162391 0.002016306 0.999414265 83.905105591
0.999400079 0.004980522 -0.034274403 -2.153148174 -0.005060052 0.999984682 -0.002234043 -1.816119075 0.034262750 0.002406133 0.999409974 84.959487915
0.999375105 0.003757402 -0.035147004 -2.185850143 -0.003889234 0.999985635 -0.003683259 -1.840137482 0.035132661 0.003817652 0.999375343 86.019531250
0.999351680 0.002952262 -0.035881553 -2.226302147 -0.003079150 0.999989212 -0.003481544 -1.861825943 0.035870884 0.003589771 0.999350011 87.083023071
0.999347985 0.002608523 -0.036010649 -2.275077343 -0.002709992 0.999992490 -0.002769254 -1.878085256 0.036003154 0.002865037 0.999347568 88.130874634
0.999326766 0.002957267 -0.036567904 -2.311829567 -0.002988181 0.999995232 -0.000790775 -1.900800824 0.036565389 0.000899514 0.999330878 89.182228088
0.999338627 0.003050348 -0.036235094 -2.358392000 -0.003076866 0.999995053 -0.000676085 -1.927001476 0.036232851 0.000787128 0.999343038 90.243522644
0.999389529 0.002859608 -0.034818783 -2.404057741 -0.002912862 0.999994636 -0.001478846 -1.946772456 0.034814369 0.001579366 0.999392569 91.284240723
0.999431610 0.002305748 -0.033633038 -2.441964865 -0.002412108 0.999992192 -0.003122129 -1.968451977 0.033625577 0.003201481 0.999429345 92.339965820
0.999461293 0.001646662 -0.032777391 -2.479956865 -0.001741021 0.999994397 -0.002850436 -1.989784360 0.032772515 0.002905966 0.999458611 93.386184692
0.999494374 0.001686006 -0.031751022 -2.516658306 -0.001746042 0.999996722 -0.001863203 -2.010983229 0.031747777 0.001917700 0.999494076 94.421676636
0.999531090 0.001382772 -0.030588949 -2.553325653 -0.001402870 0.999998808 -0.000635566 -2.032628059 0.030588035 0.000678180 0.999531865 95.466239929
0.999561608 0.002790145 -0.029474940 -2.587263584 -0.002785540 0.999996126 0.000197289 -2.049301863 0.029475376 -0.000115099 0.999565482 96.499015808
0.999609172 0.004100798 -0.027652154 -2.619715214 -0.004078414 0.999991298 0.000865839 -2.068158150 0.027655464 -0.000752723 0.999617219 97.534713745
0.999653995 0.004718457 -0.025877338 -2.658056974 -0.004774129 0.999986410 -0.002090025 -2.090614080 0.025867125 0.002212844 0.999662936 98.573951721
0.999691427 0.004997316 -0.024332909 -2.686598778 -0.005199096 0.999952555 -0.008236294 -2.118757963 0.024290595 0.008360261 0.999669969 99.598274231
0.999728203 0.004427921 -0.022890368 -2.719012260 -0.004743108 0.999894440 -0.013733543 -2.145858049 0.022827141 0.013838382 0.999643624 100.615585327
0.999758124 0.004289737 -0.021570576 -2.732987642 -0.004606816 0.999881744 -0.014671448 -2.179477215 0.021505088 0.014767271 0.999659657 101.635108948
0.999804795 0.006134752 -0.018781021 -2.759854078 -0.006345801 0.999917150 -0.011198447 -2.207816839 0.018710766 0.011315442 0.999760926 102.666145325
0.999868095 0.006816951 -0.014743310 -2.784161806 -0.006881621 0.999966919 -0.004340084 -2.236248016 0.014713236 0.004440970 0.999881864 103.699066162
0.999913633 0.006973360 -0.011138805 -2.795304298 -0.006961152 0.999975145 0.001134289 -2.258175373 0.011146438 -0.001056652 0.999937296 104.722938538
0.999956191 0.004654458 -0.008119158 -2.807294607 -0.004648317 0.999988914 0.000775010 -2.278593302 0.008122675 -0.000737235 0.999966741 105.738098145
0.999979317 0.002429805 -0.005950003 -2.815394402 -0.002471577 0.999972284 -0.007023379 -2.301525116 0.005932773 0.007037940 0.999957621 106.739883423
0.999988914 -0.000558290 -0.004681189 -2.813610554 0.000476923 0.999849081 -0.017364886 -2.337516546 0.004690177 0.017362460 0.999838233 107.737930298
0.999991119 -0.001195087 -0.004037395 -2.818358183 0.001100242 0.999725282 -0.023412570 -2.369863272 0.004064266 0.023407919 0.999717712 108.725784302
0.999995053 -0.000381713 -0.003125733 -2.838619947 0.000300785 0.999665797 -0.025850566 -2.408842325 0.003134556 0.025849499 0.999660909 109.726173401
0.999991179 0.002698184 -0.003215366 -2.848360300 -0.002774859 0.999706030 -0.024085628 -2.450074434 0.003149433 0.024094338 0.999704719 110.735374451
0.999991059 0.003217277 -0.002740245 -2.857133865 -0.003273442 0.999779463 -0.020744758 -2.488217354 0.002672899 0.020753542 0.999781072 111.750419617
0.999968827 0.007181838 -0.003279157 -2.870738983 -0.007229744 0.999863744 -0.014838621 -2.516215801 0.003172142 0.014861866 0.999884546 112.770889282
0.999960244 0.008056464 -0.003828089 -2.879622698 -0.008090615 0.999926865 -0.008991143 -2.543164015 0.003755372 0.009021756 0.999952257 113.818405151
0.999966264 0.006470511 -0.005055576 -2.888173819 -0.006492515 0.999969482 -0.004348114 -2.562793970 0.005027287 0.004380791 0.999977767 114.855773926
0.999953032 0.006837176 -0.006871989 -2.896379948 -0.006832447 0.999976397 0.000711345 -2.581108809 0.006876690 -0.000664359 0.999976158 115.917671204
0.999945879 0.006134864 -0.008404853 -2.908896208 -0.006083757 0.999962926 0.006092829 -2.593579054 0.008441919 -0.006041366 0.999946117 116.976821899
0.999940872 0.005365909 -0.009460694 -2.927032948 -0.005278495 0.999943376 0.009240623 -2.607958078 0.009509742 -0.009190137 0.999912560 118.039405823
0.999930620 0.002899016 -0.011416453 -2.935074806 -0.002828109 0.999976635 0.006222258 -2.613894224 0.011434224 -0.006189540 0.999915481 119.113288879
0.999923646 -0.000420714 -0.012351245 -2.948137999 0.000445108 0.999997973 0.001972340 -2.615250587 0.012350390 -0.001977687 0.999921799 120.194900513
0.999912679 -0.000399515 -0.013208299 -2.972019196 0.000312726 0.999978364 -0.006572195 -2.636923790 0.013210639 0.006567491 0.999891162 121.276557922
0.999901831 -0.003499397 -0.013569666 -2.995586157 0.003258123 0.999836922 -0.017761931 -2.652610540 0.013629610 0.017715974 0.999750137 122.371017456
0.999883354 -0.004900525 -0.014466950 -3.009773016 0.004555403 0.999706507 -0.023793275 -2.695847750 0.014579304 0.023724595 0.999612212 123.476829529
0.999871612 -0.004917059 -0.015252599 -3.028470039 0.004594322 0.999766350 -0.021122843 -2.730809212 0.015352896 0.021050055 0.999660552 124.605812073
0.999876976 -0.003817820 -0.015212663 -3.063153267 0.003574156 0.999865413 -0.016012350 -2.767606974 0.015271747 0.015956009 0.999756038 125.732849121
0.999860823 -0.005040986 -0.015902253 -3.086714506 0.004858143 0.999921918 -0.011515691 -2.791304588 0.015959060 0.011436833 0.999807239 126.867424011
0.999850333 -0.004022283 -0.016827878 -3.117757797 0.003858873 0.999945223 -0.009731931 -2.831321239 0.016866099 0.009665537 0.999811053 128.022613525
0.999832153 -0.002348656 -0.018169958 -3.146999121 0.002117015 0.999916375 -0.012757311 -2.850897789 0.018198403 0.012716703 0.999753535 129.161621094
0.999805331 -0.002016673 -0.019628247 -3.178702593 0.001713847 0.999879420 -0.015432726 -2.872432947 0.019657005 0.015396081 0.999688208 130.322052002
0.999777079 -0.001149403 -0.021083565 -3.217121840 0.000888502 0.999922991 -0.012379797 -2.906420469 0.021096172 0.012358305 0.999701083 131.500152588
0.999732435 -0.001852976 -0.023057289 -3.245385408 0.001700124 0.999976456 -0.006647084 -2.955275297 0.023069065 0.006606106 0.999712050 132.646759033
0.999683380 -0.001060091 -0.025140803 -3.274074793 0.000936536 0.999987423 -0.004925756 -2.977077007 0.025145710 0.004900651 0.999671757 133.809173584
0.999659896 -0.001231138 -0.026049642 -3.317445755 0.001117788 0.999989867 -0.004365400 -3.002410889 0.026054751 0.004334797 0.999651134 134.952575684
0.999610543 -0.001022008 -0.027886795 -3.351961374 0.000891778 0.999988616 -0.004682005 -3.028932333 0.027891263 0.004655313 0.999600112 136.107666016
0.999560416 -0.001632176 -0.029602384 -3.389467001 0.001474206 0.999984562 -0.005357464 -3.055780172 0.029610671 0.005311470 0.999547422 137.256027222
0.999524713 -0.000889170 -0.030815801 -3.439795494 0.000743617 0.999988496 -0.004734448 -3.078323603 0.030819656 0.004709282 0.999513865 138.387573242
0.999502897 0.000069754 -0.031527270 -3.485641241 -0.000159781 0.999995947 -0.002853029 -3.106269598 0.031526942 0.002856649 0.999498844 139.532501221
0.999498546 0.000585519 -0.031658571 -3.532026052 -0.000670769 0.999996185 -0.002682217 -3.126106501 0.031656880 0.002702108 0.999495149 140.665023804
0.999495089 0.001004481 -0.031756900 -3.565544128 -0.001149843 0.999988973 -0.004559414 -3.158392429 0.031751968 0.004593628 0.999485195 141.806961060
0.999478996 0.001186127 -0.032254055 -3.598894835 -0.001407912 0.999975502 -0.006854357 -3.183515310 0.032245137 0.006896197 0.999456227 142.946533203
0.999479711 0.000118354 -0.032253586 -3.649218321 -0.000302439 0.999983668 -0.005702631 -3.211388350 0.032252386 0.005709418 0.999463439 144.074981689
0.999441981 -0.000687435 -0.033396073 -3.683221579 0.000648965 0.999999106 -0.001162765 -3.236212015 0.033396840 0.001140443 0.999441504 145.191818237
0.999382973 -0.001639159 -0.035086043 -3.724993706 0.001734206 0.999994934 0.002678687 -3.253749609 0.035081472 -0.002737881 0.999380708 146.337448120
0.999326944 -0.002063720 -0.036624461 -3.775013924 0.002188918 0.999991894 0.003378649 -3.274297237 0.036617193 -0.003456543 0.999323368 147.467407227
0.999279320 -0.001284405 -0.037936725 -3.818249941 0.001344500 0.999997854 0.001558619 -3.288464069 0.037934642 -0.001608501 0.999278903 148.592559814
0.999234140 -0.000523969 -0.039126150 -3.866618395 0.000452895 0.999998212 -0.001825386 -3.316805601 0.039127041 0.001806268 0.999232590 149.709304810
0.999246359 -0.000789059 -0.038808119 -3.915094376 0.000605318 0.999988556 -0.004746140 -3.337004662 0.038811419 0.004719072 0.999235392 150.812026978
0.999278009 0.000853238 -0.037983704 -3.965139389 -0.000999495 0.999992132 -0.003831713 -3.365182877 0.037980136 0.003866911 0.999271035 151.903945923
0.999344051 0.000140325 -0.036213499 -4.009634972 -0.000233386 0.999996662 -0.002565573 -3.385739088 0.036213018 0.002572342 0.999340773 152.992050171
0.999395311 -0.000342568 -0.034769341 -4.050813675 0.000293867 0.999998987 -0.001405794 -3.409840107 0.034769788 0.001394726 0.999394357 154.063858032
0.999439836 -0.000079682 -0.033465695 -4.095228672 0.000029012 0.999998868 -0.001514563 -3.436432123 0.033465777 0.001512744 0.999438703 155.152877808
0.999486446 -0.000172508 -0.032044273 -4.130563259 0.000104210 0.999997735 -0.002133016 -3.459870338 0.032044567 0.002128581 0.999484181 156.217529297
0.999538720 0.000697429 -0.030361945 -4.170399666 -0.000749459 0.999998271 -0.001702320 -3.481194019 0.030360704 0.001724290 0.999537528 157.284698486
0.999581993 0.001637992 -0.028863477 -4.205698013 -0.001663428 0.999998271 -0.000857250 -3.501978636 0.028862022 0.000904904 0.999583006 158.335494995
0.999631524 0.002795315 -0.027000742 -4.251383781 -0.002814797 0.999995828 -0.000683538 -3.531277895 0.026998719 0.000759288 0.999635160 159.388259888
0.999655247 0.004470355 -0.025873149 -4.281931877 -0.004553357 0.999984682 -0.003149987 -3.554676294 0.025858670 0.003266710 0.999660254 160.420242310
0.999707222 0.003017907 -0.024007453 -4.313718796 -0.003117286 0.999986708 -0.004103152 -3.578933716 0.023994751 0.004176788 0.999703348 161.467437744
0.999726593 0.005492258 -0.022728059 -4.340443134 -0.005634206 0.999965012 -0.006186180 -3.607183456 0.022693288 0.006312544 0.999722540 162.527282715
0.999751627 0.007551744 -0.020966727 -4.373157501 -0.007716786 0.999939799 -0.007801900 -3.636056185 0.020906547 0.007961758 0.999749720 163.553100586
0.999803066 0.003016152 -0.019615855 -4.385954857 -0.003246227 0.999926209 -0.011707764 -3.657597780 0.019579096 0.011769135 0.999739051 164.584686279
0.999843121 0.001418643 -0.017654672 -4.407651901 -0.001591878 0.999950707 -0.009802207 -3.689699650 0.017639896 0.009828773 0.999796093 165.608474731
0.999882281 -0.000348495 -0.015339958 -4.441245556 0.000229478 0.999969840 -0.007759695 -3.714343786 0.015342199 0.007755261 0.999852240 166.624984741
0.999890625 0.000932667 -0.014760026 -4.460185051 -0.001027048 0.999979079 -0.006388078 -3.741136312 0.014753759 0.006402538 0.999870658 167.637634277
0.999894261 0.005078942 -0.013625321 -4.490483761 -0.005236752 0.999919355 -0.011571590 -3.768066883 0.013565450 0.011641719 0.999840200 168.632125854
0.999861002 0.010664474 -0.012817681 -4.521913528 -0.010900016 0.999770403 -0.018449143 -3.798076868 0.012617988 0.018586291 0.999747634 169.646804810
0.999774158 0.017149061 -0.012549741 -4.565155506 -0.017411320 0.999625862 -0.021095570 -3.839345932 0.012183277 0.021309314 0.999698699 170.676605225
0.999727428 0.019000793 -0.013566644 -4.589478016 -0.019247968 0.999646723 -0.018327439 -3.878354788 0.013213616 0.018583573 0.999740005 171.694046021
0.999664545 0.020549903 -0.015763160 -4.613744736 -0.020832488 0.999621332 -0.017977284 -3.907060146 0.015387760 0.018299639 0.999714136 172.722229004
0.999656081 0.019176165 -0.017888941 -4.645416260 -0.019465430 0.999680281 -0.016138585 -3.944249153 0.017573744 0.016481251 0.999709725 173.764389038
0.999733925 0.011875479 -0.019775068 -4.666826725 -0.012186001 0.999803185 -0.015656980 -3.973925352 0.019585241 0.015893793 0.999681830 174.784423828
0.999751151 0.008118886 -0.020778622 -4.696001530 -0.008341147 0.999908686 -0.010632392 -4.003541946 0.020690400 0.010803063 0.999727547 175.814773560
0.999710917 0.007968443 -0.022684984 -4.728153706 -0.008076757 0.999956369 -0.004687042 -4.025027275 0.022646647 0.004868907 0.999731660 176.853149414
0.999687970 0.003399115 -0.024746209 -4.751562119 -0.003266485 0.999980092 0.005398055 -4.045389652 0.024764067 -0.005315538 0.999679208 177.908111572
0.999660850 -0.000585285 -0.026035443 -4.781406403 0.000832286 0.999954760 0.009477279 -4.052560329 0.026028719 -0.009495734 0.999616086 178.962722778
0.999610722 -0.003914570 -0.027624791 -4.804015160 0.004136757 0.999959528 0.007990453 -4.064820766 0.027592395 -0.008101619 0.999586403 180.033981323
0.999551535 -0.003210968 -0.029773673 -4.834552288 0.003260256 0.999993384 0.001607041 -4.073484898 0.029768316 -0.001703390 0.999555349 181.085739136
0.999501169 -0.004088884 -0.031315610 -4.867481232 0.003933307 0.999979615 -0.005028025 -4.088325500 0.031335529 0.004902343 0.999496877 182.153488159
0.999512672 -0.001965515 -0.031153899 -4.910112381 0.001685894 0.999958098 -0.008999176 -4.108507633 0.031170283 0.008942269 0.999474108 183.247436523
0.999550819 -0.002223236 -0.029886756 -4.938414097 0.001875482 0.999930263 -0.011658754 -4.130666256 0.029910592 0.011597466 0.999485314 184.346939087
0.999559104 0.001386696 -0.029659361 -4.963113785 -0.001748773 0.999924242 -0.012185392 -4.154645920 0.029640215 0.012231886 0.999485791 185.448348999
0.999575019 -0.003197691 -0.028975660 -4.984409809 0.002813366 0.999907672 -0.013294779 -4.181632042 0.029015498 0.013207610 0.999491692 186.563583374
0.999592364 -0.002450352 -0.028444013 -5.056356430 0.002031710 0.999889314 -0.014737700 -4.210952759 0.028476978 0.014673903 0.999486744 187.651626587
0.999600291 -0.002744243 -0.028137900 -5.090965271 0.002327356 0.999887228 -0.014837900 -4.243103981 0.028175445 0.014766483 0.999493897 188.770370483
0.999605834 -0.002409541 -0.027971080 -5.118292332 0.002023055 0.999902189 -0.013837431 -4.274604321 0.028001687 0.013775390 0.999512970 189.909164429
0.999628425 0.001096402 -0.027235264 -5.160081863 -0.001441775 0.999918759 -0.012664713 -4.309519768 0.027219165 0.012699274 0.999548793 191.029159546
0.999645293 0.002678722 -0.026497236 -5.197771072 -0.002979288 0.999931574 -0.011310339 -4.335025787 0.026465125 0.011385269 0.999584913 192.176483154
0.999671161 0.001995269 -0.025565961 -5.228023052 -0.002219952 0.999959111 -0.008763019 -4.361260414 0.025547432 0.008816892 0.999634743 193.324264526
0.999698460 -0.001260390 -0.024522809 -5.262275696 0.001028739 0.999954760 -0.009456693 -4.395749092 0.024533618 0.009428615 0.999654531 194.467193604
0.999689162 -0.003301937 -0.024711132 -5.282662868 0.002952048 0.999895096 -0.014182284 -4.429945469 0.024755368 0.014104927 0.999594033 195.594757080
0.999703526 -0.003713797 -0.024064710 -5.311882019 0.003272100 0.999825954 -0.018368021 -4.463433743 0.024128735 0.018283833 0.999541640 196.720230103
0.999721110 -0.003439424 -0.023362951 -5.345137119 0.003083600 0.999878943 -0.015249260 -4.497009754 0.023412572 0.015172965 0.999610722 197.846130371
0.999740243 -0.000528402 -0.022785272 -5.377868176 0.000294542 0.999947250 -0.010265788 -4.537005424 0.022789495 0.010256411 0.999687672 198.966995239
0.999750674 0.004687013 -0.021832928 -5.419353962 -0.004864039 0.999955654 -0.008062216 -4.568073750 0.021794172 0.008166402 0.999729097 200.097015381
0.999775827 0.004620838 -0.020663995 -5.445566654 -0.004825422 0.999939740 -0.009861596 -4.593329906 0.020617180 0.009959098 0.999737859 201.215286255
0.999755204 0.007060771 -0.020968029 -5.471715927 -0.007255013 0.999931335 -0.009202115 -4.627394676 0.020901617 0.009351986 0.999737799 202.319869995
0.999764442 0.005693635 -0.020943094 -5.495041370 -0.005851148 0.999954998 -0.007467424 -4.658286572 0.020899637 0.007588206 0.999752760 203.424407959
0.999748707 0.005661858 -0.021691334 -5.521667957 -0.005843549 0.999948323 -0.008321989 -4.687127113 0.021643095 0.008446652 0.999730051 204.547561646
0.999748945 0.006261434 -0.021514433 -5.558053017 -0.006444788 0.999943435 -0.008463634 -4.718148708 0.021460220 0.008600165 0.999732733 205.633941650
0.999742150 0.006443810 -0.021772740 -5.587603569 -0.006576801 0.999960124 -0.006042064 -4.738452435 0.021732938 0.006183702 0.999744713 206.740447998
0.999742270 0.008103865 -0.021207940 -5.619494915 -0.008140762 0.999965489 -0.001654022 -4.767804623 0.021193804 0.001826244 0.999773741 207.833663940
0.999759734 0.007636956 -0.020545453 -5.645530701 -0.007635847 0.999970853 0.000132438 -4.790359497 0.020545864 0.000024476 0.999788940 208.912185669
0.999779642 0.006837367 -0.019846946 -5.669462681 -0.006820339 0.999976337 0.000925538 -4.808727264 0.019852804 -0.000789971 0.999802589 209.979400635
0.999814808 0.005224570 -0.018522667 -5.682969093 -0.005189848 0.999984682 0.001922149 -4.839074135 0.018532425 -0.001825663 0.999826610 211.010925293
0.999825537 0.007360257 -0.017166117 -5.712707043 -0.007352917 0.999972820 0.000490642 -4.863675594 0.017169263 -0.000364335 0.999852538 212.028839111
0.999858201 0.005655325 -0.015862416 -5.729021549 -0.005732581 0.999971926 -0.004829173 -4.887180805 0.015834659 0.004919421 0.999862552 213.022628784
0.999859095 0.007678811 -0.014928316 -5.749338627 -0.007792579 0.999940932 -0.007577735 -4.911700249 0.014869246 0.007692997 0.999859869 214.007675171
0.999861300 0.009271530 -0.013835595 -5.771558762 -0.009372302 0.999929905 -0.007236550 -4.940718174 0.013767531 0.007365217 0.999878109 214.981994629
0.999854863 0.009952124 -0.013826850 -5.797581673 -0.010006939 0.999942303 -0.003900870 -4.964772701 0.013787230 0.004038668 0.999896824 215.958526611
0.999861479 0.008849283 -0.014096132 -5.808272362 -0.008923010 0.999946773 -0.005176023 -4.992258549 0.014049578 0.005301086 0.999887228 216.912704468
0.999879003 0.005577823 -0.014521915 -5.818370819 -0.005684763 0.999956965 -0.007333159 -5.011473179 0.014480387 0.007414825 0.999867678 217.867584229
0.999872267 0.006438853 -0.014628671 -5.834959030 -0.006566959 0.999940336 -0.008726154 -5.037404060 0.014571612 0.008821106 0.999854922 218.805465698
0.999877512 0.007573562 -0.013696553 -5.855616093 -0.007689068 0.999935150 -0.008400285 -5.062830925 0.013632044 0.008504570 0.999870896 219.740554810
0.999897003 0.005089738 -0.013420315 -5.869367599 -0.005188595 0.999959588 -0.007341677 -5.082582474 0.013382405 0.007410553 0.999882996 220.678451538
0.999911189 0.003820659 -0.012769568 -5.877783775 -0.003915596 0.999964833 -0.007417936 -5.104601860 0.012740778 0.007467278 0.999890924 221.614166260
0.999936819 0.001049406 -0.011190011 -5.890050888 -0.001130796 0.999972939 -0.007269593 -5.128179550 0.011182079 0.007281787 0.999910951 222.552993774
0.999951422 -0.000365644 -0.009850659 -5.899849892 0.000292681 0.999972522 -0.007407268 -5.154905796 0.009853097 0.007404025 0.999924064 223.484664917
0.999957085 -0.003378539 -0.008625725 -5.894442558 0.003314753 0.999967158 -0.007398471 -5.174338341 0.008650437 0.007369561 0.999935448 224.429153442
0.999966443 -0.004979515 -0.006503094 -5.907676220 0.004926975 0.999955297 -0.008070409 -5.205032349 0.006542990 0.008038098 0.999946296 225.356338501
0.999983549 -0.003715150 -0.004370796 -5.919281483 0.003679359 0.999959886 -0.008168495 -5.224243641 0.004400967 0.008152279 0.999957085 226.274642944
0.999993622 -0.002003773 -0.002953032 -5.920539379 0.001977240 0.999957919 -0.008960631 -5.253688335 0.002970863 0.008954735 0.999955475 227.215393066
0.999959826 -0.008934993 -0.000691997 -5.916878700 0.008928059 0.999915540 -0.009447640 -5.277161121 0.000776353 0.009441082 0.999955118 228.149505615
0.999974966 -0.007075020 0.000228638 -5.917802334 0.007077730 0.999852717 -0.015634065 -5.304406166 -0.000117993 0.015635293 0.999877751 229.077301025
0.999969959 -0.007708309 0.000803880 -5.915297031 0.007726324 0.999644101 -0.025533216 -5.342857838 -0.000606776 0.025538661 0.999673665 230.003143311
0.999935627 -0.011172986 -0.001981009 -5.906950951 0.011099288 0.999361515 -0.033961356 -5.374333382 0.002359194 0.033937182 0.999421179 230.935012817
0.999907911 -0.012146333 -0.006049766 -5.921307564 0.011922337 0.999288619 -0.035778787 -5.418357849 0.006480043 0.035703365 0.999341428 231.854232788
0.999902427 -0.008398616 -0.011164494 -5.952722549 0.008048628 0.999485970 -0.031031994 -5.465768337 0.011419381 0.030939108 0.999456048 232.784408569
0.999796629 -0.006439673 -0.019110963 -5.980671883 0.005930571 0.999629140 -0.026577406 -5.499815464 0.019275025 0.026458662 0.999464035 233.731307983
0.999603212 -0.003844575 -0.027903590 -6.010956764 0.003384227 0.999857724 -0.016526327 -5.534321308 0.027963156 0.016425338 0.999473989 234.682525635
0.999352515 0.000695221 -0.035972390 -6.069069386 -0.000941199 0.999976277 -0.006821488 -5.562110424 0.035966795 0.006850929 0.999329507 235.648315430
0.999056280 0.003550003 -0.043289695 -6.118286133 -0.003532889 0.999993622 0.000471831 -5.581914425 0.043291096 -0.000318448 0.999062479 236.623199463
0.998777509 0.002494940 -0.049368385 -6.169423580 -0.002327514 0.999991357 0.003448560 -5.597975731 0.049376562 -0.003329439 0.998774707 237.595214844
0.998502314 0.003037329 -0.054624993 -6.228073120 -0.002954945 0.999994397 0.001588886 -5.607319832 0.054629512 -0.001425093 0.998505652 238.580352783
0.998349547 0.010783709 -0.056407783 -6.290947437 -0.010820844 0.999941409 -0.000352952 -5.621932030 0.056400672 0.000962749 0.998407722 239.562301636
0.998411596 0.012006126 -0.055047035 -6.351223469 -0.012332548 0.999908328 -0.005594007 -5.636062145 0.054974824 0.006263992 0.998468101 240.557403564
0.998627245 0.009552306 -0.051501155 -6.405577660 -0.009860371 0.999934971 -0.005730941 -5.653106689 0.051443059 0.006230895 0.998656511 241.575057983
0.998806894 0.005796700 -0.048488624 -6.463412762 -0.006186699 0.999949694 -0.007896886 -5.674128056 0.048440408 0.008187450 0.998792529 242.614562988
0.998906732 0.002554850 -0.046677276 -6.512839794 -0.002972658 0.999956131 -0.008883787 -5.692981243 0.046652529 0.009012830 0.998870492 243.644515991
0.998987198 -0.002404728 -0.044931404 -6.549093246 0.001827140 0.999915242 -0.012891517 -5.720814705 0.044958595 0.012796365 0.998906910 244.699447632
0.999031603 -0.003382540 -0.043868043 -6.593607903 0.002622312 0.999845564 -0.017375864 -5.745349407 0.043920044 0.017244002 0.998886228 245.750457764
0.999123752 -0.003221594 -0.041729506 -6.643421650 0.002403635 0.999804318 -0.019636812 -5.779015541 0.041784603 0.019519303 0.998935938 246.829055786
0.999180913 -0.001991126 -0.040417016 -6.700643063 0.001266105 0.999837995 -0.017956180 -5.812269211 0.040446222 0.017890301 0.999021530 247.910964966
0.999209821 -0.000105155 -0.039746411 -6.740478039 -0.000443539 0.999904752 -0.013795805 -5.838924408 0.039744075 0.013802533 0.999114573 249.020187378
0.999241054 0.000790598 -0.038945101 -6.789613247 -0.001197705 0.999944866 -0.010431144 -5.871231556 0.038934708 0.010469872 0.999186933 250.134445190
0.999286532 -0.002024611 -0.037713308 -6.835369587 0.001675534 0.999955475 -0.009285373 -5.892189026 0.037730429 0.009215558 0.999245465 251.265121460
0.999299109 -0.005041320 -0.037092030 -6.868933201 0.004688728 0.999943078 -0.009586724 -5.923369408 0.037138246 0.009406091 0.999265850 252.420593262
0.999302208 -0.008831096 -0.036292173 -6.912521839 0.008363103 0.999880195 -0.013026812 -5.948316097 0.036402863 0.012714207 0.999256313 253.568023682
0.999293685 -0.008665952 -0.036565881 -6.953612328 0.008034446 0.999816656 -0.017382098 -5.979313374 0.036709808 0.017076034 0.999180079 254.733871460
0.999270916 -0.011276250 -0.036475774 -6.993716717 0.010541252 0.999738753 -0.020280251 -6.015880108 0.036694929 0.019880965 0.999128759 255.897918701
0.999321342 -0.008037710 -0.035947844 -7.048153877 0.007435986 0.999830544 -0.016841291 -6.050075531 0.036077116 0.016562553 0.999211729 257.062408447
0.999361217 -0.006002241 -0.035229165 -7.103503227 0.005622319 0.999925077 -0.010873479 -6.084761620 0.035291791 0.010668464 0.999320090 258.229034424
0.999361396 -0.006678061 -0.035101932 -7.140634537 0.006434035 0.999954402 -0.007060286 -6.119070053 0.035147477 0.006829930 0.999358773 259.437042236
0.999378204 -0.004877613 -0.034919586 -7.185345650 0.004718452 0.999978125 -0.004638901 -6.146119595 0.034941450 0.004471250 0.999379337 260.626647949
0.999400496 -0.003985029 -0.034391545 -7.236011982 0.003832800 0.999982595 -0.004491145 -6.174752712 0.034408841 0.004356637 0.999398351 261.799621582
0.999405801 -0.003040690 -0.034333561 -7.283451557 0.002908006 0.999988139 -0.003913830 -6.197886467 0.034345053 0.003811662 0.999402761 262.972625732
0.999417007 -0.001240166 -0.034118358 -7.327529907 0.000997705 0.999974132 -0.007122554 -6.231241703 0.034126308 0.007084361 0.999392390 264.142425537
0.999420822 -0.003740676 -0.033823684 -7.364166737 0.003403032 0.999943852 -0.010034529 -6.257427216 0.033859324 0.009913615 0.999377429 265.310455322
0.999421716 -0.003089100 -0.033863459 -7.407839775 0.002664929 0.999917507 -0.012563917 -6.293523788 0.033899475 0.012466407 0.999347508 266.461303711
0.999439716 -0.003687881 -0.033266179 -7.451697826 0.003232498 0.999900460 -0.013732476 -6.327736378 0.033313513 0.013617249 0.999352157 267.613769531
0.999419928 -0.007954866 -0.033113174 -7.485612392 0.007574170 0.999903977 -0.011606396 -6.359835625 0.033202324 0.011348859 0.999384224 268.770324707
0.999425411 -0.008885106 -0.032708593 -7.528805733 0.008679414 0.999941707 -0.006425226 -6.393780708 0.032763775 0.006137643 0.999444306 269.911651611
0.999440968 -0.006758430 -0.032742996 -7.566031933 0.006664802 0.999973357 -0.002967775 -6.425396919 0.032762181 0.002747891 0.999459386 271.066284180
0.999454200 -0.004062755 -0.032784395 -7.605915546 0.003896581 0.999979258 -0.005131006 -6.453888416 0.032804560 0.005000459 0.999449253 272.197387695
0.999494970 -0.000567010 -0.031771902 -7.665313244 0.000279355 0.999958932 -0.009057465 -6.477121830 0.031775735 0.009044016 0.999454081 273.341796875
0.999512792 0.004008801 -0.030953193 -7.706826687 -0.004300348 0.999946952 -0.009358147 -6.514611721 0.030914037 0.009486698 0.999477029 274.444458008
0.999528944 0.005060014 -0.030271186 -7.757104874 -0.005331840 0.999946117 -0.008905730 -6.538609505 0.030224491 0.009062937 0.999502063 275.605102539
0.999513686 0.005001925 -0.030779539 -7.797127724 -0.005226492 0.999960303 -0.007219855 -6.574024677 0.030742202 0.007377212 0.999500096 276.724365234
0.999494851 0.002291467 -0.031699307 -7.827740192 -0.002444497 0.999985516 -0.004789642 -6.598179817 0.031687871 0.004864711 0.999485970 277.835235596
0.999453545 0.001080023 -0.033036795 -7.869539738 -0.001139782 0.999997735 -0.001790083 -6.624666214 0.033034787 0.001826760 0.999452531 278.926910400
0.999412239 0.000275488 -0.034280021 -7.905859947 -0.000328125 0.999998748 -0.001529876 -6.657656670 0.034279559 0.001540225 0.999411106 280.024383545
0.999369383 0.000823357 -0.035499234 -7.952170372 -0.000972901 0.999990702 -0.004195530 -6.683151245 0.035495453 0.004227422 0.999360919 281.086303711
0.999316514 0.001777259 -0.036923036 -7.991291046 -0.001992685 0.999981225 -0.005798474 -6.708928585 0.036912035 0.005868087 0.999301314 282.138244629
0.999271035 0.003237089 -0.038039017 -8.043354034 -0.003450369 0.999978662 -0.005542553 -6.737273693 0.038020264 0.005669762 0.999260902 283.175231934
0.999210536 0.003007092 -0.039614581 -8.082731247 -0.003166823 0.999987125 -0.003969980 -6.764770985 0.039602131 0.004092298 0.999207139 284.198669434
0.999159515 0.002687836 -0.040902138 -8.132635117 -0.002675322 0.999996364 0.000360683 -6.789497375 0.040902957 -0.000250953 0.999163091 285.203521729
0.999108970 0.003306122 -0.042074647 -8.176661491 -0.003041358 0.999975204 0.006355192 -6.812685966 0.042094614 -0.006221565 0.999094248 286.205413818
0.999070704 0.002987595 -0.042998251 -8.220124245 -0.002604565 0.999956429 0.008961305 -6.828998566 0.043023150 -0.008840986 0.999034941 287.176300049
0.999038815 0.003716565 -0.043676287 -8.263476372 -0.003440677 0.999973655 0.006390128 -6.847709656 0.043698888 -0.006233710 0.999025285 288.142791748
0.999025166 0.004394914 -0.043924801 -8.318870544 -0.004355513 0.999990046 0.000992648 -6.864392757 0.043928728 -0.000800365 0.999034345 289.093139648
0.998997509 0.003373648 -0.044638097 -8.365097046 -0.003511142 0.999989331 -0.003002140 -6.879841328 0.044627491 0.003155861 0.998998702 290.037841797
0.998972774 0.001976360 -0.045270741 -8.406752586 -0.002148233 0.999990642 -0.003748204 -6.896780014 0.045262910 0.003841606 0.998967707 291.005706787
0.998964667 0.001922421 -0.045452569 -8.457412720 -0.002081799 0.999991834 -0.003459382 -6.916528225 0.045445550 0.003550424 0.998960495 291.956390381
0.998972774 0.002446327 -0.045248643 -8.501811028 -0.002545560 0.999994457 -0.002135566 -6.945140362 0.045243170 0.002248555 0.998973489 292.879089355
0.999045849 0.004593248 -0.043431364 -8.559740067 -0.004699135 0.999986231 -0.002336254 -6.965030670 0.043420035 0.002538115 0.999053657 293.818237305
0.999105573 0.007074654 -0.041689653 -8.597373962 -0.007281872 0.999961853 -0.004820747 -6.992412090 0.041653957 0.005120014 0.999118984 294.746124268
0.999151409 0.010326657 -0.039872676 -8.646347046 -0.010783290 0.999878526 -0.011254219 -7.012741089 0.039751615 0.011674628 0.999141395 295.682464600
0.999200463 0.013211152 -0.037735023 -8.678469658 -0.013811901 0.999781311 -0.015704125 -7.038957119 0.037519298 0.016212761 0.999164402 296.613708496
0.999253273 0.015165963 -0.035536673 -8.717103958 -0.015831763 0.999702930 -0.018529650 -7.066739082 0.035245098 0.019078420 0.999196589 297.540649414
0.999293864 0.018066918 -0.032944746 -8.752881050 -0.018666249 0.999664187 -0.017976085 -7.094862461 0.032608908 0.018578345 0.999295533 298.474578857
0.999357700 0.020295052 -0.029534759 -8.795862198 -0.020810813 0.999634385 -0.017261453 -7.128495216 0.029173641 0.017865008 0.999414682 299.404327393
0.999428093 0.020743508 -0.026704742 -8.821676254 -0.021145089 0.999666214 -0.014844234 -7.158688068 0.026387906 0.015400419 0.999533117 300.342468262
0.999583066 0.017075649 -0.023283154 -8.847329140 -0.017410712 0.999746680 -0.014264917 -7.186462402 0.023033671 0.014664346 0.999627113 301.276184082
0.999654233 0.017022047 -0.020042356 -8.874952316 -0.017264543 0.999779046 -0.011989001 -7.215226173 0.019833852 0.012330878 0.999727249 302.218841553
0.999736309 0.015661150 -0.016795654 -8.888626099 -0.015859228 0.999805450 -0.011725739 -7.243130207 0.016608749 0.011989012 0.999790192 303.169158936
0.999798000 0.014749495 -0.013653697 -8.903291702 -0.014893194 0.999834120 -0.010483394 -7.270054817 0.013496808 0.010684624 0.999851823 304.122131348
0.999833882 0.015009876 -0.010340977 -8.914523125 -0.015098221 0.999849737 -0.008518691 -7.286145687 0.010211558 0.008673406 0.999910235 305.090423584
0.999839962 0.016597843 -0.006678540 -8.927951813 -0.016631950 0.999848723 -0.005084478 -7.310828686 0.006593138 0.005194742 0.999964774 306.048980713
0.999824405 0.018525487 -0.002818458 -8.937827110 -0.018537527 0.999818861 -0.004307386 -7.331358910 0.002738151 0.004358876 0.999986768 307.021759033
0.999811351 0.019414833 0.000553999 -8.934548378 -0.019409422 0.999775410 -0.008506618 -7.346470833 -0.000719030 0.008494262 0.999963641 308.004547119
0.999801040 0.019377254 0.004736778 -8.939233780 -0.019319519 0.999742031 -0.011944764 -7.359321117 -0.004967013 0.011850875 0.999917448 309.007568359
0.999821603 0.016571088 0.009061377 -8.936690331 -0.016483540 0.999817550 -0.009652381 -7.376778603 -0.009219673 0.009501296 0.999912381 310.012115479
0.999807596 0.014734151 0.012948131 -8.918011665 -0.014657680 0.999874651 -0.005981166 -7.401087761 -0.013034636 0.005790226 0.999898255 311.023437500
0.999785960 0.012402755 0.016560229 -8.898427010 -0.012230174 0.999870241 -0.010482380 -7.423334122 -0.016688090 0.010277602 0.999807894 312.069610596
0.999712169 0.012449418 0.020509083 -8.887650490 -0.012033442 0.999721885 -0.020282570 -7.443391323 -0.020755885 0.020029938 0.999583900 313.097534180
0.999634504 0.011637606 0.024401831 -8.866203308 -0.011014842 0.999614060 -0.025502099 -7.477705956 -0.024689196 0.025223996 0.999376893 314.140838623
0.999509513 0.012293266 0.028802946 -8.842343330 -0.011634196 0.999669194 -0.022938950 -7.516296864 -0.029075410 0.022592600 0.999321878 315.189392090
0.999362946 0.013149840 0.033178400 -8.816154480 -0.012629182 0.999794543 -0.015853751 -7.547706604 -0.033380058 0.015424635 0.999323726 316.257415771
0.999202847 0.013263362 0.037653241 -8.781288147 -0.012729200 0.999815404 -0.014390830 -7.583292484 -0.037837159 0.013900063 0.999187231 317.325012207
0.999032199 0.013302315 0.041925702 -8.739296913 -0.012551872 0.999757171 -0.018112075 -7.613038540 -0.042156454 0.017568300 0.998956561 318.401763916
0.998839557 0.013539983 0.046219513 -8.697886467 -0.012556024 0.999689698 -0.021513181 -7.650692463 -0.046496462 0.020907883 0.998699605 319.484588623
0.998621047 0.014488674 0.050459139 -8.651618004 -0.013256607 0.999607801 -0.024666807 -7.688889503 -0.050796740 0.023963876 0.998421490 320.573699951
0.998408020 0.014305163 0.054559436 -8.596475601 -0.012854496 0.999556899 -0.026847642 -7.735090733 -0.054919317 0.026103567 0.998149514 321.670349121
0.998178840 0.014897195 0.058455560 -8.524020195 -0.013366834 0.999559879 -0.026484156 -7.780176640 -0.058824372 0.025654560 0.997938633 322.767364502
0.997885048 0.015092725 0.063227005 -8.463404655 -0.013793351 0.999685645 -0.020937283 -7.818519115 -0.063523129 0.020020889 0.997779548 323.875488281
0.997649074 0.013988525 0.067086488 -8.382883072 -0.012967689 0.999793768 -0.015628142 -7.857810497 -0.067291267 0.014721445 0.997624755 325.004882812
0.997368276 0.013202101 0.071289927 -8.307222366 -0.012279221 0.999835253 -0.013368229 -7.890570641 -0.071454674 0.012457662 0.997366071 326.141235352
0.997128665 0.011941703 0.074778467 -8.223170280 -0.011015168 0.999857545 -0.012790605 -7.912096024 -0.074920557 0.011930183 0.997118115 327.282318115
0.996902406 0.009081434 0.078122586 -8.135776520 -0.008112353 0.999886274 -0.012713049 -7.949042320 -0.078229152 0.012039911 0.996862710 328.407653809
0.996777356 0.006931752 0.079918034 -8.041801453 -0.005685178 0.999858797 -0.015815163 -7.992436886 -0.080016375 0.015309847 0.996675968 329.558258057
0.996718287 0.007148509 0.080632329 -7.953467846 -0.005493398 0.999770045 -0.020729838 -8.022564888 -0.080761977 0.020218864 0.996528327 330.708709717
0.996629775 0.007480692 0.081688985 -7.861740589 -0.005623287 0.999720931 -0.022943966 -8.060967445 -0.081837825 0.022407278 0.996393740 331.860137939
0.996578157 0.007672191 0.082299247 -7.769716263 -0.005911340 0.999748826 -0.021618091 -8.099022865 -0.082444429 0.021057619 0.996373177 333.027648926
0.996493042 0.008015051 0.083290927 -7.685618401 -0.006541828 0.999817550 -0.017945575 -8.143745422 -0.083419569 0.017337766 0.996363699 334.186981201
0.996437490 0.006770818 0.084062561 -7.598300934 -0.005371441 0.999843419 -0.016861875 -8.176389694 -0.084163569 0.016350267 0.996317804 335.366424561
0.996447861 0.004994865 0.084063850 -7.498497009 -0.003470642 0.999827087 -0.018268114 -8.209720612 -0.084140562 0.017911468 0.996292889 336.554779053
0.996494353 0.004075955 0.083561055 -7.398696899 -0.002426870 0.999800503 -0.019827176 -8.253714561 -0.083625197 0.019554878 0.996305406 337.752349854
0.996539176 0.002946353 0.083072506 -7.304796219 -0.001260574 0.999792337 -0.020338016 -8.293724060 -0.083115183 0.020162910 0.996335924 338.956054688
0.996576369 0.003011575 0.082622677 -7.212686539 -0.001471000 0.999824047 -0.018700453 -8.333665848 -0.082664460 0.018514892 0.996405423 340.160400391
0.996608615 0.001337127 0.082276545 -7.116051674 -0.000152104 0.999896169 -0.014407509 -8.377031326 -0.082287267 0.014346134 0.996505380 341.348663330
0.996674418 -0.000630098 0.081484467 -7.022413731 0.001451232 0.999948740 -0.010018359 -8.410880089 -0.081473984 0.010103296 0.996624231 342.545074463
0.996757090 -0.000928589 0.080463603 -6.924943924 0.001618865 0.999962449 -0.008513931 -8.447228432 -0.080452673 0.008616581 0.996721208 343.745422363
0.996823430 -0.002413134 0.079606436 -6.830909252 0.003270965 0.999937952 -0.010647262 -8.474922180 -0.079575807 0.010873831 0.996769488 344.932006836
0.996871948 -0.000719214 0.079030082 -6.745855331 0.001709663 0.999920845 -0.012465602 -8.517759323 -0.079014860 0.012561725 0.996794283 346.130249023
0.996962070 0.001977894 0.077863842 -6.669101238 -0.000872685 0.999898434 -0.014225595 -8.550957680 -0.077884063 0.014114427 0.996862531 347.300140381
0.997063935 0.003090289 0.076511540 -6.585300922 -0.001987006 0.999893010 -0.014491762 -8.595546722 -0.076548137 0.014297184 0.996963382 348.486511230
0.997161388 0.002525907 0.075251371 -6.499295235 -0.001483730 0.999902248 -0.013901968 -8.634129524 -0.075279132 0.013750854 0.997067690 349.676025391
0.997245014 0.003647252 0.074088372 -6.416781902 -0.002698074 0.999913037 -0.012907472 -8.669754982 -0.074129008 0.012672016 0.997168124 350.855346680
0.997313142 0.004878677 0.073093615 -6.343420506 -0.003946700 0.999909163 -0.012889476 -8.706852913 -0.073149852 0.012566366 0.997241795 352.041900635
0.997419000 0.006920031 0.071466580 -6.255382061 -0.005917923 0.999881327 -0.014224295 -8.746602058 -0.071556531 0.013764648 0.997341573 353.208282471
0.997460723 0.008249510 0.070739321 -6.192902565 -0.007236581 0.999867737 -0.014563527 -8.782103539 -0.070850104 0.014014635 0.997388542 354.381378174
0.997583210 0.008424011 0.068969697 -6.111960411 -0.007551974 0.999888361 -0.012894765 -8.824873924 -0.069070615 0.012342745 0.997535408 355.551971436
0.997763515 0.007399870 0.066431955 -6.034146309 -0.006558449 0.999895632 -0.012875060 -8.869598389 -0.066520296 0.012410575 0.997707903 356.712799072
0.997891188 0.006940493 0.064536594 -5.969803333 -0.005815739 0.999828219 -0.017599719 -8.911069870 -0.064647660 0.017187275 0.997760117 357.868988037
0.998068690 0.004332156 0.061968848 -5.898558617 -0.002965761 0.999750793 -0.022124715 -8.944712639 -0.062049255 0.021898201 0.997832835 359.017639160
0.998195052 0.000084226 0.060055170 -5.826016426 0.001010706 0.999833822 -0.018201500 -8.988690376 -0.060046721 0.018229345 0.998029113 360.163269043
0.998281717 -0.000004896 0.058596652 -5.767776489 0.000427919 0.999973953 -0.007206685 -9.021885872 -0.058595087 0.007219377 0.998255730 361.311035156
0.998317540 0.001345524 0.057968255 -5.714618206 -0.001402747 0.999998569 0.000946466 -9.048811913 -0.057966899 -0.001026188 0.998317957 362.456970215
0.998351693 0.002233926 0.057348851 -5.659862995 -0.002439045 0.999990880 0.003506945 -9.071703911 -0.057340492 -0.003641041 0.998348057 363.582458496
0.998339474 0.009043583 0.056890078 -5.614847660 -0.009047235 0.999959052 -0.000193358 -9.090324402 -0.056889497 -0.000321661 0.998380423 364.692413330
0.998317361 0.015032056 0.056004122 -5.569344044 -0.014577198 0.999857426 -0.008521561 -9.121652603 -0.056124233 0.007690839 0.998394191 365.804321289
0.998327971 0.017997175 0.054930590 -5.515337944 -0.017271463 0.999757528 -0.013657751 -9.155069351 -0.055163071 0.012686184 0.998396754 366.898956299
0.998263776 0.021148488 0.054974761 -5.468324184 -0.020484999 0.999710679 -0.012604668 -9.186815262 -0.055225424 0.011456625 0.998408198 368.010833740
0.998231232 0.024304314 0.054255955 -5.422202110 -0.023874842 0.999678373 -0.008549943 -9.218021393 -0.054446306 0.007239467 0.998490453 369.107055664
0.998217285 0.026557563 0.053450804 -5.377985954 -0.026282255 0.999637485 -0.005847140 -9.241535187 -0.053586714 0.004431908 0.998553336 370.212707520
0.998289287 0.027004391 0.051858440 -5.324197769 -0.026794031 0.999629676 -0.004747481 -9.268651962 -0.051967442 0.003349863 0.998643160 371.312164307
0.998340607 0.028641028 0.049957588 -5.281924248 -0.028380413 0.999579668 -0.005918441 -9.299806595 -0.050106101 0.004490803 0.998733819 372.389312744
